[2026-09-15T11:00:42.883+0000] {processor.py:161} INFO - Started process (PID=321) to work on /opt/airflow/dags/data_extracter.py
[2026-09-15T11:00:42.884+0000] {processor.py:830} INFO - Processing file /opt/airflow/dags/data_extracter.py for tasks to queue
[2026-09-15T11:00:42.887+0000] {logging_mixin.py:188} INFO - [2026-09-15T11:00:42.886+0000] {dagbag.py:545} INFO - Filling up the DagBag from /opt/airflow/dags/data_extracter.py
[2026-09-15T11:00:42.900+0000] {logging_mixin.py:188} INFO - [2026-09-15T11:00:42.898+0000] {dagbag.py:355} ERROR - Failed to import: /opt/airflow/dags/data_extracter.py
Traceback (most recent call last):
  File "/home/airflow/.local/lib/python3.10/site-packages/airflow/models/dagbag.py", line 351, in parse
    loader.exec_module(new_module)
  File "<frozen importlib._bootstrap_external>", line 883, in exec_module
  File "<frozen importlib._bootstrap>", line 241, in _call_with_frames_removed
  File "/opt/airflow/dags/data_extracter.py", line 1, in <module>
    from airflow.sdk import DAG
ModuleNotFoundError: No module named 'airflow.sdk'
[2026-09-15T11:00:42.901+0000] {processor.py:842} WARNING - No viable dags retrieved from /opt/airflow/dags/data_extracter.py
[2026-09-15T11:00:42.951+0000] {processor.py:183} INFO - Processing /opt/airflow/dags/data_extracter.py took 0.090 seconds
[2026-09-15T11:01:13.470+0000] {processor.py:161} INFO - Started process (PID=328) to work on /opt/airflow/dags/data_extracter.py
[2026-09-15T11:01:13.471+0000] {processor.py:830} INFO - Processing file /opt/airflow/dags/data_extracter.py for tasks to queue
[2026-09-15T11:01:13.474+0000] {logging_mixin.py:188} INFO - [2026-09-15T11:01:13.474+0000] {dagbag.py:545} INFO - Filling up the DagBag from /opt/airflow/dags/data_extracter.py
[2026-09-15T11:01:13.478+0000] {logging_mixin.py:188} INFO - [2026-09-15T11:01:13.477+0000] {dagbag.py:355} ERROR - Failed to import: /opt/airflow/dags/data_extracter.py
Traceback (most recent call last):
  File "/home/airflow/.local/lib/python3.10/site-packages/airflow/models/dagbag.py", line 351, in parse
    loader.exec_module(new_module)
  File "<frozen importlib._bootstrap_external>", line 883, in exec_module
  File "<frozen importlib._bootstrap>", line 241, in _call_with_frames_removed
  File "/opt/airflow/dags/data_extracter.py", line 1, in <module>
    from airflow.sdk import DAG
ModuleNotFoundError: No module named 'airflow.sdk'
[2026-09-15T11:01:13.478+0000] {processor.py:842} WARNING - No viable dags retrieved from /opt/airflow/dags/data_extracter.py
[2026-09-15T11:01:13.504+0000] {processor.py:183} INFO - Processing /opt/airflow/dags/data_extracter.py took 0.043 seconds
[2026-09-15T11:01:44.114+0000] {processor.py:161} INFO - Started process (PID=335) to work on /opt/airflow/dags/data_extracter.py
[2026-09-15T11:01:44.119+0000] {processor.py:830} INFO - Processing file /opt/airflow/dags/data_extracter.py for tasks to queue
[2026-09-15T11:01:44.122+0000] {logging_mixin.py:188} INFO - [2026-09-15T11:01:44.122+0000] {dagbag.py:545} INFO - Filling up the DagBag from /opt/airflow/dags/data_extracter.py
[2026-09-15T11:01:44.124+0000] {logging_mixin.py:188} INFO - [2026-09-15T11:01:44.124+0000] {dagbag.py:355} ERROR - Failed to import: /opt/airflow/dags/data_extracter.py
Traceback (most recent call last):
  File "/home/airflow/.local/lib/python3.10/site-packages/airflow/models/dagbag.py", line 351, in parse
    loader.exec_module(new_module)
  File "<frozen importlib._bootstrap_external>", line 883, in exec_module
  File "<frozen importlib._bootstrap>", line 241, in _call_with_frames_removed
  File "/opt/airflow/dags/data_extracter.py", line 1, in <module>
    from airflow.sdk import DAG
ModuleNotFoundError: No module named 'airflow.sdk'
[2026-09-15T11:01:44.125+0000] {processor.py:842} WARNING - No viable dags retrieved from /opt/airflow/dags/data_extracter.py
[2026-09-15T11:01:44.148+0000] {processor.py:183} INFO - Processing /opt/airflow/dags/data_extracter.py took 0.043 seconds
[2026-09-15T11:02:15.121+0000] {processor.py:161} INFO - Started process (PID=342) to work on /opt/airflow/dags/data_extracter.py
[2026-09-15T11:02:15.122+0000] {processor.py:830} INFO - Processing file /opt/airflow/dags/data_extracter.py for tasks to queue
[2026-09-15T11:02:15.125+0000] {logging_mixin.py:188} INFO - [2026-09-15T11:02:15.125+0000] {dagbag.py:545} INFO - Filling up the DagBag from /opt/airflow/dags/data_extracter.py
[2026-09-15T11:02:15.128+0000] {logging_mixin.py:188} INFO - [2026-09-15T11:02:15.128+0000] {dagbag.py:355} ERROR - Failed to import: /opt/airflow/dags/data_extracter.py
Traceback (most recent call last):
  File "/home/airflow/.local/lib/python3.10/site-packages/airflow/models/dagbag.py", line 351, in parse
    loader.exec_module(new_module)
  File "<frozen importlib._bootstrap_external>", line 883, in exec_module
  File "<frozen importlib._bootstrap>", line 241, in _call_with_frames_removed
  File "/opt/airflow/dags/data_extracter.py", line 1, in <module>
    from airflow.sdk import DAG
ModuleNotFoundError: No module named 'airflow.sdk'
[2026-09-15T11:02:15.129+0000] {processor.py:842} WARNING - No viable dags retrieved from /opt/airflow/dags/data_extracter.py
[2026-09-15T11:02:15.154+0000] {processor.py:183} INFO - Processing /opt/airflow/dags/data_extracter.py took 0.041 seconds
[2026-09-15T11:02:45.745+0000] {processor.py:161} INFO - Started process (PID=349) to work on /opt/airflow/dags/data_extracter.py
[2026-09-15T11:02:45.750+0000] {processor.py:830} INFO - Processing file /opt/airflow/dags/data_extracter.py for tasks to queue
[2026-09-15T11:02:45.752+0000] {logging_mixin.py:188} INFO - [2026-09-15T11:02:45.752+0000] {dagbag.py:545} INFO - Filling up the DagBag from /opt/airflow/dags/data_extracter.py
[2026-09-15T11:02:45.756+0000] {logging_mixin.py:188} INFO - [2026-09-15T11:02:45.755+0000] {dagbag.py:355} ERROR - Failed to import: /opt/airflow/dags/data_extracter.py
Traceback (most recent call last):
  File "/home/airflow/.local/lib/python3.10/site-packages/airflow/models/dagbag.py", line 351, in parse
    loader.exec_module(new_module)
  File "<frozen importlib._bootstrap_external>", line 883, in exec_module
  File "<frozen importlib._bootstrap>", line 241, in _call_with_frames_removed
  File "/opt/airflow/dags/data_extracter.py", line 1, in <module>
    from airflow.sdk import DAG
ModuleNotFoundError: No module named 'airflow.sdk'
[2026-09-15T11:02:45.756+0000] {processor.py:842} WARNING - No viable dags retrieved from /opt/airflow/dags/data_extracter.py
[2026-09-15T11:02:45.785+0000] {processor.py:183} INFO - Processing /opt/airflow/dags/data_extracter.py took 0.049 seconds
[2026-09-15T11:03:16.358+0000] {processor.py:161} INFO - Started process (PID=356) to work on /opt/airflow/dags/data_extracter.py
[2026-09-15T11:03:16.364+0000] {processor.py:830} INFO - Processing file /opt/airflow/dags/data_extracter.py for tasks to queue
[2026-09-15T11:03:16.367+0000] {logging_mixin.py:188} INFO - [2026-09-15T11:03:16.367+0000] {dagbag.py:545} INFO - Filling up the DagBag from /opt/airflow/dags/data_extracter.py
[2026-09-15T11:03:16.371+0000] {logging_mixin.py:188} INFO - [2026-09-15T11:03:16.370+0000] {dagbag.py:355} ERROR - Failed to import: /opt/airflow/dags/data_extracter.py
Traceback (most recent call last):
  File "/home/airflow/.local/lib/python3.10/site-packages/airflow/models/dagbag.py", line 351, in parse
    loader.exec_module(new_module)
  File "<frozen importlib._bootstrap_external>", line 883, in exec_module
  File "<frozen importlib._bootstrap>", line 241, in _call_with_frames_removed
  File "/opt/airflow/dags/data_extracter.py", line 1, in <module>
    from airflow.sdk import DAG
ModuleNotFoundError: No module named 'airflow.sdk'
[2026-09-15T11:03:16.371+0000] {processor.py:842} WARNING - No viable dags retrieved from /opt/airflow/dags/data_extracter.py
[2026-09-15T11:03:16.396+0000] {processor.py:183} INFO - Processing /opt/airflow/dags/data_extracter.py took 0.046 seconds
[2026-09-15T11:03:46.993+0000] {processor.py:161} INFO - Started process (PID=363) to work on /opt/airflow/dags/data_extracter.py
[2026-09-15T11:03:46.998+0000] {processor.py:830} INFO - Processing file /opt/airflow/dags/data_extracter.py for tasks to queue
[2026-09-15T11:03:47.001+0000] {logging_mixin.py:188} INFO - [2026-09-15T11:03:47.000+0000] {dagbag.py:545} INFO - Filling up the DagBag from /opt/airflow/dags/data_extracter.py
[2026-09-15T11:03:47.004+0000] {logging_mixin.py:188} INFO - [2026-09-15T11:03:47.003+0000] {dagbag.py:355} ERROR - Failed to import: /opt/airflow/dags/data_extracter.py
Traceback (most recent call last):
  File "/home/airflow/.local/lib/python3.10/site-packages/airflow/models/dagbag.py", line 351, in parse
    loader.exec_module(new_module)
  File "<frozen importlib._bootstrap_external>", line 883, in exec_module
  File "<frozen importlib._bootstrap>", line 241, in _call_with_frames_removed
  File "/opt/airflow/dags/data_extracter.py", line 1, in <module>
    from airflow.sdk import DAG
ModuleNotFoundError: No module named 'airflow.sdk'
[2026-09-15T11:03:47.005+0000] {processor.py:842} WARNING - No viable dags retrieved from /opt/airflow/dags/data_extracter.py
[2026-09-15T11:03:47.031+0000] {processor.py:183} INFO - Processing /opt/airflow/dags/data_extracter.py took 0.046 seconds
[2026-09-15T11:04:17.582+0000] {processor.py:161} INFO - Started process (PID=370) to work on /opt/airflow/dags/data_extracter.py
[2026-09-15T11:04:17.587+0000] {processor.py:830} INFO - Processing file /opt/airflow/dags/data_extracter.py for tasks to queue
[2026-09-15T11:04:17.591+0000] {logging_mixin.py:188} INFO - [2026-09-15T11:04:17.590+0000] {dagbag.py:545} INFO - Filling up the DagBag from /opt/airflow/dags/data_extracter.py
[2026-09-15T11:04:17.606+0000] {logging_mixin.py:188} INFO - [2026-09-15T11:04:17.605+0000] {dagbag.py:355} ERROR - Failed to import: /opt/airflow/dags/data_extracter.py
Traceback (most recent call last):
  File "/home/airflow/.local/lib/python3.10/site-packages/airflow/models/dagbag.py", line 351, in parse
    loader.exec_module(new_module)
  File "<frozen importlib._bootstrap_external>", line 883, in exec_module
  File "<frozen importlib._bootstrap>", line 241, in _call_with_frames_removed
  File "/opt/airflow/dags/data_extracter.py", line 1, in <module>
    from airflow.sdk import DAG
ModuleNotFoundError: No module named 'airflow.sdk'
[2026-09-15T11:04:17.607+0000] {processor.py:842} WARNING - No viable dags retrieved from /opt/airflow/dags/data_extracter.py
[2026-09-15T11:04:17.642+0000] {processor.py:183} INFO - Processing /opt/airflow/dags/data_extracter.py took 0.076 seconds
[2026-09-15T11:04:48.200+0000] {processor.py:161} INFO - Started process (PID=377) to work on /opt/airflow/dags/data_extracter.py
[2026-09-15T11:04:48.205+0000] {processor.py:830} INFO - Processing file /opt/airflow/dags/data_extracter.py for tasks to queue
[2026-09-15T11:04:48.207+0000] {logging_mixin.py:188} INFO - [2026-09-15T11:04:48.207+0000] {dagbag.py:545} INFO - Filling up the DagBag from /opt/airflow/dags/data_extracter.py
[2026-09-15T11:04:48.210+0000] {logging_mixin.py:188} INFO - [2026-09-15T11:04:48.209+0000] {dagbag.py:355} ERROR - Failed to import: /opt/airflow/dags/data_extracter.py
Traceback (most recent call last):
  File "/home/airflow/.local/lib/python3.10/site-packages/airflow/models/dagbag.py", line 351, in parse
    loader.exec_module(new_module)
  File "<frozen importlib._bootstrap_external>", line 883, in exec_module
  File "<frozen importlib._bootstrap>", line 241, in _call_with_frames_removed
  File "/opt/airflow/dags/data_extracter.py", line 1, in <module>
    from airflow.sdk import DAG
ModuleNotFoundError: No module named 'airflow.sdk'
[2026-09-15T11:04:48.210+0000] {processor.py:842} WARNING - No viable dags retrieved from /opt/airflow/dags/data_extracter.py
[2026-09-15T11:04:48.231+0000] {processor.py:183} INFO - Processing /opt/airflow/dags/data_extracter.py took 0.037 seconds
[2026-09-15T11:05:18.786+0000] {processor.py:161} INFO - Started process (PID=384) to work on /opt/airflow/dags/data_extracter.py
[2026-09-15T11:05:18.792+0000] {processor.py:830} INFO - Processing file /opt/airflow/dags/data_extracter.py for tasks to queue
[2026-09-15T11:05:18.794+0000] {logging_mixin.py:188} INFO - [2026-09-15T11:05:18.794+0000] {dagbag.py:545} INFO - Filling up the DagBag from /opt/airflow/dags/data_extracter.py
[2026-09-15T11:05:18.798+0000] {logging_mixin.py:188} INFO - [2026-09-15T11:05:18.797+0000] {dagbag.py:355} ERROR - Failed to import: /opt/airflow/dags/data_extracter.py
Traceback (most recent call last):
  File "/home/airflow/.local/lib/python3.10/site-packages/airflow/models/dagbag.py", line 351, in parse
    loader.exec_module(new_module)
  File "<frozen importlib._bootstrap_external>", line 883, in exec_module
  File "<frozen importlib._bootstrap>", line 241, in _call_with_frames_removed
  File "/opt/airflow/dags/data_extracter.py", line 1, in <module>
    from airflow.sdk import DAG
ModuleNotFoundError: No module named 'airflow.sdk'
[2026-09-15T11:05:18.799+0000] {processor.py:842} WARNING - No viable dags retrieved from /opt/airflow/dags/data_extracter.py
[2026-09-15T11:05:18.825+0000] {processor.py:183} INFO - Processing /opt/airflow/dags/data_extracter.py took 0.047 seconds
[2026-09-15T11:05:49.467+0000] {processor.py:161} INFO - Started process (PID=391) to work on /opt/airflow/dags/data_extracter.py
[2026-09-15T11:05:49.472+0000] {processor.py:830} INFO - Processing file /opt/airflow/dags/data_extracter.py for tasks to queue
[2026-09-15T11:05:49.475+0000] {logging_mixin.py:188} INFO - [2026-09-15T11:05:49.474+0000] {dagbag.py:545} INFO - Filling up the DagBag from /opt/airflow/dags/data_extracter.py
[2026-09-15T11:05:49.479+0000] {logging_mixin.py:188} INFO - [2026-09-15T11:05:49.478+0000] {dagbag.py:355} ERROR - Failed to import: /opt/airflow/dags/data_extracter.py
Traceback (most recent call last):
  File "/home/airflow/.local/lib/python3.10/site-packages/airflow/models/dagbag.py", line 351, in parse
    loader.exec_module(new_module)
  File "<frozen importlib._bootstrap_external>", line 883, in exec_module
  File "<frozen importlib._bootstrap>", line 241, in _call_with_frames_removed
  File "/opt/airflow/dags/data_extracter.py", line 1, in <module>
    from airflow.sdk import DAG
ModuleNotFoundError: No module named 'airflow.sdk'
[2026-09-15T11:05:49.479+0000] {processor.py:842} WARNING - No viable dags retrieved from /opt/airflow/dags/data_extracter.py
[2026-09-15T11:05:49.504+0000] {processor.py:183} INFO - Processing /opt/airflow/dags/data_extracter.py took 0.044 seconds
[2026-09-15T11:06:20.078+0000] {processor.py:161} INFO - Started process (PID=404) to work on /opt/airflow/dags/data_extracter.py
[2026-09-15T11:06:20.083+0000] {processor.py:830} INFO - Processing file /opt/airflow/dags/data_extracter.py for tasks to queue
[2026-09-15T11:06:20.086+0000] {logging_mixin.py:188} INFO - [2026-09-15T11:06:20.085+0000] {dagbag.py:545} INFO - Filling up the DagBag from /opt/airflow/dags/data_extracter.py
[2026-09-15T11:06:20.089+0000] {logging_mixin.py:188} INFO - [2026-09-15T11:06:20.088+0000] {dagbag.py:355} ERROR - Failed to import: /opt/airflow/dags/data_extracter.py
Traceback (most recent call last):
  File "/home/airflow/.local/lib/python3.10/site-packages/airflow/models/dagbag.py", line 351, in parse
    loader.exec_module(new_module)
  File "<frozen importlib._bootstrap_external>", line 883, in exec_module
  File "<frozen importlib._bootstrap>", line 241, in _call_with_frames_removed
  File "/opt/airflow/dags/data_extracter.py", line 1, in <module>
    from airflow.sdk import DAG
ModuleNotFoundError: No module named 'airflow.sdk'
[2026-09-15T11:06:20.089+0000] {processor.py:842} WARNING - No viable dags retrieved from /opt/airflow/dags/data_extracter.py
[2026-09-15T11:06:20.112+0000] {processor.py:183} INFO - Processing /opt/airflow/dags/data_extracter.py took 0.041 seconds
[2026-09-15T11:06:50.716+0000] {processor.py:161} INFO - Started process (PID=411) to work on /opt/airflow/dags/data_extracter.py
[2026-09-15T11:06:50.721+0000] {processor.py:830} INFO - Processing file /opt/airflow/dags/data_extracter.py for tasks to queue
[2026-09-15T11:06:50.723+0000] {logging_mixin.py:188} INFO - [2026-09-15T11:06:50.723+0000] {dagbag.py:545} INFO - Filling up the DagBag from /opt/airflow/dags/data_extracter.py
[2026-09-15T11:06:50.726+0000] {logging_mixin.py:188} INFO - [2026-09-15T11:06:50.726+0000] {dagbag.py:355} ERROR - Failed to import: /opt/airflow/dags/data_extracter.py
Traceback (most recent call last):
  File "/home/airflow/.local/lib/python3.10/site-packages/airflow/models/dagbag.py", line 351, in parse
    loader.exec_module(new_module)
  File "<frozen importlib._bootstrap_external>", line 883, in exec_module
  File "<frozen importlib._bootstrap>", line 241, in _call_with_frames_removed
  File "/opt/airflow/dags/data_extracter.py", line 1, in <module>
    from airflow.sdk import DAG
ModuleNotFoundError: No module named 'airflow.sdk'
[2026-09-15T11:06:50.727+0000] {processor.py:842} WARNING - No viable dags retrieved from /opt/airflow/dags/data_extracter.py
[2026-09-15T11:06:50.749+0000] {processor.py:183} INFO - Processing /opt/airflow/dags/data_extracter.py took 0.040 seconds
[2026-09-15T11:07:21.307+0000] {processor.py:161} INFO - Started process (PID=418) to work on /opt/airflow/dags/data_extracter.py
[2026-09-15T11:07:21.312+0000] {processor.py:830} INFO - Processing file /opt/airflow/dags/data_extracter.py for tasks to queue
[2026-09-15T11:07:21.314+0000] {logging_mixin.py:188} INFO - [2026-09-15T11:07:21.314+0000] {dagbag.py:545} INFO - Filling up the DagBag from /opt/airflow/dags/data_extracter.py
[2026-09-15T11:07:21.317+0000] {logging_mixin.py:188} INFO - [2026-09-15T11:07:21.317+0000] {dagbag.py:355} ERROR - Failed to import: /opt/airflow/dags/data_extracter.py
Traceback (most recent call last):
  File "/home/airflow/.local/lib/python3.10/site-packages/airflow/models/dagbag.py", line 351, in parse
    loader.exec_module(new_module)
  File "<frozen importlib._bootstrap_external>", line 883, in exec_module
  File "<frozen importlib._bootstrap>", line 241, in _call_with_frames_removed
  File "/opt/airflow/dags/data_extracter.py", line 1, in <module>
    from airflow.sdk import DAG
ModuleNotFoundError: No module named 'airflow.sdk'
[2026-09-15T11:07:21.318+0000] {processor.py:842} WARNING - No viable dags retrieved from /opt/airflow/dags/data_extracter.py
[2026-09-15T11:07:21.343+0000] {processor.py:183} INFO - Processing /opt/airflow/dags/data_extracter.py took 0.044 seconds
[2026-09-15T11:07:51.953+0000] {processor.py:161} INFO - Started process (PID=425) to work on /opt/airflow/dags/data_extracter.py
[2026-09-15T11:07:51.957+0000] {processor.py:830} INFO - Processing file /opt/airflow/dags/data_extracter.py for tasks to queue
[2026-09-15T11:07:51.960+0000] {logging_mixin.py:188} INFO - [2026-09-15T11:07:51.959+0000] {dagbag.py:545} INFO - Filling up the DagBag from /opt/airflow/dags/data_extracter.py
[2026-09-15T11:07:51.963+0000] {logging_mixin.py:188} INFO - [2026-09-15T11:07:51.962+0000] {dagbag.py:355} ERROR - Failed to import: /opt/airflow/dags/data_extracter.py
Traceback (most recent call last):
  File "/home/airflow/.local/lib/python3.10/site-packages/airflow/models/dagbag.py", line 351, in parse
    loader.exec_module(new_module)
  File "<frozen importlib._bootstrap_external>", line 883, in exec_module
  File "<frozen importlib._bootstrap>", line 241, in _call_with_frames_removed
  File "/opt/airflow/dags/data_extracter.py", line 1, in <module>
    from airflow.sdk import DAG
ModuleNotFoundError: No module named 'airflow.sdk'
[2026-09-15T11:07:51.963+0000] {processor.py:842} WARNING - No viable dags retrieved from /opt/airflow/dags/data_extracter.py
[2026-09-15T11:07:51.997+0000] {processor.py:183} INFO - Processing /opt/airflow/dags/data_extracter.py took 0.052 seconds
[2026-09-15T11:08:22.935+0000] {processor.py:161} INFO - Started process (PID=432) to work on /opt/airflow/dags/data_extracter.py
[2026-09-15T11:08:22.940+0000] {processor.py:830} INFO - Processing file /opt/airflow/dags/data_extracter.py for tasks to queue
[2026-09-15T11:08:22.942+0000] {logging_mixin.py:188} INFO - [2026-09-15T11:08:22.942+0000] {dagbag.py:545} INFO - Filling up the DagBag from /opt/airflow/dags/data_extracter.py
[2026-09-15T11:08:22.944+0000] {logging_mixin.py:188} INFO - [2026-09-15T11:08:22.944+0000] {dagbag.py:355} ERROR - Failed to import: /opt/airflow/dags/data_extracter.py
Traceback (most recent call last):
  File "/home/airflow/.local/lib/python3.10/site-packages/airflow/models/dagbag.py", line 351, in parse
    loader.exec_module(new_module)
  File "<frozen importlib._bootstrap_external>", line 883, in exec_module
  File "<frozen importlib._bootstrap>", line 241, in _call_with_frames_removed
  File "/opt/airflow/dags/data_extracter.py", line 1, in <module>
    from airflow.sdk import DAG
ModuleNotFoundError: No module named 'airflow.sdk'
[2026-09-15T11:08:22.945+0000] {processor.py:842} WARNING - No viable dags retrieved from /opt/airflow/dags/data_extracter.py
[2026-09-15T11:08:22.967+0000] {processor.py:183} INFO - Processing /opt/airflow/dags/data_extracter.py took 0.039 seconds
[2026-09-15T11:08:53.517+0000] {processor.py:161} INFO - Started process (PID=439) to work on /opt/airflow/dags/data_extracter.py
[2026-09-15T11:08:53.522+0000] {processor.py:830} INFO - Processing file /opt/airflow/dags/data_extracter.py for tasks to queue
[2026-09-15T11:08:53.524+0000] {logging_mixin.py:188} INFO - [2026-09-15T11:08:53.523+0000] {dagbag.py:545} INFO - Filling up the DagBag from /opt/airflow/dags/data_extracter.py
[2026-09-15T11:08:53.528+0000] {logging_mixin.py:188} INFO - [2026-09-15T11:08:53.527+0000] {dagbag.py:355} ERROR - Failed to import: /opt/airflow/dags/data_extracter.py
Traceback (most recent call last):
  File "/home/airflow/.local/lib/python3.10/site-packages/airflow/models/dagbag.py", line 351, in parse
    loader.exec_module(new_module)
  File "<frozen importlib._bootstrap_external>", line 883, in exec_module
  File "<frozen importlib._bootstrap>", line 241, in _call_with_frames_removed
  File "/opt/airflow/dags/data_extracter.py", line 1, in <module>
    from airflow.sdk import DAG
ModuleNotFoundError: No module named 'airflow.sdk'
[2026-09-15T11:08:53.529+0000] {processor.py:842} WARNING - No viable dags retrieved from /opt/airflow/dags/data_extracter.py
[2026-09-15T11:08:53.552+0000] {processor.py:183} INFO - Processing /opt/airflow/dags/data_extracter.py took 0.041 seconds
[2026-09-15T11:09:24.151+0000] {processor.py:161} INFO - Started process (PID=446) to work on /opt/airflow/dags/data_extracter.py
[2026-09-15T11:09:24.156+0000] {processor.py:830} INFO - Processing file /opt/airflow/dags/data_extracter.py for tasks to queue
[2026-09-15T11:09:24.159+0000] {logging_mixin.py:188} INFO - [2026-09-15T11:09:24.158+0000] {dagbag.py:545} INFO - Filling up the DagBag from /opt/airflow/dags/data_extracter.py
[2026-09-15T11:09:24.163+0000] {logging_mixin.py:188} INFO - [2026-09-15T11:09:24.162+0000] {dagbag.py:355} ERROR - Failed to import: /opt/airflow/dags/data_extracter.py
Traceback (most recent call last):
  File "/home/airflow/.local/lib/python3.10/site-packages/airflow/models/dagbag.py", line 351, in parse
    loader.exec_module(new_module)
  File "<frozen importlib._bootstrap_external>", line 883, in exec_module
  File "<frozen importlib._bootstrap>", line 241, in _call_with_frames_removed
  File "/opt/airflow/dags/data_extracter.py", line 1, in <module>
    from airflow.sdk import DAG
ModuleNotFoundError: No module named 'airflow.sdk'
[2026-09-15T11:09:24.163+0000] {processor.py:842} WARNING - No viable dags retrieved from /opt/airflow/dags/data_extracter.py
[2026-09-15T11:09:24.191+0000] {processor.py:183} INFO - Processing /opt/airflow/dags/data_extracter.py took 0.048 seconds
[2026-09-15T11:09:54.658+0000] {processor.py:161} INFO - Started process (PID=453) to work on /opt/airflow/dags/data_extracter.py
[2026-09-15T11:09:54.664+0000] {processor.py:830} INFO - Processing file /opt/airflow/dags/data_extracter.py for tasks to queue
[2026-09-15T11:09:54.667+0000] {logging_mixin.py:188} INFO - [2026-09-15T11:09:54.666+0000] {dagbag.py:545} INFO - Filling up the DagBag from /opt/airflow/dags/data_extracter.py
[2026-09-15T11:09:54.673+0000] {logging_mixin.py:188} INFO - [2026-09-15T11:09:54.671+0000] {dagbag.py:355} ERROR - Failed to import: /opt/airflow/dags/data_extracter.py
Traceback (most recent call last):
  File "/home/airflow/.local/lib/python3.10/site-packages/airflow/models/dagbag.py", line 351, in parse
    loader.exec_module(new_module)
  File "<frozen importlib._bootstrap_external>", line 883, in exec_module
  File "<frozen importlib._bootstrap>", line 241, in _call_with_frames_removed
  File "/opt/airflow/dags/data_extracter.py", line 1, in <module>
    from airflow.sdk import DAG
ModuleNotFoundError: No module named 'airflow.sdk'
[2026-09-15T11:09:54.673+0000] {processor.py:842} WARNING - No viable dags retrieved from /opt/airflow/dags/data_extracter.py
[2026-09-15T11:09:54.709+0000] {processor.py:183} INFO - Processing /opt/airflow/dags/data_extracter.py took 0.061 seconds
[2026-09-15T11:10:25.258+0000] {processor.py:161} INFO - Started process (PID=460) to work on /opt/airflow/dags/data_extracter.py
[2026-09-15T11:10:25.260+0000] {processor.py:830} INFO - Processing file /opt/airflow/dags/data_extracter.py for tasks to queue
[2026-09-15T11:10:25.262+0000] {logging_mixin.py:188} INFO - [2026-09-15T11:10:25.262+0000] {dagbag.py:545} INFO - Filling up the DagBag from /opt/airflow/dags/data_extracter.py
[2026-09-15T11:10:25.266+0000] {logging_mixin.py:188} INFO - [2026-09-15T11:10:25.265+0000] {dagbag.py:355} ERROR - Failed to import: /opt/airflow/dags/data_extracter.py
Traceback (most recent call last):
  File "/home/airflow/.local/lib/python3.10/site-packages/airflow/models/dagbag.py", line 351, in parse
    loader.exec_module(new_module)
  File "<frozen importlib._bootstrap_external>", line 883, in exec_module
  File "<frozen importlib._bootstrap>", line 241, in _call_with_frames_removed
  File "/opt/airflow/dags/data_extracter.py", line 1, in <module>
    from airflow.sdk import DAG
ModuleNotFoundError: No module named 'airflow.sdk'
[2026-09-15T11:10:25.267+0000] {processor.py:842} WARNING - No viable dags retrieved from /opt/airflow/dags/data_extracter.py
[2026-09-15T11:10:25.291+0000] {processor.py:183} INFO - Processing /opt/airflow/dags/data_extracter.py took 0.042 seconds
[2026-09-15T11:10:55.839+0000] {processor.py:161} INFO - Started process (PID=467) to work on /opt/airflow/dags/data_extracter.py
[2026-09-15T11:10:55.844+0000] {processor.py:830} INFO - Processing file /opt/airflow/dags/data_extracter.py for tasks to queue
[2026-09-15T11:10:55.847+0000] {logging_mixin.py:188} INFO - [2026-09-15T11:10:55.846+0000] {dagbag.py:545} INFO - Filling up the DagBag from /opt/airflow/dags/data_extracter.py
[2026-09-15T11:10:55.851+0000] {logging_mixin.py:188} INFO - [2026-09-15T11:10:55.850+0000] {dagbag.py:355} ERROR - Failed to import: /opt/airflow/dags/data_extracter.py
Traceback (most recent call last):
  File "/home/airflow/.local/lib/python3.10/site-packages/airflow/models/dagbag.py", line 351, in parse
    loader.exec_module(new_module)
  File "<frozen importlib._bootstrap_external>", line 883, in exec_module
  File "<frozen importlib._bootstrap>", line 241, in _call_with_frames_removed
  File "/opt/airflow/dags/data_extracter.py", line 1, in <module>
    from airflow.sdk import DAG
ModuleNotFoundError: No module named 'airflow.sdk'
[2026-09-15T11:10:55.851+0000] {processor.py:842} WARNING - No viable dags retrieved from /opt/airflow/dags/data_extracter.py
[2026-09-15T11:10:55.878+0000] {processor.py:183} INFO - Processing /opt/airflow/dags/data_extracter.py took 0.049 seconds
[2026-09-15T11:11:26.474+0000] {processor.py:161} INFO - Started process (PID=474) to work on /opt/airflow/dags/data_extracter.py
[2026-09-15T11:11:26.480+0000] {processor.py:830} INFO - Processing file /opt/airflow/dags/data_extracter.py for tasks to queue
[2026-09-15T11:11:26.482+0000] {logging_mixin.py:188} INFO - [2026-09-15T11:11:26.482+0000] {dagbag.py:545} INFO - Filling up the DagBag from /opt/airflow/dags/data_extracter.py
[2026-09-15T11:11:26.486+0000] {logging_mixin.py:188} INFO - [2026-09-15T11:11:26.486+0000] {dagbag.py:355} ERROR - Failed to import: /opt/airflow/dags/data_extracter.py
Traceback (most recent call last):
  File "/home/airflow/.local/lib/python3.10/site-packages/airflow/models/dagbag.py", line 351, in parse
    loader.exec_module(new_module)
  File "<frozen importlib._bootstrap_external>", line 883, in exec_module
  File "<frozen importlib._bootstrap>", line 241, in _call_with_frames_removed
  File "/opt/airflow/dags/data_extracter.py", line 1, in <module>
    from airflow.sdk import DAG
ModuleNotFoundError: No module named 'airflow.sdk'
[2026-09-15T11:11:26.487+0000] {processor.py:842} WARNING - No viable dags retrieved from /opt/airflow/dags/data_extracter.py
[2026-09-15T11:11:26.515+0000] {processor.py:183} INFO - Processing /opt/airflow/dags/data_extracter.py took 0.051 seconds
[2026-09-15T11:11:57.064+0000] {processor.py:161} INFO - Started process (PID=481) to work on /opt/airflow/dags/data_extracter.py
[2026-09-15T11:11:57.066+0000] {processor.py:830} INFO - Processing file /opt/airflow/dags/data_extracter.py for tasks to queue
[2026-09-15T11:11:57.068+0000] {logging_mixin.py:188} INFO - [2026-09-15T11:11:57.067+0000] {dagbag.py:545} INFO - Filling up the DagBag from /opt/airflow/dags/data_extracter.py
[2026-09-15T11:11:57.071+0000] {logging_mixin.py:188} INFO - [2026-09-15T11:11:57.071+0000] {dagbag.py:355} ERROR - Failed to import: /opt/airflow/dags/data_extracter.py
Traceback (most recent call last):
  File "/home/airflow/.local/lib/python3.10/site-packages/airflow/models/dagbag.py", line 351, in parse
    loader.exec_module(new_module)
  File "<frozen importlib._bootstrap_external>", line 883, in exec_module
  File "<frozen importlib._bootstrap>", line 241, in _call_with_frames_removed
  File "/opt/airflow/dags/data_extracter.py", line 1, in <module>
    from airflow.sdk import DAG
ModuleNotFoundError: No module named 'airflow.sdk'
[2026-09-15T11:11:57.072+0000] {processor.py:842} WARNING - No viable dags retrieved from /opt/airflow/dags/data_extracter.py
[2026-09-15T11:11:57.096+0000] {processor.py:183} INFO - Processing /opt/airflow/dags/data_extracter.py took 0.041 seconds
[2026-09-15T11:12:27.743+0000] {processor.py:161} INFO - Started process (PID=488) to work on /opt/airflow/dags/data_extracter.py
[2026-09-15T11:12:27.749+0000] {processor.py:830} INFO - Processing file /opt/airflow/dags/data_extracter.py for tasks to queue
[2026-09-15T11:12:27.752+0000] {logging_mixin.py:188} INFO - [2026-09-15T11:12:27.751+0000] {dagbag.py:545} INFO - Filling up the DagBag from /opt/airflow/dags/data_extracter.py
[2026-09-15T11:12:27.756+0000] {logging_mixin.py:188} INFO - [2026-09-15T11:12:27.755+0000] {dagbag.py:355} ERROR - Failed to import: /opt/airflow/dags/data_extracter.py
Traceback (most recent call last):
  File "/home/airflow/.local/lib/python3.10/site-packages/airflow/models/dagbag.py", line 351, in parse
    loader.exec_module(new_module)
  File "<frozen importlib._bootstrap_external>", line 883, in exec_module
  File "<frozen importlib._bootstrap>", line 241, in _call_with_frames_removed
  File "/opt/airflow/dags/data_extracter.py", line 1, in <module>
    from airflow.sdk import DAG
ModuleNotFoundError: No module named 'airflow.sdk'
[2026-09-15T11:12:27.756+0000] {processor.py:842} WARNING - No viable dags retrieved from /opt/airflow/dags/data_extracter.py
[2026-09-15T11:12:27.782+0000] {processor.py:183} INFO - Processing /opt/airflow/dags/data_extracter.py took 0.047 seconds
[2026-09-15T11:12:58.272+0000] {processor.py:161} INFO - Started process (PID=501) to work on /opt/airflow/dags/data_extracter.py
[2026-09-15T11:12:58.275+0000] {processor.py:830} INFO - Processing file /opt/airflow/dags/data_extracter.py for tasks to queue
[2026-09-15T11:12:58.277+0000] {logging_mixin.py:188} INFO - [2026-09-15T11:12:58.277+0000] {dagbag.py:545} INFO - Filling up the DagBag from /opt/airflow/dags/data_extracter.py
[2026-09-15T11:12:58.281+0000] {logging_mixin.py:188} INFO - [2026-09-15T11:12:58.280+0000] {dagbag.py:355} ERROR - Failed to import: /opt/airflow/dags/data_extracter.py
Traceback (most recent call last):
  File "/home/airflow/.local/lib/python3.10/site-packages/airflow/models/dagbag.py", line 351, in parse
    loader.exec_module(new_module)
  File "<frozen importlib._bootstrap_external>", line 883, in exec_module
  File "<frozen importlib._bootstrap>", line 241, in _call_with_frames_removed
  File "/opt/airflow/dags/data_extracter.py", line 1, in <module>
    from airflow.sdk import DAG
ModuleNotFoundError: No module named 'airflow.sdk'
[2026-09-15T11:12:58.281+0000] {processor.py:842} WARNING - No viable dags retrieved from /opt/airflow/dags/data_extracter.py
[2026-09-15T11:12:58.309+0000] {processor.py:183} INFO - Processing /opt/airflow/dags/data_extracter.py took 0.044 seconds
[2026-09-15T11:13:28.926+0000] {processor.py:161} INFO - Started process (PID=508) to work on /opt/airflow/dags/data_extracter.py
[2026-09-15T11:13:28.931+0000] {processor.py:830} INFO - Processing file /opt/airflow/dags/data_extracter.py for tasks to queue
[2026-09-15T11:13:28.933+0000] {logging_mixin.py:188} INFO - [2026-09-15T11:13:28.932+0000] {dagbag.py:545} INFO - Filling up the DagBag from /opt/airflow/dags/data_extracter.py
[2026-09-15T11:13:28.936+0000] {logging_mixin.py:188} INFO - [2026-09-15T11:13:28.935+0000] {dagbag.py:355} ERROR - Failed to import: /opt/airflow/dags/data_extracter.py
Traceback (most recent call last):
  File "/home/airflow/.local/lib/python3.10/site-packages/airflow/models/dagbag.py", line 351, in parse
    loader.exec_module(new_module)
  File "<frozen importlib._bootstrap_external>", line 883, in exec_module
  File "<frozen importlib._bootstrap>", line 241, in _call_with_frames_removed
  File "/opt/airflow/dags/data_extracter.py", line 1, in <module>
    from airflow.sdk import DAG
ModuleNotFoundError: No module named 'airflow.sdk'
[2026-09-15T11:13:28.936+0000] {processor.py:842} WARNING - No viable dags retrieved from /opt/airflow/dags/data_extracter.py
[2026-09-15T11:13:28.963+0000] {processor.py:183} INFO - Processing /opt/airflow/dags/data_extracter.py took 0.044 seconds
[2026-09-15T11:13:59.481+0000] {processor.py:161} INFO - Started process (PID=515) to work on /opt/airflow/dags/data_extracter.py
[2026-09-15T11:13:59.486+0000] {processor.py:830} INFO - Processing file /opt/airflow/dags/data_extracter.py for tasks to queue
[2026-09-15T11:13:59.488+0000] {logging_mixin.py:188} INFO - [2026-09-15T11:13:59.488+0000] {dagbag.py:545} INFO - Filling up the DagBag from /opt/airflow/dags/data_extracter.py
[2026-09-15T11:13:59.491+0000] {logging_mixin.py:188} INFO - [2026-09-15T11:13:59.491+0000] {dagbag.py:355} ERROR - Failed to import: /opt/airflow/dags/data_extracter.py
Traceback (most recent call last):
  File "/home/airflow/.local/lib/python3.10/site-packages/airflow/models/dagbag.py", line 351, in parse
    loader.exec_module(new_module)
  File "<frozen importlib._bootstrap_external>", line 883, in exec_module
  File "<frozen importlib._bootstrap>", line 241, in _call_with_frames_removed
  File "/opt/airflow/dags/data_extracter.py", line 1, in <module>
    from airflow.sdk import DAG
ModuleNotFoundError: No module named 'airflow.sdk'
[2026-09-15T11:13:59.492+0000] {processor.py:842} WARNING - No viable dags retrieved from /opt/airflow/dags/data_extracter.py
[2026-09-15T11:13:59.531+0000] {processor.py:183} INFO - Processing /opt/airflow/dags/data_extracter.py took 0.058 seconds
[2026-09-15T11:14:30.226+0000] {processor.py:161} INFO - Started process (PID=522) to work on /opt/airflow/dags/data_extracter.py
[2026-09-15T11:14:30.232+0000] {processor.py:830} INFO - Processing file /opt/airflow/dags/data_extracter.py for tasks to queue
[2026-09-15T11:14:30.234+0000] {logging_mixin.py:188} INFO - [2026-09-15T11:14:30.233+0000] {dagbag.py:545} INFO - Filling up the DagBag from /opt/airflow/dags/data_extracter.py
[2026-09-15T11:14:30.238+0000] {logging_mixin.py:188} INFO - [2026-09-15T11:14:30.237+0000] {dagbag.py:355} ERROR - Failed to import: /opt/airflow/dags/data_extracter.py
Traceback (most recent call last):
  File "/home/airflow/.local/lib/python3.10/site-packages/airflow/models/dagbag.py", line 351, in parse
    loader.exec_module(new_module)
  File "<frozen importlib._bootstrap_external>", line 883, in exec_module
  File "<frozen importlib._bootstrap>", line 241, in _call_with_frames_removed
  File "/opt/airflow/dags/data_extracter.py", line 1, in <module>
    from airflow.sdk import DAG
ModuleNotFoundError: No module named 'airflow.sdk'
[2026-09-15T11:14:30.238+0000] {processor.py:842} WARNING - No viable dags retrieved from /opt/airflow/dags/data_extracter.py
[2026-09-15T11:14:30.263+0000] {processor.py:183} INFO - Processing /opt/airflow/dags/data_extracter.py took 0.043 seconds
[2026-09-15T11:15:01.075+0000] {processor.py:161} INFO - Started process (PID=529) to work on /opt/airflow/dags/data_extracter.py
[2026-09-15T11:15:01.081+0000] {processor.py:830} INFO - Processing file /opt/airflow/dags/data_extracter.py for tasks to queue
[2026-09-15T11:15:01.083+0000] {logging_mixin.py:188} INFO - [2026-09-15T11:15:01.083+0000] {dagbag.py:545} INFO - Filling up the DagBag from /opt/airflow/dags/data_extracter.py
[2026-09-15T11:15:01.086+0000] {logging_mixin.py:188} INFO - [2026-09-15T11:15:01.086+0000] {dagbag.py:355} ERROR - Failed to import: /opt/airflow/dags/data_extracter.py
Traceback (most recent call last):
  File "/home/airflow/.local/lib/python3.10/site-packages/airflow/models/dagbag.py", line 351, in parse
    loader.exec_module(new_module)
  File "<frozen importlib._bootstrap_external>", line 883, in exec_module
  File "<frozen importlib._bootstrap>", line 241, in _call_with_frames_removed
  File "/opt/airflow/dags/data_extracter.py", line 1, in <module>
    from airflow.sdk import DAG
ModuleNotFoundError: No module named 'airflow.sdk'
[2026-09-15T11:15:01.087+0000] {processor.py:842} WARNING - No viable dags retrieved from /opt/airflow/dags/data_extracter.py
[2026-09-15T11:15:01.112+0000] {processor.py:183} INFO - Processing /opt/airflow/dags/data_extracter.py took 0.046 seconds
[2026-09-15T11:15:31.605+0000] {processor.py:161} INFO - Started process (PID=536) to work on /opt/airflow/dags/data_extracter.py
[2026-09-15T11:15:31.606+0000] {processor.py:830} INFO - Processing file /opt/airflow/dags/data_extracter.py for tasks to queue
[2026-09-15T11:15:31.608+0000] {logging_mixin.py:188} INFO - [2026-09-15T11:15:31.608+0000] {dagbag.py:545} INFO - Filling up the DagBag from /opt/airflow/dags/data_extracter.py
[2026-09-15T11:15:31.612+0000] {logging_mixin.py:188} INFO - [2026-09-15T11:15:31.611+0000] {dagbag.py:355} ERROR - Failed to import: /opt/airflow/dags/data_extracter.py
Traceback (most recent call last):
  File "/home/airflow/.local/lib/python3.10/site-packages/airflow/models/dagbag.py", line 351, in parse
    loader.exec_module(new_module)
  File "<frozen importlib._bootstrap_external>", line 883, in exec_module
  File "<frozen importlib._bootstrap>", line 241, in _call_with_frames_removed
  File "/opt/airflow/dags/data_extracter.py", line 1, in <module>
    from airflow.sdk import DAG
ModuleNotFoundError: No module named 'airflow.sdk'
[2026-09-15T11:15:31.612+0000] {processor.py:842} WARNING - No viable dags retrieved from /opt/airflow/dags/data_extracter.py
[2026-09-15T11:15:31.637+0000] {processor.py:183} INFO - Processing /opt/airflow/dags/data_extracter.py took 0.039 seconds
[2026-09-15T11:16:02.229+0000] {processor.py:161} INFO - Started process (PID=543) to work on /opt/airflow/dags/data_extracter.py
[2026-09-15T11:16:02.234+0000] {processor.py:830} INFO - Processing file /opt/airflow/dags/data_extracter.py for tasks to queue
[2026-09-15T11:16:02.236+0000] {logging_mixin.py:188} INFO - [2026-09-15T11:16:02.236+0000] {dagbag.py:545} INFO - Filling up the DagBag from /opt/airflow/dags/data_extracter.py
[2026-09-15T11:16:02.239+0000] {logging_mixin.py:188} INFO - [2026-09-15T11:16:02.238+0000] {dagbag.py:355} ERROR - Failed to import: /opt/airflow/dags/data_extracter.py
Traceback (most recent call last):
  File "/home/airflow/.local/lib/python3.10/site-packages/airflow/models/dagbag.py", line 351, in parse
    loader.exec_module(new_module)
  File "<frozen importlib._bootstrap_external>", line 883, in exec_module
  File "<frozen importlib._bootstrap>", line 241, in _call_with_frames_removed
  File "/opt/airflow/dags/data_extracter.py", line 1, in <module>
    from airflow.sdk import DAG
ModuleNotFoundError: No module named 'airflow.sdk'
[2026-09-15T11:16:02.239+0000] {processor.py:842} WARNING - No viable dags retrieved from /opt/airflow/dags/data_extracter.py
[2026-09-15T11:16:02.262+0000] {processor.py:183} INFO - Processing /opt/airflow/dags/data_extracter.py took 0.040 seconds
[2026-09-15T11:16:32.842+0000] {processor.py:161} INFO - Started process (PID=550) to work on /opt/airflow/dags/data_extracter.py
[2026-09-15T11:16:32.843+0000] {processor.py:830} INFO - Processing file /opt/airflow/dags/data_extracter.py for tasks to queue
[2026-09-15T11:16:32.845+0000] {logging_mixin.py:188} INFO - [2026-09-15T11:16:32.845+0000] {dagbag.py:545} INFO - Filling up the DagBag from /opt/airflow/dags/data_extracter.py
[2026-09-15T11:16:32.848+0000] {logging_mixin.py:188} INFO - [2026-09-15T11:16:32.847+0000] {dagbag.py:355} ERROR - Failed to import: /opt/airflow/dags/data_extracter.py
Traceback (most recent call last):
  File "/home/airflow/.local/lib/python3.10/site-packages/airflow/models/dagbag.py", line 351, in parse
    loader.exec_module(new_module)
  File "<frozen importlib._bootstrap_external>", line 883, in exec_module
  File "<frozen importlib._bootstrap>", line 241, in _call_with_frames_removed
  File "/opt/airflow/dags/data_extracter.py", line 1, in <module>
    from airflow.sdk import DAG
ModuleNotFoundError: No module named 'airflow.sdk'
[2026-09-15T11:16:32.848+0000] {processor.py:842} WARNING - No viable dags retrieved from /opt/airflow/dags/data_extracter.py
[2026-09-15T11:16:32.872+0000] {processor.py:183} INFO - Processing /opt/airflow/dags/data_extracter.py took 0.036 seconds
[2026-09-15T11:17:03.490+0000] {processor.py:161} INFO - Started process (PID=557) to work on /opt/airflow/dags/data_extracter.py
[2026-09-15T11:17:03.495+0000] {processor.py:830} INFO - Processing file /opt/airflow/dags/data_extracter.py for tasks to queue
[2026-09-15T11:17:03.497+0000] {logging_mixin.py:188} INFO - [2026-09-15T11:17:03.497+0000] {dagbag.py:545} INFO - Filling up the DagBag from /opt/airflow/dags/data_extracter.py
[2026-09-15T11:17:03.501+0000] {logging_mixin.py:188} INFO - [2026-09-15T11:17:03.500+0000] {dagbag.py:355} ERROR - Failed to import: /opt/airflow/dags/data_extracter.py
Traceback (most recent call last):
  File "/home/airflow/.local/lib/python3.10/site-packages/airflow/models/dagbag.py", line 351, in parse
    loader.exec_module(new_module)
  File "<frozen importlib._bootstrap_external>", line 883, in exec_module
  File "<frozen importlib._bootstrap>", line 241, in _call_with_frames_removed
  File "/opt/airflow/dags/data_extracter.py", line 1, in <module>
    from airflow.sdk import DAG
ModuleNotFoundError: No module named 'airflow.sdk'
[2026-09-15T11:17:03.501+0000] {processor.py:842} WARNING - No viable dags retrieved from /opt/airflow/dags/data_extracter.py
[2026-09-15T11:17:03.525+0000] {processor.py:183} INFO - Processing /opt/airflow/dags/data_extracter.py took 0.043 seconds
[2026-09-15T11:17:34.009+0000] {processor.py:161} INFO - Started process (PID=564) to work on /opt/airflow/dags/data_extracter.py
[2026-09-15T11:17:34.010+0000] {processor.py:830} INFO - Processing file /opt/airflow/dags/data_extracter.py for tasks to queue
[2026-09-15T11:17:34.013+0000] {logging_mixin.py:188} INFO - [2026-09-15T11:17:34.013+0000] {dagbag.py:545} INFO - Filling up the DagBag from /opt/airflow/dags/data_extracter.py
[2026-09-15T11:17:34.017+0000] {logging_mixin.py:188} INFO - [2026-09-15T11:17:34.016+0000] {dagbag.py:355} ERROR - Failed to import: /opt/airflow/dags/data_extracter.py
Traceback (most recent call last):
  File "/home/airflow/.local/lib/python3.10/site-packages/airflow/models/dagbag.py", line 351, in parse
    loader.exec_module(new_module)
  File "<frozen importlib._bootstrap_external>", line 883, in exec_module
  File "<frozen importlib._bootstrap>", line 241, in _call_with_frames_removed
  File "/opt/airflow/dags/data_extracter.py", line 1, in <module>
    from airflow.sdk import DAG
ModuleNotFoundError: No module named 'airflow.sdk'
[2026-09-15T11:17:34.018+0000] {processor.py:842} WARNING - No viable dags retrieved from /opt/airflow/dags/data_extracter.py
[2026-09-15T11:17:34.046+0000] {processor.py:183} INFO - Processing /opt/airflow/dags/data_extracter.py took 0.046 seconds
[2026-09-15T11:18:04.593+0000] {processor.py:161} INFO - Started process (PID=571) to work on /opt/airflow/dags/data_extracter.py
[2026-09-15T11:18:04.599+0000] {processor.py:830} INFO - Processing file /opt/airflow/dags/data_extracter.py for tasks to queue
[2026-09-15T11:18:04.601+0000] {logging_mixin.py:188} INFO - [2026-09-15T11:18:04.601+0000] {dagbag.py:545} INFO - Filling up the DagBag from /opt/airflow/dags/data_extracter.py
[2026-09-15T11:18:04.609+0000] {logging_mixin.py:188} INFO - [2026-09-15T11:18:04.608+0000] {dagbag.py:355} ERROR - Failed to import: /opt/airflow/dags/data_extracter.py
Traceback (most recent call last):
  File "/home/airflow/.local/lib/python3.10/site-packages/airflow/models/dagbag.py", line 351, in parse
    loader.exec_module(new_module)
  File "<frozen importlib._bootstrap_external>", line 883, in exec_module
  File "<frozen importlib._bootstrap>", line 241, in _call_with_frames_removed
  File "/opt/airflow/dags/data_extracter.py", line 1, in <module>
    from airflow.sdk import DAG
ModuleNotFoundError: No module named 'airflow.sdk'
[2026-09-15T11:18:04.609+0000] {processor.py:842} WARNING - No viable dags retrieved from /opt/airflow/dags/data_extracter.py
[2026-09-15T11:18:04.635+0000] {processor.py:183} INFO - Processing /opt/airflow/dags/data_extracter.py took 0.053 seconds
[2026-09-15T11:18:35.195+0000] {processor.py:161} INFO - Started process (PID=578) to work on /opt/airflow/dags/data_extracter.py
[2026-09-15T11:18:35.202+0000] {processor.py:830} INFO - Processing file /opt/airflow/dags/data_extracter.py for tasks to queue
[2026-09-15T11:18:35.205+0000] {logging_mixin.py:188} INFO - [2026-09-15T11:18:35.205+0000] {dagbag.py:545} INFO - Filling up the DagBag from /opt/airflow/dags/data_extracter.py
[2026-09-15T11:18:35.210+0000] {logging_mixin.py:188} INFO - [2026-09-15T11:18:35.210+0000] {dagbag.py:355} ERROR - Failed to import: /opt/airflow/dags/data_extracter.py
Traceback (most recent call last):
  File "/home/airflow/.local/lib/python3.10/site-packages/airflow/models/dagbag.py", line 351, in parse
    loader.exec_module(new_module)
  File "<frozen importlib._bootstrap_external>", line 883, in exec_module
  File "<frozen importlib._bootstrap>", line 241, in _call_with_frames_removed
  File "/opt/airflow/dags/data_extracter.py", line 1, in <module>
    from airflow.sdk import DAG
ModuleNotFoundError: No module named 'airflow.sdk'
[2026-09-15T11:18:35.211+0000] {processor.py:842} WARNING - No viable dags retrieved from /opt/airflow/dags/data_extracter.py
[2026-09-15T11:18:35.244+0000] {processor.py:183} INFO - Processing /opt/airflow/dags/data_extracter.py took 0.062 seconds
[2026-09-15T11:19:05.789+0000] {processor.py:161} INFO - Started process (PID=591) to work on /opt/airflow/dags/data_extracter.py
[2026-09-15T11:19:05.791+0000] {processor.py:830} INFO - Processing file /opt/airflow/dags/data_extracter.py for tasks to queue
[2026-09-15T11:19:05.793+0000] {logging_mixin.py:188} INFO - [2026-09-15T11:19:05.793+0000] {dagbag.py:545} INFO - Filling up the DagBag from /opt/airflow/dags/data_extracter.py
[2026-09-15T11:19:05.797+0000] {logging_mixin.py:188} INFO - [2026-09-15T11:19:05.796+0000] {dagbag.py:355} ERROR - Failed to import: /opt/airflow/dags/data_extracter.py
Traceback (most recent call last):
  File "/home/airflow/.local/lib/python3.10/site-packages/airflow/models/dagbag.py", line 351, in parse
    loader.exec_module(new_module)
  File "<frozen importlib._bootstrap_external>", line 883, in exec_module
  File "<frozen importlib._bootstrap>", line 241, in _call_with_frames_removed
  File "/opt/airflow/dags/data_extracter.py", line 1, in <module>
    from airflow.sdk import DAG
ModuleNotFoundError: No module named 'airflow.sdk'
[2026-09-15T11:19:05.797+0000] {processor.py:842} WARNING - No viable dags retrieved from /opt/airflow/dags/data_extracter.py
[2026-09-15T11:19:05.823+0000] {processor.py:183} INFO - Processing /opt/airflow/dags/data_extracter.py took 0.044 seconds
[2026-09-15T11:19:36.303+0000] {processor.py:161} INFO - Started process (PID=598) to work on /opt/airflow/dags/data_extracter.py
[2026-09-15T11:19:36.308+0000] {processor.py:830} INFO - Processing file /opt/airflow/dags/data_extracter.py for tasks to queue
[2026-09-15T11:19:36.311+0000] {logging_mixin.py:188} INFO - [2026-09-15T11:19:36.310+0000] {dagbag.py:545} INFO - Filling up the DagBag from /opt/airflow/dags/data_extracter.py
[2026-09-15T11:19:36.313+0000] {logging_mixin.py:188} INFO - [2026-09-15T11:19:36.313+0000] {dagbag.py:355} ERROR - Failed to import: /opt/airflow/dags/data_extracter.py
Traceback (most recent call last):
  File "/home/airflow/.local/lib/python3.10/site-packages/airflow/models/dagbag.py", line 351, in parse
    loader.exec_module(new_module)
  File "<frozen importlib._bootstrap_external>", line 883, in exec_module
  File "<frozen importlib._bootstrap>", line 241, in _call_with_frames_removed
  File "/opt/airflow/dags/data_extracter.py", line 1, in <module>
    from airflow.sdk import DAG
ModuleNotFoundError: No module named 'airflow.sdk'
[2026-09-15T11:19:36.313+0000] {processor.py:842} WARNING - No viable dags retrieved from /opt/airflow/dags/data_extracter.py
[2026-09-15T11:19:36.336+0000] {processor.py:183} INFO - Processing /opt/airflow/dags/data_extracter.py took 0.041 seconds
[2026-09-15T11:20:06.926+0000] {processor.py:161} INFO - Started process (PID=605) to work on /opt/airflow/dags/data_extracter.py
[2026-09-15T11:20:06.927+0000] {processor.py:830} INFO - Processing file /opt/airflow/dags/data_extracter.py for tasks to queue
[2026-09-15T11:20:06.929+0000] {logging_mixin.py:188} INFO - [2026-09-15T11:20:06.929+0000] {dagbag.py:545} INFO - Filling up the DagBag from /opt/airflow/dags/data_extracter.py
[2026-09-15T11:20:06.932+0000] {logging_mixin.py:188} INFO - [2026-09-15T11:20:06.931+0000] {dagbag.py:355} ERROR - Failed to import: /opt/airflow/dags/data_extracter.py
Traceback (most recent call last):
  File "/home/airflow/.local/lib/python3.10/site-packages/airflow/models/dagbag.py", line 351, in parse
    loader.exec_module(new_module)
  File "<frozen importlib._bootstrap_external>", line 883, in exec_module
  File "<frozen importlib._bootstrap>", line 241, in _call_with_frames_removed
  File "/opt/airflow/dags/data_extracter.py", line 1, in <module>
    from airflow.sdk import DAG
ModuleNotFoundError: No module named 'airflow.sdk'
[2026-09-15T11:20:06.932+0000] {processor.py:842} WARNING - No viable dags retrieved from /opt/airflow/dags/data_extracter.py
[2026-09-15T11:20:06.958+0000] {processor.py:183} INFO - Processing /opt/airflow/dags/data_extracter.py took 0.039 seconds
[2026-09-15T11:20:37.431+0000] {processor.py:161} INFO - Started process (PID=612) to work on /opt/airflow/dags/data_extracter.py
[2026-09-15T11:20:37.437+0000] {processor.py:830} INFO - Processing file /opt/airflow/dags/data_extracter.py for tasks to queue
[2026-09-15T11:20:37.439+0000] {logging_mixin.py:188} INFO - [2026-09-15T11:20:37.438+0000] {dagbag.py:545} INFO - Filling up the DagBag from /opt/airflow/dags/data_extracter.py
[2026-09-15T11:20:37.442+0000] {logging_mixin.py:188} INFO - [2026-09-15T11:20:37.441+0000] {dagbag.py:355} ERROR - Failed to import: /opt/airflow/dags/data_extracter.py
Traceback (most recent call last):
  File "/home/airflow/.local/lib/python3.10/site-packages/airflow/models/dagbag.py", line 351, in parse
    loader.exec_module(new_module)
  File "<frozen importlib._bootstrap_external>", line 883, in exec_module
  File "<frozen importlib._bootstrap>", line 241, in _call_with_frames_removed
  File "/opt/airflow/dags/data_extracter.py", line 1, in <module>
    from airflow.sdk import DAG
ModuleNotFoundError: No module named 'airflow.sdk'
[2026-09-15T11:20:37.442+0000] {processor.py:842} WARNING - No viable dags retrieved from /opt/airflow/dags/data_extracter.py
[2026-09-15T11:20:37.466+0000] {processor.py:183} INFO - Processing /opt/airflow/dags/data_extracter.py took 0.042 seconds
[2026-09-15T11:21:08.399+0000] {processor.py:161} INFO - Started process (PID=619) to work on /opt/airflow/dags/data_extracter.py
[2026-09-15T11:21:08.401+0000] {processor.py:830} INFO - Processing file /opt/airflow/dags/data_extracter.py for tasks to queue
[2026-09-15T11:21:08.403+0000] {logging_mixin.py:188} INFO - [2026-09-15T11:21:08.402+0000] {dagbag.py:545} INFO - Filling up the DagBag from /opt/airflow/dags/data_extracter.py
[2026-09-15T11:21:08.407+0000] {logging_mixin.py:188} INFO - [2026-09-15T11:21:08.407+0000] {dagbag.py:355} ERROR - Failed to import: /opt/airflow/dags/data_extracter.py
Traceback (most recent call last):
  File "/home/airflow/.local/lib/python3.10/site-packages/airflow/models/dagbag.py", line 351, in parse
    loader.exec_module(new_module)
  File "<frozen importlib._bootstrap_external>", line 883, in exec_module
  File "<frozen importlib._bootstrap>", line 241, in _call_with_frames_removed
  File "/opt/airflow/dags/data_extracter.py", line 1, in <module>
    from airflow.sdk import DAG
ModuleNotFoundError: No module named 'airflow.sdk'
[2026-09-15T11:21:08.408+0000] {processor.py:842} WARNING - No viable dags retrieved from /opt/airflow/dags/data_extracter.py
[2026-09-15T11:21:08.429+0000] {processor.py:183} INFO - Processing /opt/airflow/dags/data_extracter.py took 0.037 seconds
[2026-09-15T11:21:39.029+0000] {processor.py:161} INFO - Started process (PID=626) to work on /opt/airflow/dags/data_extracter.py
[2026-09-15T11:21:39.034+0000] {processor.py:830} INFO - Processing file /opt/airflow/dags/data_extracter.py for tasks to queue
[2026-09-15T11:21:39.038+0000] {logging_mixin.py:188} INFO - [2026-09-15T11:21:39.037+0000] {dagbag.py:545} INFO - Filling up the DagBag from /opt/airflow/dags/data_extracter.py
[2026-09-15T11:21:39.044+0000] {logging_mixin.py:188} INFO - [2026-09-15T11:21:39.043+0000] {dagbag.py:355} ERROR - Failed to import: /opt/airflow/dags/data_extracter.py
Traceback (most recent call last):
  File "/home/airflow/.local/lib/python3.10/site-packages/airflow/models/dagbag.py", line 351, in parse
    loader.exec_module(new_module)
  File "<frozen importlib._bootstrap_external>", line 883, in exec_module
  File "<frozen importlib._bootstrap>", line 241, in _call_with_frames_removed
  File "/opt/airflow/dags/data_extracter.py", line 1, in <module>
    from airflow.sdk import DAG
ModuleNotFoundError: No module named 'airflow.sdk'
[2026-09-15T11:21:39.044+0000] {processor.py:842} WARNING - No viable dags retrieved from /opt/airflow/dags/data_extracter.py
[2026-09-15T11:21:39.067+0000] {processor.py:183} INFO - Processing /opt/airflow/dags/data_extracter.py took 0.047 seconds
[2026-09-15T11:22:09.583+0000] {processor.py:161} INFO - Started process (PID=633) to work on /opt/airflow/dags/data_extracter.py
[2026-09-15T11:22:09.585+0000] {processor.py:830} INFO - Processing file /opt/airflow/dags/data_extracter.py for tasks to queue
[2026-09-15T11:22:09.587+0000] {logging_mixin.py:188} INFO - [2026-09-15T11:22:09.587+0000] {dagbag.py:545} INFO - Filling up the DagBag from /opt/airflow/dags/data_extracter.py
[2026-09-15T11:22:09.590+0000] {logging_mixin.py:188} INFO - [2026-09-15T11:22:09.589+0000] {dagbag.py:355} ERROR - Failed to import: /opt/airflow/dags/data_extracter.py
Traceback (most recent call last):
  File "/home/airflow/.local/lib/python3.10/site-packages/airflow/models/dagbag.py", line 351, in parse
    loader.exec_module(new_module)
  File "<frozen importlib._bootstrap_external>", line 883, in exec_module
  File "<frozen importlib._bootstrap>", line 241, in _call_with_frames_removed
  File "/opt/airflow/dags/data_extracter.py", line 1, in <module>
    from airflow.sdk import DAG
ModuleNotFoundError: No module named 'airflow.sdk'
[2026-09-15T11:22:09.590+0000] {processor.py:842} WARNING - No viable dags retrieved from /opt/airflow/dags/data_extracter.py
[2026-09-15T11:22:09.615+0000] {processor.py:183} INFO - Processing /opt/airflow/dags/data_extracter.py took 0.039 seconds
[2026-09-15T11:22:40.154+0000] {processor.py:161} INFO - Started process (PID=640) to work on /opt/airflow/dags/data_extracter.py
[2026-09-15T11:22:40.155+0000] {processor.py:830} INFO - Processing file /opt/airflow/dags/data_extracter.py for tasks to queue
[2026-09-15T11:22:40.157+0000] {logging_mixin.py:188} INFO - [2026-09-15T11:22:40.157+0000] {dagbag.py:545} INFO - Filling up the DagBag from /opt/airflow/dags/data_extracter.py
[2026-09-15T11:22:40.159+0000] {logging_mixin.py:188} INFO - [2026-09-15T11:22:40.159+0000] {dagbag.py:355} ERROR - Failed to import: /opt/airflow/dags/data_extracter.py
Traceback (most recent call last):
  File "/home/airflow/.local/lib/python3.10/site-packages/airflow/models/dagbag.py", line 351, in parse
    loader.exec_module(new_module)
  File "<frozen importlib._bootstrap_external>", line 883, in exec_module
  File "<frozen importlib._bootstrap>", line 241, in _call_with_frames_removed
  File "/opt/airflow/dags/data_extracter.py", line 1, in <module>
    from airflow.sdk import DAG
ModuleNotFoundError: No module named 'airflow.sdk'
[2026-09-15T11:22:40.160+0000] {processor.py:842} WARNING - No viable dags retrieved from /opt/airflow/dags/data_extracter.py
[2026-09-15T11:22:40.182+0000] {processor.py:183} INFO - Processing /opt/airflow/dags/data_extracter.py took 0.034 seconds
[2026-09-15T11:23:10.797+0000] {processor.py:161} INFO - Started process (PID=647) to work on /opt/airflow/dags/data_extracter.py
[2026-09-15T11:23:10.798+0000] {processor.py:830} INFO - Processing file /opt/airflow/dags/data_extracter.py for tasks to queue
[2026-09-15T11:23:10.802+0000] {logging_mixin.py:188} INFO - [2026-09-15T11:23:10.800+0000] {dagbag.py:545} INFO - Filling up the DagBag from /opt/airflow/dags/data_extracter.py
[2026-09-15T11:23:10.805+0000] {logging_mixin.py:188} INFO - [2026-09-15T11:23:10.805+0000] {dagbag.py:355} ERROR - Failed to import: /opt/airflow/dags/data_extracter.py
Traceback (most recent call last):
  File "/home/airflow/.local/lib/python3.10/site-packages/airflow/models/dagbag.py", line 351, in parse
    loader.exec_module(new_module)
  File "<frozen importlib._bootstrap_external>", line 883, in exec_module
  File "<frozen importlib._bootstrap>", line 241, in _call_with_frames_removed
  File "/opt/airflow/dags/data_extracter.py", line 1, in <module>
    from airflow.sdk import DAG
ModuleNotFoundError: No module named 'airflow.sdk'
[2026-09-15T11:23:10.806+0000] {processor.py:842} WARNING - No viable dags retrieved from /opt/airflow/dags/data_extracter.py
[2026-09-15T11:23:10.829+0000] {processor.py:183} INFO - Processing /opt/airflow/dags/data_extracter.py took 0.039 seconds
[2026-09-15T11:23:41.564+0000] {processor.py:161} INFO - Started process (PID=654) to work on /opt/airflow/dags/data_extracter.py
[2026-09-15T11:23:41.564+0000] {processor.py:830} INFO - Processing file /opt/airflow/dags/data_extracter.py for tasks to queue
[2026-09-15T11:23:41.566+0000] {logging_mixin.py:188} INFO - [2026-09-15T11:23:41.566+0000] {dagbag.py:545} INFO - Filling up the DagBag from /opt/airflow/dags/data_extracter.py
[2026-09-15T11:23:41.569+0000] {logging_mixin.py:188} INFO - [2026-09-15T11:23:41.568+0000] {dagbag.py:355} ERROR - Failed to import: /opt/airflow/dags/data_extracter.py
Traceback (most recent call last):
  File "/home/airflow/.local/lib/python3.10/site-packages/airflow/models/dagbag.py", line 351, in parse
    loader.exec_module(new_module)
  File "<frozen importlib._bootstrap_external>", line 883, in exec_module
  File "<frozen importlib._bootstrap>", line 241, in _call_with_frames_removed
  File "/opt/airflow/dags/data_extracter.py", line 1, in <module>
    from airflow.sdk import DAG
ModuleNotFoundError: No module named 'airflow.sdk'
[2026-09-15T11:23:41.569+0000] {processor.py:842} WARNING - No viable dags retrieved from /opt/airflow/dags/data_extracter.py
[2026-09-15T11:23:41.591+0000] {processor.py:183} INFO - Processing /opt/airflow/dags/data_extracter.py took 0.035 seconds
[2026-09-15T11:24:12.103+0000] {processor.py:161} INFO - Started process (PID=661) to work on /opt/airflow/dags/data_extracter.py
[2026-09-15T11:24:12.108+0000] {processor.py:830} INFO - Processing file /opt/airflow/dags/data_extracter.py for tasks to queue
[2026-09-15T11:24:12.110+0000] {logging_mixin.py:188} INFO - [2026-09-15T11:24:12.110+0000] {dagbag.py:545} INFO - Filling up the DagBag from /opt/airflow/dags/data_extracter.py
[2026-09-15T11:24:12.113+0000] {logging_mixin.py:188} INFO - [2026-09-15T11:24:12.112+0000] {dagbag.py:355} ERROR - Failed to import: /opt/airflow/dags/data_extracter.py
Traceback (most recent call last):
  File "/home/airflow/.local/lib/python3.10/site-packages/airflow/models/dagbag.py", line 351, in parse
    loader.exec_module(new_module)
  File "<frozen importlib._bootstrap_external>", line 883, in exec_module
  File "<frozen importlib._bootstrap>", line 241, in _call_with_frames_removed
  File "/opt/airflow/dags/data_extracter.py", line 1, in <module>
    from airflow.sdk import DAG
ModuleNotFoundError: No module named 'airflow.sdk'
[2026-09-15T11:24:12.113+0000] {processor.py:842} WARNING - No viable dags retrieved from /opt/airflow/dags/data_extracter.py
[2026-09-15T11:24:12.140+0000] {processor.py:183} INFO - Processing /opt/airflow/dags/data_extracter.py took 0.046 seconds
[2026-09-15T11:24:42.769+0000] {processor.py:161} INFO - Started process (PID=668) to work on /opt/airflow/dags/data_extracter.py
[2026-09-15T11:24:42.770+0000] {processor.py:830} INFO - Processing file /opt/airflow/dags/data_extracter.py for tasks to queue
[2026-09-15T11:24:42.772+0000] {logging_mixin.py:188} INFO - [2026-09-15T11:24:42.771+0000] {dagbag.py:545} INFO - Filling up the DagBag from /opt/airflow/dags/data_extracter.py
[2026-09-15T11:24:42.777+0000] {logging_mixin.py:188} INFO - [2026-09-15T11:24:42.775+0000] {dagbag.py:355} ERROR - Failed to import: /opt/airflow/dags/data_extracter.py
Traceback (most recent call last):
  File "/home/airflow/.local/lib/python3.10/site-packages/airflow/models/dagbag.py", line 351, in parse
    loader.exec_module(new_module)
  File "<frozen importlib._bootstrap_external>", line 883, in exec_module
  File "<frozen importlib._bootstrap>", line 241, in _call_with_frames_removed
  File "/opt/airflow/dags/data_extracter.py", line 1, in <module>
    from airflow.sdk import DAG
ModuleNotFoundError: No module named 'airflow.sdk'
[2026-09-15T11:24:42.778+0000] {processor.py:842} WARNING - No viable dags retrieved from /opt/airflow/dags/data_extracter.py
[2026-09-15T11:24:42.864+0000] {processor.py:183} INFO - Processing /opt/airflow/dags/data_extracter.py took 0.104 seconds
[2026-09-15T11:25:13.277+0000] {processor.py:161} INFO - Started process (PID=675) to work on /opt/airflow/dags/data_extracter.py
[2026-09-15T11:25:13.282+0000] {processor.py:830} INFO - Processing file /opt/airflow/dags/data_extracter.py for tasks to queue
[2026-09-15T11:25:13.298+0000] {logging_mixin.py:188} INFO - [2026-09-15T11:25:13.296+0000] {dagbag.py:545} INFO - Filling up the DagBag from /opt/airflow/dags/data_extracter.py
[2026-09-15T11:25:13.315+0000] {logging_mixin.py:188} INFO - [2026-09-15T11:25:13.314+0000] {dagbag.py:355} ERROR - Failed to import: /opt/airflow/dags/data_extracter.py
Traceback (most recent call last):
  File "/home/airflow/.local/lib/python3.10/site-packages/airflow/models/dagbag.py", line 351, in parse
    loader.exec_module(new_module)
  File "<frozen importlib._bootstrap_external>", line 883, in exec_module
  File "<frozen importlib._bootstrap>", line 241, in _call_with_frames_removed
  File "/opt/airflow/dags/data_extracter.py", line 1, in <module>
    from airflow.sdk import DAG
ModuleNotFoundError: No module named 'airflow.sdk'
[2026-09-15T11:25:13.315+0000] {processor.py:842} WARNING - No viable dags retrieved from /opt/airflow/dags/data_extracter.py
[2026-09-15T11:25:13.391+0000] {processor.py:183} INFO - Processing /opt/airflow/dags/data_extracter.py took 0.130 seconds
[2026-09-15T11:25:43.846+0000] {processor.py:161} INFO - Started process (PID=688) to work on /opt/airflow/dags/data_extracter.py
[2026-09-15T11:25:43.848+0000] {processor.py:830} INFO - Processing file /opt/airflow/dags/data_extracter.py for tasks to queue
[2026-09-15T11:25:43.850+0000] {logging_mixin.py:188} INFO - [2026-09-15T11:25:43.850+0000] {dagbag.py:545} INFO - Filling up the DagBag from /opt/airflow/dags/data_extracter.py
[2026-09-15T11:25:43.854+0000] {logging_mixin.py:188} INFO - [2026-09-15T11:25:43.853+0000] {dagbag.py:355} ERROR - Failed to import: /opt/airflow/dags/data_extracter.py
Traceback (most recent call last):
  File "/home/airflow/.local/lib/python3.10/site-packages/airflow/models/dagbag.py", line 351, in parse
    loader.exec_module(new_module)
  File "<frozen importlib._bootstrap_external>", line 883, in exec_module
  File "<frozen importlib._bootstrap>", line 241, in _call_with_frames_removed
  File "/opt/airflow/dags/data_extracter.py", line 1, in <module>
    from airflow.sdk import DAG
ModuleNotFoundError: No module named 'airflow.sdk'
[2026-09-15T11:25:43.855+0000] {processor.py:842} WARNING - No viable dags retrieved from /opt/airflow/dags/data_extracter.py
[2026-09-15T11:25:43.890+0000] {processor.py:183} INFO - Processing /opt/airflow/dags/data_extracter.py took 0.057 seconds
[2026-09-15T11:26:14.433+0000] {processor.py:161} INFO - Started process (PID=695) to work on /opt/airflow/dags/data_extracter.py
[2026-09-15T11:26:14.434+0000] {processor.py:830} INFO - Processing file /opt/airflow/dags/data_extracter.py for tasks to queue
[2026-09-15T11:26:14.437+0000] {logging_mixin.py:188} INFO - [2026-09-15T11:26:14.436+0000] {dagbag.py:545} INFO - Filling up the DagBag from /opt/airflow/dags/data_extracter.py
[2026-09-15T11:26:14.440+0000] {logging_mixin.py:188} INFO - [2026-09-15T11:26:14.439+0000] {dagbag.py:355} ERROR - Failed to import: /opt/airflow/dags/data_extracter.py
Traceback (most recent call last):
  File "/home/airflow/.local/lib/python3.10/site-packages/airflow/models/dagbag.py", line 351, in parse
    loader.exec_module(new_module)
  File "<frozen importlib._bootstrap_external>", line 883, in exec_module
  File "<frozen importlib._bootstrap>", line 241, in _call_with_frames_removed
  File "/opt/airflow/dags/data_extracter.py", line 1, in <module>
    from airflow.sdk import DAG
ModuleNotFoundError: No module named 'airflow.sdk'
[2026-09-15T11:26:14.441+0000] {processor.py:842} WARNING - No viable dags retrieved from /opt/airflow/dags/data_extracter.py
[2026-09-15T11:26:14.467+0000] {processor.py:183} INFO - Processing /opt/airflow/dags/data_extracter.py took 0.043 seconds
[2026-09-15T11:26:45.158+0000] {processor.py:161} INFO - Started process (PID=702) to work on /opt/airflow/dags/data_extracter.py
[2026-09-15T11:26:45.159+0000] {processor.py:830} INFO - Processing file /opt/airflow/dags/data_extracter.py for tasks to queue
[2026-09-15T11:26:45.160+0000] {logging_mixin.py:188} INFO - [2026-09-15T11:26:45.160+0000] {dagbag.py:545} INFO - Filling up the DagBag from /opt/airflow/dags/data_extracter.py
[2026-09-15T11:26:45.163+0000] {logging_mixin.py:188} INFO - [2026-09-15T11:26:45.162+0000] {dagbag.py:355} ERROR - Failed to import: /opt/airflow/dags/data_extracter.py
Traceback (most recent call last):
  File "/home/airflow/.local/lib/python3.10/site-packages/airflow/models/dagbag.py", line 351, in parse
    loader.exec_module(new_module)
  File "<frozen importlib._bootstrap_external>", line 883, in exec_module
  File "<frozen importlib._bootstrap>", line 241, in _call_with_frames_removed
  File "/opt/airflow/dags/data_extracter.py", line 1, in <module>
    from airflow.sdk import DAG
ModuleNotFoundError: No module named 'airflow.sdk'
[2026-09-15T11:26:45.164+0000] {processor.py:842} WARNING - No viable dags retrieved from /opt/airflow/dags/data_extracter.py
[2026-09-15T11:26:45.187+0000] {processor.py:183} INFO - Processing /opt/airflow/dags/data_extracter.py took 0.034 seconds
[2026-09-15T12:58:58.901+0000] {processor.py:161} INFO - Started process (PID=703) to work on /opt/airflow/dags/data_extracter.py
[2026-09-15T12:58:58.905+0000] {processor.py:830} INFO - Processing file /opt/airflow/dags/data_extracter.py for tasks to queue
[2026-09-15T12:58:58.917+0000] {logging_mixin.py:188} INFO - [2026-09-15T12:58:58.916+0000] {dagbag.py:545} INFO - Filling up the DagBag from /opt/airflow/dags/data_extracter.py
[2026-09-15T12:58:58.928+0000] {logging_mixin.py:188} INFO - [2026-09-15T12:58:58.927+0000] {dagbag.py:355} ERROR - Failed to import: /opt/airflow/dags/data_extracter.py
Traceback (most recent call last):
  File "/home/airflow/.local/lib/python3.10/site-packages/airflow/models/dagbag.py", line 351, in parse
    loader.exec_module(new_module)
  File "<frozen importlib._bootstrap_external>", line 883, in exec_module
  File "<frozen importlib._bootstrap>", line 241, in _call_with_frames_removed
  File "/opt/airflow/dags/data_extracter.py", line 1, in <module>
    from airflow.sdk import DAG
ModuleNotFoundError: No module named 'airflow.sdk'
[2026-09-15T12:58:58.929+0000] {processor.py:842} WARNING - No viable dags retrieved from /opt/airflow/dags/data_extracter.py
[2026-09-15T12:58:59.020+0000] {processor.py:183} INFO - Processing /opt/airflow/dags/data_extracter.py took 0.166 seconds
[2026-09-15T12:59:29.660+0000] {processor.py:161} INFO - Started process (PID=716) to work on /opt/airflow/dags/data_extracter.py
[2026-09-15T12:59:29.662+0000] {processor.py:830} INFO - Processing file /opt/airflow/dags/data_extracter.py for tasks to queue
[2026-09-15T12:59:29.670+0000] {logging_mixin.py:188} INFO - [2026-09-15T12:59:29.670+0000] {dagbag.py:545} INFO - Filling up the DagBag from /opt/airflow/dags/data_extracter.py
[2026-09-15T12:59:29.677+0000] {logging_mixin.py:188} INFO - [2026-09-15T12:59:29.676+0000] {dagbag.py:355} ERROR - Failed to import: /opt/airflow/dags/data_extracter.py
Traceback (most recent call last):
  File "/home/airflow/.local/lib/python3.10/site-packages/airflow/models/dagbag.py", line 351, in parse
    loader.exec_module(new_module)
  File "<frozen importlib._bootstrap_external>", line 883, in exec_module
  File "<frozen importlib._bootstrap>", line 241, in _call_with_frames_removed
  File "/opt/airflow/dags/data_extracter.py", line 1, in <module>
    from airflow.sdk import DAG
ModuleNotFoundError: No module named 'airflow.sdk'
[2026-09-15T12:59:29.678+0000] {processor.py:842} WARNING - No viable dags retrieved from /opt/airflow/dags/data_extracter.py
[2026-09-15T12:59:29.810+0000] {processor.py:183} INFO - Processing /opt/airflow/dags/data_extracter.py took 0.165 seconds
[2026-09-15T13:00:00.606+0000] {processor.py:161} INFO - Started process (PID=723) to work on /opt/airflow/dags/data_extracter.py
[2026-09-15T13:00:00.611+0000] {processor.py:830} INFO - Processing file /opt/airflow/dags/data_extracter.py for tasks to queue
[2026-09-15T13:00:00.613+0000] {logging_mixin.py:188} INFO - [2026-09-15T13:00:00.613+0000] {dagbag.py:545} INFO - Filling up the DagBag from /opt/airflow/dags/data_extracter.py
[2026-09-15T13:00:00.617+0000] {logging_mixin.py:188} INFO - [2026-09-15T13:00:00.616+0000] {dagbag.py:355} ERROR - Failed to import: /opt/airflow/dags/data_extracter.py
Traceback (most recent call last):
  File "/home/airflow/.local/lib/python3.10/site-packages/airflow/models/dagbag.py", line 351, in parse
    loader.exec_module(new_module)
  File "<frozen importlib._bootstrap_external>", line 883, in exec_module
  File "<frozen importlib._bootstrap>", line 241, in _call_with_frames_removed
  File "/opt/airflow/dags/data_extracter.py", line 1, in <module>
    from airflow.sdk import DAG
ModuleNotFoundError: No module named 'airflow.sdk'
[2026-09-15T13:00:00.617+0000] {processor.py:842} WARNING - No viable dags retrieved from /opt/airflow/dags/data_extracter.py
[2026-09-15T13:00:00.646+0000] {processor.py:183} INFO - Processing /opt/airflow/dags/data_extracter.py took 0.048 seconds
[2026-09-15T13:00:31.567+0000] {processor.py:161} INFO - Started process (PID=730) to work on /opt/airflow/dags/data_extracter.py
[2026-09-15T13:00:31.572+0000] {processor.py:830} INFO - Processing file /opt/airflow/dags/data_extracter.py for tasks to queue
[2026-09-15T13:00:31.575+0000] {logging_mixin.py:188} INFO - [2026-09-15T13:00:31.574+0000] {dagbag.py:545} INFO - Filling up the DagBag from /opt/airflow/dags/data_extracter.py
[2026-09-15T13:00:31.577+0000] {logging_mixin.py:188} INFO - [2026-09-15T13:00:31.577+0000] {dagbag.py:355} ERROR - Failed to import: /opt/airflow/dags/data_extracter.py
Traceback (most recent call last):
  File "/home/airflow/.local/lib/python3.10/site-packages/airflow/models/dagbag.py", line 351, in parse
    loader.exec_module(new_module)
  File "<frozen importlib._bootstrap_external>", line 883, in exec_module
  File "<frozen importlib._bootstrap>", line 241, in _call_with_frames_removed
  File "/opt/airflow/dags/data_extracter.py", line 1, in <module>
    from airflow.sdk import DAG
ModuleNotFoundError: No module named 'airflow.sdk'
[2026-09-15T13:00:31.578+0000] {processor.py:842} WARNING - No viable dags retrieved from /opt/airflow/dags/data_extracter.py
[2026-09-15T13:00:31.606+0000] {processor.py:183} INFO - Processing /opt/airflow/dags/data_extracter.py took 0.045 seconds
[2026-09-15T13:01:02.626+0000] {processor.py:161} INFO - Started process (PID=737) to work on /opt/airflow/dags/data_extracter.py
[2026-09-15T13:01:02.628+0000] {processor.py:830} INFO - Processing file /opt/airflow/dags/data_extracter.py for tasks to queue
[2026-09-15T13:01:02.630+0000] {logging_mixin.py:188} INFO - [2026-09-15T13:01:02.630+0000] {dagbag.py:545} INFO - Filling up the DagBag from /opt/airflow/dags/data_extracter.py
[2026-09-15T13:01:02.634+0000] {logging_mixin.py:188} INFO - [2026-09-15T13:01:02.633+0000] {dagbag.py:355} ERROR - Failed to import: /opt/airflow/dags/data_extracter.py
Traceback (most recent call last):
  File "/home/airflow/.local/lib/python3.10/site-packages/airflow/models/dagbag.py", line 351, in parse
    loader.exec_module(new_module)
  File "<frozen importlib._bootstrap_external>", line 883, in exec_module
  File "<frozen importlib._bootstrap>", line 241, in _call_with_frames_removed
  File "/opt/airflow/dags/data_extracter.py", line 1, in <module>
    from airflow.sdk import DAG
ModuleNotFoundError: No module named 'airflow.sdk'
[2026-09-15T13:01:02.634+0000] {processor.py:842} WARNING - No viable dags retrieved from /opt/airflow/dags/data_extracter.py
[2026-09-15T13:01:02.660+0000] {processor.py:183} INFO - Processing /opt/airflow/dags/data_extracter.py took 0.043 seconds
[2026-09-15T13:01:33.238+0000] {processor.py:161} INFO - Started process (PID=744) to work on /opt/airflow/dags/data_extracter.py
[2026-09-15T13:01:33.244+0000] {processor.py:830} INFO - Processing file /opt/airflow/dags/data_extracter.py for tasks to queue
[2026-09-15T13:01:33.246+0000] {logging_mixin.py:188} INFO - [2026-09-15T13:01:33.246+0000] {dagbag.py:545} INFO - Filling up the DagBag from /opt/airflow/dags/data_extracter.py
[2026-09-15T13:01:33.249+0000] {logging_mixin.py:188} INFO - [2026-09-15T13:01:33.248+0000] {dagbag.py:355} ERROR - Failed to import: /opt/airflow/dags/data_extracter.py
Traceback (most recent call last):
  File "/home/airflow/.local/lib/python3.10/site-packages/airflow/models/dagbag.py", line 351, in parse
    loader.exec_module(new_module)
  File "<frozen importlib._bootstrap_external>", line 883, in exec_module
  File "<frozen importlib._bootstrap>", line 241, in _call_with_frames_removed
  File "/opt/airflow/dags/data_extracter.py", line 1, in <module>
    from airflow.sdk import DAG
ModuleNotFoundError: No module named 'airflow.sdk'
[2026-09-15T13:01:33.249+0000] {processor.py:842} WARNING - No viable dags retrieved from /opt/airflow/dags/data_extracter.py
[2026-09-15T13:01:33.276+0000] {processor.py:183} INFO - Processing /opt/airflow/dags/data_extracter.py took 0.044 seconds
[2026-09-15T13:02:03.984+0000] {processor.py:161} INFO - Started process (PID=751) to work on /opt/airflow/dags/data_extracter.py
[2026-09-15T13:02:03.984+0000] {processor.py:830} INFO - Processing file /opt/airflow/dags/data_extracter.py for tasks to queue
[2026-09-15T13:02:03.986+0000] {logging_mixin.py:188} INFO - [2026-09-15T13:02:03.986+0000] {dagbag.py:545} INFO - Filling up the DagBag from /opt/airflow/dags/data_extracter.py
[2026-09-15T13:02:03.989+0000] {logging_mixin.py:188} INFO - [2026-09-15T13:02:03.988+0000] {dagbag.py:355} ERROR - Failed to import: /opt/airflow/dags/data_extracter.py
Traceback (most recent call last):
  File "/home/airflow/.local/lib/python3.10/site-packages/airflow/models/dagbag.py", line 351, in parse
    loader.exec_module(new_module)
  File "<frozen importlib._bootstrap_external>", line 883, in exec_module
  File "<frozen importlib._bootstrap>", line 241, in _call_with_frames_removed
  File "/opt/airflow/dags/data_extracter.py", line 1, in <module>
    from airflow.sdk import DAG
ModuleNotFoundError: No module named 'airflow.sdk'
[2026-09-15T13:02:03.989+0000] {processor.py:842} WARNING - No viable dags retrieved from /opt/airflow/dags/data_extracter.py
[2026-09-15T13:02:04.013+0000] {processor.py:183} INFO - Processing /opt/airflow/dags/data_extracter.py took 0.038 seconds
[2026-09-15T13:02:34.592+0000] {processor.py:161} INFO - Started process (PID=758) to work on /opt/airflow/dags/data_extracter.py
[2026-09-15T13:02:34.593+0000] {processor.py:830} INFO - Processing file /opt/airflow/dags/data_extracter.py for tasks to queue
[2026-09-15T13:02:34.595+0000] {logging_mixin.py:188} INFO - [2026-09-15T13:02:34.595+0000] {dagbag.py:545} INFO - Filling up the DagBag from /opt/airflow/dags/data_extracter.py
[2026-09-15T13:02:34.599+0000] {logging_mixin.py:188} INFO - [2026-09-15T13:02:34.598+0000] {dagbag.py:355} ERROR - Failed to import: /opt/airflow/dags/data_extracter.py
Traceback (most recent call last):
  File "/home/airflow/.local/lib/python3.10/site-packages/airflow/models/dagbag.py", line 351, in parse
    loader.exec_module(new_module)
  File "<frozen importlib._bootstrap_external>", line 883, in exec_module
  File "<frozen importlib._bootstrap>", line 241, in _call_with_frames_removed
  File "/opt/airflow/dags/data_extracter.py", line 1, in <module>
    from airflow.sdk import DAG
ModuleNotFoundError: No module named 'airflow.sdk'
[2026-09-15T13:02:34.599+0000] {processor.py:842} WARNING - No viable dags retrieved from /opt/airflow/dags/data_extracter.py
[2026-09-15T13:02:34.625+0000] {processor.py:183} INFO - Processing /opt/airflow/dags/data_extracter.py took 0.041 seconds
[2026-09-15T13:03:05.245+0000] {processor.py:161} INFO - Started process (PID=765) to work on /opt/airflow/dags/data_extracter.py
[2026-09-15T13:03:05.246+0000] {processor.py:830} INFO - Processing file /opt/airflow/dags/data_extracter.py for tasks to queue
[2026-09-15T13:03:05.248+0000] {logging_mixin.py:188} INFO - [2026-09-15T13:03:05.248+0000] {dagbag.py:545} INFO - Filling up the DagBag from /opt/airflow/dags/data_extracter.py
[2026-09-15T13:03:05.252+0000] {logging_mixin.py:188} INFO - [2026-09-15T13:03:05.251+0000] {dagbag.py:355} ERROR - Failed to import: /opt/airflow/dags/data_extracter.py
Traceback (most recent call last):
  File "/home/airflow/.local/lib/python3.10/site-packages/airflow/models/dagbag.py", line 351, in parse
    loader.exec_module(new_module)
  File "<frozen importlib._bootstrap_external>", line 883, in exec_module
  File "<frozen importlib._bootstrap>", line 241, in _call_with_frames_removed
  File "/opt/airflow/dags/data_extracter.py", line 1, in <module>
    from airflow.sdk import DAG
ModuleNotFoundError: No module named 'airflow.sdk'
[2026-09-15T13:03:05.252+0000] {processor.py:842} WARNING - No viable dags retrieved from /opt/airflow/dags/data_extracter.py
[2026-09-15T13:03:05.277+0000] {processor.py:183} INFO - Processing /opt/airflow/dags/data_extracter.py took 0.043 seconds
[2026-09-15T13:03:35.887+0000] {processor.py:161} INFO - Started process (PID=772) to work on /opt/airflow/dags/data_extracter.py
[2026-09-15T13:03:35.888+0000] {processor.py:830} INFO - Processing file /opt/airflow/dags/data_extracter.py for tasks to queue
[2026-09-15T13:03:35.890+0000] {logging_mixin.py:188} INFO - [2026-09-15T13:03:35.889+0000] {dagbag.py:545} INFO - Filling up the DagBag from /opt/airflow/dags/data_extracter.py
[2026-09-15T13:03:35.892+0000] {logging_mixin.py:188} INFO - [2026-09-15T13:03:35.892+0000] {dagbag.py:355} ERROR - Failed to import: /opt/airflow/dags/data_extracter.py
Traceback (most recent call last):
  File "/home/airflow/.local/lib/python3.10/site-packages/airflow/models/dagbag.py", line 351, in parse
    loader.exec_module(new_module)
  File "<frozen importlib._bootstrap_external>", line 883, in exec_module
  File "<frozen importlib._bootstrap>", line 241, in _call_with_frames_removed
  File "/opt/airflow/dags/data_extracter.py", line 1, in <module>
    from airflow.sdk import DAG
ModuleNotFoundError: No module named 'airflow.sdk'
[2026-09-15T13:03:35.893+0000] {processor.py:842} WARNING - No viable dags retrieved from /opt/airflow/dags/data_extracter.py
[2026-09-15T13:03:35.916+0000] {processor.py:183} INFO - Processing /opt/airflow/dags/data_extracter.py took 0.036 seconds
[2026-09-15T13:04:06.599+0000] {processor.py:161} INFO - Started process (PID=779) to work on /opt/airflow/dags/data_extracter.py
[2026-09-15T13:04:06.600+0000] {processor.py:830} INFO - Processing file /opt/airflow/dags/data_extracter.py for tasks to queue
[2026-09-15T13:04:06.603+0000] {logging_mixin.py:188} INFO - [2026-09-15T13:04:06.602+0000] {dagbag.py:545} INFO - Filling up the DagBag from /opt/airflow/dags/data_extracter.py
[2026-09-15T13:04:06.606+0000] {logging_mixin.py:188} INFO - [2026-09-15T13:04:06.605+0000] {dagbag.py:355} ERROR - Failed to import: /opt/airflow/dags/data_extracter.py
Traceback (most recent call last):
  File "/home/airflow/.local/lib/python3.10/site-packages/airflow/models/dagbag.py", line 351, in parse
    loader.exec_module(new_module)
  File "<frozen importlib._bootstrap_external>", line 883, in exec_module
  File "<frozen importlib._bootstrap>", line 241, in _call_with_frames_removed
  File "/opt/airflow/dags/data_extracter.py", line 1, in <module>
    from airflow.sdk import DAG
ModuleNotFoundError: No module named 'airflow.sdk'
[2026-09-15T13:04:06.606+0000] {processor.py:842} WARNING - No viable dags retrieved from /opt/airflow/dags/data_extracter.py
[2026-09-15T13:04:06.631+0000] {processor.py:183} INFO - Processing /opt/airflow/dags/data_extracter.py took 0.038 seconds
[2026-09-15T13:04:37.341+0000] {processor.py:161} INFO - Started process (PID=786) to work on /opt/airflow/dags/data_extracter.py
[2026-09-15T13:04:37.345+0000] {processor.py:830} INFO - Processing file /opt/airflow/dags/data_extracter.py for tasks to queue
[2026-09-15T13:04:37.347+0000] {logging_mixin.py:188} INFO - [2026-09-15T13:04:37.347+0000] {dagbag.py:545} INFO - Filling up the DagBag from /opt/airflow/dags/data_extracter.py
[2026-09-15T13:04:37.351+0000] {logging_mixin.py:188} INFO - [2026-09-15T13:04:37.350+0000] {dagbag.py:355} ERROR - Failed to import: /opt/airflow/dags/data_extracter.py
Traceback (most recent call last):
  File "/home/airflow/.local/lib/python3.10/site-packages/airflow/models/dagbag.py", line 351, in parse
    loader.exec_module(new_module)
  File "<frozen importlib._bootstrap_external>", line 883, in exec_module
  File "<frozen importlib._bootstrap>", line 241, in _call_with_frames_removed
  File "/opt/airflow/dags/data_extracter.py", line 1, in <module>
    from airflow.sdk import DAG
ModuleNotFoundError: No module named 'airflow.sdk'
[2026-09-15T13:04:37.352+0000] {processor.py:842} WARNING - No viable dags retrieved from /opt/airflow/dags/data_extracter.py
[2026-09-15T13:04:37.374+0000] {processor.py:183} INFO - Processing /opt/airflow/dags/data_extracter.py took 0.041 seconds
[2026-09-15T13:05:08.043+0000] {processor.py:161} INFO - Started process (PID=793) to work on /opt/airflow/dags/data_extracter.py
[2026-09-15T13:05:08.044+0000] {processor.py:830} INFO - Processing file /opt/airflow/dags/data_extracter.py for tasks to queue
[2026-09-15T13:05:08.046+0000] {logging_mixin.py:188} INFO - [2026-09-15T13:05:08.046+0000] {dagbag.py:545} INFO - Filling up the DagBag from /opt/airflow/dags/data_extracter.py
[2026-09-15T13:05:08.049+0000] {logging_mixin.py:188} INFO - [2026-09-15T13:05:08.048+0000] {dagbag.py:355} ERROR - Failed to import: /opt/airflow/dags/data_extracter.py
Traceback (most recent call last):
  File "/home/airflow/.local/lib/python3.10/site-packages/airflow/models/dagbag.py", line 351, in parse
    loader.exec_module(new_module)
  File "<frozen importlib._bootstrap_external>", line 883, in exec_module
  File "<frozen importlib._bootstrap>", line 241, in _call_with_frames_removed
  File "/opt/airflow/dags/data_extracter.py", line 1, in <module>
    from airflow.sdk import DAG
ModuleNotFoundError: No module named 'airflow.sdk'
[2026-09-15T13:05:08.049+0000] {processor.py:842} WARNING - No viable dags retrieved from /opt/airflow/dags/data_extracter.py
[2026-09-15T13:05:08.072+0000] {processor.py:183} INFO - Processing /opt/airflow/dags/data_extracter.py took 0.034 seconds
[2026-09-15T13:05:38.785+0000] {processor.py:161} INFO - Started process (PID=800) to work on /opt/airflow/dags/data_extracter.py
[2026-09-15T13:05:38.786+0000] {processor.py:830} INFO - Processing file /opt/airflow/dags/data_extracter.py for tasks to queue
[2026-09-15T13:05:38.788+0000] {logging_mixin.py:188} INFO - [2026-09-15T13:05:38.788+0000] {dagbag.py:545} INFO - Filling up the DagBag from /opt/airflow/dags/data_extracter.py
[2026-09-15T13:05:38.790+0000] {logging_mixin.py:188} INFO - [2026-09-15T13:05:38.790+0000] {dagbag.py:355} ERROR - Failed to import: /opt/airflow/dags/data_extracter.py
Traceback (most recent call last):
  File "/home/airflow/.local/lib/python3.10/site-packages/airflow/models/dagbag.py", line 351, in parse
    loader.exec_module(new_module)
  File "<frozen importlib._bootstrap_external>", line 883, in exec_module
  File "<frozen importlib._bootstrap>", line 241, in _call_with_frames_removed
  File "/opt/airflow/dags/data_extracter.py", line 1, in <module>
    from airflow.sdk import DAG
ModuleNotFoundError: No module named 'airflow.sdk'
[2026-09-15T13:05:38.791+0000] {processor.py:842} WARNING - No viable dags retrieved from /opt/airflow/dags/data_extracter.py
[2026-09-15T13:05:38.815+0000] {processor.py:183} INFO - Processing /opt/airflow/dags/data_extracter.py took 0.036 seconds
[2026-09-15T13:06:09.630+0000] {processor.py:161} INFO - Started process (PID=814) to work on /opt/airflow/dags/data_extracter.py
[2026-09-15T13:06:09.631+0000] {processor.py:830} INFO - Processing file /opt/airflow/dags/data_extracter.py for tasks to queue
[2026-09-15T13:06:09.632+0000] {logging_mixin.py:188} INFO - [2026-09-15T13:06:09.632+0000] {dagbag.py:545} INFO - Filling up the DagBag from /opt/airflow/dags/data_extracter.py
[2026-09-15T13:06:09.635+0000] {logging_mixin.py:188} INFO - [2026-09-15T13:06:09.634+0000] {dagbag.py:355} ERROR - Failed to import: /opt/airflow/dags/data_extracter.py
Traceback (most recent call last):
  File "/home/airflow/.local/lib/python3.10/site-packages/airflow/models/dagbag.py", line 351, in parse
    loader.exec_module(new_module)
  File "<frozen importlib._bootstrap_external>", line 883, in exec_module
  File "<frozen importlib._bootstrap>", line 241, in _call_with_frames_removed
  File "/opt/airflow/dags/data_extracter.py", line 1, in <module>
    from airflow.sdk import DAG
ModuleNotFoundError: No module named 'airflow.sdk'
[2026-09-15T13:06:09.635+0000] {processor.py:842} WARNING - No viable dags retrieved from /opt/airflow/dags/data_extracter.py
[2026-09-15T13:06:09.659+0000] {processor.py:183} INFO - Processing /opt/airflow/dags/data_extracter.py took 0.035 seconds
[2026-09-15T13:06:40.295+0000] {processor.py:161} INFO - Started process (PID=821) to work on /opt/airflow/dags/data_extracter.py
[2026-09-15T13:06:40.296+0000] {processor.py:830} INFO - Processing file /opt/airflow/dags/data_extracter.py for tasks to queue
[2026-09-15T13:06:40.298+0000] {logging_mixin.py:188} INFO - [2026-09-15T13:06:40.298+0000] {dagbag.py:545} INFO - Filling up the DagBag from /opt/airflow/dags/data_extracter.py
[2026-09-15T13:06:40.301+0000] {logging_mixin.py:188} INFO - [2026-09-15T13:06:40.300+0000] {dagbag.py:355} ERROR - Failed to import: /opt/airflow/dags/data_extracter.py
Traceback (most recent call last):
  File "/home/airflow/.local/lib/python3.10/site-packages/airflow/models/dagbag.py", line 351, in parse
    loader.exec_module(new_module)
  File "<frozen importlib._bootstrap_external>", line 883, in exec_module
  File "<frozen importlib._bootstrap>", line 241, in _call_with_frames_removed
  File "/opt/airflow/dags/data_extracter.py", line 1, in <module>
    from airflow.sdk import DAG
ModuleNotFoundError: No module named 'airflow.sdk'
[2026-09-15T13:06:40.301+0000] {processor.py:842} WARNING - No viable dags retrieved from /opt/airflow/dags/data_extracter.py
[2026-09-15T13:06:40.323+0000] {processor.py:183} INFO - Processing /opt/airflow/dags/data_extracter.py took 0.034 seconds
[2026-09-15T13:07:10.460+0000] {processor.py:161} INFO - Started process (PID=828) to work on /opt/airflow/dags/data_extracter.py
[2026-09-15T13:07:10.465+0000] {processor.py:830} INFO - Processing file /opt/airflow/dags/data_extracter.py for tasks to queue
[2026-09-15T13:07:10.468+0000] {logging_mixin.py:188} INFO - [2026-09-15T13:07:10.467+0000] {dagbag.py:545} INFO - Filling up the DagBag from /opt/airflow/dags/data_extracter.py
[2026-09-15T13:07:10.471+0000] {logging_mixin.py:188} INFO - [2026-09-15T13:07:10.470+0000] {dagbag.py:355} ERROR - Failed to import: /opt/airflow/dags/data_extracter.py
Traceback (most recent call last):
  File "/home/airflow/.local/lib/python3.10/site-packages/airflow/models/dagbag.py", line 351, in parse
    loader.exec_module(new_module)
  File "<frozen importlib._bootstrap_external>", line 883, in exec_module
  File "<frozen importlib._bootstrap>", line 241, in _call_with_frames_removed
  File "/opt/airflow/dags/data_extracter.py", line 1, in <module>
    from airflow.sdk import DAG
ModuleNotFoundError: No module named 'airflow.sdk'
[2026-09-15T13:07:10.471+0000] {processor.py:842} WARNING - No viable dags retrieved from /opt/airflow/dags/data_extracter.py
[2026-09-15T13:07:09.429+0000] {processor.py:183} INFO - Processing /opt/airflow/dags/data_extracter.py took 0.049 seconds
[2026-09-15T13:07:40.057+0000] {processor.py:161} INFO - Started process (PID=835) to work on /opt/airflow/dags/data_extracter.py
[2026-09-15T13:07:40.057+0000] {processor.py:830} INFO - Processing file /opt/airflow/dags/data_extracter.py for tasks to queue
[2026-09-15T13:07:40.059+0000] {logging_mixin.py:188} INFO - [2026-09-15T13:07:40.059+0000] {dagbag.py:545} INFO - Filling up the DagBag from /opt/airflow/dags/data_extracter.py
[2026-09-15T13:07:40.062+0000] {logging_mixin.py:188} INFO - [2026-09-15T13:07:40.062+0000] {dagbag.py:355} ERROR - Failed to import: /opt/airflow/dags/data_extracter.py
Traceback (most recent call last):
  File "/home/airflow/.local/lib/python3.10/site-packages/airflow/models/dagbag.py", line 351, in parse
    loader.exec_module(new_module)
  File "<frozen importlib._bootstrap_external>", line 883, in exec_module
  File "<frozen importlib._bootstrap>", line 241, in _call_with_frames_removed
  File "/opt/airflow/dags/data_extracter.py", line 1, in <module>
    from airflow.sdk import DAG
ModuleNotFoundError: No module named 'airflow.sdk'
[2026-09-15T13:07:40.063+0000] {processor.py:842} WARNING - No viable dags retrieved from /opt/airflow/dags/data_extracter.py
[2026-09-15T13:07:40.093+0000] {processor.py:183} INFO - Processing /opt/airflow/dags/data_extracter.py took 0.043 seconds
[2026-09-15T13:08:10.744+0000] {processor.py:161} INFO - Started process (PID=842) to work on /opt/airflow/dags/data_extracter.py
[2026-09-15T13:08:10.750+0000] {processor.py:830} INFO - Processing file /opt/airflow/dags/data_extracter.py for tasks to queue
[2026-09-15T13:08:10.752+0000] {logging_mixin.py:188} INFO - [2026-09-15T13:08:10.752+0000] {dagbag.py:545} INFO - Filling up the DagBag from /opt/airflow/dags/data_extracter.py
[2026-09-15T13:08:10.756+0000] {logging_mixin.py:188} INFO - [2026-09-15T13:08:10.755+0000] {dagbag.py:355} ERROR - Failed to import: /opt/airflow/dags/data_extracter.py
Traceback (most recent call last):
  File "/home/airflow/.local/lib/python3.10/site-packages/airflow/models/dagbag.py", line 351, in parse
    loader.exec_module(new_module)
  File "<frozen importlib._bootstrap_external>", line 883, in exec_module
  File "<frozen importlib._bootstrap>", line 241, in _call_with_frames_removed
  File "/opt/airflow/dags/data_extracter.py", line 1, in <module>
    from airflow.sdk import DAG
ModuleNotFoundError: No module named 'airflow.sdk'
[2026-09-15T13:08:10.756+0000] {processor.py:842} WARNING - No viable dags retrieved from /opt/airflow/dags/data_extracter.py
[2026-09-15T13:08:10.785+0000] {processor.py:183} INFO - Processing /opt/airflow/dags/data_extracter.py took 0.049 seconds
[2026-09-15T13:08:41.553+0000] {processor.py:161} INFO - Started process (PID=849) to work on /opt/airflow/dags/data_extracter.py
[2026-09-15T13:08:41.554+0000] {processor.py:830} INFO - Processing file /opt/airflow/dags/data_extracter.py for tasks to queue
[2026-09-15T13:08:41.557+0000] {logging_mixin.py:188} INFO - [2026-09-15T13:08:41.556+0000] {dagbag.py:545} INFO - Filling up the DagBag from /opt/airflow/dags/data_extracter.py
[2026-09-15T13:08:41.559+0000] {logging_mixin.py:188} INFO - [2026-09-15T13:08:41.559+0000] {dagbag.py:355} ERROR - Failed to import: /opt/airflow/dags/data_extracter.py
Traceback (most recent call last):
  File "/home/airflow/.local/lib/python3.10/site-packages/airflow/models/dagbag.py", line 351, in parse
    loader.exec_module(new_module)
  File "<frozen importlib._bootstrap_external>", line 883, in exec_module
  File "<frozen importlib._bootstrap>", line 241, in _call_with_frames_removed
  File "/opt/airflow/dags/data_extracter.py", line 1, in <module>
    from airflow.sdk import DAG
ModuleNotFoundError: No module named 'airflow.sdk'
[2026-09-15T13:08:41.559+0000] {processor.py:842} WARNING - No viable dags retrieved from /opt/airflow/dags/data_extracter.py
[2026-09-15T13:08:41.582+0000] {processor.py:183} INFO - Processing /opt/airflow/dags/data_extracter.py took 0.039 seconds
[2026-09-15T13:12:40.938+0000] {processor.py:161} INFO - Started process (PID=850) to work on /opt/airflow/dags/data_extracter.py
[2026-09-15T13:12:40.943+0000] {processor.py:830} INFO - Processing file /opt/airflow/dags/data_extracter.py for tasks to queue
[2026-09-15T13:12:40.945+0000] {logging_mixin.py:188} INFO - [2026-09-15T13:12:40.945+0000] {dagbag.py:545} INFO - Filling up the DagBag from /opt/airflow/dags/data_extracter.py
[2026-09-15T13:12:40.951+0000] {logging_mixin.py:188} INFO - [2026-09-15T13:12:40.951+0000] {dagbag.py:355} ERROR - Failed to import: /opt/airflow/dags/data_extracter.py
Traceback (most recent call last):
  File "/home/airflow/.local/lib/python3.10/site-packages/airflow/models/dagbag.py", line 351, in parse
    loader.exec_module(new_module)
  File "<frozen importlib._bootstrap_external>", line 883, in exec_module
  File "<frozen importlib._bootstrap>", line 241, in _call_with_frames_removed
  File "/opt/airflow/dags/data_extracter.py", line 1, in <module>
    from airflow.sdk import DAG
ModuleNotFoundError: No module named 'airflow.sdk'
[2026-09-15T13:12:40.952+0000] {processor.py:842} WARNING - No viable dags retrieved from /opt/airflow/dags/data_extracter.py
[2026-09-15T13:12:40.983+0000] {processor.py:183} INFO - Processing /opt/airflow/dags/data_extracter.py took 0.053 seconds
[2026-09-15T13:13:11.395+0000] {processor.py:161} INFO - Started process (PID=857) to work on /opt/airflow/dags/data_extracter.py
[2026-09-15T13:13:11.396+0000] {processor.py:830} INFO - Processing file /opt/airflow/dags/data_extracter.py for tasks to queue
[2026-09-15T13:13:11.398+0000] {logging_mixin.py:188} INFO - [2026-09-15T13:13:11.398+0000] {dagbag.py:545} INFO - Filling up the DagBag from /opt/airflow/dags/data_extracter.py
[2026-09-15T13:13:11.401+0000] {logging_mixin.py:188} INFO - [2026-09-15T13:13:11.401+0000] {dagbag.py:355} ERROR - Failed to import: /opt/airflow/dags/data_extracter.py
Traceback (most recent call last):
  File "/home/airflow/.local/lib/python3.10/site-packages/airflow/models/dagbag.py", line 351, in parse
    loader.exec_module(new_module)
  File "<frozen importlib._bootstrap_external>", line 883, in exec_module
  File "<frozen importlib._bootstrap>", line 241, in _call_with_frames_removed
  File "/opt/airflow/dags/data_extracter.py", line 1, in <module>
    from airflow.sdk import DAG
ModuleNotFoundError: No module named 'airflow.sdk'
[2026-09-15T13:13:11.402+0000] {processor.py:842} WARNING - No viable dags retrieved from /opt/airflow/dags/data_extracter.py
[2026-09-15T13:13:11.432+0000] {processor.py:183} INFO - Processing /opt/airflow/dags/data_extracter.py took 0.044 seconds
[2026-09-15T13:13:41.973+0000] {processor.py:161} INFO - Started process (PID=864) to work on /opt/airflow/dags/data_extracter.py
[2026-09-15T13:13:41.978+0000] {processor.py:830} INFO - Processing file /opt/airflow/dags/data_extracter.py for tasks to queue
[2026-09-15T13:13:41.981+0000] {logging_mixin.py:188} INFO - [2026-09-15T13:13:41.980+0000] {dagbag.py:545} INFO - Filling up the DagBag from /opt/airflow/dags/data_extracter.py
[2026-09-15T13:13:41.984+0000] {logging_mixin.py:188} INFO - [2026-09-15T13:13:41.983+0000] {dagbag.py:355} ERROR - Failed to import: /opt/airflow/dags/data_extracter.py
Traceback (most recent call last):
  File "/home/airflow/.local/lib/python3.10/site-packages/airflow/models/dagbag.py", line 351, in parse
    loader.exec_module(new_module)
  File "<frozen importlib._bootstrap_external>", line 883, in exec_module
  File "<frozen importlib._bootstrap>", line 241, in _call_with_frames_removed
  File "/opt/airflow/dags/data_extracter.py", line 1, in <module>
    from airflow.sdk import DAG
ModuleNotFoundError: No module named 'airflow.sdk'
[2026-09-15T13:13:41.985+0000] {processor.py:842} WARNING - No viable dags retrieved from /opt/airflow/dags/data_extracter.py
[2026-09-15T13:13:42.012+0000] {processor.py:183} INFO - Processing /opt/airflow/dags/data_extracter.py took 0.048 seconds
[2026-09-15T13:14:12.721+0000] {processor.py:161} INFO - Started process (PID=871) to work on /opt/airflow/dags/data_extracter.py
[2026-09-15T13:14:12.722+0000] {processor.py:830} INFO - Processing file /opt/airflow/dags/data_extracter.py for tasks to queue
[2026-09-15T13:14:12.724+0000] {logging_mixin.py:188} INFO - [2026-09-15T13:14:12.723+0000] {dagbag.py:545} INFO - Filling up the DagBag from /opt/airflow/dags/data_extracter.py
[2026-09-15T13:14:12.728+0000] {logging_mixin.py:188} INFO - [2026-09-15T13:14:12.727+0000] {dagbag.py:355} ERROR - Failed to import: /opt/airflow/dags/data_extracter.py
Traceback (most recent call last):
  File "/home/airflow/.local/lib/python3.10/site-packages/airflow/models/dagbag.py", line 351, in parse
    loader.exec_module(new_module)
  File "<frozen importlib._bootstrap_external>", line 883, in exec_module
  File "<frozen importlib._bootstrap>", line 241, in _call_with_frames_removed
  File "/opt/airflow/dags/data_extracter.py", line 1, in <module>
    from airflow.sdk import DAG
ModuleNotFoundError: No module named 'airflow.sdk'
[2026-09-15T13:14:12.728+0000] {processor.py:842} WARNING - No viable dags retrieved from /opt/airflow/dags/data_extracter.py
[2026-09-15T13:14:12.754+0000] {processor.py:183} INFO - Processing /opt/airflow/dags/data_extracter.py took 0.039 seconds
[2026-09-15T13:14:43.329+0000] {processor.py:161} INFO - Started process (PID=878) to work on /opt/airflow/dags/data_extracter.py
[2026-09-15T13:14:43.335+0000] {processor.py:830} INFO - Processing file /opt/airflow/dags/data_extracter.py for tasks to queue
[2026-09-15T13:14:43.337+0000] {logging_mixin.py:188} INFO - [2026-09-15T13:14:43.336+0000] {dagbag.py:545} INFO - Filling up the DagBag from /opt/airflow/dags/data_extracter.py
[2026-09-15T13:14:43.340+0000] {logging_mixin.py:188} INFO - [2026-09-15T13:14:43.339+0000] {dagbag.py:355} ERROR - Failed to import: /opt/airflow/dags/data_extracter.py
Traceback (most recent call last):
  File "/home/airflow/.local/lib/python3.10/site-packages/airflow/models/dagbag.py", line 351, in parse
    loader.exec_module(new_module)
  File "<frozen importlib._bootstrap_external>", line 883, in exec_module
  File "<frozen importlib._bootstrap>", line 241, in _call_with_frames_removed
  File "/opt/airflow/dags/data_extracter.py", line 1, in <module>
    from airflow.sdk import DAG
ModuleNotFoundError: No module named 'airflow.sdk'
[2026-09-15T13:14:43.340+0000] {processor.py:842} WARNING - No viable dags retrieved from /opt/airflow/dags/data_extracter.py
[2026-09-15T13:14:43.366+0000] {processor.py:183} INFO - Processing /opt/airflow/dags/data_extracter.py took 0.044 seconds
[2026-09-15T13:15:57.048+0000] {processor.py:161} INFO - Started process (PID=48) to work on /opt/airflow/dags/data_extracter.py
[2026-09-15T13:15:57.050+0000] {processor.py:830} INFO - Processing file /opt/airflow/dags/data_extracter.py for tasks to queue
[2026-09-15T13:15:57.053+0000] {logging_mixin.py:188} INFO - [2026-09-15T13:15:57.053+0000] {dagbag.py:545} INFO - Filling up the DagBag from /opt/airflow/dags/data_extracter.py
[2026-09-15T13:15:57.058+0000] {logging_mixin.py:188} INFO - [2026-09-15T13:15:57.057+0000] {dagbag.py:355} ERROR - Failed to import: /opt/airflow/dags/data_extracter.py
Traceback (most recent call last):
  File "/home/airflow/.local/lib/python3.10/site-packages/airflow/models/dagbag.py", line 351, in parse
    loader.exec_module(new_module)
  File "<frozen importlib._bootstrap_external>", line 883, in exec_module
  File "<frozen importlib._bootstrap>", line 241, in _call_with_frames_removed
  File "/opt/airflow/dags/data_extracter.py", line 1, in <module>
    from airflow.sdk import DAG
ModuleNotFoundError: No module named 'airflow.sdk'
[2026-09-15T13:15:57.059+0000] {processor.py:842} WARNING - No viable dags retrieved from /opt/airflow/dags/data_extracter.py
[2026-09-15T13:15:57.089+0000] {processor.py:183} INFO - Processing /opt/airflow/dags/data_extracter.py took 0.053 seconds
[2026-09-15T13:16:27.652+0000] {processor.py:161} INFO - Started process (PID=55) to work on /opt/airflow/dags/data_extracter.py
[2026-09-15T13:16:27.654+0000] {processor.py:830} INFO - Processing file /opt/airflow/dags/data_extracter.py for tasks to queue
[2026-09-15T13:16:27.684+0000] {logging_mixin.py:188} INFO - [2026-09-15T13:16:27.669+0000] {dagbag.py:545} INFO - Filling up the DagBag from /opt/airflow/dags/data_extracter.py
[2026-09-15T13:16:27.735+0000] {logging_mixin.py:188} INFO - [2026-09-15T13:16:27.732+0000] {dagbag.py:355} ERROR - Failed to import: /opt/airflow/dags/data_extracter.py
Traceback (most recent call last):
  File "/home/airflow/.local/lib/python3.10/site-packages/airflow/models/dagbag.py", line 351, in parse
    loader.exec_module(new_module)
  File "<frozen importlib._bootstrap_external>", line 883, in exec_module
  File "<frozen importlib._bootstrap>", line 241, in _call_with_frames_removed
  File "/opt/airflow/dags/data_extracter.py", line 1, in <module>
    from airflow.sdk import DAG
ModuleNotFoundError: No module named 'airflow.sdk'
[2026-09-15T13:16:27.736+0000] {processor.py:842} WARNING - No viable dags retrieved from /opt/airflow/dags/data_extracter.py
[2026-09-15T13:16:27.793+0000] {processor.py:183} INFO - Processing /opt/airflow/dags/data_extracter.py took 0.158 seconds
[2026-09-15T13:16:58.247+0000] {processor.py:161} INFO - Started process (PID=68) to work on /opt/airflow/dags/data_extracter.py
[2026-09-15T13:16:58.248+0000] {processor.py:830} INFO - Processing file /opt/airflow/dags/data_extracter.py for tasks to queue
[2026-09-15T13:16:58.250+0000] {logging_mixin.py:188} INFO - [2026-09-15T13:16:58.250+0000] {dagbag.py:545} INFO - Filling up the DagBag from /opt/airflow/dags/data_extracter.py
[2026-09-15T13:16:58.259+0000] {logging_mixin.py:188} INFO - [2026-09-15T13:16:58.254+0000] {dagbag.py:355} ERROR - Failed to import: /opt/airflow/dags/data_extracter.py
Traceback (most recent call last):
  File "/home/airflow/.local/lib/python3.10/site-packages/airflow/models/dagbag.py", line 351, in parse
    loader.exec_module(new_module)
  File "<frozen importlib._bootstrap_external>", line 883, in exec_module
  File "<frozen importlib._bootstrap>", line 241, in _call_with_frames_removed
  File "/opt/airflow/dags/data_extracter.py", line 1, in <module>
    from airflow.sdk import DAG
ModuleNotFoundError: No module named 'airflow.sdk'
[2026-09-15T13:16:58.260+0000] {processor.py:842} WARNING - No viable dags retrieved from /opt/airflow/dags/data_extracter.py
[2026-09-15T13:16:58.290+0000] {processor.py:183} INFO - Processing /opt/airflow/dags/data_extracter.py took 0.050 seconds
[2026-09-15T13:17:28.735+0000] {processor.py:161} INFO - Started process (PID=75) to work on /opt/airflow/dags/data_extracter.py
[2026-09-15T13:17:28.741+0000] {processor.py:830} INFO - Processing file /opt/airflow/dags/data_extracter.py for tasks to queue
[2026-09-15T13:17:28.743+0000] {logging_mixin.py:188} INFO - [2026-09-15T13:17:28.742+0000] {dagbag.py:545} INFO - Filling up the DagBag from /opt/airflow/dags/data_extracter.py
[2026-09-15T13:17:28.746+0000] {logging_mixin.py:188} INFO - [2026-09-15T13:17:28.746+0000] {dagbag.py:355} ERROR - Failed to import: /opt/airflow/dags/data_extracter.py
Traceback (most recent call last):
  File "/home/airflow/.local/lib/python3.10/site-packages/airflow/models/dagbag.py", line 351, in parse
    loader.exec_module(new_module)
  File "<frozen importlib._bootstrap_external>", line 883, in exec_module
  File "<frozen importlib._bootstrap>", line 241, in _call_with_frames_removed
  File "/opt/airflow/dags/data_extracter.py", line 1, in <module>
    from airflow.sdk import DAG
ModuleNotFoundError: No module named 'airflow.sdk'
[2026-09-15T13:17:28.747+0000] {processor.py:842} WARNING - No viable dags retrieved from /opt/airflow/dags/data_extracter.py
[2026-09-15T13:17:28.771+0000] {processor.py:183} INFO - Processing /opt/airflow/dags/data_extracter.py took 0.042 seconds
[2026-09-15T13:17:59.463+0000] {processor.py:161} INFO - Started process (PID=83) to work on /opt/airflow/dags/data_extracter.py
[2026-09-15T13:17:59.467+0000] {processor.py:830} INFO - Processing file /opt/airflow/dags/data_extracter.py for tasks to queue
[2026-09-15T13:17:59.471+0000] {logging_mixin.py:188} INFO - [2026-09-15T13:17:59.471+0000] {dagbag.py:545} INFO - Filling up the DagBag from /opt/airflow/dags/data_extracter.py
[2026-09-15T13:17:59.474+0000] {logging_mixin.py:188} INFO - [2026-09-15T13:17:59.473+0000] {dagbag.py:355} ERROR - Failed to import: /opt/airflow/dags/data_extracter.py
Traceback (most recent call last):
  File "/home/airflow/.local/lib/python3.10/site-packages/airflow/models/dagbag.py", line 351, in parse
    loader.exec_module(new_module)
  File "<frozen importlib._bootstrap_external>", line 883, in exec_module
  File "<frozen importlib._bootstrap>", line 241, in _call_with_frames_removed
  File "/opt/airflow/dags/data_extracter.py", line 1, in <module>
    from airflow.sdk import DAG
ModuleNotFoundError: No module named 'airflow.sdk'
[2026-09-15T13:17:59.474+0000] {processor.py:842} WARNING - No viable dags retrieved from /opt/airflow/dags/data_extracter.py
[2026-09-15T13:17:59.495+0000] {processor.py:183} INFO - Processing /opt/airflow/dags/data_extracter.py took 0.047 seconds
[2026-09-15T13:18:30.048+0000] {processor.py:161} INFO - Started process (PID=90) to work on /opt/airflow/dags/data_extracter.py
[2026-09-15T13:18:30.053+0000] {processor.py:830} INFO - Processing file /opt/airflow/dags/data_extracter.py for tasks to queue
[2026-09-15T13:18:30.056+0000] {logging_mixin.py:188} INFO - [2026-09-15T13:18:30.056+0000] {dagbag.py:545} INFO - Filling up the DagBag from /opt/airflow/dags/data_extracter.py
[2026-09-15T13:18:30.059+0000] {logging_mixin.py:188} INFO - [2026-09-15T13:18:30.058+0000] {dagbag.py:355} ERROR - Failed to import: /opt/airflow/dags/data_extracter.py
Traceback (most recent call last):
  File "/home/airflow/.local/lib/python3.10/site-packages/airflow/models/dagbag.py", line 351, in parse
    loader.exec_module(new_module)
  File "<frozen importlib._bootstrap_external>", line 883, in exec_module
  File "<frozen importlib._bootstrap>", line 241, in _call_with_frames_removed
  File "/opt/airflow/dags/data_extracter.py", line 1, in <module>
    from airflow.sdk import DAG
ModuleNotFoundError: No module named 'airflow.sdk'
[2026-09-15T13:18:30.059+0000] {processor.py:842} WARNING - No viable dags retrieved from /opt/airflow/dags/data_extracter.py
[2026-09-15T13:18:30.081+0000] {processor.py:183} INFO - Processing /opt/airflow/dags/data_extracter.py took 0.039 seconds
[2026-09-15T13:19:00.751+0000] {processor.py:161} INFO - Started process (PID=98) to work on /opt/airflow/dags/data_extracter.py
[2026-09-15T13:19:00.752+0000] {processor.py:830} INFO - Processing file /opt/airflow/dags/data_extracter.py for tasks to queue
[2026-09-15T13:19:00.754+0000] {logging_mixin.py:188} INFO - [2026-09-15T13:19:00.754+0000] {dagbag.py:545} INFO - Filling up the DagBag from /opt/airflow/dags/data_extracter.py
[2026-09-15T13:19:00.757+0000] {logging_mixin.py:188} INFO - [2026-09-15T13:19:00.756+0000] {dagbag.py:355} ERROR - Failed to import: /opt/airflow/dags/data_extracter.py
Traceback (most recent call last):
  File "/home/airflow/.local/lib/python3.10/site-packages/airflow/models/dagbag.py", line 351, in parse
    loader.exec_module(new_module)
  File "<frozen importlib._bootstrap_external>", line 883, in exec_module
  File "<frozen importlib._bootstrap>", line 241, in _call_with_frames_removed
  File "/opt/airflow/dags/data_extracter.py", line 1, in <module>
    from airflow.sdk import DAG
ModuleNotFoundError: No module named 'airflow.sdk'
[2026-09-15T13:19:00.757+0000] {processor.py:842} WARNING - No viable dags retrieved from /opt/airflow/dags/data_extracter.py
[2026-09-15T13:19:00.779+0000] {processor.py:183} INFO - Processing /opt/airflow/dags/data_extracter.py took 0.034 seconds
[2026-09-15T13:19:31.343+0000] {processor.py:161} INFO - Started process (PID=105) to work on /opt/airflow/dags/data_extracter.py
[2026-09-15T13:19:31.348+0000] {processor.py:830} INFO - Processing file /opt/airflow/dags/data_extracter.py for tasks to queue
[2026-09-15T13:19:31.350+0000] {logging_mixin.py:188} INFO - [2026-09-15T13:19:31.350+0000] {dagbag.py:545} INFO - Filling up the DagBag from /opt/airflow/dags/data_extracter.py
[2026-09-15T13:19:31.352+0000] {logging_mixin.py:188} INFO - [2026-09-15T13:19:31.352+0000] {dagbag.py:355} ERROR - Failed to import: /opt/airflow/dags/data_extracter.py
Traceback (most recent call last):
  File "/home/airflow/.local/lib/python3.10/site-packages/airflow/models/dagbag.py", line 351, in parse
    loader.exec_module(new_module)
  File "<frozen importlib._bootstrap_external>", line 883, in exec_module
  File "<frozen importlib._bootstrap>", line 241, in _call_with_frames_removed
  File "/opt/airflow/dags/data_extracter.py", line 1, in <module>
    from airflow.sdk import DAG
ModuleNotFoundError: No module named 'airflow.sdk'
[2026-09-15T13:19:31.353+0000] {processor.py:842} WARNING - No viable dags retrieved from /opt/airflow/dags/data_extracter.py
[2026-09-15T13:19:31.373+0000] {processor.py:183} INFO - Processing /opt/airflow/dags/data_extracter.py took 0.036 seconds
[2026-09-15T13:20:02.233+0000] {processor.py:161} INFO - Started process (PID=112) to work on /opt/airflow/dags/data_extracter.py
[2026-09-15T13:20:02.237+0000] {processor.py:830} INFO - Processing file /opt/airflow/dags/data_extracter.py for tasks to queue
[2026-09-15T13:20:02.238+0000] {logging_mixin.py:188} INFO - [2026-09-15T13:20:02.238+0000] {dagbag.py:545} INFO - Filling up the DagBag from /opt/airflow/dags/data_extracter.py
[2026-09-15T13:20:02.241+0000] {logging_mixin.py:188} INFO - [2026-09-15T13:20:02.240+0000] {dagbag.py:355} ERROR - Failed to import: /opt/airflow/dags/data_extracter.py
Traceback (most recent call last):
  File "/home/airflow/.local/lib/python3.10/site-packages/airflow/models/dagbag.py", line 351, in parse
    loader.exec_module(new_module)
  File "<frozen importlib._bootstrap_external>", line 883, in exec_module
  File "<frozen importlib._bootstrap>", line 241, in _call_with_frames_removed
  File "/opt/airflow/dags/data_extracter.py", line 1, in <module>
    from airflow.sdk import DAG
ModuleNotFoundError: No module named 'airflow.sdk'
[2026-09-15T13:20:02.241+0000] {processor.py:842} WARNING - No viable dags retrieved from /opt/airflow/dags/data_extracter.py
[2026-09-15T13:20:02.266+0000] {processor.py:183} INFO - Processing /opt/airflow/dags/data_extracter.py took 0.042 seconds
[2026-09-15T13:20:32.864+0000] {processor.py:161} INFO - Started process (PID=119) to work on /opt/airflow/dags/data_extracter.py
[2026-09-15T13:20:32.866+0000] {processor.py:830} INFO - Processing file /opt/airflow/dags/data_extracter.py for tasks to queue
[2026-09-15T13:20:32.868+0000] {logging_mixin.py:188} INFO - [2026-09-15T13:20:32.868+0000] {dagbag.py:545} INFO - Filling up the DagBag from /opt/airflow/dags/data_extracter.py
[2026-09-15T13:20:32.871+0000] {logging_mixin.py:188} INFO - [2026-09-15T13:20:32.870+0000] {dagbag.py:355} ERROR - Failed to import: /opt/airflow/dags/data_extracter.py
Traceback (most recent call last):
  File "/home/airflow/.local/lib/python3.10/site-packages/airflow/models/dagbag.py", line 351, in parse
    loader.exec_module(new_module)
  File "<frozen importlib._bootstrap_external>", line 883, in exec_module
  File "<frozen importlib._bootstrap>", line 241, in _call_with_frames_removed
  File "/opt/airflow/dags/data_extracter.py", line 1, in <module>
    from airflow.sdk import DAG
ModuleNotFoundError: No module named 'airflow.sdk'
[2026-09-15T13:20:32.871+0000] {processor.py:842} WARNING - No viable dags retrieved from /opt/airflow/dags/data_extracter.py
[2026-09-15T13:20:32.892+0000] {processor.py:183} INFO - Processing /opt/airflow/dags/data_extracter.py took 0.033 seconds
[2026-09-15T13:21:03.496+0000] {processor.py:161} INFO - Started process (PID=126) to work on /opt/airflow/dags/data_extracter.py
[2026-09-15T13:21:03.497+0000] {processor.py:830} INFO - Processing file /opt/airflow/dags/data_extracter.py for tasks to queue
[2026-09-15T13:21:03.499+0000] {logging_mixin.py:188} INFO - [2026-09-15T13:21:03.499+0000] {dagbag.py:545} INFO - Filling up the DagBag from /opt/airflow/dags/data_extracter.py
[2026-09-15T13:21:03.503+0000] {logging_mixin.py:188} INFO - [2026-09-15T13:21:03.502+0000] {dagbag.py:355} ERROR - Failed to import: /opt/airflow/dags/data_extracter.py
Traceback (most recent call last):
  File "/home/airflow/.local/lib/python3.10/site-packages/airflow/models/dagbag.py", line 351, in parse
    loader.exec_module(new_module)
  File "<frozen importlib._bootstrap_external>", line 883, in exec_module
  File "<frozen importlib._bootstrap>", line 241, in _call_with_frames_removed
  File "/opt/airflow/dags/data_extracter.py", line 1, in <module>
    from airflow.sdk import DAG
ModuleNotFoundError: No module named 'airflow.sdk'
[2026-09-15T13:21:03.503+0000] {processor.py:842} WARNING - No viable dags retrieved from /opt/airflow/dags/data_extracter.py
[2026-09-15T13:21:03.525+0000] {processor.py:183} INFO - Processing /opt/airflow/dags/data_extracter.py took 0.035 seconds
[2026-09-15T13:21:34.101+0000] {processor.py:161} INFO - Started process (PID=133) to work on /opt/airflow/dags/data_extracter.py
[2026-09-15T13:21:34.106+0000] {processor.py:830} INFO - Processing file /opt/airflow/dags/data_extracter.py for tasks to queue
[2026-09-15T13:21:34.108+0000] {logging_mixin.py:188} INFO - [2026-09-15T13:21:34.108+0000] {dagbag.py:545} INFO - Filling up the DagBag from /opt/airflow/dags/data_extracter.py
[2026-09-15T13:21:34.111+0000] {logging_mixin.py:188} INFO - [2026-09-15T13:21:34.110+0000] {dagbag.py:355} ERROR - Failed to import: /opt/airflow/dags/data_extracter.py
Traceback (most recent call last):
  File "/home/airflow/.local/lib/python3.10/site-packages/airflow/models/dagbag.py", line 351, in parse
    loader.exec_module(new_module)
  File "<frozen importlib._bootstrap_external>", line 883, in exec_module
  File "<frozen importlib._bootstrap>", line 241, in _call_with_frames_removed
  File "/opt/airflow/dags/data_extracter.py", line 1, in <module>
    from airflow.sdk import DAG
ModuleNotFoundError: No module named 'airflow.sdk'
[2026-09-15T13:21:34.111+0000] {processor.py:842} WARNING - No viable dags retrieved from /opt/airflow/dags/data_extracter.py
[2026-09-15T13:21:34.132+0000] {processor.py:183} INFO - Processing /opt/airflow/dags/data_extracter.py took 0.037 seconds
[2026-09-15T13:22:04.677+0000] {processor.py:161} INFO - Started process (PID=140) to work on /opt/airflow/dags/data_extracter.py
[2026-09-15T13:22:04.679+0000] {processor.py:830} INFO - Processing file /opt/airflow/dags/data_extracter.py for tasks to queue
[2026-09-15T13:22:04.681+0000] {logging_mixin.py:188} INFO - [2026-09-15T13:22:04.680+0000] {dagbag.py:545} INFO - Filling up the DagBag from /opt/airflow/dags/data_extracter.py
[2026-09-15T13:22:04.684+0000] {logging_mixin.py:188} INFO - [2026-09-15T13:22:04.683+0000] {dagbag.py:355} ERROR - Failed to import: /opt/airflow/dags/data_extracter.py
Traceback (most recent call last):
  File "/home/airflow/.local/lib/python3.10/site-packages/airflow/models/dagbag.py", line 351, in parse
    loader.exec_module(new_module)
  File "<frozen importlib._bootstrap_external>", line 883, in exec_module
  File "<frozen importlib._bootstrap>", line 241, in _call_with_frames_removed
  File "/opt/airflow/dags/data_extracter.py", line 1, in <module>
    from airflow.sdk import DAG
ModuleNotFoundError: No module named 'airflow.sdk'
[2026-09-15T13:22:04.684+0000] {processor.py:842} WARNING - No viable dags retrieved from /opt/airflow/dags/data_extracter.py
[2026-09-15T13:22:04.707+0000] {processor.py:183} INFO - Processing /opt/airflow/dags/data_extracter.py took 0.037 seconds
[2026-09-15T13:22:35.191+0000] {processor.py:161} INFO - Started process (PID=147) to work on /opt/airflow/dags/data_extracter.py
[2026-09-15T13:22:35.196+0000] {processor.py:830} INFO - Processing file /opt/airflow/dags/data_extracter.py for tasks to queue
[2026-09-15T13:22:35.199+0000] {logging_mixin.py:188} INFO - [2026-09-15T13:22:35.198+0000] {dagbag.py:545} INFO - Filling up the DagBag from /opt/airflow/dags/data_extracter.py
[2026-09-15T13:22:35.201+0000] {logging_mixin.py:188} INFO - [2026-09-15T13:22:35.201+0000] {dagbag.py:355} ERROR - Failed to import: /opt/airflow/dags/data_extracter.py
Traceback (most recent call last):
  File "/home/airflow/.local/lib/python3.10/site-packages/airflow/models/dagbag.py", line 351, in parse
    loader.exec_module(new_module)
  File "<frozen importlib._bootstrap_external>", line 883, in exec_module
  File "<frozen importlib._bootstrap>", line 241, in _call_with_frames_removed
  File "/opt/airflow/dags/data_extracter.py", line 1, in <module>
    from airflow.sdk import DAG
ModuleNotFoundError: No module named 'airflow.sdk'
[2026-09-15T13:22:35.202+0000] {processor.py:842} WARNING - No viable dags retrieved from /opt/airflow/dags/data_extracter.py
[2026-09-15T13:22:35.223+0000] {processor.py:183} INFO - Processing /opt/airflow/dags/data_extracter.py took 0.039 seconds
[2026-09-15T13:23:05.770+0000] {processor.py:161} INFO - Started process (PID=160) to work on /opt/airflow/dags/data_extracter.py
[2026-09-15T13:23:05.771+0000] {processor.py:830} INFO - Processing file /opt/airflow/dags/data_extracter.py for tasks to queue
[2026-09-15T13:23:05.773+0000] {logging_mixin.py:188} INFO - [2026-09-15T13:23:05.773+0000] {dagbag.py:545} INFO - Filling up the DagBag from /opt/airflow/dags/data_extracter.py
[2026-09-15T13:23:05.777+0000] {logging_mixin.py:188} INFO - [2026-09-15T13:23:05.776+0000] {dagbag.py:355} ERROR - Failed to import: /opt/airflow/dags/data_extracter.py
Traceback (most recent call last):
  File "/home/airflow/.local/lib/python3.10/site-packages/airflow/models/dagbag.py", line 351, in parse
    loader.exec_module(new_module)
  File "<frozen importlib._bootstrap_external>", line 883, in exec_module
  File "<frozen importlib._bootstrap>", line 241, in _call_with_frames_removed
  File "/opt/airflow/dags/data_extracter.py", line 1, in <module>
    from airflow.sdk import DAG
ModuleNotFoundError: No module named 'airflow.sdk'
[2026-09-15T13:23:05.777+0000] {processor.py:842} WARNING - No viable dags retrieved from /opt/airflow/dags/data_extracter.py
[2026-09-15T13:23:05.805+0000] {processor.py:183} INFO - Processing /opt/airflow/dags/data_extracter.py took 0.044 seconds
[2026-09-15T13:23:36.236+0000] {processor.py:161} INFO - Started process (PID=167) to work on /opt/airflow/dags/data_extracter.py
[2026-09-15T13:23:36.237+0000] {processor.py:830} INFO - Processing file /opt/airflow/dags/data_extracter.py for tasks to queue
[2026-09-15T13:23:36.241+0000] {logging_mixin.py:188} INFO - [2026-09-15T13:23:36.240+0000] {dagbag.py:545} INFO - Filling up the DagBag from /opt/airflow/dags/data_extracter.py
[2026-09-15T13:23:36.246+0000] {logging_mixin.py:188} INFO - [2026-09-15T13:23:36.245+0000] {dagbag.py:355} ERROR - Failed to import: /opt/airflow/dags/data_extracter.py
Traceback (most recent call last):
  File "/home/airflow/.local/lib/python3.10/site-packages/airflow/models/dagbag.py", line 351, in parse
    loader.exec_module(new_module)
  File "<frozen importlib._bootstrap_external>", line 883, in exec_module
  File "<frozen importlib._bootstrap>", line 241, in _call_with_frames_removed
  File "/opt/airflow/dags/data_extracter.py", line 1, in <module>
    from airflow.sdk import DAG
ModuleNotFoundError: No module named 'airflow.sdk'
[2026-09-15T13:23:36.246+0000] {processor.py:842} WARNING - No viable dags retrieved from /opt/airflow/dags/data_extracter.py
[2026-09-15T13:23:36.283+0000] {processor.py:183} INFO - Processing /opt/airflow/dags/data_extracter.py took 0.057 seconds
[2026-09-15T13:24:06.822+0000] {processor.py:161} INFO - Started process (PID=174) to work on /opt/airflow/dags/data_extracter.py
[2026-09-15T13:24:06.824+0000] {processor.py:830} INFO - Processing file /opt/airflow/dags/data_extracter.py for tasks to queue
[2026-09-15T13:24:06.828+0000] {logging_mixin.py:188} INFO - [2026-09-15T13:24:06.827+0000] {dagbag.py:545} INFO - Filling up the DagBag from /opt/airflow/dags/data_extracter.py
[2026-09-15T13:24:06.832+0000] {logging_mixin.py:188} INFO - [2026-09-15T13:24:06.831+0000] {dagbag.py:355} ERROR - Failed to import: /opt/airflow/dags/data_extracter.py
Traceback (most recent call last):
  File "/home/airflow/.local/lib/python3.10/site-packages/airflow/models/dagbag.py", line 351, in parse
    loader.exec_module(new_module)
  File "<frozen importlib._bootstrap_external>", line 883, in exec_module
  File "<frozen importlib._bootstrap>", line 241, in _call_with_frames_removed
  File "/opt/airflow/dags/data_extracter.py", line 1, in <module>
    from airflow.sdk import DAG
ModuleNotFoundError: No module named 'airflow.sdk'
[2026-09-15T13:24:06.833+0000] {processor.py:842} WARNING - No viable dags retrieved from /opt/airflow/dags/data_extracter.py
[2026-09-15T13:24:06.860+0000] {processor.py:183} INFO - Processing /opt/airflow/dags/data_extracter.py took 0.048 seconds
[2026-09-15T13:24:37.369+0000] {processor.py:161} INFO - Started process (PID=181) to work on /opt/airflow/dags/data_extracter.py
[2026-09-15T13:24:37.371+0000] {processor.py:830} INFO - Processing file /opt/airflow/dags/data_extracter.py for tasks to queue
[2026-09-15T13:24:37.374+0000] {logging_mixin.py:188} INFO - [2026-09-15T13:24:37.374+0000] {dagbag.py:545} INFO - Filling up the DagBag from /opt/airflow/dags/data_extracter.py
[2026-09-15T13:24:37.379+0000] {logging_mixin.py:188} INFO - [2026-09-15T13:24:37.377+0000] {dagbag.py:355} ERROR - Failed to import: /opt/airflow/dags/data_extracter.py
Traceback (most recent call last):
  File "/home/airflow/.local/lib/python3.10/site-packages/airflow/models/dagbag.py", line 351, in parse
    loader.exec_module(new_module)
  File "<frozen importlib._bootstrap_external>", line 883, in exec_module
  File "<frozen importlib._bootstrap>", line 241, in _call_with_frames_removed
  File "/opt/airflow/dags/data_extracter.py", line 1, in <module>
    from airflow.sdk import DAG
ModuleNotFoundError: No module named 'airflow.sdk'
[2026-09-15T13:24:37.379+0000] {processor.py:842} WARNING - No viable dags retrieved from /opt/airflow/dags/data_extracter.py
[2026-09-15T13:24:37.407+0000] {processor.py:183} INFO - Processing /opt/airflow/dags/data_extracter.py took 0.046 seconds
[2026-09-15T13:25:07.978+0000] {processor.py:161} INFO - Started process (PID=188) to work on /opt/airflow/dags/data_extracter.py
[2026-09-15T13:25:08.007+0000] {processor.py:830} INFO - Processing file /opt/airflow/dags/data_extracter.py for tasks to queue
[2026-09-15T13:25:08.011+0000] {logging_mixin.py:188} INFO - [2026-09-15T13:25:08.011+0000] {dagbag.py:545} INFO - Filling up the DagBag from /opt/airflow/dags/data_extracter.py
[2026-09-15T13:25:08.017+0000] {logging_mixin.py:188} INFO - [2026-09-15T13:25:08.016+0000] {dagbag.py:355} ERROR - Failed to import: /opt/airflow/dags/data_extracter.py
Traceback (most recent call last):
  File "/home/airflow/.local/lib/python3.10/site-packages/airflow/models/dagbag.py", line 351, in parse
    loader.exec_module(new_module)
  File "<frozen importlib._bootstrap_external>", line 883, in exec_module
  File "<frozen importlib._bootstrap>", line 241, in _call_with_frames_removed
  File "/opt/airflow/dags/data_extracter.py", line 1, in <module>
    from airflow.sdk import DAG
ModuleNotFoundError: No module named 'airflow.sdk'
[2026-09-15T13:25:08.018+0000] {processor.py:842} WARNING - No viable dags retrieved from /opt/airflow/dags/data_extracter.py
[2026-09-15T13:25:08.083+0000] {processor.py:183} INFO - Processing /opt/airflow/dags/data_extracter.py took 0.125 seconds
[2026-09-15T13:25:38.474+0000] {processor.py:161} INFO - Started process (PID=195) to work on /opt/airflow/dags/data_extracter.py
[2026-09-15T13:25:38.476+0000] {processor.py:830} INFO - Processing file /opt/airflow/dags/data_extracter.py for tasks to queue
[2026-09-15T13:25:38.478+0000] {logging_mixin.py:188} INFO - [2026-09-15T13:25:38.477+0000] {dagbag.py:545} INFO - Filling up the DagBag from /opt/airflow/dags/data_extracter.py
[2026-09-15T13:25:38.481+0000] {logging_mixin.py:188} INFO - [2026-09-15T13:25:38.480+0000] {dagbag.py:355} ERROR - Failed to import: /opt/airflow/dags/data_extracter.py
Traceback (most recent call last):
  File "/home/airflow/.local/lib/python3.10/site-packages/airflow/models/dagbag.py", line 351, in parse
    loader.exec_module(new_module)
  File "<frozen importlib._bootstrap_external>", line 883, in exec_module
  File "<frozen importlib._bootstrap>", line 241, in _call_with_frames_removed
  File "/opt/airflow/dags/data_extracter.py", line 1, in <module>
    from airflow.sdk import DAG
ModuleNotFoundError: No module named 'airflow.sdk'
[2026-09-15T13:25:38.481+0000] {processor.py:842} WARNING - No viable dags retrieved from /opt/airflow/dags/data_extracter.py
[2026-09-15T13:25:38.507+0000] {processor.py:183} INFO - Processing /opt/airflow/dags/data_extracter.py took 0.048 seconds
[2026-09-15T13:26:09.419+0000] {processor.py:161} INFO - Started process (PID=202) to work on /opt/airflow/dags/data_extracter.py
[2026-09-15T13:26:09.424+0000] {processor.py:830} INFO - Processing file /opt/airflow/dags/data_extracter.py for tasks to queue
[2026-09-15T13:26:09.429+0000] {logging_mixin.py:188} INFO - [2026-09-15T13:26:09.428+0000] {dagbag.py:545} INFO - Filling up the DagBag from /opt/airflow/dags/data_extracter.py
[2026-09-15T13:26:09.438+0000] {logging_mixin.py:188} INFO - [2026-09-15T13:26:09.435+0000] {dagbag.py:355} ERROR - Failed to import: /opt/airflow/dags/data_extracter.py
Traceback (most recent call last):
  File "/home/airflow/.local/lib/python3.10/site-packages/airflow/models/dagbag.py", line 351, in parse
    loader.exec_module(new_module)
  File "<frozen importlib._bootstrap_external>", line 883, in exec_module
  File "<frozen importlib._bootstrap>", line 241, in _call_with_frames_removed
  File "/opt/airflow/dags/data_extracter.py", line 1, in <module>
    from airflow.sdk import DAG
ModuleNotFoundError: No module named 'airflow.sdk'
[2026-09-15T13:26:09.438+0000] {processor.py:842} WARNING - No viable dags retrieved from /opt/airflow/dags/data_extracter.py
[2026-09-15T13:26:09.530+0000] {processor.py:183} INFO - Processing /opt/airflow/dags/data_extracter.py took 0.247 seconds
[2026-09-15T13:26:40.061+0000] {processor.py:161} INFO - Started process (PID=209) to work on /opt/airflow/dags/data_extracter.py
[2026-09-15T13:26:40.066+0000] {processor.py:830} INFO - Processing file /opt/airflow/dags/data_extracter.py for tasks to queue
[2026-09-15T13:26:40.069+0000] {logging_mixin.py:188} INFO - [2026-09-15T13:26:40.068+0000] {dagbag.py:545} INFO - Filling up the DagBag from /opt/airflow/dags/data_extracter.py
[2026-09-15T13:26:40.071+0000] {logging_mixin.py:188} INFO - [2026-09-15T13:26:40.071+0000] {dagbag.py:355} ERROR - Failed to import: /opt/airflow/dags/data_extracter.py
Traceback (most recent call last):
  File "/home/airflow/.local/lib/python3.10/site-packages/airflow/models/dagbag.py", line 351, in parse
    loader.exec_module(new_module)
  File "<frozen importlib._bootstrap_external>", line 883, in exec_module
  File "<frozen importlib._bootstrap>", line 241, in _call_with_frames_removed
  File "/opt/airflow/dags/data_extracter.py", line 1, in <module>
    from airflow.sdk import DAG
ModuleNotFoundError: No module named 'airflow.sdk'
[2026-09-15T13:26:40.072+0000] {processor.py:842} WARNING - No viable dags retrieved from /opt/airflow/dags/data_extracter.py
[2026-09-15T13:26:40.105+0000] {processor.py:183} INFO - Processing /opt/airflow/dags/data_extracter.py took 0.051 seconds
[2026-09-15T13:29:03.833+0000] {processor.py:161} INFO - Started process (PID=244) to work on /opt/airflow/dags/data_extracter.py
[2026-09-15T13:29:03.835+0000] {processor.py:830} INFO - Processing file /opt/airflow/dags/data_extracter.py for tasks to queue
[2026-09-15T13:29:03.839+0000] {logging_mixin.py:188} INFO - [2026-09-15T13:29:03.838+0000] {dagbag.py:545} INFO - Filling up the DagBag from /opt/airflow/dags/data_extracter.py
[2026-09-15T13:29:03.864+0000] {processor.py:840} INFO - DAG(s) 'first_pipeline' retrieved from /opt/airflow/dags/data_extracter.py
[2026-09-15T13:29:04.214+0000] {logging_mixin.py:188} INFO - [2026-09-15T13:29:04.214+0000] {override.py:1829} INFO - Created Permission View: can delete on DAG:first_pipeline
[2026-09-15T13:29:04.229+0000] {logging_mixin.py:188} INFO - [2026-09-15T13:29:04.229+0000] {override.py:1829} INFO - Created Permission View: can edit on DAG:first_pipeline
[2026-09-15T13:29:04.238+0000] {logging_mixin.py:188} INFO - [2026-09-15T13:29:04.238+0000] {override.py:1829} INFO - Created Permission View: can read on DAG:first_pipeline
[2026-09-15T13:29:04.239+0000] {logging_mixin.py:188} INFO - [2026-09-15T13:29:04.238+0000] {dag.py:3096} INFO - Sync 1 DAGs
[2026-09-15T13:29:04.255+0000] {logging_mixin.py:188} INFO - [2026-09-15T13:29:04.254+0000] {dag.py:3118} INFO - Creating ORM DAG for first_pipeline
[2026-09-15T13:29:04.255+0000] {logging_mixin.py:188} INFO - [2026-09-15T13:29:04.255+0000] {dag.py:3954} INFO - Setting next_dagrun for first_pipeline to None, run_after=None
[2026-09-15T13:29:04.278+0000] {processor.py:183} INFO - Processing /opt/airflow/dags/data_extracter.py took 0.457 seconds
[2026-09-15T13:29:34.355+0000] {processor.py:161} INFO - Started process (PID=251) to work on /opt/airflow/dags/data_extracter.py
[2026-09-15T13:29:34.361+0000] {processor.py:830} INFO - Processing file /opt/airflow/dags/data_extracter.py for tasks to queue
[2026-09-15T13:29:34.363+0000] {logging_mixin.py:188} INFO - [2026-09-15T13:29:34.362+0000] {dagbag.py:545} INFO - Filling up the DagBag from /opt/airflow/dags/data_extracter.py
[2026-09-15T13:29:34.370+0000] {processor.py:840} INFO - DAG(s) 'first_pipeline' retrieved from /opt/airflow/dags/data_extracter.py
[2026-09-15T13:29:34.473+0000] {logging_mixin.py:188} INFO - [2026-09-15T13:29:34.472+0000] {dag.py:3096} INFO - Sync 1 DAGs
[2026-09-15T13:29:34.484+0000] {logging_mixin.py:188} INFO - [2026-09-15T13:29:34.484+0000] {dag.py:3954} INFO - Setting next_dagrun for first_pipeline to None, run_after=None
[2026-09-15T13:29:34.507+0000] {processor.py:183} INFO - Processing /opt/airflow/dags/data_extracter.py took 0.158 seconds
[2026-09-15T13:30:04.904+0000] {processor.py:161} INFO - Started process (PID=258) to work on /opt/airflow/dags/data_extracter.py
[2026-09-15T13:30:04.909+0000] {processor.py:830} INFO - Processing file /opt/airflow/dags/data_extracter.py for tasks to queue
[2026-09-15T13:30:04.913+0000] {logging_mixin.py:188} INFO - [2026-09-15T13:30:04.912+0000] {dagbag.py:545} INFO - Filling up the DagBag from /opt/airflow/dags/data_extracter.py
[2026-09-15T13:30:04.924+0000] {processor.py:840} INFO - DAG(s) 'first_pipeline' retrieved from /opt/airflow/dags/data_extracter.py
[2026-09-15T13:30:04.968+0000] {logging_mixin.py:188} INFO - [2026-09-15T13:30:04.966+0000] {dag.py:3096} INFO - Sync 1 DAGs
[2026-09-15T13:30:04.981+0000] {logging_mixin.py:188} INFO - [2026-09-15T13:30:04.981+0000] {dag.py:3954} INFO - Setting next_dagrun for first_pipeline to None, run_after=None
[2026-09-15T13:30:05.011+0000] {processor.py:183} INFO - Processing /opt/airflow/dags/data_extracter.py took 0.114 seconds
