[2026-09-18T08:46:14.580+0000] {processor.py:161} INFO - Started process (PID=49) to work on /opt/airflow/dags/extraction_dag.py
[2026-09-18T08:46:14.582+0000] {processor.py:830} INFO - Processing file /opt/airflow/dags/extraction_dag.py for tasks to queue
[2026-09-18T08:46:14.587+0000] {logging_mixin.py:188} INFO - [2026-09-18T08:46:14.586+0000] {dagbag.py:545} INFO - Filling up the DagBag from /opt/airflow/dags/extraction_dag.py
[2026-09-18T08:46:14.607+0000] {processor.py:840} INFO - DAG(s) 'data_extraction' retrieved from /opt/airflow/dags/extraction_dag.py
[2026-09-18T08:46:14.662+0000] {logging_mixin.py:188} INFO - [2026-09-18T08:46:14.661+0000] {dag.py:3096} INFO - Sync 1 DAGs
[2026-09-18T08:46:14.677+0000] {logging_mixin.py:188} INFO - [2026-09-18T08:46:14.677+0000] {dag.py:3954} INFO - Setting next_dagrun for data_extraction to None, run_after=None
[2026-09-18T08:46:14.710+0000] {processor.py:183} INFO - Processing /opt/airflow/dags/extraction_dag.py took 0.143 seconds
[2026-09-18T08:46:45.729+0000] {processor.py:161} INFO - Started process (PID=63) to work on /opt/airflow/dags/extraction_dag.py
[2026-09-18T08:46:45.730+0000] {processor.py:830} INFO - Processing file /opt/airflow/dags/extraction_dag.py for tasks to queue
[2026-09-18T08:46:45.732+0000] {logging_mixin.py:188} INFO - [2026-09-18T08:46:45.732+0000] {dagbag.py:545} INFO - Filling up the DagBag from /opt/airflow/dags/extraction_dag.py
[2026-09-18T08:46:45.741+0000] {processor.py:840} INFO - DAG(s) 'data_extraction' retrieved from /opt/airflow/dags/extraction_dag.py
[2026-09-18T08:46:45.768+0000] {logging_mixin.py:188} INFO - [2026-09-18T08:46:45.768+0000] {dag.py:3096} INFO - Sync 1 DAGs
[2026-09-18T08:46:45.779+0000] {logging_mixin.py:188} INFO - [2026-09-18T08:46:45.778+0000] {dag.py:3954} INFO - Setting next_dagrun for data_extraction to None, run_after=None
[2026-09-18T08:46:45.799+0000] {processor.py:183} INFO - Processing /opt/airflow/dags/extraction_dag.py took 0.076 seconds
[2026-09-18T08:47:15.980+0000] {processor.py:161} INFO - Started process (PID=71) to work on /opt/airflow/dags/extraction_dag.py
[2026-09-18T08:47:15.981+0000] {processor.py:830} INFO - Processing file /opt/airflow/dags/extraction_dag.py for tasks to queue
[2026-09-18T08:47:15.983+0000] {logging_mixin.py:188} INFO - [2026-09-18T08:47:15.983+0000] {dagbag.py:545} INFO - Filling up the DagBag from /opt/airflow/dags/extraction_dag.py
[2026-09-18T08:47:15.991+0000] {processor.py:840} INFO - DAG(s) 'data_extraction' retrieved from /opt/airflow/dags/extraction_dag.py
[2026-09-18T08:47:16.016+0000] {logging_mixin.py:188} INFO - [2026-09-18T08:47:16.016+0000] {dag.py:3096} INFO - Sync 1 DAGs
[2026-09-18T08:47:16.027+0000] {logging_mixin.py:188} INFO - [2026-09-18T08:47:16.027+0000] {dag.py:3954} INFO - Setting next_dagrun for data_extraction to None, run_after=None
[2026-09-18T08:47:16.046+0000] {processor.py:183} INFO - Processing /opt/airflow/dags/extraction_dag.py took 0.075 seconds
[2026-09-18T08:47:47.010+0000] {processor.py:161} INFO - Started process (PID=79) to work on /opt/airflow/dags/extraction_dag.py
[2026-09-18T08:47:47.012+0000] {processor.py:830} INFO - Processing file /opt/airflow/dags/extraction_dag.py for tasks to queue
[2026-09-18T08:47:47.013+0000] {logging_mixin.py:188} INFO - [2026-09-18T08:47:47.013+0000] {dagbag.py:545} INFO - Filling up the DagBag from /opt/airflow/dags/extraction_dag.py
[2026-09-18T08:47:47.027+0000] {processor.py:840} INFO - DAG(s) 'data_extraction' retrieved from /opt/airflow/dags/extraction_dag.py
[2026-09-18T08:47:47.054+0000] {logging_mixin.py:188} INFO - [2026-09-18T08:47:47.054+0000] {dag.py:3096} INFO - Sync 1 DAGs
[2026-09-18T08:47:47.071+0000] {logging_mixin.py:188} INFO - [2026-09-18T08:47:47.071+0000] {dag.py:3954} INFO - Setting next_dagrun for data_extraction to None, run_after=None
[2026-09-18T08:47:47.095+0000] {processor.py:183} INFO - Processing /opt/airflow/dags/extraction_dag.py took 0.094 seconds
[2026-09-18T08:48:17.165+0000] {processor.py:161} INFO - Started process (PID=87) to work on /opt/airflow/dags/extraction_dag.py
[2026-09-18T08:48:17.169+0000] {processor.py:830} INFO - Processing file /opt/airflow/dags/extraction_dag.py for tasks to queue
[2026-09-18T08:48:17.172+0000] {logging_mixin.py:188} INFO - [2026-09-18T08:48:17.172+0000] {dagbag.py:545} INFO - Filling up the DagBag from /opt/airflow/dags/extraction_dag.py
[2026-09-18T08:48:17.188+0000] {processor.py:840} INFO - DAG(s) 'data_extraction' retrieved from /opt/airflow/dags/extraction_dag.py
[2026-09-18T08:48:17.223+0000] {logging_mixin.py:188} INFO - [2026-09-18T08:48:17.222+0000] {dag.py:3096} INFO - Sync 1 DAGs
[2026-09-18T08:48:17.241+0000] {logging_mixin.py:188} INFO - [2026-09-18T08:48:17.241+0000] {dag.py:3954} INFO - Setting next_dagrun for data_extraction to None, run_after=None
[2026-09-18T08:48:17.265+0000] {processor.py:183} INFO - Processing /opt/airflow/dags/extraction_dag.py took 0.112 seconds
[2026-09-18T08:48:48.147+0000] {processor.py:161} INFO - Started process (PID=95) to work on /opt/airflow/dags/extraction_dag.py
[2026-09-18T08:48:48.149+0000] {processor.py:830} INFO - Processing file /opt/airflow/dags/extraction_dag.py for tasks to queue
[2026-09-18T08:48:48.151+0000] {logging_mixin.py:188} INFO - [2026-09-18T08:48:48.151+0000] {dagbag.py:545} INFO - Filling up the DagBag from /opt/airflow/dags/extraction_dag.py
[2026-09-18T08:48:48.164+0000] {processor.py:840} INFO - DAG(s) 'data_extraction' retrieved from /opt/airflow/dags/extraction_dag.py
[2026-09-18T08:48:48.194+0000] {logging_mixin.py:188} INFO - [2026-09-18T08:48:48.194+0000] {dag.py:3096} INFO - Sync 1 DAGs
[2026-09-18T08:48:48.207+0000] {logging_mixin.py:188} INFO - [2026-09-18T08:48:48.207+0000] {dag.py:3954} INFO - Setting next_dagrun for data_extraction to None, run_after=None
[2026-09-18T08:48:48.232+0000] {processor.py:183} INFO - Processing /opt/airflow/dags/extraction_dag.py took 0.093 seconds
[2026-09-18T08:49:18.412+0000] {processor.py:161} INFO - Started process (PID=103) to work on /opt/airflow/dags/extraction_dag.py
[2026-09-18T08:49:18.414+0000] {processor.py:830} INFO - Processing file /opt/airflow/dags/extraction_dag.py for tasks to queue
[2026-09-18T08:49:18.416+0000] {logging_mixin.py:188} INFO - [2026-09-18T08:49:18.416+0000] {dagbag.py:545} INFO - Filling up the DagBag from /opt/airflow/dags/extraction_dag.py
[2026-09-18T08:49:18.429+0000] {processor.py:840} INFO - DAG(s) 'data_extraction' retrieved from /opt/airflow/dags/extraction_dag.py
[2026-09-18T08:49:18.472+0000] {logging_mixin.py:188} INFO - [2026-09-18T08:49:18.472+0000] {dag.py:3096} INFO - Sync 1 DAGs
[2026-09-18T08:49:18.488+0000] {logging_mixin.py:188} INFO - [2026-09-18T08:49:18.488+0000] {dag.py:3954} INFO - Setting next_dagrun for data_extraction to None, run_after=None
[2026-09-18T08:49:18.511+0000] {processor.py:183} INFO - Processing /opt/airflow/dags/extraction_dag.py took 0.110 seconds
[2026-09-18T08:49:48.607+0000] {processor.py:161} INFO - Started process (PID=111) to work on /opt/airflow/dags/extraction_dag.py
[2026-09-18T08:49:48.610+0000] {processor.py:830} INFO - Processing file /opt/airflow/dags/extraction_dag.py for tasks to queue
[2026-09-18T08:49:48.612+0000] {logging_mixin.py:188} INFO - [2026-09-18T08:49:48.611+0000] {dagbag.py:545} INFO - Filling up the DagBag from /opt/airflow/dags/extraction_dag.py
[2026-09-18T08:49:48.622+0000] {processor.py:840} INFO - DAG(s) 'data_extraction' retrieved from /opt/airflow/dags/extraction_dag.py
[2026-09-18T08:49:48.647+0000] {logging_mixin.py:188} INFO - [2026-09-18T08:49:48.647+0000] {dag.py:3096} INFO - Sync 1 DAGs
[2026-09-18T08:49:48.659+0000] {logging_mixin.py:188} INFO - [2026-09-18T08:49:48.658+0000] {dag.py:3954} INFO - Setting next_dagrun for data_extraction to None, run_after=None
[2026-09-18T08:49:48.682+0000] {processor.py:183} INFO - Processing /opt/airflow/dags/extraction_dag.py took 0.082 seconds
[2026-09-18T08:50:18.785+0000] {processor.py:161} INFO - Started process (PID=119) to work on /opt/airflow/dags/extraction_dag.py
[2026-09-18T08:50:18.787+0000] {processor.py:830} INFO - Processing file /opt/airflow/dags/extraction_dag.py for tasks to queue
[2026-09-18T08:50:18.789+0000] {logging_mixin.py:188} INFO - [2026-09-18T08:50:18.788+0000] {dagbag.py:545} INFO - Filling up the DagBag from /opt/airflow/dags/extraction_dag.py
[2026-09-18T08:50:18.800+0000] {processor.py:840} INFO - DAG(s) 'data_extraction' retrieved from /opt/airflow/dags/extraction_dag.py
[2026-09-18T08:50:18.825+0000] {logging_mixin.py:188} INFO - [2026-09-18T08:50:18.825+0000] {dag.py:3096} INFO - Sync 1 DAGs
[2026-09-18T08:50:18.837+0000] {logging_mixin.py:188} INFO - [2026-09-18T08:50:18.837+0000] {dag.py:3954} INFO - Setting next_dagrun for data_extraction to None, run_after=None
[2026-09-18T08:50:18.862+0000] {processor.py:183} INFO - Processing /opt/airflow/dags/extraction_dag.py took 0.083 seconds
[2026-09-18T08:50:49.017+0000] {processor.py:161} INFO - Started process (PID=127) to work on /opt/airflow/dags/extraction_dag.py
[2026-09-18T08:50:49.019+0000] {processor.py:830} INFO - Processing file /opt/airflow/dags/extraction_dag.py for tasks to queue
[2026-09-18T08:50:49.022+0000] {logging_mixin.py:188} INFO - [2026-09-18T08:50:49.021+0000] {dagbag.py:545} INFO - Filling up the DagBag from /opt/airflow/dags/extraction_dag.py
[2026-09-18T08:50:49.033+0000] {processor.py:840} INFO - DAG(s) 'data_extraction' retrieved from /opt/airflow/dags/extraction_dag.py
[2026-09-18T08:50:49.057+0000] {logging_mixin.py:188} INFO - [2026-09-18T08:50:49.057+0000] {dag.py:3096} INFO - Sync 1 DAGs
[2026-09-18T08:50:49.069+0000] {logging_mixin.py:188} INFO - [2026-09-18T08:50:49.069+0000] {dag.py:3954} INFO - Setting next_dagrun for data_extraction to None, run_after=None
[2026-09-18T08:50:49.094+0000] {processor.py:183} INFO - Processing /opt/airflow/dags/extraction_dag.py took 0.085 seconds
[2026-09-18T08:51:19.354+0000] {processor.py:161} INFO - Started process (PID=135) to work on /opt/airflow/dags/extraction_dag.py
[2026-09-18T08:51:19.428+0000] {processor.py:830} INFO - Processing file /opt/airflow/dags/extraction_dag.py for tasks to queue
[2026-09-18T08:51:19.441+0000] {logging_mixin.py:188} INFO - [2026-09-18T08:51:19.434+0000] {dagbag.py:545} INFO - Filling up the DagBag from /opt/airflow/dags/extraction_dag.py
[2026-09-18T08:51:19.465+0000] {processor.py:840} INFO - DAG(s) 'data_extraction' retrieved from /opt/airflow/dags/extraction_dag.py
[2026-09-18T08:51:19.808+0000] {logging_mixin.py:188} INFO - [2026-09-18T08:51:19.807+0000] {dag.py:3096} INFO - Sync 1 DAGs
[2026-09-18T08:51:19.857+0000] {logging_mixin.py:188} INFO - [2026-09-18T08:51:19.857+0000] {dag.py:3954} INFO - Setting next_dagrun for data_extraction to None, run_after=None
[2026-09-18T08:51:20.185+0000] {processor.py:183} INFO - Processing /opt/airflow/dags/extraction_dag.py took 0.856 seconds
[2026-09-18T08:51:50.501+0000] {processor.py:161} INFO - Started process (PID=143) to work on /opt/airflow/dags/extraction_dag.py
[2026-09-18T08:51:50.503+0000] {processor.py:830} INFO - Processing file /opt/airflow/dags/extraction_dag.py for tasks to queue
[2026-09-18T08:51:50.519+0000] {logging_mixin.py:188} INFO - [2026-09-18T08:51:50.519+0000] {dagbag.py:545} INFO - Filling up the DagBag from /opt/airflow/dags/extraction_dag.py
[2026-09-18T08:51:50.577+0000] {processor.py:840} INFO - DAG(s) 'data_extraction' retrieved from /opt/airflow/dags/extraction_dag.py
[2026-09-18T08:51:50.687+0000] {logging_mixin.py:188} INFO - [2026-09-18T08:51:50.687+0000] {dag.py:3096} INFO - Sync 1 DAGs
[2026-09-18T08:51:50.738+0000] {logging_mixin.py:188} INFO - [2026-09-18T08:51:50.737+0000] {dag.py:3954} INFO - Setting next_dagrun for data_extraction to None, run_after=None
[2026-09-18T08:51:50.831+0000] {processor.py:183} INFO - Processing /opt/airflow/dags/extraction_dag.py took 0.383 seconds
[2026-09-18T08:52:21.750+0000] {processor.py:161} INFO - Started process (PID=151) to work on /opt/airflow/dags/extraction_dag.py
[2026-09-18T08:52:21.755+0000] {processor.py:830} INFO - Processing file /opt/airflow/dags/extraction_dag.py for tasks to queue
[2026-09-18T08:52:21.757+0000] {logging_mixin.py:188} INFO - [2026-09-18T08:52:21.757+0000] {dagbag.py:545} INFO - Filling up the DagBag from /opt/airflow/dags/extraction_dag.py
[2026-09-18T08:52:21.765+0000] {processor.py:840} INFO - DAG(s) 'data_extraction' retrieved from /opt/airflow/dags/extraction_dag.py
[2026-09-18T08:52:21.789+0000] {logging_mixin.py:188} INFO - [2026-09-18T08:52:21.789+0000] {dag.py:3096} INFO - Sync 1 DAGs
[2026-09-18T08:52:21.801+0000] {logging_mixin.py:188} INFO - [2026-09-18T08:52:21.800+0000] {dag.py:3954} INFO - Setting next_dagrun for data_extraction to None, run_after=None
[2026-09-18T08:52:21.821+0000] {processor.py:183} INFO - Processing /opt/airflow/dags/extraction_dag.py took 0.077 seconds
[2026-09-18T08:52:51.977+0000] {processor.py:161} INFO - Started process (PID=159) to work on /opt/airflow/dags/extraction_dag.py
[2026-09-18T08:52:51.979+0000] {processor.py:830} INFO - Processing file /opt/airflow/dags/extraction_dag.py for tasks to queue
[2026-09-18T08:52:51.980+0000] {logging_mixin.py:188} INFO - [2026-09-18T08:52:51.980+0000] {dagbag.py:545} INFO - Filling up the DagBag from /opt/airflow/dags/extraction_dag.py
[2026-09-18T08:52:51.990+0000] {processor.py:840} INFO - DAG(s) 'data_extraction' retrieved from /opt/airflow/dags/extraction_dag.py
[2026-09-18T08:52:52.014+0000] {logging_mixin.py:188} INFO - [2026-09-18T08:52:52.014+0000] {dag.py:3096} INFO - Sync 1 DAGs
[2026-09-18T08:52:52.025+0000] {logging_mixin.py:188} INFO - [2026-09-18T08:52:52.025+0000] {dag.py:3954} INFO - Setting next_dagrun for data_extraction to None, run_after=None
[2026-09-18T08:52:52.048+0000] {processor.py:183} INFO - Processing /opt/airflow/dags/extraction_dag.py took 0.077 seconds
[2026-09-18T08:53:22.687+0000] {processor.py:161} INFO - Started process (PID=167) to work on /opt/airflow/dags/extraction_dag.py
[2026-09-18T08:53:22.689+0000] {processor.py:830} INFO - Processing file /opt/airflow/dags/extraction_dag.py for tasks to queue
[2026-09-18T08:53:22.691+0000] {logging_mixin.py:188} INFO - [2026-09-18T08:53:22.690+0000] {dagbag.py:545} INFO - Filling up the DagBag from /opt/airflow/dags/extraction_dag.py
[2026-09-18T08:53:22.700+0000] {processor.py:840} INFO - DAG(s) 'data_extraction' retrieved from /opt/airflow/dags/extraction_dag.py
[2026-09-18T08:53:22.723+0000] {logging_mixin.py:188} INFO - [2026-09-18T08:53:22.722+0000] {dag.py:3096} INFO - Sync 1 DAGs
[2026-09-18T08:53:22.733+0000] {logging_mixin.py:188} INFO - [2026-09-18T08:53:22.733+0000] {dag.py:3954} INFO - Setting next_dagrun for data_extraction to None, run_after=None
[2026-09-18T08:53:22.751+0000] {processor.py:183} INFO - Processing /opt/airflow/dags/extraction_dag.py took 0.071 seconds
[2026-09-18T08:53:52.867+0000] {processor.py:161} INFO - Started process (PID=175) to work on /opt/airflow/dags/extraction_dag.py
[2026-09-18T08:53:52.873+0000] {processor.py:830} INFO - Processing file /opt/airflow/dags/extraction_dag.py for tasks to queue
[2026-09-18T08:53:52.874+0000] {logging_mixin.py:188} INFO - [2026-09-18T08:53:52.874+0000] {dagbag.py:545} INFO - Filling up the DagBag from /opt/airflow/dags/extraction_dag.py
[2026-09-18T08:53:52.883+0000] {processor.py:840} INFO - DAG(s) 'data_extraction' retrieved from /opt/airflow/dags/extraction_dag.py
[2026-09-18T08:53:52.907+0000] {logging_mixin.py:188} INFO - [2026-09-18T08:53:52.907+0000] {dag.py:3096} INFO - Sync 1 DAGs
[2026-09-18T08:53:52.919+0000] {logging_mixin.py:188} INFO - [2026-09-18T08:53:52.919+0000] {dag.py:3954} INFO - Setting next_dagrun for data_extraction to None, run_after=None
[2026-09-18T08:53:52.940+0000] {processor.py:183} INFO - Processing /opt/airflow/dags/extraction_dag.py took 0.079 seconds
[2026-09-18T08:54:22.995+0000] {processor.py:161} INFO - Started process (PID=183) to work on /opt/airflow/dags/extraction_dag.py
[2026-09-18T08:54:23.000+0000] {processor.py:830} INFO - Processing file /opt/airflow/dags/extraction_dag.py for tasks to queue
[2026-09-18T08:54:23.002+0000] {logging_mixin.py:188} INFO - [2026-09-18T08:54:23.002+0000] {dagbag.py:545} INFO - Filling up the DagBag from /opt/airflow/dags/extraction_dag.py
[2026-09-18T08:54:23.011+0000] {processor.py:840} INFO - DAG(s) 'data_extraction' retrieved from /opt/airflow/dags/extraction_dag.py
[2026-09-18T08:54:23.035+0000] {logging_mixin.py:188} INFO - [2026-09-18T08:54:23.035+0000] {dag.py:3096} INFO - Sync 1 DAGs
[2026-09-18T08:54:23.046+0000] {logging_mixin.py:188} INFO - [2026-09-18T08:54:23.045+0000] {dag.py:3954} INFO - Setting next_dagrun for data_extraction to None, run_after=None
[2026-09-18T08:54:23.068+0000] {processor.py:183} INFO - Processing /opt/airflow/dags/extraction_dag.py took 0.079 seconds
[2026-09-18T08:54:53.242+0000] {processor.py:161} INFO - Started process (PID=191) to work on /opt/airflow/dags/extraction_dag.py
[2026-09-18T08:54:53.247+0000] {processor.py:830} INFO - Processing file /opt/airflow/dags/extraction_dag.py for tasks to queue
[2026-09-18T08:54:53.249+0000] {logging_mixin.py:188} INFO - [2026-09-18T08:54:53.249+0000] {dagbag.py:545} INFO - Filling up the DagBag from /opt/airflow/dags/extraction_dag.py
[2026-09-18T08:54:53.261+0000] {processor.py:840} INFO - DAG(s) 'data_extraction' retrieved from /opt/airflow/dags/extraction_dag.py
[2026-09-18T08:54:53.292+0000] {logging_mixin.py:188} INFO - [2026-09-18T08:54:53.292+0000] {dag.py:3096} INFO - Sync 1 DAGs
[2026-09-18T08:54:53.305+0000] {logging_mixin.py:188} INFO - [2026-09-18T08:54:53.305+0000] {dag.py:3954} INFO - Setting next_dagrun for data_extraction to None, run_after=None
[2026-09-18T08:54:53.333+0000] {processor.py:183} INFO - Processing /opt/airflow/dags/extraction_dag.py took 0.097 seconds
[2026-09-18T08:55:23.434+0000] {processor.py:161} INFO - Started process (PID=199) to work on /opt/airflow/dags/extraction_dag.py
[2026-09-18T08:55:23.436+0000] {processor.py:830} INFO - Processing file /opt/airflow/dags/extraction_dag.py for tasks to queue
[2026-09-18T08:55:23.438+0000] {logging_mixin.py:188} INFO - [2026-09-18T08:55:23.438+0000] {dagbag.py:545} INFO - Filling up the DagBag from /opt/airflow/dags/extraction_dag.py
[2026-09-18T08:55:23.451+0000] {processor.py:840} INFO - DAG(s) 'data_extraction' retrieved from /opt/airflow/dags/extraction_dag.py
[2026-09-18T08:55:23.479+0000] {logging_mixin.py:188} INFO - [2026-09-18T08:55:23.479+0000] {dag.py:3096} INFO - Sync 1 DAGs
[2026-09-18T08:55:23.491+0000] {logging_mixin.py:188} INFO - [2026-09-18T08:55:23.491+0000] {dag.py:3954} INFO - Setting next_dagrun for data_extraction to None, run_after=None
[2026-09-18T08:55:23.509+0000] {processor.py:183} INFO - Processing /opt/airflow/dags/extraction_dag.py took 0.083 seconds
[2026-09-18T08:55:53.593+0000] {processor.py:161} INFO - Started process (PID=207) to work on /opt/airflow/dags/extraction_dag.py
[2026-09-18T08:55:53.595+0000] {processor.py:830} INFO - Processing file /opt/airflow/dags/extraction_dag.py for tasks to queue
[2026-09-18T08:55:53.597+0000] {logging_mixin.py:188} INFO - [2026-09-18T08:55:53.597+0000] {dagbag.py:545} INFO - Filling up the DagBag from /opt/airflow/dags/extraction_dag.py
[2026-09-18T08:55:53.607+0000] {processor.py:840} INFO - DAG(s) 'data_extraction' retrieved from /opt/airflow/dags/extraction_dag.py
[2026-09-18T08:55:53.643+0000] {logging_mixin.py:188} INFO - [2026-09-18T08:55:53.643+0000] {dag.py:3096} INFO - Sync 1 DAGs
[2026-09-18T08:55:53.658+0000] {logging_mixin.py:188} INFO - [2026-09-18T08:55:53.657+0000] {dag.py:3954} INFO - Setting next_dagrun for data_extraction to None, run_after=None
[2026-09-18T08:55:53.694+0000] {processor.py:183} INFO - Processing /opt/airflow/dags/extraction_dag.py took 0.109 seconds
[2026-09-18T08:56:24.393+0000] {processor.py:161} INFO - Started process (PID=221) to work on /opt/airflow/dags/extraction_dag.py
[2026-09-18T08:56:24.399+0000] {processor.py:830} INFO - Processing file /opt/airflow/dags/extraction_dag.py for tasks to queue
[2026-09-18T08:56:24.401+0000] {logging_mixin.py:188} INFO - [2026-09-18T08:56:24.401+0000] {dagbag.py:545} INFO - Filling up the DagBag from /opt/airflow/dags/extraction_dag.py
[2026-09-18T08:56:24.411+0000] {processor.py:840} INFO - DAG(s) 'data_extraction' retrieved from /opt/airflow/dags/extraction_dag.py
[2026-09-18T08:56:24.437+0000] {logging_mixin.py:188} INFO - [2026-09-18T08:56:24.437+0000] {dag.py:3096} INFO - Sync 1 DAGs
[2026-09-18T08:56:24.449+0000] {logging_mixin.py:188} INFO - [2026-09-18T08:56:24.449+0000] {dag.py:3954} INFO - Setting next_dagrun for data_extraction to None, run_after=None
[2026-09-18T08:56:24.470+0000] {processor.py:183} INFO - Processing /opt/airflow/dags/extraction_dag.py took 0.085 seconds
[2026-09-18T08:56:55.138+0000] {processor.py:161} INFO - Started process (PID=229) to work on /opt/airflow/dags/extraction_dag.py
[2026-09-18T08:56:55.143+0000] {processor.py:830} INFO - Processing file /opt/airflow/dags/extraction_dag.py for tasks to queue
[2026-09-18T08:56:55.145+0000] {logging_mixin.py:188} INFO - [2026-09-18T08:56:55.145+0000] {dagbag.py:545} INFO - Filling up the DagBag from /opt/airflow/dags/extraction_dag.py
[2026-09-18T08:56:55.153+0000] {processor.py:840} INFO - DAG(s) 'data_extraction' retrieved from /opt/airflow/dags/extraction_dag.py
[2026-09-18T08:56:55.176+0000] {logging_mixin.py:188} INFO - [2026-09-18T08:56:55.175+0000] {dag.py:3096} INFO - Sync 1 DAGs
[2026-09-18T08:56:55.188+0000] {logging_mixin.py:188} INFO - [2026-09-18T08:56:55.187+0000] {dag.py:3954} INFO - Setting next_dagrun for data_extraction to None, run_after=None
[2026-09-18T08:56:55.205+0000] {processor.py:183} INFO - Processing /opt/airflow/dags/extraction_dag.py took 0.073 seconds
[2026-09-18T08:57:26.066+0000] {processor.py:161} INFO - Started process (PID=237) to work on /opt/airflow/dags/extraction_dag.py
[2026-09-18T08:57:26.071+0000] {processor.py:830} INFO - Processing file /opt/airflow/dags/extraction_dag.py for tasks to queue
[2026-09-18T08:57:26.073+0000] {logging_mixin.py:188} INFO - [2026-09-18T08:57:26.072+0000] {dagbag.py:545} INFO - Filling up the DagBag from /opt/airflow/dags/extraction_dag.py
[2026-09-18T08:57:26.082+0000] {processor.py:840} INFO - DAG(s) 'data_extraction' retrieved from /opt/airflow/dags/extraction_dag.py
[2026-09-18T08:57:26.107+0000] {logging_mixin.py:188} INFO - [2026-09-18T08:57:26.107+0000] {dag.py:3096} INFO - Sync 1 DAGs
[2026-09-18T08:57:26.119+0000] {logging_mixin.py:188} INFO - [2026-09-18T08:57:26.118+0000] {dag.py:3954} INFO - Setting next_dagrun for data_extraction to None, run_after=None
[2026-09-18T08:57:26.141+0000] {processor.py:183} INFO - Processing /opt/airflow/dags/extraction_dag.py took 0.081 seconds
[2026-09-18T08:57:56.163+0000] {processor.py:161} INFO - Started process (PID=245) to work on /opt/airflow/dags/extraction_dag.py
[2026-09-18T08:57:56.169+0000] {processor.py:830} INFO - Processing file /opt/airflow/dags/extraction_dag.py for tasks to queue
[2026-09-18T08:57:56.171+0000] {logging_mixin.py:188} INFO - [2026-09-18T08:57:56.171+0000] {dagbag.py:545} INFO - Filling up the DagBag from /opt/airflow/dags/extraction_dag.py
[2026-09-18T08:57:56.180+0000] {processor.py:840} INFO - DAG(s) 'data_extraction' retrieved from /opt/airflow/dags/extraction_dag.py
[2026-09-18T08:57:56.209+0000] {logging_mixin.py:188} INFO - [2026-09-18T08:57:56.208+0000] {dag.py:3096} INFO - Sync 1 DAGs
[2026-09-18T08:57:56.219+0000] {logging_mixin.py:188} INFO - [2026-09-18T08:57:56.219+0000] {dag.py:3954} INFO - Setting next_dagrun for data_extraction to None, run_after=None
[2026-09-18T08:57:56.244+0000] {processor.py:183} INFO - Processing /opt/airflow/dags/extraction_dag.py took 0.087 seconds
[2026-09-18T08:58:27.007+0000] {processor.py:161} INFO - Started process (PID=253) to work on /opt/airflow/dags/extraction_dag.py
[2026-09-18T08:58:27.012+0000] {processor.py:830} INFO - Processing file /opt/airflow/dags/extraction_dag.py for tasks to queue
[2026-09-18T08:58:27.014+0000] {logging_mixin.py:188} INFO - [2026-09-18T08:58:27.014+0000] {dagbag.py:545} INFO - Filling up the DagBag from /opt/airflow/dags/extraction_dag.py
[2026-09-18T08:58:27.023+0000] {processor.py:840} INFO - DAG(s) 'data_extraction' retrieved from /opt/airflow/dags/extraction_dag.py
[2026-09-18T08:58:27.049+0000] {logging_mixin.py:188} INFO - [2026-09-18T08:58:27.049+0000] {dag.py:3096} INFO - Sync 1 DAGs
[2026-09-18T08:58:27.061+0000] {logging_mixin.py:188} INFO - [2026-09-18T08:58:27.061+0000] {dag.py:3954} INFO - Setting next_dagrun for data_extraction to None, run_after=None
[2026-09-18T08:58:27.085+0000] {processor.py:183} INFO - Processing /opt/airflow/dags/extraction_dag.py took 0.084 seconds
[2026-09-18T08:58:57.998+0000] {processor.py:161} INFO - Started process (PID=261) to work on /opt/airflow/dags/extraction_dag.py
[2026-09-18T08:58:57.999+0000] {processor.py:830} INFO - Processing file /opt/airflow/dags/extraction_dag.py for tasks to queue
[2026-09-18T08:58:58.001+0000] {logging_mixin.py:188} INFO - [2026-09-18T08:58:58.000+0000] {dagbag.py:545} INFO - Filling up the DagBag from /opt/airflow/dags/extraction_dag.py
[2026-09-18T08:58:58.011+0000] {processor.py:840} INFO - DAG(s) 'data_extraction' retrieved from /opt/airflow/dags/extraction_dag.py
[2026-09-18T08:58:58.036+0000] {logging_mixin.py:188} INFO - [2026-09-18T08:58:58.036+0000] {dag.py:3096} INFO - Sync 1 DAGs
[2026-09-18T08:58:58.048+0000] {logging_mixin.py:188} INFO - [2026-09-18T08:58:58.048+0000] {dag.py:3954} INFO - Setting next_dagrun for data_extraction to None, run_after=None
[2026-09-18T08:58:58.072+0000] {processor.py:183} INFO - Processing /opt/airflow/dags/extraction_dag.py took 0.080 seconds
[2026-09-18T08:59:28.569+0000] {processor.py:161} INFO - Started process (PID=269) to work on /opt/airflow/dags/extraction_dag.py
[2026-09-18T08:59:28.569+0000] {processor.py:830} INFO - Processing file /opt/airflow/dags/extraction_dag.py for tasks to queue
[2026-09-18T08:59:28.571+0000] {logging_mixin.py:188} INFO - [2026-09-18T08:59:28.571+0000] {dagbag.py:545} INFO - Filling up the DagBag from /opt/airflow/dags/extraction_dag.py
[2026-09-18T08:59:28.579+0000] {processor.py:840} INFO - DAG(s) 'data_extraction' retrieved from /opt/airflow/dags/extraction_dag.py
[2026-09-18T08:59:28.603+0000] {logging_mixin.py:188} INFO - [2026-09-18T08:59:28.602+0000] {dag.py:3096} INFO - Sync 1 DAGs
[2026-09-18T08:59:28.613+0000] {logging_mixin.py:188} INFO - [2026-09-18T08:59:28.612+0000] {dag.py:3954} INFO - Setting next_dagrun for data_extraction to None, run_after=None
[2026-09-18T08:59:28.635+0000] {processor.py:183} INFO - Processing /opt/airflow/dags/extraction_dag.py took 0.072 seconds
[2026-09-18T08:59:58.731+0000] {processor.py:161} INFO - Started process (PID=277) to work on /opt/airflow/dags/extraction_dag.py
[2026-09-18T08:59:58.733+0000] {processor.py:830} INFO - Processing file /opt/airflow/dags/extraction_dag.py for tasks to queue
[2026-09-18T08:59:58.735+0000] {logging_mixin.py:188} INFO - [2026-09-18T08:59:58.734+0000] {dagbag.py:545} INFO - Filling up the DagBag from /opt/airflow/dags/extraction_dag.py
[2026-09-18T08:59:58.743+0000] {processor.py:840} INFO - DAG(s) 'data_extraction' retrieved from /opt/airflow/dags/extraction_dag.py
[2026-09-18T08:59:58.776+0000] {logging_mixin.py:188} INFO - [2026-09-18T08:59:58.775+0000] {dag.py:3096} INFO - Sync 1 DAGs
[2026-09-18T08:59:58.792+0000] {logging_mixin.py:188} INFO - [2026-09-18T08:59:58.792+0000] {dag.py:3954} INFO - Setting next_dagrun for data_extraction to None, run_after=None
[2026-09-18T08:59:58.812+0000] {processor.py:183} INFO - Processing /opt/airflow/dags/extraction_dag.py took 0.087 seconds
[2026-09-18T09:00:29.523+0000] {processor.py:161} INFO - Started process (PID=285) to work on /opt/airflow/dags/extraction_dag.py
[2026-09-18T09:00:29.524+0000] {processor.py:830} INFO - Processing file /opt/airflow/dags/extraction_dag.py for tasks to queue
[2026-09-18T09:00:29.526+0000] {logging_mixin.py:188} INFO - [2026-09-18T09:00:29.525+0000] {dagbag.py:545} INFO - Filling up the DagBag from /opt/airflow/dags/extraction_dag.py
[2026-09-18T09:00:29.536+0000] {processor.py:840} INFO - DAG(s) 'data_extraction' retrieved from /opt/airflow/dags/extraction_dag.py
[2026-09-18T09:00:29.564+0000] {logging_mixin.py:188} INFO - [2026-09-18T09:00:29.563+0000] {dag.py:3096} INFO - Sync 1 DAGs
[2026-09-18T09:00:29.577+0000] {logging_mixin.py:188} INFO - [2026-09-18T09:00:29.576+0000] {dag.py:3954} INFO - Setting next_dagrun for data_extraction to None, run_after=None
[2026-09-18T09:00:29.601+0000] {processor.py:183} INFO - Processing /opt/airflow/dags/extraction_dag.py took 0.084 seconds
[2026-09-18T09:01:00.474+0000] {processor.py:161} INFO - Started process (PID=293) to work on /opt/airflow/dags/extraction_dag.py
[2026-09-18T09:01:00.476+0000] {processor.py:830} INFO - Processing file /opt/airflow/dags/extraction_dag.py for tasks to queue
[2026-09-18T09:01:00.477+0000] {logging_mixin.py:188} INFO - [2026-09-18T09:01:00.477+0000] {dagbag.py:545} INFO - Filling up the DagBag from /opt/airflow/dags/extraction_dag.py
[2026-09-18T09:01:00.488+0000] {processor.py:840} INFO - DAG(s) 'data_extraction' retrieved from /opt/airflow/dags/extraction_dag.py
[2026-09-18T09:01:00.515+0000] {logging_mixin.py:188} INFO - [2026-09-18T09:01:00.515+0000] {dag.py:3096} INFO - Sync 1 DAGs
[2026-09-18T09:01:00.529+0000] {logging_mixin.py:188} INFO - [2026-09-18T09:01:00.529+0000] {dag.py:3954} INFO - Setting next_dagrun for data_extraction to None, run_after=None
[2026-09-18T09:01:00.550+0000] {processor.py:183} INFO - Processing /opt/airflow/dags/extraction_dag.py took 0.083 seconds
[2026-09-18T09:01:31.390+0000] {processor.py:161} INFO - Started process (PID=301) to work on /opt/airflow/dags/extraction_dag.py
[2026-09-18T09:01:31.391+0000] {processor.py:830} INFO - Processing file /opt/airflow/dags/extraction_dag.py for tasks to queue
[2026-09-18T09:01:31.393+0000] {logging_mixin.py:188} INFO - [2026-09-18T09:01:31.393+0000] {dagbag.py:545} INFO - Filling up the DagBag from /opt/airflow/dags/extraction_dag.py
[2026-09-18T09:01:31.405+0000] {processor.py:840} INFO - DAG(s) 'data_extraction' retrieved from /opt/airflow/dags/extraction_dag.py
[2026-09-18T09:01:31.434+0000] {logging_mixin.py:188} INFO - [2026-09-18T09:01:31.434+0000] {dag.py:3096} INFO - Sync 1 DAGs
[2026-09-18T09:01:31.450+0000] {logging_mixin.py:188} INFO - [2026-09-18T09:01:31.450+0000] {dag.py:3954} INFO - Setting next_dagrun for data_extraction to None, run_after=None
[2026-09-18T09:01:31.475+0000] {processor.py:183} INFO - Processing /opt/airflow/dags/extraction_dag.py took 0.092 seconds
[2026-09-18T09:02:02.365+0000] {processor.py:161} INFO - Started process (PID=309) to work on /opt/airflow/dags/extraction_dag.py
[2026-09-18T09:02:02.366+0000] {processor.py:830} INFO - Processing file /opt/airflow/dags/extraction_dag.py for tasks to queue
[2026-09-18T09:02:02.368+0000] {logging_mixin.py:188} INFO - [2026-09-18T09:02:02.368+0000] {dagbag.py:545} INFO - Filling up the DagBag from /opt/airflow/dags/extraction_dag.py
[2026-09-18T09:02:02.382+0000] {processor.py:840} INFO - DAG(s) 'data_extraction' retrieved from /opt/airflow/dags/extraction_dag.py
[2026-09-18T09:02:02.408+0000] {logging_mixin.py:188} INFO - [2026-09-18T09:02:02.408+0000] {dag.py:3096} INFO - Sync 1 DAGs
[2026-09-18T09:02:02.420+0000] {logging_mixin.py:188} INFO - [2026-09-18T09:02:02.420+0000] {dag.py:3954} INFO - Setting next_dagrun for data_extraction to None, run_after=None
[2026-09-18T09:02:02.446+0000] {processor.py:183} INFO - Processing /opt/airflow/dags/extraction_dag.py took 0.090 seconds
[2026-09-18T09:02:33.267+0000] {processor.py:161} INFO - Started process (PID=317) to work on /opt/airflow/dags/extraction_dag.py
[2026-09-18T09:02:33.268+0000] {processor.py:830} INFO - Processing file /opt/airflow/dags/extraction_dag.py for tasks to queue
[2026-09-18T09:02:33.270+0000] {logging_mixin.py:188} INFO - [2026-09-18T09:02:33.270+0000] {dagbag.py:545} INFO - Filling up the DagBag from /opt/airflow/dags/extraction_dag.py
[2026-09-18T09:02:33.282+0000] {processor.py:840} INFO - DAG(s) 'data_extraction' retrieved from /opt/airflow/dags/extraction_dag.py
[2026-09-18T09:02:33.310+0000] {logging_mixin.py:188} INFO - [2026-09-18T09:02:33.310+0000] {dag.py:3096} INFO - Sync 1 DAGs
[2026-09-18T09:02:33.325+0000] {logging_mixin.py:188} INFO - [2026-09-18T09:02:33.325+0000] {dag.py:3954} INFO - Setting next_dagrun for data_extraction to None, run_after=None
[2026-09-18T09:02:33.349+0000] {processor.py:183} INFO - Processing /opt/airflow/dags/extraction_dag.py took 0.088 seconds
[2026-09-18T09:03:03.719+0000] {processor.py:161} INFO - Started process (PID=331) to work on /opt/airflow/dags/extraction_dag.py
[2026-09-18T09:03:03.721+0000] {processor.py:830} INFO - Processing file /opt/airflow/dags/extraction_dag.py for tasks to queue
[2026-09-18T09:03:03.723+0000] {logging_mixin.py:188} INFO - [2026-09-18T09:03:03.723+0000] {dagbag.py:545} INFO - Filling up the DagBag from /opt/airflow/dags/extraction_dag.py
[2026-09-18T09:03:03.734+0000] {processor.py:840} INFO - DAG(s) 'data_extraction' retrieved from /opt/airflow/dags/extraction_dag.py
[2026-09-18T09:03:03.761+0000] {logging_mixin.py:188} INFO - [2026-09-18T09:03:03.760+0000] {dag.py:3096} INFO - Sync 1 DAGs
[2026-09-18T09:03:03.775+0000] {logging_mixin.py:188} INFO - [2026-09-18T09:03:03.774+0000] {dag.py:3954} INFO - Setting next_dagrun for data_extraction to None, run_after=None
[2026-09-18T09:03:03.801+0000] {processor.py:183} INFO - Processing /opt/airflow/dags/extraction_dag.py took 0.089 seconds
[2026-09-18T09:03:34.468+0000] {processor.py:161} INFO - Started process (PID=339) to work on /opt/airflow/dags/extraction_dag.py
[2026-09-18T09:03:34.469+0000] {processor.py:830} INFO - Processing file /opt/airflow/dags/extraction_dag.py for tasks to queue
[2026-09-18T09:03:34.471+0000] {logging_mixin.py:188} INFO - [2026-09-18T09:03:34.471+0000] {dagbag.py:545} INFO - Filling up the DagBag from /opt/airflow/dags/extraction_dag.py
[2026-09-18T09:03:34.483+0000] {processor.py:840} INFO - DAG(s) 'data_extraction' retrieved from /opt/airflow/dags/extraction_dag.py
[2026-09-18T09:03:34.511+0000] {logging_mixin.py:188} INFO - [2026-09-18T09:03:34.511+0000] {dag.py:3096} INFO - Sync 1 DAGs
[2026-09-18T09:03:34.527+0000] {logging_mixin.py:188} INFO - [2026-09-18T09:03:34.527+0000] {dag.py:3954} INFO - Setting next_dagrun for data_extraction to None, run_after=None
[2026-09-18T09:03:34.555+0000] {processor.py:183} INFO - Processing /opt/airflow/dags/extraction_dag.py took 0.092 seconds
[2026-09-18T09:04:05.318+0000] {processor.py:161} INFO - Started process (PID=347) to work on /opt/airflow/dags/extraction_dag.py
[2026-09-18T09:04:05.319+0000] {processor.py:830} INFO - Processing file /opt/airflow/dags/extraction_dag.py for tasks to queue
[2026-09-18T09:04:05.321+0000] {logging_mixin.py:188} INFO - [2026-09-18T09:04:05.320+0000] {dagbag.py:545} INFO - Filling up the DagBag from /opt/airflow/dags/extraction_dag.py
[2026-09-18T09:04:05.330+0000] {processor.py:840} INFO - DAG(s) 'data_extraction' retrieved from /opt/airflow/dags/extraction_dag.py
[2026-09-18T09:04:05.355+0000] {logging_mixin.py:188} INFO - [2026-09-18T09:04:05.355+0000] {dag.py:3096} INFO - Sync 1 DAGs
[2026-09-18T09:04:05.368+0000] {logging_mixin.py:188} INFO - [2026-09-18T09:04:05.367+0000] {dag.py:3954} INFO - Setting next_dagrun for data_extraction to None, run_after=None
[2026-09-18T09:04:05.393+0000] {processor.py:183} INFO - Processing /opt/airflow/dags/extraction_dag.py took 0.081 seconds
[2026-09-18T09:04:36.216+0000] {processor.py:161} INFO - Started process (PID=355) to work on /opt/airflow/dags/extraction_dag.py
[2026-09-18T09:04:36.217+0000] {processor.py:830} INFO - Processing file /opt/airflow/dags/extraction_dag.py for tasks to queue
[2026-09-18T09:04:36.219+0000] {logging_mixin.py:188} INFO - [2026-09-18T09:04:36.218+0000] {dagbag.py:545} INFO - Filling up the DagBag from /opt/airflow/dags/extraction_dag.py
[2026-09-18T09:04:36.231+0000] {processor.py:840} INFO - DAG(s) 'data_extraction' retrieved from /opt/airflow/dags/extraction_dag.py
[2026-09-18T09:04:36.257+0000] {logging_mixin.py:188} INFO - [2026-09-18T09:04:36.257+0000] {dag.py:3096} INFO - Sync 1 DAGs
[2026-09-18T09:04:36.270+0000] {logging_mixin.py:188} INFO - [2026-09-18T09:04:36.270+0000] {dag.py:3954} INFO - Setting next_dagrun for data_extraction to None, run_after=None
[2026-09-18T09:04:36.296+0000] {processor.py:183} INFO - Processing /opt/airflow/dags/extraction_dag.py took 0.086 seconds
[2026-09-18T09:05:07.094+0000] {processor.py:161} INFO - Started process (PID=363) to work on /opt/airflow/dags/extraction_dag.py
[2026-09-18T09:05:07.097+0000] {processor.py:830} INFO - Processing file /opt/airflow/dags/extraction_dag.py for tasks to queue
[2026-09-18T09:05:07.101+0000] {logging_mixin.py:188} INFO - [2026-09-18T09:05:07.100+0000] {dagbag.py:545} INFO - Filling up the DagBag from /opt/airflow/dags/extraction_dag.py
[2026-09-18T09:05:07.119+0000] {processor.py:840} INFO - DAG(s) 'data_extraction' retrieved from /opt/airflow/dags/extraction_dag.py
[2026-09-18T09:05:07.162+0000] {logging_mixin.py:188} INFO - [2026-09-18T09:05:07.161+0000] {dag.py:3096} INFO - Sync 1 DAGs
[2026-09-18T09:05:07.180+0000] {logging_mixin.py:188} INFO - [2026-09-18T09:05:07.180+0000] {dag.py:3954} INFO - Setting next_dagrun for data_extraction to None, run_after=None
[2026-09-18T09:05:07.207+0000] {processor.py:183} INFO - Processing /opt/airflow/dags/extraction_dag.py took 0.123 seconds
[2026-09-18T09:05:37.790+0000] {processor.py:161} INFO - Started process (PID=371) to work on /opt/airflow/dags/extraction_dag.py
[2026-09-18T09:05:37.791+0000] {processor.py:830} INFO - Processing file /opt/airflow/dags/extraction_dag.py for tasks to queue
[2026-09-18T09:05:37.793+0000] {logging_mixin.py:188} INFO - [2026-09-18T09:05:37.793+0000] {dagbag.py:545} INFO - Filling up the DagBag from /opt/airflow/dags/extraction_dag.py
[2026-09-18T09:05:37.809+0000] {processor.py:840} INFO - DAG(s) 'data_extraction' retrieved from /opt/airflow/dags/extraction_dag.py
[2026-09-18T09:05:37.848+0000] {logging_mixin.py:188} INFO - [2026-09-18T09:05:37.848+0000] {dag.py:3096} INFO - Sync 1 DAGs
[2026-09-18T09:05:37.867+0000] {logging_mixin.py:188} INFO - [2026-09-18T09:05:37.866+0000] {dag.py:3954} INFO - Setting next_dagrun for data_extraction to None, run_after=None
[2026-09-18T09:05:37.894+0000] {processor.py:183} INFO - Processing /opt/airflow/dags/extraction_dag.py took 0.112 seconds
[2026-09-18T09:06:08.666+0000] {processor.py:161} INFO - Started process (PID=379) to work on /opt/airflow/dags/extraction_dag.py
[2026-09-18T09:06:08.667+0000] {processor.py:830} INFO - Processing file /opt/airflow/dags/extraction_dag.py for tasks to queue
[2026-09-18T09:06:08.669+0000] {logging_mixin.py:188} INFO - [2026-09-18T09:06:08.669+0000] {dagbag.py:545} INFO - Filling up the DagBag from /opt/airflow/dags/extraction_dag.py
[2026-09-18T09:06:08.680+0000] {processor.py:840} INFO - DAG(s) 'data_extraction' retrieved from /opt/airflow/dags/extraction_dag.py
[2026-09-18T09:06:08.705+0000] {logging_mixin.py:188} INFO - [2026-09-18T09:06:08.704+0000] {dag.py:3096} INFO - Sync 1 DAGs
[2026-09-18T09:06:08.718+0000] {logging_mixin.py:188} INFO - [2026-09-18T09:06:08.717+0000] {dag.py:3954} INFO - Setting next_dagrun for data_extraction to None, run_after=None
[2026-09-18T09:06:08.742+0000] {processor.py:183} INFO - Processing /opt/airflow/dags/extraction_dag.py took 0.084 seconds
[2026-09-18T09:06:39.553+0000] {processor.py:161} INFO - Started process (PID=387) to work on /opt/airflow/dags/extraction_dag.py
[2026-09-18T09:06:39.558+0000] {processor.py:830} INFO - Processing file /opt/airflow/dags/extraction_dag.py for tasks to queue
[2026-09-18T09:06:39.565+0000] {logging_mixin.py:188} INFO - [2026-09-18T09:06:39.564+0000] {dagbag.py:545} INFO - Filling up the DagBag from /opt/airflow/dags/extraction_dag.py
[2026-09-18T09:06:39.623+0000] {processor.py:840} INFO - DAG(s) 'data_extraction' retrieved from /opt/airflow/dags/extraction_dag.py
[2026-09-18T09:06:39.722+0000] {logging_mixin.py:188} INFO - [2026-09-18T09:06:39.722+0000] {dag.py:3096} INFO - Sync 1 DAGs
[2026-09-18T09:06:39.761+0000] {logging_mixin.py:188} INFO - [2026-09-18T09:06:39.761+0000] {dag.py:3954} INFO - Setting next_dagrun for data_extraction to None, run_after=None
[2026-09-18T09:06:39.809+0000] {processor.py:183} INFO - Processing /opt/airflow/dags/extraction_dag.py took 0.296 seconds
[2026-09-18T09:07:10.270+0000] {processor.py:161} INFO - Started process (PID=395) to work on /opt/airflow/dags/extraction_dag.py
[2026-09-18T09:07:10.273+0000] {processor.py:830} INFO - Processing file /opt/airflow/dags/extraction_dag.py for tasks to queue
[2026-09-18T09:07:10.276+0000] {logging_mixin.py:188} INFO - [2026-09-18T09:07:10.275+0000] {dagbag.py:545} INFO - Filling up the DagBag from /opt/airflow/dags/extraction_dag.py
[2026-09-18T09:07:10.308+0000] {processor.py:840} INFO - DAG(s) 'data_extraction' retrieved from /opt/airflow/dags/extraction_dag.py
[2026-09-18T09:07:10.376+0000] {logging_mixin.py:188} INFO - [2026-09-18T09:07:10.375+0000] {dag.py:3096} INFO - Sync 1 DAGs
[2026-09-18T09:07:10.406+0000] {logging_mixin.py:188} INFO - [2026-09-18T09:07:10.405+0000] {dag.py:3954} INFO - Setting next_dagrun for data_extraction to None, run_after=None
[2026-09-18T09:07:10.468+0000] {processor.py:183} INFO - Processing /opt/airflow/dags/extraction_dag.py took 0.213 seconds
[2026-09-18T09:07:41.251+0000] {processor.py:161} INFO - Started process (PID=403) to work on /opt/airflow/dags/extraction_dag.py
[2026-09-18T09:07:41.252+0000] {processor.py:830} INFO - Processing file /opt/airflow/dags/extraction_dag.py for tasks to queue
[2026-09-18T09:07:41.253+0000] {logging_mixin.py:188} INFO - [2026-09-18T09:07:41.253+0000] {dagbag.py:545} INFO - Filling up the DagBag from /opt/airflow/dags/extraction_dag.py
[2026-09-18T09:07:41.265+0000] {processor.py:840} INFO - DAG(s) 'data_extraction' retrieved from /opt/airflow/dags/extraction_dag.py
[2026-09-18T09:07:41.294+0000] {logging_mixin.py:188} INFO - [2026-09-18T09:07:41.293+0000] {dag.py:3096} INFO - Sync 1 DAGs
[2026-09-18T09:07:41.306+0000] {logging_mixin.py:188} INFO - [2026-09-18T09:07:41.305+0000] {dag.py:3954} INFO - Setting next_dagrun for data_extraction to None, run_after=None
[2026-09-18T09:07:41.331+0000] {processor.py:183} INFO - Processing /opt/airflow/dags/extraction_dag.py took 0.087 seconds
[2026-09-18T09:08:11.988+0000] {processor.py:161} INFO - Started process (PID=411) to work on /opt/airflow/dags/extraction_dag.py
[2026-09-18T09:08:11.990+0000] {processor.py:830} INFO - Processing file /opt/airflow/dags/extraction_dag.py for tasks to queue
[2026-09-18T09:08:11.992+0000] {logging_mixin.py:188} INFO - [2026-09-18T09:08:11.991+0000] {dagbag.py:545} INFO - Filling up the DagBag from /opt/airflow/dags/extraction_dag.py
[2026-09-18T09:08:12.004+0000] {processor.py:840} INFO - DAG(s) 'data_extraction' retrieved from /opt/airflow/dags/extraction_dag.py
[2026-09-18T09:08:12.028+0000] {logging_mixin.py:188} INFO - [2026-09-18T09:08:12.028+0000] {dag.py:3096} INFO - Sync 1 DAGs
[2026-09-18T09:08:12.040+0000] {logging_mixin.py:188} INFO - [2026-09-18T09:08:12.039+0000] {dag.py:3954} INFO - Setting next_dagrun for data_extraction to None, run_after=None
[2026-09-18T09:08:12.066+0000] {processor.py:183} INFO - Processing /opt/airflow/dags/extraction_dag.py took 0.088 seconds
[2026-09-18T09:09:18.111+0000] {processor.py:161} INFO - Started process (PID=50) to work on /opt/airflow/dags/extraction_dag.py
[2026-09-18T09:09:18.114+0000] {processor.py:830} INFO - Processing file /opt/airflow/dags/extraction_dag.py for tasks to queue
[2026-09-18T09:09:18.120+0000] {logging_mixin.py:188} INFO - [2026-09-18T09:09:18.119+0000] {dagbag.py:545} INFO - Filling up the DagBag from /opt/airflow/dags/extraction_dag.py
[2026-09-18T09:09:18.153+0000] {processor.py:840} INFO - DAG(s) 'data_extraction' retrieved from /opt/airflow/dags/extraction_dag.py
[2026-09-18T09:09:18.455+0000] {logging_mixin.py:188} INFO - [2026-09-18T09:09:18.455+0000] {override.py:1829} INFO - Created Permission View: can delete on DAG:data_extraction
[2026-09-18T09:09:18.469+0000] {logging_mixin.py:188} INFO - [2026-09-18T09:09:18.469+0000] {override.py:1829} INFO - Created Permission View: can read on DAG:data_extraction
[2026-09-18T09:09:18.480+0000] {logging_mixin.py:188} INFO - [2026-09-18T09:09:18.479+0000] {override.py:1829} INFO - Created Permission View: can edit on DAG:data_extraction
[2026-09-18T09:09:18.480+0000] {logging_mixin.py:188} INFO - [2026-09-18T09:09:18.480+0000] {dag.py:3096} INFO - Sync 1 DAGs
[2026-09-18T09:09:18.496+0000] {logging_mixin.py:188} INFO - [2026-09-18T09:09:18.496+0000] {dag.py:3118} INFO - Creating ORM DAG for data_extraction
[2026-09-18T09:09:18.497+0000] {logging_mixin.py:188} INFO - [2026-09-18T09:09:18.497+0000] {dag.py:3954} INFO - Setting next_dagrun for data_extraction to None, run_after=None
[2026-09-18T09:09:18.518+0000] {processor.py:183} INFO - Processing /opt/airflow/dags/extraction_dag.py took 0.429 seconds
[2026-09-18T09:09:48.922+0000] {processor.py:161} INFO - Started process (PID=64) to work on /opt/airflow/dags/extraction_dag.py
[2026-09-18T09:09:48.927+0000] {processor.py:830} INFO - Processing file /opt/airflow/dags/extraction_dag.py for tasks to queue
[2026-09-18T09:09:48.931+0000] {logging_mixin.py:188} INFO - [2026-09-18T09:09:48.930+0000] {dagbag.py:545} INFO - Filling up the DagBag from /opt/airflow/dags/extraction_dag.py
[2026-09-18T09:09:49.005+0000] {processor.py:840} INFO - DAG(s) 'data_extraction' retrieved from /opt/airflow/dags/extraction_dag.py
[2026-09-18T09:09:49.079+0000] {logging_mixin.py:188} INFO - [2026-09-18T09:09:49.078+0000] {dag.py:3096} INFO - Sync 1 DAGs
[2026-09-18T09:09:49.107+0000] {logging_mixin.py:188} INFO - [2026-09-18T09:09:49.107+0000] {dag.py:3954} INFO - Setting next_dagrun for data_extraction to None, run_after=None
[2026-09-18T09:09:49.161+0000] {processor.py:183} INFO - Processing /opt/airflow/dags/extraction_dag.py took 0.275 seconds
[2026-09-18T09:10:19.779+0000] {processor.py:161} INFO - Started process (PID=72) to work on /opt/airflow/dags/extraction_dag.py
[2026-09-18T09:10:19.780+0000] {processor.py:830} INFO - Processing file /opt/airflow/dags/extraction_dag.py for tasks to queue
[2026-09-18T09:10:19.783+0000] {logging_mixin.py:188} INFO - [2026-09-18T09:10:19.783+0000] {dagbag.py:545} INFO - Filling up the DagBag from /opt/airflow/dags/extraction_dag.py
[2026-09-18T09:10:19.801+0000] {processor.py:840} INFO - DAG(s) 'data_extraction' retrieved from /opt/airflow/dags/extraction_dag.py
[2026-09-18T09:10:19.838+0000] {logging_mixin.py:188} INFO - [2026-09-18T09:10:19.838+0000] {dag.py:3096} INFO - Sync 1 DAGs
[2026-09-18T09:10:19.854+0000] {logging_mixin.py:188} INFO - [2026-09-18T09:10:19.853+0000] {dag.py:3954} INFO - Setting next_dagrun for data_extraction to None, run_after=None
[2026-09-18T09:10:19.877+0000] {processor.py:183} INFO - Processing /opt/airflow/dags/extraction_dag.py took 0.110 seconds
[2026-09-18T09:10:50.562+0000] {processor.py:161} INFO - Started process (PID=80) to work on /opt/airflow/dags/extraction_dag.py
[2026-09-18T09:10:50.566+0000] {processor.py:830} INFO - Processing file /opt/airflow/dags/extraction_dag.py for tasks to queue
[2026-09-18T09:10:50.568+0000] {logging_mixin.py:188} INFO - [2026-09-18T09:10:50.567+0000] {dagbag.py:545} INFO - Filling up the DagBag from /opt/airflow/dags/extraction_dag.py
[2026-09-18T09:10:50.578+0000] {processor.py:840} INFO - DAG(s) 'data_extraction' retrieved from /opt/airflow/dags/extraction_dag.py
[2026-09-18T09:10:50.604+0000] {logging_mixin.py:188} INFO - [2026-09-18T09:10:50.604+0000] {dag.py:3096} INFO - Sync 1 DAGs
[2026-09-18T09:10:50.615+0000] {logging_mixin.py:188} INFO - [2026-09-18T09:10:50.614+0000] {dag.py:3954} INFO - Setting next_dagrun for data_extraction to None, run_after=None
[2026-09-18T09:10:50.637+0000] {processor.py:183} INFO - Processing /opt/airflow/dags/extraction_dag.py took 0.083 seconds
[2026-09-18T09:11:21.214+0000] {processor.py:161} INFO - Started process (PID=88) to work on /opt/airflow/dags/extraction_dag.py
[2026-09-18T09:11:21.215+0000] {processor.py:830} INFO - Processing file /opt/airflow/dags/extraction_dag.py for tasks to queue
[2026-09-18T09:11:21.217+0000] {logging_mixin.py:188} INFO - [2026-09-18T09:11:21.216+0000] {dagbag.py:545} INFO - Filling up the DagBag from /opt/airflow/dags/extraction_dag.py
[2026-09-18T09:11:21.228+0000] {processor.py:840} INFO - DAG(s) 'data_extraction' retrieved from /opt/airflow/dags/extraction_dag.py
[2026-09-18T09:11:21.258+0000] {logging_mixin.py:188} INFO - [2026-09-18T09:11:21.258+0000] {dag.py:3096} INFO - Sync 1 DAGs
[2026-09-18T09:11:21.271+0000] {logging_mixin.py:188} INFO - [2026-09-18T09:11:21.271+0000] {dag.py:3954} INFO - Setting next_dagrun for data_extraction to None, run_after=None
[2026-09-18T09:11:21.296+0000] {processor.py:183} INFO - Processing /opt/airflow/dags/extraction_dag.py took 0.088 seconds
[2026-09-18T09:11:51.998+0000] {processor.py:161} INFO - Started process (PID=96) to work on /opt/airflow/dags/extraction_dag.py
[2026-09-18T09:11:52.000+0000] {processor.py:830} INFO - Processing file /opt/airflow/dags/extraction_dag.py for tasks to queue
[2026-09-18T09:11:52.002+0000] {logging_mixin.py:188} INFO - [2026-09-18T09:11:52.001+0000] {dagbag.py:545} INFO - Filling up the DagBag from /opt/airflow/dags/extraction_dag.py
[2026-09-18T09:11:52.012+0000] {processor.py:840} INFO - DAG(s) 'data_extraction' retrieved from /opt/airflow/dags/extraction_dag.py
[2026-09-18T09:11:52.038+0000] {logging_mixin.py:188} INFO - [2026-09-18T09:11:52.038+0000] {dag.py:3096} INFO - Sync 1 DAGs
[2026-09-18T09:11:52.050+0000] {logging_mixin.py:188} INFO - [2026-09-18T09:11:52.049+0000] {dag.py:3954} INFO - Setting next_dagrun for data_extraction to None, run_after=None
[2026-09-18T09:11:52.075+0000] {processor.py:183} INFO - Processing /opt/airflow/dags/extraction_dag.py took 0.086 seconds
[2026-09-18T09:12:22.718+0000] {processor.py:161} INFO - Started process (PID=104) to work on /opt/airflow/dags/extraction_dag.py
[2026-09-18T09:12:22.719+0000] {processor.py:830} INFO - Processing file /opt/airflow/dags/extraction_dag.py for tasks to queue
[2026-09-18T09:12:22.721+0000] {logging_mixin.py:188} INFO - [2026-09-18T09:12:22.721+0000] {dagbag.py:545} INFO - Filling up the DagBag from /opt/airflow/dags/extraction_dag.py
[2026-09-18T09:12:22.733+0000] {processor.py:840} INFO - DAG(s) 'data_extraction' retrieved from /opt/airflow/dags/extraction_dag.py
[2026-09-18T09:12:22.761+0000] {logging_mixin.py:188} INFO - [2026-09-18T09:12:22.761+0000] {dag.py:3096} INFO - Sync 1 DAGs
[2026-09-18T09:12:22.774+0000] {logging_mixin.py:188} INFO - [2026-09-18T09:12:22.774+0000] {dag.py:3954} INFO - Setting next_dagrun for data_extraction to None, run_after=None
[2026-09-18T09:12:22.801+0000] {processor.py:183} INFO - Processing /opt/airflow/dags/extraction_dag.py took 0.089 seconds
[2026-09-18T09:12:53.404+0000] {processor.py:161} INFO - Started process (PID=112) to work on /opt/airflow/dags/extraction_dag.py
[2026-09-18T09:12:53.406+0000] {processor.py:830} INFO - Processing file /opt/airflow/dags/extraction_dag.py for tasks to queue
[2026-09-18T09:12:53.408+0000] {logging_mixin.py:188} INFO - [2026-09-18T09:12:53.407+0000] {dagbag.py:545} INFO - Filling up the DagBag from /opt/airflow/dags/extraction_dag.py
[2026-09-18T09:12:53.417+0000] {processor.py:840} INFO - DAG(s) 'data_extraction' retrieved from /opt/airflow/dags/extraction_dag.py
[2026-09-18T09:12:53.442+0000] {logging_mixin.py:188} INFO - [2026-09-18T09:12:53.442+0000] {dag.py:3096} INFO - Sync 1 DAGs
[2026-09-18T09:12:53.456+0000] {logging_mixin.py:188} INFO - [2026-09-18T09:12:53.455+0000] {dag.py:3954} INFO - Setting next_dagrun for data_extraction to None, run_after=None
[2026-09-18T09:12:53.478+0000] {processor.py:183} INFO - Processing /opt/airflow/dags/extraction_dag.py took 0.080 seconds
[2026-09-18T09:13:24.095+0000] {processor.py:161} INFO - Started process (PID=119) to work on /opt/airflow/dags/extraction_dag.py
[2026-09-18T09:13:24.097+0000] {processor.py:830} INFO - Processing file /opt/airflow/dags/extraction_dag.py for tasks to queue
[2026-09-18T09:13:24.099+0000] {logging_mixin.py:188} INFO - [2026-09-18T09:13:24.098+0000] {dagbag.py:545} INFO - Filling up the DagBag from /opt/airflow/dags/extraction_dag.py
[2026-09-18T09:13:24.114+0000] {processor.py:840} INFO - DAG(s) 'data_extraction' retrieved from /opt/airflow/dags/extraction_dag.py
[2026-09-18T09:13:24.143+0000] {logging_mixin.py:188} INFO - [2026-09-18T09:13:24.143+0000] {dag.py:3096} INFO - Sync 1 DAGs
[2026-09-18T09:13:24.159+0000] {logging_mixin.py:188} INFO - [2026-09-18T09:13:24.159+0000] {dag.py:3954} INFO - Setting next_dagrun for data_extraction to None, run_after=None
[2026-09-18T09:13:24.183+0000] {processor.py:183} INFO - Processing /opt/airflow/dags/extraction_dag.py took 0.095 seconds
[2026-09-18T09:13:54.883+0000] {processor.py:161} INFO - Started process (PID=127) to work on /opt/airflow/dags/extraction_dag.py
[2026-09-18T09:13:54.884+0000] {processor.py:830} INFO - Processing file /opt/airflow/dags/extraction_dag.py for tasks to queue
[2026-09-18T09:13:54.886+0000] {logging_mixin.py:188} INFO - [2026-09-18T09:13:54.886+0000] {dagbag.py:545} INFO - Filling up the DagBag from /opt/airflow/dags/extraction_dag.py
[2026-09-18T09:13:54.900+0000] {processor.py:840} INFO - DAG(s) 'data_extraction' retrieved from /opt/airflow/dags/extraction_dag.py
[2026-09-18T09:13:54.929+0000] {logging_mixin.py:188} INFO - [2026-09-18T09:13:54.928+0000] {dag.py:3096} INFO - Sync 1 DAGs
[2026-09-18T09:13:54.941+0000] {logging_mixin.py:188} INFO - [2026-09-18T09:13:54.941+0000] {dag.py:3954} INFO - Setting next_dagrun for data_extraction to None, run_after=None
[2026-09-18T09:13:54.964+0000] {processor.py:183} INFO - Processing /opt/airflow/dags/extraction_dag.py took 0.089 seconds
[2026-09-18T09:14:25.593+0000] {processor.py:161} INFO - Started process (PID=135) to work on /opt/airflow/dags/extraction_dag.py
[2026-09-18T09:14:25.595+0000] {processor.py:830} INFO - Processing file /opt/airflow/dags/extraction_dag.py for tasks to queue
[2026-09-18T09:14:25.598+0000] {logging_mixin.py:188} INFO - [2026-09-18T09:14:25.597+0000] {dagbag.py:545} INFO - Filling up the DagBag from /opt/airflow/dags/extraction_dag.py
[2026-09-18T09:14:25.615+0000] {processor.py:840} INFO - DAG(s) 'data_extraction' retrieved from /opt/airflow/dags/extraction_dag.py
[2026-09-18T09:14:25.643+0000] {logging_mixin.py:188} INFO - [2026-09-18T09:14:25.642+0000] {dag.py:3096} INFO - Sync 1 DAGs
[2026-09-18T09:14:25.656+0000] {logging_mixin.py:188} INFO - [2026-09-18T09:14:25.656+0000] {dag.py:3954} INFO - Setting next_dagrun for data_extraction to None, run_after=None
[2026-09-18T09:14:25.685+0000] {processor.py:183} INFO - Processing /opt/airflow/dags/extraction_dag.py took 0.109 seconds
[2026-09-18T09:14:56.582+0000] {processor.py:161} INFO - Started process (PID=143) to work on /opt/airflow/dags/extraction_dag.py
[2026-09-18T09:14:56.584+0000] {processor.py:830} INFO - Processing file /opt/airflow/dags/extraction_dag.py for tasks to queue
[2026-09-18T09:14:56.586+0000] {logging_mixin.py:188} INFO - [2026-09-18T09:14:56.586+0000] {dagbag.py:545} INFO - Filling up the DagBag from /opt/airflow/dags/extraction_dag.py
[2026-09-18T09:14:56.599+0000] {processor.py:840} INFO - DAG(s) 'data_extraction' retrieved from /opt/airflow/dags/extraction_dag.py
[2026-09-18T09:14:56.632+0000] {logging_mixin.py:188} INFO - [2026-09-18T09:14:56.631+0000] {dag.py:3096} INFO - Sync 1 DAGs
[2026-09-18T09:14:56.645+0000] {logging_mixin.py:188} INFO - [2026-09-18T09:14:56.644+0000] {dag.py:3954} INFO - Setting next_dagrun for data_extraction to None, run_after=None
[2026-09-18T09:14:56.669+0000] {processor.py:183} INFO - Processing /opt/airflow/dags/extraction_dag.py took 0.096 seconds
[2026-09-18T09:15:27.358+0000] {processor.py:161} INFO - Started process (PID=151) to work on /opt/airflow/dags/extraction_dag.py
[2026-09-18T09:15:27.359+0000] {processor.py:830} INFO - Processing file /opt/airflow/dags/extraction_dag.py for tasks to queue
[2026-09-18T09:15:27.362+0000] {logging_mixin.py:188} INFO - [2026-09-18T09:15:27.361+0000] {dagbag.py:545} INFO - Filling up the DagBag from /opt/airflow/dags/extraction_dag.py
[2026-09-18T09:15:27.377+0000] {processor.py:840} INFO - DAG(s) 'data_extraction' retrieved from /opt/airflow/dags/extraction_dag.py
[2026-09-18T09:15:27.414+0000] {logging_mixin.py:188} INFO - [2026-09-18T09:15:27.414+0000] {dag.py:3096} INFO - Sync 1 DAGs
[2026-09-18T09:15:27.435+0000] {logging_mixin.py:188} INFO - [2026-09-18T09:15:27.434+0000] {dag.py:3954} INFO - Setting next_dagrun for data_extraction to None, run_after=None
[2026-09-18T09:15:27.464+0000] {processor.py:183} INFO - Processing /opt/airflow/dags/extraction_dag.py took 0.115 seconds
[2026-09-18T09:15:57.999+0000] {processor.py:161} INFO - Started process (PID=165) to work on /opt/airflow/dags/extraction_dag.py
[2026-09-18T09:15:58.000+0000] {processor.py:830} INFO - Processing file /opt/airflow/dags/extraction_dag.py for tasks to queue
[2026-09-18T09:15:58.003+0000] {logging_mixin.py:188} INFO - [2026-09-18T09:15:58.003+0000] {dagbag.py:545} INFO - Filling up the DagBag from /opt/airflow/dags/extraction_dag.py
[2026-09-18T09:15:58.018+0000] {processor.py:840} INFO - DAG(s) 'data_extraction' retrieved from /opt/airflow/dags/extraction_dag.py
[2026-09-18T09:15:58.048+0000] {logging_mixin.py:188} INFO - [2026-09-18T09:15:58.048+0000] {dag.py:3096} INFO - Sync 1 DAGs
[2026-09-18T09:15:58.064+0000] {logging_mixin.py:188} INFO - [2026-09-18T09:15:58.064+0000] {dag.py:3954} INFO - Setting next_dagrun for data_extraction to None, run_after=None
[2026-09-18T09:15:58.091+0000] {processor.py:183} INFO - Processing /opt/airflow/dags/extraction_dag.py took 0.101 seconds
[2026-09-18T09:16:28.857+0000] {processor.py:161} INFO - Started process (PID=173) to work on /opt/airflow/dags/extraction_dag.py
[2026-09-18T09:16:28.859+0000] {processor.py:830} INFO - Processing file /opt/airflow/dags/extraction_dag.py for tasks to queue
[2026-09-18T09:16:28.867+0000] {logging_mixin.py:188} INFO - [2026-09-18T09:16:28.865+0000] {dagbag.py:545} INFO - Filling up the DagBag from /opt/airflow/dags/extraction_dag.py
[2026-09-18T09:16:28.916+0000] {processor.py:840} INFO - DAG(s) 'data_extraction' retrieved from /opt/airflow/dags/extraction_dag.py
[2026-09-18T09:16:29.020+0000] {logging_mixin.py:188} INFO - [2026-09-18T09:16:29.019+0000] {dag.py:3096} INFO - Sync 1 DAGs
[2026-09-18T09:16:29.064+0000] {logging_mixin.py:188} INFO - [2026-09-18T09:16:29.064+0000] {dag.py:3954} INFO - Setting next_dagrun for data_extraction to None, run_after=None
[2026-09-18T09:16:29.108+0000] {processor.py:183} INFO - Processing /opt/airflow/dags/extraction_dag.py took 0.292 seconds
[2026-09-18T09:16:59.574+0000] {processor.py:161} INFO - Started process (PID=181) to work on /opt/airflow/dags/extraction_dag.py
[2026-09-18T09:16:59.575+0000] {processor.py:830} INFO - Processing file /opt/airflow/dags/extraction_dag.py for tasks to queue
[2026-09-18T09:16:59.577+0000] {logging_mixin.py:188} INFO - [2026-09-18T09:16:59.577+0000] {dagbag.py:545} INFO - Filling up the DagBag from /opt/airflow/dags/extraction_dag.py
[2026-09-18T09:16:59.586+0000] {processor.py:840} INFO - DAG(s) 'data_extraction' retrieved from /opt/airflow/dags/extraction_dag.py
[2026-09-18T09:16:59.610+0000] {logging_mixin.py:188} INFO - [2026-09-18T09:16:59.610+0000] {dag.py:3096} INFO - Sync 1 DAGs
[2026-09-18T09:16:59.622+0000] {logging_mixin.py:188} INFO - [2026-09-18T09:16:59.621+0000] {dag.py:3954} INFO - Setting next_dagrun for data_extraction to None, run_after=None
[2026-09-18T09:16:59.642+0000] {processor.py:183} INFO - Processing /opt/airflow/dags/extraction_dag.py took 0.074 seconds
[2026-09-18T09:17:30.385+0000] {processor.py:161} INFO - Started process (PID=189) to work on /opt/airflow/dags/extraction_dag.py
[2026-09-18T09:17:30.387+0000] {processor.py:830} INFO - Processing file /opt/airflow/dags/extraction_dag.py for tasks to queue
[2026-09-18T09:17:30.389+0000] {logging_mixin.py:188} INFO - [2026-09-18T09:17:30.389+0000] {dagbag.py:545} INFO - Filling up the DagBag from /opt/airflow/dags/extraction_dag.py
[2026-09-18T09:17:30.404+0000] {processor.py:840} INFO - DAG(s) 'data_extraction' retrieved from /opt/airflow/dags/extraction_dag.py
[2026-09-18T09:17:30.451+0000] {logging_mixin.py:188} INFO - [2026-09-18T09:17:30.450+0000] {dag.py:3096} INFO - Sync 1 DAGs
[2026-09-18T09:17:30.470+0000] {logging_mixin.py:188} INFO - [2026-09-18T09:17:30.469+0000] {dag.py:3954} INFO - Setting next_dagrun for data_extraction to None, run_after=None
[2026-09-18T09:17:30.497+0000] {processor.py:183} INFO - Processing /opt/airflow/dags/extraction_dag.py took 0.122 seconds
[2026-09-18T09:17:31.533+0000] {processor.py:161} INFO - Started process (PID=190) to work on /opt/airflow/dags/extraction_dag.py
[2026-09-18T09:17:31.535+0000] {processor.py:830} INFO - Processing file /opt/airflow/dags/extraction_dag.py for tasks to queue
[2026-09-18T09:17:31.538+0000] {logging_mixin.py:188} INFO - [2026-09-18T09:17:31.538+0000] {dagbag.py:545} INFO - Filling up the DagBag from /opt/airflow/dags/extraction_dag.py
[2026-09-18T09:17:31.555+0000] {processor.py:840} INFO - DAG(s) 'data_extraction' retrieved from /opt/airflow/dags/extraction_dag.py
[2026-09-18T09:17:31.590+0000] {logging_mixin.py:188} INFO - [2026-09-18T09:17:31.590+0000] {dag.py:3096} INFO - Sync 1 DAGs
[2026-09-18T09:17:31.609+0000] {logging_mixin.py:188} INFO - [2026-09-18T09:17:31.609+0000] {dag.py:3954} INFO - Setting next_dagrun for data_extraction to None, run_after=None
[2026-09-18T09:17:31.646+0000] {processor.py:183} INFO - Processing /opt/airflow/dags/extraction_dag.py took 0.123 seconds
[2026-09-18T09:18:02.110+0000] {processor.py:161} INFO - Started process (PID=198) to work on /opt/airflow/dags/extraction_dag.py
[2026-09-18T09:18:02.115+0000] {processor.py:830} INFO - Processing file /opt/airflow/dags/extraction_dag.py for tasks to queue
[2026-09-18T09:18:02.117+0000] {logging_mixin.py:188} INFO - [2026-09-18T09:18:02.117+0000] {dagbag.py:545} INFO - Filling up the DagBag from /opt/airflow/dags/extraction_dag.py
[2026-09-18T09:18:02.127+0000] {processor.py:840} INFO - DAG(s) 'data_extraction' retrieved from /opt/airflow/dags/extraction_dag.py
[2026-09-18T09:18:02.163+0000] {logging_mixin.py:188} INFO - [2026-09-18T09:18:02.163+0000] {dag.py:3096} INFO - Sync 1 DAGs
[2026-09-18T09:18:02.179+0000] {logging_mixin.py:188} INFO - [2026-09-18T09:18:02.179+0000] {dag.py:3954} INFO - Setting next_dagrun for data_extraction to None, run_after=None
[2026-09-18T09:18:02.205+0000] {processor.py:183} INFO - Processing /opt/airflow/dags/extraction_dag.py took 0.102 seconds
[2026-09-18T09:18:32.792+0000] {processor.py:161} INFO - Started process (PID=206) to work on /opt/airflow/dags/extraction_dag.py
[2026-09-18T09:18:32.797+0000] {processor.py:830} INFO - Processing file /opt/airflow/dags/extraction_dag.py for tasks to queue
[2026-09-18T09:18:32.800+0000] {logging_mixin.py:188} INFO - [2026-09-18T09:18:32.799+0000] {dagbag.py:545} INFO - Filling up the DagBag from /opt/airflow/dags/extraction_dag.py
[2026-09-18T09:18:32.811+0000] {processor.py:840} INFO - DAG(s) 'data_extraction' retrieved from /opt/airflow/dags/extraction_dag.py
[2026-09-18T09:18:32.854+0000] {logging_mixin.py:188} INFO - [2026-09-18T09:18:32.853+0000] {dag.py:3096} INFO - Sync 1 DAGs
[2026-09-18T09:18:32.870+0000] {logging_mixin.py:188} INFO - [2026-09-18T09:18:32.869+0000] {dag.py:3954} INFO - Setting next_dagrun for data_extraction to None, run_after=None
[2026-09-18T09:18:32.902+0000] {processor.py:183} INFO - Processing /opt/airflow/dags/extraction_dag.py took 0.119 seconds
[2026-09-18T09:19:03.408+0000] {processor.py:161} INFO - Started process (PID=214) to work on /opt/airflow/dags/extraction_dag.py
[2026-09-18T09:19:03.413+0000] {processor.py:830} INFO - Processing file /opt/airflow/dags/extraction_dag.py for tasks to queue
[2026-09-18T09:19:03.415+0000] {logging_mixin.py:188} INFO - [2026-09-18T09:19:03.415+0000] {dagbag.py:545} INFO - Filling up the DagBag from /opt/airflow/dags/extraction_dag.py
[2026-09-18T09:19:03.426+0000] {processor.py:840} INFO - DAG(s) 'data_extraction' retrieved from /opt/airflow/dags/extraction_dag.py
[2026-09-18T09:19:03.451+0000] {logging_mixin.py:188} INFO - [2026-09-18T09:19:03.450+0000] {dag.py:3096} INFO - Sync 1 DAGs
[2026-09-18T09:19:03.462+0000] {logging_mixin.py:188} INFO - [2026-09-18T09:19:03.462+0000] {dag.py:3954} INFO - Setting next_dagrun for data_extraction to None, run_after=None
[2026-09-18T09:19:03.488+0000] {processor.py:183} INFO - Processing /opt/airflow/dags/extraction_dag.py took 0.086 seconds
[2026-09-18T09:19:23.972+0000] {processor.py:161} INFO - Started process (PID=221) to work on /opt/airflow/dags/extraction_dag.py
[2026-09-18T09:19:23.974+0000] {processor.py:830} INFO - Processing file /opt/airflow/dags/extraction_dag.py for tasks to queue
[2026-09-18T09:19:23.976+0000] {logging_mixin.py:188} INFO - [2026-09-18T09:19:23.976+0000] {dagbag.py:545} INFO - Filling up the DagBag from /opt/airflow/dags/extraction_dag.py
[2026-09-18T09:19:23.992+0000] {processor.py:840} INFO - DAG(s) 'data_extraction' retrieved from /opt/airflow/dags/extraction_dag.py
[2026-09-18T09:19:24.022+0000] {logging_mixin.py:188} INFO - [2026-09-18T09:19:24.022+0000] {dag.py:3096} INFO - Sync 1 DAGs
[2026-09-18T09:19:24.036+0000] {logging_mixin.py:188} INFO - [2026-09-18T09:19:24.036+0000] {dag.py:3954} INFO - Setting next_dagrun for data_extraction to None, run_after=None
[2026-09-18T09:19:24.068+0000] {processor.py:183} INFO - Processing /opt/airflow/dags/extraction_dag.py took 0.105 seconds
[2026-09-18T09:19:54.553+0000] {processor.py:161} INFO - Started process (PID=230) to work on /opt/airflow/dags/extraction_dag.py
[2026-09-18T09:19:54.559+0000] {processor.py:830} INFO - Processing file /opt/airflow/dags/extraction_dag.py for tasks to queue
[2026-09-18T09:19:54.560+0000] {logging_mixin.py:188} INFO - [2026-09-18T09:19:54.560+0000] {dagbag.py:545} INFO - Filling up the DagBag from /opt/airflow/dags/extraction_dag.py
[2026-09-18T09:19:54.570+0000] {processor.py:840} INFO - DAG(s) 'data_extraction' retrieved from /opt/airflow/dags/extraction_dag.py
[2026-09-18T09:19:54.593+0000] {logging_mixin.py:188} INFO - [2026-09-18T09:19:54.593+0000] {dag.py:3096} INFO - Sync 1 DAGs
[2026-09-18T09:19:54.605+0000] {logging_mixin.py:188} INFO - [2026-09-18T09:19:54.605+0000] {dag.py:3954} INFO - Setting next_dagrun for data_extraction to None, run_after=None
[2026-09-18T09:19:54.629+0000] {processor.py:183} INFO - Processing /opt/airflow/dags/extraction_dag.py took 0.081 seconds
[2026-09-18T09:20:25.219+0000] {processor.py:161} INFO - Started process (PID=238) to work on /opt/airflow/dags/extraction_dag.py
[2026-09-18T09:20:25.225+0000] {processor.py:830} INFO - Processing file /opt/airflow/dags/extraction_dag.py for tasks to queue
[2026-09-18T09:20:25.228+0000] {logging_mixin.py:188} INFO - [2026-09-18T09:20:25.227+0000] {dagbag.py:545} INFO - Filling up the DagBag from /opt/airflow/dags/extraction_dag.py
[2026-09-18T09:20:25.239+0000] {processor.py:840} INFO - DAG(s) 'data_extraction' retrieved from /opt/airflow/dags/extraction_dag.py
[2026-09-18T09:20:25.265+0000] {logging_mixin.py:188} INFO - [2026-09-18T09:20:25.265+0000] {dag.py:3096} INFO - Sync 1 DAGs
[2026-09-18T09:20:25.277+0000] {logging_mixin.py:188} INFO - [2026-09-18T09:20:25.277+0000] {dag.py:3954} INFO - Setting next_dagrun for data_extraction to None, run_after=None
[2026-09-18T09:20:25.299+0000] {processor.py:183} INFO - Processing /opt/airflow/dags/extraction_dag.py took 0.088 seconds
[2026-09-18T09:20:55.791+0000] {processor.py:161} INFO - Started process (PID=246) to work on /opt/airflow/dags/extraction_dag.py
[2026-09-18T09:20:55.797+0000] {processor.py:830} INFO - Processing file /opt/airflow/dags/extraction_dag.py for tasks to queue
[2026-09-18T09:20:55.799+0000] {logging_mixin.py:188} INFO - [2026-09-18T09:20:55.799+0000] {dagbag.py:545} INFO - Filling up the DagBag from /opt/airflow/dags/extraction_dag.py
[2026-09-18T09:20:55.810+0000] {processor.py:840} INFO - DAG(s) 'data_extraction' retrieved from /opt/airflow/dags/extraction_dag.py
[2026-09-18T09:20:55.836+0000] {logging_mixin.py:188} INFO - [2026-09-18T09:20:55.836+0000] {dag.py:3096} INFO - Sync 1 DAGs
[2026-09-18T09:20:55.852+0000] {logging_mixin.py:188} INFO - [2026-09-18T09:20:55.852+0000] {dag.py:3954} INFO - Setting next_dagrun for data_extraction to None, run_after=None
[2026-09-18T09:20:55.878+0000] {processor.py:183} INFO - Processing /opt/airflow/dags/extraction_dag.py took 0.093 seconds
[2026-09-18T09:21:26.437+0000] {processor.py:161} INFO - Started process (PID=254) to work on /opt/airflow/dags/extraction_dag.py
[2026-09-18T09:21:26.442+0000] {processor.py:830} INFO - Processing file /opt/airflow/dags/extraction_dag.py for tasks to queue
[2026-09-18T09:21:26.445+0000] {logging_mixin.py:188} INFO - [2026-09-18T09:21:26.444+0000] {dagbag.py:545} INFO - Filling up the DagBag from /opt/airflow/dags/extraction_dag.py
[2026-09-18T09:21:26.456+0000] {processor.py:840} INFO - DAG(s) 'data_extraction' retrieved from /opt/airflow/dags/extraction_dag.py
[2026-09-18T09:21:26.481+0000] {logging_mixin.py:188} INFO - [2026-09-18T09:21:26.480+0000] {dag.py:3096} INFO - Sync 1 DAGs
[2026-09-18T09:21:26.494+0000] {logging_mixin.py:188} INFO - [2026-09-18T09:21:26.494+0000] {dag.py:3954} INFO - Setting next_dagrun for data_extraction to None, run_after=None
[2026-09-18T09:21:26.520+0000] {processor.py:183} INFO - Processing /opt/airflow/dags/extraction_dag.py took 0.093 seconds
[2026-09-18T09:21:57.082+0000] {processor.py:161} INFO - Started process (PID=262) to work on /opt/airflow/dags/extraction_dag.py
[2026-09-18T09:21:57.088+0000] {processor.py:830} INFO - Processing file /opt/airflow/dags/extraction_dag.py for tasks to queue
[2026-09-18T09:21:57.089+0000] {logging_mixin.py:188} INFO - [2026-09-18T09:21:57.089+0000] {dagbag.py:545} INFO - Filling up the DagBag from /opt/airflow/dags/extraction_dag.py
[2026-09-18T09:21:57.099+0000] {processor.py:840} INFO - DAG(s) 'data_extraction' retrieved from /opt/airflow/dags/extraction_dag.py
[2026-09-18T09:21:57.122+0000] {logging_mixin.py:188} INFO - [2026-09-18T09:21:57.121+0000] {dag.py:3096} INFO - Sync 1 DAGs
[2026-09-18T09:21:57.132+0000] {logging_mixin.py:188} INFO - [2026-09-18T09:21:57.132+0000] {dag.py:3954} INFO - Setting next_dagrun for data_extraction to None, run_after=None
[2026-09-18T09:21:57.151+0000] {processor.py:183} INFO - Processing /opt/airflow/dags/extraction_dag.py took 0.075 seconds
[2026-09-18T09:22:27.775+0000] {processor.py:161} INFO - Started process (PID=270) to work on /opt/airflow/dags/extraction_dag.py
[2026-09-18T09:22:27.781+0000] {processor.py:830} INFO - Processing file /opt/airflow/dags/extraction_dag.py for tasks to queue
[2026-09-18T09:22:27.782+0000] {logging_mixin.py:188} INFO - [2026-09-18T09:22:27.782+0000] {dagbag.py:545} INFO - Filling up the DagBag from /opt/airflow/dags/extraction_dag.py
[2026-09-18T09:22:27.791+0000] {processor.py:840} INFO - DAG(s) 'data_extraction' retrieved from /opt/airflow/dags/extraction_dag.py
[2026-09-18T09:22:27.814+0000] {logging_mixin.py:188} INFO - [2026-09-18T09:22:27.813+0000] {dag.py:3096} INFO - Sync 1 DAGs
[2026-09-18T09:22:27.825+0000] {logging_mixin.py:188} INFO - [2026-09-18T09:22:27.824+0000] {dag.py:3954} INFO - Setting next_dagrun for data_extraction to None, run_after=None
[2026-09-18T09:22:27.845+0000] {processor.py:183} INFO - Processing /opt/airflow/dags/extraction_dag.py took 0.076 seconds
[2026-09-18T09:22:58.606+0000] {processor.py:161} INFO - Started process (PID=278) to work on /opt/airflow/dags/extraction_dag.py
[2026-09-18T09:22:58.611+0000] {processor.py:830} INFO - Processing file /opt/airflow/dags/extraction_dag.py for tasks to queue
[2026-09-18T09:22:58.613+0000] {logging_mixin.py:188} INFO - [2026-09-18T09:22:58.613+0000] {dagbag.py:545} INFO - Filling up the DagBag from /opt/airflow/dags/extraction_dag.py
[2026-09-18T09:22:58.622+0000] {processor.py:840} INFO - DAG(s) 'data_extraction' retrieved from /opt/airflow/dags/extraction_dag.py
[2026-09-18T09:22:58.645+0000] {logging_mixin.py:188} INFO - [2026-09-18T09:22:58.645+0000] {dag.py:3096} INFO - Sync 1 DAGs
[2026-09-18T09:22:58.656+0000] {logging_mixin.py:188} INFO - [2026-09-18T09:22:58.656+0000] {dag.py:3954} INFO - Setting next_dagrun for data_extraction to None, run_after=None
[2026-09-18T09:22:58.673+0000] {processor.py:183} INFO - Processing /opt/airflow/dags/extraction_dag.py took 0.073 seconds
[2026-09-18T09:23:29.139+0000] {processor.py:161} INFO - Started process (PID=286) to work on /opt/airflow/dags/extraction_dag.py
[2026-09-18T09:23:29.144+0000] {processor.py:830} INFO - Processing file /opt/airflow/dags/extraction_dag.py for tasks to queue
[2026-09-18T09:23:29.146+0000] {logging_mixin.py:188} INFO - [2026-09-18T09:23:29.146+0000] {dagbag.py:545} INFO - Filling up the DagBag from /opt/airflow/dags/extraction_dag.py
[2026-09-18T09:23:29.156+0000] {processor.py:840} INFO - DAG(s) 'data_extraction' retrieved from /opt/airflow/dags/extraction_dag.py
[2026-09-18T09:23:29.181+0000] {logging_mixin.py:188} INFO - [2026-09-18T09:23:29.181+0000] {dag.py:3096} INFO - Sync 1 DAGs
[2026-09-18T09:23:29.192+0000] {logging_mixin.py:188} INFO - [2026-09-18T09:23:29.192+0000] {dag.py:3954} INFO - Setting next_dagrun for data_extraction to None, run_after=None
[2026-09-18T09:23:29.217+0000] {processor.py:183} INFO - Processing /opt/airflow/dags/extraction_dag.py took 0.085 seconds
[2026-09-18T09:23:59.780+0000] {processor.py:161} INFO - Started process (PID=300) to work on /opt/airflow/dags/extraction_dag.py
[2026-09-18T09:23:59.786+0000] {processor.py:830} INFO - Processing file /opt/airflow/dags/extraction_dag.py for tasks to queue
[2026-09-18T09:23:59.787+0000] {logging_mixin.py:188} INFO - [2026-09-18T09:23:59.787+0000] {dagbag.py:545} INFO - Filling up the DagBag from /opt/airflow/dags/extraction_dag.py
[2026-09-18T09:23:59.796+0000] {processor.py:840} INFO - DAG(s) 'data_extraction' retrieved from /opt/airflow/dags/extraction_dag.py
[2026-09-18T09:23:59.820+0000] {logging_mixin.py:188} INFO - [2026-09-18T09:23:59.820+0000] {dag.py:3096} INFO - Sync 1 DAGs
[2026-09-18T09:23:59.831+0000] {logging_mixin.py:188} INFO - [2026-09-18T09:23:59.831+0000] {dag.py:3954} INFO - Setting next_dagrun for data_extraction to None, run_after=None
[2026-09-18T09:23:59.870+0000] {processor.py:183} INFO - Processing /opt/airflow/dags/extraction_dag.py took 0.097 seconds
[2026-09-18T09:24:30.335+0000] {processor.py:161} INFO - Started process (PID=308) to work on /opt/airflow/dags/extraction_dag.py
[2026-09-18T09:24:30.337+0000] {processor.py:830} INFO - Processing file /opt/airflow/dags/extraction_dag.py for tasks to queue
[2026-09-18T09:24:30.339+0000] {logging_mixin.py:188} INFO - [2026-09-18T09:24:30.339+0000] {dagbag.py:545} INFO - Filling up the DagBag from /opt/airflow/dags/extraction_dag.py
[2026-09-18T09:24:30.350+0000] {processor.py:840} INFO - DAG(s) 'data_extraction' retrieved from /opt/airflow/dags/extraction_dag.py
[2026-09-18T09:24:30.376+0000] {logging_mixin.py:188} INFO - [2026-09-18T09:24:30.376+0000] {dag.py:3096} INFO - Sync 1 DAGs
[2026-09-18T09:24:30.390+0000] {logging_mixin.py:188} INFO - [2026-09-18T09:24:30.389+0000] {dag.py:3954} INFO - Setting next_dagrun for data_extraction to None, run_after=None
[2026-09-18T09:24:30.411+0000] {processor.py:183} INFO - Processing /opt/airflow/dags/extraction_dag.py took 0.084 seconds
[2026-09-18T09:25:00.986+0000] {processor.py:161} INFO - Started process (PID=316) to work on /opt/airflow/dags/extraction_dag.py
[2026-09-18T09:25:00.988+0000] {processor.py:830} INFO - Processing file /opt/airflow/dags/extraction_dag.py for tasks to queue
[2026-09-18T09:25:00.990+0000] {logging_mixin.py:188} INFO - [2026-09-18T09:25:00.990+0000] {dagbag.py:545} INFO - Filling up the DagBag from /opt/airflow/dags/extraction_dag.py
[2026-09-18T09:25:01.001+0000] {processor.py:840} INFO - DAG(s) 'data_extraction' retrieved from /opt/airflow/dags/extraction_dag.py
[2026-09-18T09:25:01.025+0000] {logging_mixin.py:188} INFO - [2026-09-18T09:25:01.024+0000] {dag.py:3096} INFO - Sync 1 DAGs
[2026-09-18T09:25:01.036+0000] {logging_mixin.py:188} INFO - [2026-09-18T09:25:01.036+0000] {dag.py:3954} INFO - Setting next_dagrun for data_extraction to None, run_after=None
[2026-09-18T09:25:01.056+0000] {processor.py:183} INFO - Processing /opt/airflow/dags/extraction_dag.py took 0.079 seconds
[2026-09-18T09:25:31.693+0000] {processor.py:161} INFO - Started process (PID=324) to work on /opt/airflow/dags/extraction_dag.py
[2026-09-18T09:25:31.698+0000] {processor.py:830} INFO - Processing file /opt/airflow/dags/extraction_dag.py for tasks to queue
[2026-09-18T09:25:31.702+0000] {logging_mixin.py:188} INFO - [2026-09-18T09:25:31.701+0000] {dagbag.py:545} INFO - Filling up the DagBag from /opt/airflow/dags/extraction_dag.py
[2026-09-18T09:25:31.998+0000] {processor.py:840} INFO - DAG(s) 'data_extraction' retrieved from /opt/airflow/dags/extraction_dag.py
[2026-09-18T09:25:32.190+0000] {logging_mixin.py:188} INFO - [2026-09-18T09:25:32.189+0000] {dag.py:3096} INFO - Sync 1 DAGs
[2026-09-18T09:25:32.295+0000] {logging_mixin.py:188} INFO - [2026-09-18T09:25:32.294+0000] {dag.py:3954} INFO - Setting next_dagrun for data_extraction to None, run_after=None
[2026-09-18T09:25:32.498+0000] {processor.py:183} INFO - Processing /opt/airflow/dags/extraction_dag.py took 0.864 seconds
[2026-09-18T09:26:03.170+0000] {processor.py:161} INFO - Started process (PID=332) to work on /opt/airflow/dags/extraction_dag.py
[2026-09-18T09:26:03.173+0000] {processor.py:830} INFO - Processing file /opt/airflow/dags/extraction_dag.py for tasks to queue
[2026-09-18T09:26:03.176+0000] {logging_mixin.py:188} INFO - [2026-09-18T09:26:03.176+0000] {dagbag.py:545} INFO - Filling up the DagBag from /opt/airflow/dags/extraction_dag.py
[2026-09-18T09:26:03.193+0000] {processor.py:840} INFO - DAG(s) 'data_extraction' retrieved from /opt/airflow/dags/extraction_dag.py
[2026-09-18T09:26:03.225+0000] {logging_mixin.py:188} INFO - [2026-09-18T09:26:03.225+0000] {dag.py:3096} INFO - Sync 1 DAGs
[2026-09-18T09:26:03.244+0000] {logging_mixin.py:188} INFO - [2026-09-18T09:26:03.244+0000] {dag.py:3954} INFO - Setting next_dagrun for data_extraction to None, run_after=None
[2026-09-18T09:26:03.268+0000] {processor.py:183} INFO - Processing /opt/airflow/dags/extraction_dag.py took 0.107 seconds
[2026-09-18T09:26:33.667+0000] {processor.py:161} INFO - Started process (PID=340) to work on /opt/airflow/dags/extraction_dag.py
[2026-09-18T09:26:33.669+0000] {processor.py:830} INFO - Processing file /opt/airflow/dags/extraction_dag.py for tasks to queue
[2026-09-18T09:26:33.671+0000] {logging_mixin.py:188} INFO - [2026-09-18T09:26:33.671+0000] {dagbag.py:545} INFO - Filling up the DagBag from /opt/airflow/dags/extraction_dag.py
[2026-09-18T09:26:33.684+0000] {processor.py:840} INFO - DAG(s) 'data_extraction' retrieved from /opt/airflow/dags/extraction_dag.py
[2026-09-18T09:26:33.715+0000] {logging_mixin.py:188} INFO - [2026-09-18T09:26:33.715+0000] {dag.py:3096} INFO - Sync 1 DAGs
[2026-09-18T09:26:33.730+0000] {logging_mixin.py:188} INFO - [2026-09-18T09:26:33.729+0000] {dag.py:3954} INFO - Setting next_dagrun for data_extraction to None, run_after=None
[2026-09-18T09:26:33.754+0000] {processor.py:183} INFO - Processing /opt/airflow/dags/extraction_dag.py took 0.096 seconds
[2026-09-18T09:27:04.274+0000] {processor.py:161} INFO - Started process (PID=348) to work on /opt/airflow/dags/extraction_dag.py
[2026-09-18T09:27:04.279+0000] {processor.py:830} INFO - Processing file /opt/airflow/dags/extraction_dag.py for tasks to queue
[2026-09-18T09:27:04.281+0000] {logging_mixin.py:188} INFO - [2026-09-18T09:27:04.281+0000] {dagbag.py:545} INFO - Filling up the DagBag from /opt/airflow/dags/extraction_dag.py
[2026-09-18T09:27:04.290+0000] {processor.py:840} INFO - DAG(s) 'data_extraction' retrieved from /opt/airflow/dags/extraction_dag.py
[2026-09-18T09:27:04.314+0000] {logging_mixin.py:188} INFO - [2026-09-18T09:27:04.314+0000] {dag.py:3096} INFO - Sync 1 DAGs
[2026-09-18T09:27:04.325+0000] {logging_mixin.py:188} INFO - [2026-09-18T09:27:04.325+0000] {dag.py:3954} INFO - Setting next_dagrun for data_extraction to None, run_after=None
[2026-09-18T09:27:04.344+0000] {processor.py:183} INFO - Processing /opt/airflow/dags/extraction_dag.py took 0.077 seconds
[2026-09-18T09:27:34.845+0000] {processor.py:161} INFO - Started process (PID=356) to work on /opt/airflow/dags/extraction_dag.py
[2026-09-18T09:27:34.846+0000] {processor.py:830} INFO - Processing file /opt/airflow/dags/extraction_dag.py for tasks to queue
[2026-09-18T09:27:34.849+0000] {logging_mixin.py:188} INFO - [2026-09-18T09:27:34.848+0000] {dagbag.py:545} INFO - Filling up the DagBag from /opt/airflow/dags/extraction_dag.py
[2026-09-18T09:27:34.860+0000] {processor.py:840} INFO - DAG(s) 'data_extraction' retrieved from /opt/airflow/dags/extraction_dag.py
[2026-09-18T09:27:34.887+0000] {logging_mixin.py:188} INFO - [2026-09-18T09:27:34.886+0000] {dag.py:3096} INFO - Sync 1 DAGs
[2026-09-18T09:27:34.898+0000] {logging_mixin.py:188} INFO - [2026-09-18T09:27:34.898+0000] {dag.py:3954} INFO - Setting next_dagrun for data_extraction to None, run_after=None
[2026-09-18T09:27:34.917+0000] {processor.py:183} INFO - Processing /opt/airflow/dags/extraction_dag.py took 0.079 seconds
[2026-09-18T09:28:05.456+0000] {processor.py:161} INFO - Started process (PID=364) to work on /opt/airflow/dags/extraction_dag.py
[2026-09-18T09:28:05.457+0000] {processor.py:830} INFO - Processing file /opt/airflow/dags/extraction_dag.py for tasks to queue
[2026-09-18T09:28:05.459+0000] {logging_mixin.py:188} INFO - [2026-09-18T09:28:05.459+0000] {dagbag.py:545} INFO - Filling up the DagBag from /opt/airflow/dags/extraction_dag.py
[2026-09-18T09:28:05.468+0000] {processor.py:840} INFO - DAG(s) 'data_extraction' retrieved from /opt/airflow/dags/extraction_dag.py
[2026-09-18T09:28:05.493+0000] {logging_mixin.py:188} INFO - [2026-09-18T09:28:05.493+0000] {dag.py:3096} INFO - Sync 1 DAGs
[2026-09-18T09:28:05.505+0000] {logging_mixin.py:188} INFO - [2026-09-18T09:28:05.505+0000] {dag.py:3954} INFO - Setting next_dagrun for data_extraction to None, run_after=None
[2026-09-18T09:28:05.527+0000] {processor.py:183} INFO - Processing /opt/airflow/dags/extraction_dag.py took 0.079 seconds
[2026-09-18T09:46:58.829+0000] {processor.py:161} INFO - Started process (PID=372) to work on /opt/airflow/dags/extraction_dag.py
[2026-09-18T09:46:58.831+0000] {processor.py:830} INFO - Processing file /opt/airflow/dags/extraction_dag.py for tasks to queue
[2026-09-18T09:46:58.850+0000] {logging_mixin.py:188} INFO - [2026-09-18T09:46:58.848+0000] {dagbag.py:545} INFO - Filling up the DagBag from /opt/airflow/dags/extraction_dag.py
[2026-09-18T09:46:58.885+0000] {processor.py:840} INFO - DAG(s) 'data_extraction' retrieved from /opt/airflow/dags/extraction_dag.py
[2026-09-18T09:46:58.959+0000] {logging_mixin.py:188} INFO - [2026-09-18T09:46:58.958+0000] {dag.py:3096} INFO - Sync 1 DAGs
[2026-09-18T09:46:59.015+0000] {logging_mixin.py:188} INFO - [2026-09-18T09:46:59.014+0000] {dag.py:3954} INFO - Setting next_dagrun for data_extraction to None, run_after=None
[2026-09-18T09:46:59.106+0000] {processor.py:183} INFO - Processing /opt/airflow/dags/extraction_dag.py took 0.300 seconds
[2026-09-18T09:47:29.339+0000] {processor.py:161} INFO - Started process (PID=380) to work on /opt/airflow/dags/extraction_dag.py
[2026-09-18T09:47:29.345+0000] {processor.py:830} INFO - Processing file /opt/airflow/dags/extraction_dag.py for tasks to queue
[2026-09-18T09:47:29.347+0000] {logging_mixin.py:188} INFO - [2026-09-18T09:47:29.346+0000] {dagbag.py:545} INFO - Filling up the DagBag from /opt/airflow/dags/extraction_dag.py
[2026-09-18T09:47:29.358+0000] {processor.py:840} INFO - DAG(s) 'data_extraction' retrieved from /opt/airflow/dags/extraction_dag.py
[2026-09-18T09:47:29.387+0000] {logging_mixin.py:188} INFO - [2026-09-18T09:47:29.387+0000] {dag.py:3096} INFO - Sync 1 DAGs
[2026-09-18T09:47:29.399+0000] {logging_mixin.py:188} INFO - [2026-09-18T09:47:29.399+0000] {dag.py:3954} INFO - Setting next_dagrun for data_extraction to None, run_after=None
[2026-09-18T09:47:29.425+0000] {processor.py:183} INFO - Processing /opt/airflow/dags/extraction_dag.py took 0.093 seconds
[2026-09-18T09:47:59.826+0000] {processor.py:161} INFO - Started process (PID=388) to work on /opt/airflow/dags/extraction_dag.py
[2026-09-18T09:47:59.828+0000] {processor.py:830} INFO - Processing file /opt/airflow/dags/extraction_dag.py for tasks to queue
[2026-09-18T09:47:59.831+0000] {logging_mixin.py:188} INFO - [2026-09-18T09:47:59.830+0000] {dagbag.py:545} INFO - Filling up the DagBag from /opt/airflow/dags/extraction_dag.py
[2026-09-18T09:47:59.844+0000] {processor.py:840} INFO - DAG(s) 'data_extraction' retrieved from /opt/airflow/dags/extraction_dag.py
[2026-09-18T09:47:59.876+0000] {logging_mixin.py:188} INFO - [2026-09-18T09:47:59.876+0000] {dag.py:3096} INFO - Sync 1 DAGs
[2026-09-18T09:47:59.895+0000] {logging_mixin.py:188} INFO - [2026-09-18T09:47:59.894+0000] {dag.py:3954} INFO - Setting next_dagrun for data_extraction to None, run_after=None
[2026-09-18T09:47:59.933+0000] {processor.py:183} INFO - Processing /opt/airflow/dags/extraction_dag.py took 0.116 seconds
[2026-09-18T09:48:30.522+0000] {processor.py:161} INFO - Started process (PID=396) to work on /opt/airflow/dags/extraction_dag.py
[2026-09-18T09:48:30.529+0000] {processor.py:830} INFO - Processing file /opt/airflow/dags/extraction_dag.py for tasks to queue
[2026-09-18T09:48:30.531+0000] {logging_mixin.py:188} INFO - [2026-09-18T09:48:30.531+0000] {dagbag.py:545} INFO - Filling up the DagBag from /opt/airflow/dags/extraction_dag.py
[2026-09-18T09:48:30.545+0000] {processor.py:840} INFO - DAG(s) 'data_extraction' retrieved from /opt/airflow/dags/extraction_dag.py
[2026-09-18T09:48:30.579+0000] {logging_mixin.py:188} INFO - [2026-09-18T09:48:30.579+0000] {dag.py:3096} INFO - Sync 1 DAGs
[2026-09-18T09:48:30.593+0000] {logging_mixin.py:188} INFO - [2026-09-18T09:48:30.592+0000] {dag.py:3954} INFO - Setting next_dagrun for data_extraction to None, run_after=None
[2026-09-18T09:48:30.622+0000] {processor.py:183} INFO - Processing /opt/airflow/dags/extraction_dag.py took 0.110 seconds
[2026-09-18T09:49:01.248+0000] {processor.py:161} INFO - Started process (PID=404) to work on /opt/airflow/dags/extraction_dag.py
[2026-09-18T09:49:01.252+0000] {processor.py:830} INFO - Processing file /opt/airflow/dags/extraction_dag.py for tasks to queue
[2026-09-18T09:49:01.257+0000] {logging_mixin.py:188} INFO - [2026-09-18T09:49:01.256+0000] {dagbag.py:545} INFO - Filling up the DagBag from /opt/airflow/dags/extraction_dag.py
[2026-09-18T09:49:01.269+0000] {processor.py:840} INFO - DAG(s) 'data_extraction' retrieved from /opt/airflow/dags/extraction_dag.py
[2026-09-18T09:49:01.299+0000] {logging_mixin.py:188} INFO - [2026-09-18T09:49:01.299+0000] {dag.py:3096} INFO - Sync 1 DAGs
[2026-09-18T09:49:01.316+0000] {logging_mixin.py:188} INFO - [2026-09-18T09:49:01.316+0000] {dag.py:3954} INFO - Setting next_dagrun for data_extraction to None, run_after=None
[2026-09-18T09:49:01.346+0000] {processor.py:183} INFO - Processing /opt/airflow/dags/extraction_dag.py took 0.108 seconds
[2026-09-18T09:49:32.015+0000] {processor.py:161} INFO - Started process (PID=418) to work on /opt/airflow/dags/extraction_dag.py
[2026-09-18T09:49:32.020+0000] {processor.py:830} INFO - Processing file /opt/airflow/dags/extraction_dag.py for tasks to queue
[2026-09-18T09:49:32.022+0000] {logging_mixin.py:188} INFO - [2026-09-18T09:49:32.022+0000] {dagbag.py:545} INFO - Filling up the DagBag from /opt/airflow/dags/extraction_dag.py
[2026-09-18T09:49:32.034+0000] {processor.py:840} INFO - DAG(s) 'data_extraction' retrieved from /opt/airflow/dags/extraction_dag.py
[2026-09-18T09:49:32.059+0000] {logging_mixin.py:188} INFO - [2026-09-18T09:49:32.059+0000] {dag.py:3096} INFO - Sync 1 DAGs
[2026-09-18T09:49:32.072+0000] {logging_mixin.py:188} INFO - [2026-09-18T09:49:32.072+0000] {dag.py:3954} INFO - Setting next_dagrun for data_extraction to None, run_after=None
[2026-09-18T09:49:32.098+0000] {processor.py:183} INFO - Processing /opt/airflow/dags/extraction_dag.py took 0.090 seconds
[2026-09-18T09:50:02.835+0000] {processor.py:161} INFO - Started process (PID=426) to work on /opt/airflow/dags/extraction_dag.py
[2026-09-18T09:50:02.836+0000] {processor.py:830} INFO - Processing file /opt/airflow/dags/extraction_dag.py for tasks to queue
[2026-09-18T09:50:02.838+0000] {logging_mixin.py:188} INFO - [2026-09-18T09:50:02.838+0000] {dagbag.py:545} INFO - Filling up the DagBag from /opt/airflow/dags/extraction_dag.py
[2026-09-18T09:50:02.850+0000] {processor.py:840} INFO - DAG(s) 'data_extraction' retrieved from /opt/airflow/dags/extraction_dag.py
[2026-09-18T09:50:02.881+0000] {logging_mixin.py:188} INFO - [2026-09-18T09:50:02.881+0000] {dag.py:3096} INFO - Sync 1 DAGs
[2026-09-18T09:50:02.897+0000] {logging_mixin.py:188} INFO - [2026-09-18T09:50:02.897+0000] {dag.py:3954} INFO - Setting next_dagrun for data_extraction to None, run_after=None
[2026-09-18T09:50:02.927+0000] {processor.py:183} INFO - Processing /opt/airflow/dags/extraction_dag.py took 0.099 seconds
[2026-09-18T09:50:33.637+0000] {processor.py:161} INFO - Started process (PID=433) to work on /opt/airflow/dags/extraction_dag.py
[2026-09-18T09:50:33.642+0000] {processor.py:830} INFO - Processing file /opt/airflow/dags/extraction_dag.py for tasks to queue
[2026-09-18T09:50:33.644+0000] {logging_mixin.py:188} INFO - [2026-09-18T09:50:33.644+0000] {dagbag.py:545} INFO - Filling up the DagBag from /opt/airflow/dags/extraction_dag.py
[2026-09-18T09:50:33.655+0000] {processor.py:840} INFO - DAG(s) 'data_extraction' retrieved from /opt/airflow/dags/extraction_dag.py
[2026-09-18T09:50:33.687+0000] {logging_mixin.py:188} INFO - [2026-09-18T09:50:33.686+0000] {dag.py:3096} INFO - Sync 1 DAGs
[2026-09-18T09:50:33.701+0000] {logging_mixin.py:188} INFO - [2026-09-18T09:50:33.701+0000] {dag.py:3954} INFO - Setting next_dagrun for data_extraction to None, run_after=None
[2026-09-18T09:50:33.728+0000] {processor.py:183} INFO - Processing /opt/airflow/dags/extraction_dag.py took 0.099 seconds
[2026-09-18T09:51:04.293+0000] {processor.py:161} INFO - Started process (PID=441) to work on /opt/airflow/dags/extraction_dag.py
[2026-09-18T09:51:04.295+0000] {processor.py:830} INFO - Processing file /opt/airflow/dags/extraction_dag.py for tasks to queue
[2026-09-18T09:51:04.298+0000] {logging_mixin.py:188} INFO - [2026-09-18T09:51:04.298+0000] {dagbag.py:545} INFO - Filling up the DagBag from /opt/airflow/dags/extraction_dag.py
[2026-09-18T09:51:04.315+0000] {processor.py:840} INFO - DAG(s) 'data_extraction' retrieved from /opt/airflow/dags/extraction_dag.py
[2026-09-18T09:51:04.351+0000] {logging_mixin.py:188} INFO - [2026-09-18T09:51:04.350+0000] {dag.py:3096} INFO - Sync 1 DAGs
[2026-09-18T09:51:04.366+0000] {logging_mixin.py:188} INFO - [2026-09-18T09:51:04.365+0000] {dag.py:3954} INFO - Setting next_dagrun for data_extraction to None, run_after=None
[2026-09-18T09:51:04.395+0000] {processor.py:183} INFO - Processing /opt/airflow/dags/extraction_dag.py took 0.113 seconds
[2026-09-18T09:51:35.041+0000] {processor.py:161} INFO - Started process (PID=449) to work on /opt/airflow/dags/extraction_dag.py
[2026-09-18T09:51:35.046+0000] {processor.py:830} INFO - Processing file /opt/airflow/dags/extraction_dag.py for tasks to queue
[2026-09-18T09:51:35.049+0000] {logging_mixin.py:188} INFO - [2026-09-18T09:51:35.048+0000] {dagbag.py:545} INFO - Filling up the DagBag from /opt/airflow/dags/extraction_dag.py
[2026-09-18T09:51:35.060+0000] {processor.py:840} INFO - DAG(s) 'data_extraction' retrieved from /opt/airflow/dags/extraction_dag.py
[2026-09-18T09:51:35.090+0000] {logging_mixin.py:188} INFO - [2026-09-18T09:51:35.090+0000] {dag.py:3096} INFO - Sync 1 DAGs
[2026-09-18T09:51:35.103+0000] {logging_mixin.py:188} INFO - [2026-09-18T09:51:35.103+0000] {dag.py:3954} INFO - Setting next_dagrun for data_extraction to None, run_after=None
[2026-09-18T09:51:35.123+0000] {processor.py:183} INFO - Processing /opt/airflow/dags/extraction_dag.py took 0.094 seconds
[2026-09-18T09:52:05.727+0000] {processor.py:161} INFO - Started process (PID=458) to work on /opt/airflow/dags/extraction_dag.py
[2026-09-18T09:52:05.732+0000] {processor.py:830} INFO - Processing file /opt/airflow/dags/extraction_dag.py for tasks to queue
[2026-09-18T09:52:05.741+0000] {logging_mixin.py:188} INFO - [2026-09-18T09:52:05.740+0000] {dagbag.py:545} INFO - Filling up the DagBag from /opt/airflow/dags/extraction_dag.py
[2026-09-18T09:52:05.806+0000] {processor.py:840} INFO - DAG(s) 'data_extraction' retrieved from /opt/airflow/dags/extraction_dag.py
[2026-09-18T09:52:05.925+0000] {logging_mixin.py:188} INFO - [2026-09-18T09:52:05.925+0000] {dag.py:3096} INFO - Sync 1 DAGs
[2026-09-18T09:52:05.944+0000] {logging_mixin.py:188} INFO - [2026-09-18T09:52:05.944+0000] {dag.py:3954} INFO - Setting next_dagrun for data_extraction to None, run_after=None
[2026-09-18T09:52:05.970+0000] {processor.py:183} INFO - Processing /opt/airflow/dags/extraction_dag.py took 0.283 seconds
[2026-09-18T09:52:35.580+0000] {processor.py:161} INFO - Started process (PID=466) to work on /opt/airflow/dags/extraction_dag.py
[2026-09-18T09:52:35.581+0000] {processor.py:830} INFO - Processing file /opt/airflow/dags/extraction_dag.py for tasks to queue
[2026-09-18T09:52:35.585+0000] {logging_mixin.py:188} INFO - [2026-09-18T09:52:35.584+0000] {dagbag.py:545} INFO - Filling up the DagBag from /opt/airflow/dags/extraction_dag.py
[2026-09-18T09:52:35.619+0000] {processor.py:840} INFO - DAG(s) 'data_extraction' retrieved from /opt/airflow/dags/extraction_dag.py
[2026-09-18T09:52:35.677+0000] {logging_mixin.py:188} INFO - [2026-09-18T09:52:35.676+0000] {dag.py:3096} INFO - Sync 1 DAGs
[2026-09-18T09:52:35.699+0000] {logging_mixin.py:188} INFO - [2026-09-18T09:52:35.699+0000] {dag.py:3954} INFO - Setting next_dagrun for data_extraction to None, run_after=None
[2026-09-18T09:52:35.732+0000] {processor.py:183} INFO - Processing /opt/airflow/dags/extraction_dag.py took 0.164 seconds
[2026-09-18T09:53:03.310+0000] {processor.py:161} INFO - Started process (PID=474) to work on /opt/airflow/dags/extraction_dag.py
[2026-09-18T09:53:03.312+0000] {processor.py:830} INFO - Processing file /opt/airflow/dags/extraction_dag.py for tasks to queue
[2026-09-18T09:53:03.314+0000] {logging_mixin.py:188} INFO - [2026-09-18T09:53:03.314+0000] {dagbag.py:545} INFO - Filling up the DagBag from /opt/airflow/dags/extraction_dag.py
[2026-09-18T09:53:03.332+0000] {processor.py:840} INFO - DAG(s) 'data_extraction' retrieved from /opt/airflow/dags/extraction_dag.py
[2026-09-18T09:53:03.370+0000] {logging_mixin.py:188} INFO - [2026-09-18T09:53:03.369+0000] {dag.py:3096} INFO - Sync 1 DAGs
[2026-09-18T09:53:03.385+0000] {logging_mixin.py:188} INFO - [2026-09-18T09:53:03.385+0000] {dag.py:3954} INFO - Setting next_dagrun for data_extraction to None, run_after=None
[2026-09-18T09:53:03.419+0000] {processor.py:183} INFO - Processing /opt/airflow/dags/extraction_dag.py took 0.119 seconds
[2026-09-18T09:53:08.572+0000] {processor.py:161} INFO - Started process (PID=476) to work on /opt/airflow/dags/extraction_dag.py
[2026-09-18T09:53:08.579+0000] {processor.py:830} INFO - Processing file /opt/airflow/dags/extraction_dag.py for tasks to queue
[2026-09-18T09:53:08.585+0000] {logging_mixin.py:188} INFO - [2026-09-18T09:53:08.584+0000] {dagbag.py:545} INFO - Filling up the DagBag from /opt/airflow/dags/extraction_dag.py
[2026-09-18T09:53:08.669+0000] {processor.py:840} INFO - DAG(s) 'data_extraction' retrieved from /opt/airflow/dags/extraction_dag.py
[2026-09-18T09:53:08.764+0000] {logging_mixin.py:188} INFO - [2026-09-18T09:53:08.764+0000] {dag.py:3096} INFO - Sync 1 DAGs
[2026-09-18T09:53:08.784+0000] {logging_mixin.py:188} INFO - [2026-09-18T09:53:08.784+0000] {dag.py:3954} INFO - Setting next_dagrun for data_extraction to None, run_after=None
[2026-09-18T09:53:08.811+0000] {processor.py:183} INFO - Processing /opt/airflow/dags/extraction_dag.py took 0.286 seconds
[2026-09-18T09:53:11.243+0000] {processor.py:161} INFO - Started process (PID=477) to work on /opt/airflow/dags/extraction_dag.py
[2026-09-18T09:53:11.244+0000] {processor.py:830} INFO - Processing file /opt/airflow/dags/extraction_dag.py for tasks to queue
[2026-09-18T09:53:11.245+0000] {logging_mixin.py:188} INFO - [2026-09-18T09:53:11.245+0000] {dagbag.py:545} INFO - Filling up the DagBag from /opt/airflow/dags/extraction_dag.py
[2026-09-18T09:53:11.251+0000] {logging_mixin.py:188} INFO - [2026-09-18T09:53:11.250+0000] {dagbag.py:355} ERROR - Failed to import: /opt/airflow/dags/extraction_dag.py
Traceback (most recent call last):
  File "/home/airflow/.local/lib/python3.10/site-packages/airflow/models/dagbag.py", line 351, in parse
    loader.exec_module(new_module)
  File "<frozen importlib._bootstrap_external>", line 883, in exec_module
  File "<frozen importlib._bootstrap>", line 241, in _call_with_frames_removed
  File "/opt/airflow/dags/extraction_dag.py", line 8, in <module>
    f
NameError: name 'f' is not defined
[2026-09-18T09:53:11.252+0000] {processor.py:842} WARNING - No viable dags retrieved from /opt/airflow/dags/extraction_dag.py
[2026-09-18T09:53:11.280+0000] {processor.py:183} INFO - Processing /opt/airflow/dags/extraction_dag.py took 0.046 seconds
[2026-09-18T09:53:14.266+0000] {processor.py:161} INFO - Started process (PID=478) to work on /opt/airflow/dags/extraction_dag.py
[2026-09-18T09:53:14.267+0000] {processor.py:830} INFO - Processing file /opt/airflow/dags/extraction_dag.py for tasks to queue
[2026-09-18T09:53:14.269+0000] {logging_mixin.py:188} INFO - [2026-09-18T09:53:14.268+0000] {dagbag.py:545} INFO - Filling up the DagBag from /opt/airflow/dags/extraction_dag.py
[2026-09-18T09:53:14.273+0000] {logging_mixin.py:188} INFO - [2026-09-18T09:53:14.272+0000] {dagbag.py:355} ERROR - Failed to import: /opt/airflow/dags/extraction_dag.py
Traceback (most recent call last):
  File "/home/airflow/.local/lib/python3.10/site-packages/airflow/models/dagbag.py", line 351, in parse
    loader.exec_module(new_module)
  File "<frozen importlib._bootstrap_external>", line 879, in exec_module
  File "<frozen importlib._bootstrap_external>", line 1017, in get_code
  File "<frozen importlib._bootstrap_external>", line 947, in source_to_code
  File "<frozen importlib._bootstrap>", line 241, in _call_with_frames_removed
  File "/opt/airflow/dags/extraction_dag.py", line 8
    from sc
           ^
SyntaxError: invalid syntax
[2026-09-18T09:53:14.274+0000] {processor.py:842} WARNING - No viable dags retrieved from /opt/airflow/dags/extraction_dag.py
[2026-09-18T09:53:14.305+0000] {processor.py:183} INFO - Processing /opt/airflow/dags/extraction_dag.py took 0.046 seconds
[2026-09-18T09:53:18.343+0000] {processor.py:161} INFO - Started process (PID=479) to work on /opt/airflow/dags/extraction_dag.py
[2026-09-18T09:53:18.344+0000] {processor.py:830} INFO - Processing file /opt/airflow/dags/extraction_dag.py for tasks to queue
[2026-09-18T09:53:18.346+0000] {logging_mixin.py:188} INFO - [2026-09-18T09:53:18.346+0000] {dagbag.py:545} INFO - Filling up the DagBag from /opt/airflow/dags/extraction_dag.py
[2026-09-18T09:53:18.349+0000] {logging_mixin.py:188} INFO - [2026-09-18T09:53:18.348+0000] {dagbag.py:355} ERROR - Failed to import: /opt/airflow/dags/extraction_dag.py
Traceback (most recent call last):
  File "/home/airflow/.local/lib/python3.10/site-packages/airflow/models/dagbag.py", line 351, in parse
    loader.exec_module(new_module)
  File "<frozen importlib._bootstrap_external>", line 879, in exec_module
  File "<frozen importlib._bootstrap_external>", line 1017, in get_code
  File "<frozen importlib._bootstrap_external>", line 947, in source_to_code
  File "<frozen importlib._bootstrap>", line 241, in _call_with_frames_removed
  File "/opt/airflow/dags/extraction_dag.py", line 8
    from scripts.utils
                      ^
SyntaxError: invalid syntax
[2026-09-18T09:53:18.349+0000] {processor.py:842} WARNING - No viable dags retrieved from /opt/airflow/dags/extraction_dag.py
[2026-09-18T09:53:18.374+0000] {processor.py:183} INFO - Processing /opt/airflow/dags/extraction_dag.py took 0.038 seconds
[2026-09-18T09:53:23.390+0000] {processor.py:161} INFO - Started process (PID=486) to work on /opt/airflow/dags/extraction_dag.py
[2026-09-18T09:53:23.391+0000] {processor.py:830} INFO - Processing file /opt/airflow/dags/extraction_dag.py for tasks to queue
[2026-09-18T09:53:23.393+0000] {logging_mixin.py:188} INFO - [2026-09-18T09:53:23.393+0000] {dagbag.py:545} INFO - Filling up the DagBag from /opt/airflow/dags/extraction_dag.py
[2026-09-18T09:53:23.396+0000] {logging_mixin.py:188} INFO - [2026-09-18T09:53:23.395+0000] {dagbag.py:355} ERROR - Failed to import: /opt/airflow/dags/extraction_dag.py
Traceback (most recent call last):
  File "/home/airflow/.local/lib/python3.10/site-packages/airflow/models/dagbag.py", line 351, in parse
    loader.exec_module(new_module)
  File "<frozen importlib._bootstrap_external>", line 879, in exec_module
  File "<frozen importlib._bootstrap_external>", line 1017, in get_code
  File "<frozen importlib._bootstrap_external>", line 947, in source_to_code
  File "<frozen importlib._bootstrap>", line 241, in _call_with_frames_removed
  File "/opt/airflow/dags/extraction_dag.py", line 8
    from scripts.utils import 
                              ^
SyntaxError: invalid syntax
[2026-09-18T09:53:23.396+0000] {processor.py:842} WARNING - No viable dags retrieved from /opt/airflow/dags/extraction_dag.py
[2026-09-18T09:53:23.423+0000] {processor.py:183} INFO - Processing /opt/airflow/dags/extraction_dag.py took 0.041 seconds
[2026-09-18T09:53:24.443+0000] {processor.py:161} INFO - Started process (PID=487) to work on /opt/airflow/dags/extraction_dag.py
[2026-09-18T09:53:24.444+0000] {processor.py:830} INFO - Processing file /opt/airflow/dags/extraction_dag.py for tasks to queue
[2026-09-18T09:53:24.447+0000] {logging_mixin.py:188} INFO - [2026-09-18T09:53:24.446+0000] {dagbag.py:545} INFO - Filling up the DagBag from /opt/airflow/dags/extraction_dag.py
[2026-09-18T09:53:24.460+0000] {processor.py:840} INFO - DAG(s) 'data_extraction' retrieved from /opt/airflow/dags/extraction_dag.py
[2026-09-18T09:53:24.496+0000] {logging_mixin.py:188} INFO - [2026-09-18T09:53:24.495+0000] {dag.py:3096} INFO - Sync 1 DAGs
[2026-09-18T09:53:24.509+0000] {logging_mixin.py:188} INFO - [2026-09-18T09:53:24.508+0000] {dag.py:3954} INFO - Setting next_dagrun for data_extraction to None, run_after=None
[2026-09-18T09:53:24.537+0000] {processor.py:183} INFO - Processing /opt/airflow/dags/extraction_dag.py took 0.105 seconds
[2026-09-18T09:53:34.638+0000] {processor.py:161} INFO - Started process (PID=488) to work on /opt/airflow/dags/extraction_dag.py
[2026-09-18T09:53:34.639+0000] {processor.py:830} INFO - Processing file /opt/airflow/dags/extraction_dag.py for tasks to queue
[2026-09-18T09:53:34.641+0000] {logging_mixin.py:188} INFO - [2026-09-18T09:53:34.640+0000] {dagbag.py:545} INFO - Filling up the DagBag from /opt/airflow/dags/extraction_dag.py
[2026-09-18T09:53:34.651+0000] {processor.py:840} INFO - DAG(s) 'data_extraction' retrieved from /opt/airflow/dags/extraction_dag.py
[2026-09-18T09:53:34.676+0000] {logging_mixin.py:188} INFO - [2026-09-18T09:53:34.676+0000] {dag.py:3096} INFO - Sync 1 DAGs
[2026-09-18T09:53:34.688+0000] {logging_mixin.py:188} INFO - [2026-09-18T09:53:34.688+0000] {dag.py:3954} INFO - Setting next_dagrun for data_extraction to None, run_after=None
[2026-09-18T09:53:34.712+0000] {processor.py:183} INFO - Processing /opt/airflow/dags/extraction_dag.py took 0.080 seconds
[2026-09-18T09:53:47.223+0000] {processor.py:161} INFO - Started process (PID=490) to work on /opt/airflow/dags/extraction_dag.py
[2026-09-18T09:53:47.228+0000] {processor.py:830} INFO - Processing file /opt/airflow/dags/extraction_dag.py for tasks to queue
[2026-09-18T09:53:47.230+0000] {logging_mixin.py:188} INFO - [2026-09-18T09:53:47.230+0000] {dagbag.py:545} INFO - Filling up the DagBag from /opt/airflow/dags/extraction_dag.py
[2026-09-18T09:53:47.241+0000] {processor.py:840} INFO - DAG(s) 'data_extraction' retrieved from /opt/airflow/dags/extraction_dag.py
[2026-09-18T09:53:47.274+0000] {logging_mixin.py:188} INFO - [2026-09-18T09:53:47.274+0000] {dag.py:3096} INFO - Sync 1 DAGs
[2026-09-18T09:53:47.286+0000] {logging_mixin.py:188} INFO - [2026-09-18T09:53:47.286+0000] {dag.py:3954} INFO - Setting next_dagrun for data_extraction to None, run_after=None
[2026-09-18T09:53:47.315+0000] {processor.py:183} INFO - Processing /opt/airflow/dags/extraction_dag.py took 0.100 seconds
[2026-09-18T09:54:17.924+0000] {processor.py:161} INFO - Started process (PID=504) to work on /opt/airflow/dags/extraction_dag.py
[2026-09-18T09:54:17.925+0000] {processor.py:830} INFO - Processing file /opt/airflow/dags/extraction_dag.py for tasks to queue
[2026-09-18T09:54:17.927+0000] {logging_mixin.py:188} INFO - [2026-09-18T09:54:17.927+0000] {dagbag.py:545} INFO - Filling up the DagBag from /opt/airflow/dags/extraction_dag.py
[2026-09-18T09:54:17.937+0000] {processor.py:840} INFO - DAG(s) 'data_extraction' retrieved from /opt/airflow/dags/extraction_dag.py
[2026-09-18T09:54:17.964+0000] {logging_mixin.py:188} INFO - [2026-09-18T09:54:17.963+0000] {dag.py:3096} INFO - Sync 1 DAGs
[2026-09-18T09:54:17.975+0000] {logging_mixin.py:188} INFO - [2026-09-18T09:54:17.975+0000] {dag.py:3954} INFO - Setting next_dagrun for data_extraction to None, run_after=None
[2026-09-18T09:54:17.999+0000] {processor.py:183} INFO - Processing /opt/airflow/dags/extraction_dag.py took 0.082 seconds
[2026-09-18T09:54:48.558+0000] {processor.py:161} INFO - Started process (PID=512) to work on /opt/airflow/dags/extraction_dag.py
[2026-09-18T09:54:48.560+0000] {processor.py:830} INFO - Processing file /opt/airflow/dags/extraction_dag.py for tasks to queue
[2026-09-18T09:54:48.564+0000] {logging_mixin.py:188} INFO - [2026-09-18T09:54:48.563+0000] {dagbag.py:545} INFO - Filling up the DagBag from /opt/airflow/dags/extraction_dag.py
[2026-09-18T09:54:48.593+0000] {processor.py:840} INFO - DAG(s) 'data_extraction' retrieved from /opt/airflow/dags/extraction_dag.py
[2026-09-18T09:54:48.632+0000] {logging_mixin.py:188} INFO - [2026-09-18T09:54:48.631+0000] {dag.py:3096} INFO - Sync 1 DAGs
[2026-09-18T09:54:48.649+0000] {logging_mixin.py:188} INFO - [2026-09-18T09:54:48.649+0000] {dag.py:3954} INFO - Setting next_dagrun for data_extraction to None, run_after=None
[2026-09-18T09:54:48.674+0000] {processor.py:183} INFO - Processing /opt/airflow/dags/extraction_dag.py took 0.128 seconds
[2026-09-18T09:55:19.264+0000] {processor.py:161} INFO - Started process (PID=520) to work on /opt/airflow/dags/extraction_dag.py
[2026-09-18T09:55:19.270+0000] {processor.py:830} INFO - Processing file /opt/airflow/dags/extraction_dag.py for tasks to queue
[2026-09-18T09:55:19.272+0000] {logging_mixin.py:188} INFO - [2026-09-18T09:55:19.272+0000] {dagbag.py:545} INFO - Filling up the DagBag from /opt/airflow/dags/extraction_dag.py
[2026-09-18T09:55:19.281+0000] {processor.py:840} INFO - DAG(s) 'data_extraction' retrieved from /opt/airflow/dags/extraction_dag.py
[2026-09-18T09:55:19.311+0000] {logging_mixin.py:188} INFO - [2026-09-18T09:55:19.310+0000] {dag.py:3096} INFO - Sync 1 DAGs
[2026-09-18T09:55:19.323+0000] {logging_mixin.py:188} INFO - [2026-09-18T09:55:19.323+0000] {dag.py:3954} INFO - Setting next_dagrun for data_extraction to None, run_after=None
[2026-09-18T09:55:19.352+0000] {processor.py:183} INFO - Processing /opt/airflow/dags/extraction_dag.py took 0.094 seconds
[2026-09-18T09:55:49.849+0000] {processor.py:161} INFO - Started process (PID=528) to work on /opt/airflow/dags/extraction_dag.py
[2026-09-18T09:55:49.850+0000] {processor.py:830} INFO - Processing file /opt/airflow/dags/extraction_dag.py for tasks to queue
[2026-09-18T09:55:49.852+0000] {logging_mixin.py:188} INFO - [2026-09-18T09:55:49.851+0000] {dagbag.py:545} INFO - Filling up the DagBag from /opt/airflow/dags/extraction_dag.py
[2026-09-18T09:55:49.861+0000] {processor.py:840} INFO - DAG(s) 'data_extraction' retrieved from /opt/airflow/dags/extraction_dag.py
[2026-09-18T09:55:49.888+0000] {logging_mixin.py:188} INFO - [2026-09-18T09:55:49.888+0000] {dag.py:3096} INFO - Sync 1 DAGs
[2026-09-18T09:55:49.900+0000] {logging_mixin.py:188} INFO - [2026-09-18T09:55:49.899+0000] {dag.py:3954} INFO - Setting next_dagrun for data_extraction to None, run_after=None
[2026-09-18T09:55:49.925+0000] {processor.py:183} INFO - Processing /opt/airflow/dags/extraction_dag.py took 0.082 seconds
[2026-09-18T09:56:20.518+0000] {processor.py:161} INFO - Started process (PID=536) to work on /opt/airflow/dags/extraction_dag.py
[2026-09-18T09:56:20.522+0000] {processor.py:830} INFO - Processing file /opt/airflow/dags/extraction_dag.py for tasks to queue
[2026-09-18T09:56:20.524+0000] {logging_mixin.py:188} INFO - [2026-09-18T09:56:20.523+0000] {dagbag.py:545} INFO - Filling up the DagBag from /opt/airflow/dags/extraction_dag.py
[2026-09-18T09:56:20.534+0000] {processor.py:840} INFO - DAG(s) 'data_extraction' retrieved from /opt/airflow/dags/extraction_dag.py
[2026-09-18T09:56:20.561+0000] {logging_mixin.py:188} INFO - [2026-09-18T09:56:20.561+0000] {dag.py:3096} INFO - Sync 1 DAGs
[2026-09-18T09:56:20.577+0000] {logging_mixin.py:188} INFO - [2026-09-18T09:56:20.577+0000] {dag.py:3954} INFO - Setting next_dagrun for data_extraction to None, run_after=None
[2026-09-18T09:56:20.596+0000] {processor.py:183} INFO - Processing /opt/airflow/dags/extraction_dag.py took 0.097 seconds
[2026-09-18T09:56:51.125+0000] {processor.py:161} INFO - Started process (PID=544) to work on /opt/airflow/dags/extraction_dag.py
[2026-09-18T09:56:51.126+0000] {processor.py:830} INFO - Processing file /opt/airflow/dags/extraction_dag.py for tasks to queue
[2026-09-18T09:56:51.129+0000] {logging_mixin.py:188} INFO - [2026-09-18T09:56:51.128+0000] {dagbag.py:545} INFO - Filling up the DagBag from /opt/airflow/dags/extraction_dag.py
[2026-09-18T09:56:51.139+0000] {processor.py:840} INFO - DAG(s) 'data_extraction' retrieved from /opt/airflow/dags/extraction_dag.py
[2026-09-18T09:56:51.188+0000] {logging_mixin.py:188} INFO - [2026-09-18T09:56:51.187+0000] {dag.py:3096} INFO - Sync 1 DAGs
[2026-09-18T09:56:51.203+0000] {logging_mixin.py:188} INFO - [2026-09-18T09:56:51.202+0000] {dag.py:3954} INFO - Setting next_dagrun for data_extraction to None, run_after=None
[2026-09-18T09:56:51.241+0000] {processor.py:183} INFO - Processing /opt/airflow/dags/extraction_dag.py took 0.124 seconds
[2026-09-18T09:57:21.892+0000] {processor.py:161} INFO - Started process (PID=552) to work on /opt/airflow/dags/extraction_dag.py
[2026-09-18T09:57:21.897+0000] {processor.py:830} INFO - Processing file /opt/airflow/dags/extraction_dag.py for tasks to queue
[2026-09-18T09:57:21.899+0000] {logging_mixin.py:188} INFO - [2026-09-18T09:57:21.898+0000] {dagbag.py:545} INFO - Filling up the DagBag from /opt/airflow/dags/extraction_dag.py
[2026-09-18T09:57:21.922+0000] {processor.py:840} INFO - DAG(s) 'data_extraction' retrieved from /opt/airflow/dags/extraction_dag.py
[2026-09-18T09:57:21.958+0000] {logging_mixin.py:188} INFO - [2026-09-18T09:57:21.957+0000] {dag.py:3096} INFO - Sync 1 DAGs
[2026-09-18T09:57:21.970+0000] {logging_mixin.py:188} INFO - [2026-09-18T09:57:21.970+0000] {dag.py:3954} INFO - Setting next_dagrun for data_extraction to None, run_after=None
[2026-09-18T09:57:21.996+0000] {processor.py:183} INFO - Processing /opt/airflow/dags/extraction_dag.py took 0.114 seconds
[2026-09-18T09:57:52.523+0000] {processor.py:161} INFO - Started process (PID=560) to work on /opt/airflow/dags/extraction_dag.py
[2026-09-18T09:57:52.528+0000] {processor.py:830} INFO - Processing file /opt/airflow/dags/extraction_dag.py for tasks to queue
[2026-09-18T09:57:52.530+0000] {logging_mixin.py:188} INFO - [2026-09-18T09:57:52.530+0000] {dagbag.py:545} INFO - Filling up the DagBag from /opt/airflow/dags/extraction_dag.py
[2026-09-18T09:57:52.540+0000] {processor.py:840} INFO - DAG(s) 'data_extraction' retrieved from /opt/airflow/dags/extraction_dag.py
[2026-09-18T09:57:52.569+0000] {logging_mixin.py:188} INFO - [2026-09-18T09:57:52.569+0000] {dag.py:3096} INFO - Sync 1 DAGs
[2026-09-18T09:57:52.581+0000] {logging_mixin.py:188} INFO - [2026-09-18T09:57:52.581+0000] {dag.py:3954} INFO - Setting next_dagrun for data_extraction to None, run_after=None
[2026-09-18T09:57:52.608+0000] {processor.py:183} INFO - Processing /opt/airflow/dags/extraction_dag.py took 0.092 seconds
[2026-09-18T09:58:23.559+0000] {processor.py:161} INFO - Started process (PID=568) to work on /opt/airflow/dags/extraction_dag.py
[2026-09-18T09:58:23.560+0000] {processor.py:830} INFO - Processing file /opt/airflow/dags/extraction_dag.py for tasks to queue
[2026-09-18T09:58:23.562+0000] {logging_mixin.py:188} INFO - [2026-09-18T09:58:23.561+0000] {dagbag.py:545} INFO - Filling up the DagBag from /opt/airflow/dags/extraction_dag.py
[2026-09-18T09:58:23.570+0000] {processor.py:840} INFO - DAG(s) 'data_extraction' retrieved from /opt/airflow/dags/extraction_dag.py
[2026-09-18T09:58:23.594+0000] {logging_mixin.py:188} INFO - [2026-09-18T09:58:23.594+0000] {dag.py:3096} INFO - Sync 1 DAGs
[2026-09-18T09:58:23.606+0000] {logging_mixin.py:188} INFO - [2026-09-18T09:58:23.606+0000] {dag.py:3954} INFO - Setting next_dagrun for data_extraction to None, run_after=None
[2026-09-18T09:58:23.630+0000] {processor.py:183} INFO - Processing /opt/airflow/dags/extraction_dag.py took 0.077 seconds
[2026-09-18T09:58:54.281+0000] {processor.py:161} INFO - Started process (PID=576) to work on /opt/airflow/dags/extraction_dag.py
[2026-09-18T09:58:54.287+0000] {processor.py:830} INFO - Processing file /opt/airflow/dags/extraction_dag.py for tasks to queue
[2026-09-18T09:58:54.288+0000] {logging_mixin.py:188} INFO - [2026-09-18T09:58:54.288+0000] {dagbag.py:545} INFO - Filling up the DagBag from /opt/airflow/dags/extraction_dag.py
[2026-09-18T09:58:54.298+0000] {processor.py:840} INFO - DAG(s) 'data_extraction' retrieved from /opt/airflow/dags/extraction_dag.py
[2026-09-18T09:58:54.324+0000] {logging_mixin.py:188} INFO - [2026-09-18T09:58:54.323+0000] {dag.py:3096} INFO - Sync 1 DAGs
[2026-09-18T09:58:54.337+0000] {logging_mixin.py:188} INFO - [2026-09-18T09:58:54.337+0000] {dag.py:3954} INFO - Setting next_dagrun for data_extraction to None, run_after=None
[2026-09-18T09:58:54.362+0000] {processor.py:183} INFO - Processing /opt/airflow/dags/extraction_dag.py took 0.088 seconds
[2026-09-18T09:59:24.942+0000] {processor.py:161} INFO - Started process (PID=584) to work on /opt/airflow/dags/extraction_dag.py
[2026-09-18T09:59:24.943+0000] {processor.py:830} INFO - Processing file /opt/airflow/dags/extraction_dag.py for tasks to queue
[2026-09-18T09:59:24.945+0000] {logging_mixin.py:188} INFO - [2026-09-18T09:59:24.945+0000] {dagbag.py:545} INFO - Filling up the DagBag from /opt/airflow/dags/extraction_dag.py
[2026-09-18T09:59:24.950+0000] {logging_mixin.py:188} INFO - [2026-09-18T09:59:24.949+0000] {dagbag.py:355} ERROR - Failed to import: /opt/airflow/dags/extraction_dag.py
Traceback (most recent call last):
  File "/home/airflow/.local/lib/python3.10/site-packages/airflow/models/dagbag.py", line 351, in parse
    loader.exec_module(new_module)
  File "<frozen importlib._bootstrap_external>", line 883, in exec_module
  File "<frozen importlib._bootstrap>", line 241, in _call_with_frames_removed
  File "/opt/airflow/dags/extraction_dag.py", line 8, in <module>
    from scripts.utils import export_json
  File "/opt/airflow/scripts/utils.py", line 32, in <module>
    def load_json_data()->list[Dict[str,Any]]:
NameError: name 'Dict' is not defined
[2026-09-18T09:59:24.950+0000] {processor.py:842} WARNING - No viable dags retrieved from /opt/airflow/dags/extraction_dag.py
[2026-09-18T09:59:24.976+0000] {processor.py:183} INFO - Processing /opt/airflow/dags/extraction_dag.py took 0.041 seconds
[2026-09-18T09:59:55.529+0000] {processor.py:161} INFO - Started process (PID=592) to work on /opt/airflow/dags/extraction_dag.py
[2026-09-18T09:59:55.535+0000] {processor.py:830} INFO - Processing file /opt/airflow/dags/extraction_dag.py for tasks to queue
[2026-09-18T09:59:55.537+0000] {logging_mixin.py:188} INFO - [2026-09-18T09:59:55.536+0000] {dagbag.py:545} INFO - Filling up the DagBag from /opt/airflow/dags/extraction_dag.py
[2026-09-18T09:59:55.544+0000] {logging_mixin.py:188} INFO - [2026-09-18T09:59:55.543+0000] {dagbag.py:355} ERROR - Failed to import: /opt/airflow/dags/extraction_dag.py
Traceback (most recent call last):
  File "/home/airflow/.local/lib/python3.10/site-packages/airflow/models/dagbag.py", line 351, in parse
    loader.exec_module(new_module)
  File "<frozen importlib._bootstrap_external>", line 883, in exec_module
  File "<frozen importlib._bootstrap>", line 241, in _call_with_frames_removed
  File "/opt/airflow/dags/extraction_dag.py", line 8, in <module>
    from scripts.utils import export_json
  File "/opt/airflow/scripts/utils.py", line 33, in <module>
    def load_json_data()->list[Dict[str,Any]]:
NameError: name 'Dict' is not defined
[2026-09-18T09:59:55.545+0000] {processor.py:842} WARNING - No viable dags retrieved from /opt/airflow/dags/extraction_dag.py
[2026-09-18T09:59:55.571+0000] {processor.py:183} INFO - Processing /opt/airflow/dags/extraction_dag.py took 0.049 seconds
[2026-09-18T10:00:26.242+0000] {processor.py:161} INFO - Started process (PID=608) to work on /opt/airflow/dags/extraction_dag.py
[2026-09-18T10:00:26.242+0000] {processor.py:830} INFO - Processing file /opt/airflow/dags/extraction_dag.py for tasks to queue
[2026-09-18T10:00:26.243+0000] {logging_mixin.py:188} INFO - [2026-09-18T10:00:26.243+0000] {dagbag.py:545} INFO - Filling up the DagBag from /opt/airflow/dags/extraction_dag.py
[2026-09-18T10:00:26.255+0000] {processor.py:840} INFO - DAG(s) 'data_extraction' retrieved from /opt/airflow/dags/extraction_dag.py
[2026-09-18T10:00:26.470+0000] {logging_mixin.py:188} INFO - [2026-09-18T10:00:26.470+0000] {dag.py:3096} INFO - Sync 1 DAGs
[2026-09-18T10:00:26.481+0000] {logging_mixin.py:188} INFO - [2026-09-18T10:00:26.480+0000] {dag.py:3954} INFO - Setting next_dagrun for data_extraction to None, run_after=None
[2026-09-18T10:00:26.509+0000] {processor.py:183} INFO - Processing /opt/airflow/dags/extraction_dag.py took 0.274 seconds
[2026-09-18T10:00:56.923+0000] {processor.py:161} INFO - Started process (PID=618) to work on /opt/airflow/dags/extraction_dag.py
[2026-09-18T10:00:56.929+0000] {processor.py:830} INFO - Processing file /opt/airflow/dags/extraction_dag.py for tasks to queue
[2026-09-18T10:00:56.930+0000] {logging_mixin.py:188} INFO - [2026-09-18T10:00:56.929+0000] {dagbag.py:545} INFO - Filling up the DagBag from /opt/airflow/dags/extraction_dag.py
[2026-09-18T10:00:56.943+0000] {processor.py:840} INFO - DAG(s) 'data_extraction' retrieved from /opt/airflow/dags/extraction_dag.py
[2026-09-18T10:00:56.976+0000] {logging_mixin.py:188} INFO - [2026-09-18T10:00:56.976+0000] {dag.py:3096} INFO - Sync 1 DAGs
[2026-09-18T10:00:56.988+0000] {logging_mixin.py:188} INFO - [2026-09-18T10:00:56.987+0000] {dag.py:3954} INFO - Setting next_dagrun for data_extraction to None, run_after=None
[2026-09-18T10:00:57.020+0000] {processor.py:183} INFO - Processing /opt/airflow/dags/extraction_dag.py took 0.105 seconds
[2026-09-18T10:01:27.099+0000] {processor.py:161} INFO - Started process (PID=631) to work on /opt/airflow/dags/extraction_dag.py
[2026-09-18T10:01:27.100+0000] {processor.py:830} INFO - Processing file /opt/airflow/dags/extraction_dag.py for tasks to queue
[2026-09-18T10:01:27.102+0000] {logging_mixin.py:188} INFO - [2026-09-18T10:01:27.101+0000] {dagbag.py:545} INFO - Filling up the DagBag from /opt/airflow/dags/extraction_dag.py
[2026-09-18T10:01:27.118+0000] {processor.py:840} INFO - DAG(s) 'data_extraction' retrieved from /opt/airflow/dags/extraction_dag.py
[2026-09-18T10:01:27.149+0000] {logging_mixin.py:188} INFO - [2026-09-18T10:01:27.149+0000] {dag.py:3096} INFO - Sync 1 DAGs
[2026-09-18T10:01:27.161+0000] {logging_mixin.py:188} INFO - [2026-09-18T10:01:27.161+0000] {dag.py:3954} INFO - Setting next_dagrun for data_extraction to None, run_after=None
[2026-09-18T10:01:27.183+0000] {processor.py:183} INFO - Processing /opt/airflow/dags/extraction_dag.py took 0.092 seconds
[2026-09-18T10:01:57.652+0000] {processor.py:161} INFO - Started process (PID=639) to work on /opt/airflow/dags/extraction_dag.py
[2026-09-18T10:01:57.657+0000] {processor.py:830} INFO - Processing file /opt/airflow/dags/extraction_dag.py for tasks to queue
[2026-09-18T10:01:57.658+0000] {logging_mixin.py:188} INFO - [2026-09-18T10:01:57.658+0000] {dagbag.py:545} INFO - Filling up the DagBag from /opt/airflow/dags/extraction_dag.py
[2026-09-18T10:01:57.671+0000] {processor.py:840} INFO - DAG(s) 'data_extraction' retrieved from /opt/airflow/dags/extraction_dag.py
[2026-09-18T10:01:57.697+0000] {logging_mixin.py:188} INFO - [2026-09-18T10:01:57.696+0000] {dag.py:3096} INFO - Sync 1 DAGs
[2026-09-18T10:01:57.709+0000] {logging_mixin.py:188} INFO - [2026-09-18T10:01:57.709+0000] {dag.py:3954} INFO - Setting next_dagrun for data_extraction to None, run_after=None
[2026-09-18T10:01:57.729+0000] {processor.py:183} INFO - Processing /opt/airflow/dags/extraction_dag.py took 0.083 seconds
[2026-09-18T10:02:28.224+0000] {processor.py:161} INFO - Started process (PID=648) to work on /opt/airflow/dags/extraction_dag.py
[2026-09-18T10:02:28.228+0000] {processor.py:830} INFO - Processing file /opt/airflow/dags/extraction_dag.py for tasks to queue
[2026-09-18T10:02:28.229+0000] {logging_mixin.py:188} INFO - [2026-09-18T10:02:28.229+0000] {dagbag.py:545} INFO - Filling up the DagBag from /opt/airflow/dags/extraction_dag.py
[2026-09-18T10:02:28.250+0000] {processor.py:840} INFO - DAG(s) 'data_extraction' retrieved from /opt/airflow/dags/extraction_dag.py
[2026-09-18T10:02:28.284+0000] {logging_mixin.py:188} INFO - [2026-09-18T10:02:28.283+0000] {dag.py:3096} INFO - Sync 1 DAGs
[2026-09-18T10:02:28.295+0000] {logging_mixin.py:188} INFO - [2026-09-18T10:02:28.295+0000] {dag.py:3954} INFO - Setting next_dagrun for data_extraction to None, run_after=None
[2026-09-18T10:02:28.359+0000] {processor.py:183} INFO - Processing /opt/airflow/dags/extraction_dag.py took 0.143 seconds
[2026-09-18T10:02:58.925+0000] {processor.py:161} INFO - Started process (PID=656) to work on /opt/airflow/dags/extraction_dag.py
[2026-09-18T10:02:58.928+0000] {processor.py:830} INFO - Processing file /opt/airflow/dags/extraction_dag.py for tasks to queue
[2026-09-18T10:02:58.929+0000] {logging_mixin.py:188} INFO - [2026-09-18T10:02:58.929+0000] {dagbag.py:545} INFO - Filling up the DagBag from /opt/airflow/dags/extraction_dag.py
[2026-09-18T10:02:58.947+0000] {processor.py:840} INFO - DAG(s) 'data_extraction' retrieved from /opt/airflow/dags/extraction_dag.py
[2026-09-18T10:02:58.998+0000] {logging_mixin.py:188} INFO - [2026-09-18T10:02:58.997+0000] {dag.py:3096} INFO - Sync 1 DAGs
[2026-09-18T10:02:59.018+0000] {logging_mixin.py:188} INFO - [2026-09-18T10:02:59.018+0000] {dag.py:3954} INFO - Setting next_dagrun for data_extraction to None, run_after=None
[2026-09-18T10:02:59.042+0000] {processor.py:183} INFO - Processing /opt/airflow/dags/extraction_dag.py took 0.128 seconds
[2026-09-18T10:03:29.550+0000] {processor.py:161} INFO - Started process (PID=664) to work on /opt/airflow/dags/extraction_dag.py
[2026-09-18T10:03:29.552+0000] {processor.py:830} INFO - Processing file /opt/airflow/dags/extraction_dag.py for tasks to queue
[2026-09-18T10:03:29.554+0000] {logging_mixin.py:188} INFO - [2026-09-18T10:03:29.553+0000] {dagbag.py:545} INFO - Filling up the DagBag from /opt/airflow/dags/extraction_dag.py
[2026-09-18T10:03:29.579+0000] {processor.py:840} INFO - DAG(s) 'data_extraction' retrieved from /opt/airflow/dags/extraction_dag.py
[2026-09-18T10:03:29.664+0000] {logging_mixin.py:188} INFO - [2026-09-18T10:03:29.663+0000] {dag.py:3096} INFO - Sync 1 DAGs
[2026-09-18T10:03:29.699+0000] {logging_mixin.py:188} INFO - [2026-09-18T10:03:29.698+0000] {dag.py:3954} INFO - Setting next_dagrun for data_extraction to None, run_after=None
[2026-09-18T10:03:29.735+0000] {processor.py:183} INFO - Processing /opt/airflow/dags/extraction_dag.py took 0.202 seconds
[2026-09-18T10:04:00.104+0000] {processor.py:161} INFO - Started process (PID=672) to work on /opt/airflow/dags/extraction_dag.py
[2026-09-18T10:04:00.109+0000] {processor.py:830} INFO - Processing file /opt/airflow/dags/extraction_dag.py for tasks to queue
[2026-09-18T10:04:00.110+0000] {logging_mixin.py:188} INFO - [2026-09-18T10:04:00.110+0000] {dagbag.py:545} INFO - Filling up the DagBag from /opt/airflow/dags/extraction_dag.py
[2026-09-18T10:04:00.123+0000] {processor.py:840} INFO - DAG(s) 'data_extraction' retrieved from /opt/airflow/dags/extraction_dag.py
[2026-09-18T10:04:00.150+0000] {logging_mixin.py:188} INFO - [2026-09-18T10:04:00.150+0000] {dag.py:3096} INFO - Sync 1 DAGs
[2026-09-18T10:04:00.162+0000] {logging_mixin.py:188} INFO - [2026-09-18T10:04:00.162+0000] {dag.py:3954} INFO - Setting next_dagrun for data_extraction to None, run_after=None
[2026-09-18T10:04:00.186+0000] {processor.py:183} INFO - Processing /opt/airflow/dags/extraction_dag.py took 0.090 seconds
[2026-09-18T10:04:31.089+0000] {processor.py:161} INFO - Started process (PID=680) to work on /opt/airflow/dags/extraction_dag.py
[2026-09-18T10:04:31.094+0000] {processor.py:830} INFO - Processing file /opt/airflow/dags/extraction_dag.py for tasks to queue
[2026-09-18T10:04:31.095+0000] {logging_mixin.py:188} INFO - [2026-09-18T10:04:31.095+0000] {dagbag.py:545} INFO - Filling up the DagBag from /opt/airflow/dags/extraction_dag.py
[2026-09-18T10:04:31.105+0000] {processor.py:840} INFO - DAG(s) 'data_extraction' retrieved from /opt/airflow/dags/extraction_dag.py
[2026-09-18T10:04:31.136+0000] {logging_mixin.py:188} INFO - [2026-09-18T10:04:31.135+0000] {dag.py:3096} INFO - Sync 1 DAGs
[2026-09-18T10:04:31.148+0000] {logging_mixin.py:188} INFO - [2026-09-18T10:04:31.148+0000] {dag.py:3954} INFO - Setting next_dagrun for data_extraction to None, run_after=None
[2026-09-18T10:04:31.168+0000] {processor.py:183} INFO - Processing /opt/airflow/dags/extraction_dag.py took 0.085 seconds
[2026-09-18T10:05:01.651+0000] {processor.py:161} INFO - Started process (PID=688) to work on /opt/airflow/dags/extraction_dag.py
[2026-09-18T10:05:01.652+0000] {processor.py:830} INFO - Processing file /opt/airflow/dags/extraction_dag.py for tasks to queue
[2026-09-18T10:05:01.653+0000] {logging_mixin.py:188} INFO - [2026-09-18T10:05:01.652+0000] {dagbag.py:545} INFO - Filling up the DagBag from /opt/airflow/dags/extraction_dag.py
[2026-09-18T10:05:01.667+0000] {processor.py:840} INFO - DAG(s) 'data_extraction' retrieved from /opt/airflow/dags/extraction_dag.py
[2026-09-18T10:05:01.700+0000] {logging_mixin.py:188} INFO - [2026-09-18T10:05:01.700+0000] {dag.py:3096} INFO - Sync 1 DAGs
[2026-09-18T10:05:01.715+0000] {logging_mixin.py:188} INFO - [2026-09-18T10:05:01.715+0000] {dag.py:3954} INFO - Setting next_dagrun for data_extraction to None, run_after=None
[2026-09-18T10:05:01.743+0000] {processor.py:183} INFO - Processing /opt/airflow/dags/extraction_dag.py took 0.098 seconds
[2026-09-18T10:05:32.336+0000] {processor.py:161} INFO - Started process (PID=696) to work on /opt/airflow/dags/extraction_dag.py
[2026-09-18T10:05:32.338+0000] {processor.py:830} INFO - Processing file /opt/airflow/dags/extraction_dag.py for tasks to queue
[2026-09-18T10:05:32.340+0000] {logging_mixin.py:188} INFO - [2026-09-18T10:05:32.339+0000] {dagbag.py:545} INFO - Filling up the DagBag from /opt/airflow/dags/extraction_dag.py
[2026-09-18T10:05:32.352+0000] {processor.py:840} INFO - DAG(s) 'data_extraction' retrieved from /opt/airflow/dags/extraction_dag.py
[2026-09-18T10:05:32.383+0000] {logging_mixin.py:188} INFO - [2026-09-18T10:05:32.382+0000] {dag.py:3096} INFO - Sync 1 DAGs
[2026-09-18T10:05:32.396+0000] {logging_mixin.py:188} INFO - [2026-09-18T10:05:32.396+0000] {dag.py:3954} INFO - Setting next_dagrun for data_extraction to None, run_after=None
[2026-09-18T10:05:32.425+0000] {processor.py:183} INFO - Processing /opt/airflow/dags/extraction_dag.py took 0.097 seconds
[2026-09-18T10:06:02.924+0000] {processor.py:161} INFO - Started process (PID=704) to work on /opt/airflow/dags/extraction_dag.py
[2026-09-18T10:06:02.925+0000] {processor.py:830} INFO - Processing file /opt/airflow/dags/extraction_dag.py for tasks to queue
[2026-09-18T10:06:02.926+0000] {logging_mixin.py:188} INFO - [2026-09-18T10:06:02.926+0000] {dagbag.py:545} INFO - Filling up the DagBag from /opt/airflow/dags/extraction_dag.py
[2026-09-18T10:06:02.938+0000] {processor.py:840} INFO - DAG(s) 'data_extraction' retrieved from /opt/airflow/dags/extraction_dag.py
[2026-09-18T10:06:02.969+0000] {logging_mixin.py:188} INFO - [2026-09-18T10:06:02.969+0000] {dag.py:3096} INFO - Sync 1 DAGs
[2026-09-18T10:06:02.982+0000] {logging_mixin.py:188} INFO - [2026-09-18T10:06:02.981+0000] {dag.py:3954} INFO - Setting next_dagrun for data_extraction to None, run_after=None
[2026-09-18T10:06:03.010+0000] {processor.py:183} INFO - Processing /opt/airflow/dags/extraction_dag.py took 0.092 seconds
[2026-09-18T10:06:33.563+0000] {processor.py:161} INFO - Started process (PID=713) to work on /opt/airflow/dags/extraction_dag.py
[2026-09-18T10:06:33.568+0000] {processor.py:830} INFO - Processing file /opt/airflow/dags/extraction_dag.py for tasks to queue
[2026-09-18T10:06:33.570+0000] {logging_mixin.py:188} INFO - [2026-09-18T10:06:33.569+0000] {dagbag.py:545} INFO - Filling up the DagBag from /opt/airflow/dags/extraction_dag.py
[2026-09-18T10:06:33.584+0000] {processor.py:840} INFO - DAG(s) 'data_extraction' retrieved from /opt/airflow/dags/extraction_dag.py
[2026-09-18T10:06:33.619+0000] {logging_mixin.py:188} INFO - [2026-09-18T10:06:33.619+0000] {dag.py:3096} INFO - Sync 1 DAGs
[2026-09-18T10:06:33.634+0000] {logging_mixin.py:188} INFO - [2026-09-18T10:06:33.634+0000] {dag.py:3954} INFO - Setting next_dagrun for data_extraction to None, run_after=None
[2026-09-18T10:06:33.658+0000] {processor.py:183} INFO - Processing /opt/airflow/dags/extraction_dag.py took 0.102 seconds
[2026-09-18T10:07:04.182+0000] {processor.py:161} INFO - Started process (PID=727) to work on /opt/airflow/dags/extraction_dag.py
[2026-09-18T10:07:04.188+0000] {processor.py:830} INFO - Processing file /opt/airflow/dags/extraction_dag.py for tasks to queue
[2026-09-18T10:07:04.189+0000] {logging_mixin.py:188} INFO - [2026-09-18T10:07:04.189+0000] {dagbag.py:545} INFO - Filling up the DagBag from /opt/airflow/dags/extraction_dag.py
[2026-09-18T10:07:04.199+0000] {processor.py:840} INFO - DAG(s) 'data_extraction' retrieved from /opt/airflow/dags/extraction_dag.py
[2026-09-18T10:07:04.238+0000] {logging_mixin.py:188} INFO - [2026-09-18T10:07:04.237+0000] {dag.py:3096} INFO - Sync 1 DAGs
[2026-09-18T10:07:04.271+0000] {logging_mixin.py:188} INFO - [2026-09-18T10:07:04.271+0000] {dag.py:3954} INFO - Setting next_dagrun for data_extraction to None, run_after=None
[2026-09-18T10:07:04.302+0000] {processor.py:183} INFO - Processing /opt/airflow/dags/extraction_dag.py took 0.127 seconds
[2026-09-18T10:07:34.886+0000] {processor.py:161} INFO - Started process (PID=735) to work on /opt/airflow/dags/extraction_dag.py
[2026-09-18T10:07:34.891+0000] {processor.py:830} INFO - Processing file /opt/airflow/dags/extraction_dag.py for tasks to queue
[2026-09-18T10:07:34.892+0000] {logging_mixin.py:188} INFO - [2026-09-18T10:07:34.892+0000] {dagbag.py:545} INFO - Filling up the DagBag from /opt/airflow/dags/extraction_dag.py
[2026-09-18T10:07:34.902+0000] {processor.py:840} INFO - DAG(s) 'data_extraction' retrieved from /opt/airflow/dags/extraction_dag.py
[2026-09-18T10:07:34.930+0000] {logging_mixin.py:188} INFO - [2026-09-18T10:07:34.930+0000] {dag.py:3096} INFO - Sync 1 DAGs
[2026-09-18T10:07:34.943+0000] {logging_mixin.py:188} INFO - [2026-09-18T10:07:34.942+0000] {dag.py:3954} INFO - Setting next_dagrun for data_extraction to None, run_after=None
[2026-09-18T10:07:34.968+0000] {processor.py:183} INFO - Processing /opt/airflow/dags/extraction_dag.py took 0.088 seconds
[2026-09-18T10:08:05.477+0000] {processor.py:161} INFO - Started process (PID=743) to work on /opt/airflow/dags/extraction_dag.py
[2026-09-18T10:08:05.482+0000] {processor.py:830} INFO - Processing file /opt/airflow/dags/extraction_dag.py for tasks to queue
[2026-09-18T10:08:05.483+0000] {logging_mixin.py:188} INFO - [2026-09-18T10:08:05.483+0000] {dagbag.py:545} INFO - Filling up the DagBag from /opt/airflow/dags/extraction_dag.py
[2026-09-18T10:08:05.495+0000] {processor.py:840} INFO - DAG(s) 'data_extraction' retrieved from /opt/airflow/dags/extraction_dag.py
[2026-09-18T10:08:05.521+0000] {logging_mixin.py:188} INFO - [2026-09-18T10:08:05.521+0000] {dag.py:3096} INFO - Sync 1 DAGs
[2026-09-18T10:08:05.534+0000] {logging_mixin.py:188} INFO - [2026-09-18T10:08:05.533+0000] {dag.py:3954} INFO - Setting next_dagrun for data_extraction to None, run_after=None
[2026-09-18T10:08:05.555+0000] {processor.py:183} INFO - Processing /opt/airflow/dags/extraction_dag.py took 0.087 seconds
[2026-09-18T10:08:36.126+0000] {processor.py:161} INFO - Started process (PID=751) to work on /opt/airflow/dags/extraction_dag.py
[2026-09-18T10:08:36.131+0000] {processor.py:830} INFO - Processing file /opt/airflow/dags/extraction_dag.py for tasks to queue
[2026-09-18T10:08:36.133+0000] {logging_mixin.py:188} INFO - [2026-09-18T10:08:36.132+0000] {dagbag.py:545} INFO - Filling up the DagBag from /opt/airflow/dags/extraction_dag.py
[2026-09-18T10:08:36.148+0000] {processor.py:840} INFO - DAG(s) 'data_extraction' retrieved from /opt/airflow/dags/extraction_dag.py
[2026-09-18T10:08:36.187+0000] {logging_mixin.py:188} INFO - [2026-09-18T10:08:36.187+0000] {dag.py:3096} INFO - Sync 1 DAGs
[2026-09-18T10:08:36.199+0000] {logging_mixin.py:188} INFO - [2026-09-18T10:08:36.199+0000] {dag.py:3954} INFO - Setting next_dagrun for data_extraction to None, run_after=None
[2026-09-18T10:08:36.222+0000] {processor.py:183} INFO - Processing /opt/airflow/dags/extraction_dag.py took 0.114 seconds
[2026-09-18T10:09:06.704+0000] {processor.py:161} INFO - Started process (PID=759) to work on /opt/airflow/dags/extraction_dag.py
[2026-09-18T10:09:06.706+0000] {processor.py:830} INFO - Processing file /opt/airflow/dags/extraction_dag.py for tasks to queue
[2026-09-18T10:09:06.707+0000] {logging_mixin.py:188} INFO - [2026-09-18T10:09:06.707+0000] {dagbag.py:545} INFO - Filling up the DagBag from /opt/airflow/dags/extraction_dag.py
[2026-09-18T10:09:06.718+0000] {processor.py:840} INFO - DAG(s) 'data_extraction' retrieved from /opt/airflow/dags/extraction_dag.py
[2026-09-18T10:09:06.750+0000] {logging_mixin.py:188} INFO - [2026-09-18T10:09:06.750+0000] {dag.py:3096} INFO - Sync 1 DAGs
[2026-09-18T10:09:06.764+0000] {logging_mixin.py:188} INFO - [2026-09-18T10:09:06.764+0000] {dag.py:3954} INFO - Setting next_dagrun for data_extraction to None, run_after=None
[2026-09-18T10:09:06.794+0000] {processor.py:183} INFO - Processing /opt/airflow/dags/extraction_dag.py took 0.096 seconds
[2026-09-18T10:09:37.393+0000] {processor.py:161} INFO - Started process (PID=767) to work on /opt/airflow/dags/extraction_dag.py
[2026-09-18T10:09:37.399+0000] {processor.py:830} INFO - Processing file /opt/airflow/dags/extraction_dag.py for tasks to queue
[2026-09-18T10:09:37.400+0000] {logging_mixin.py:188} INFO - [2026-09-18T10:09:37.400+0000] {dagbag.py:545} INFO - Filling up the DagBag from /opt/airflow/dags/extraction_dag.py
[2026-09-18T10:09:37.411+0000] {processor.py:840} INFO - DAG(s) 'data_extraction' retrieved from /opt/airflow/dags/extraction_dag.py
[2026-09-18T10:09:37.440+0000] {logging_mixin.py:188} INFO - [2026-09-18T10:09:37.440+0000] {dag.py:3096} INFO - Sync 1 DAGs
[2026-09-18T10:09:37.454+0000] {logging_mixin.py:188} INFO - [2026-09-18T10:09:37.454+0000] {dag.py:3954} INFO - Setting next_dagrun for data_extraction to None, run_after=None
[2026-09-18T10:09:37.475+0000] {processor.py:183} INFO - Processing /opt/airflow/dags/extraction_dag.py took 0.088 seconds
[2026-09-18T10:10:07.978+0000] {processor.py:161} INFO - Started process (PID=775) to work on /opt/airflow/dags/extraction_dag.py
[2026-09-18T10:10:07.980+0000] {processor.py:830} INFO - Processing file /opt/airflow/dags/extraction_dag.py for tasks to queue
[2026-09-18T10:10:07.981+0000] {logging_mixin.py:188} INFO - [2026-09-18T10:10:07.981+0000] {dagbag.py:545} INFO - Filling up the DagBag from /opt/airflow/dags/extraction_dag.py
[2026-09-18T10:10:07.992+0000] {processor.py:840} INFO - DAG(s) 'data_extraction' retrieved from /opt/airflow/dags/extraction_dag.py
[2026-09-18T10:10:08.020+0000] {logging_mixin.py:188} INFO - [2026-09-18T10:10:08.019+0000] {dag.py:3096} INFO - Sync 1 DAGs
[2026-09-18T10:10:08.033+0000] {logging_mixin.py:188} INFO - [2026-09-18T10:10:08.032+0000] {dag.py:3954} INFO - Setting next_dagrun for data_extraction to None, run_after=None
[2026-09-18T10:10:08.057+0000] {processor.py:183} INFO - Processing /opt/airflow/dags/extraction_dag.py took 0.086 seconds
[2026-09-18T10:10:38.948+0000] {processor.py:161} INFO - Started process (PID=783) to work on /opt/airflow/dags/extraction_dag.py
[2026-09-18T10:10:38.950+0000] {processor.py:830} INFO - Processing file /opt/airflow/dags/extraction_dag.py for tasks to queue
[2026-09-18T10:10:38.951+0000] {logging_mixin.py:188} INFO - [2026-09-18T10:10:38.951+0000] {dagbag.py:545} INFO - Filling up the DagBag from /opt/airflow/dags/extraction_dag.py
[2026-09-18T10:10:38.963+0000] {processor.py:840} INFO - DAG(s) 'data_extraction' retrieved from /opt/airflow/dags/extraction_dag.py
[2026-09-18T10:10:38.991+0000] {logging_mixin.py:188} INFO - [2026-09-18T10:10:38.991+0000] {dag.py:3096} INFO - Sync 1 DAGs
[2026-09-18T10:10:39.004+0000] {logging_mixin.py:188} INFO - [2026-09-18T10:10:39.003+0000] {dag.py:3954} INFO - Setting next_dagrun for data_extraction to None, run_after=None
[2026-09-18T10:10:39.032+0000] {processor.py:183} INFO - Processing /opt/airflow/dags/extraction_dag.py took 0.093 seconds
[2026-09-18T10:11:09.639+0000] {processor.py:161} INFO - Started process (PID=791) to work on /opt/airflow/dags/extraction_dag.py
[2026-09-18T10:11:09.641+0000] {processor.py:830} INFO - Processing file /opt/airflow/dags/extraction_dag.py for tasks to queue
[2026-09-18T10:11:09.643+0000] {logging_mixin.py:188} INFO - [2026-09-18T10:11:09.642+0000] {dagbag.py:545} INFO - Filling up the DagBag from /opt/airflow/dags/extraction_dag.py
[2026-09-18T10:11:09.655+0000] {processor.py:840} INFO - DAG(s) 'data_extraction' retrieved from /opt/airflow/dags/extraction_dag.py
[2026-09-18T10:11:09.686+0000] {logging_mixin.py:188} INFO - [2026-09-18T10:11:09.685+0000] {dag.py:3096} INFO - Sync 1 DAGs
[2026-09-18T10:11:09.699+0000] {logging_mixin.py:188} INFO - [2026-09-18T10:11:09.698+0000] {dag.py:3954} INFO - Setting next_dagrun for data_extraction to None, run_after=None
[2026-09-18T10:11:09.727+0000] {processor.py:183} INFO - Processing /opt/airflow/dags/extraction_dag.py took 0.096 seconds
[2026-09-18T10:11:40.246+0000] {processor.py:161} INFO - Started process (PID=800) to work on /opt/airflow/dags/extraction_dag.py
[2026-09-18T10:11:40.251+0000] {processor.py:830} INFO - Processing file /opt/airflow/dags/extraction_dag.py for tasks to queue
[2026-09-18T10:11:40.251+0000] {logging_mixin.py:188} INFO - [2026-09-18T10:11:40.251+0000] {dagbag.py:545} INFO - Filling up the DagBag from /opt/airflow/dags/extraction_dag.py
[2026-09-18T10:11:40.261+0000] {processor.py:840} INFO - DAG(s) 'data_extraction' retrieved from /opt/airflow/dags/extraction_dag.py
[2026-09-18T10:11:40.285+0000] {logging_mixin.py:188} INFO - [2026-09-18T10:11:40.285+0000] {dag.py:3096} INFO - Sync 1 DAGs
[2026-09-18T10:11:40.297+0000] {logging_mixin.py:188} INFO - [2026-09-18T10:11:40.297+0000] {dag.py:3954} INFO - Setting next_dagrun for data_extraction to None, run_after=None
[2026-09-18T10:11:40.324+0000] {processor.py:183} INFO - Processing /opt/airflow/dags/extraction_dag.py took 0.086 seconds
[2026-09-18T10:12:10.897+0000] {processor.py:161} INFO - Started process (PID=808) to work on /opt/airflow/dags/extraction_dag.py
[2026-09-18T10:12:10.902+0000] {processor.py:830} INFO - Processing file /opt/airflow/dags/extraction_dag.py for tasks to queue
[2026-09-18T10:12:10.903+0000] {logging_mixin.py:188} INFO - [2026-09-18T10:12:10.903+0000] {dagbag.py:545} INFO - Filling up the DagBag from /opt/airflow/dags/extraction_dag.py
[2026-09-18T10:12:10.913+0000] {processor.py:840} INFO - DAG(s) 'data_extraction' retrieved from /opt/airflow/dags/extraction_dag.py
[2026-09-18T10:12:10.938+0000] {logging_mixin.py:188} INFO - [2026-09-18T10:12:10.938+0000] {dag.py:3096} INFO - Sync 1 DAGs
[2026-09-18T10:12:10.949+0000] {logging_mixin.py:188} INFO - [2026-09-18T10:12:10.949+0000] {dag.py:3954} INFO - Setting next_dagrun for data_extraction to None, run_after=None
[2026-09-18T10:12:10.974+0000] {processor.py:183} INFO - Processing /opt/airflow/dags/extraction_dag.py took 0.086 seconds
[2026-09-18T10:12:41.531+0000] {processor.py:161} INFO - Started process (PID=816) to work on /opt/airflow/dags/extraction_dag.py
[2026-09-18T10:12:41.532+0000] {processor.py:830} INFO - Processing file /opt/airflow/dags/extraction_dag.py for tasks to queue
[2026-09-18T10:12:41.533+0000] {logging_mixin.py:188} INFO - [2026-09-18T10:12:41.532+0000] {dagbag.py:545} INFO - Filling up the DagBag from /opt/airflow/dags/extraction_dag.py
[2026-09-18T10:12:41.543+0000] {processor.py:840} INFO - DAG(s) 'data_extraction' retrieved from /opt/airflow/dags/extraction_dag.py
[2026-09-18T10:12:41.569+0000] {logging_mixin.py:188} INFO - [2026-09-18T10:12:41.568+0000] {dag.py:3096} INFO - Sync 1 DAGs
[2026-09-18T10:12:41.581+0000] {logging_mixin.py:188} INFO - [2026-09-18T10:12:41.581+0000] {dag.py:3954} INFO - Setting next_dagrun for data_extraction to None, run_after=None
[2026-09-18T10:12:41.607+0000] {processor.py:183} INFO - Processing /opt/airflow/dags/extraction_dag.py took 0.082 seconds
[2026-09-18T10:13:12.186+0000] {processor.py:161} INFO - Started process (PID=830) to work on /opt/airflow/dags/extraction_dag.py
[2026-09-18T10:13:12.191+0000] {processor.py:830} INFO - Processing file /opt/airflow/dags/extraction_dag.py for tasks to queue
[2026-09-18T10:13:12.192+0000] {logging_mixin.py:188} INFO - [2026-09-18T10:13:12.192+0000] {dagbag.py:545} INFO - Filling up the DagBag from /opt/airflow/dags/extraction_dag.py
[2026-09-18T10:13:12.201+0000] {processor.py:840} INFO - DAG(s) 'data_extraction' retrieved from /opt/airflow/dags/extraction_dag.py
[2026-09-18T10:13:12.227+0000] {logging_mixin.py:188} INFO - [2026-09-18T10:13:12.227+0000] {dag.py:3096} INFO - Sync 1 DAGs
[2026-09-18T10:13:12.239+0000] {logging_mixin.py:188} INFO - [2026-09-18T10:13:12.239+0000] {dag.py:3954} INFO - Setting next_dagrun for data_extraction to None, run_after=None
[2026-09-18T10:13:12.264+0000] {processor.py:183} INFO - Processing /opt/airflow/dags/extraction_dag.py took 0.084 seconds
[2026-09-18T10:13:42.730+0000] {processor.py:161} INFO - Started process (PID=838) to work on /opt/airflow/dags/extraction_dag.py
[2026-09-18T10:13:42.731+0000] {processor.py:830} INFO - Processing file /opt/airflow/dags/extraction_dag.py for tasks to queue
[2026-09-18T10:13:42.732+0000] {logging_mixin.py:188} INFO - [2026-09-18T10:13:42.732+0000] {dagbag.py:545} INFO - Filling up the DagBag from /opt/airflow/dags/extraction_dag.py
[2026-09-18T10:13:42.741+0000] {processor.py:840} INFO - DAG(s) 'data_extraction' retrieved from /opt/airflow/dags/extraction_dag.py
[2026-09-18T10:13:42.765+0000] {logging_mixin.py:188} INFO - [2026-09-18T10:13:42.764+0000] {dag.py:3096} INFO - Sync 1 DAGs
[2026-09-18T10:13:42.776+0000] {logging_mixin.py:188} INFO - [2026-09-18T10:13:42.776+0000] {dag.py:3954} INFO - Setting next_dagrun for data_extraction to None, run_after=None
[2026-09-18T10:13:42.800+0000] {processor.py:183} INFO - Processing /opt/airflow/dags/extraction_dag.py took 0.075 seconds
[2026-09-18T10:14:13.431+0000] {processor.py:161} INFO - Started process (PID=846) to work on /opt/airflow/dags/extraction_dag.py
[2026-09-18T10:14:13.437+0000] {processor.py:830} INFO - Processing file /opt/airflow/dags/extraction_dag.py for tasks to queue
[2026-09-18T10:14:13.438+0000] {logging_mixin.py:188} INFO - [2026-09-18T10:14:13.437+0000] {dagbag.py:545} INFO - Filling up the DagBag from /opt/airflow/dags/extraction_dag.py
[2026-09-18T10:14:13.447+0000] {processor.py:840} INFO - DAG(s) 'data_extraction' retrieved from /opt/airflow/dags/extraction_dag.py
[2026-09-18T10:14:13.469+0000] {logging_mixin.py:188} INFO - [2026-09-18T10:14:13.469+0000] {dag.py:3096} INFO - Sync 1 DAGs
[2026-09-18T10:14:13.480+0000] {logging_mixin.py:188} INFO - [2026-09-18T10:14:13.480+0000] {dag.py:3954} INFO - Setting next_dagrun for data_extraction to None, run_after=None
[2026-09-18T10:14:13.498+0000] {processor.py:183} INFO - Processing /opt/airflow/dags/extraction_dag.py took 0.073 seconds
[2026-09-18T10:14:43.963+0000] {processor.py:161} INFO - Started process (PID=854) to work on /opt/airflow/dags/extraction_dag.py
[2026-09-18T10:14:43.964+0000] {processor.py:830} INFO - Processing file /opt/airflow/dags/extraction_dag.py for tasks to queue
[2026-09-18T10:14:43.965+0000] {logging_mixin.py:188} INFO - [2026-09-18T10:14:43.964+0000] {dagbag.py:545} INFO - Filling up the DagBag from /opt/airflow/dags/extraction_dag.py
[2026-09-18T10:14:43.974+0000] {processor.py:840} INFO - DAG(s) 'data_extraction' retrieved from /opt/airflow/dags/extraction_dag.py
[2026-09-18T10:14:43.999+0000] {logging_mixin.py:188} INFO - [2026-09-18T10:14:43.998+0000] {dag.py:3096} INFO - Sync 1 DAGs
[2026-09-18T10:14:44.010+0000] {logging_mixin.py:188} INFO - [2026-09-18T10:14:44.010+0000] {dag.py:3954} INFO - Setting next_dagrun for data_extraction to None, run_after=None
[2026-09-18T10:14:44.030+0000] {processor.py:183} INFO - Processing /opt/airflow/dags/extraction_dag.py took 0.073 seconds
[2026-09-18T10:15:14.647+0000] {processor.py:161} INFO - Started process (PID=862) to work on /opt/airflow/dags/extraction_dag.py
[2026-09-18T10:15:14.653+0000] {processor.py:830} INFO - Processing file /opt/airflow/dags/extraction_dag.py for tasks to queue
[2026-09-18T10:15:14.654+0000] {logging_mixin.py:188} INFO - [2026-09-18T10:15:14.654+0000] {dagbag.py:545} INFO - Filling up the DagBag from /opt/airflow/dags/extraction_dag.py
[2026-09-18T10:15:14.671+0000] {processor.py:840} INFO - DAG(s) 'data_extraction' retrieved from /opt/airflow/dags/extraction_dag.py
[2026-09-18T10:15:14.700+0000] {logging_mixin.py:188} INFO - [2026-09-18T10:15:14.699+0000] {dag.py:3096} INFO - Sync 1 DAGs
[2026-09-18T10:15:14.711+0000] {logging_mixin.py:188} INFO - [2026-09-18T10:15:14.711+0000] {dag.py:3954} INFO - Setting next_dagrun for data_extraction to None, run_after=None
[2026-09-18T10:15:14.734+0000] {processor.py:183} INFO - Processing /opt/airflow/dags/extraction_dag.py took 0.097 seconds
[2026-09-18T10:15:45.233+0000] {processor.py:161} INFO - Started process (PID=870) to work on /opt/airflow/dags/extraction_dag.py
[2026-09-18T10:15:45.238+0000] {processor.py:830} INFO - Processing file /opt/airflow/dags/extraction_dag.py for tasks to queue
[2026-09-18T10:15:45.239+0000] {logging_mixin.py:188} INFO - [2026-09-18T10:15:45.239+0000] {dagbag.py:545} INFO - Filling up the DagBag from /opt/airflow/dags/extraction_dag.py
[2026-09-18T10:15:45.249+0000] {processor.py:840} INFO - DAG(s) 'data_extraction' retrieved from /opt/airflow/dags/extraction_dag.py
[2026-09-18T10:15:45.271+0000] {logging_mixin.py:188} INFO - [2026-09-18T10:15:45.271+0000] {dag.py:3096} INFO - Sync 1 DAGs
[2026-09-18T10:15:45.281+0000] {logging_mixin.py:188} INFO - [2026-09-18T10:15:45.281+0000] {dag.py:3954} INFO - Setting next_dagrun for data_extraction to None, run_after=None
[2026-09-18T10:15:45.300+0000] {processor.py:183} INFO - Processing /opt/airflow/dags/extraction_dag.py took 0.073 seconds
[2026-09-18T10:16:15.848+0000] {processor.py:161} INFO - Started process (PID=879) to work on /opt/airflow/dags/extraction_dag.py
[2026-09-18T10:16:15.849+0000] {processor.py:830} INFO - Processing file /opt/airflow/dags/extraction_dag.py for tasks to queue
[2026-09-18T10:16:15.850+0000] {logging_mixin.py:188} INFO - [2026-09-18T10:16:15.850+0000] {dagbag.py:545} INFO - Filling up the DagBag from /opt/airflow/dags/extraction_dag.py
[2026-09-18T10:16:15.863+0000] {processor.py:840} INFO - DAG(s) 'data_extraction' retrieved from /opt/airflow/dags/extraction_dag.py
[2026-09-18T10:16:15.895+0000] {logging_mixin.py:188} INFO - [2026-09-18T10:16:15.895+0000] {dag.py:3096} INFO - Sync 1 DAGs
[2026-09-18T10:16:15.909+0000] {logging_mixin.py:188} INFO - [2026-09-18T10:16:15.908+0000] {dag.py:3954} INFO - Setting next_dagrun for data_extraction to None, run_after=None
[2026-09-18T10:16:15.933+0000] {processor.py:183} INFO - Processing /opt/airflow/dags/extraction_dag.py took 0.094 seconds
[2026-09-18T10:16:46.736+0000] {processor.py:161} INFO - Started process (PID=888) to work on /opt/airflow/dags/extraction_dag.py
[2026-09-18T10:16:46.742+0000] {processor.py:830} INFO - Processing file /opt/airflow/dags/extraction_dag.py for tasks to queue
[2026-09-18T10:16:46.743+0000] {logging_mixin.py:188} INFO - [2026-09-18T10:16:46.743+0000] {dagbag.py:545} INFO - Filling up the DagBag from /opt/airflow/dags/extraction_dag.py
[2026-09-18T10:16:46.755+0000] {processor.py:840} INFO - DAG(s) 'data_extraction' retrieved from /opt/airflow/dags/extraction_dag.py
[2026-09-18T10:16:46.783+0000] {logging_mixin.py:188} INFO - [2026-09-18T10:16:46.783+0000] {dag.py:3096} INFO - Sync 1 DAGs
[2026-09-18T10:16:46.795+0000] {logging_mixin.py:188} INFO - [2026-09-18T10:16:46.794+0000] {dag.py:3954} INFO - Setting next_dagrun for data_extraction to None, run_after=None
[2026-09-18T10:16:46.817+0000] {processor.py:183} INFO - Processing /opt/airflow/dags/extraction_dag.py took 0.088 seconds
[2026-09-18T10:17:17.339+0000] {processor.py:161} INFO - Started process (PID=896) to work on /opt/airflow/dags/extraction_dag.py
[2026-09-18T10:17:17.340+0000] {processor.py:830} INFO - Processing file /opt/airflow/dags/extraction_dag.py for tasks to queue
[2026-09-18T10:17:17.341+0000] {logging_mixin.py:188} INFO - [2026-09-18T10:17:17.340+0000] {dagbag.py:545} INFO - Filling up the DagBag from /opt/airflow/dags/extraction_dag.py
[2026-09-18T10:17:17.354+0000] {processor.py:840} INFO - DAG(s) 'data_extraction' retrieved from /opt/airflow/dags/extraction_dag.py
[2026-09-18T10:17:17.385+0000] {logging_mixin.py:188} INFO - [2026-09-18T10:17:17.384+0000] {dag.py:3096} INFO - Sync 1 DAGs
[2026-09-18T10:17:17.398+0000] {logging_mixin.py:188} INFO - [2026-09-18T10:17:17.398+0000] {dag.py:3954} INFO - Setting next_dagrun for data_extraction to None, run_after=None
[2026-09-18T10:17:17.425+0000] {processor.py:183} INFO - Processing /opt/airflow/dags/extraction_dag.py took 0.093 seconds
[2026-09-18T10:17:48.145+0000] {processor.py:161} INFO - Started process (PID=905) to work on /opt/airflow/dags/extraction_dag.py
[2026-09-18T10:17:48.151+0000] {processor.py:830} INFO - Processing file /opt/airflow/dags/extraction_dag.py for tasks to queue
[2026-09-18T10:17:48.152+0000] {logging_mixin.py:188} INFO - [2026-09-18T10:17:48.151+0000] {dagbag.py:545} INFO - Filling up the DagBag from /opt/airflow/dags/extraction_dag.py
[2026-09-18T10:17:48.162+0000] {processor.py:840} INFO - DAG(s) 'data_extraction' retrieved from /opt/airflow/dags/extraction_dag.py
[2026-09-18T10:17:48.186+0000] {logging_mixin.py:188} INFO - [2026-09-18T10:17:48.186+0000] {dag.py:3096} INFO - Sync 1 DAGs
[2026-09-18T10:17:48.198+0000] {logging_mixin.py:188} INFO - [2026-09-18T10:17:48.198+0000] {dag.py:3954} INFO - Setting next_dagrun for data_extraction to None, run_after=None
[2026-09-18T10:17:48.223+0000] {processor.py:183} INFO - Processing /opt/airflow/dags/extraction_dag.py took 0.084 seconds
[2026-09-18T10:18:18.733+0000] {processor.py:161} INFO - Started process (PID=913) to work on /opt/airflow/dags/extraction_dag.py
[2026-09-18T10:18:18.734+0000] {processor.py:830} INFO - Processing file /opt/airflow/dags/extraction_dag.py for tasks to queue
[2026-09-18T10:18:18.735+0000] {logging_mixin.py:188} INFO - [2026-09-18T10:18:18.734+0000] {dagbag.py:545} INFO - Filling up the DagBag from /opt/airflow/dags/extraction_dag.py
[2026-09-18T10:18:18.745+0000] {processor.py:840} INFO - DAG(s) 'data_extraction' retrieved from /opt/airflow/dags/extraction_dag.py
[2026-09-18T10:18:18.773+0000] {logging_mixin.py:188} INFO - [2026-09-18T10:18:18.772+0000] {dag.py:3096} INFO - Sync 1 DAGs
[2026-09-18T10:18:18.786+0000] {logging_mixin.py:188} INFO - [2026-09-18T10:18:18.785+0000] {dag.py:3954} INFO - Setting next_dagrun for data_extraction to None, run_after=None
[2026-09-18T10:18:18.813+0000] {processor.py:183} INFO - Processing /opt/airflow/dags/extraction_dag.py took 0.086 seconds
[2026-09-18T10:18:49.408+0000] {processor.py:161} INFO - Started process (PID=921) to work on /opt/airflow/dags/extraction_dag.py
[2026-09-18T10:18:49.413+0000] {processor.py:830} INFO - Processing file /opt/airflow/dags/extraction_dag.py for tasks to queue
[2026-09-18T10:18:49.414+0000] {logging_mixin.py:188} INFO - [2026-09-18T10:18:49.414+0000] {dagbag.py:545} INFO - Filling up the DagBag from /opt/airflow/dags/extraction_dag.py
[2026-09-18T10:18:49.423+0000] {processor.py:840} INFO - DAG(s) 'data_extraction' retrieved from /opt/airflow/dags/extraction_dag.py
[2026-09-18T10:18:49.457+0000] {logging_mixin.py:188} INFO - [2026-09-18T10:18:49.456+0000] {dag.py:3096} INFO - Sync 1 DAGs
[2026-09-18T10:18:49.470+0000] {logging_mixin.py:188} INFO - [2026-09-18T10:18:49.470+0000] {dag.py:3954} INFO - Setting next_dagrun for data_extraction to None, run_after=None
[2026-09-18T10:18:49.500+0000] {processor.py:183} INFO - Processing /opt/airflow/dags/extraction_dag.py took 0.098 seconds
[2026-09-18T10:19:20.033+0000] {processor.py:161} INFO - Started process (PID=935) to work on /opt/airflow/dags/extraction_dag.py
[2026-09-18T10:19:20.039+0000] {processor.py:830} INFO - Processing file /opt/airflow/dags/extraction_dag.py for tasks to queue
[2026-09-18T10:19:20.040+0000] {logging_mixin.py:188} INFO - [2026-09-18T10:19:20.040+0000] {dagbag.py:545} INFO - Filling up the DagBag from /opt/airflow/dags/extraction_dag.py
[2026-09-18T10:19:20.049+0000] {processor.py:840} INFO - DAG(s) 'data_extraction' retrieved from /opt/airflow/dags/extraction_dag.py
[2026-09-18T10:19:20.074+0000] {logging_mixin.py:188} INFO - [2026-09-18T10:19:20.074+0000] {dag.py:3096} INFO - Sync 1 DAGs
[2026-09-18T10:19:20.087+0000] {logging_mixin.py:188} INFO - [2026-09-18T10:19:20.087+0000] {dag.py:3954} INFO - Setting next_dagrun for data_extraction to None, run_after=None
[2026-09-18T10:19:20.114+0000] {processor.py:183} INFO - Processing /opt/airflow/dags/extraction_dag.py took 0.087 seconds
[2026-09-18T10:19:50.669+0000] {processor.py:161} INFO - Started process (PID=943) to work on /opt/airflow/dags/extraction_dag.py
[2026-09-18T10:19:50.670+0000] {processor.py:830} INFO - Processing file /opt/airflow/dags/extraction_dag.py for tasks to queue
[2026-09-18T10:19:50.671+0000] {logging_mixin.py:188} INFO - [2026-09-18T10:19:50.671+0000] {dagbag.py:545} INFO - Filling up the DagBag from /opt/airflow/dags/extraction_dag.py
[2026-09-18T10:19:50.688+0000] {processor.py:840} INFO - DAG(s) 'data_extraction' retrieved from /opt/airflow/dags/extraction_dag.py
[2026-09-18T10:19:50.725+0000] {logging_mixin.py:188} INFO - [2026-09-18T10:19:50.724+0000] {dag.py:3096} INFO - Sync 1 DAGs
[2026-09-18T10:19:50.740+0000] {logging_mixin.py:188} INFO - [2026-09-18T10:19:50.740+0000] {dag.py:3954} INFO - Setting next_dagrun for data_extraction to None, run_after=None
[2026-09-18T10:19:50.770+0000] {processor.py:183} INFO - Processing /opt/airflow/dags/extraction_dag.py took 0.109 seconds
[2026-09-18T10:20:21.275+0000] {processor.py:161} INFO - Started process (PID=951) to work on /opt/airflow/dags/extraction_dag.py
[2026-09-18T10:20:21.281+0000] {processor.py:830} INFO - Processing file /opt/airflow/dags/extraction_dag.py for tasks to queue
[2026-09-18T10:20:21.282+0000] {logging_mixin.py:188} INFO - [2026-09-18T10:20:21.281+0000] {dagbag.py:545} INFO - Filling up the DagBag from /opt/airflow/dags/extraction_dag.py
[2026-09-18T10:20:21.294+0000] {processor.py:840} INFO - DAG(s) 'data_extraction' retrieved from /opt/airflow/dags/extraction_dag.py
[2026-09-18T10:20:21.323+0000] {logging_mixin.py:188} INFO - [2026-09-18T10:20:21.323+0000] {dag.py:3096} INFO - Sync 1 DAGs
[2026-09-18T10:20:21.335+0000] {logging_mixin.py:188} INFO - [2026-09-18T10:20:21.335+0000] {dag.py:3954} INFO - Setting next_dagrun for data_extraction to None, run_after=None
[2026-09-18T10:20:21.354+0000] {processor.py:183} INFO - Processing /opt/airflow/dags/extraction_dag.py took 0.085 seconds
[2026-09-18T10:20:51.982+0000] {processor.py:161} INFO - Started process (PID=960) to work on /opt/airflow/dags/extraction_dag.py
[2026-09-18T10:20:51.987+0000] {processor.py:830} INFO - Processing file /opt/airflow/dags/extraction_dag.py for tasks to queue
[2026-09-18T10:20:51.988+0000] {logging_mixin.py:188} INFO - [2026-09-18T10:20:51.988+0000] {dagbag.py:545} INFO - Filling up the DagBag from /opt/airflow/dags/extraction_dag.py
[2026-09-18T10:20:51.998+0000] {processor.py:840} INFO - DAG(s) 'data_extraction' retrieved from /opt/airflow/dags/extraction_dag.py
[2026-09-18T10:20:52.023+0000] {logging_mixin.py:188} INFO - [2026-09-18T10:20:52.023+0000] {dag.py:3096} INFO - Sync 1 DAGs
[2026-09-18T10:20:52.035+0000] {logging_mixin.py:188} INFO - [2026-09-18T10:20:52.035+0000] {dag.py:3954} INFO - Setting next_dagrun for data_extraction to None, run_after=None
[2026-09-18T10:20:52.054+0000] {processor.py:183} INFO - Processing /opt/airflow/dags/extraction_dag.py took 0.078 seconds
[2026-09-18T10:21:22.564+0000] {processor.py:161} INFO - Started process (PID=968) to work on /opt/airflow/dags/extraction_dag.py
[2026-09-18T10:21:22.565+0000] {processor.py:830} INFO - Processing file /opt/airflow/dags/extraction_dag.py for tasks to queue
[2026-09-18T10:21:22.566+0000] {logging_mixin.py:188} INFO - [2026-09-18T10:21:22.566+0000] {dagbag.py:545} INFO - Filling up the DagBag from /opt/airflow/dags/extraction_dag.py
[2026-09-18T10:21:22.575+0000] {processor.py:840} INFO - DAG(s) 'data_extraction' retrieved from /opt/airflow/dags/extraction_dag.py
[2026-09-18T10:21:22.602+0000] {logging_mixin.py:188} INFO - [2026-09-18T10:21:22.601+0000] {dag.py:3096} INFO - Sync 1 DAGs
[2026-09-18T10:21:22.614+0000] {logging_mixin.py:188} INFO - [2026-09-18T10:21:22.613+0000] {dag.py:3954} INFO - Setting next_dagrun for data_extraction to None, run_after=None
[2026-09-18T10:21:22.637+0000] {processor.py:183} INFO - Processing /opt/airflow/dags/extraction_dag.py took 0.079 seconds
[2026-09-18T10:21:53.163+0000] {processor.py:161} INFO - Started process (PID=976) to work on /opt/airflow/dags/extraction_dag.py
[2026-09-18T10:21:53.169+0000] {processor.py:830} INFO - Processing file /opt/airflow/dags/extraction_dag.py for tasks to queue
[2026-09-18T10:21:53.170+0000] {logging_mixin.py:188} INFO - [2026-09-18T10:21:53.170+0000] {dagbag.py:545} INFO - Filling up the DagBag from /opt/airflow/dags/extraction_dag.py
[2026-09-18T10:21:53.182+0000] {processor.py:840} INFO - DAG(s) 'data_extraction' retrieved from /opt/airflow/dags/extraction_dag.py
[2026-09-18T10:21:53.212+0000] {logging_mixin.py:188} INFO - [2026-09-18T10:21:53.212+0000] {dag.py:3096} INFO - Sync 1 DAGs
[2026-09-18T10:21:53.227+0000] {logging_mixin.py:188} INFO - [2026-09-18T10:21:53.226+0000] {dag.py:3954} INFO - Setting next_dagrun for data_extraction to None, run_after=None
[2026-09-18T10:21:53.256+0000] {processor.py:183} INFO - Processing /opt/airflow/dags/extraction_dag.py took 0.100 seconds
[2026-09-18T10:22:23.805+0000] {processor.py:161} INFO - Started process (PID=984) to work on /opt/airflow/dags/extraction_dag.py
[2026-09-18T10:22:23.805+0000] {processor.py:830} INFO - Processing file /opt/airflow/dags/extraction_dag.py for tasks to queue
[2026-09-18T10:22:23.807+0000] {logging_mixin.py:188} INFO - [2026-09-18T10:22:23.806+0000] {dagbag.py:545} INFO - Filling up the DagBag from /opt/airflow/dags/extraction_dag.py
[2026-09-18T10:22:23.821+0000] {processor.py:840} INFO - DAG(s) 'data_extraction' retrieved from /opt/airflow/dags/extraction_dag.py
[2026-09-18T10:22:23.869+0000] {logging_mixin.py:188} INFO - [2026-09-18T10:22:23.869+0000] {dag.py:3096} INFO - Sync 1 DAGs
[2026-09-18T10:22:23.900+0000] {logging_mixin.py:188} INFO - [2026-09-18T10:22:23.899+0000] {dag.py:3954} INFO - Setting next_dagrun for data_extraction to None, run_after=None
[2026-09-18T10:22:23.931+0000] {processor.py:183} INFO - Processing /opt/airflow/dags/extraction_dag.py took 0.133 seconds
[2026-09-18T10:22:54.606+0000] {processor.py:161} INFO - Started process (PID=992) to work on /opt/airflow/dags/extraction_dag.py
[2026-09-18T10:22:54.612+0000] {processor.py:830} INFO - Processing file /opt/airflow/dags/extraction_dag.py for tasks to queue
[2026-09-18T10:22:54.613+0000] {logging_mixin.py:188} INFO - [2026-09-18T10:22:54.612+0000] {dagbag.py:545} INFO - Filling up the DagBag from /opt/airflow/dags/extraction_dag.py
[2026-09-18T10:22:54.628+0000] {processor.py:840} INFO - DAG(s) 'data_extraction' retrieved from /opt/airflow/dags/extraction_dag.py
[2026-09-18T10:22:54.655+0000] {logging_mixin.py:188} INFO - [2026-09-18T10:22:54.655+0000] {dag.py:3096} INFO - Sync 1 DAGs
[2026-09-18T10:22:54.667+0000] {logging_mixin.py:188} INFO - [2026-09-18T10:22:54.667+0000] {dag.py:3954} INFO - Setting next_dagrun for data_extraction to None, run_after=None
[2026-09-18T10:22:54.687+0000] {processor.py:183} INFO - Processing /opt/airflow/dags/extraction_dag.py took 0.090 seconds
[2026-09-18T10:23:25.121+0000] {processor.py:161} INFO - Started process (PID=1000) to work on /opt/airflow/dags/extraction_dag.py
[2026-09-18T10:23:25.122+0000] {processor.py:830} INFO - Processing file /opt/airflow/dags/extraction_dag.py for tasks to queue
[2026-09-18T10:23:25.122+0000] {logging_mixin.py:188} INFO - [2026-09-18T10:23:25.122+0000] {dagbag.py:545} INFO - Filling up the DagBag from /opt/airflow/dags/extraction_dag.py
[2026-09-18T10:23:25.131+0000] {processor.py:840} INFO - DAG(s) 'data_extraction' retrieved from /opt/airflow/dags/extraction_dag.py
[2026-09-18T10:23:25.156+0000] {logging_mixin.py:188} INFO - [2026-09-18T10:23:25.155+0000] {dag.py:3096} INFO - Sync 1 DAGs
[2026-09-18T10:23:25.166+0000] {logging_mixin.py:188} INFO - [2026-09-18T10:23:25.166+0000] {dag.py:3954} INFO - Setting next_dagrun for data_extraction to None, run_after=None
[2026-09-18T10:23:25.190+0000] {processor.py:183} INFO - Processing /opt/airflow/dags/extraction_dag.py took 0.074 seconds
[2026-09-18T10:23:55.647+0000] {processor.py:161} INFO - Started process (PID=1008) to work on /opt/airflow/dags/extraction_dag.py
[2026-09-18T10:23:55.653+0000] {processor.py:830} INFO - Processing file /opt/airflow/dags/extraction_dag.py for tasks to queue
[2026-09-18T10:23:55.654+0000] {logging_mixin.py:188} INFO - [2026-09-18T10:23:55.654+0000] {dagbag.py:545} INFO - Filling up the DagBag from /opt/airflow/dags/extraction_dag.py
[2026-09-18T10:23:55.664+0000] {processor.py:840} INFO - DAG(s) 'data_extraction' retrieved from /opt/airflow/dags/extraction_dag.py
[2026-09-18T10:23:55.690+0000] {logging_mixin.py:188} INFO - [2026-09-18T10:23:55.689+0000] {dag.py:3096} INFO - Sync 1 DAGs
[2026-09-18T10:23:55.700+0000] {logging_mixin.py:188} INFO - [2026-09-18T10:23:55.700+0000] {dag.py:3954} INFO - Setting next_dagrun for data_extraction to None, run_after=None
[2026-09-18T10:23:55.723+0000] {processor.py:183} INFO - Processing /opt/airflow/dags/extraction_dag.py took 0.081 seconds
[2026-09-18T10:24:26.216+0000] {processor.py:161} INFO - Started process (PID=1016) to work on /opt/airflow/dags/extraction_dag.py
[2026-09-18T10:24:26.217+0000] {processor.py:830} INFO - Processing file /opt/airflow/dags/extraction_dag.py for tasks to queue
[2026-09-18T10:24:26.218+0000] {logging_mixin.py:188} INFO - [2026-09-18T10:24:26.218+0000] {dagbag.py:545} INFO - Filling up the DagBag from /opt/airflow/dags/extraction_dag.py
[2026-09-18T10:24:26.227+0000] {processor.py:840} INFO - DAG(s) 'data_extraction' retrieved from /opt/airflow/dags/extraction_dag.py
[2026-09-18T10:24:26.253+0000] {logging_mixin.py:188} INFO - [2026-09-18T10:24:26.253+0000] {dag.py:3096} INFO - Sync 1 DAGs
[2026-09-18T10:24:26.265+0000] {logging_mixin.py:188} INFO - [2026-09-18T10:24:26.265+0000] {dag.py:3954} INFO - Setting next_dagrun for data_extraction to None, run_after=None
[2026-09-18T10:24:26.291+0000] {processor.py:183} INFO - Processing /opt/airflow/dags/extraction_dag.py took 0.081 seconds
[2026-09-18T10:24:56.807+0000] {processor.py:161} INFO - Started process (PID=1024) to work on /opt/airflow/dags/extraction_dag.py
[2026-09-18T10:24:56.813+0000] {processor.py:830} INFO - Processing file /opt/airflow/dags/extraction_dag.py for tasks to queue
[2026-09-18T10:24:56.814+0000] {logging_mixin.py:188} INFO - [2026-09-18T10:24:56.814+0000] {dagbag.py:545} INFO - Filling up the DagBag from /opt/airflow/dags/extraction_dag.py
[2026-09-18T10:24:56.823+0000] {processor.py:840} INFO - DAG(s) 'data_extraction' retrieved from /opt/airflow/dags/extraction_dag.py
[2026-09-18T10:24:56.849+0000] {logging_mixin.py:188} INFO - [2026-09-18T10:24:56.849+0000] {dag.py:3096} INFO - Sync 1 DAGs
[2026-09-18T10:24:56.862+0000] {logging_mixin.py:188} INFO - [2026-09-18T10:24:56.862+0000] {dag.py:3954} INFO - Setting next_dagrun for data_extraction to None, run_after=None
[2026-09-18T10:24:56.885+0000] {processor.py:183} INFO - Processing /opt/airflow/dags/extraction_dag.py took 0.085 seconds
[2026-09-18T10:25:27.374+0000] {processor.py:161} INFO - Started process (PID=1032) to work on /opt/airflow/dags/extraction_dag.py
[2026-09-18T10:25:27.379+0000] {processor.py:830} INFO - Processing file /opt/airflow/dags/extraction_dag.py for tasks to queue
[2026-09-18T10:25:27.380+0000] {logging_mixin.py:188} INFO - [2026-09-18T10:25:27.380+0000] {dagbag.py:545} INFO - Filling up the DagBag from /opt/airflow/dags/extraction_dag.py
[2026-09-18T10:25:27.391+0000] {processor.py:840} INFO - DAG(s) 'data_extraction' retrieved from /opt/airflow/dags/extraction_dag.py
[2026-09-18T10:25:27.417+0000] {logging_mixin.py:188} INFO - [2026-09-18T10:25:27.417+0000] {dag.py:3096} INFO - Sync 1 DAGs
[2026-09-18T10:25:27.429+0000] {logging_mixin.py:188} INFO - [2026-09-18T10:25:27.429+0000] {dag.py:3954} INFO - Setting next_dagrun for data_extraction to None, run_after=None
[2026-09-18T10:25:27.452+0000] {processor.py:183} INFO - Processing /opt/airflow/dags/extraction_dag.py took 0.084 seconds
[2026-09-18T10:25:57.955+0000] {processor.py:161} INFO - Started process (PID=1046) to work on /opt/airflow/dags/extraction_dag.py
[2026-09-18T10:25:57.956+0000] {processor.py:830} INFO - Processing file /opt/airflow/dags/extraction_dag.py for tasks to queue
[2026-09-18T10:25:57.957+0000] {logging_mixin.py:188} INFO - [2026-09-18T10:25:57.957+0000] {dagbag.py:545} INFO - Filling up the DagBag from /opt/airflow/dags/extraction_dag.py
[2026-09-18T10:25:57.969+0000] {processor.py:840} INFO - DAG(s) 'data_extraction' retrieved from /opt/airflow/dags/extraction_dag.py
[2026-09-18T10:25:58.002+0000] {logging_mixin.py:188} INFO - [2026-09-18T10:25:58.002+0000] {dag.py:3096} INFO - Sync 1 DAGs
[2026-09-18T10:25:58.017+0000] {logging_mixin.py:188} INFO - [2026-09-18T10:25:58.016+0000] {dag.py:3954} INFO - Setting next_dagrun for data_extraction to None, run_after=None
[2026-09-18T10:25:58.047+0000] {processor.py:183} INFO - Processing /opt/airflow/dags/extraction_dag.py took 0.098 seconds
[2026-09-18T10:26:28.510+0000] {processor.py:161} INFO - Started process (PID=1055) to work on /opt/airflow/dags/extraction_dag.py
[2026-09-18T10:26:28.516+0000] {processor.py:830} INFO - Processing file /opt/airflow/dags/extraction_dag.py for tasks to queue
[2026-09-18T10:26:28.516+0000] {logging_mixin.py:188} INFO - [2026-09-18T10:26:28.516+0000] {dagbag.py:545} INFO - Filling up the DagBag from /opt/airflow/dags/extraction_dag.py
[2026-09-18T10:26:28.526+0000] {processor.py:840} INFO - DAG(s) 'data_extraction' retrieved from /opt/airflow/dags/extraction_dag.py
[2026-09-18T10:26:28.550+0000] {logging_mixin.py:188} INFO - [2026-09-18T10:26:28.549+0000] {dag.py:3096} INFO - Sync 1 DAGs
[2026-09-18T10:26:28.562+0000] {logging_mixin.py:188} INFO - [2026-09-18T10:26:28.561+0000] {dag.py:3954} INFO - Setting next_dagrun for data_extraction to None, run_after=None
[2026-09-18T10:26:28.587+0000] {processor.py:183} INFO - Processing /opt/airflow/dags/extraction_dag.py took 0.082 seconds
[2026-09-18T10:26:59.100+0000] {processor.py:161} INFO - Started process (PID=1063) to work on /opt/airflow/dags/extraction_dag.py
[2026-09-18T10:26:59.102+0000] {processor.py:830} INFO - Processing file /opt/airflow/dags/extraction_dag.py for tasks to queue
[2026-09-18T10:26:59.105+0000] {logging_mixin.py:188} INFO - [2026-09-18T10:26:59.104+0000] {dagbag.py:545} INFO - Filling up the DagBag from /opt/airflow/dags/extraction_dag.py
[2026-09-18T10:26:59.126+0000] {processor.py:840} INFO - DAG(s) 'data_extraction' retrieved from /opt/airflow/dags/extraction_dag.py
[2026-09-18T10:26:59.161+0000] {logging_mixin.py:188} INFO - [2026-09-18T10:26:59.160+0000] {dag.py:3096} INFO - Sync 1 DAGs
[2026-09-18T10:26:59.174+0000] {logging_mixin.py:188} INFO - [2026-09-18T10:26:59.174+0000] {dag.py:3954} INFO - Setting next_dagrun for data_extraction to None, run_after=None
[2026-09-18T10:26:59.200+0000] {processor.py:183} INFO - Processing /opt/airflow/dags/extraction_dag.py took 0.116 seconds
[2026-09-18T10:27:29.647+0000] {processor.py:161} INFO - Started process (PID=1071) to work on /opt/airflow/dags/extraction_dag.py
[2026-09-18T10:27:29.648+0000] {processor.py:830} INFO - Processing file /opt/airflow/dags/extraction_dag.py for tasks to queue
[2026-09-18T10:27:29.649+0000] {logging_mixin.py:188} INFO - [2026-09-18T10:27:29.649+0000] {dagbag.py:545} INFO - Filling up the DagBag from /opt/airflow/dags/extraction_dag.py
[2026-09-18T10:27:29.660+0000] {processor.py:840} INFO - DAG(s) 'data_extraction' retrieved from /opt/airflow/dags/extraction_dag.py
[2026-09-18T10:27:29.688+0000] {logging_mixin.py:188} INFO - [2026-09-18T10:27:29.688+0000] {dag.py:3096} INFO - Sync 1 DAGs
[2026-09-18T10:27:29.701+0000] {logging_mixin.py:188} INFO - [2026-09-18T10:27:29.700+0000] {dag.py:3954} INFO - Setting next_dagrun for data_extraction to None, run_after=None
[2026-09-18T10:27:29.725+0000] {processor.py:183} INFO - Processing /opt/airflow/dags/extraction_dag.py took 0.085 seconds
[2026-09-18T10:28:00.597+0000] {processor.py:161} INFO - Started process (PID=1079) to work on /opt/airflow/dags/extraction_dag.py
[2026-09-18T10:28:00.603+0000] {processor.py:830} INFO - Processing file /opt/airflow/dags/extraction_dag.py for tasks to queue
[2026-09-18T10:28:00.608+0000] {logging_mixin.py:188} INFO - [2026-09-18T10:28:00.606+0000] {dagbag.py:545} INFO - Filling up the DagBag from /opt/airflow/dags/extraction_dag.py
[2026-09-18T10:28:00.669+0000] {processor.py:840} INFO - DAG(s) 'data_extraction' retrieved from /opt/airflow/dags/extraction_dag.py
[2026-09-18T10:28:00.715+0000] {logging_mixin.py:188} INFO - [2026-09-18T10:28:00.714+0000] {dag.py:3096} INFO - Sync 1 DAGs
[2026-09-18T10:28:00.734+0000] {logging_mixin.py:188} INFO - [2026-09-18T10:28:00.734+0000] {dag.py:3954} INFO - Setting next_dagrun for data_extraction to None, run_after=None
[2026-09-18T10:28:00.765+0000] {processor.py:183} INFO - Processing /opt/airflow/dags/extraction_dag.py took 0.189 seconds
[2026-09-18T10:28:31.132+0000] {processor.py:161} INFO - Started process (PID=1087) to work on /opt/airflow/dags/extraction_dag.py
[2026-09-18T10:28:31.137+0000] {processor.py:830} INFO - Processing file /opt/airflow/dags/extraction_dag.py for tasks to queue
[2026-09-18T10:28:31.139+0000] {logging_mixin.py:188} INFO - [2026-09-18T10:28:31.138+0000] {dagbag.py:545} INFO - Filling up the DagBag from /opt/airflow/dags/extraction_dag.py
[2026-09-18T10:28:31.149+0000] {processor.py:840} INFO - DAG(s) 'data_extraction' retrieved from /opt/airflow/dags/extraction_dag.py
[2026-09-18T10:28:31.175+0000] {logging_mixin.py:188} INFO - [2026-09-18T10:28:31.175+0000] {dag.py:3096} INFO - Sync 1 DAGs
[2026-09-18T10:28:31.189+0000] {logging_mixin.py:188} INFO - [2026-09-18T10:28:31.189+0000] {dag.py:3954} INFO - Setting next_dagrun for data_extraction to None, run_after=None
[2026-09-18T10:28:31.214+0000] {processor.py:183} INFO - Processing /opt/airflow/dags/extraction_dag.py took 0.088 seconds
[2026-09-18T10:29:01.942+0000] {processor.py:161} INFO - Started process (PID=1095) to work on /opt/airflow/dags/extraction_dag.py
[2026-09-18T10:29:01.943+0000] {processor.py:830} INFO - Processing file /opt/airflow/dags/extraction_dag.py for tasks to queue
[2026-09-18T10:29:01.944+0000] {logging_mixin.py:188} INFO - [2026-09-18T10:29:01.944+0000] {dagbag.py:545} INFO - Filling up the DagBag from /opt/airflow/dags/extraction_dag.py
[2026-09-18T10:29:01.956+0000] {processor.py:840} INFO - DAG(s) 'data_extraction' retrieved from /opt/airflow/dags/extraction_dag.py
[2026-09-18T10:29:01.987+0000] {logging_mixin.py:188} INFO - [2026-09-18T10:29:01.987+0000] {dag.py:3096} INFO - Sync 1 DAGs
[2026-09-18T10:29:02.000+0000] {logging_mixin.py:188} INFO - [2026-09-18T10:29:02.000+0000] {dag.py:3954} INFO - Setting next_dagrun for data_extraction to None, run_after=None
[2026-09-18T10:29:02.025+0000] {processor.py:183} INFO - Processing /opt/airflow/dags/extraction_dag.py took 0.089 seconds
[2026-09-18T10:29:32.594+0000] {processor.py:161} INFO - Started process (PID=1103) to work on /opt/airflow/dags/extraction_dag.py
[2026-09-18T10:29:32.600+0000] {processor.py:830} INFO - Processing file /opt/airflow/dags/extraction_dag.py for tasks to queue
[2026-09-18T10:29:32.601+0000] {logging_mixin.py:188} INFO - [2026-09-18T10:29:32.601+0000] {dagbag.py:545} INFO - Filling up the DagBag from /opt/airflow/dags/extraction_dag.py
[2026-09-18T10:29:32.614+0000] {processor.py:840} INFO - DAG(s) 'data_extraction' retrieved from /opt/airflow/dags/extraction_dag.py
[2026-09-18T10:29:32.641+0000] {logging_mixin.py:188} INFO - [2026-09-18T10:29:32.641+0000] {dag.py:3096} INFO - Sync 1 DAGs
[2026-09-18T10:29:32.655+0000] {logging_mixin.py:188} INFO - [2026-09-18T10:29:32.655+0000] {dag.py:3954} INFO - Setting next_dagrun for data_extraction to None, run_after=None
[2026-09-18T10:29:32.677+0000] {processor.py:183} INFO - Processing /opt/airflow/dags/extraction_dag.py took 0.090 seconds
[2026-09-18T10:30:03.192+0000] {processor.py:161} INFO - Started process (PID=1111) to work on /opt/airflow/dags/extraction_dag.py
[2026-09-18T10:30:03.193+0000] {processor.py:830} INFO - Processing file /opt/airflow/dags/extraction_dag.py for tasks to queue
[2026-09-18T10:30:03.194+0000] {logging_mixin.py:188} INFO - [2026-09-18T10:30:03.194+0000] {dagbag.py:545} INFO - Filling up the DagBag from /opt/airflow/dags/extraction_dag.py
[2026-09-18T10:30:03.207+0000] {processor.py:840} INFO - DAG(s) 'data_extraction' retrieved from /opt/airflow/dags/extraction_dag.py
[2026-09-18T10:30:03.241+0000] {logging_mixin.py:188} INFO - [2026-09-18T10:30:03.241+0000] {dag.py:3096} INFO - Sync 1 DAGs
[2026-09-18T10:30:03.256+0000] {logging_mixin.py:188} INFO - [2026-09-18T10:30:03.255+0000] {dag.py:3954} INFO - Setting next_dagrun for data_extraction to None, run_after=None
[2026-09-18T10:30:03.278+0000] {processor.py:183} INFO - Processing /opt/airflow/dags/extraction_dag.py took 0.094 seconds
[2026-09-18T10:30:33.807+0000] {processor.py:161} INFO - Started process (PID=1119) to work on /opt/airflow/dags/extraction_dag.py
[2026-09-18T10:30:33.813+0000] {processor.py:830} INFO - Processing file /opt/airflow/dags/extraction_dag.py for tasks to queue
[2026-09-18T10:30:33.814+0000] {logging_mixin.py:188} INFO - [2026-09-18T10:30:33.814+0000] {dagbag.py:545} INFO - Filling up the DagBag from /opt/airflow/dags/extraction_dag.py
[2026-09-18T10:30:33.826+0000] {processor.py:840} INFO - DAG(s) 'data_extraction' retrieved from /opt/airflow/dags/extraction_dag.py
[2026-09-18T10:30:33.862+0000] {logging_mixin.py:188} INFO - [2026-09-18T10:30:33.861+0000] {dag.py:3096} INFO - Sync 1 DAGs
[2026-09-18T10:30:33.875+0000] {logging_mixin.py:188} INFO - [2026-09-18T10:30:33.874+0000] {dag.py:3954} INFO - Setting next_dagrun for data_extraction to None, run_after=None
[2026-09-18T10:30:33.902+0000] {processor.py:183} INFO - Processing /opt/airflow/dags/extraction_dag.py took 0.103 seconds
[2026-09-18T10:31:04.410+0000] {processor.py:161} INFO - Started process (PID=1127) to work on /opt/airflow/dags/extraction_dag.py
[2026-09-18T10:31:04.411+0000] {processor.py:830} INFO - Processing file /opt/airflow/dags/extraction_dag.py for tasks to queue
[2026-09-18T10:31:04.412+0000] {logging_mixin.py:188} INFO - [2026-09-18T10:31:04.412+0000] {dagbag.py:545} INFO - Filling up the DagBag from /opt/airflow/dags/extraction_dag.py
[2026-09-18T10:31:04.424+0000] {processor.py:840} INFO - DAG(s) 'data_extraction' retrieved from /opt/airflow/dags/extraction_dag.py
[2026-09-18T10:31:04.452+0000] {logging_mixin.py:188} INFO - [2026-09-18T10:31:04.452+0000] {dag.py:3096} INFO - Sync 1 DAGs
[2026-09-18T10:31:04.464+0000] {logging_mixin.py:188} INFO - [2026-09-18T10:31:04.464+0000] {dag.py:3954} INFO - Setting next_dagrun for data_extraction to None, run_after=None
[2026-09-18T10:31:04.488+0000] {processor.py:183} INFO - Processing /opt/airflow/dags/extraction_dag.py took 0.084 seconds
[2026-09-18T10:31:34.899+0000] {processor.py:161} INFO - Started process (PID=1135) to work on /opt/airflow/dags/extraction_dag.py
[2026-09-18T10:31:34.909+0000] {processor.py:830} INFO - Processing file /opt/airflow/dags/extraction_dag.py for tasks to queue
[2026-09-18T10:31:34.910+0000] {logging_mixin.py:188} INFO - [2026-09-18T10:31:34.910+0000] {dagbag.py:545} INFO - Filling up the DagBag from /opt/airflow/dags/extraction_dag.py
[2026-09-18T10:31:34.921+0000] {processor.py:840} INFO - DAG(s) 'data_extraction' retrieved from /opt/airflow/dags/extraction_dag.py
[2026-09-18T10:31:34.946+0000] {logging_mixin.py:188} INFO - [2026-09-18T10:31:34.946+0000] {dag.py:3096} INFO - Sync 1 DAGs
[2026-09-18T10:31:34.958+0000] {logging_mixin.py:188} INFO - [2026-09-18T10:31:34.958+0000] {dag.py:3954} INFO - Setting next_dagrun for data_extraction to None, run_after=None
[2026-09-18T10:31:34.978+0000] {processor.py:183} INFO - Processing /opt/airflow/dags/extraction_dag.py took 0.087 seconds
[2026-09-18T10:32:05.402+0000] {processor.py:161} INFO - Started process (PID=1149) to work on /opt/airflow/dags/extraction_dag.py
[2026-09-18T10:32:05.403+0000] {processor.py:830} INFO - Processing file /opt/airflow/dags/extraction_dag.py for tasks to queue
[2026-09-18T10:32:05.403+0000] {logging_mixin.py:188} INFO - [2026-09-18T10:32:05.403+0000] {dagbag.py:545} INFO - Filling up the DagBag from /opt/airflow/dags/extraction_dag.py
[2026-09-18T10:32:05.414+0000] {processor.py:840} INFO - DAG(s) 'data_extraction' retrieved from /opt/airflow/dags/extraction_dag.py
[2026-09-18T10:32:05.443+0000] {logging_mixin.py:188} INFO - [2026-09-18T10:32:05.443+0000] {dag.py:3096} INFO - Sync 1 DAGs
[2026-09-18T10:32:05.456+0000] {logging_mixin.py:188} INFO - [2026-09-18T10:32:05.456+0000] {dag.py:3954} INFO - Setting next_dagrun for data_extraction to None, run_after=None
[2026-09-18T10:32:05.479+0000] {processor.py:183} INFO - Processing /opt/airflow/dags/extraction_dag.py took 0.085 seconds
[2026-09-18T10:32:35.962+0000] {processor.py:161} INFO - Started process (PID=1157) to work on /opt/airflow/dags/extraction_dag.py
[2026-09-18T10:32:35.964+0000] {processor.py:830} INFO - Processing file /opt/airflow/dags/extraction_dag.py for tasks to queue
[2026-09-18T10:32:35.965+0000] {logging_mixin.py:188} INFO - [2026-09-18T10:32:35.964+0000] {dagbag.py:545} INFO - Filling up the DagBag from /opt/airflow/dags/extraction_dag.py
[2026-09-18T10:32:35.976+0000] {processor.py:840} INFO - DAG(s) 'data_extraction' retrieved from /opt/airflow/dags/extraction_dag.py
[2026-09-18T10:32:36.008+0000] {logging_mixin.py:188} INFO - [2026-09-18T10:32:36.007+0000] {dag.py:3096} INFO - Sync 1 DAGs
[2026-09-18T10:32:36.024+0000] {logging_mixin.py:188} INFO - [2026-09-18T10:32:36.024+0000] {dag.py:3954} INFO - Setting next_dagrun for data_extraction to None, run_after=None
[2026-09-18T10:32:36.050+0000] {processor.py:183} INFO - Processing /opt/airflow/dags/extraction_dag.py took 0.096 seconds
[2026-09-18T10:33:06.545+0000] {processor.py:161} INFO - Started process (PID=1165) to work on /opt/airflow/dags/extraction_dag.py
[2026-09-18T10:33:06.551+0000] {processor.py:830} INFO - Processing file /opt/airflow/dags/extraction_dag.py for tasks to queue
[2026-09-18T10:33:06.552+0000] {logging_mixin.py:188} INFO - [2026-09-18T10:33:06.551+0000] {dagbag.py:545} INFO - Filling up the DagBag from /opt/airflow/dags/extraction_dag.py
[2026-09-18T10:33:06.560+0000] {processor.py:840} INFO - DAG(s) 'data_extraction' retrieved from /opt/airflow/dags/extraction_dag.py
[2026-09-18T10:33:06.588+0000] {logging_mixin.py:188} INFO - [2026-09-18T10:33:06.587+0000] {dag.py:3096} INFO - Sync 1 DAGs
[2026-09-18T10:33:06.600+0000] {logging_mixin.py:188} INFO - [2026-09-18T10:33:06.600+0000] {dag.py:3954} INFO - Setting next_dagrun for data_extraction to None, run_after=None
[2026-09-18T10:33:06.626+0000] {processor.py:183} INFO - Processing /opt/airflow/dags/extraction_dag.py took 0.087 seconds
[2026-09-18T10:33:37.062+0000] {processor.py:161} INFO - Started process (PID=1173) to work on /opt/airflow/dags/extraction_dag.py
[2026-09-18T10:33:37.063+0000] {processor.py:830} INFO - Processing file /opt/airflow/dags/extraction_dag.py for tasks to queue
[2026-09-18T10:33:37.064+0000] {logging_mixin.py:188} INFO - [2026-09-18T10:33:37.064+0000] {dagbag.py:545} INFO - Filling up the DagBag from /opt/airflow/dags/extraction_dag.py
[2026-09-18T10:33:37.076+0000] {processor.py:840} INFO - DAG(s) 'data_extraction' retrieved from /opt/airflow/dags/extraction_dag.py
[2026-09-18T10:33:37.103+0000] {logging_mixin.py:188} INFO - [2026-09-18T10:33:37.103+0000] {dag.py:3096} INFO - Sync 1 DAGs
[2026-09-18T10:33:37.116+0000] {logging_mixin.py:188} INFO - [2026-09-18T10:33:37.116+0000] {dag.py:3954} INFO - Setting next_dagrun for data_extraction to None, run_after=None
[2026-09-18T10:33:37.142+0000] {processor.py:183} INFO - Processing /opt/airflow/dags/extraction_dag.py took 0.086 seconds
[2026-09-18T10:34:07.670+0000] {processor.py:161} INFO - Started process (PID=1181) to work on /opt/airflow/dags/extraction_dag.py
[2026-09-18T10:34:07.675+0000] {processor.py:830} INFO - Processing file /opt/airflow/dags/extraction_dag.py for tasks to queue
[2026-09-18T10:34:07.676+0000] {logging_mixin.py:188} INFO - [2026-09-18T10:34:07.676+0000] {dagbag.py:545} INFO - Filling up the DagBag from /opt/airflow/dags/extraction_dag.py
[2026-09-18T10:34:07.687+0000] {processor.py:840} INFO - DAG(s) 'data_extraction' retrieved from /opt/airflow/dags/extraction_dag.py
[2026-09-18T10:34:07.714+0000] {logging_mixin.py:188} INFO - [2026-09-18T10:34:07.713+0000] {dag.py:3096} INFO - Sync 1 DAGs
[2026-09-18T10:34:07.724+0000] {logging_mixin.py:188} INFO - [2026-09-18T10:34:07.724+0000] {dag.py:3954} INFO - Setting next_dagrun for data_extraction to None, run_after=None
[2026-09-18T10:34:07.747+0000] {processor.py:183} INFO - Processing /opt/airflow/dags/extraction_dag.py took 0.083 seconds
[2026-09-18T10:34:38.171+0000] {processor.py:161} INFO - Started process (PID=1189) to work on /opt/airflow/dags/extraction_dag.py
[2026-09-18T10:34:38.172+0000] {processor.py:830} INFO - Processing file /opt/airflow/dags/extraction_dag.py for tasks to queue
[2026-09-18T10:34:38.173+0000] {logging_mixin.py:188} INFO - [2026-09-18T10:34:38.173+0000] {dagbag.py:545} INFO - Filling up the DagBag from /opt/airflow/dags/extraction_dag.py
[2026-09-18T10:34:38.182+0000] {processor.py:840} INFO - DAG(s) 'data_extraction' retrieved from /opt/airflow/dags/extraction_dag.py
[2026-09-18T10:34:38.212+0000] {logging_mixin.py:188} INFO - [2026-09-18T10:34:38.212+0000] {dag.py:3096} INFO - Sync 1 DAGs
[2026-09-18T10:34:38.224+0000] {logging_mixin.py:188} INFO - [2026-09-18T10:34:38.224+0000] {dag.py:3954} INFO - Setting next_dagrun for data_extraction to None, run_after=None
[2026-09-18T10:34:38.252+0000] {processor.py:183} INFO - Processing /opt/airflow/dags/extraction_dag.py took 0.087 seconds
[2026-09-18T10:35:08.906+0000] {processor.py:161} INFO - Started process (PID=1197) to work on /opt/airflow/dags/extraction_dag.py
[2026-09-18T10:35:08.912+0000] {processor.py:830} INFO - Processing file /opt/airflow/dags/extraction_dag.py for tasks to queue
[2026-09-18T10:35:08.913+0000] {logging_mixin.py:188} INFO - [2026-09-18T10:35:08.913+0000] {dagbag.py:545} INFO - Filling up the DagBag from /opt/airflow/dags/extraction_dag.py
[2026-09-18T10:35:08.924+0000] {processor.py:840} INFO - DAG(s) 'data_extraction' retrieved from /opt/airflow/dags/extraction_dag.py
[2026-09-18T10:35:08.951+0000] {logging_mixin.py:188} INFO - [2026-09-18T10:35:08.951+0000] {dag.py:3096} INFO - Sync 1 DAGs
[2026-09-18T10:35:08.963+0000] {logging_mixin.py:188} INFO - [2026-09-18T10:35:08.963+0000] {dag.py:3954} INFO - Setting next_dagrun for data_extraction to None, run_after=None
[2026-09-18T10:35:08.985+0000] {processor.py:183} INFO - Processing /opt/airflow/dags/extraction_dag.py took 0.088 seconds
[2026-09-18T10:35:39.603+0000] {processor.py:161} INFO - Started process (PID=1205) to work on /opt/airflow/dags/extraction_dag.py
[2026-09-18T10:35:39.604+0000] {processor.py:830} INFO - Processing file /opt/airflow/dags/extraction_dag.py for tasks to queue
[2026-09-18T10:35:39.605+0000] {logging_mixin.py:188} INFO - [2026-09-18T10:35:39.605+0000] {dagbag.py:545} INFO - Filling up the DagBag from /opt/airflow/dags/extraction_dag.py
[2026-09-18T10:35:39.617+0000] {processor.py:840} INFO - DAG(s) 'data_extraction' retrieved from /opt/airflow/dags/extraction_dag.py
[2026-09-18T10:35:39.645+0000] {logging_mixin.py:188} INFO - [2026-09-18T10:35:39.645+0000] {dag.py:3096} INFO - Sync 1 DAGs
[2026-09-18T10:35:39.658+0000] {logging_mixin.py:188} INFO - [2026-09-18T10:35:39.657+0000] {dag.py:3954} INFO - Setting next_dagrun for data_extraction to None, run_after=None
[2026-09-18T10:35:39.679+0000] {processor.py:183} INFO - Processing /opt/airflow/dags/extraction_dag.py took 0.084 seconds
[2026-09-18T10:36:10.105+0000] {processor.py:161} INFO - Started process (PID=1213) to work on /opt/airflow/dags/extraction_dag.py
[2026-09-18T10:36:10.111+0000] {processor.py:830} INFO - Processing file /opt/airflow/dags/extraction_dag.py for tasks to queue
[2026-09-18T10:36:10.112+0000] {logging_mixin.py:188} INFO - [2026-09-18T10:36:10.112+0000] {dagbag.py:545} INFO - Filling up the DagBag from /opt/airflow/dags/extraction_dag.py
[2026-09-18T10:36:10.129+0000] {processor.py:840} INFO - DAG(s) 'data_extraction' retrieved from /opt/airflow/dags/extraction_dag.py
[2026-09-18T10:36:10.161+0000] {logging_mixin.py:188} INFO - [2026-09-18T10:36:10.161+0000] {dag.py:3096} INFO - Sync 1 DAGs
[2026-09-18T10:36:10.176+0000] {logging_mixin.py:188} INFO - [2026-09-18T10:36:10.176+0000] {dag.py:3954} INFO - Setting next_dagrun for data_extraction to None, run_after=None
[2026-09-18T10:36:10.204+0000] {processor.py:183} INFO - Processing /opt/airflow/dags/extraction_dag.py took 0.109 seconds
[2026-09-18T10:36:40.944+0000] {processor.py:161} INFO - Started process (PID=1221) to work on /opt/airflow/dags/extraction_dag.py
[2026-09-18T10:36:40.945+0000] {processor.py:830} INFO - Processing file /opt/airflow/dags/extraction_dag.py for tasks to queue
[2026-09-18T10:36:40.946+0000] {logging_mixin.py:188} INFO - [2026-09-18T10:36:40.946+0000] {dagbag.py:545} INFO - Filling up the DagBag from /opt/airflow/dags/extraction_dag.py
[2026-09-18T10:36:40.957+0000] {processor.py:840} INFO - DAG(s) 'data_extraction' retrieved from /opt/airflow/dags/extraction_dag.py
[2026-09-18T10:36:40.985+0000] {logging_mixin.py:188} INFO - [2026-09-18T10:36:40.984+0000] {dag.py:3096} INFO - Sync 1 DAGs
[2026-09-18T10:36:40.995+0000] {logging_mixin.py:188} INFO - [2026-09-18T10:36:40.995+0000] {dag.py:3954} INFO - Setting next_dagrun for data_extraction to None, run_after=None
[2026-09-18T10:36:41.017+0000] {processor.py:183} INFO - Processing /opt/airflow/dags/extraction_dag.py took 0.079 seconds
[2026-09-18T10:37:11.539+0000] {processor.py:161} INFO - Started process (PID=1229) to work on /opt/airflow/dags/extraction_dag.py
[2026-09-18T10:37:11.545+0000] {processor.py:830} INFO - Processing file /opt/airflow/dags/extraction_dag.py for tasks to queue
[2026-09-18T10:37:11.546+0000] {logging_mixin.py:188} INFO - [2026-09-18T10:37:11.545+0000] {dagbag.py:545} INFO - Filling up the DagBag from /opt/airflow/dags/extraction_dag.py
[2026-09-18T10:37:11.559+0000] {processor.py:840} INFO - DAG(s) 'data_extraction' retrieved from /opt/airflow/dags/extraction_dag.py
[2026-09-18T10:37:11.591+0000] {logging_mixin.py:188} INFO - [2026-09-18T10:37:11.590+0000] {dag.py:3096} INFO - Sync 1 DAGs
[2026-09-18T10:37:11.602+0000] {logging_mixin.py:188} INFO - [2026-09-18T10:37:11.601+0000] {dag.py:3954} INFO - Setting next_dagrun for data_extraction to None, run_after=None
[2026-09-18T10:37:11.625+0000] {processor.py:183} INFO - Processing /opt/airflow/dags/extraction_dag.py took 0.095 seconds
[2026-09-18T10:37:42.053+0000] {processor.py:161} INFO - Started process (PID=1237) to work on /opt/airflow/dags/extraction_dag.py
[2026-09-18T10:37:42.057+0000] {processor.py:830} INFO - Processing file /opt/airflow/dags/extraction_dag.py for tasks to queue
[2026-09-18T10:37:42.059+0000] {logging_mixin.py:188} INFO - [2026-09-18T10:37:42.058+0000] {dagbag.py:545} INFO - Filling up the DagBag from /opt/airflow/dags/extraction_dag.py
[2026-09-18T10:37:42.071+0000] {processor.py:840} INFO - DAG(s) 'data_extraction' retrieved from /opt/airflow/dags/extraction_dag.py
[2026-09-18T10:37:42.097+0000] {logging_mixin.py:188} INFO - [2026-09-18T10:37:42.097+0000] {dag.py:3096} INFO - Sync 1 DAGs
[2026-09-18T10:37:42.109+0000] {logging_mixin.py:188} INFO - [2026-09-18T10:37:42.108+0000] {dag.py:3954} INFO - Setting next_dagrun for data_extraction to None, run_after=None
[2026-09-18T10:37:42.128+0000] {processor.py:183} INFO - Processing /opt/airflow/dags/extraction_dag.py took 0.090 seconds
[2026-09-18T10:38:12.557+0000] {processor.py:161} INFO - Started process (PID=1251) to work on /opt/airflow/dags/extraction_dag.py
[2026-09-18T10:38:12.558+0000] {processor.py:830} INFO - Processing file /opt/airflow/dags/extraction_dag.py for tasks to queue
[2026-09-18T10:38:12.559+0000] {logging_mixin.py:188} INFO - [2026-09-18T10:38:12.559+0000] {dagbag.py:545} INFO - Filling up the DagBag from /opt/airflow/dags/extraction_dag.py
[2026-09-18T10:38:12.570+0000] {processor.py:840} INFO - DAG(s) 'data_extraction' retrieved from /opt/airflow/dags/extraction_dag.py
[2026-09-18T10:38:12.601+0000] {logging_mixin.py:188} INFO - [2026-09-18T10:38:12.601+0000] {dag.py:3096} INFO - Sync 1 DAGs
[2026-09-18T10:38:12.613+0000] {logging_mixin.py:188} INFO - [2026-09-18T10:38:12.612+0000] {dag.py:3954} INFO - Setting next_dagrun for data_extraction to None, run_after=None
[2026-09-18T10:38:12.639+0000] {processor.py:183} INFO - Processing /opt/airflow/dags/extraction_dag.py took 0.090 seconds
[2026-09-18T10:38:43.116+0000] {processor.py:161} INFO - Started process (PID=1259) to work on /opt/airflow/dags/extraction_dag.py
[2026-09-18T10:38:43.117+0000] {processor.py:830} INFO - Processing file /opt/airflow/dags/extraction_dag.py for tasks to queue
[2026-09-18T10:38:43.118+0000] {logging_mixin.py:188} INFO - [2026-09-18T10:38:43.118+0000] {dagbag.py:545} INFO - Filling up the DagBag from /opt/airflow/dags/extraction_dag.py
[2026-09-18T10:38:43.128+0000] {processor.py:840} INFO - DAG(s) 'data_extraction' retrieved from /opt/airflow/dags/extraction_dag.py
[2026-09-18T10:38:43.155+0000] {logging_mixin.py:188} INFO - [2026-09-18T10:38:43.154+0000] {dag.py:3096} INFO - Sync 1 DAGs
[2026-09-18T10:38:43.166+0000] {logging_mixin.py:188} INFO - [2026-09-18T10:38:43.166+0000] {dag.py:3954} INFO - Setting next_dagrun for data_extraction to None, run_after=None
[2026-09-18T10:38:43.183+0000] {processor.py:183} INFO - Processing /opt/airflow/dags/extraction_dag.py took 0.074 seconds
[2026-09-18T10:39:13.743+0000] {processor.py:161} INFO - Started process (PID=1267) to work on /opt/airflow/dags/extraction_dag.py
[2026-09-18T10:39:13.745+0000] {processor.py:830} INFO - Processing file /opt/airflow/dags/extraction_dag.py for tasks to queue
[2026-09-18T10:39:13.746+0000] {logging_mixin.py:188} INFO - [2026-09-18T10:39:13.745+0000] {dagbag.py:545} INFO - Filling up the DagBag from /opt/airflow/dags/extraction_dag.py
[2026-09-18T10:39:13.758+0000] {processor.py:840} INFO - DAG(s) 'data_extraction' retrieved from /opt/airflow/dags/extraction_dag.py
[2026-09-18T10:39:13.787+0000] {logging_mixin.py:188} INFO - [2026-09-18T10:39:13.786+0000] {dag.py:3096} INFO - Sync 1 DAGs
[2026-09-18T10:39:13.800+0000] {logging_mixin.py:188} INFO - [2026-09-18T10:39:13.800+0000] {dag.py:3954} INFO - Setting next_dagrun for data_extraction to None, run_after=None
[2026-09-18T10:39:13.829+0000] {processor.py:183} INFO - Processing /opt/airflow/dags/extraction_dag.py took 0.093 seconds
[2026-09-18T10:39:44.273+0000] {processor.py:161} INFO - Started process (PID=1275) to work on /opt/airflow/dags/extraction_dag.py
[2026-09-18T10:39:44.275+0000] {processor.py:830} INFO - Processing file /opt/airflow/dags/extraction_dag.py for tasks to queue
[2026-09-18T10:39:44.276+0000] {logging_mixin.py:188} INFO - [2026-09-18T10:39:44.275+0000] {dagbag.py:545} INFO - Filling up the DagBag from /opt/airflow/dags/extraction_dag.py
[2026-09-18T10:39:44.286+0000] {processor.py:840} INFO - DAG(s) 'data_extraction' retrieved from /opt/airflow/dags/extraction_dag.py
[2026-09-18T10:39:44.312+0000] {logging_mixin.py:188} INFO - [2026-09-18T10:39:44.311+0000] {dag.py:3096} INFO - Sync 1 DAGs
[2026-09-18T10:39:44.324+0000] {logging_mixin.py:188} INFO - [2026-09-18T10:39:44.323+0000] {dag.py:3954} INFO - Setting next_dagrun for data_extraction to None, run_after=None
[2026-09-18T10:39:44.348+0000] {processor.py:183} INFO - Processing /opt/airflow/dags/extraction_dag.py took 0.082 seconds
[2026-09-18T10:40:14.780+0000] {processor.py:161} INFO - Started process (PID=1283) to work on /opt/airflow/dags/extraction_dag.py
[2026-09-18T10:40:14.780+0000] {processor.py:830} INFO - Processing file /opt/airflow/dags/extraction_dag.py for tasks to queue
[2026-09-18T10:40:14.782+0000] {logging_mixin.py:188} INFO - [2026-09-18T10:40:14.781+0000] {dagbag.py:545} INFO - Filling up the DagBag from /opt/airflow/dags/extraction_dag.py
[2026-09-18T10:40:14.796+0000] {processor.py:840} INFO - DAG(s) 'data_extraction' retrieved from /opt/airflow/dags/extraction_dag.py
[2026-09-18T10:40:14.825+0000] {logging_mixin.py:188} INFO - [2026-09-18T10:40:14.825+0000] {dag.py:3096} INFO - Sync 1 DAGs
[2026-09-18T10:40:14.836+0000] {logging_mixin.py:188} INFO - [2026-09-18T10:40:14.836+0000] {dag.py:3954} INFO - Setting next_dagrun for data_extraction to None, run_after=None
[2026-09-18T10:40:14.860+0000] {processor.py:183} INFO - Processing /opt/airflow/dags/extraction_dag.py took 0.087 seconds
[2026-09-18T10:40:45.243+0000] {processor.py:161} INFO - Started process (PID=1291) to work on /opt/airflow/dags/extraction_dag.py
[2026-09-18T10:40:45.249+0000] {processor.py:830} INFO - Processing file /opt/airflow/dags/extraction_dag.py for tasks to queue
[2026-09-18T10:40:45.250+0000] {logging_mixin.py:188} INFO - [2026-09-18T10:40:45.249+0000] {dagbag.py:545} INFO - Filling up the DagBag from /opt/airflow/dags/extraction_dag.py
[2026-09-18T10:40:45.259+0000] {processor.py:840} INFO - DAG(s) 'data_extraction' retrieved from /opt/airflow/dags/extraction_dag.py
[2026-09-18T10:40:45.284+0000] {logging_mixin.py:188} INFO - [2026-09-18T10:40:45.284+0000] {dag.py:3096} INFO - Sync 1 DAGs
[2026-09-18T10:40:45.294+0000] {logging_mixin.py:188} INFO - [2026-09-18T10:40:45.294+0000] {dag.py:3954} INFO - Setting next_dagrun for data_extraction to None, run_after=None
[2026-09-18T10:40:45.314+0000] {processor.py:183} INFO - Processing /opt/airflow/dags/extraction_dag.py took 0.077 seconds
[2026-09-18T10:41:15.912+0000] {processor.py:161} INFO - Started process (PID=1299) to work on /opt/airflow/dags/extraction_dag.py
[2026-09-18T10:41:15.918+0000] {processor.py:830} INFO - Processing file /opt/airflow/dags/extraction_dag.py for tasks to queue
[2026-09-18T10:41:15.919+0000] {logging_mixin.py:188} INFO - [2026-09-18T10:41:15.918+0000] {dagbag.py:545} INFO - Filling up the DagBag from /opt/airflow/dags/extraction_dag.py
[2026-09-18T10:41:15.929+0000] {processor.py:840} INFO - DAG(s) 'data_extraction' retrieved from /opt/airflow/dags/extraction_dag.py
[2026-09-18T10:41:15.963+0000] {logging_mixin.py:188} INFO - [2026-09-18T10:41:15.962+0000] {dag.py:3096} INFO - Sync 1 DAGs
[2026-09-18T10:41:15.976+0000] {logging_mixin.py:188} INFO - [2026-09-18T10:41:15.976+0000] {dag.py:3954} INFO - Setting next_dagrun for data_extraction to None, run_after=None
[2026-09-18T10:41:15.999+0000] {processor.py:183} INFO - Processing /opt/airflow/dags/extraction_dag.py took 0.097 seconds
[2026-09-18T10:41:46.529+0000] {processor.py:161} INFO - Started process (PID=1307) to work on /opt/airflow/dags/extraction_dag.py
[2026-09-18T10:41:46.530+0000] {processor.py:830} INFO - Processing file /opt/airflow/dags/extraction_dag.py for tasks to queue
[2026-09-18T10:41:46.531+0000] {logging_mixin.py:188} INFO - [2026-09-18T10:41:46.530+0000] {dagbag.py:545} INFO - Filling up the DagBag from /opt/airflow/dags/extraction_dag.py
[2026-09-18T10:41:46.540+0000] {processor.py:840} INFO - DAG(s) 'data_extraction' retrieved from /opt/airflow/dags/extraction_dag.py
[2026-09-18T10:41:46.565+0000] {logging_mixin.py:188} INFO - [2026-09-18T10:41:46.565+0000] {dag.py:3096} INFO - Sync 1 DAGs
[2026-09-18T10:41:46.578+0000] {logging_mixin.py:188} INFO - [2026-09-18T10:41:46.578+0000] {dag.py:3954} INFO - Setting next_dagrun for data_extraction to None, run_after=None
[2026-09-18T10:41:46.602+0000] {processor.py:183} INFO - Processing /opt/airflow/dags/extraction_dag.py took 0.079 seconds
[2026-09-18T10:42:17.050+0000] {processor.py:161} INFO - Started process (PID=1315) to work on /opt/airflow/dags/extraction_dag.py
[2026-09-18T10:42:17.056+0000] {processor.py:830} INFO - Processing file /opt/airflow/dags/extraction_dag.py for tasks to queue
[2026-09-18T10:42:17.057+0000] {logging_mixin.py:188} INFO - [2026-09-18T10:42:17.056+0000] {dagbag.py:545} INFO - Filling up the DagBag from /opt/airflow/dags/extraction_dag.py
[2026-09-18T10:42:17.066+0000] {processor.py:840} INFO - DAG(s) 'data_extraction' retrieved from /opt/airflow/dags/extraction_dag.py
[2026-09-18T10:42:17.100+0000] {logging_mixin.py:188} INFO - [2026-09-18T10:42:17.099+0000] {dag.py:3096} INFO - Sync 1 DAGs
[2026-09-18T10:42:17.116+0000] {logging_mixin.py:188} INFO - [2026-09-18T10:42:17.116+0000] {dag.py:3954} INFO - Setting next_dagrun for data_extraction to None, run_after=None
[2026-09-18T10:42:17.142+0000] {processor.py:183} INFO - Processing /opt/airflow/dags/extraction_dag.py took 0.098 seconds
[2026-09-18T10:42:47.578+0000] {processor.py:161} INFO - Started process (PID=1323) to work on /opt/airflow/dags/extraction_dag.py
[2026-09-18T10:42:47.579+0000] {processor.py:830} INFO - Processing file /opt/airflow/dags/extraction_dag.py for tasks to queue
[2026-09-18T10:42:47.580+0000] {logging_mixin.py:188} INFO - [2026-09-18T10:42:47.580+0000] {dagbag.py:545} INFO - Filling up the DagBag from /opt/airflow/dags/extraction_dag.py
[2026-09-18T10:42:47.591+0000] {processor.py:840} INFO - DAG(s) 'data_extraction' retrieved from /opt/airflow/dags/extraction_dag.py
[2026-09-18T10:42:47.617+0000] {logging_mixin.py:188} INFO - [2026-09-18T10:42:47.616+0000] {dag.py:3096} INFO - Sync 1 DAGs
[2026-09-18T10:42:47.628+0000] {logging_mixin.py:188} INFO - [2026-09-18T10:42:47.628+0000] {dag.py:3954} INFO - Setting next_dagrun for data_extraction to None, run_after=None
[2026-09-18T10:42:47.654+0000] {processor.py:183} INFO - Processing /opt/airflow/dags/extraction_dag.py took 0.083 seconds
[2026-09-18T10:43:18.053+0000] {processor.py:161} INFO - Started process (PID=1332) to work on /opt/airflow/dags/extraction_dag.py
[2026-09-18T10:43:18.055+0000] {processor.py:830} INFO - Processing file /opt/airflow/dags/extraction_dag.py for tasks to queue
[2026-09-18T10:43:18.056+0000] {logging_mixin.py:188} INFO - [2026-09-18T10:43:18.056+0000] {dagbag.py:545} INFO - Filling up the DagBag from /opt/airflow/dags/extraction_dag.py
[2026-09-18T10:43:18.069+0000] {processor.py:840} INFO - DAG(s) 'data_extraction' retrieved from /opt/airflow/dags/extraction_dag.py
[2026-09-18T10:43:18.102+0000] {logging_mixin.py:188} INFO - [2026-09-18T10:43:18.101+0000] {dag.py:3096} INFO - Sync 1 DAGs
[2026-09-18T10:43:18.115+0000] {logging_mixin.py:188} INFO - [2026-09-18T10:43:18.115+0000] {dag.py:3954} INFO - Setting next_dagrun for data_extraction to None, run_after=None
[2026-09-18T10:43:18.143+0000] {processor.py:183} INFO - Processing /opt/airflow/dags/extraction_dag.py took 0.097 seconds
[2026-09-18T10:43:48.637+0000] {processor.py:161} INFO - Started process (PID=1340) to work on /opt/airflow/dags/extraction_dag.py
[2026-09-18T10:43:48.638+0000] {processor.py:830} INFO - Processing file /opt/airflow/dags/extraction_dag.py for tasks to queue
[2026-09-18T10:43:48.639+0000] {logging_mixin.py:188} INFO - [2026-09-18T10:43:48.639+0000] {dagbag.py:545} INFO - Filling up the DagBag from /opt/airflow/dags/extraction_dag.py
[2026-09-18T10:43:48.650+0000] {processor.py:840} INFO - DAG(s) 'data_extraction' retrieved from /opt/airflow/dags/extraction_dag.py
[2026-09-18T10:43:48.677+0000] {logging_mixin.py:188} INFO - [2026-09-18T10:43:48.677+0000] {dag.py:3096} INFO - Sync 1 DAGs
[2026-09-18T10:43:48.692+0000] {logging_mixin.py:188} INFO - [2026-09-18T10:43:48.692+0000] {dag.py:3954} INFO - Setting next_dagrun for data_extraction to None, run_after=None
[2026-09-18T10:43:48.719+0000] {processor.py:183} INFO - Processing /opt/airflow/dags/extraction_dag.py took 0.089 seconds
[2026-09-18T10:44:19.195+0000] {processor.py:161} INFO - Started process (PID=1354) to work on /opt/airflow/dags/extraction_dag.py
[2026-09-18T10:44:19.199+0000] {processor.py:830} INFO - Processing file /opt/airflow/dags/extraction_dag.py for tasks to queue
[2026-09-18T10:44:19.200+0000] {logging_mixin.py:188} INFO - [2026-09-18T10:44:19.200+0000] {dagbag.py:545} INFO - Filling up the DagBag from /opt/airflow/dags/extraction_dag.py
[2026-09-18T10:44:19.212+0000] {processor.py:840} INFO - DAG(s) 'data_extraction' retrieved from /opt/airflow/dags/extraction_dag.py
[2026-09-18T10:44:19.242+0000] {logging_mixin.py:188} INFO - [2026-09-18T10:44:19.242+0000] {dag.py:3096} INFO - Sync 1 DAGs
[2026-09-18T10:44:19.256+0000] {logging_mixin.py:188} INFO - [2026-09-18T10:44:19.256+0000] {dag.py:3954} INFO - Setting next_dagrun for data_extraction to None, run_after=None
[2026-09-18T10:44:19.280+0000] {processor.py:183} INFO - Processing /opt/airflow/dags/extraction_dag.py took 0.091 seconds
[2026-09-18T10:44:49.852+0000] {processor.py:161} INFO - Started process (PID=1362) to work on /opt/airflow/dags/extraction_dag.py
[2026-09-18T10:44:49.858+0000] {processor.py:830} INFO - Processing file /opt/airflow/dags/extraction_dag.py for tasks to queue
[2026-09-18T10:44:49.859+0000] {logging_mixin.py:188} INFO - [2026-09-18T10:44:49.858+0000] {dagbag.py:545} INFO - Filling up the DagBag from /opt/airflow/dags/extraction_dag.py
[2026-09-18T10:44:49.868+0000] {processor.py:840} INFO - DAG(s) 'data_extraction' retrieved from /opt/airflow/dags/extraction_dag.py
[2026-09-18T10:44:49.894+0000] {logging_mixin.py:188} INFO - [2026-09-18T10:44:49.893+0000] {dag.py:3096} INFO - Sync 1 DAGs
[2026-09-18T10:44:49.906+0000] {logging_mixin.py:188} INFO - [2026-09-18T10:44:49.905+0000] {dag.py:3954} INFO - Setting next_dagrun for data_extraction to None, run_after=None
[2026-09-18T10:44:49.926+0000] {processor.py:183} INFO - Processing /opt/airflow/dags/extraction_dag.py took 0.080 seconds
[2026-09-18T10:45:20.342+0000] {processor.py:161} INFO - Started process (PID=1370) to work on /opt/airflow/dags/extraction_dag.py
[2026-09-18T10:45:20.343+0000] {processor.py:830} INFO - Processing file /opt/airflow/dags/extraction_dag.py for tasks to queue
[2026-09-18T10:45:20.344+0000] {logging_mixin.py:188} INFO - [2026-09-18T10:45:20.344+0000] {dagbag.py:545} INFO - Filling up the DagBag from /opt/airflow/dags/extraction_dag.py
[2026-09-18T10:45:20.355+0000] {processor.py:840} INFO - DAG(s) 'data_extraction' retrieved from /opt/airflow/dags/extraction_dag.py
[2026-09-18T10:45:20.383+0000] {logging_mixin.py:188} INFO - [2026-09-18T10:45:20.383+0000] {dag.py:3096} INFO - Sync 1 DAGs
[2026-09-18T10:45:20.395+0000] {logging_mixin.py:188} INFO - [2026-09-18T10:45:20.395+0000] {dag.py:3954} INFO - Setting next_dagrun for data_extraction to None, run_after=None
[2026-09-18T10:45:20.418+0000] {processor.py:183} INFO - Processing /opt/airflow/dags/extraction_dag.py took 0.085 seconds
[2026-09-18T10:45:50.844+0000] {processor.py:161} INFO - Started process (PID=1378) to work on /opt/airflow/dags/extraction_dag.py
[2026-09-18T10:45:50.846+0000] {processor.py:830} INFO - Processing file /opt/airflow/dags/extraction_dag.py for tasks to queue
[2026-09-18T10:45:50.847+0000] {logging_mixin.py:188} INFO - [2026-09-18T10:45:50.846+0000] {dagbag.py:545} INFO - Filling up the DagBag from /opt/airflow/dags/extraction_dag.py
[2026-09-18T10:45:50.859+0000] {processor.py:840} INFO - DAG(s) 'data_extraction' retrieved from /opt/airflow/dags/extraction_dag.py
[2026-09-18T10:45:50.886+0000] {logging_mixin.py:188} INFO - [2026-09-18T10:45:50.885+0000] {dag.py:3096} INFO - Sync 1 DAGs
[2026-09-18T10:45:50.897+0000] {logging_mixin.py:188} INFO - [2026-09-18T10:45:50.897+0000] {dag.py:3954} INFO - Setting next_dagrun for data_extraction to None, run_after=None
[2026-09-18T10:45:50.920+0000] {processor.py:183} INFO - Processing /opt/airflow/dags/extraction_dag.py took 0.083 seconds
[2026-09-18T10:46:21.318+0000] {processor.py:161} INFO - Started process (PID=1386) to work on /opt/airflow/dags/extraction_dag.py
[2026-09-18T10:46:21.320+0000] {processor.py:830} INFO - Processing file /opt/airflow/dags/extraction_dag.py for tasks to queue
[2026-09-18T10:46:21.320+0000] {logging_mixin.py:188} INFO - [2026-09-18T10:46:21.320+0000] {dagbag.py:545} INFO - Filling up the DagBag from /opt/airflow/dags/extraction_dag.py
[2026-09-18T10:46:21.333+0000] {processor.py:840} INFO - DAG(s) 'data_extraction' retrieved from /opt/airflow/dags/extraction_dag.py
[2026-09-18T10:46:21.361+0000] {logging_mixin.py:188} INFO - [2026-09-18T10:46:21.361+0000] {dag.py:3096} INFO - Sync 1 DAGs
[2026-09-18T10:46:21.374+0000] {logging_mixin.py:188} INFO - [2026-09-18T10:46:21.374+0000] {dag.py:3954} INFO - Setting next_dagrun for data_extraction to None, run_after=None
[2026-09-18T10:46:21.400+0000] {processor.py:183} INFO - Processing /opt/airflow/dags/extraction_dag.py took 0.090 seconds
[2026-09-18T10:46:52.133+0000] {processor.py:161} INFO - Started process (PID=1394) to work on /opt/airflow/dags/extraction_dag.py
[2026-09-18T10:46:52.138+0000] {processor.py:830} INFO - Processing file /opt/airflow/dags/extraction_dag.py for tasks to queue
[2026-09-18T10:46:52.139+0000] {logging_mixin.py:188} INFO - [2026-09-18T10:46:52.139+0000] {dagbag.py:545} INFO - Filling up the DagBag from /opt/airflow/dags/extraction_dag.py
[2026-09-18T10:46:52.149+0000] {processor.py:840} INFO - DAG(s) 'data_extraction' retrieved from /opt/airflow/dags/extraction_dag.py
[2026-09-18T10:46:52.178+0000] {logging_mixin.py:188} INFO - [2026-09-18T10:46:52.177+0000] {dag.py:3096} INFO - Sync 1 DAGs
[2026-09-18T10:46:52.190+0000] {logging_mixin.py:188} INFO - [2026-09-18T10:46:52.190+0000] {dag.py:3954} INFO - Setting next_dagrun for data_extraction to None, run_after=None
[2026-09-18T10:46:52.216+0000] {processor.py:183} INFO - Processing /opt/airflow/dags/extraction_dag.py took 0.089 seconds
[2026-09-18T10:47:22.724+0000] {processor.py:161} INFO - Started process (PID=1402) to work on /opt/airflow/dags/extraction_dag.py
[2026-09-18T10:47:22.725+0000] {processor.py:830} INFO - Processing file /opt/airflow/dags/extraction_dag.py for tasks to queue
[2026-09-18T10:47:22.726+0000] {logging_mixin.py:188} INFO - [2026-09-18T10:47:22.726+0000] {dagbag.py:545} INFO - Filling up the DagBag from /opt/airflow/dags/extraction_dag.py
[2026-09-18T10:47:22.740+0000] {processor.py:840} INFO - DAG(s) 'data_extraction' retrieved from /opt/airflow/dags/extraction_dag.py
[2026-09-18T10:47:22.769+0000] {logging_mixin.py:188} INFO - [2026-09-18T10:47:22.769+0000] {dag.py:3096} INFO - Sync 1 DAGs
[2026-09-18T10:47:22.781+0000] {logging_mixin.py:188} INFO - [2026-09-18T10:47:22.780+0000] {dag.py:3954} INFO - Setting next_dagrun for data_extraction to None, run_after=None
[2026-09-18T10:47:22.804+0000] {processor.py:183} INFO - Processing /opt/airflow/dags/extraction_dag.py took 0.094 seconds
[2026-09-18T10:47:53.261+0000] {processor.py:161} INFO - Started process (PID=1410) to work on /opt/airflow/dags/extraction_dag.py
[2026-09-18T10:47:53.263+0000] {processor.py:830} INFO - Processing file /opt/airflow/dags/extraction_dag.py for tasks to queue
[2026-09-18T10:47:53.264+0000] {logging_mixin.py:188} INFO - [2026-09-18T10:47:53.264+0000] {dagbag.py:545} INFO - Filling up the DagBag from /opt/airflow/dags/extraction_dag.py
[2026-09-18T10:47:53.275+0000] {processor.py:840} INFO - DAG(s) 'data_extraction' retrieved from /opt/airflow/dags/extraction_dag.py
[2026-09-18T10:47:53.302+0000] {logging_mixin.py:188} INFO - [2026-09-18T10:47:53.302+0000] {dag.py:3096} INFO - Sync 1 DAGs
[2026-09-18T10:47:53.314+0000] {logging_mixin.py:188} INFO - [2026-09-18T10:47:53.314+0000] {dag.py:3954} INFO - Setting next_dagrun for data_extraction to None, run_after=None
[2026-09-18T10:47:53.338+0000] {processor.py:183} INFO - Processing /opt/airflow/dags/extraction_dag.py took 0.084 seconds
[2026-09-18T10:48:23.812+0000] {processor.py:161} INFO - Started process (PID=1418) to work on /opt/airflow/dags/extraction_dag.py
[2026-09-18T10:48:23.813+0000] {processor.py:830} INFO - Processing file /opt/airflow/dags/extraction_dag.py for tasks to queue
[2026-09-18T10:48:23.815+0000] {logging_mixin.py:188} INFO - [2026-09-18T10:48:23.814+0000] {dagbag.py:545} INFO - Filling up the DagBag from /opt/airflow/dags/extraction_dag.py
[2026-09-18T10:48:23.824+0000] {processor.py:840} INFO - DAG(s) 'data_extraction' retrieved from /opt/airflow/dags/extraction_dag.py
[2026-09-18T10:48:23.851+0000] {logging_mixin.py:188} INFO - [2026-09-18T10:48:23.851+0000] {dag.py:3096} INFO - Sync 1 DAGs
[2026-09-18T10:48:23.863+0000] {logging_mixin.py:188} INFO - [2026-09-18T10:48:23.863+0000] {dag.py:3954} INFO - Setting next_dagrun for data_extraction to None, run_after=None
[2026-09-18T10:48:23.888+0000] {processor.py:183} INFO - Processing /opt/airflow/dags/extraction_dag.py took 0.083 seconds
[2026-09-18T10:48:54.399+0000] {processor.py:161} INFO - Started process (PID=1426) to work on /opt/airflow/dags/extraction_dag.py
[2026-09-18T10:48:54.405+0000] {processor.py:830} INFO - Processing file /opt/airflow/dags/extraction_dag.py for tasks to queue
[2026-09-18T10:48:54.406+0000] {logging_mixin.py:188} INFO - [2026-09-18T10:48:54.406+0000] {dagbag.py:545} INFO - Filling up the DagBag from /opt/airflow/dags/extraction_dag.py
[2026-09-18T10:48:54.416+0000] {processor.py:840} INFO - DAG(s) 'data_extraction' retrieved from /opt/airflow/dags/extraction_dag.py
[2026-09-18T10:48:54.449+0000] {logging_mixin.py:188} INFO - [2026-09-18T10:48:54.449+0000] {dag.py:3096} INFO - Sync 1 DAGs
[2026-09-18T10:48:54.463+0000] {logging_mixin.py:188} INFO - [2026-09-18T10:48:54.463+0000] {dag.py:3954} INFO - Setting next_dagrun for data_extraction to None, run_after=None
[2026-09-18T10:48:54.488+0000] {processor.py:183} INFO - Processing /opt/airflow/dags/extraction_dag.py took 0.095 seconds
[2026-09-18T10:49:24.872+0000] {processor.py:161} INFO - Started process (PID=1434) to work on /opt/airflow/dags/extraction_dag.py
[2026-09-18T10:49:24.873+0000] {processor.py:830} INFO - Processing file /opt/airflow/dags/extraction_dag.py for tasks to queue
[2026-09-18T10:49:24.874+0000] {logging_mixin.py:188} INFO - [2026-09-18T10:49:24.874+0000] {dagbag.py:545} INFO - Filling up the DagBag from /opt/airflow/dags/extraction_dag.py
[2026-09-18T10:49:24.886+0000] {processor.py:840} INFO - DAG(s) 'data_extraction' retrieved from /opt/airflow/dags/extraction_dag.py
[2026-09-18T10:49:24.916+0000] {logging_mixin.py:188} INFO - [2026-09-18T10:49:24.916+0000] {dag.py:3096} INFO - Sync 1 DAGs
[2026-09-18T10:49:24.930+0000] {logging_mixin.py:188} INFO - [2026-09-18T10:49:24.929+0000] {dag.py:3954} INFO - Setting next_dagrun for data_extraction to None, run_after=None
[2026-09-18T10:49:24.954+0000] {processor.py:183} INFO - Processing /opt/airflow/dags/extraction_dag.py took 0.088 seconds
[2026-09-18T10:49:55.463+0000] {processor.py:161} INFO - Started process (PID=1442) to work on /opt/airflow/dags/extraction_dag.py
[2026-09-18T10:49:55.469+0000] {processor.py:830} INFO - Processing file /opt/airflow/dags/extraction_dag.py for tasks to queue
[2026-09-18T10:49:55.470+0000] {logging_mixin.py:188} INFO - [2026-09-18T10:49:55.470+0000] {dagbag.py:545} INFO - Filling up the DagBag from /opt/airflow/dags/extraction_dag.py
[2026-09-18T10:49:55.483+0000] {processor.py:840} INFO - DAG(s) 'data_extraction' retrieved from /opt/airflow/dags/extraction_dag.py
[2026-09-18T10:49:55.516+0000] {logging_mixin.py:188} INFO - [2026-09-18T10:49:55.516+0000] {dag.py:3096} INFO - Sync 1 DAGs
[2026-09-18T10:49:55.531+0000] {logging_mixin.py:188} INFO - [2026-09-18T10:49:55.530+0000] {dag.py:3954} INFO - Setting next_dagrun for data_extraction to None, run_after=None
[2026-09-18T10:49:55.559+0000] {processor.py:183} INFO - Processing /opt/airflow/dags/extraction_dag.py took 0.103 seconds
[2026-09-18T10:50:26.124+0000] {processor.py:161} INFO - Started process (PID=1456) to work on /opt/airflow/dags/extraction_dag.py
[2026-09-18T10:50:26.125+0000] {processor.py:830} INFO - Processing file /opt/airflow/dags/extraction_dag.py for tasks to queue
[2026-09-18T10:50:26.126+0000] {logging_mixin.py:188} INFO - [2026-09-18T10:50:26.126+0000] {dagbag.py:545} INFO - Filling up the DagBag from /opt/airflow/dags/extraction_dag.py
[2026-09-18T10:50:26.138+0000] {processor.py:840} INFO - DAG(s) 'data_extraction' retrieved from /opt/airflow/dags/extraction_dag.py
[2026-09-18T10:50:26.166+0000] {logging_mixin.py:188} INFO - [2026-09-18T10:50:26.165+0000] {dag.py:3096} INFO - Sync 1 DAGs
[2026-09-18T10:50:26.180+0000] {logging_mixin.py:188} INFO - [2026-09-18T10:50:26.179+0000] {dag.py:3954} INFO - Setting next_dagrun for data_extraction to None, run_after=None
[2026-09-18T10:50:26.208+0000] {processor.py:183} INFO - Processing /opt/airflow/dags/extraction_dag.py took 0.095 seconds
[2026-09-18T10:50:56.671+0000] {processor.py:161} INFO - Started process (PID=1464) to work on /opt/airflow/dags/extraction_dag.py
[2026-09-18T10:50:56.677+0000] {processor.py:830} INFO - Processing file /opt/airflow/dags/extraction_dag.py for tasks to queue
[2026-09-18T10:50:56.678+0000] {logging_mixin.py:188} INFO - [2026-09-18T10:50:56.677+0000] {dagbag.py:545} INFO - Filling up the DagBag from /opt/airflow/dags/extraction_dag.py
[2026-09-18T10:50:56.691+0000] {processor.py:840} INFO - DAG(s) 'data_extraction' retrieved from /opt/airflow/dags/extraction_dag.py
[2026-09-18T10:50:56.722+0000] {logging_mixin.py:188} INFO - [2026-09-18T10:50:56.722+0000] {dag.py:3096} INFO - Sync 1 DAGs
[2026-09-18T10:50:56.736+0000] {logging_mixin.py:188} INFO - [2026-09-18T10:50:56.735+0000] {dag.py:3954} INFO - Setting next_dagrun for data_extraction to None, run_after=None
[2026-09-18T10:50:56.757+0000] {processor.py:183} INFO - Processing /opt/airflow/dags/extraction_dag.py took 0.097 seconds
[2026-09-18T10:51:27.121+0000] {processor.py:161} INFO - Started process (PID=1472) to work on /opt/airflow/dags/extraction_dag.py
[2026-09-18T10:51:27.123+0000] {processor.py:830} INFO - Processing file /opt/airflow/dags/extraction_dag.py for tasks to queue
[2026-09-18T10:51:27.124+0000] {logging_mixin.py:188} INFO - [2026-09-18T10:51:27.124+0000] {dagbag.py:545} INFO - Filling up the DagBag from /opt/airflow/dags/extraction_dag.py
[2026-09-18T10:51:27.138+0000] {processor.py:840} INFO - DAG(s) 'data_extraction' retrieved from /opt/airflow/dags/extraction_dag.py
[2026-09-18T10:51:27.170+0000] {logging_mixin.py:188} INFO - [2026-09-18T10:51:27.170+0000] {dag.py:3096} INFO - Sync 1 DAGs
[2026-09-18T10:51:27.183+0000] {logging_mixin.py:188} INFO - [2026-09-18T10:51:27.183+0000] {dag.py:3954} INFO - Setting next_dagrun for data_extraction to None, run_after=None
[2026-09-18T10:51:28.030+0000] {processor.py:183} INFO - Processing /opt/airflow/dags/extraction_dag.py took 0.919 seconds
[2026-09-18T10:51:58.618+0000] {processor.py:161} INFO - Started process (PID=1480) to work on /opt/airflow/dags/extraction_dag.py
[2026-09-18T10:51:58.621+0000] {processor.py:830} INFO - Processing file /opt/airflow/dags/extraction_dag.py for tasks to queue
[2026-09-18T10:51:58.623+0000] {logging_mixin.py:188} INFO - [2026-09-18T10:51:58.622+0000] {dagbag.py:545} INFO - Filling up the DagBag from /opt/airflow/dags/extraction_dag.py
[2026-09-18T10:51:58.647+0000] {processor.py:840} INFO - DAG(s) 'data_extraction' retrieved from /opt/airflow/dags/extraction_dag.py
[2026-09-18T10:51:58.698+0000] {logging_mixin.py:188} INFO - [2026-09-18T10:51:58.697+0000] {dag.py:3096} INFO - Sync 1 DAGs
[2026-09-18T10:51:58.727+0000] {logging_mixin.py:188} INFO - [2026-09-18T10:51:58.727+0000] {dag.py:3954} INFO - Setting next_dagrun for data_extraction to None, run_after=None
[2026-09-18T10:51:58.771+0000] {processor.py:183} INFO - Processing /opt/airflow/dags/extraction_dag.py took 0.167 seconds
[2026-09-18T10:52:29.092+0000] {processor.py:161} INFO - Started process (PID=1488) to work on /opt/airflow/dags/extraction_dag.py
[2026-09-18T10:52:29.104+0000] {processor.py:830} INFO - Processing file /opt/airflow/dags/extraction_dag.py for tasks to queue
[2026-09-18T10:52:29.105+0000] {logging_mixin.py:188} INFO - [2026-09-18T10:52:29.105+0000] {dagbag.py:545} INFO - Filling up the DagBag from /opt/airflow/dags/extraction_dag.py
[2026-09-18T10:52:29.114+0000] {processor.py:840} INFO - DAG(s) 'data_extraction' retrieved from /opt/airflow/dags/extraction_dag.py
[2026-09-18T10:52:29.138+0000] {logging_mixin.py:188} INFO - [2026-09-18T10:52:29.138+0000] {dag.py:3096} INFO - Sync 1 DAGs
[2026-09-18T10:52:29.148+0000] {logging_mixin.py:188} INFO - [2026-09-18T10:52:29.148+0000] {dag.py:3954} INFO - Setting next_dagrun for data_extraction to None, run_after=None
[2026-09-18T10:52:29.198+0000] {processor.py:183} INFO - Processing /opt/airflow/dags/extraction_dag.py took 0.111 seconds
[2026-09-18T10:52:59.802+0000] {processor.py:161} INFO - Started process (PID=1496) to work on /opt/airflow/dags/extraction_dag.py
[2026-09-18T10:52:59.803+0000] {processor.py:830} INFO - Processing file /opt/airflow/dags/extraction_dag.py for tasks to queue
[2026-09-18T10:52:59.804+0000] {logging_mixin.py:188} INFO - [2026-09-18T10:52:59.803+0000] {dagbag.py:545} INFO - Filling up the DagBag from /opt/airflow/dags/extraction_dag.py
[2026-09-18T10:52:59.814+0000] {processor.py:840} INFO - DAG(s) 'data_extraction' retrieved from /opt/airflow/dags/extraction_dag.py
[2026-09-18T10:52:59.843+0000] {logging_mixin.py:188} INFO - [2026-09-18T10:52:59.843+0000] {dag.py:3096} INFO - Sync 1 DAGs
[2026-09-18T10:52:59.855+0000] {logging_mixin.py:188} INFO - [2026-09-18T10:52:59.855+0000] {dag.py:3954} INFO - Setting next_dagrun for data_extraction to None, run_after=None
[2026-09-18T10:53:00.070+0000] {processor.py:183} INFO - Processing /opt/airflow/dags/extraction_dag.py took 0.274 seconds
[2026-09-18T10:53:30.226+0000] {processor.py:161} INFO - Started process (PID=1504) to work on /opt/airflow/dags/extraction_dag.py
[2026-09-18T10:53:30.227+0000] {processor.py:830} INFO - Processing file /opt/airflow/dags/extraction_dag.py for tasks to queue
[2026-09-18T10:53:30.228+0000] {logging_mixin.py:188} INFO - [2026-09-18T10:53:30.228+0000] {dagbag.py:545} INFO - Filling up the DagBag from /opt/airflow/dags/extraction_dag.py
[2026-09-18T10:53:30.238+0000] {processor.py:840} INFO - DAG(s) 'data_extraction' retrieved from /opt/airflow/dags/extraction_dag.py
[2026-09-18T10:53:30.273+0000] {logging_mixin.py:188} INFO - [2026-09-18T10:53:30.273+0000] {dag.py:3096} INFO - Sync 1 DAGs
[2026-09-18T10:53:30.288+0000] {logging_mixin.py:188} INFO - [2026-09-18T10:53:30.288+0000] {dag.py:3954} INFO - Setting next_dagrun for data_extraction to None, run_after=None
[2026-09-18T10:53:30.314+0000] {processor.py:183} INFO - Processing /opt/airflow/dags/extraction_dag.py took 0.095 seconds
[2026-09-18T10:54:00.853+0000] {processor.py:161} INFO - Started process (PID=1512) to work on /opt/airflow/dags/extraction_dag.py
[2026-09-18T10:54:00.856+0000] {processor.py:830} INFO - Processing file /opt/airflow/dags/extraction_dag.py for tasks to queue
[2026-09-18T10:54:00.857+0000] {logging_mixin.py:188} INFO - [2026-09-18T10:54:00.857+0000] {dagbag.py:545} INFO - Filling up the DagBag from /opt/airflow/dags/extraction_dag.py
[2026-09-18T10:54:00.875+0000] {processor.py:840} INFO - DAG(s) 'data_extraction' retrieved from /opt/airflow/dags/extraction_dag.py
[2026-09-18T10:54:00.902+0000] {logging_mixin.py:188} INFO - [2026-09-18T10:54:00.902+0000] {dag.py:3096} INFO - Sync 1 DAGs
[2026-09-18T10:54:00.913+0000] {logging_mixin.py:188} INFO - [2026-09-18T10:54:00.913+0000] {dag.py:3954} INFO - Setting next_dagrun for data_extraction to None, run_after=None
[2026-09-18T10:54:00.933+0000] {processor.py:183} INFO - Processing /opt/airflow/dags/extraction_dag.py took 0.088 seconds
[2026-09-18T10:54:31.408+0000] {processor.py:161} INFO - Started process (PID=1520) to work on /opt/airflow/dags/extraction_dag.py
[2026-09-18T10:54:31.408+0000] {processor.py:830} INFO - Processing file /opt/airflow/dags/extraction_dag.py for tasks to queue
[2026-09-18T10:54:31.409+0000] {logging_mixin.py:188} INFO - [2026-09-18T10:54:31.409+0000] {dagbag.py:545} INFO - Filling up the DagBag from /opt/airflow/dags/extraction_dag.py
[2026-09-18T10:54:31.419+0000] {processor.py:840} INFO - DAG(s) 'data_extraction' retrieved from /opt/airflow/dags/extraction_dag.py
[2026-09-18T10:54:31.444+0000] {logging_mixin.py:188} INFO - [2026-09-18T10:54:31.444+0000] {dag.py:3096} INFO - Sync 1 DAGs
[2026-09-18T10:54:31.455+0000] {logging_mixin.py:188} INFO - [2026-09-18T10:54:31.454+0000] {dag.py:3954} INFO - Setting next_dagrun for data_extraction to None, run_after=None
[2026-09-18T10:54:31.660+0000] {processor.py:183} INFO - Processing /opt/airflow/dags/extraction_dag.py took 0.258 seconds
[2026-09-18T10:55:02.140+0000] {processor.py:161} INFO - Started process (PID=1528) to work on /opt/airflow/dags/extraction_dag.py
[2026-09-18T10:55:02.141+0000] {processor.py:830} INFO - Processing file /opt/airflow/dags/extraction_dag.py for tasks to queue
[2026-09-18T10:55:02.142+0000] {logging_mixin.py:188} INFO - [2026-09-18T10:55:02.142+0000] {dagbag.py:545} INFO - Filling up the DagBag from /opt/airflow/dags/extraction_dag.py
[2026-09-18T10:55:02.153+0000] {processor.py:840} INFO - DAG(s) 'data_extraction' retrieved from /opt/airflow/dags/extraction_dag.py
[2026-09-18T10:55:02.180+0000] {logging_mixin.py:188} INFO - [2026-09-18T10:55:02.180+0000] {dag.py:3096} INFO - Sync 1 DAGs
[2026-09-18T10:55:02.193+0000] {logging_mixin.py:188} INFO - [2026-09-18T10:55:02.193+0000] {dag.py:3954} INFO - Setting next_dagrun for data_extraction to None, run_after=None
[2026-09-18T10:55:02.216+0000] {processor.py:183} INFO - Processing /opt/airflow/dags/extraction_dag.py took 0.083 seconds
[2026-09-18T10:55:32.659+0000] {processor.py:161} INFO - Started process (PID=1536) to work on /opt/airflow/dags/extraction_dag.py
[2026-09-18T10:55:32.660+0000] {processor.py:830} INFO - Processing file /opt/airflow/dags/extraction_dag.py for tasks to queue
[2026-09-18T10:55:32.661+0000] {logging_mixin.py:188} INFO - [2026-09-18T10:55:32.660+0000] {dagbag.py:545} INFO - Filling up the DagBag from /opt/airflow/dags/extraction_dag.py
[2026-09-18T10:55:32.671+0000] {processor.py:840} INFO - DAG(s) 'data_extraction' retrieved from /opt/airflow/dags/extraction_dag.py
[2026-09-18T10:55:32.695+0000] {logging_mixin.py:188} INFO - [2026-09-18T10:55:32.695+0000] {dag.py:3096} INFO - Sync 1 DAGs
[2026-09-18T10:55:32.707+0000] {logging_mixin.py:188} INFO - [2026-09-18T10:55:32.706+0000] {dag.py:3954} INFO - Setting next_dagrun for data_extraction to None, run_after=None
[2026-09-18T10:55:32.734+0000] {processor.py:183} INFO - Processing /opt/airflow/dags/extraction_dag.py took 0.081 seconds
[2026-09-18T10:56:03.189+0000] {processor.py:161} INFO - Started process (PID=1544) to work on /opt/airflow/dags/extraction_dag.py
[2026-09-18T10:56:03.191+0000] {processor.py:830} INFO - Processing file /opt/airflow/dags/extraction_dag.py for tasks to queue
[2026-09-18T10:56:03.192+0000] {logging_mixin.py:188} INFO - [2026-09-18T10:56:03.192+0000] {dagbag.py:545} INFO - Filling up the DagBag from /opt/airflow/dags/extraction_dag.py
[2026-09-18T10:56:03.202+0000] {processor.py:840} INFO - DAG(s) 'data_extraction' retrieved from /opt/airflow/dags/extraction_dag.py
[2026-09-18T10:56:03.229+0000] {logging_mixin.py:188} INFO - [2026-09-18T10:56:03.228+0000] {dag.py:3096} INFO - Sync 1 DAGs
[2026-09-18T10:56:03.240+0000] {logging_mixin.py:188} INFO - [2026-09-18T10:56:03.239+0000] {dag.py:3954} INFO - Setting next_dagrun for data_extraction to None, run_after=None
[2026-09-18T10:56:03.401+0000] {processor.py:183} INFO - Processing /opt/airflow/dags/extraction_dag.py took 0.219 seconds
[2026-09-18T10:56:33.775+0000] {processor.py:161} INFO - Started process (PID=1558) to work on /opt/airflow/dags/extraction_dag.py
[2026-09-18T10:56:33.776+0000] {processor.py:830} INFO - Processing file /opt/airflow/dags/extraction_dag.py for tasks to queue
[2026-09-18T10:56:33.777+0000] {logging_mixin.py:188} INFO - [2026-09-18T10:56:33.777+0000] {dagbag.py:545} INFO - Filling up the DagBag from /opt/airflow/dags/extraction_dag.py
[2026-09-18T10:56:33.787+0000] {processor.py:840} INFO - DAG(s) 'data_extraction' retrieved from /opt/airflow/dags/extraction_dag.py
[2026-09-18T10:56:33.819+0000] {logging_mixin.py:188} INFO - [2026-09-18T10:56:33.819+0000] {dag.py:3096} INFO - Sync 1 DAGs
[2026-09-18T10:56:33.832+0000] {logging_mixin.py:188} INFO - [2026-09-18T10:56:33.832+0000] {dag.py:3954} INFO - Setting next_dagrun for data_extraction to None, run_after=None
[2026-09-18T10:56:33.853+0000] {processor.py:183} INFO - Processing /opt/airflow/dags/extraction_dag.py took 0.092 seconds
[2026-09-18T10:57:04.367+0000] {processor.py:161} INFO - Started process (PID=1566) to work on /opt/airflow/dags/extraction_dag.py
[2026-09-18T10:57:04.370+0000] {processor.py:830} INFO - Processing file /opt/airflow/dags/extraction_dag.py for tasks to queue
[2026-09-18T10:57:04.371+0000] {logging_mixin.py:188} INFO - [2026-09-18T10:57:04.371+0000] {dagbag.py:545} INFO - Filling up the DagBag from /opt/airflow/dags/extraction_dag.py
[2026-09-18T10:57:04.386+0000] {processor.py:840} INFO - DAG(s) 'data_extraction' retrieved from /opt/airflow/dags/extraction_dag.py
[2026-09-18T10:57:04.415+0000] {logging_mixin.py:188} INFO - [2026-09-18T10:57:04.415+0000] {dag.py:3096} INFO - Sync 1 DAGs
[2026-09-18T10:57:04.428+0000] {logging_mixin.py:188} INFO - [2026-09-18T10:57:04.427+0000] {dag.py:3954} INFO - Setting next_dagrun for data_extraction to None, run_after=None
[2026-09-18T10:57:04.447+0000] {processor.py:183} INFO - Processing /opt/airflow/dags/extraction_dag.py took 0.086 seconds
[2026-09-18T10:57:34.866+0000] {processor.py:161} INFO - Started process (PID=1574) to work on /opt/airflow/dags/extraction_dag.py
[2026-09-18T10:57:34.875+0000] {processor.py:830} INFO - Processing file /opt/airflow/dags/extraction_dag.py for tasks to queue
[2026-09-18T10:57:34.877+0000] {logging_mixin.py:188} INFO - [2026-09-18T10:57:34.876+0000] {dagbag.py:545} INFO - Filling up the DagBag from /opt/airflow/dags/extraction_dag.py
[2026-09-18T10:57:34.896+0000] {processor.py:840} INFO - DAG(s) 'data_extraction' retrieved from /opt/airflow/dags/extraction_dag.py
[2026-09-18T10:57:34.938+0000] {logging_mixin.py:188} INFO - [2026-09-18T10:57:34.938+0000] {dag.py:3096} INFO - Sync 1 DAGs
[2026-09-18T10:57:34.958+0000] {logging_mixin.py:188} INFO - [2026-09-18T10:57:34.957+0000] {dag.py:3954} INFO - Setting next_dagrun for data_extraction to None, run_after=None
[2026-09-18T10:57:35.168+0000] {processor.py:183} INFO - Processing /opt/airflow/dags/extraction_dag.py took 0.313 seconds
[2026-09-18T10:58:05.326+0000] {processor.py:161} INFO - Started process (PID=1582) to work on /opt/airflow/dags/extraction_dag.py
[2026-09-18T10:58:05.326+0000] {processor.py:830} INFO - Processing file /opt/airflow/dags/extraction_dag.py for tasks to queue
[2026-09-18T10:58:05.327+0000] {logging_mixin.py:188} INFO - [2026-09-18T10:58:05.327+0000] {dagbag.py:545} INFO - Filling up the DagBag from /opt/airflow/dags/extraction_dag.py
[2026-09-18T10:58:05.336+0000] {processor.py:840} INFO - DAG(s) 'data_extraction' retrieved from /opt/airflow/dags/extraction_dag.py
[2026-09-18T10:58:05.488+0000] {logging_mixin.py:188} INFO - [2026-09-18T10:58:05.487+0000] {dag.py:3096} INFO - Sync 1 DAGs
[2026-09-18T10:58:05.497+0000] {logging_mixin.py:188} INFO - [2026-09-18T10:58:05.497+0000] {dag.py:3954} INFO - Setting next_dagrun for data_extraction to None, run_after=None
[2026-09-18T10:58:05.518+0000] {processor.py:183} INFO - Processing /opt/airflow/dags/extraction_dag.py took 0.199 seconds
[2026-09-18T10:58:35.766+0000] {processor.py:161} INFO - Started process (PID=1590) to work on /opt/airflow/dags/extraction_dag.py
[2026-09-18T10:58:35.767+0000] {processor.py:830} INFO - Processing file /opt/airflow/dags/extraction_dag.py for tasks to queue
[2026-09-18T10:58:35.768+0000] {logging_mixin.py:188} INFO - [2026-09-18T10:58:35.768+0000] {dagbag.py:545} INFO - Filling up the DagBag from /opt/airflow/dags/extraction_dag.py
[2026-09-18T10:58:35.777+0000] {processor.py:840} INFO - DAG(s) 'data_extraction' retrieved from /opt/airflow/dags/extraction_dag.py
[2026-09-18T10:58:35.805+0000] {logging_mixin.py:188} INFO - [2026-09-18T10:58:35.805+0000] {dag.py:3096} INFO - Sync 1 DAGs
[2026-09-18T10:58:35.818+0000] {logging_mixin.py:188} INFO - [2026-09-18T10:58:35.817+0000] {dag.py:3954} INFO - Setting next_dagrun for data_extraction to None, run_after=None
[2026-09-18T10:58:35.839+0000] {processor.py:183} INFO - Processing /opt/airflow/dags/extraction_dag.py took 0.080 seconds
[2026-09-18T10:59:06.504+0000] {processor.py:161} INFO - Started process (PID=1598) to work on /opt/airflow/dags/extraction_dag.py
[2026-09-18T10:59:06.505+0000] {processor.py:830} INFO - Processing file /opt/airflow/dags/extraction_dag.py for tasks to queue
[2026-09-18T10:59:06.506+0000] {logging_mixin.py:188} INFO - [2026-09-18T10:59:06.506+0000] {dagbag.py:545} INFO - Filling up the DagBag from /opt/airflow/dags/extraction_dag.py
[2026-09-18T10:59:06.516+0000] {processor.py:840} INFO - DAG(s) 'data_extraction' retrieved from /opt/airflow/dags/extraction_dag.py
[2026-09-18T10:59:06.545+0000] {logging_mixin.py:188} INFO - [2026-09-18T10:59:06.544+0000] {dag.py:3096} INFO - Sync 1 DAGs
[2026-09-18T10:59:06.558+0000] {logging_mixin.py:188} INFO - [2026-09-18T10:59:06.558+0000] {dag.py:3954} INFO - Setting next_dagrun for data_extraction to None, run_after=None
[2026-09-18T10:59:06.712+0000] {processor.py:183} INFO - Processing /opt/airflow/dags/extraction_dag.py took 0.217 seconds
[2026-09-18T10:59:37.237+0000] {processor.py:161} INFO - Started process (PID=1606) to work on /opt/airflow/dags/extraction_dag.py
[2026-09-18T10:59:37.240+0000] {processor.py:830} INFO - Processing file /opt/airflow/dags/extraction_dag.py for tasks to queue
[2026-09-18T10:59:37.241+0000] {logging_mixin.py:188} INFO - [2026-09-18T10:59:37.241+0000] {dagbag.py:545} INFO - Filling up the DagBag from /opt/airflow/dags/extraction_dag.py
[2026-09-18T10:59:37.250+0000] {processor.py:840} INFO - DAG(s) 'data_extraction' retrieved from /opt/airflow/dags/extraction_dag.py
[2026-09-18T10:59:37.394+0000] {logging_mixin.py:188} INFO - [2026-09-18T10:59:37.394+0000] {dag.py:3096} INFO - Sync 1 DAGs
[2026-09-18T10:59:37.405+0000] {logging_mixin.py:188} INFO - [2026-09-18T10:59:37.405+0000] {dag.py:3954} INFO - Setting next_dagrun for data_extraction to None, run_after=None
[2026-09-18T10:59:37.426+0000] {processor.py:183} INFO - Processing /opt/airflow/dags/extraction_dag.py took 0.194 seconds
[2026-09-18T11:00:07.892+0000] {processor.py:161} INFO - Started process (PID=1614) to work on /opt/airflow/dags/extraction_dag.py
[2026-09-18T11:00:07.894+0000] {processor.py:830} INFO - Processing file /opt/airflow/dags/extraction_dag.py for tasks to queue
[2026-09-18T11:00:07.895+0000] {logging_mixin.py:188} INFO - [2026-09-18T11:00:07.895+0000] {dagbag.py:545} INFO - Filling up the DagBag from /opt/airflow/dags/extraction_dag.py
[2026-09-18T11:00:07.907+0000] {processor.py:840} INFO - DAG(s) 'data_extraction' retrieved from /opt/airflow/dags/extraction_dag.py
[2026-09-18T11:00:07.936+0000] {logging_mixin.py:188} INFO - [2026-09-18T11:00:07.935+0000] {dag.py:3096} INFO - Sync 1 DAGs
[2026-09-18T11:00:07.947+0000] {logging_mixin.py:188} INFO - [2026-09-18T11:00:07.947+0000] {dag.py:3954} INFO - Setting next_dagrun for data_extraction to None, run_after=None
[2026-09-18T11:00:07.969+0000] {processor.py:183} INFO - Processing /opt/airflow/dags/extraction_dag.py took 0.085 seconds
[2026-09-18T11:00:38.416+0000] {processor.py:161} INFO - Started process (PID=1622) to work on /opt/airflow/dags/extraction_dag.py
[2026-09-18T11:00:38.419+0000] {processor.py:830} INFO - Processing file /opt/airflow/dags/extraction_dag.py for tasks to queue
[2026-09-18T11:00:38.420+0000] {logging_mixin.py:188} INFO - [2026-09-18T11:00:38.420+0000] {dagbag.py:545} INFO - Filling up the DagBag from /opt/airflow/dags/extraction_dag.py
[2026-09-18T11:00:38.432+0000] {processor.py:840} INFO - DAG(s) 'data_extraction' retrieved from /opt/airflow/dags/extraction_dag.py
[2026-09-18T11:00:38.460+0000] {logging_mixin.py:188} INFO - [2026-09-18T11:00:38.459+0000] {dag.py:3096} INFO - Sync 1 DAGs
[2026-09-18T11:00:38.472+0000] {logging_mixin.py:188} INFO - [2026-09-18T11:00:38.472+0000] {dag.py:3954} INFO - Setting next_dagrun for data_extraction to None, run_after=None
[2026-09-18T11:00:38.494+0000] {processor.py:183} INFO - Processing /opt/airflow/dags/extraction_dag.py took 0.086 seconds
[2026-09-18T11:01:08.949+0000] {processor.py:161} INFO - Started process (PID=1630) to work on /opt/airflow/dags/extraction_dag.py
[2026-09-18T11:01:08.950+0000] {processor.py:830} INFO - Processing file /opt/airflow/dags/extraction_dag.py for tasks to queue
[2026-09-18T11:01:08.950+0000] {logging_mixin.py:188} INFO - [2026-09-18T11:01:08.950+0000] {dagbag.py:545} INFO - Filling up the DagBag from /opt/airflow/dags/extraction_dag.py
[2026-09-18T11:01:08.960+0000] {processor.py:840} INFO - DAG(s) 'data_extraction' retrieved from /opt/airflow/dags/extraction_dag.py
[2026-09-18T11:01:08.989+0000] {logging_mixin.py:188} INFO - [2026-09-18T11:01:08.989+0000] {dag.py:3096} INFO - Sync 1 DAGs
[2026-09-18T11:01:09.002+0000] {logging_mixin.py:188} INFO - [2026-09-18T11:01:09.002+0000] {dag.py:3954} INFO - Setting next_dagrun for data_extraction to None, run_after=None
[2026-09-18T11:01:09.025+0000] {processor.py:183} INFO - Processing /opt/airflow/dags/extraction_dag.py took 0.083 seconds
[2026-09-18T11:01:39.409+0000] {processor.py:161} INFO - Started process (PID=1638) to work on /opt/airflow/dags/extraction_dag.py
[2026-09-18T11:01:39.412+0000] {processor.py:830} INFO - Processing file /opt/airflow/dags/extraction_dag.py for tasks to queue
[2026-09-18T11:01:39.413+0000] {logging_mixin.py:188} INFO - [2026-09-18T11:01:39.413+0000] {dagbag.py:545} INFO - Filling up the DagBag from /opt/airflow/dags/extraction_dag.py
[2026-09-18T11:01:39.425+0000] {processor.py:840} INFO - DAG(s) 'data_extraction' retrieved from /opt/airflow/dags/extraction_dag.py
[2026-09-18T11:01:39.451+0000] {logging_mixin.py:188} INFO - [2026-09-18T11:01:39.451+0000] {dag.py:3096} INFO - Sync 1 DAGs
[2026-09-18T11:01:39.462+0000] {logging_mixin.py:188} INFO - [2026-09-18T11:01:39.462+0000] {dag.py:3954} INFO - Setting next_dagrun for data_extraction to None, run_after=None
[2026-09-18T11:01:39.484+0000] {processor.py:183} INFO - Processing /opt/airflow/dags/extraction_dag.py took 0.082 seconds
[2026-09-18T11:02:09.935+0000] {processor.py:161} INFO - Started process (PID=1646) to work on /opt/airflow/dags/extraction_dag.py
[2026-09-18T11:02:09.936+0000] {processor.py:830} INFO - Processing file /opt/airflow/dags/extraction_dag.py for tasks to queue
[2026-09-18T11:02:09.937+0000] {logging_mixin.py:188} INFO - [2026-09-18T11:02:09.937+0000] {dagbag.py:545} INFO - Filling up the DagBag from /opt/airflow/dags/extraction_dag.py
[2026-09-18T11:02:09.949+0000] {processor.py:840} INFO - DAG(s) 'data_extraction' retrieved from /opt/airflow/dags/extraction_dag.py
[2026-09-18T11:02:09.979+0000] {logging_mixin.py:188} INFO - [2026-09-18T11:02:09.978+0000] {dag.py:3096} INFO - Sync 1 DAGs
[2026-09-18T11:02:09.991+0000] {logging_mixin.py:188} INFO - [2026-09-18T11:02:09.990+0000] {dag.py:3954} INFO - Setting next_dagrun for data_extraction to None, run_after=None
[2026-09-18T11:02:10.015+0000] {processor.py:183} INFO - Processing /opt/airflow/dags/extraction_dag.py took 0.087 seconds
[2026-09-18T11:02:40.449+0000] {processor.py:161} INFO - Started process (PID=1660) to work on /opt/airflow/dags/extraction_dag.py
[2026-09-18T11:02:40.451+0000] {processor.py:830} INFO - Processing file /opt/airflow/dags/extraction_dag.py for tasks to queue
[2026-09-18T11:02:40.452+0000] {logging_mixin.py:188} INFO - [2026-09-18T11:02:40.451+0000] {dagbag.py:545} INFO - Filling up the DagBag from /opt/airflow/dags/extraction_dag.py
[2026-09-18T11:02:40.462+0000] {processor.py:840} INFO - DAG(s) 'data_extraction' retrieved from /opt/airflow/dags/extraction_dag.py
[2026-09-18T11:02:40.488+0000] {logging_mixin.py:188} INFO - [2026-09-18T11:02:40.488+0000] {dag.py:3096} INFO - Sync 1 DAGs
[2026-09-18T11:02:40.499+0000] {logging_mixin.py:188} INFO - [2026-09-18T11:02:40.499+0000] {dag.py:3954} INFO - Setting next_dagrun for data_extraction to None, run_after=None
[2026-09-18T11:02:40.520+0000] {processor.py:183} INFO - Processing /opt/airflow/dags/extraction_dag.py took 0.080 seconds
[2026-09-18T11:03:11.032+0000] {processor.py:161} INFO - Started process (PID=1668) to work on /opt/airflow/dags/extraction_dag.py
[2026-09-18T11:03:11.033+0000] {processor.py:830} INFO - Processing file /opt/airflow/dags/extraction_dag.py for tasks to queue
[2026-09-18T11:03:11.034+0000] {logging_mixin.py:188} INFO - [2026-09-18T11:03:11.033+0000] {dagbag.py:545} INFO - Filling up the DagBag from /opt/airflow/dags/extraction_dag.py
[2026-09-18T11:03:11.043+0000] {processor.py:840} INFO - DAG(s) 'data_extraction' retrieved from /opt/airflow/dags/extraction_dag.py
[2026-09-18T11:03:11.068+0000] {logging_mixin.py:188} INFO - [2026-09-18T11:03:11.068+0000] {dag.py:3096} INFO - Sync 1 DAGs
[2026-09-18T11:03:11.079+0000] {logging_mixin.py:188} INFO - [2026-09-18T11:03:11.079+0000] {dag.py:3954} INFO - Setting next_dagrun for data_extraction to None, run_after=None
[2026-09-18T11:03:11.101+0000] {processor.py:183} INFO - Processing /opt/airflow/dags/extraction_dag.py took 0.075 seconds
[2026-09-18T11:03:41.582+0000] {processor.py:161} INFO - Started process (PID=1676) to work on /opt/airflow/dags/extraction_dag.py
[2026-09-18T11:03:41.588+0000] {processor.py:830} INFO - Processing file /opt/airflow/dags/extraction_dag.py for tasks to queue
[2026-09-18T11:03:41.589+0000] {logging_mixin.py:188} INFO - [2026-09-18T11:03:41.588+0000] {dagbag.py:545} INFO - Filling up the DagBag from /opt/airflow/dags/extraction_dag.py
[2026-09-18T11:03:41.600+0000] {processor.py:840} INFO - DAG(s) 'data_extraction' retrieved from /opt/airflow/dags/extraction_dag.py
[2026-09-18T11:03:41.629+0000] {logging_mixin.py:188} INFO - [2026-09-18T11:03:41.628+0000] {dag.py:3096} INFO - Sync 1 DAGs
[2026-09-18T11:03:41.641+0000] {logging_mixin.py:188} INFO - [2026-09-18T11:03:41.640+0000] {dag.py:3954} INFO - Setting next_dagrun for data_extraction to None, run_after=None
[2026-09-18T11:03:41.665+0000] {processor.py:183} INFO - Processing /opt/airflow/dags/extraction_dag.py took 0.090 seconds
[2026-09-18T11:04:12.154+0000] {processor.py:161} INFO - Started process (PID=1684) to work on /opt/airflow/dags/extraction_dag.py
[2026-09-18T11:04:12.155+0000] {processor.py:830} INFO - Processing file /opt/airflow/dags/extraction_dag.py for tasks to queue
[2026-09-18T11:04:12.156+0000] {logging_mixin.py:188} INFO - [2026-09-18T11:04:12.155+0000] {dagbag.py:545} INFO - Filling up the DagBag from /opt/airflow/dags/extraction_dag.py
[2026-09-18T11:04:12.167+0000] {processor.py:840} INFO - DAG(s) 'data_extraction' retrieved from /opt/airflow/dags/extraction_dag.py
[2026-09-18T11:04:12.198+0000] {logging_mixin.py:188} INFO - [2026-09-18T11:04:12.198+0000] {dag.py:3096} INFO - Sync 1 DAGs
[2026-09-18T11:04:12.212+0000] {logging_mixin.py:188} INFO - [2026-09-18T11:04:12.211+0000] {dag.py:3954} INFO - Setting next_dagrun for data_extraction to None, run_after=None
[2026-09-18T11:04:12.235+0000] {processor.py:183} INFO - Processing /opt/airflow/dags/extraction_dag.py took 0.088 seconds
[2026-09-18T11:04:42.831+0000] {processor.py:161} INFO - Started process (PID=1692) to work on /opt/airflow/dags/extraction_dag.py
[2026-09-18T11:04:42.833+0000] {processor.py:830} INFO - Processing file /opt/airflow/dags/extraction_dag.py for tasks to queue
[2026-09-18T11:04:42.834+0000] {logging_mixin.py:188} INFO - [2026-09-18T11:04:42.834+0000] {dagbag.py:545} INFO - Filling up the DagBag from /opt/airflow/dags/extraction_dag.py
[2026-09-18T11:04:42.843+0000] {processor.py:840} INFO - DAG(s) 'data_extraction' retrieved from /opt/airflow/dags/extraction_dag.py
[2026-09-18T11:04:42.869+0000] {logging_mixin.py:188} INFO - [2026-09-18T11:04:42.869+0000] {dag.py:3096} INFO - Sync 1 DAGs
[2026-09-18T11:04:42.882+0000] {logging_mixin.py:188} INFO - [2026-09-18T11:04:42.881+0000] {dag.py:3954} INFO - Setting next_dagrun for data_extraction to None, run_after=None
[2026-09-18T11:04:42.906+0000] {processor.py:183} INFO - Processing /opt/airflow/dags/extraction_dag.py took 0.082 seconds
[2026-09-18T11:05:13.416+0000] {processor.py:161} INFO - Started process (PID=1700) to work on /opt/airflow/dags/extraction_dag.py
[2026-09-18T11:05:13.418+0000] {processor.py:830} INFO - Processing file /opt/airflow/dags/extraction_dag.py for tasks to queue
[2026-09-18T11:05:13.419+0000] {logging_mixin.py:188} INFO - [2026-09-18T11:05:13.419+0000] {dagbag.py:545} INFO - Filling up the DagBag from /opt/airflow/dags/extraction_dag.py
[2026-09-18T11:05:13.429+0000] {processor.py:840} INFO - DAG(s) 'data_extraction' retrieved from /opt/airflow/dags/extraction_dag.py
[2026-09-18T11:05:13.460+0000] {logging_mixin.py:188} INFO - [2026-09-18T11:05:13.459+0000] {dag.py:3096} INFO - Sync 1 DAGs
[2026-09-18T11:05:13.472+0000] {logging_mixin.py:188} INFO - [2026-09-18T11:05:13.472+0000] {dag.py:3954} INFO - Setting next_dagrun for data_extraction to None, run_after=None
[2026-09-18T11:05:13.495+0000] {processor.py:183} INFO - Processing /opt/airflow/dags/extraction_dag.py took 0.085 seconds
[2026-09-18T11:05:43.913+0000] {processor.py:161} INFO - Started process (PID=1708) to work on /opt/airflow/dags/extraction_dag.py
[2026-09-18T11:05:43.914+0000] {processor.py:830} INFO - Processing file /opt/airflow/dags/extraction_dag.py for tasks to queue
[2026-09-18T11:05:43.914+0000] {logging_mixin.py:188} INFO - [2026-09-18T11:05:43.914+0000] {dagbag.py:545} INFO - Filling up the DagBag from /opt/airflow/dags/extraction_dag.py
[2026-09-18T11:05:43.925+0000] {processor.py:840} INFO - DAG(s) 'data_extraction' retrieved from /opt/airflow/dags/extraction_dag.py
[2026-09-18T11:05:43.955+0000] {logging_mixin.py:188} INFO - [2026-09-18T11:05:43.954+0000] {dag.py:3096} INFO - Sync 1 DAGs
[2026-09-18T11:05:43.967+0000] {logging_mixin.py:188} INFO - [2026-09-18T11:05:43.967+0000] {dag.py:3954} INFO - Setting next_dagrun for data_extraction to None, run_after=None
[2026-09-18T11:05:43.990+0000] {processor.py:183} INFO - Processing /opt/airflow/dags/extraction_dag.py took 0.085 seconds
[2026-09-18T11:06:14.451+0000] {processor.py:161} INFO - Started process (PID=1716) to work on /opt/airflow/dags/extraction_dag.py
[2026-09-18T11:06:14.452+0000] {processor.py:830} INFO - Processing file /opt/airflow/dags/extraction_dag.py for tasks to queue
[2026-09-18T11:06:14.453+0000] {logging_mixin.py:188} INFO - [2026-09-18T11:06:14.453+0000] {dagbag.py:545} INFO - Filling up the DagBag from /opt/airflow/dags/extraction_dag.py
[2026-09-18T11:06:14.464+0000] {processor.py:840} INFO - DAG(s) 'data_extraction' retrieved from /opt/airflow/dags/extraction_dag.py
[2026-09-18T11:06:14.491+0000] {logging_mixin.py:188} INFO - [2026-09-18T11:06:14.491+0000] {dag.py:3096} INFO - Sync 1 DAGs
[2026-09-18T11:06:14.504+0000] {logging_mixin.py:188} INFO - [2026-09-18T11:06:14.504+0000] {dag.py:3954} INFO - Setting next_dagrun for data_extraction to None, run_after=None
[2026-09-18T11:06:14.528+0000] {processor.py:183} INFO - Processing /opt/airflow/dags/extraction_dag.py took 0.085 seconds
[2026-09-18T11:06:44.992+0000] {processor.py:161} INFO - Started process (PID=1724) to work on /opt/airflow/dags/extraction_dag.py
[2026-09-18T11:06:44.993+0000] {processor.py:830} INFO - Processing file /opt/airflow/dags/extraction_dag.py for tasks to queue
[2026-09-18T11:06:44.994+0000] {logging_mixin.py:188} INFO - [2026-09-18T11:06:44.994+0000] {dagbag.py:545} INFO - Filling up the DagBag from /opt/airflow/dags/extraction_dag.py
[2026-09-18T11:06:45.004+0000] {processor.py:840} INFO - DAG(s) 'data_extraction' retrieved from /opt/airflow/dags/extraction_dag.py
[2026-09-18T11:06:45.032+0000] {logging_mixin.py:188} INFO - [2026-09-18T11:06:45.032+0000] {dag.py:3096} INFO - Sync 1 DAGs
[2026-09-18T11:06:45.045+0000] {logging_mixin.py:188} INFO - [2026-09-18T11:06:45.045+0000] {dag.py:3954} INFO - Setting next_dagrun for data_extraction to None, run_after=None
[2026-09-18T11:06:45.070+0000] {processor.py:183} INFO - Processing /opt/airflow/dags/extraction_dag.py took 0.088 seconds
[2026-09-18T11:07:15.448+0000] {processor.py:161} INFO - Started process (PID=1733) to work on /opt/airflow/dags/extraction_dag.py
[2026-09-18T11:07:15.450+0000] {processor.py:830} INFO - Processing file /opt/airflow/dags/extraction_dag.py for tasks to queue
[2026-09-18T11:07:15.452+0000] {logging_mixin.py:188} INFO - [2026-09-18T11:07:15.451+0000] {dagbag.py:545} INFO - Filling up the DagBag from /opt/airflow/dags/extraction_dag.py
[2026-09-18T11:07:15.464+0000] {processor.py:840} INFO - DAG(s) 'data_extraction' retrieved from /opt/airflow/dags/extraction_dag.py
[2026-09-18T11:07:15.497+0000] {logging_mixin.py:188} INFO - [2026-09-18T11:07:15.496+0000] {dag.py:3096} INFO - Sync 1 DAGs
[2026-09-18T11:07:15.510+0000] {logging_mixin.py:188} INFO - [2026-09-18T11:07:15.510+0000] {dag.py:3954} INFO - Setting next_dagrun for data_extraction to None, run_after=None
[2026-09-18T11:07:15.533+0000] {processor.py:183} INFO - Processing /opt/airflow/dags/extraction_dag.py took 0.100 seconds
[2026-09-18T11:07:45.928+0000] {processor.py:161} INFO - Started process (PID=1741) to work on /opt/airflow/dags/extraction_dag.py
[2026-09-18T11:07:45.929+0000] {processor.py:830} INFO - Processing file /opt/airflow/dags/extraction_dag.py for tasks to queue
[2026-09-18T11:07:45.930+0000] {logging_mixin.py:188} INFO - [2026-09-18T11:07:45.930+0000] {dagbag.py:545} INFO - Filling up the DagBag from /opt/airflow/dags/extraction_dag.py
[2026-09-18T11:07:45.941+0000] {processor.py:840} INFO - DAG(s) 'data_extraction' retrieved from /opt/airflow/dags/extraction_dag.py
[2026-09-18T11:07:45.966+0000] {logging_mixin.py:188} INFO - [2026-09-18T11:07:45.965+0000] {dag.py:3096} INFO - Sync 1 DAGs
[2026-09-18T11:07:45.976+0000] {logging_mixin.py:188} INFO - [2026-09-18T11:07:45.976+0000] {dag.py:3954} INFO - Setting next_dagrun for data_extraction to None, run_after=None
[2026-09-18T11:07:46.023+0000] {processor.py:183} INFO - Processing /opt/airflow/dags/extraction_dag.py took 0.102 seconds
[2026-09-18T11:08:16.514+0000] {processor.py:161} INFO - Started process (PID=1749) to work on /opt/airflow/dags/extraction_dag.py
[2026-09-18T11:08:16.516+0000] {processor.py:830} INFO - Processing file /opt/airflow/dags/extraction_dag.py for tasks to queue
[2026-09-18T11:08:16.517+0000] {logging_mixin.py:188} INFO - [2026-09-18T11:08:16.516+0000] {dagbag.py:545} INFO - Filling up the DagBag from /opt/airflow/dags/extraction_dag.py
[2026-09-18T11:08:16.527+0000] {processor.py:840} INFO - DAG(s) 'data_extraction' retrieved from /opt/airflow/dags/extraction_dag.py
[2026-09-18T11:08:16.554+0000] {logging_mixin.py:188} INFO - [2026-09-18T11:08:16.553+0000] {dag.py:3096} INFO - Sync 1 DAGs
[2026-09-18T11:08:16.566+0000] {logging_mixin.py:188} INFO - [2026-09-18T11:08:16.566+0000] {dag.py:3954} INFO - Setting next_dagrun for data_extraction to None, run_after=None
[2026-09-18T11:08:16.589+0000] {processor.py:183} INFO - Processing /opt/airflow/dags/extraction_dag.py took 0.082 seconds
[2026-09-18T11:08:47.027+0000] {processor.py:161} INFO - Started process (PID=1763) to work on /opt/airflow/dags/extraction_dag.py
[2026-09-18T11:08:47.029+0000] {processor.py:830} INFO - Processing file /opt/airflow/dags/extraction_dag.py for tasks to queue
[2026-09-18T11:08:47.030+0000] {logging_mixin.py:188} INFO - [2026-09-18T11:08:47.030+0000] {dagbag.py:545} INFO - Filling up the DagBag from /opt/airflow/dags/extraction_dag.py
[2026-09-18T11:08:47.040+0000] {processor.py:840} INFO - DAG(s) 'data_extraction' retrieved from /opt/airflow/dags/extraction_dag.py
[2026-09-18T11:08:47.065+0000] {logging_mixin.py:188} INFO - [2026-09-18T11:08:47.065+0000] {dag.py:3096} INFO - Sync 1 DAGs
[2026-09-18T11:08:47.076+0000] {logging_mixin.py:188} INFO - [2026-09-18T11:08:47.076+0000] {dag.py:3954} INFO - Setting next_dagrun for data_extraction to None, run_after=None
[2026-09-18T11:08:47.161+0000] {processor.py:183} INFO - Processing /opt/airflow/dags/extraction_dag.py took 0.140 seconds
[2026-09-18T11:09:17.593+0000] {processor.py:161} INFO - Started process (PID=1771) to work on /opt/airflow/dags/extraction_dag.py
[2026-09-18T11:09:17.594+0000] {processor.py:830} INFO - Processing file /opt/airflow/dags/extraction_dag.py for tasks to queue
[2026-09-18T11:09:17.594+0000] {logging_mixin.py:188} INFO - [2026-09-18T11:09:17.594+0000] {dagbag.py:545} INFO - Filling up the DagBag from /opt/airflow/dags/extraction_dag.py
[2026-09-18T11:09:17.604+0000] {processor.py:840} INFO - DAG(s) 'data_extraction' retrieved from /opt/airflow/dags/extraction_dag.py
[2026-09-18T11:09:17.630+0000] {logging_mixin.py:188} INFO - [2026-09-18T11:09:17.630+0000] {dag.py:3096} INFO - Sync 1 DAGs
[2026-09-18T11:09:17.641+0000] {logging_mixin.py:188} INFO - [2026-09-18T11:09:17.641+0000] {dag.py:3954} INFO - Setting next_dagrun for data_extraction to None, run_after=None
[2026-09-18T11:09:17.665+0000] {processor.py:183} INFO - Processing /opt/airflow/dags/extraction_dag.py took 0.079 seconds
[2026-09-18T11:09:48.103+0000] {processor.py:161} INFO - Started process (PID=1779) to work on /opt/airflow/dags/extraction_dag.py
[2026-09-18T11:09:48.108+0000] {processor.py:830} INFO - Processing file /opt/airflow/dags/extraction_dag.py for tasks to queue
[2026-09-18T11:09:48.109+0000] {logging_mixin.py:188} INFO - [2026-09-18T11:09:48.109+0000] {dagbag.py:545} INFO - Filling up the DagBag from /opt/airflow/dags/extraction_dag.py
[2026-09-18T11:09:48.118+0000] {processor.py:840} INFO - DAG(s) 'data_extraction' retrieved from /opt/airflow/dags/extraction_dag.py
[2026-09-18T11:09:48.143+0000] {logging_mixin.py:188} INFO - [2026-09-18T11:09:48.143+0000] {dag.py:3096} INFO - Sync 1 DAGs
[2026-09-18T11:09:48.155+0000] {logging_mixin.py:188} INFO - [2026-09-18T11:09:48.155+0000] {dag.py:3954} INFO - Setting next_dagrun for data_extraction to None, run_after=None
[2026-09-18T11:09:48.178+0000] {processor.py:183} INFO - Processing /opt/airflow/dags/extraction_dag.py took 0.082 seconds
[2026-09-18T11:10:18.664+0000] {processor.py:161} INFO - Started process (PID=1787) to work on /opt/airflow/dags/extraction_dag.py
[2026-09-18T11:10:18.665+0000] {processor.py:830} INFO - Processing file /opt/airflow/dags/extraction_dag.py for tasks to queue
[2026-09-18T11:10:18.666+0000] {logging_mixin.py:188} INFO - [2026-09-18T11:10:18.666+0000] {dagbag.py:545} INFO - Filling up the DagBag from /opt/airflow/dags/extraction_dag.py
[2026-09-18T11:10:18.676+0000] {processor.py:840} INFO - DAG(s) 'data_extraction' retrieved from /opt/airflow/dags/extraction_dag.py
[2026-09-18T11:10:18.700+0000] {logging_mixin.py:188} INFO - [2026-09-18T11:10:18.700+0000] {dag.py:3096} INFO - Sync 1 DAGs
[2026-09-18T11:10:18.712+0000] {logging_mixin.py:188} INFO - [2026-09-18T11:10:18.711+0000] {dag.py:3954} INFO - Setting next_dagrun for data_extraction to None, run_after=None
[2026-09-18T11:10:18.733+0000] {processor.py:183} INFO - Processing /opt/airflow/dags/extraction_dag.py took 0.074 seconds
[2026-09-18T11:10:49.342+0000] {processor.py:161} INFO - Started process (PID=1795) to work on /opt/airflow/dags/extraction_dag.py
[2026-09-18T11:10:49.348+0000] {processor.py:830} INFO - Processing file /opt/airflow/dags/extraction_dag.py for tasks to queue
[2026-09-18T11:10:49.349+0000] {logging_mixin.py:188} INFO - [2026-09-18T11:10:49.348+0000] {dagbag.py:545} INFO - Filling up the DagBag from /opt/airflow/dags/extraction_dag.py
[2026-09-18T11:10:49.358+0000] {processor.py:840} INFO - DAG(s) 'data_extraction' retrieved from /opt/airflow/dags/extraction_dag.py
[2026-09-18T11:10:49.382+0000] {logging_mixin.py:188} INFO - [2026-09-18T11:10:49.382+0000] {dag.py:3096} INFO - Sync 1 DAGs
[2026-09-18T11:10:49.393+0000] {logging_mixin.py:188} INFO - [2026-09-18T11:10:49.393+0000] {dag.py:3954} INFO - Setting next_dagrun for data_extraction to None, run_after=None
[2026-09-18T11:10:49.416+0000] {processor.py:183} INFO - Processing /opt/airflow/dags/extraction_dag.py took 0.086 seconds
[2026-09-18T11:11:19.859+0000] {processor.py:161} INFO - Started process (PID=1803) to work on /opt/airflow/dags/extraction_dag.py
[2026-09-18T11:11:19.861+0000] {processor.py:830} INFO - Processing file /opt/airflow/dags/extraction_dag.py for tasks to queue
[2026-09-18T11:11:19.862+0000] {logging_mixin.py:188} INFO - [2026-09-18T11:11:19.862+0000] {dagbag.py:545} INFO - Filling up the DagBag from /opt/airflow/dags/extraction_dag.py
[2026-09-18T11:11:19.871+0000] {processor.py:840} INFO - DAG(s) 'data_extraction' retrieved from /opt/airflow/dags/extraction_dag.py
[2026-09-18T11:11:19.897+0000] {logging_mixin.py:188} INFO - [2026-09-18T11:11:19.897+0000] {dag.py:3096} INFO - Sync 1 DAGs
[2026-09-18T11:11:19.909+0000] {logging_mixin.py:188} INFO - [2026-09-18T11:11:19.909+0000] {dag.py:3954} INFO - Setting next_dagrun for data_extraction to None, run_after=None
[2026-09-18T11:11:19.931+0000] {processor.py:183} INFO - Processing /opt/airflow/dags/extraction_dag.py took 0.078 seconds
[2026-09-18T11:11:50.458+0000] {processor.py:161} INFO - Started process (PID=1811) to work on /opt/airflow/dags/extraction_dag.py
[2026-09-18T11:11:50.464+0000] {processor.py:830} INFO - Processing file /opt/airflow/dags/extraction_dag.py for tasks to queue
[2026-09-18T11:11:50.465+0000] {logging_mixin.py:188} INFO - [2026-09-18T11:11:50.465+0000] {dagbag.py:545} INFO - Filling up the DagBag from /opt/airflow/dags/extraction_dag.py
[2026-09-18T11:11:50.474+0000] {processor.py:840} INFO - DAG(s) 'data_extraction' retrieved from /opt/airflow/dags/extraction_dag.py
[2026-09-18T11:11:50.498+0000] {logging_mixin.py:188} INFO - [2026-09-18T11:11:50.497+0000] {dag.py:3096} INFO - Sync 1 DAGs
[2026-09-18T11:11:50.508+0000] {logging_mixin.py:188} INFO - [2026-09-18T11:11:50.508+0000] {dag.py:3954} INFO - Setting next_dagrun for data_extraction to None, run_after=None
[2026-09-18T11:11:50.526+0000] {processor.py:183} INFO - Processing /opt/airflow/dags/extraction_dag.py took 0.075 seconds
[2026-09-18T11:12:20.987+0000] {processor.py:161} INFO - Started process (PID=1819) to work on /opt/airflow/dags/extraction_dag.py
[2026-09-18T11:12:20.988+0000] {processor.py:830} INFO - Processing file /opt/airflow/dags/extraction_dag.py for tasks to queue
[2026-09-18T11:12:20.989+0000] {logging_mixin.py:188} INFO - [2026-09-18T11:12:20.988+0000] {dagbag.py:545} INFO - Filling up the DagBag from /opt/airflow/dags/extraction_dag.py
[2026-09-18T11:12:20.998+0000] {processor.py:840} INFO - DAG(s) 'data_extraction' retrieved from /opt/airflow/dags/extraction_dag.py
[2026-09-18T11:12:21.021+0000] {logging_mixin.py:188} INFO - [2026-09-18T11:12:21.020+0000] {dag.py:3096} INFO - Sync 1 DAGs
[2026-09-18T11:12:21.031+0000] {logging_mixin.py:188} INFO - [2026-09-18T11:12:21.030+0000] {dag.py:3954} INFO - Setting next_dagrun for data_extraction to None, run_after=None
[2026-09-18T11:12:21.048+0000] {processor.py:183} INFO - Processing /opt/airflow/dags/extraction_dag.py took 0.068 seconds
[2026-09-18T11:12:51.513+0000] {processor.py:161} INFO - Started process (PID=1827) to work on /opt/airflow/dags/extraction_dag.py
[2026-09-18T11:12:51.518+0000] {processor.py:830} INFO - Processing file /opt/airflow/dags/extraction_dag.py for tasks to queue
[2026-09-18T11:12:51.519+0000] {logging_mixin.py:188} INFO - [2026-09-18T11:12:51.519+0000] {dagbag.py:545} INFO - Filling up the DagBag from /opt/airflow/dags/extraction_dag.py
[2026-09-18T11:12:51.529+0000] {processor.py:840} INFO - DAG(s) 'data_extraction' retrieved from /opt/airflow/dags/extraction_dag.py
[2026-09-18T11:12:51.553+0000] {logging_mixin.py:188} INFO - [2026-09-18T11:12:51.553+0000] {dag.py:3096} INFO - Sync 1 DAGs
[2026-09-18T11:12:51.564+0000] {logging_mixin.py:188} INFO - [2026-09-18T11:12:51.564+0000] {dag.py:3954} INFO - Setting next_dagrun for data_extraction to None, run_after=None
[2026-09-18T11:12:51.583+0000] {processor.py:183} INFO - Processing /opt/airflow/dags/extraction_dag.py took 0.077 seconds
[2026-09-18T11:13:22.041+0000] {processor.py:161} INFO - Started process (PID=1835) to work on /opt/airflow/dags/extraction_dag.py
[2026-09-18T11:13:22.041+0000] {processor.py:830} INFO - Processing file /opt/airflow/dags/extraction_dag.py for tasks to queue
[2026-09-18T11:13:22.042+0000] {logging_mixin.py:188} INFO - [2026-09-18T11:13:22.042+0000] {dagbag.py:545} INFO - Filling up the DagBag from /opt/airflow/dags/extraction_dag.py
[2026-09-18T11:13:22.051+0000] {processor.py:840} INFO - DAG(s) 'data_extraction' retrieved from /opt/airflow/dags/extraction_dag.py
[2026-09-18T11:13:22.076+0000] {logging_mixin.py:188} INFO - [2026-09-18T11:13:22.075+0000] {dag.py:3096} INFO - Sync 1 DAGs
[2026-09-18T11:13:22.087+0000] {logging_mixin.py:188} INFO - [2026-09-18T11:13:22.086+0000] {dag.py:3954} INFO - Setting next_dagrun for data_extraction to None, run_after=None
[2026-09-18T11:13:22.110+0000] {processor.py:183} INFO - Processing /opt/airflow/dags/extraction_dag.py took 0.076 seconds
[2026-09-18T11:13:52.509+0000] {processor.py:161} INFO - Started process (PID=1843) to work on /opt/airflow/dags/extraction_dag.py
[2026-09-18T11:13:52.514+0000] {processor.py:830} INFO - Processing file /opt/airflow/dags/extraction_dag.py for tasks to queue
[2026-09-18T11:13:52.515+0000] {logging_mixin.py:188} INFO - [2026-09-18T11:13:52.515+0000] {dagbag.py:545} INFO - Filling up the DagBag from /opt/airflow/dags/extraction_dag.py
[2026-09-18T11:13:52.526+0000] {processor.py:840} INFO - DAG(s) 'data_extraction' retrieved from /opt/airflow/dags/extraction_dag.py
[2026-09-18T11:13:52.553+0000] {logging_mixin.py:188} INFO - [2026-09-18T11:13:52.553+0000] {dag.py:3096} INFO - Sync 1 DAGs
[2026-09-18T11:13:52.566+0000] {logging_mixin.py:188} INFO - [2026-09-18T11:13:52.566+0000] {dag.py:3954} INFO - Setting next_dagrun for data_extraction to None, run_after=None
[2026-09-18T11:13:52.588+0000] {processor.py:183} INFO - Processing /opt/airflow/dags/extraction_dag.py took 0.085 seconds
[2026-09-18T11:14:23.132+0000] {processor.py:161} INFO - Started process (PID=1851) to work on /opt/airflow/dags/extraction_dag.py
[2026-09-18T11:14:23.133+0000] {processor.py:830} INFO - Processing file /opt/airflow/dags/extraction_dag.py for tasks to queue
[2026-09-18T11:14:23.134+0000] {logging_mixin.py:188} INFO - [2026-09-18T11:14:23.134+0000] {dagbag.py:545} INFO - Filling up the DagBag from /opt/airflow/dags/extraction_dag.py
[2026-09-18T11:14:23.144+0000] {processor.py:840} INFO - DAG(s) 'data_extraction' retrieved from /opt/airflow/dags/extraction_dag.py
[2026-09-18T11:14:23.169+0000] {logging_mixin.py:188} INFO - [2026-09-18T11:14:23.168+0000] {dag.py:3096} INFO - Sync 1 DAGs
[2026-09-18T11:14:23.180+0000] {logging_mixin.py:188} INFO - [2026-09-18T11:14:23.180+0000] {dag.py:3954} INFO - Setting next_dagrun for data_extraction to None, run_after=None
[2026-09-18T11:14:23.204+0000] {processor.py:183} INFO - Processing /opt/airflow/dags/extraction_dag.py took 0.079 seconds
[2026-09-18T11:14:53.655+0000] {processor.py:161} INFO - Started process (PID=1860) to work on /opt/airflow/dags/extraction_dag.py
[2026-09-18T11:14:53.660+0000] {processor.py:830} INFO - Processing file /opt/airflow/dags/extraction_dag.py for tasks to queue
[2026-09-18T11:14:53.662+0000] {logging_mixin.py:188} INFO - [2026-09-18T11:14:53.661+0000] {dagbag.py:545} INFO - Filling up the DagBag from /opt/airflow/dags/extraction_dag.py
[2026-09-18T11:14:53.678+0000] {processor.py:840} INFO - DAG(s) 'data_extraction' retrieved from /opt/airflow/dags/extraction_dag.py
[2026-09-18T11:14:53.709+0000] {logging_mixin.py:188} INFO - [2026-09-18T11:14:53.709+0000] {dag.py:3096} INFO - Sync 1 DAGs
[2026-09-18T11:14:53.723+0000] {logging_mixin.py:188} INFO - [2026-09-18T11:14:53.722+0000] {dag.py:3954} INFO - Setting next_dagrun for data_extraction to None, run_after=None
[2026-09-18T11:14:53.747+0000] {processor.py:183} INFO - Processing /opt/airflow/dags/extraction_dag.py took 0.101 seconds
[2026-09-18T11:15:24.207+0000] {processor.py:161} INFO - Started process (PID=1874) to work on /opt/airflow/dags/extraction_dag.py
[2026-09-18T11:15:24.208+0000] {processor.py:830} INFO - Processing file /opt/airflow/dags/extraction_dag.py for tasks to queue
[2026-09-18T11:15:24.209+0000] {logging_mixin.py:188} INFO - [2026-09-18T11:15:24.209+0000] {dagbag.py:545} INFO - Filling up the DagBag from /opt/airflow/dags/extraction_dag.py
[2026-09-18T11:15:24.219+0000] {processor.py:840} INFO - DAG(s) 'data_extraction' retrieved from /opt/airflow/dags/extraction_dag.py
[2026-09-18T11:15:24.244+0000] {logging_mixin.py:188} INFO - [2026-09-18T11:15:24.244+0000] {dag.py:3096} INFO - Sync 1 DAGs
[2026-09-18T11:15:24.256+0000] {logging_mixin.py:188} INFO - [2026-09-18T11:15:24.256+0000] {dag.py:3954} INFO - Setting next_dagrun for data_extraction to None, run_after=None
[2026-09-18T11:15:24.280+0000] {processor.py:183} INFO - Processing /opt/airflow/dags/extraction_dag.py took 0.078 seconds
[2026-09-18T11:15:54.728+0000] {processor.py:161} INFO - Started process (PID=1882) to work on /opt/airflow/dags/extraction_dag.py
[2026-09-18T11:15:54.733+0000] {processor.py:830} INFO - Processing file /opt/airflow/dags/extraction_dag.py for tasks to queue
[2026-09-18T11:15:54.734+0000] {logging_mixin.py:188} INFO - [2026-09-18T11:15:54.734+0000] {dagbag.py:545} INFO - Filling up the DagBag from /opt/airflow/dags/extraction_dag.py
[2026-09-18T11:15:54.743+0000] {processor.py:840} INFO - DAG(s) 'data_extraction' retrieved from /opt/airflow/dags/extraction_dag.py
[2026-09-18T11:15:54.769+0000] {logging_mixin.py:188} INFO - [2026-09-18T11:15:54.769+0000] {dag.py:3096} INFO - Sync 1 DAGs
[2026-09-18T11:15:54.781+0000] {logging_mixin.py:188} INFO - [2026-09-18T11:15:54.781+0000] {dag.py:3954} INFO - Setting next_dagrun for data_extraction to None, run_after=None
[2026-09-18T11:15:54.804+0000] {processor.py:183} INFO - Processing /opt/airflow/dags/extraction_dag.py took 0.083 seconds
[2026-09-18T11:16:25.241+0000] {processor.py:161} INFO - Started process (PID=1890) to work on /opt/airflow/dags/extraction_dag.py
[2026-09-18T11:16:25.243+0000] {processor.py:830} INFO - Processing file /opt/airflow/dags/extraction_dag.py for tasks to queue
[2026-09-18T11:16:25.244+0000] {logging_mixin.py:188} INFO - [2026-09-18T11:16:25.244+0000] {dagbag.py:545} INFO - Filling up the DagBag from /opt/airflow/dags/extraction_dag.py
[2026-09-18T11:16:25.253+0000] {processor.py:840} INFO - DAG(s) 'data_extraction' retrieved from /opt/airflow/dags/extraction_dag.py
[2026-09-18T11:16:25.282+0000] {logging_mixin.py:188} INFO - [2026-09-18T11:16:25.282+0000] {dag.py:3096} INFO - Sync 1 DAGs
[2026-09-18T11:16:25.294+0000] {logging_mixin.py:188} INFO - [2026-09-18T11:16:25.294+0000] {dag.py:3954} INFO - Setting next_dagrun for data_extraction to None, run_after=None
[2026-09-18T11:16:25.319+0000] {processor.py:183} INFO - Processing /opt/airflow/dags/extraction_dag.py took 0.084 seconds
[2026-09-18T11:16:55.888+0000] {processor.py:161} INFO - Started process (PID=1898) to work on /opt/airflow/dags/extraction_dag.py
[2026-09-18T11:16:55.889+0000] {processor.py:830} INFO - Processing file /opt/airflow/dags/extraction_dag.py for tasks to queue
[2026-09-18T11:16:55.890+0000] {logging_mixin.py:188} INFO - [2026-09-18T11:16:55.889+0000] {dagbag.py:545} INFO - Filling up the DagBag from /opt/airflow/dags/extraction_dag.py
[2026-09-18T11:16:55.899+0000] {processor.py:840} INFO - DAG(s) 'data_extraction' retrieved from /opt/airflow/dags/extraction_dag.py
[2026-09-18T11:16:55.923+0000] {logging_mixin.py:188} INFO - [2026-09-18T11:16:55.923+0000] {dag.py:3096} INFO - Sync 1 DAGs
[2026-09-18T11:16:55.933+0000] {logging_mixin.py:188} INFO - [2026-09-18T11:16:55.933+0000] {dag.py:3954} INFO - Setting next_dagrun for data_extraction to None, run_after=None
[2026-09-18T11:16:55.950+0000] {processor.py:183} INFO - Processing /opt/airflow/dags/extraction_dag.py took 0.068 seconds
[2026-09-18T11:17:26.547+0000] {processor.py:161} INFO - Started process (PID=1906) to work on /opt/airflow/dags/extraction_dag.py
[2026-09-18T11:17:26.553+0000] {processor.py:830} INFO - Processing file /opt/airflow/dags/extraction_dag.py for tasks to queue
[2026-09-18T11:17:26.554+0000] {logging_mixin.py:188} INFO - [2026-09-18T11:17:26.553+0000] {dagbag.py:545} INFO - Filling up the DagBag from /opt/airflow/dags/extraction_dag.py
[2026-09-18T11:17:26.563+0000] {processor.py:840} INFO - DAG(s) 'data_extraction' retrieved from /opt/airflow/dags/extraction_dag.py
[2026-09-18T11:17:26.586+0000] {logging_mixin.py:188} INFO - [2026-09-18T11:17:26.586+0000] {dag.py:3096} INFO - Sync 1 DAGs
[2026-09-18T11:17:26.596+0000] {logging_mixin.py:188} INFO - [2026-09-18T11:17:26.596+0000] {dag.py:3954} INFO - Setting next_dagrun for data_extraction to None, run_after=None
[2026-09-18T11:17:26.614+0000] {processor.py:183} INFO - Processing /opt/airflow/dags/extraction_dag.py took 0.073 seconds
[2026-09-18T11:17:57.125+0000] {processor.py:161} INFO - Started process (PID=1914) to work on /opt/airflow/dags/extraction_dag.py
[2026-09-18T11:17:57.126+0000] {processor.py:830} INFO - Processing file /opt/airflow/dags/extraction_dag.py for tasks to queue
[2026-09-18T11:17:57.127+0000] {logging_mixin.py:188} INFO - [2026-09-18T11:17:57.126+0000] {dagbag.py:545} INFO - Filling up the DagBag from /opt/airflow/dags/extraction_dag.py
[2026-09-18T11:17:57.136+0000] {processor.py:840} INFO - DAG(s) 'data_extraction' retrieved from /opt/airflow/dags/extraction_dag.py
[2026-09-18T11:17:57.159+0000] {logging_mixin.py:188} INFO - [2026-09-18T11:17:57.159+0000] {dag.py:3096} INFO - Sync 1 DAGs
[2026-09-18T11:17:57.170+0000] {logging_mixin.py:188} INFO - [2026-09-18T11:17:57.169+0000] {dag.py:3954} INFO - Setting next_dagrun for data_extraction to None, run_after=None
[2026-09-18T11:17:57.192+0000] {processor.py:183} INFO - Processing /opt/airflow/dags/extraction_dag.py took 0.075 seconds
[2026-09-18T11:18:27.669+0000] {processor.py:161} INFO - Started process (PID=1922) to work on /opt/airflow/dags/extraction_dag.py
[2026-09-18T11:18:27.674+0000] {processor.py:830} INFO - Processing file /opt/airflow/dags/extraction_dag.py for tasks to queue
[2026-09-18T11:18:27.675+0000] {logging_mixin.py:188} INFO - [2026-09-18T11:18:27.675+0000] {dagbag.py:545} INFO - Filling up the DagBag from /opt/airflow/dags/extraction_dag.py
[2026-09-18T11:18:27.685+0000] {processor.py:840} INFO - DAG(s) 'data_extraction' retrieved from /opt/airflow/dags/extraction_dag.py
[2026-09-18T11:18:27.708+0000] {logging_mixin.py:188} INFO - [2026-09-18T11:18:27.708+0000] {dag.py:3096} INFO - Sync 1 DAGs
[2026-09-18T11:18:27.719+0000] {logging_mixin.py:188} INFO - [2026-09-18T11:18:27.719+0000] {dag.py:3954} INFO - Setting next_dagrun for data_extraction to None, run_after=None
[2026-09-18T11:18:27.738+0000] {processor.py:183} INFO - Processing /opt/airflow/dags/extraction_dag.py took 0.076 seconds
[2026-09-18T11:18:58.197+0000] {processor.py:161} INFO - Started process (PID=1931) to work on /opt/airflow/dags/extraction_dag.py
[2026-09-18T11:18:58.198+0000] {processor.py:830} INFO - Processing file /opt/airflow/dags/extraction_dag.py for tasks to queue
[2026-09-18T11:18:58.199+0000] {logging_mixin.py:188} INFO - [2026-09-18T11:18:58.198+0000] {dagbag.py:545} INFO - Filling up the DagBag from /opt/airflow/dags/extraction_dag.py
[2026-09-18T11:18:58.208+0000] {processor.py:840} INFO - DAG(s) 'data_extraction' retrieved from /opt/airflow/dags/extraction_dag.py
[2026-09-18T11:18:58.231+0000] {logging_mixin.py:188} INFO - [2026-09-18T11:18:58.231+0000] {dag.py:3096} INFO - Sync 1 DAGs
[2026-09-18T11:18:58.243+0000] {logging_mixin.py:188} INFO - [2026-09-18T11:18:58.243+0000] {dag.py:3954} INFO - Setting next_dagrun for data_extraction to None, run_after=None
[2026-09-18T11:18:58.266+0000] {processor.py:183} INFO - Processing /opt/airflow/dags/extraction_dag.py took 0.075 seconds
[2026-09-18T11:19:28.744+0000] {processor.py:161} INFO - Started process (PID=1939) to work on /opt/airflow/dags/extraction_dag.py
[2026-09-18T11:19:28.750+0000] {processor.py:830} INFO - Processing file /opt/airflow/dags/extraction_dag.py for tasks to queue
[2026-09-18T11:19:28.751+0000] {logging_mixin.py:188} INFO - [2026-09-18T11:19:28.750+0000] {dagbag.py:545} INFO - Filling up the DagBag from /opt/airflow/dags/extraction_dag.py
[2026-09-18T11:19:28.761+0000] {processor.py:840} INFO - DAG(s) 'data_extraction' retrieved from /opt/airflow/dags/extraction_dag.py
[2026-09-18T11:19:28.786+0000] {logging_mixin.py:188} INFO - [2026-09-18T11:19:28.786+0000] {dag.py:3096} INFO - Sync 1 DAGs
[2026-09-18T11:19:28.797+0000] {logging_mixin.py:188} INFO - [2026-09-18T11:19:28.796+0000] {dag.py:3954} INFO - Setting next_dagrun for data_extraction to None, run_after=None
[2026-09-18T11:19:28.815+0000] {processor.py:183} INFO - Processing /opt/airflow/dags/extraction_dag.py took 0.079 seconds
[2026-09-18T11:21:09.290+0000] {processor.py:161} INFO - Started process (PID=1948) to work on /opt/airflow/dags/extraction_dag.py
[2026-09-18T11:21:09.291+0000] {processor.py:830} INFO - Processing file /opt/airflow/dags/extraction_dag.py for tasks to queue
[2026-09-18T11:21:09.292+0000] {logging_mixin.py:188} INFO - [2026-09-18T11:21:09.291+0000] {dagbag.py:545} INFO - Filling up the DagBag from /opt/airflow/dags/extraction_dag.py
[2026-09-18T11:21:09.302+0000] {processor.py:840} INFO - DAG(s) 'data_extraction' retrieved from /opt/airflow/dags/extraction_dag.py
[2026-09-18T11:21:09.327+0000] {logging_mixin.py:188} INFO - [2026-09-18T11:21:09.327+0000] {dag.py:3096} INFO - Sync 1 DAGs
[2026-09-18T11:21:09.339+0000] {logging_mixin.py:188} INFO - [2026-09-18T11:21:09.338+0000] {dag.py:3954} INFO - Setting next_dagrun for data_extraction to None, run_after=None
[2026-09-18T11:21:09.362+0000] {processor.py:183} INFO - Processing /opt/airflow/dags/extraction_dag.py took 0.079 seconds
[2026-09-18T11:21:39.710+0000] {processor.py:161} INFO - Started process (PID=1956) to work on /opt/airflow/dags/extraction_dag.py
[2026-09-18T11:21:39.711+0000] {processor.py:830} INFO - Processing file /opt/airflow/dags/extraction_dag.py for tasks to queue
[2026-09-18T11:21:39.712+0000] {logging_mixin.py:188} INFO - [2026-09-18T11:21:39.712+0000] {dagbag.py:545} INFO - Filling up the DagBag from /opt/airflow/dags/extraction_dag.py
[2026-09-18T11:21:39.722+0000] {processor.py:840} INFO - DAG(s) 'data_extraction' retrieved from /opt/airflow/dags/extraction_dag.py
[2026-09-18T11:21:39.746+0000] {logging_mixin.py:188} INFO - [2026-09-18T11:21:39.745+0000] {dag.py:3096} INFO - Sync 1 DAGs
[2026-09-18T11:21:39.758+0000] {logging_mixin.py:188} INFO - [2026-09-18T11:21:39.758+0000] {dag.py:3954} INFO - Setting next_dagrun for data_extraction to None, run_after=None
[2026-09-18T11:21:39.782+0000] {processor.py:183} INFO - Processing /opt/airflow/dags/extraction_dag.py took 0.078 seconds
[2026-09-18T11:22:10.519+0000] {processor.py:161} INFO - Started process (PID=1964) to work on /opt/airflow/dags/extraction_dag.py
[2026-09-18T11:22:10.520+0000] {processor.py:830} INFO - Processing file /opt/airflow/dags/extraction_dag.py for tasks to queue
[2026-09-18T11:22:10.521+0000] {logging_mixin.py:188} INFO - [2026-09-18T11:22:10.520+0000] {dagbag.py:545} INFO - Filling up the DagBag from /opt/airflow/dags/extraction_dag.py
[2026-09-18T11:22:10.533+0000] {processor.py:840} INFO - DAG(s) 'data_extraction' retrieved from /opt/airflow/dags/extraction_dag.py
[2026-09-18T11:22:10.566+0000] {logging_mixin.py:188} INFO - [2026-09-18T11:22:10.566+0000] {dag.py:3096} INFO - Sync 1 DAGs
[2026-09-18T11:22:10.582+0000] {logging_mixin.py:188} INFO - [2026-09-18T11:22:10.581+0000] {dag.py:3954} INFO - Setting next_dagrun for data_extraction to None, run_after=None
[2026-09-18T11:22:10.613+0000] {processor.py:183} INFO - Processing /opt/airflow/dags/extraction_dag.py took 0.100 seconds
[2026-09-18T11:22:40.995+0000] {processor.py:161} INFO - Started process (PID=1972) to work on /opt/airflow/dags/extraction_dag.py
[2026-09-18T11:22:40.997+0000] {processor.py:830} INFO - Processing file /opt/airflow/dags/extraction_dag.py for tasks to queue
[2026-09-18T11:22:40.998+0000] {logging_mixin.py:188} INFO - [2026-09-18T11:22:40.998+0000] {dagbag.py:545} INFO - Filling up the DagBag from /opt/airflow/dags/extraction_dag.py
[2026-09-18T11:22:41.008+0000] {processor.py:840} INFO - DAG(s) 'data_extraction' retrieved from /opt/airflow/dags/extraction_dag.py
[2026-09-18T11:22:41.039+0000] {logging_mixin.py:188} INFO - [2026-09-18T11:22:41.038+0000] {dag.py:3096} INFO - Sync 1 DAGs
[2026-09-18T11:22:41.052+0000] {logging_mixin.py:188} INFO - [2026-09-18T11:22:41.052+0000] {dag.py:3954} INFO - Setting next_dagrun for data_extraction to None, run_after=None
[2026-09-18T11:22:41.078+0000] {processor.py:183} INFO - Processing /opt/airflow/dags/extraction_dag.py took 0.090 seconds
[2026-09-18T11:23:11.448+0000] {processor.py:161} INFO - Started process (PID=1987) to work on /opt/airflow/dags/extraction_dag.py
[2026-09-18T11:23:11.450+0000] {processor.py:830} INFO - Processing file /opt/airflow/dags/extraction_dag.py for tasks to queue
[2026-09-18T11:23:11.451+0000] {logging_mixin.py:188} INFO - [2026-09-18T11:23:11.450+0000] {dagbag.py:545} INFO - Filling up the DagBag from /opt/airflow/dags/extraction_dag.py
[2026-09-18T11:23:11.462+0000] {processor.py:840} INFO - DAG(s) 'data_extraction' retrieved from /opt/airflow/dags/extraction_dag.py
[2026-09-18T11:23:11.495+0000] {logging_mixin.py:188} INFO - [2026-09-18T11:23:11.494+0000] {dag.py:3096} INFO - Sync 1 DAGs
[2026-09-18T11:23:11.509+0000] {logging_mixin.py:188} INFO - [2026-09-18T11:23:11.509+0000] {dag.py:3954} INFO - Setting next_dagrun for data_extraction to None, run_after=None
[2026-09-18T11:23:11.538+0000] {processor.py:183} INFO - Processing /opt/airflow/dags/extraction_dag.py took 0.096 seconds
[2026-09-18T11:23:42.298+0000] {processor.py:161} INFO - Started process (PID=1995) to work on /opt/airflow/dags/extraction_dag.py
[2026-09-18T11:23:42.299+0000] {processor.py:830} INFO - Processing file /opt/airflow/dags/extraction_dag.py for tasks to queue
[2026-09-18T11:23:42.300+0000] {logging_mixin.py:188} INFO - [2026-09-18T11:23:42.299+0000] {dagbag.py:545} INFO - Filling up the DagBag from /opt/airflow/dags/extraction_dag.py
[2026-09-18T11:23:42.310+0000] {processor.py:840} INFO - DAG(s) 'data_extraction' retrieved from /opt/airflow/dags/extraction_dag.py
[2026-09-18T11:23:42.335+0000] {logging_mixin.py:188} INFO - [2026-09-18T11:23:42.335+0000] {dag.py:3096} INFO - Sync 1 DAGs
[2026-09-18T11:23:42.347+0000] {logging_mixin.py:188} INFO - [2026-09-18T11:23:42.347+0000] {dag.py:3954} INFO - Setting next_dagrun for data_extraction to None, run_after=None
[2026-09-18T11:23:42.375+0000] {processor.py:183} INFO - Processing /opt/airflow/dags/extraction_dag.py took 0.084 seconds
[2026-09-18T11:24:12.917+0000] {processor.py:161} INFO - Started process (PID=2003) to work on /opt/airflow/dags/extraction_dag.py
[2026-09-18T11:24:12.918+0000] {processor.py:830} INFO - Processing file /opt/airflow/dags/extraction_dag.py for tasks to queue
[2026-09-18T11:24:12.919+0000] {logging_mixin.py:188} INFO - [2026-09-18T11:24:12.919+0000] {dagbag.py:545} INFO - Filling up the DagBag from /opt/airflow/dags/extraction_dag.py
[2026-09-18T11:24:12.934+0000] {processor.py:840} INFO - DAG(s) 'data_extraction' retrieved from /opt/airflow/dags/extraction_dag.py
[2026-09-18T11:24:12.970+0000] {logging_mixin.py:188} INFO - [2026-09-18T11:24:12.970+0000] {dag.py:3096} INFO - Sync 1 DAGs
[2026-09-18T11:24:12.987+0000] {logging_mixin.py:188} INFO - [2026-09-18T11:24:12.987+0000] {dag.py:3954} INFO - Setting next_dagrun for data_extraction to None, run_after=None
[2026-09-18T11:24:13.013+0000] {processor.py:183} INFO - Processing /opt/airflow/dags/extraction_dag.py took 0.103 seconds
[2026-09-18T11:24:43.777+0000] {processor.py:161} INFO - Started process (PID=2011) to work on /opt/airflow/dags/extraction_dag.py
[2026-09-18T11:24:43.778+0000] {processor.py:830} INFO - Processing file /opt/airflow/dags/extraction_dag.py for tasks to queue
[2026-09-18T11:24:43.779+0000] {logging_mixin.py:188} INFO - [2026-09-18T11:24:43.778+0000] {dagbag.py:545} INFO - Filling up the DagBag from /opt/airflow/dags/extraction_dag.py
[2026-09-18T11:24:43.790+0000] {processor.py:840} INFO - DAG(s) 'data_extraction' retrieved from /opt/airflow/dags/extraction_dag.py
[2026-09-18T11:24:43.825+0000] {logging_mixin.py:188} INFO - [2026-09-18T11:24:43.824+0000] {dag.py:3096} INFO - Sync 1 DAGs
[2026-09-18T11:24:43.839+0000] {logging_mixin.py:188} INFO - [2026-09-18T11:24:43.839+0000] {dag.py:3954} INFO - Setting next_dagrun for data_extraction to None, run_after=None
[2026-09-18T11:24:43.864+0000] {processor.py:183} INFO - Processing /opt/airflow/dags/extraction_dag.py took 0.093 seconds
[2026-09-18T11:25:14.446+0000] {processor.py:161} INFO - Started process (PID=2019) to work on /opt/airflow/dags/extraction_dag.py
[2026-09-18T11:25:14.448+0000] {processor.py:830} INFO - Processing file /opt/airflow/dags/extraction_dag.py for tasks to queue
[2026-09-18T11:25:14.449+0000] {logging_mixin.py:188} INFO - [2026-09-18T11:25:14.449+0000] {dagbag.py:545} INFO - Filling up the DagBag from /opt/airflow/dags/extraction_dag.py
[2026-09-18T11:25:14.465+0000] {processor.py:840} INFO - DAG(s) 'data_extraction' retrieved from /opt/airflow/dags/extraction_dag.py
[2026-09-18T11:25:14.505+0000] {logging_mixin.py:188} INFO - [2026-09-18T11:25:14.504+0000] {dag.py:3096} INFO - Sync 1 DAGs
[2026-09-18T11:25:14.524+0000] {logging_mixin.py:188} INFO - [2026-09-18T11:25:14.524+0000] {dag.py:3954} INFO - Setting next_dagrun for data_extraction to None, run_after=None
[2026-09-18T11:25:14.553+0000] {processor.py:183} INFO - Processing /opt/airflow/dags/extraction_dag.py took 0.115 seconds
[2026-09-18T11:25:45.149+0000] {processor.py:161} INFO - Started process (PID=2027) to work on /opt/airflow/dags/extraction_dag.py
[2026-09-18T11:25:45.150+0000] {processor.py:830} INFO - Processing file /opt/airflow/dags/extraction_dag.py for tasks to queue
[2026-09-18T11:25:45.150+0000] {logging_mixin.py:188} INFO - [2026-09-18T11:25:45.150+0000] {dagbag.py:545} INFO - Filling up the DagBag from /opt/airflow/dags/extraction_dag.py
[2026-09-18T11:25:45.161+0000] {processor.py:840} INFO - DAG(s) 'data_extraction' retrieved from /opt/airflow/dags/extraction_dag.py
[2026-09-18T11:25:45.202+0000] {logging_mixin.py:188} INFO - [2026-09-18T11:25:45.202+0000] {dag.py:3096} INFO - Sync 1 DAGs
[2026-09-18T11:25:45.219+0000] {logging_mixin.py:188} INFO - [2026-09-18T11:25:45.219+0000] {dag.py:3954} INFO - Setting next_dagrun for data_extraction to None, run_after=None
[2026-09-18T11:25:45.247+0000] {processor.py:183} INFO - Processing /opt/airflow/dags/extraction_dag.py took 0.105 seconds
[2026-09-18T11:26:15.624+0000] {processor.py:161} INFO - Started process (PID=2035) to work on /opt/airflow/dags/extraction_dag.py
[2026-09-18T11:26:15.626+0000] {processor.py:830} INFO - Processing file /opt/airflow/dags/extraction_dag.py for tasks to queue
[2026-09-18T11:26:15.627+0000] {logging_mixin.py:188} INFO - [2026-09-18T11:26:15.626+0000] {dagbag.py:545} INFO - Filling up the DagBag from /opt/airflow/dags/extraction_dag.py
[2026-09-18T11:26:15.637+0000] {processor.py:840} INFO - DAG(s) 'data_extraction' retrieved from /opt/airflow/dags/extraction_dag.py
[2026-09-18T11:26:15.664+0000] {logging_mixin.py:188} INFO - [2026-09-18T11:26:15.664+0000] {dag.py:3096} INFO - Sync 1 DAGs
[2026-09-18T11:26:15.677+0000] {logging_mixin.py:188} INFO - [2026-09-18T11:26:15.677+0000] {dag.py:3954} INFO - Setting next_dagrun for data_extraction to None, run_after=None
[2026-09-18T11:26:15.703+0000] {processor.py:183} INFO - Processing /opt/airflow/dags/extraction_dag.py took 0.085 seconds
[2026-09-18T11:26:46.348+0000] {processor.py:161} INFO - Started process (PID=2043) to work on /opt/airflow/dags/extraction_dag.py
[2026-09-18T11:26:46.349+0000] {processor.py:830} INFO - Processing file /opt/airflow/dags/extraction_dag.py for tasks to queue
[2026-09-18T11:26:46.350+0000] {logging_mixin.py:188} INFO - [2026-09-18T11:26:46.350+0000] {dagbag.py:545} INFO - Filling up the DagBag from /opt/airflow/dags/extraction_dag.py
[2026-09-18T11:26:46.360+0000] {processor.py:840} INFO - DAG(s) 'data_extraction' retrieved from /opt/airflow/dags/extraction_dag.py
[2026-09-18T11:26:46.388+0000] {logging_mixin.py:188} INFO - [2026-09-18T11:26:46.388+0000] {dag.py:3096} INFO - Sync 1 DAGs
[2026-09-18T11:26:46.400+0000] {logging_mixin.py:188} INFO - [2026-09-18T11:26:46.400+0000] {dag.py:3954} INFO - Setting next_dagrun for data_extraction to None, run_after=None
[2026-09-18T11:26:46.426+0000] {processor.py:183} INFO - Processing /opt/airflow/dags/extraction_dag.py took 0.085 seconds
[2026-09-18T11:27:16.966+0000] {processor.py:161} INFO - Started process (PID=2051) to work on /opt/airflow/dags/extraction_dag.py
[2026-09-18T11:27:16.968+0000] {processor.py:830} INFO - Processing file /opt/airflow/dags/extraction_dag.py for tasks to queue
[2026-09-18T11:27:16.968+0000] {logging_mixin.py:188} INFO - [2026-09-18T11:27:16.968+0000] {dagbag.py:545} INFO - Filling up the DagBag from /opt/airflow/dags/extraction_dag.py
[2026-09-18T11:27:16.981+0000] {processor.py:840} INFO - DAG(s) 'data_extraction' retrieved from /opt/airflow/dags/extraction_dag.py
[2026-09-18T11:27:17.008+0000] {logging_mixin.py:188} INFO - [2026-09-18T11:27:17.008+0000] {dag.py:3096} INFO - Sync 1 DAGs
[2026-09-18T11:27:17.023+0000] {logging_mixin.py:188} INFO - [2026-09-18T11:27:17.022+0000] {dag.py:3954} INFO - Setting next_dagrun for data_extraction to None, run_after=None
[2026-09-18T11:27:17.051+0000] {processor.py:183} INFO - Processing /opt/airflow/dags/extraction_dag.py took 0.092 seconds
[2026-09-18T11:27:47.475+0000] {processor.py:161} INFO - Started process (PID=2059) to work on /opt/airflow/dags/extraction_dag.py
[2026-09-18T11:27:47.477+0000] {processor.py:830} INFO - Processing file /opt/airflow/dags/extraction_dag.py for tasks to queue
[2026-09-18T11:27:47.478+0000] {logging_mixin.py:188} INFO - [2026-09-18T11:27:47.478+0000] {dagbag.py:545} INFO - Filling up the DagBag from /opt/airflow/dags/extraction_dag.py
[2026-09-18T11:27:47.489+0000] {processor.py:840} INFO - DAG(s) 'data_extraction' retrieved from /opt/airflow/dags/extraction_dag.py
[2026-09-18T11:27:47.517+0000] {logging_mixin.py:188} INFO - [2026-09-18T11:27:47.517+0000] {dag.py:3096} INFO - Sync 1 DAGs
[2026-09-18T11:27:47.531+0000] {logging_mixin.py:188} INFO - [2026-09-18T11:27:47.530+0000] {dag.py:3954} INFO - Setting next_dagrun for data_extraction to None, run_after=None
[2026-09-18T11:27:47.557+0000] {processor.py:183} INFO - Processing /opt/airflow/dags/extraction_dag.py took 0.088 seconds
[2026-09-18T11:28:17.976+0000] {processor.py:161} INFO - Started process (PID=2067) to work on /opt/airflow/dags/extraction_dag.py
[2026-09-18T11:28:17.977+0000] {processor.py:830} INFO - Processing file /opt/airflow/dags/extraction_dag.py for tasks to queue
[2026-09-18T11:28:17.979+0000] {logging_mixin.py:188} INFO - [2026-09-18T11:28:17.978+0000] {dagbag.py:545} INFO - Filling up the DagBag from /opt/airflow/dags/extraction_dag.py
[2026-09-18T11:28:17.993+0000] {processor.py:840} INFO - DAG(s) 'data_extraction' retrieved from /opt/airflow/dags/extraction_dag.py
[2026-09-18T11:28:18.022+0000] {logging_mixin.py:188} INFO - [2026-09-18T11:28:18.022+0000] {dag.py:3096} INFO - Sync 1 DAGs
[2026-09-18T11:28:18.035+0000] {logging_mixin.py:188} INFO - [2026-09-18T11:28:18.034+0000] {dag.py:3954} INFO - Setting next_dagrun for data_extraction to None, run_after=None
[2026-09-18T11:28:18.060+0000] {processor.py:183} INFO - Processing /opt/airflow/dags/extraction_dag.py took 0.092 seconds
[2026-09-18T11:28:48.644+0000] {processor.py:161} INFO - Started process (PID=2075) to work on /opt/airflow/dags/extraction_dag.py
[2026-09-18T11:28:48.645+0000] {processor.py:830} INFO - Processing file /opt/airflow/dags/extraction_dag.py for tasks to queue
[2026-09-18T11:28:48.646+0000] {logging_mixin.py:188} INFO - [2026-09-18T11:28:48.646+0000] {dagbag.py:545} INFO - Filling up the DagBag from /opt/airflow/dags/extraction_dag.py
[2026-09-18T11:28:48.659+0000] {processor.py:840} INFO - DAG(s) 'data_extraction' retrieved from /opt/airflow/dags/extraction_dag.py
[2026-09-18T11:28:48.689+0000] {logging_mixin.py:188} INFO - [2026-09-18T11:28:48.689+0000] {dag.py:3096} INFO - Sync 1 DAGs
[2026-09-18T11:28:48.702+0000] {logging_mixin.py:188} INFO - [2026-09-18T11:28:48.702+0000] {dag.py:3954} INFO - Setting next_dagrun for data_extraction to None, run_after=None
[2026-09-18T11:28:48.728+0000] {processor.py:183} INFO - Processing /opt/airflow/dags/extraction_dag.py took 0.092 seconds
[2026-09-18T11:29:19.139+0000] {processor.py:161} INFO - Started process (PID=2083) to work on /opt/airflow/dags/extraction_dag.py
[2026-09-18T11:29:19.140+0000] {processor.py:830} INFO - Processing file /opt/airflow/dags/extraction_dag.py for tasks to queue
[2026-09-18T11:29:19.141+0000] {logging_mixin.py:188} INFO - [2026-09-18T11:29:19.141+0000] {dagbag.py:545} INFO - Filling up the DagBag from /opt/airflow/dags/extraction_dag.py
[2026-09-18T11:29:19.153+0000] {processor.py:840} INFO - DAG(s) 'data_extraction' retrieved from /opt/airflow/dags/extraction_dag.py
[2026-09-18T11:29:19.186+0000] {logging_mixin.py:188} INFO - [2026-09-18T11:29:19.186+0000] {dag.py:3096} INFO - Sync 1 DAGs
[2026-09-18T11:29:19.202+0000] {logging_mixin.py:188} INFO - [2026-09-18T11:29:19.201+0000] {dag.py:3954} INFO - Setting next_dagrun for data_extraction to None, run_after=None
[2026-09-18T11:29:19.226+0000] {processor.py:183} INFO - Processing /opt/airflow/dags/extraction_dag.py took 0.093 seconds
[2026-09-18T11:29:49.729+0000] {processor.py:161} INFO - Started process (PID=2098) to work on /opt/airflow/dags/extraction_dag.py
[2026-09-18T11:29:49.731+0000] {processor.py:830} INFO - Processing file /opt/airflow/dags/extraction_dag.py for tasks to queue
[2026-09-18T11:29:49.732+0000] {logging_mixin.py:188} INFO - [2026-09-18T11:29:49.731+0000] {dagbag.py:545} INFO - Filling up the DagBag from /opt/airflow/dags/extraction_dag.py
[2026-09-18T11:29:49.749+0000] {processor.py:840} INFO - DAG(s) 'data_extraction' retrieved from /opt/airflow/dags/extraction_dag.py
[2026-09-18T11:29:49.792+0000] {logging_mixin.py:188} INFO - [2026-09-18T11:29:49.792+0000] {dag.py:3096} INFO - Sync 1 DAGs
[2026-09-18T11:29:49.807+0000] {logging_mixin.py:188} INFO - [2026-09-18T11:29:49.807+0000] {dag.py:3954} INFO - Setting next_dagrun for data_extraction to None, run_after=None
[2026-09-18T11:29:49.834+0000] {processor.py:183} INFO - Processing /opt/airflow/dags/extraction_dag.py took 0.114 seconds
[2026-09-18T11:30:20.519+0000] {processor.py:161} INFO - Started process (PID=2106) to work on /opt/airflow/dags/extraction_dag.py
[2026-09-18T11:30:20.521+0000] {processor.py:830} INFO - Processing file /opt/airflow/dags/extraction_dag.py for tasks to queue
[2026-09-18T11:30:20.522+0000] {logging_mixin.py:188} INFO - [2026-09-18T11:30:20.521+0000] {dagbag.py:545} INFO - Filling up the DagBag from /opt/airflow/dags/extraction_dag.py
[2026-09-18T11:30:20.532+0000] {processor.py:840} INFO - DAG(s) 'data_extraction' retrieved from /opt/airflow/dags/extraction_dag.py
[2026-09-18T11:30:20.559+0000] {logging_mixin.py:188} INFO - [2026-09-18T11:30:20.559+0000] {dag.py:3096} INFO - Sync 1 DAGs
[2026-09-18T11:30:20.573+0000] {logging_mixin.py:188} INFO - [2026-09-18T11:30:20.573+0000] {dag.py:3954} INFO - Setting next_dagrun for data_extraction to None, run_after=None
[2026-09-18T11:30:20.600+0000] {processor.py:183} INFO - Processing /opt/airflow/dags/extraction_dag.py took 0.088 seconds
[2026-09-18T11:30:51.330+0000] {processor.py:161} INFO - Started process (PID=2114) to work on /opt/airflow/dags/extraction_dag.py
[2026-09-18T11:30:51.331+0000] {processor.py:830} INFO - Processing file /opt/airflow/dags/extraction_dag.py for tasks to queue
[2026-09-18T11:30:51.332+0000] {logging_mixin.py:188} INFO - [2026-09-18T11:30:51.331+0000] {dagbag.py:545} INFO - Filling up the DagBag from /opt/airflow/dags/extraction_dag.py
[2026-09-18T11:30:51.342+0000] {processor.py:840} INFO - DAG(s) 'data_extraction' retrieved from /opt/airflow/dags/extraction_dag.py
[2026-09-18T11:30:51.373+0000] {logging_mixin.py:188} INFO - [2026-09-18T11:30:51.372+0000] {dag.py:3096} INFO - Sync 1 DAGs
[2026-09-18T11:30:51.387+0000] {logging_mixin.py:188} INFO - [2026-09-18T11:30:51.387+0000] {dag.py:3954} INFO - Setting next_dagrun for data_extraction to None, run_after=None
[2026-09-18T11:30:51.411+0000] {processor.py:183} INFO - Processing /opt/airflow/dags/extraction_dag.py took 0.094 seconds
[2026-09-18T11:31:21.956+0000] {processor.py:161} INFO - Started process (PID=2122) to work on /opt/airflow/dags/extraction_dag.py
[2026-09-18T11:31:21.957+0000] {processor.py:830} INFO - Processing file /opt/airflow/dags/extraction_dag.py for tasks to queue
[2026-09-18T11:31:21.958+0000] {logging_mixin.py:188} INFO - [2026-09-18T11:31:21.958+0000] {dagbag.py:545} INFO - Filling up the DagBag from /opt/airflow/dags/extraction_dag.py
[2026-09-18T11:31:21.968+0000] {processor.py:840} INFO - DAG(s) 'data_extraction' retrieved from /opt/airflow/dags/extraction_dag.py
[2026-09-18T11:31:21.999+0000] {logging_mixin.py:188} INFO - [2026-09-18T11:31:21.999+0000] {dag.py:3096} INFO - Sync 1 DAGs
[2026-09-18T11:31:22.013+0000] {logging_mixin.py:188} INFO - [2026-09-18T11:31:22.013+0000] {dag.py:3954} INFO - Setting next_dagrun for data_extraction to None, run_after=None
[2026-09-18T11:31:22.040+0000] {processor.py:183} INFO - Processing /opt/airflow/dags/extraction_dag.py took 0.092 seconds
[2026-09-18T11:31:52.407+0000] {processor.py:161} INFO - Started process (PID=2130) to work on /opt/airflow/dags/extraction_dag.py
[2026-09-18T11:31:52.408+0000] {processor.py:830} INFO - Processing file /opt/airflow/dags/extraction_dag.py for tasks to queue
[2026-09-18T11:31:52.409+0000] {logging_mixin.py:188} INFO - [2026-09-18T11:31:52.409+0000] {dagbag.py:545} INFO - Filling up the DagBag from /opt/airflow/dags/extraction_dag.py
[2026-09-18T11:31:52.424+0000] {processor.py:840} INFO - DAG(s) 'data_extraction' retrieved from /opt/airflow/dags/extraction_dag.py
[2026-09-18T11:31:52.453+0000] {logging_mixin.py:188} INFO - [2026-09-18T11:31:52.452+0000] {dag.py:3096} INFO - Sync 1 DAGs
[2026-09-18T11:31:52.466+0000] {logging_mixin.py:188} INFO - [2026-09-18T11:31:52.465+0000] {dag.py:3954} INFO - Setting next_dagrun for data_extraction to None, run_after=None
[2026-09-18T11:31:52.492+0000] {processor.py:183} INFO - Processing /opt/airflow/dags/extraction_dag.py took 0.094 seconds
[2026-09-18T11:32:22.930+0000] {processor.py:161} INFO - Started process (PID=2138) to work on /opt/airflow/dags/extraction_dag.py
[2026-09-18T11:32:22.932+0000] {processor.py:830} INFO - Processing file /opt/airflow/dags/extraction_dag.py for tasks to queue
[2026-09-18T11:32:22.932+0000] {logging_mixin.py:188} INFO - [2026-09-18T11:32:22.932+0000] {dagbag.py:545} INFO - Filling up the DagBag from /opt/airflow/dags/extraction_dag.py
[2026-09-18T11:32:22.943+0000] {processor.py:840} INFO - DAG(s) 'data_extraction' retrieved from /opt/airflow/dags/extraction_dag.py
[2026-09-18T11:32:22.970+0000] {logging_mixin.py:188} INFO - [2026-09-18T11:32:22.970+0000] {dag.py:3096} INFO - Sync 1 DAGs
[2026-09-18T11:32:22.984+0000] {logging_mixin.py:188} INFO - [2026-09-18T11:32:22.983+0000] {dag.py:3954} INFO - Setting next_dagrun for data_extraction to None, run_after=None
[2026-09-18T11:32:23.010+0000] {processor.py:183} INFO - Processing /opt/airflow/dags/extraction_dag.py took 0.086 seconds
[2026-09-18T11:32:53.601+0000] {processor.py:161} INFO - Started process (PID=2146) to work on /opt/airflow/dags/extraction_dag.py
[2026-09-18T11:32:53.602+0000] {processor.py:830} INFO - Processing file /opt/airflow/dags/extraction_dag.py for tasks to queue
[2026-09-18T11:32:53.603+0000] {logging_mixin.py:188} INFO - [2026-09-18T11:32:53.602+0000] {dagbag.py:545} INFO - Filling up the DagBag from /opt/airflow/dags/extraction_dag.py
[2026-09-18T11:32:53.617+0000] {processor.py:840} INFO - DAG(s) 'data_extraction' retrieved from /opt/airflow/dags/extraction_dag.py
[2026-09-18T11:32:53.648+0000] {logging_mixin.py:188} INFO - [2026-09-18T11:32:53.647+0000] {dag.py:3096} INFO - Sync 1 DAGs
[2026-09-18T11:32:53.663+0000] {logging_mixin.py:188} INFO - [2026-09-18T11:32:53.663+0000] {dag.py:3954} INFO - Setting next_dagrun for data_extraction to None, run_after=None
[2026-09-18T11:32:53.686+0000] {processor.py:183} INFO - Processing /opt/airflow/dags/extraction_dag.py took 0.093 seconds
[2026-09-18T11:33:24.058+0000] {processor.py:161} INFO - Started process (PID=2154) to work on /opt/airflow/dags/extraction_dag.py
[2026-09-18T11:33:24.059+0000] {processor.py:830} INFO - Processing file /opt/airflow/dags/extraction_dag.py for tasks to queue
[2026-09-18T11:33:24.060+0000] {logging_mixin.py:188} INFO - [2026-09-18T11:33:24.060+0000] {dagbag.py:545} INFO - Filling up the DagBag from /opt/airflow/dags/extraction_dag.py
[2026-09-18T11:33:24.073+0000] {processor.py:840} INFO - DAG(s) 'data_extraction' retrieved from /opt/airflow/dags/extraction_dag.py
[2026-09-18T11:33:24.104+0000] {logging_mixin.py:188} INFO - [2026-09-18T11:33:24.104+0000] {dag.py:3096} INFO - Sync 1 DAGs
[2026-09-18T11:33:24.118+0000] {logging_mixin.py:188} INFO - [2026-09-18T11:33:24.117+0000] {dag.py:3954} INFO - Setting next_dagrun for data_extraction to None, run_after=None
[2026-09-18T11:33:24.140+0000] {processor.py:183} INFO - Processing /opt/airflow/dags/extraction_dag.py took 0.089 seconds
[2026-09-18T11:33:54.653+0000] {processor.py:161} INFO - Started process (PID=2162) to work on /opt/airflow/dags/extraction_dag.py
[2026-09-18T11:33:54.655+0000] {processor.py:830} INFO - Processing file /opt/airflow/dags/extraction_dag.py for tasks to queue
[2026-09-18T11:33:54.657+0000] {logging_mixin.py:188} INFO - [2026-09-18T11:33:54.656+0000] {dagbag.py:545} INFO - Filling up the DagBag from /opt/airflow/dags/extraction_dag.py
[2026-09-18T11:33:54.673+0000] {processor.py:840} INFO - DAG(s) 'data_extraction' retrieved from /opt/airflow/dags/extraction_dag.py
[2026-09-18T11:33:54.710+0000] {logging_mixin.py:188} INFO - [2026-09-18T11:33:54.710+0000] {dag.py:3096} INFO - Sync 1 DAGs
[2026-09-18T11:33:54.731+0000] {logging_mixin.py:188} INFO - [2026-09-18T11:33:54.731+0000] {dag.py:3954} INFO - Setting next_dagrun for data_extraction to None, run_after=None
[2026-09-18T11:33:54.759+0000] {processor.py:183} INFO - Processing /opt/airflow/dags/extraction_dag.py took 0.115 seconds
[2026-09-18T11:34:25.359+0000] {processor.py:161} INFO - Started process (PID=2170) to work on /opt/airflow/dags/extraction_dag.py
[2026-09-18T11:34:25.360+0000] {processor.py:830} INFO - Processing file /opt/airflow/dags/extraction_dag.py for tasks to queue
[2026-09-18T11:34:25.360+0000] {logging_mixin.py:188} INFO - [2026-09-18T11:34:25.360+0000] {dagbag.py:545} INFO - Filling up the DagBag from /opt/airflow/dags/extraction_dag.py
[2026-09-18T11:34:25.372+0000] {processor.py:840} INFO - DAG(s) 'data_extraction' retrieved from /opt/airflow/dags/extraction_dag.py
[2026-09-18T11:34:25.407+0000] {logging_mixin.py:188} INFO - [2026-09-18T11:34:25.407+0000] {dag.py:3096} INFO - Sync 1 DAGs
[2026-09-18T11:34:25.423+0000] {logging_mixin.py:188} INFO - [2026-09-18T11:34:25.422+0000] {dag.py:3954} INFO - Setting next_dagrun for data_extraction to None, run_after=None
[2026-09-18T11:34:25.455+0000] {processor.py:183} INFO - Processing /opt/airflow/dags/extraction_dag.py took 0.108 seconds
[2026-09-18T11:34:56.024+0000] {processor.py:161} INFO - Started process (PID=2177) to work on /opt/airflow/dags/extraction_dag.py
[2026-09-18T11:34:56.026+0000] {processor.py:830} INFO - Processing file /opt/airflow/dags/extraction_dag.py for tasks to queue
[2026-09-18T11:34:56.028+0000] {logging_mixin.py:188} INFO - [2026-09-18T11:34:56.027+0000] {dagbag.py:545} INFO - Filling up the DagBag from /opt/airflow/dags/extraction_dag.py
[2026-09-18T11:34:56.068+0000] {processor.py:840} INFO - DAG(s) 'data_extraction' retrieved from /opt/airflow/dags/extraction_dag.py
[2026-09-18T11:34:56.168+0000] {logging_mixin.py:188} INFO - [2026-09-18T11:34:56.168+0000] {dag.py:3096} INFO - Sync 1 DAGs
[2026-09-18T11:34:56.205+0000] {logging_mixin.py:188} INFO - [2026-09-18T11:34:56.204+0000] {dag.py:3954} INFO - Setting next_dagrun for data_extraction to None, run_after=None
[2026-09-18T11:34:56.244+0000] {processor.py:183} INFO - Processing /opt/airflow/dags/extraction_dag.py took 0.237 seconds
[2026-09-18T11:35:26.799+0000] {processor.py:161} INFO - Started process (PID=2191) to work on /opt/airflow/dags/extraction_dag.py
[2026-09-18T11:35:26.801+0000] {processor.py:830} INFO - Processing file /opt/airflow/dags/extraction_dag.py for tasks to queue
[2026-09-18T11:35:26.803+0000] {logging_mixin.py:188} INFO - [2026-09-18T11:35:26.802+0000] {dagbag.py:545} INFO - Filling up the DagBag from /opt/airflow/dags/extraction_dag.py
[2026-09-18T11:35:26.825+0000] {processor.py:840} INFO - DAG(s) 'data_extraction' retrieved from /opt/airflow/dags/extraction_dag.py
[2026-09-18T11:35:26.880+0000] {logging_mixin.py:188} INFO - [2026-09-18T11:35:26.880+0000] {dag.py:3096} INFO - Sync 1 DAGs
[2026-09-18T11:35:26.904+0000] {logging_mixin.py:188} INFO - [2026-09-18T11:35:26.903+0000] {dag.py:3954} INFO - Setting next_dagrun for data_extraction to None, run_after=None
[2026-09-18T11:35:26.939+0000] {processor.py:183} INFO - Processing /opt/airflow/dags/extraction_dag.py took 0.150 seconds
[2026-09-18T11:35:57.529+0000] {processor.py:161} INFO - Started process (PID=2199) to work on /opt/airflow/dags/extraction_dag.py
[2026-09-18T11:35:57.531+0000] {processor.py:830} INFO - Processing file /opt/airflow/dags/extraction_dag.py for tasks to queue
[2026-09-18T11:35:57.532+0000] {logging_mixin.py:188} INFO - [2026-09-18T11:35:57.532+0000] {dagbag.py:545} INFO - Filling up the DagBag from /opt/airflow/dags/extraction_dag.py
[2026-09-18T11:35:57.552+0000] {processor.py:840} INFO - DAG(s) 'data_extraction' retrieved from /opt/airflow/dags/extraction_dag.py
[2026-09-18T11:35:57.596+0000] {logging_mixin.py:188} INFO - [2026-09-18T11:35:57.596+0000] {dag.py:3096} INFO - Sync 1 DAGs
[2026-09-18T11:35:57.616+0000] {logging_mixin.py:188} INFO - [2026-09-18T11:35:57.616+0000] {dag.py:3954} INFO - Setting next_dagrun for data_extraction to None, run_after=None
[2026-09-18T11:35:57.652+0000] {processor.py:183} INFO - Processing /opt/airflow/dags/extraction_dag.py took 0.135 seconds
[2026-09-18T11:36:28.058+0000] {processor.py:161} INFO - Started process (PID=2207) to work on /opt/airflow/dags/extraction_dag.py
[2026-09-18T11:36:28.061+0000] {processor.py:830} INFO - Processing file /opt/airflow/dags/extraction_dag.py for tasks to queue
[2026-09-18T11:36:28.063+0000] {logging_mixin.py:188} INFO - [2026-09-18T11:36:28.062+0000] {dagbag.py:545} INFO - Filling up the DagBag from /opt/airflow/dags/extraction_dag.py
[2026-09-18T11:36:28.082+0000] {processor.py:840} INFO - DAG(s) 'data_extraction' retrieved from /opt/airflow/dags/extraction_dag.py
[2026-09-18T11:36:28.134+0000] {logging_mixin.py:188} INFO - [2026-09-18T11:36:28.133+0000] {dag.py:3096} INFO - Sync 1 DAGs
[2026-09-18T11:36:28.152+0000] {logging_mixin.py:188} INFO - [2026-09-18T11:36:28.152+0000] {dag.py:3954} INFO - Setting next_dagrun for data_extraction to None, run_after=None
[2026-09-18T11:36:26.385+0000] {processor.py:183} INFO - Processing /opt/airflow/dags/extraction_dag.py took 0.148 seconds
[2026-09-18T11:36:56.931+0000] {processor.py:161} INFO - Started process (PID=2216) to work on /opt/airflow/dags/extraction_dag.py
[2026-09-18T11:36:56.932+0000] {processor.py:830} INFO - Processing file /opt/airflow/dags/extraction_dag.py for tasks to queue
[2026-09-18T11:36:56.933+0000] {logging_mixin.py:188} INFO - [2026-09-18T11:36:56.933+0000] {dagbag.py:545} INFO - Filling up the DagBag from /opt/airflow/dags/extraction_dag.py
[2026-09-18T11:36:56.948+0000] {processor.py:840} INFO - DAG(s) 'data_extraction' retrieved from /opt/airflow/dags/extraction_dag.py
[2026-09-18T11:36:56.990+0000] {logging_mixin.py:188} INFO - [2026-09-18T11:36:56.990+0000] {dag.py:3096} INFO - Sync 1 DAGs
[2026-09-18T11:36:57.012+0000] {logging_mixin.py:188} INFO - [2026-09-18T11:36:57.012+0000] {dag.py:3954} INFO - Setting next_dagrun for data_extraction to None, run_after=None
[2026-09-18T11:36:57.047+0000] {processor.py:183} INFO - Processing /opt/airflow/dags/extraction_dag.py took 0.125 seconds
[2026-09-18T11:37:27.447+0000] {processor.py:161} INFO - Started process (PID=2224) to work on /opt/airflow/dags/extraction_dag.py
[2026-09-18T11:37:27.449+0000] {processor.py:830} INFO - Processing file /opt/airflow/dags/extraction_dag.py for tasks to queue
[2026-09-18T11:37:27.450+0000] {logging_mixin.py:188} INFO - [2026-09-18T11:37:27.450+0000] {dagbag.py:545} INFO - Filling up the DagBag from /opt/airflow/dags/extraction_dag.py
[2026-09-18T11:37:27.466+0000] {processor.py:840} INFO - DAG(s) 'data_extraction' retrieved from /opt/airflow/dags/extraction_dag.py
[2026-09-18T11:37:27.506+0000] {logging_mixin.py:188} INFO - [2026-09-18T11:37:27.506+0000] {dag.py:3096} INFO - Sync 1 DAGs
[2026-09-18T11:37:27.531+0000] {logging_mixin.py:188} INFO - [2026-09-18T11:37:27.531+0000] {dag.py:3954} INFO - Setting next_dagrun for data_extraction to None, run_after=None
[2026-09-18T11:37:27.570+0000] {processor.py:183} INFO - Processing /opt/airflow/dags/extraction_dag.py took 0.137 seconds
[2026-09-18T11:37:58.217+0000] {processor.py:161} INFO - Started process (PID=2232) to work on /opt/airflow/dags/extraction_dag.py
[2026-09-18T11:37:58.220+0000] {processor.py:830} INFO - Processing file /opt/airflow/dags/extraction_dag.py for tasks to queue
[2026-09-18T11:37:58.222+0000] {logging_mixin.py:188} INFO - [2026-09-18T11:37:58.221+0000] {dagbag.py:545} INFO - Filling up the DagBag from /opt/airflow/dags/extraction_dag.py
[2026-09-18T11:37:58.242+0000] {processor.py:840} INFO - DAG(s) 'data_extraction' retrieved from /opt/airflow/dags/extraction_dag.py
[2026-09-18T11:37:58.283+0000] {logging_mixin.py:188} INFO - [2026-09-18T11:37:58.283+0000] {dag.py:3096} INFO - Sync 1 DAGs
[2026-09-18T11:37:58.307+0000] {logging_mixin.py:188} INFO - [2026-09-18T11:37:58.307+0000] {dag.py:3954} INFO - Setting next_dagrun for data_extraction to None, run_after=None
[2026-09-18T11:37:58.342+0000] {processor.py:183} INFO - Processing /opt/airflow/dags/extraction_dag.py took 0.140 seconds
[2026-09-18T11:38:28.762+0000] {processor.py:161} INFO - Started process (PID=2240) to work on /opt/airflow/dags/extraction_dag.py
[2026-09-18T11:38:28.763+0000] {processor.py:830} INFO - Processing file /opt/airflow/dags/extraction_dag.py for tasks to queue
[2026-09-18T11:38:28.764+0000] {logging_mixin.py:188} INFO - [2026-09-18T11:38:28.764+0000] {dagbag.py:545} INFO - Filling up the DagBag from /opt/airflow/dags/extraction_dag.py
[2026-09-18T11:38:28.784+0000] {processor.py:840} INFO - DAG(s) 'data_extraction' retrieved from /opt/airflow/dags/extraction_dag.py
[2026-09-18T11:38:28.824+0000] {logging_mixin.py:188} INFO - [2026-09-18T11:38:28.823+0000] {dag.py:3096} INFO - Sync 1 DAGs
[2026-09-18T11:38:28.844+0000] {logging_mixin.py:188} INFO - [2026-09-18T11:38:28.844+0000] {dag.py:3954} INFO - Setting next_dagrun for data_extraction to None, run_after=None
[2026-09-18T11:38:28.879+0000] {processor.py:183} INFO - Processing /opt/airflow/dags/extraction_dag.py took 0.129 seconds
[2026-09-18T11:38:59.290+0000] {processor.py:161} INFO - Started process (PID=2248) to work on /opt/airflow/dags/extraction_dag.py
[2026-09-18T11:38:59.293+0000] {processor.py:830} INFO - Processing file /opt/airflow/dags/extraction_dag.py for tasks to queue
[2026-09-18T11:38:59.294+0000] {logging_mixin.py:188} INFO - [2026-09-18T11:38:59.294+0000] {dagbag.py:545} INFO - Filling up the DagBag from /opt/airflow/dags/extraction_dag.py
[2026-09-18T11:38:59.309+0000] {processor.py:840} INFO - DAG(s) 'data_extraction' retrieved from /opt/airflow/dags/extraction_dag.py
[2026-09-18T11:38:59.358+0000] {logging_mixin.py:188} INFO - [2026-09-18T11:38:59.357+0000] {dag.py:3096} INFO - Sync 1 DAGs
[2026-09-18T11:38:59.381+0000] {logging_mixin.py:188} INFO - [2026-09-18T11:38:59.381+0000] {dag.py:3954} INFO - Setting next_dagrun for data_extraction to None, run_after=None
[2026-09-18T11:38:59.415+0000] {processor.py:183} INFO - Processing /opt/airflow/dags/extraction_dag.py took 0.134 seconds
[2026-09-18T11:39:29.862+0000] {processor.py:161} INFO - Started process (PID=2256) to work on /opt/airflow/dags/extraction_dag.py
[2026-09-18T11:39:29.864+0000] {processor.py:830} INFO - Processing file /opt/airflow/dags/extraction_dag.py for tasks to queue
[2026-09-18T11:39:29.865+0000] {logging_mixin.py:188} INFO - [2026-09-18T11:39:29.864+0000] {dagbag.py:545} INFO - Filling up the DagBag from /opt/airflow/dags/extraction_dag.py
[2026-09-18T11:39:29.884+0000] {processor.py:840} INFO - DAG(s) 'data_extraction' retrieved from /opt/airflow/dags/extraction_dag.py
[2026-09-18T11:39:29.931+0000] {logging_mixin.py:188} INFO - [2026-09-18T11:39:29.930+0000] {dag.py:3096} INFO - Sync 1 DAGs
[2026-09-18T11:39:29.955+0000] {logging_mixin.py:188} INFO - [2026-09-18T11:39:29.954+0000] {dag.py:3954} INFO - Setting next_dagrun for data_extraction to None, run_after=None
[2026-09-18T11:39:29.981+0000] {processor.py:183} INFO - Processing /opt/airflow/dags/extraction_dag.py took 0.130 seconds
[2026-09-18T11:40:00.368+0000] {processor.py:161} INFO - Started process (PID=2264) to work on /opt/airflow/dags/extraction_dag.py
[2026-09-18T11:40:00.370+0000] {processor.py:830} INFO - Processing file /opt/airflow/dags/extraction_dag.py for tasks to queue
[2026-09-18T11:40:00.371+0000] {logging_mixin.py:188} INFO - [2026-09-18T11:40:00.370+0000] {dagbag.py:545} INFO - Filling up the DagBag from /opt/airflow/dags/extraction_dag.py
[2026-09-18T11:40:00.394+0000] {processor.py:840} INFO - DAG(s) 'data_extraction' retrieved from /opt/airflow/dags/extraction_dag.py
[2026-09-18T11:40:00.443+0000] {logging_mixin.py:188} INFO - [2026-09-18T11:40:00.442+0000] {dag.py:3096} INFO - Sync 1 DAGs
[2026-09-18T11:40:00.461+0000] {logging_mixin.py:188} INFO - [2026-09-18T11:40:00.461+0000] {dag.py:3954} INFO - Setting next_dagrun for data_extraction to None, run_after=None
[2026-09-18T11:40:00.488+0000] {processor.py:183} INFO - Processing /opt/airflow/dags/extraction_dag.py took 0.130 seconds
[2026-09-18T11:40:30.857+0000] {processor.py:161} INFO - Started process (PID=2272) to work on /opt/airflow/dags/extraction_dag.py
[2026-09-18T11:40:30.859+0000] {processor.py:830} INFO - Processing file /opt/airflow/dags/extraction_dag.py for tasks to queue
[2026-09-18T11:40:30.861+0000] {logging_mixin.py:188} INFO - [2026-09-18T11:40:30.860+0000] {dagbag.py:545} INFO - Filling up the DagBag from /opt/airflow/dags/extraction_dag.py
[2026-09-18T11:40:30.876+0000] {processor.py:840} INFO - DAG(s) 'data_extraction' retrieved from /opt/airflow/dags/extraction_dag.py
[2026-09-18T11:40:30.913+0000] {logging_mixin.py:188} INFO - [2026-09-18T11:40:30.913+0000] {dag.py:3096} INFO - Sync 1 DAGs
[2026-09-18T11:40:30.933+0000] {logging_mixin.py:188} INFO - [2026-09-18T11:40:30.933+0000] {dag.py:3954} INFO - Setting next_dagrun for data_extraction to None, run_after=None
[2026-09-18T11:40:30.966+0000] {processor.py:183} INFO - Processing /opt/airflow/dags/extraction_dag.py took 0.125 seconds
[2026-09-18T11:41:01.537+0000] {processor.py:161} INFO - Started process (PID=2280) to work on /opt/airflow/dags/extraction_dag.py
[2026-09-18T11:41:01.539+0000] {processor.py:830} INFO - Processing file /opt/airflow/dags/extraction_dag.py for tasks to queue
[2026-09-18T11:41:01.540+0000] {logging_mixin.py:188} INFO - [2026-09-18T11:41:01.540+0000] {dagbag.py:545} INFO - Filling up the DagBag from /opt/airflow/dags/extraction_dag.py
[2026-09-18T11:41:01.560+0000] {processor.py:840} INFO - DAG(s) 'data_extraction' retrieved from /opt/airflow/dags/extraction_dag.py
[2026-09-18T11:41:01.606+0000] {logging_mixin.py:188} INFO - [2026-09-18T11:41:01.605+0000] {dag.py:3096} INFO - Sync 1 DAGs
[2026-09-18T11:41:01.629+0000] {logging_mixin.py:188} INFO - [2026-09-18T11:41:01.629+0000] {dag.py:3954} INFO - Setting next_dagrun for data_extraction to None, run_after=None
[2026-09-18T11:41:01.666+0000] {processor.py:183} INFO - Processing /opt/airflow/dags/extraction_dag.py took 0.139 seconds
[2026-09-18T11:41:32.093+0000] {processor.py:161} INFO - Started process (PID=2288) to work on /opt/airflow/dags/extraction_dag.py
[2026-09-18T11:41:32.096+0000] {processor.py:830} INFO - Processing file /opt/airflow/dags/extraction_dag.py for tasks to queue
[2026-09-18T11:41:32.098+0000] {logging_mixin.py:188} INFO - [2026-09-18T11:41:32.097+0000] {dagbag.py:545} INFO - Filling up the DagBag from /opt/airflow/dags/extraction_dag.py
[2026-09-18T11:41:32.139+0000] {processor.py:840} INFO - DAG(s) 'data_extraction' retrieved from /opt/airflow/dags/extraction_dag.py
[2026-09-18T11:41:32.226+0000] {logging_mixin.py:188} INFO - [2026-09-18T11:41:32.226+0000] {dag.py:3096} INFO - Sync 1 DAGs
[2026-09-18T11:41:32.271+0000] {logging_mixin.py:188} INFO - [2026-09-18T11:41:32.270+0000] {dag.py:3954} INFO - Setting next_dagrun for data_extraction to None, run_after=None
[2026-09-18T11:41:32.317+0000] {processor.py:183} INFO - Processing /opt/airflow/dags/extraction_dag.py took 0.255 seconds
[2026-09-18T11:42:02.901+0000] {processor.py:161} INFO - Started process (PID=2303) to work on /opt/airflow/dags/extraction_dag.py
[2026-09-18T11:42:02.902+0000] {processor.py:830} INFO - Processing file /opt/airflow/dags/extraction_dag.py for tasks to queue
[2026-09-18T11:42:02.903+0000] {logging_mixin.py:188} INFO - [2026-09-18T11:42:02.903+0000] {dagbag.py:545} INFO - Filling up the DagBag from /opt/airflow/dags/extraction_dag.py
[2026-09-18T11:42:02.918+0000] {processor.py:840} INFO - DAG(s) 'data_extraction' retrieved from /opt/airflow/dags/extraction_dag.py
[2026-09-18T11:42:02.960+0000] {logging_mixin.py:188} INFO - [2026-09-18T11:42:02.960+0000] {dag.py:3096} INFO - Sync 1 DAGs
[2026-09-18T11:42:02.985+0000] {logging_mixin.py:188} INFO - [2026-09-18T11:42:02.985+0000] {dag.py:3954} INFO - Setting next_dagrun for data_extraction to None, run_after=None
[2026-09-18T11:42:03.024+0000] {processor.py:183} INFO - Processing /opt/airflow/dags/extraction_dag.py took 0.136 seconds
[2026-09-18T11:42:33.627+0000] {processor.py:161} INFO - Started process (PID=2311) to work on /opt/airflow/dags/extraction_dag.py
[2026-09-18T11:42:33.631+0000] {processor.py:830} INFO - Processing file /opt/airflow/dags/extraction_dag.py for tasks to queue
[2026-09-18T11:42:33.633+0000] {logging_mixin.py:188} INFO - [2026-09-18T11:42:33.632+0000] {dagbag.py:545} INFO - Filling up the DagBag from /opt/airflow/dags/extraction_dag.py
[2026-09-18T11:42:33.673+0000] {processor.py:840} INFO - DAG(s) 'data_extraction' retrieved from /opt/airflow/dags/extraction_dag.py
[2026-09-18T11:42:33.760+0000] {logging_mixin.py:188} INFO - [2026-09-18T11:42:33.760+0000] {dag.py:3096} INFO - Sync 1 DAGs
[2026-09-18T11:42:33.794+0000] {logging_mixin.py:188} INFO - [2026-09-18T11:42:33.794+0000] {dag.py:3954} INFO - Setting next_dagrun for data_extraction to None, run_after=None
[2026-09-18T11:42:33.850+0000] {processor.py:183} INFO - Processing /opt/airflow/dags/extraction_dag.py took 0.243 seconds
[2026-09-18T11:43:04.286+0000] {processor.py:161} INFO - Started process (PID=2319) to work on /opt/airflow/dags/extraction_dag.py
[2026-09-18T11:43:04.288+0000] {processor.py:830} INFO - Processing file /opt/airflow/dags/extraction_dag.py for tasks to queue
[2026-09-18T11:43:04.291+0000] {logging_mixin.py:188} INFO - [2026-09-18T11:43:04.290+0000] {dagbag.py:545} INFO - Filling up the DagBag from /opt/airflow/dags/extraction_dag.py
[2026-09-18T11:43:04.337+0000] {processor.py:840} INFO - DAG(s) 'data_extraction' retrieved from /opt/airflow/dags/extraction_dag.py
[2026-09-18T11:43:04.457+0000] {logging_mixin.py:188} INFO - [2026-09-18T11:43:04.456+0000] {dag.py:3096} INFO - Sync 1 DAGs
[2026-09-18T11:43:04.500+0000] {logging_mixin.py:188} INFO - [2026-09-18T11:43:04.499+0000] {dag.py:3954} INFO - Setting next_dagrun for data_extraction to None, run_after=None
[2026-09-18T11:43:04.557+0000] {processor.py:183} INFO - Processing /opt/airflow/dags/extraction_dag.py took 0.282 seconds
[2026-09-18T11:43:35.082+0000] {processor.py:161} INFO - Started process (PID=2327) to work on /opt/airflow/dags/extraction_dag.py
[2026-09-18T11:43:35.087+0000] {processor.py:830} INFO - Processing file /opt/airflow/dags/extraction_dag.py for tasks to queue
[2026-09-18T11:43:35.088+0000] {logging_mixin.py:188} INFO - [2026-09-18T11:43:35.088+0000] {dagbag.py:545} INFO - Filling up the DagBag from /opt/airflow/dags/extraction_dag.py
[2026-09-18T11:43:35.102+0000] {processor.py:840} INFO - DAG(s) 'data_extraction' retrieved from /opt/airflow/dags/extraction_dag.py
[2026-09-18T11:43:35.139+0000] {logging_mixin.py:188} INFO - [2026-09-18T11:43:35.139+0000] {dag.py:3096} INFO - Sync 1 DAGs
[2026-09-18T11:43:35.157+0000] {logging_mixin.py:188} INFO - [2026-09-18T11:43:35.157+0000] {dag.py:3954} INFO - Setting next_dagrun for data_extraction to None, run_after=None
[2026-09-18T11:43:35.190+0000] {processor.py:183} INFO - Processing /opt/airflow/dags/extraction_dag.py took 0.119 seconds
[2026-09-18T11:44:05.813+0000] {processor.py:161} INFO - Started process (PID=2335) to work on /opt/airflow/dags/extraction_dag.py
[2026-09-18T11:44:05.815+0000] {processor.py:830} INFO - Processing file /opt/airflow/dags/extraction_dag.py for tasks to queue
[2026-09-18T11:44:05.817+0000] {logging_mixin.py:188} INFO - [2026-09-18T11:44:05.816+0000] {dagbag.py:545} INFO - Filling up the DagBag from /opt/airflow/dags/extraction_dag.py
[2026-09-18T11:44:05.834+0000] {processor.py:840} INFO - DAG(s) 'data_extraction' retrieved from /opt/airflow/dags/extraction_dag.py
[2026-09-18T11:44:05.874+0000] {logging_mixin.py:188} INFO - [2026-09-18T11:44:05.874+0000] {dag.py:3096} INFO - Sync 1 DAGs
[2026-09-18T11:44:05.893+0000] {logging_mixin.py:188} INFO - [2026-09-18T11:44:05.893+0000] {dag.py:3954} INFO - Setting next_dagrun for data_extraction to None, run_after=None
[2026-09-18T11:44:05.932+0000] {processor.py:183} INFO - Processing /opt/airflow/dags/extraction_dag.py took 0.130 seconds
[2026-09-18T11:44:36.374+0000] {processor.py:161} INFO - Started process (PID=2343) to work on /opt/airflow/dags/extraction_dag.py
[2026-09-18T11:44:36.376+0000] {processor.py:830} INFO - Processing file /opt/airflow/dags/extraction_dag.py for tasks to queue
[2026-09-18T11:44:36.378+0000] {logging_mixin.py:188} INFO - [2026-09-18T11:44:36.377+0000] {dagbag.py:545} INFO - Filling up the DagBag from /opt/airflow/dags/extraction_dag.py
[2026-09-18T11:44:36.402+0000] {processor.py:840} INFO - DAG(s) 'data_extraction' retrieved from /opt/airflow/dags/extraction_dag.py
[2026-09-18T11:44:36.456+0000] {logging_mixin.py:188} INFO - [2026-09-18T11:44:36.455+0000] {dag.py:3096} INFO - Sync 1 DAGs
[2026-09-18T11:44:36.485+0000] {logging_mixin.py:188} INFO - [2026-09-18T11:44:36.485+0000] {dag.py:3954} INFO - Setting next_dagrun for data_extraction to None, run_after=None
[2026-09-18T11:44:36.538+0000] {processor.py:183} INFO - Processing /opt/airflow/dags/extraction_dag.py took 0.180 seconds
[2026-09-18T11:45:06.913+0000] {processor.py:161} INFO - Started process (PID=2351) to work on /opt/airflow/dags/extraction_dag.py
[2026-09-18T11:45:06.916+0000] {processor.py:830} INFO - Processing file /opt/airflow/dags/extraction_dag.py for tasks to queue
[2026-09-18T11:45:06.917+0000] {logging_mixin.py:188} INFO - [2026-09-18T11:45:06.917+0000] {dagbag.py:545} INFO - Filling up the DagBag from /opt/airflow/dags/extraction_dag.py
[2026-09-18T11:45:06.936+0000] {processor.py:840} INFO - DAG(s) 'data_extraction' retrieved from /opt/airflow/dags/extraction_dag.py
[2026-09-18T11:45:06.999+0000] {logging_mixin.py:188} INFO - [2026-09-18T11:45:06.998+0000] {dag.py:3096} INFO - Sync 1 DAGs
[2026-09-18T11:45:07.023+0000] {logging_mixin.py:188} INFO - [2026-09-18T11:45:07.023+0000] {dag.py:3954} INFO - Setting next_dagrun for data_extraction to None, run_after=None
[2026-09-18T11:45:07.068+0000] {processor.py:183} INFO - Processing /opt/airflow/dags/extraction_dag.py took 0.170 seconds
[2026-09-18T11:45:37.651+0000] {processor.py:161} INFO - Started process (PID=2359) to work on /opt/airflow/dags/extraction_dag.py
[2026-09-18T11:45:37.652+0000] {processor.py:830} INFO - Processing file /opt/airflow/dags/extraction_dag.py for tasks to queue
[2026-09-18T11:45:37.652+0000] {logging_mixin.py:188} INFO - [2026-09-18T11:45:37.652+0000] {dagbag.py:545} INFO - Filling up the DagBag from /opt/airflow/dags/extraction_dag.py
[2026-09-18T11:45:37.667+0000] {processor.py:840} INFO - DAG(s) 'data_extraction' retrieved from /opt/airflow/dags/extraction_dag.py
[2026-09-18T11:45:37.704+0000] {logging_mixin.py:188} INFO - [2026-09-18T11:45:37.704+0000] {dag.py:3096} INFO - Sync 1 DAGs
[2026-09-18T11:45:37.724+0000] {logging_mixin.py:188} INFO - [2026-09-18T11:45:37.724+0000] {dag.py:3954} INFO - Setting next_dagrun for data_extraction to None, run_after=None
[2026-09-18T11:45:37.766+0000] {processor.py:183} INFO - Processing /opt/airflow/dags/extraction_dag.py took 0.125 seconds
[2026-09-18T11:46:08.356+0000] {processor.py:161} INFO - Started process (PID=2367) to work on /opt/airflow/dags/extraction_dag.py
[2026-09-18T11:46:08.360+0000] {processor.py:830} INFO - Processing file /opt/airflow/dags/extraction_dag.py for tasks to queue
[2026-09-18T11:46:08.364+0000] {logging_mixin.py:188} INFO - [2026-09-18T11:46:08.363+0000] {dagbag.py:545} INFO - Filling up the DagBag from /opt/airflow/dags/extraction_dag.py
[2026-09-18T11:46:08.393+0000] {processor.py:840} INFO - DAG(s) 'data_extraction' retrieved from /opt/airflow/dags/extraction_dag.py
[2026-09-18T11:46:08.435+0000] {logging_mixin.py:188} INFO - [2026-09-18T11:46:08.435+0000] {dag.py:3096} INFO - Sync 1 DAGs
[2026-09-18T11:46:08.452+0000] {logging_mixin.py:188} INFO - [2026-09-18T11:46:08.451+0000] {dag.py:3954} INFO - Setting next_dagrun for data_extraction to None, run_after=None
[2026-09-18T11:46:08.487+0000] {processor.py:183} INFO - Processing /opt/airflow/dags/extraction_dag.py took 0.149 seconds
[2026-09-18T11:46:38.986+0000] {processor.py:161} INFO - Started process (PID=2375) to work on /opt/airflow/dags/extraction_dag.py
[2026-09-18T11:46:38.987+0000] {processor.py:830} INFO - Processing file /opt/airflow/dags/extraction_dag.py for tasks to queue
[2026-09-18T11:46:38.990+0000] {logging_mixin.py:188} INFO - [2026-09-18T11:46:38.989+0000] {dagbag.py:545} INFO - Filling up the DagBag from /opt/airflow/dags/extraction_dag.py
[2026-09-18T11:46:39.012+0000] {processor.py:840} INFO - DAG(s) 'data_extraction' retrieved from /opt/airflow/dags/extraction_dag.py
[2026-09-18T11:46:39.065+0000] {logging_mixin.py:188} INFO - [2026-09-18T11:46:39.064+0000] {dag.py:3096} INFO - Sync 1 DAGs
[2026-09-18T11:46:39.088+0000] {logging_mixin.py:188} INFO - [2026-09-18T11:46:39.088+0000] {dag.py:3954} INFO - Setting next_dagrun for data_extraction to None, run_after=None
[2026-09-18T11:46:39.128+0000] {processor.py:183} INFO - Processing /opt/airflow/dags/extraction_dag.py took 0.153 seconds
[2026-09-18T11:47:09.439+0000] {processor.py:161} INFO - Started process (PID=2383) to work on /opt/airflow/dags/extraction_dag.py
[2026-09-18T11:47:09.442+0000] {processor.py:830} INFO - Processing file /opt/airflow/dags/extraction_dag.py for tasks to queue
[2026-09-18T11:47:09.443+0000] {logging_mixin.py:188} INFO - [2026-09-18T11:47:09.443+0000] {dagbag.py:545} INFO - Filling up the DagBag from /opt/airflow/dags/extraction_dag.py
[2026-09-18T11:47:09.462+0000] {processor.py:840} INFO - DAG(s) 'data_extraction' retrieved from /opt/airflow/dags/extraction_dag.py
[2026-09-18T11:47:09.506+0000] {logging_mixin.py:188} INFO - [2026-09-18T11:47:09.505+0000] {dag.py:3096} INFO - Sync 1 DAGs
[2026-09-18T11:47:09.535+0000] {logging_mixin.py:188} INFO - [2026-09-18T11:47:09.535+0000] {dag.py:3954} INFO - Setting next_dagrun for data_extraction to None, run_after=None
[2026-09-18T11:47:09.574+0000] {processor.py:183} INFO - Processing /opt/airflow/dags/extraction_dag.py took 0.145 seconds
[2026-09-18T11:47:40.033+0000] {processor.py:161} INFO - Started process (PID=2391) to work on /opt/airflow/dags/extraction_dag.py
[2026-09-18T11:47:40.035+0000] {processor.py:830} INFO - Processing file /opt/airflow/dags/extraction_dag.py for tasks to queue
[2026-09-18T11:47:40.036+0000] {logging_mixin.py:188} INFO - [2026-09-18T11:47:40.036+0000] {dagbag.py:545} INFO - Filling up the DagBag from /opt/airflow/dags/extraction_dag.py
[2026-09-18T11:47:40.051+0000] {processor.py:840} INFO - DAG(s) 'data_extraction' retrieved from /opt/airflow/dags/extraction_dag.py
[2026-09-18T11:47:40.087+0000] {logging_mixin.py:188} INFO - [2026-09-18T11:47:40.087+0000] {dag.py:3096} INFO - Sync 1 DAGs
[2026-09-18T11:47:40.108+0000] {logging_mixin.py:188} INFO - [2026-09-18T11:47:40.108+0000] {dag.py:3954} INFO - Setting next_dagrun for data_extraction to None, run_after=None
[2026-09-18T11:47:40.139+0000] {processor.py:183} INFO - Processing /opt/airflow/dags/extraction_dag.py took 0.117 seconds
[2026-09-18T11:48:10.531+0000] {processor.py:161} INFO - Started process (PID=2405) to work on /opt/airflow/dags/extraction_dag.py
[2026-09-18T11:48:10.533+0000] {processor.py:830} INFO - Processing file /opt/airflow/dags/extraction_dag.py for tasks to queue
[2026-09-18T11:48:10.534+0000] {logging_mixin.py:188} INFO - [2026-09-18T11:48:10.534+0000] {dagbag.py:545} INFO - Filling up the DagBag from /opt/airflow/dags/extraction_dag.py
[2026-09-18T11:48:10.551+0000] {processor.py:840} INFO - DAG(s) 'data_extraction' retrieved from /opt/airflow/dags/extraction_dag.py
[2026-09-18T11:48:10.590+0000] {logging_mixin.py:188} INFO - [2026-09-18T11:48:10.590+0000] {dag.py:3096} INFO - Sync 1 DAGs
[2026-09-18T11:48:10.607+0000] {logging_mixin.py:188} INFO - [2026-09-18T11:48:10.607+0000] {dag.py:3954} INFO - Setting next_dagrun for data_extraction to None, run_after=None
[2026-09-18T11:48:10.644+0000] {processor.py:183} INFO - Processing /opt/airflow/dags/extraction_dag.py took 0.123 seconds
[2026-09-18T11:48:41.283+0000] {processor.py:161} INFO - Started process (PID=2413) to work on /opt/airflow/dags/extraction_dag.py
[2026-09-18T11:48:41.285+0000] {processor.py:830} INFO - Processing file /opt/airflow/dags/extraction_dag.py for tasks to queue
[2026-09-18T11:48:41.287+0000] {logging_mixin.py:188} INFO - [2026-09-18T11:48:41.286+0000] {dagbag.py:545} INFO - Filling up the DagBag from /opt/airflow/dags/extraction_dag.py
[2026-09-18T11:48:41.307+0000] {processor.py:840} INFO - DAG(s) 'data_extraction' retrieved from /opt/airflow/dags/extraction_dag.py
[2026-09-18T11:48:41.348+0000] {logging_mixin.py:188} INFO - [2026-09-18T11:48:41.348+0000] {dag.py:3096} INFO - Sync 1 DAGs
[2026-09-18T11:48:41.397+0000] {logging_mixin.py:188} INFO - [2026-09-18T11:48:41.397+0000] {dag.py:3954} INFO - Setting next_dagrun for data_extraction to None, run_after=None
[2026-09-18T11:48:41.443+0000] {processor.py:183} INFO - Processing /opt/airflow/dags/extraction_dag.py took 0.177 seconds
[2026-09-18T11:49:12.009+0000] {processor.py:161} INFO - Started process (PID=2421) to work on /opt/airflow/dags/extraction_dag.py
[2026-09-18T11:49:12.011+0000] {processor.py:830} INFO - Processing file /opt/airflow/dags/extraction_dag.py for tasks to queue
[2026-09-18T11:49:12.017+0000] {logging_mixin.py:188} INFO - [2026-09-18T11:49:12.014+0000] {dagbag.py:545} INFO - Filling up the DagBag from /opt/airflow/dags/extraction_dag.py
[2026-09-18T11:49:12.040+0000] {processor.py:840} INFO - DAG(s) 'data_extraction' retrieved from /opt/airflow/dags/extraction_dag.py
[2026-09-18T11:49:12.083+0000] {logging_mixin.py:188} INFO - [2026-09-18T11:49:12.083+0000] {dag.py:3096} INFO - Sync 1 DAGs
[2026-09-18T11:49:12.104+0000] {logging_mixin.py:188} INFO - [2026-09-18T11:49:12.104+0000] {dag.py:3954} INFO - Setting next_dagrun for data_extraction to None, run_after=None
[2026-09-18T11:49:12.130+0000] {processor.py:183} INFO - Processing /opt/airflow/dags/extraction_dag.py took 0.131 seconds
[2026-09-18T11:49:42.482+0000] {processor.py:161} INFO - Started process (PID=2430) to work on /opt/airflow/dags/extraction_dag.py
[2026-09-18T11:49:42.484+0000] {processor.py:830} INFO - Processing file /opt/airflow/dags/extraction_dag.py for tasks to queue
[2026-09-18T11:49:42.487+0000] {logging_mixin.py:188} INFO - [2026-09-18T11:49:42.486+0000] {dagbag.py:545} INFO - Filling up the DagBag from /opt/airflow/dags/extraction_dag.py
[2026-09-18T11:49:42.512+0000] {processor.py:840} INFO - DAG(s) 'data_extraction' retrieved from /opt/airflow/dags/extraction_dag.py
[2026-09-18T11:49:42.562+0000] {logging_mixin.py:188} INFO - [2026-09-18T11:49:42.562+0000] {dag.py:3096} INFO - Sync 1 DAGs
[2026-09-18T11:49:42.581+0000] {logging_mixin.py:188} INFO - [2026-09-18T11:49:42.581+0000] {dag.py:3954} INFO - Setting next_dagrun for data_extraction to None, run_after=None
[2026-09-18T11:49:42.609+0000] {processor.py:183} INFO - Processing /opt/airflow/dags/extraction_dag.py took 0.157 seconds
[2026-09-18T12:48:19.620+0000] {processor.py:161} INFO - Started process (PID=2438) to work on /opt/airflow/dags/extraction_dag.py
[2026-09-18T12:48:19.637+0000] {processor.py:830} INFO - Processing file /opt/airflow/dags/extraction_dag.py for tasks to queue
[2026-09-18T12:48:19.640+0000] {logging_mixin.py:188} INFO - [2026-09-18T12:48:19.639+0000] {dagbag.py:545} INFO - Filling up the DagBag from /opt/airflow/dags/extraction_dag.py
[2026-09-18T12:48:19.762+0000] {processor.py:840} INFO - DAG(s) 'data_extraction' retrieved from /opt/airflow/dags/extraction_dag.py
[2026-09-18T12:48:19.879+0000] {logging_mixin.py:188} INFO - [2026-09-18T12:48:19.879+0000] {dag.py:3096} INFO - Sync 1 DAGs
[2026-09-18T12:48:19.971+0000] {logging_mixin.py:188} INFO - [2026-09-18T12:48:19.970+0000] {dag.py:3954} INFO - Setting next_dagrun for data_extraction to None, run_after=None
[2026-09-18T12:48:20.094+0000] {processor.py:183} INFO - Processing /opt/airflow/dags/extraction_dag.py took 0.706 seconds
[2026-09-18T14:01:02.208+0000] {processor.py:161} INFO - Started process (PID=2440) to work on /opt/airflow/dags/extraction_dag.py
[2026-09-18T14:01:02.210+0000] {processor.py:830} INFO - Processing file /opt/airflow/dags/extraction_dag.py for tasks to queue
[2026-09-18T14:01:02.211+0000] {logging_mixin.py:188} INFO - [2026-09-18T14:01:02.211+0000] {dagbag.py:545} INFO - Filling up the DagBag from /opt/airflow/dags/extraction_dag.py
[2026-09-18T14:01:02.261+0000] {processor.py:840} INFO - DAG(s) 'data_extraction' retrieved from /opt/airflow/dags/extraction_dag.py
[2026-09-18T14:01:02.725+0000] {logging_mixin.py:188} INFO - [2026-09-18T14:01:02.709+0000] {dag.py:3096} INFO - Sync 1 DAGs
[2026-09-18T14:01:02.803+0000] {logging_mixin.py:188} INFO - [2026-09-18T14:01:02.802+0000] {dag.py:3954} INFO - Setting next_dagrun for data_extraction to None, run_after=None
[2026-09-18T14:01:02.907+0000] {processor.py:183} INFO - Processing /opt/airflow/dags/extraction_dag.py took 0.728 seconds
[2026-09-18T14:01:33.017+0000] {processor.py:161} INFO - Started process (PID=2447) to work on /opt/airflow/dags/extraction_dag.py
[2026-09-18T14:01:33.023+0000] {processor.py:830} INFO - Processing file /opt/airflow/dags/extraction_dag.py for tasks to queue
[2026-09-18T14:01:33.024+0000] {logging_mixin.py:188} INFO - [2026-09-18T14:01:33.024+0000] {dagbag.py:545} INFO - Filling up the DagBag from /opt/airflow/dags/extraction_dag.py
[2026-09-18T14:01:33.041+0000] {processor.py:840} INFO - DAG(s) 'data_extraction' retrieved from /opt/airflow/dags/extraction_dag.py
[2026-09-18T14:01:33.075+0000] {logging_mixin.py:188} INFO - [2026-09-18T14:01:33.075+0000] {dag.py:3096} INFO - Sync 1 DAGs
[2026-09-18T14:01:33.090+0000] {logging_mixin.py:188} INFO - [2026-09-18T14:01:33.090+0000] {dag.py:3954} INFO - Setting next_dagrun for data_extraction to None, run_after=None
[2026-09-18T14:01:33.117+0000] {processor.py:183} INFO - Processing /opt/airflow/dags/extraction_dag.py took 0.110 seconds
[2026-09-18T14:02:03.170+0000] {processor.py:161} INFO - Started process (PID=2456) to work on /opt/airflow/dags/extraction_dag.py
[2026-09-18T14:02:03.172+0000] {processor.py:830} INFO - Processing file /opt/airflow/dags/extraction_dag.py for tasks to queue
[2026-09-18T14:02:03.173+0000] {logging_mixin.py:188} INFO - [2026-09-18T14:02:03.173+0000] {dagbag.py:545} INFO - Filling up the DagBag from /opt/airflow/dags/extraction_dag.py
[2026-09-18T14:02:03.183+0000] {processor.py:840} INFO - DAG(s) 'data_extraction' retrieved from /opt/airflow/dags/extraction_dag.py
[2026-09-18T14:02:03.211+0000] {logging_mixin.py:188} INFO - [2026-09-18T14:02:03.210+0000] {dag.py:3096} INFO - Sync 1 DAGs
[2026-09-18T14:02:03.224+0000] {logging_mixin.py:188} INFO - [2026-09-18T14:02:03.224+0000] {dag.py:3954} INFO - Setting next_dagrun for data_extraction to None, run_after=None
[2026-09-18T14:02:03.249+0000] {processor.py:183} INFO - Processing /opt/airflow/dags/extraction_dag.py took 0.086 seconds
[2026-09-18T14:02:33.551+0000] {processor.py:161} INFO - Started process (PID=2464) to work on /opt/airflow/dags/extraction_dag.py
[2026-09-18T14:02:33.552+0000] {processor.py:830} INFO - Processing file /opt/airflow/dags/extraction_dag.py for tasks to queue
[2026-09-18T14:02:33.553+0000] {logging_mixin.py:188} INFO - [2026-09-18T14:02:33.553+0000] {dagbag.py:545} INFO - Filling up the DagBag from /opt/airflow/dags/extraction_dag.py
[2026-09-18T14:02:33.564+0000] {processor.py:840} INFO - DAG(s) 'data_extraction' retrieved from /opt/airflow/dags/extraction_dag.py
[2026-09-18T14:02:33.596+0000] {logging_mixin.py:188} INFO - [2026-09-18T14:02:33.596+0000] {dag.py:3096} INFO - Sync 1 DAGs
[2026-09-18T14:02:33.610+0000] {logging_mixin.py:188} INFO - [2026-09-18T14:02:33.610+0000] {dag.py:3954} INFO - Setting next_dagrun for data_extraction to None, run_after=None
[2026-09-18T14:02:33.637+0000] {processor.py:183} INFO - Processing /opt/airflow/dags/extraction_dag.py took 0.093 seconds
[2026-09-18T14:03:04.086+0000] {processor.py:161} INFO - Started process (PID=2472) to work on /opt/airflow/dags/extraction_dag.py
[2026-09-18T14:03:04.088+0000] {processor.py:830} INFO - Processing file /opt/airflow/dags/extraction_dag.py for tasks to queue
[2026-09-18T14:03:04.089+0000] {logging_mixin.py:188} INFO - [2026-09-18T14:03:04.089+0000] {dagbag.py:545} INFO - Filling up the DagBag from /opt/airflow/dags/extraction_dag.py
[2026-09-18T14:03:04.100+0000] {processor.py:840} INFO - DAG(s) 'data_extraction' retrieved from /opt/airflow/dags/extraction_dag.py
[2026-09-18T14:03:04.126+0000] {logging_mixin.py:188} INFO - [2026-09-18T14:03:04.125+0000] {dag.py:3096} INFO - Sync 1 DAGs
[2026-09-18T14:03:04.137+0000] {logging_mixin.py:188} INFO - [2026-09-18T14:03:04.137+0000] {dag.py:3954} INFO - Setting next_dagrun for data_extraction to None, run_after=None
[2026-09-18T14:03:04.165+0000] {processor.py:183} INFO - Processing /opt/airflow/dags/extraction_dag.py took 0.086 seconds
[2026-09-18T14:03:34.416+0000] {processor.py:161} INFO - Started process (PID=2480) to work on /opt/airflow/dags/extraction_dag.py
[2026-09-18T14:03:34.417+0000] {processor.py:830} INFO - Processing file /opt/airflow/dags/extraction_dag.py for tasks to queue
[2026-09-18T14:03:34.418+0000] {logging_mixin.py:188} INFO - [2026-09-18T14:03:34.418+0000] {dagbag.py:545} INFO - Filling up the DagBag from /opt/airflow/dags/extraction_dag.py
[2026-09-18T14:03:34.428+0000] {processor.py:840} INFO - DAG(s) 'data_extraction' retrieved from /opt/airflow/dags/extraction_dag.py
[2026-09-18T14:03:34.453+0000] {logging_mixin.py:188} INFO - [2026-09-18T14:03:34.453+0000] {dag.py:3096} INFO - Sync 1 DAGs
[2026-09-18T14:03:34.465+0000] {logging_mixin.py:188} INFO - [2026-09-18T14:03:34.465+0000] {dag.py:3954} INFO - Setting next_dagrun for data_extraction to None, run_after=None
[2026-09-18T14:03:34.485+0000] {processor.py:183} INFO - Processing /opt/airflow/dags/extraction_dag.py took 0.075 seconds
[2026-09-18T14:04:05.035+0000] {processor.py:161} INFO - Started process (PID=2494) to work on /opt/airflow/dags/extraction_dag.py
[2026-09-18T14:04:05.037+0000] {processor.py:830} INFO - Processing file /opt/airflow/dags/extraction_dag.py for tasks to queue
[2026-09-18T14:04:05.037+0000] {logging_mixin.py:188} INFO - [2026-09-18T14:04:05.037+0000] {dagbag.py:545} INFO - Filling up the DagBag from /opt/airflow/dags/extraction_dag.py
[2026-09-18T14:04:05.047+0000] {processor.py:840} INFO - DAG(s) 'data_extraction' retrieved from /opt/airflow/dags/extraction_dag.py
[2026-09-18T14:04:05.072+0000] {logging_mixin.py:188} INFO - [2026-09-18T14:04:05.072+0000] {dag.py:3096} INFO - Sync 1 DAGs
[2026-09-18T14:04:05.084+0000] {logging_mixin.py:188} INFO - [2026-09-18T14:04:05.084+0000] {dag.py:3954} INFO - Setting next_dagrun for data_extraction to None, run_after=None
[2026-09-18T14:04:05.104+0000] {processor.py:183} INFO - Processing /opt/airflow/dags/extraction_dag.py took 0.075 seconds
[2026-09-18T14:04:35.320+0000] {processor.py:161} INFO - Started process (PID=2502) to work on /opt/airflow/dags/extraction_dag.py
[2026-09-18T14:04:35.321+0000] {processor.py:830} INFO - Processing file /opt/airflow/dags/extraction_dag.py for tasks to queue
[2026-09-18T14:04:35.323+0000] {logging_mixin.py:188} INFO - [2026-09-18T14:04:35.322+0000] {dagbag.py:545} INFO - Filling up the DagBag from /opt/airflow/dags/extraction_dag.py
[2026-09-18T14:04:35.337+0000] {processor.py:840} INFO - DAG(s) 'data_extraction' retrieved from /opt/airflow/dags/extraction_dag.py
[2026-09-18T14:04:35.365+0000] {logging_mixin.py:188} INFO - [2026-09-18T14:04:35.365+0000] {dag.py:3096} INFO - Sync 1 DAGs
[2026-09-18T14:04:35.379+0000] {logging_mixin.py:188} INFO - [2026-09-18T14:04:35.379+0000] {dag.py:3954} INFO - Setting next_dagrun for data_extraction to None, run_after=None
[2026-09-18T14:04:35.406+0000] {processor.py:183} INFO - Processing /opt/airflow/dags/extraction_dag.py took 0.099 seconds
[2026-09-18T14:05:05.721+0000] {processor.py:161} INFO - Started process (PID=2510) to work on /opt/airflow/dags/extraction_dag.py
[2026-09-18T14:05:05.722+0000] {processor.py:830} INFO - Processing file /opt/airflow/dags/extraction_dag.py for tasks to queue
[2026-09-18T14:05:05.723+0000] {logging_mixin.py:188} INFO - [2026-09-18T14:05:05.722+0000] {dagbag.py:545} INFO - Filling up the DagBag from /opt/airflow/dags/extraction_dag.py
[2026-09-18T14:05:05.733+0000] {processor.py:840} INFO - DAG(s) 'data_extraction' retrieved from /opt/airflow/dags/extraction_dag.py
[2026-09-18T14:05:05.763+0000] {logging_mixin.py:188} INFO - [2026-09-18T14:05:05.763+0000] {dag.py:3096} INFO - Sync 1 DAGs
[2026-09-18T14:05:05.777+0000] {logging_mixin.py:188} INFO - [2026-09-18T14:05:05.777+0000] {dag.py:3954} INFO - Setting next_dagrun for data_extraction to None, run_after=None
[2026-09-18T14:05:05.805+0000] {processor.py:183} INFO - Processing /opt/airflow/dags/extraction_dag.py took 0.091 seconds
[2026-09-18T14:05:35.983+0000] {processor.py:161} INFO - Started process (PID=2518) to work on /opt/airflow/dags/extraction_dag.py
[2026-09-18T14:05:35.984+0000] {processor.py:830} INFO - Processing file /opt/airflow/dags/extraction_dag.py for tasks to queue
[2026-09-18T14:05:35.986+0000] {logging_mixin.py:188} INFO - [2026-09-18T14:05:35.985+0000] {dagbag.py:545} INFO - Filling up the DagBag from /opt/airflow/dags/extraction_dag.py
[2026-09-18T14:05:35.999+0000] {processor.py:840} INFO - DAG(s) 'data_extraction' retrieved from /opt/airflow/dags/extraction_dag.py
[2026-09-18T14:05:36.034+0000] {logging_mixin.py:188} INFO - [2026-09-18T14:05:36.033+0000] {dag.py:3096} INFO - Sync 1 DAGs
[2026-09-18T14:05:36.049+0000] {logging_mixin.py:188} INFO - [2026-09-18T14:05:36.049+0000] {dag.py:3954} INFO - Setting next_dagrun for data_extraction to None, run_after=None
[2026-09-18T14:05:36.090+0000] {processor.py:183} INFO - Processing /opt/airflow/dags/extraction_dag.py took 0.115 seconds
[2026-09-18T14:06:06.673+0000] {processor.py:161} INFO - Started process (PID=2526) to work on /opt/airflow/dags/extraction_dag.py
[2026-09-18T14:06:06.674+0000] {processor.py:830} INFO - Processing file /opt/airflow/dags/extraction_dag.py for tasks to queue
[2026-09-18T14:06:06.675+0000] {logging_mixin.py:188} INFO - [2026-09-18T14:06:06.675+0000] {dagbag.py:545} INFO - Filling up the DagBag from /opt/airflow/dags/extraction_dag.py
[2026-09-18T14:06:06.689+0000] {processor.py:840} INFO - DAG(s) 'data_extraction' retrieved from /opt/airflow/dags/extraction_dag.py
[2026-09-18T14:06:06.746+0000] {logging_mixin.py:188} INFO - [2026-09-18T14:06:06.746+0000] {dag.py:3096} INFO - Sync 1 DAGs
[2026-09-18T14:06:06.812+0000] {logging_mixin.py:188} INFO - [2026-09-18T14:06:06.812+0000] {dag.py:3954} INFO - Setting next_dagrun for data_extraction to None, run_after=None
[2026-09-18T14:06:06.834+0000] {processor.py:183} INFO - Processing /opt/airflow/dags/extraction_dag.py took 0.182 seconds
[2026-09-18T14:06:37.198+0000] {processor.py:161} INFO - Started process (PID=2534) to work on /opt/airflow/dags/extraction_dag.py
[2026-09-18T14:06:37.201+0000] {processor.py:830} INFO - Processing file /opt/airflow/dags/extraction_dag.py for tasks to queue
[2026-09-18T14:06:37.203+0000] {logging_mixin.py:188} INFO - [2026-09-18T14:06:37.202+0000] {dagbag.py:545} INFO - Filling up the DagBag from /opt/airflow/dags/extraction_dag.py
[2026-09-18T14:06:37.218+0000] {processor.py:840} INFO - DAG(s) 'data_extraction' retrieved from /opt/airflow/dags/extraction_dag.py
[2026-09-18T14:06:37.386+0000] {logging_mixin.py:188} INFO - [2026-09-18T14:06:37.385+0000] {dag.py:3096} INFO - Sync 1 DAGs
[2026-09-18T14:06:37.480+0000] {logging_mixin.py:188} INFO - [2026-09-18T14:06:37.480+0000] {dag.py:3954} INFO - Setting next_dagrun for data_extraction to None, run_after=None
[2026-09-18T14:06:37.564+0000] {processor.py:183} INFO - Processing /opt/airflow/dags/extraction_dag.py took 0.379 seconds
[2026-09-18T14:07:07.815+0000] {processor.py:161} INFO - Started process (PID=2542) to work on /opt/airflow/dags/extraction_dag.py
[2026-09-18T14:07:07.816+0000] {processor.py:830} INFO - Processing file /opt/airflow/dags/extraction_dag.py for tasks to queue
[2026-09-18T14:07:07.817+0000] {logging_mixin.py:188} INFO - [2026-09-18T14:07:07.817+0000] {dagbag.py:545} INFO - Filling up the DagBag from /opt/airflow/dags/extraction_dag.py
[2026-09-18T14:07:07.832+0000] {processor.py:840} INFO - DAG(s) 'data_extraction' retrieved from /opt/airflow/dags/extraction_dag.py
[2026-09-18T14:07:07.867+0000] {logging_mixin.py:188} INFO - [2026-09-18T14:07:07.867+0000] {dag.py:3096} INFO - Sync 1 DAGs
[2026-09-18T14:07:07.885+0000] {logging_mixin.py:188} INFO - [2026-09-18T14:07:07.885+0000] {dag.py:3954} INFO - Setting next_dagrun for data_extraction to None, run_after=None
[2026-09-18T14:07:07.912+0000] {processor.py:183} INFO - Processing /opt/airflow/dags/extraction_dag.py took 0.107 seconds
[2026-09-18T14:07:38.167+0000] {processor.py:161} INFO - Started process (PID=2550) to work on /opt/airflow/dags/extraction_dag.py
[2026-09-18T14:07:38.168+0000] {processor.py:830} INFO - Processing file /opt/airflow/dags/extraction_dag.py for tasks to queue
[2026-09-18T14:07:38.169+0000] {logging_mixin.py:188} INFO - [2026-09-18T14:07:38.169+0000] {dagbag.py:545} INFO - Filling up the DagBag from /opt/airflow/dags/extraction_dag.py
[2026-09-18T14:07:38.182+0000] {processor.py:840} INFO - DAG(s) 'data_extraction' retrieved from /opt/airflow/dags/extraction_dag.py
[2026-09-18T14:07:38.214+0000] {logging_mixin.py:188} INFO - [2026-09-18T14:07:38.214+0000] {dag.py:3096} INFO - Sync 1 DAGs
[2026-09-18T14:07:38.229+0000] {logging_mixin.py:188} INFO - [2026-09-18T14:07:38.229+0000] {dag.py:3954} INFO - Setting next_dagrun for data_extraction to None, run_after=None
[2026-09-18T14:07:38.255+0000] {processor.py:183} INFO - Processing /opt/airflow/dags/extraction_dag.py took 0.096 seconds
[2026-09-18T14:08:08.512+0000] {processor.py:161} INFO - Started process (PID=2558) to work on /opt/airflow/dags/extraction_dag.py
[2026-09-18T14:08:08.514+0000] {processor.py:830} INFO - Processing file /opt/airflow/dags/extraction_dag.py for tasks to queue
[2026-09-18T14:08:08.516+0000] {logging_mixin.py:188} INFO - [2026-09-18T14:08:08.515+0000] {dagbag.py:545} INFO - Filling up the DagBag from /opt/airflow/dags/extraction_dag.py
[2026-09-18T14:08:08.553+0000] {processor.py:840} INFO - DAG(s) 'data_extraction' retrieved from /opt/airflow/dags/extraction_dag.py
[2026-09-18T14:08:08.627+0000] {logging_mixin.py:188} INFO - [2026-09-18T14:08:08.626+0000] {dag.py:3096} INFO - Sync 1 DAGs
[2026-09-18T14:08:08.654+0000] {logging_mixin.py:188} INFO - [2026-09-18T14:08:08.653+0000] {dag.py:3954} INFO - Setting next_dagrun for data_extraction to None, run_after=None
[2026-09-18T14:08:08.685+0000] {processor.py:183} INFO - Processing /opt/airflow/dags/extraction_dag.py took 0.186 seconds
[2026-09-18T14:08:38.971+0000] {processor.py:161} INFO - Started process (PID=2566) to work on /opt/airflow/dags/extraction_dag.py
[2026-09-18T14:08:38.973+0000] {processor.py:830} INFO - Processing file /opt/airflow/dags/extraction_dag.py for tasks to queue
[2026-09-18T14:08:38.974+0000] {logging_mixin.py:188} INFO - [2026-09-18T14:08:38.974+0000] {dagbag.py:545} INFO - Filling up the DagBag from /opt/airflow/dags/extraction_dag.py
[2026-09-18T14:08:38.994+0000] {processor.py:840} INFO - DAG(s) 'data_extraction' retrieved from /opt/airflow/dags/extraction_dag.py
[2026-09-18T14:08:39.021+0000] {logging_mixin.py:188} INFO - [2026-09-18T14:08:39.021+0000] {dag.py:3096} INFO - Sync 1 DAGs
[2026-09-18T14:08:39.034+0000] {logging_mixin.py:188} INFO - [2026-09-18T14:08:39.034+0000] {dag.py:3954} INFO - Setting next_dagrun for data_extraction to None, run_after=None
[2026-09-18T14:08:39.059+0000] {processor.py:183} INFO - Processing /opt/airflow/dags/extraction_dag.py took 0.096 seconds
[2026-09-18T14:09:09.174+0000] {processor.py:161} INFO - Started process (PID=2574) to work on /opt/airflow/dags/extraction_dag.py
[2026-09-18T14:09:09.175+0000] {processor.py:830} INFO - Processing file /opt/airflow/dags/extraction_dag.py for tasks to queue
[2026-09-18T14:09:09.176+0000] {logging_mixin.py:188} INFO - [2026-09-18T14:09:09.176+0000] {dagbag.py:545} INFO - Filling up the DagBag from /opt/airflow/dags/extraction_dag.py
[2026-09-18T14:09:09.188+0000] {processor.py:840} INFO - DAG(s) 'data_extraction' retrieved from /opt/airflow/dags/extraction_dag.py
[2026-09-18T14:09:09.215+0000] {logging_mixin.py:188} INFO - [2026-09-18T14:09:09.215+0000] {dag.py:3096} INFO - Sync 1 DAGs
[2026-09-18T14:09:09.228+0000] {logging_mixin.py:188} INFO - [2026-09-18T14:09:09.228+0000] {dag.py:3954} INFO - Setting next_dagrun for data_extraction to None, run_after=None
[2026-09-18T14:09:09.252+0000] {processor.py:183} INFO - Processing /opt/airflow/dags/extraction_dag.py took 0.085 seconds
[2026-09-18T14:09:39.710+0000] {processor.py:161} INFO - Started process (PID=2582) to work on /opt/airflow/dags/extraction_dag.py
[2026-09-18T14:09:39.711+0000] {processor.py:830} INFO - Processing file /opt/airflow/dags/extraction_dag.py for tasks to queue
[2026-09-18T14:09:39.712+0000] {logging_mixin.py:188} INFO - [2026-09-18T14:09:39.712+0000] {dagbag.py:545} INFO - Filling up the DagBag from /opt/airflow/dags/extraction_dag.py
[2026-09-18T14:09:39.725+0000] {processor.py:840} INFO - DAG(s) 'data_extraction' retrieved from /opt/airflow/dags/extraction_dag.py
[2026-09-18T14:09:39.752+0000] {logging_mixin.py:188} INFO - [2026-09-18T14:09:39.752+0000] {dag.py:3096} INFO - Sync 1 DAGs
[2026-09-18T14:09:39.771+0000] {logging_mixin.py:188} INFO - [2026-09-18T14:09:39.771+0000] {dag.py:3954} INFO - Setting next_dagrun for data_extraction to None, run_after=None
[2026-09-18T14:09:39.838+0000] {processor.py:183} INFO - Processing /opt/airflow/dags/extraction_dag.py took 0.137 seconds
[2026-09-18T14:10:10.020+0000] {processor.py:161} INFO - Started process (PID=2596) to work on /opt/airflow/dags/extraction_dag.py
[2026-09-18T14:10:10.021+0000] {processor.py:830} INFO - Processing file /opt/airflow/dags/extraction_dag.py for tasks to queue
[2026-09-18T14:10:10.022+0000] {logging_mixin.py:188} INFO - [2026-09-18T14:10:10.022+0000] {dagbag.py:545} INFO - Filling up the DagBag from /opt/airflow/dags/extraction_dag.py
[2026-09-18T14:10:10.033+0000] {processor.py:840} INFO - DAG(s) 'data_extraction' retrieved from /opt/airflow/dags/extraction_dag.py
[2026-09-18T14:10:10.060+0000] {logging_mixin.py:188} INFO - [2026-09-18T14:10:10.059+0000] {dag.py:3096} INFO - Sync 1 DAGs
[2026-09-18T14:10:10.075+0000] {logging_mixin.py:188} INFO - [2026-09-18T14:10:10.075+0000] {dag.py:3954} INFO - Setting next_dagrun for data_extraction to None, run_after=None
[2026-09-18T14:10:10.101+0000] {processor.py:183} INFO - Processing /opt/airflow/dags/extraction_dag.py took 0.091 seconds
[2026-09-18T14:10:40.212+0000] {processor.py:161} INFO - Started process (PID=2604) to work on /opt/airflow/dags/extraction_dag.py
[2026-09-18T14:10:40.213+0000] {processor.py:830} INFO - Processing file /opt/airflow/dags/extraction_dag.py for tasks to queue
[2026-09-18T14:10:40.214+0000] {logging_mixin.py:188} INFO - [2026-09-18T14:10:40.214+0000] {dagbag.py:545} INFO - Filling up the DagBag from /opt/airflow/dags/extraction_dag.py
[2026-09-18T14:10:40.228+0000] {processor.py:840} INFO - DAG(s) 'data_extraction' retrieved from /opt/airflow/dags/extraction_dag.py
[2026-09-18T14:10:40.266+0000] {logging_mixin.py:188} INFO - [2026-09-18T14:10:40.266+0000] {dag.py:3096} INFO - Sync 1 DAGs
[2026-09-18T14:10:40.293+0000] {logging_mixin.py:188} INFO - [2026-09-18T14:10:40.293+0000] {dag.py:3954} INFO - Setting next_dagrun for data_extraction to None, run_after=None
[2026-09-18T14:10:40.327+0000] {processor.py:183} INFO - Processing /opt/airflow/dags/extraction_dag.py took 0.126 seconds
[2026-09-18T14:11:10.659+0000] {processor.py:161} INFO - Started process (PID=2612) to work on /opt/airflow/dags/extraction_dag.py
[2026-09-18T14:11:10.661+0000] {processor.py:830} INFO - Processing file /opt/airflow/dags/extraction_dag.py for tasks to queue
[2026-09-18T14:11:10.661+0000] {logging_mixin.py:188} INFO - [2026-09-18T14:11:10.661+0000] {dagbag.py:545} INFO - Filling up the DagBag from /opt/airflow/dags/extraction_dag.py
[2026-09-18T14:11:10.678+0000] {processor.py:840} INFO - DAG(s) 'data_extraction' retrieved from /opt/airflow/dags/extraction_dag.py
[2026-09-18T14:11:10.716+0000] {logging_mixin.py:188} INFO - [2026-09-18T14:11:10.716+0000] {dag.py:3096} INFO - Sync 1 DAGs
[2026-09-18T14:11:10.733+0000] {logging_mixin.py:188} INFO - [2026-09-18T14:11:10.733+0000] {dag.py:3954} INFO - Setting next_dagrun for data_extraction to None, run_after=None
[2026-09-18T14:11:10.757+0000] {processor.py:183} INFO - Processing /opt/airflow/dags/extraction_dag.py took 0.105 seconds
[2026-09-18T14:11:41.080+0000] {processor.py:161} INFO - Started process (PID=2620) to work on /opt/airflow/dags/extraction_dag.py
[2026-09-18T14:11:41.082+0000] {processor.py:830} INFO - Processing file /opt/airflow/dags/extraction_dag.py for tasks to queue
[2026-09-18T14:11:41.083+0000] {logging_mixin.py:188} INFO - [2026-09-18T14:11:41.083+0000] {dagbag.py:545} INFO - Filling up the DagBag from /opt/airflow/dags/extraction_dag.py
[2026-09-18T14:11:41.099+0000] {processor.py:840} INFO - DAG(s) 'data_extraction' retrieved from /opt/airflow/dags/extraction_dag.py
[2026-09-18T14:11:41.133+0000] {logging_mixin.py:188} INFO - [2026-09-18T14:11:41.133+0000] {dag.py:3096} INFO - Sync 1 DAGs
[2026-09-18T14:11:41.147+0000] {logging_mixin.py:188} INFO - [2026-09-18T14:11:41.146+0000] {dag.py:3954} INFO - Setting next_dagrun for data_extraction to None, run_after=None
[2026-09-18T14:11:41.175+0000] {processor.py:183} INFO - Processing /opt/airflow/dags/extraction_dag.py took 0.103 seconds
[2026-09-18T14:12:11.504+0000] {processor.py:161} INFO - Started process (PID=2628) to work on /opt/airflow/dags/extraction_dag.py
[2026-09-18T14:12:11.505+0000] {processor.py:830} INFO - Processing file /opt/airflow/dags/extraction_dag.py for tasks to queue
[2026-09-18T14:12:11.506+0000] {logging_mixin.py:188} INFO - [2026-09-18T14:12:11.506+0000] {dagbag.py:545} INFO - Filling up the DagBag from /opt/airflow/dags/extraction_dag.py
[2026-09-18T14:12:11.519+0000] {processor.py:840} INFO - DAG(s) 'data_extraction' retrieved from /opt/airflow/dags/extraction_dag.py
[2026-09-18T14:12:11.549+0000] {logging_mixin.py:188} INFO - [2026-09-18T14:12:11.548+0000] {dag.py:3096} INFO - Sync 1 DAGs
[2026-09-18T14:12:11.562+0000] {logging_mixin.py:188} INFO - [2026-09-18T14:12:11.562+0000] {dag.py:3954} INFO - Setting next_dagrun for data_extraction to None, run_after=None
[2026-09-18T14:12:11.592+0000] {processor.py:183} INFO - Processing /opt/airflow/dags/extraction_dag.py took 0.096 seconds
[2026-09-18T14:12:41.883+0000] {processor.py:161} INFO - Started process (PID=2636) to work on /opt/airflow/dags/extraction_dag.py
[2026-09-18T14:12:41.885+0000] {processor.py:830} INFO - Processing file /opt/airflow/dags/extraction_dag.py for tasks to queue
[2026-09-18T14:12:41.886+0000] {logging_mixin.py:188} INFO - [2026-09-18T14:12:41.886+0000] {dagbag.py:545} INFO - Filling up the DagBag from /opt/airflow/dags/extraction_dag.py
[2026-09-18T14:12:41.901+0000] {processor.py:840} INFO - DAG(s) 'data_extraction' retrieved from /opt/airflow/dags/extraction_dag.py
[2026-09-18T14:12:41.933+0000] {logging_mixin.py:188} INFO - [2026-09-18T14:12:41.933+0000] {dag.py:3096} INFO - Sync 1 DAGs
[2026-09-18T14:12:41.948+0000] {logging_mixin.py:188} INFO - [2026-09-18T14:12:41.948+0000] {dag.py:3954} INFO - Setting next_dagrun for data_extraction to None, run_after=None
[2026-09-18T14:12:41.975+0000] {processor.py:183} INFO - Processing /opt/airflow/dags/extraction_dag.py took 0.101 seconds
[2026-09-18T14:13:12.441+0000] {processor.py:161} INFO - Started process (PID=2644) to work on /opt/airflow/dags/extraction_dag.py
[2026-09-18T14:13:12.442+0000] {processor.py:830} INFO - Processing file /opt/airflow/dags/extraction_dag.py for tasks to queue
[2026-09-18T14:13:12.443+0000] {logging_mixin.py:188} INFO - [2026-09-18T14:13:12.443+0000] {dagbag.py:545} INFO - Filling up the DagBag from /opt/airflow/dags/extraction_dag.py
[2026-09-18T14:13:12.457+0000] {processor.py:840} INFO - DAG(s) 'data_extraction' retrieved from /opt/airflow/dags/extraction_dag.py
[2026-09-18T14:13:12.493+0000] {logging_mixin.py:188} INFO - [2026-09-18T14:13:12.493+0000] {dag.py:3096} INFO - Sync 1 DAGs
[2026-09-18T14:13:12.507+0000] {logging_mixin.py:188} INFO - [2026-09-18T14:13:12.507+0000] {dag.py:3954} INFO - Setting next_dagrun for data_extraction to None, run_after=None
[2026-09-18T14:13:12.535+0000] {processor.py:183} INFO - Processing /opt/airflow/dags/extraction_dag.py took 0.103 seconds
[2026-09-18T14:13:42.888+0000] {processor.py:161} INFO - Started process (PID=2652) to work on /opt/airflow/dags/extraction_dag.py
[2026-09-18T14:13:42.890+0000] {processor.py:830} INFO - Processing file /opt/airflow/dags/extraction_dag.py for tasks to queue
[2026-09-18T14:13:42.891+0000] {logging_mixin.py:188} INFO - [2026-09-18T14:13:42.891+0000] {dagbag.py:545} INFO - Filling up the DagBag from /opt/airflow/dags/extraction_dag.py
[2026-09-18T14:13:42.909+0000] {processor.py:840} INFO - DAG(s) 'data_extraction' retrieved from /opt/airflow/dags/extraction_dag.py
[2026-09-18T14:13:42.948+0000] {logging_mixin.py:188} INFO - [2026-09-18T14:13:42.947+0000] {dag.py:3096} INFO - Sync 1 DAGs
[2026-09-18T14:13:42.969+0000] {logging_mixin.py:188} INFO - [2026-09-18T14:13:42.969+0000] {dag.py:3954} INFO - Setting next_dagrun for data_extraction to None, run_after=None
[2026-09-18T14:13:43.005+0000] {processor.py:183} INFO - Processing /opt/airflow/dags/extraction_dag.py took 0.127 seconds
[2026-09-18T14:14:13.273+0000] {processor.py:161} INFO - Started process (PID=2660) to work on /opt/airflow/dags/extraction_dag.py
[2026-09-18T14:14:13.275+0000] {processor.py:830} INFO - Processing file /opt/airflow/dags/extraction_dag.py for tasks to queue
[2026-09-18T14:14:13.276+0000] {logging_mixin.py:188} INFO - [2026-09-18T14:14:13.275+0000] {dagbag.py:545} INFO - Filling up the DagBag from /opt/airflow/dags/extraction_dag.py
[2026-09-18T14:14:13.289+0000] {processor.py:840} INFO - DAG(s) 'data_extraction' retrieved from /opt/airflow/dags/extraction_dag.py
[2026-09-18T14:14:13.315+0000] {logging_mixin.py:188} INFO - [2026-09-18T14:14:13.315+0000] {dag.py:3096} INFO - Sync 1 DAGs
[2026-09-18T14:14:13.327+0000] {logging_mixin.py:188} INFO - [2026-09-18T14:14:13.326+0000] {dag.py:3954} INFO - Setting next_dagrun for data_extraction to None, run_after=None
[2026-09-18T14:14:13.350+0000] {processor.py:183} INFO - Processing /opt/airflow/dags/extraction_dag.py took 0.087 seconds
[2026-09-18T14:14:43.921+0000] {processor.py:161} INFO - Started process (PID=2668) to work on /opt/airflow/dags/extraction_dag.py
[2026-09-18T14:14:43.926+0000] {processor.py:830} INFO - Processing file /opt/airflow/dags/extraction_dag.py for tasks to queue
[2026-09-18T14:14:43.928+0000] {logging_mixin.py:188} INFO - [2026-09-18T14:14:43.927+0000] {dagbag.py:545} INFO - Filling up the DagBag from /opt/airflow/dags/extraction_dag.py
[2026-09-18T14:14:43.944+0000] {processor.py:840} INFO - DAG(s) 'data_extraction' retrieved from /opt/airflow/dags/extraction_dag.py
[2026-09-18T14:14:43.991+0000] {logging_mixin.py:188} INFO - [2026-09-18T14:14:43.991+0000] {dag.py:3096} INFO - Sync 1 DAGs
[2026-09-18T14:14:44.012+0000] {logging_mixin.py:188} INFO - [2026-09-18T14:14:44.012+0000] {dag.py:3954} INFO - Setting next_dagrun for data_extraction to None, run_after=None
[2026-09-18T14:14:44.037+0000] {processor.py:183} INFO - Processing /opt/airflow/dags/extraction_dag.py took 0.130 seconds
[2026-09-18T14:15:14.998+0000] {processor.py:161} INFO - Started process (PID=2676) to work on /opt/airflow/dags/extraction_dag.py
[2026-09-18T14:15:15.000+0000] {processor.py:830} INFO - Processing file /opt/airflow/dags/extraction_dag.py for tasks to queue
[2026-09-18T14:15:15.001+0000] {logging_mixin.py:188} INFO - [2026-09-18T14:15:15.000+0000] {dagbag.py:545} INFO - Filling up the DagBag from /opt/airflow/dags/extraction_dag.py
[2026-09-18T14:15:15.013+0000] {processor.py:840} INFO - DAG(s) 'data_extraction' retrieved from /opt/airflow/dags/extraction_dag.py
[2026-09-18T14:15:15.050+0000] {logging_mixin.py:188} INFO - [2026-09-18T14:15:15.050+0000] {dag.py:3096} INFO - Sync 1 DAGs
[2026-09-18T14:15:15.068+0000] {logging_mixin.py:188} INFO - [2026-09-18T14:15:15.067+0000] {dag.py:3954} INFO - Setting next_dagrun for data_extraction to None, run_after=None
[2026-09-18T14:15:15.092+0000] {processor.py:183} INFO - Processing /opt/airflow/dags/extraction_dag.py took 0.102 seconds
[2026-09-18T14:15:45.594+0000] {processor.py:161} INFO - Started process (PID=2684) to work on /opt/airflow/dags/extraction_dag.py
[2026-09-18T14:15:45.597+0000] {processor.py:830} INFO - Processing file /opt/airflow/dags/extraction_dag.py for tasks to queue
[2026-09-18T14:15:45.598+0000] {logging_mixin.py:188} INFO - [2026-09-18T14:15:45.597+0000] {dagbag.py:545} INFO - Filling up the DagBag from /opt/airflow/dags/extraction_dag.py
[2026-09-18T14:15:45.612+0000] {processor.py:840} INFO - DAG(s) 'data_extraction' retrieved from /opt/airflow/dags/extraction_dag.py
[2026-09-18T14:15:45.654+0000] {logging_mixin.py:188} INFO - [2026-09-18T14:15:45.653+0000] {dag.py:3096} INFO - Sync 1 DAGs
[2026-09-18T14:15:45.672+0000] {logging_mixin.py:188} INFO - [2026-09-18T14:15:45.671+0000] {dag.py:3954} INFO - Setting next_dagrun for data_extraction to None, run_after=None
[2026-09-18T14:15:45.705+0000] {processor.py:183} INFO - Processing /opt/airflow/dags/extraction_dag.py took 0.119 seconds
[2026-09-18T14:16:16.693+0000] {processor.py:161} INFO - Started process (PID=2698) to work on /opt/airflow/dags/extraction_dag.py
[2026-09-18T14:16:16.695+0000] {processor.py:830} INFO - Processing file /opt/airflow/dags/extraction_dag.py for tasks to queue
[2026-09-18T14:16:16.696+0000] {logging_mixin.py:188} INFO - [2026-09-18T14:16:16.696+0000] {dagbag.py:545} INFO - Filling up the DagBag from /opt/airflow/dags/extraction_dag.py
[2026-09-18T14:16:16.718+0000] {processor.py:840} INFO - DAG(s) 'data_extraction' retrieved from /opt/airflow/dags/extraction_dag.py
[2026-09-18T14:16:16.755+0000] {logging_mixin.py:188} INFO - [2026-09-18T14:16:16.755+0000] {dag.py:3096} INFO - Sync 1 DAGs
[2026-09-18T14:16:16.772+0000] {logging_mixin.py:188} INFO - [2026-09-18T14:16:16.771+0000] {dag.py:3954} INFO - Setting next_dagrun for data_extraction to None, run_after=None
[2026-09-18T14:16:16.801+0000] {processor.py:183} INFO - Processing /opt/airflow/dags/extraction_dag.py took 0.115 seconds
[2026-09-18T14:16:47.020+0000] {processor.py:161} INFO - Started process (PID=2706) to work on /opt/airflow/dags/extraction_dag.py
[2026-09-18T14:16:47.023+0000] {processor.py:830} INFO - Processing file /opt/airflow/dags/extraction_dag.py for tasks to queue
[2026-09-18T14:16:47.023+0000] {logging_mixin.py:188} INFO - [2026-09-18T14:16:47.023+0000] {dagbag.py:545} INFO - Filling up the DagBag from /opt/airflow/dags/extraction_dag.py
[2026-09-18T14:16:47.036+0000] {processor.py:840} INFO - DAG(s) 'data_extraction' retrieved from /opt/airflow/dags/extraction_dag.py
[2026-09-18T14:16:47.067+0000] {logging_mixin.py:188} INFO - [2026-09-18T14:16:47.067+0000] {dag.py:3096} INFO - Sync 1 DAGs
[2026-09-18T14:16:47.090+0000] {logging_mixin.py:188} INFO - [2026-09-18T14:16:47.090+0000] {dag.py:3954} INFO - Setting next_dagrun for data_extraction to None, run_after=None
[2026-09-18T14:16:47.124+0000] {processor.py:183} INFO - Processing /opt/airflow/dags/extraction_dag.py took 0.110 seconds
[2026-09-18T14:17:17.288+0000] {processor.py:161} INFO - Started process (PID=2714) to work on /opt/airflow/dags/extraction_dag.py
[2026-09-18T14:17:17.289+0000] {processor.py:830} INFO - Processing file /opt/airflow/dags/extraction_dag.py for tasks to queue
[2026-09-18T14:17:17.290+0000] {logging_mixin.py:188} INFO - [2026-09-18T14:17:17.290+0000] {dagbag.py:545} INFO - Filling up the DagBag from /opt/airflow/dags/extraction_dag.py
[2026-09-18T14:17:17.304+0000] {processor.py:840} INFO - DAG(s) 'data_extraction' retrieved from /opt/airflow/dags/extraction_dag.py
[2026-09-18T14:17:17.332+0000] {logging_mixin.py:188} INFO - [2026-09-18T14:17:17.331+0000] {dag.py:3096} INFO - Sync 1 DAGs
[2026-09-18T14:17:17.344+0000] {logging_mixin.py:188} INFO - [2026-09-18T14:17:17.343+0000] {dag.py:3954} INFO - Setting next_dagrun for data_extraction to None, run_after=None
[2026-09-18T14:17:17.366+0000] {processor.py:183} INFO - Processing /opt/airflow/dags/extraction_dag.py took 0.089 seconds
[2026-09-18T14:17:47.788+0000] {processor.py:161} INFO - Started process (PID=2722) to work on /opt/airflow/dags/extraction_dag.py
[2026-09-18T14:17:47.790+0000] {processor.py:830} INFO - Processing file /opt/airflow/dags/extraction_dag.py for tasks to queue
[2026-09-18T14:17:47.791+0000] {logging_mixin.py:188} INFO - [2026-09-18T14:17:47.790+0000] {dagbag.py:545} INFO - Filling up the DagBag from /opt/airflow/dags/extraction_dag.py
[2026-09-18T14:17:47.802+0000] {processor.py:840} INFO - DAG(s) 'data_extraction' retrieved from /opt/airflow/dags/extraction_dag.py
[2026-09-18T14:17:47.828+0000] {logging_mixin.py:188} INFO - [2026-09-18T14:17:47.828+0000] {dag.py:3096} INFO - Sync 1 DAGs
[2026-09-18T14:17:47.841+0000] {logging_mixin.py:188} INFO - [2026-09-18T14:17:47.840+0000] {dag.py:3954} INFO - Setting next_dagrun for data_extraction to None, run_after=None
[2026-09-18T14:17:47.868+0000] {processor.py:183} INFO - Processing /opt/airflow/dags/extraction_dag.py took 0.088 seconds
[2026-09-18T14:18:17.953+0000] {processor.py:161} INFO - Started process (PID=2730) to work on /opt/airflow/dags/extraction_dag.py
[2026-09-18T14:18:17.954+0000] {processor.py:830} INFO - Processing file /opt/airflow/dags/extraction_dag.py for tasks to queue
[2026-09-18T14:18:17.954+0000] {logging_mixin.py:188} INFO - [2026-09-18T14:18:17.954+0000] {dagbag.py:545} INFO - Filling up the DagBag from /opt/airflow/dags/extraction_dag.py
[2026-09-18T14:18:17.966+0000] {processor.py:840} INFO - DAG(s) 'data_extraction' retrieved from /opt/airflow/dags/extraction_dag.py
[2026-09-18T14:18:17.994+0000] {logging_mixin.py:188} INFO - [2026-09-18T14:18:17.994+0000] {dag.py:3096} INFO - Sync 1 DAGs
[2026-09-18T14:18:18.008+0000] {logging_mixin.py:188} INFO - [2026-09-18T14:18:18.008+0000] {dag.py:3954} INFO - Setting next_dagrun for data_extraction to None, run_after=None
[2026-09-18T14:18:18.035+0000] {processor.py:183} INFO - Processing /opt/airflow/dags/extraction_dag.py took 0.090 seconds
[2026-09-18T14:18:48.353+0000] {processor.py:161} INFO - Started process (PID=2738) to work on /opt/airflow/dags/extraction_dag.py
[2026-09-18T14:18:48.355+0000] {processor.py:830} INFO - Processing file /opt/airflow/dags/extraction_dag.py for tasks to queue
[2026-09-18T14:18:48.356+0000] {logging_mixin.py:188} INFO - [2026-09-18T14:18:48.355+0000] {dagbag.py:545} INFO - Filling up the DagBag from /opt/airflow/dags/extraction_dag.py
[2026-09-18T14:18:48.366+0000] {processor.py:840} INFO - DAG(s) 'data_extraction' retrieved from /opt/airflow/dags/extraction_dag.py
[2026-09-18T14:18:48.397+0000] {logging_mixin.py:188} INFO - [2026-09-18T14:18:48.396+0000] {dag.py:3096} INFO - Sync 1 DAGs
[2026-09-18T14:18:48.408+0000] {logging_mixin.py:188} INFO - [2026-09-18T14:18:48.408+0000] {dag.py:3954} INFO - Setting next_dagrun for data_extraction to None, run_after=None
[2026-09-18T14:18:48.434+0000] {processor.py:183} INFO - Processing /opt/airflow/dags/extraction_dag.py took 0.088 seconds
[2026-09-18T14:19:18.619+0000] {processor.py:161} INFO - Started process (PID=2746) to work on /opt/airflow/dags/extraction_dag.py
[2026-09-18T14:19:18.620+0000] {processor.py:830} INFO - Processing file /opt/airflow/dags/extraction_dag.py for tasks to queue
[2026-09-18T14:19:18.621+0000] {logging_mixin.py:188} INFO - [2026-09-18T14:19:18.620+0000] {dagbag.py:545} INFO - Filling up the DagBag from /opt/airflow/dags/extraction_dag.py
[2026-09-18T14:19:18.633+0000] {processor.py:840} INFO - DAG(s) 'data_extraction' retrieved from /opt/airflow/dags/extraction_dag.py
[2026-09-18T14:19:18.659+0000] {logging_mixin.py:188} INFO - [2026-09-18T14:19:18.659+0000] {dag.py:3096} INFO - Sync 1 DAGs
[2026-09-18T14:19:18.672+0000] {logging_mixin.py:188} INFO - [2026-09-18T14:19:18.672+0000] {dag.py:3954} INFO - Setting next_dagrun for data_extraction to None, run_after=None
[2026-09-18T14:19:18.698+0000] {processor.py:183} INFO - Processing /opt/airflow/dags/extraction_dag.py took 0.088 seconds
[2026-09-18T14:19:49.003+0000] {processor.py:161} INFO - Started process (PID=2754) to work on /opt/airflow/dags/extraction_dag.py
[2026-09-18T14:19:49.005+0000] {processor.py:830} INFO - Processing file /opt/airflow/dags/extraction_dag.py for tasks to queue
[2026-09-18T14:19:49.005+0000] {logging_mixin.py:188} INFO - [2026-09-18T14:19:49.005+0000] {dagbag.py:545} INFO - Filling up the DagBag from /opt/airflow/dags/extraction_dag.py
[2026-09-18T14:19:49.018+0000] {processor.py:840} INFO - DAG(s) 'data_extraction' retrieved from /opt/airflow/dags/extraction_dag.py
[2026-09-18T14:19:49.045+0000] {logging_mixin.py:188} INFO - [2026-09-18T14:19:49.045+0000] {dag.py:3096} INFO - Sync 1 DAGs
[2026-09-18T14:19:49.059+0000] {logging_mixin.py:188} INFO - [2026-09-18T14:19:49.058+0000] {dag.py:3954} INFO - Setting next_dagrun for data_extraction to None, run_after=None
[2026-09-18T14:19:49.086+0000] {processor.py:183} INFO - Processing /opt/airflow/dags/extraction_dag.py took 0.092 seconds
[2026-09-18T14:20:19.424+0000] {processor.py:161} INFO - Started process (PID=2762) to work on /opt/airflow/dags/extraction_dag.py
[2026-09-18T14:20:19.425+0000] {processor.py:830} INFO - Processing file /opt/airflow/dags/extraction_dag.py for tasks to queue
[2026-09-18T14:20:19.426+0000] {logging_mixin.py:188} INFO - [2026-09-18T14:20:19.426+0000] {dagbag.py:545} INFO - Filling up the DagBag from /opt/airflow/dags/extraction_dag.py
[2026-09-18T14:20:19.436+0000] {processor.py:840} INFO - DAG(s) 'data_extraction' retrieved from /opt/airflow/dags/extraction_dag.py
[2026-09-18T14:20:19.461+0000] {logging_mixin.py:188} INFO - [2026-09-18T14:20:19.461+0000] {dag.py:3096} INFO - Sync 1 DAGs
[2026-09-18T14:20:19.472+0000] {logging_mixin.py:188} INFO - [2026-09-18T14:20:19.472+0000] {dag.py:3954} INFO - Setting next_dagrun for data_extraction to None, run_after=None
[2026-09-18T14:20:19.497+0000] {processor.py:183} INFO - Processing /opt/airflow/dags/extraction_dag.py took 0.080 seconds
[2026-09-18T14:20:49.813+0000] {processor.py:161} INFO - Started process (PID=2770) to work on /opt/airflow/dags/extraction_dag.py
[2026-09-18T14:20:49.814+0000] {processor.py:830} INFO - Processing file /opt/airflow/dags/extraction_dag.py for tasks to queue
[2026-09-18T14:20:49.815+0000] {logging_mixin.py:188} INFO - [2026-09-18T14:20:49.814+0000] {dagbag.py:545} INFO - Filling up the DagBag from /opt/airflow/dags/extraction_dag.py
[2026-09-18T14:20:49.829+0000] {processor.py:840} INFO - DAG(s) 'data_extraction' retrieved from /opt/airflow/dags/extraction_dag.py
[2026-09-18T14:20:49.855+0000] {logging_mixin.py:188} INFO - [2026-09-18T14:20:49.855+0000] {dag.py:3096} INFO - Sync 1 DAGs
[2026-09-18T14:20:49.867+0000] {logging_mixin.py:188} INFO - [2026-09-18T14:20:49.867+0000] {dag.py:3954} INFO - Setting next_dagrun for data_extraction to None, run_after=None
[2026-09-18T14:20:49.894+0000] {processor.py:183} INFO - Processing /opt/airflow/dags/extraction_dag.py took 0.091 seconds
[2026-09-18T14:21:20.125+0000] {processor.py:161} INFO - Started process (PID=2778) to work on /opt/airflow/dags/extraction_dag.py
[2026-09-18T14:21:20.126+0000] {processor.py:830} INFO - Processing file /opt/airflow/dags/extraction_dag.py for tasks to queue
[2026-09-18T14:21:20.127+0000] {logging_mixin.py:188} INFO - [2026-09-18T14:21:20.127+0000] {dagbag.py:545} INFO - Filling up the DagBag from /opt/airflow/dags/extraction_dag.py
[2026-09-18T14:21:20.140+0000] {processor.py:840} INFO - DAG(s) 'data_extraction' retrieved from /opt/airflow/dags/extraction_dag.py
[2026-09-18T14:21:20.168+0000] {logging_mixin.py:188} INFO - [2026-09-18T14:21:20.167+0000] {dag.py:3096} INFO - Sync 1 DAGs
[2026-09-18T14:21:20.183+0000] {logging_mixin.py:188} INFO - [2026-09-18T14:21:20.182+0000] {dag.py:3954} INFO - Setting next_dagrun for data_extraction to None, run_after=None
[2026-09-18T14:21:20.207+0000] {processor.py:183} INFO - Processing /opt/airflow/dags/extraction_dag.py took 0.089 seconds
[2026-09-18T14:21:50.479+0000] {processor.py:161} INFO - Started process (PID=2792) to work on /opt/airflow/dags/extraction_dag.py
[2026-09-18T14:21:50.480+0000] {processor.py:830} INFO - Processing file /opt/airflow/dags/extraction_dag.py for tasks to queue
[2026-09-18T14:21:50.481+0000] {logging_mixin.py:188} INFO - [2026-09-18T14:21:50.481+0000] {dagbag.py:545} INFO - Filling up the DagBag from /opt/airflow/dags/extraction_dag.py
[2026-09-18T14:21:50.496+0000] {processor.py:840} INFO - DAG(s) 'data_extraction' retrieved from /opt/airflow/dags/extraction_dag.py
[2026-09-18T14:21:50.524+0000] {logging_mixin.py:188} INFO - [2026-09-18T14:21:50.523+0000] {dag.py:3096} INFO - Sync 1 DAGs
[2026-09-18T14:21:50.536+0000] {logging_mixin.py:188} INFO - [2026-09-18T14:21:50.536+0000] {dag.py:3954} INFO - Setting next_dagrun for data_extraction to None, run_after=None
[2026-09-18T14:21:50.562+0000] {processor.py:183} INFO - Processing /opt/airflow/dags/extraction_dag.py took 0.094 seconds
[2026-09-18T14:22:20.735+0000] {processor.py:161} INFO - Started process (PID=2800) to work on /opt/airflow/dags/extraction_dag.py
[2026-09-18T14:22:20.736+0000] {processor.py:830} INFO - Processing file /opt/airflow/dags/extraction_dag.py for tasks to queue
[2026-09-18T14:22:20.737+0000] {logging_mixin.py:188} INFO - [2026-09-18T14:22:20.737+0000] {dagbag.py:545} INFO - Filling up the DagBag from /opt/airflow/dags/extraction_dag.py
[2026-09-18T14:22:20.749+0000] {processor.py:840} INFO - DAG(s) 'data_extraction' retrieved from /opt/airflow/dags/extraction_dag.py
[2026-09-18T14:22:20.776+0000] {logging_mixin.py:188} INFO - [2026-09-18T14:22:20.776+0000] {dag.py:3096} INFO - Sync 1 DAGs
[2026-09-18T14:22:20.788+0000] {logging_mixin.py:188} INFO - [2026-09-18T14:22:20.788+0000] {dag.py:3954} INFO - Setting next_dagrun for data_extraction to None, run_after=None
[2026-09-18T14:22:20.815+0000] {processor.py:183} INFO - Processing /opt/airflow/dags/extraction_dag.py took 0.089 seconds
[2026-09-18T14:22:51.171+0000] {processor.py:161} INFO - Started process (PID=2808) to work on /opt/airflow/dags/extraction_dag.py
[2026-09-18T14:22:51.173+0000] {processor.py:830} INFO - Processing file /opt/airflow/dags/extraction_dag.py for tasks to queue
[2026-09-18T14:22:51.174+0000] {logging_mixin.py:188} INFO - [2026-09-18T14:22:51.174+0000] {dagbag.py:545} INFO - Filling up the DagBag from /opt/airflow/dags/extraction_dag.py
[2026-09-18T14:22:51.188+0000] {processor.py:840} INFO - DAG(s) 'data_extraction' retrieved from /opt/airflow/dags/extraction_dag.py
[2026-09-18T14:22:51.216+0000] {logging_mixin.py:188} INFO - [2026-09-18T14:22:51.216+0000] {dag.py:3096} INFO - Sync 1 DAGs
[2026-09-18T14:22:51.229+0000] {logging_mixin.py:188} INFO - [2026-09-18T14:22:51.229+0000] {dag.py:3954} INFO - Setting next_dagrun for data_extraction to None, run_after=None
[2026-09-18T14:22:51.253+0000] {processor.py:183} INFO - Processing /opt/airflow/dags/extraction_dag.py took 0.092 seconds
[2026-09-18T14:23:21.547+0000] {processor.py:161} INFO - Started process (PID=2816) to work on /opt/airflow/dags/extraction_dag.py
[2026-09-18T14:23:21.548+0000] {processor.py:830} INFO - Processing file /opt/airflow/dags/extraction_dag.py for tasks to queue
[2026-09-18T14:23:21.549+0000] {logging_mixin.py:188} INFO - [2026-09-18T14:23:21.548+0000] {dagbag.py:545} INFO - Filling up the DagBag from /opt/airflow/dags/extraction_dag.py
[2026-09-18T14:23:21.561+0000] {processor.py:840} INFO - DAG(s) 'data_extraction' retrieved from /opt/airflow/dags/extraction_dag.py
[2026-09-18T14:23:21.589+0000] {logging_mixin.py:188} INFO - [2026-09-18T14:23:21.589+0000] {dag.py:3096} INFO - Sync 1 DAGs
[2026-09-18T14:23:21.602+0000] {logging_mixin.py:188} INFO - [2026-09-18T14:23:21.602+0000] {dag.py:3954} INFO - Setting next_dagrun for data_extraction to None, run_after=None
[2026-09-18T14:23:21.627+0000] {processor.py:183} INFO - Processing /opt/airflow/dags/extraction_dag.py took 0.090 seconds
[2026-09-18T14:23:51.802+0000] {processor.py:161} INFO - Started process (PID=2824) to work on /opt/airflow/dags/extraction_dag.py
[2026-09-18T14:23:51.803+0000] {processor.py:830} INFO - Processing file /opt/airflow/dags/extraction_dag.py for tasks to queue
[2026-09-18T14:23:51.804+0000] {logging_mixin.py:188} INFO - [2026-09-18T14:23:51.804+0000] {dagbag.py:545} INFO - Filling up the DagBag from /opt/airflow/dags/extraction_dag.py
[2026-09-18T14:23:51.817+0000] {processor.py:840} INFO - DAG(s) 'data_extraction' retrieved from /opt/airflow/dags/extraction_dag.py
[2026-09-18T14:23:51.845+0000] {logging_mixin.py:188} INFO - [2026-09-18T14:23:51.845+0000] {dag.py:3096} INFO - Sync 1 DAGs
[2026-09-18T14:23:51.858+0000] {logging_mixin.py:188} INFO - [2026-09-18T14:23:51.858+0000] {dag.py:3954} INFO - Setting next_dagrun for data_extraction to None, run_after=None
[2026-09-18T14:23:51.883+0000] {processor.py:183} INFO - Processing /opt/airflow/dags/extraction_dag.py took 0.088 seconds
[2026-09-18T14:24:22.161+0000] {processor.py:161} INFO - Started process (PID=2832) to work on /opt/airflow/dags/extraction_dag.py
[2026-09-18T14:24:22.162+0000] {processor.py:830} INFO - Processing file /opt/airflow/dags/extraction_dag.py for tasks to queue
[2026-09-18T14:24:22.164+0000] {logging_mixin.py:188} INFO - [2026-09-18T14:24:22.163+0000] {dagbag.py:545} INFO - Filling up the DagBag from /opt/airflow/dags/extraction_dag.py
[2026-09-18T14:24:22.179+0000] {processor.py:840} INFO - DAG(s) 'data_extraction' retrieved from /opt/airflow/dags/extraction_dag.py
[2026-09-18T14:24:22.209+0000] {logging_mixin.py:188} INFO - [2026-09-18T14:24:22.209+0000] {dag.py:3096} INFO - Sync 1 DAGs
[2026-09-18T14:24:22.223+0000] {logging_mixin.py:188} INFO - [2026-09-18T14:24:22.223+0000] {dag.py:3954} INFO - Setting next_dagrun for data_extraction to None, run_after=None
[2026-09-18T14:24:22.249+0000] {processor.py:183} INFO - Processing /opt/airflow/dags/extraction_dag.py took 0.098 seconds
[2026-09-18T14:24:52.426+0000] {processor.py:161} INFO - Started process (PID=2840) to work on /opt/airflow/dags/extraction_dag.py
[2026-09-18T14:24:52.428+0000] {processor.py:830} INFO - Processing file /opt/airflow/dags/extraction_dag.py for tasks to queue
[2026-09-18T14:24:52.430+0000] {logging_mixin.py:188} INFO - [2026-09-18T14:24:52.429+0000] {dagbag.py:545} INFO - Filling up the DagBag from /opt/airflow/dags/extraction_dag.py
[2026-09-18T14:24:52.445+0000] {processor.py:840} INFO - DAG(s) 'data_extraction' retrieved from /opt/airflow/dags/extraction_dag.py
[2026-09-18T14:24:52.475+0000] {logging_mixin.py:188} INFO - [2026-09-18T14:24:52.474+0000] {dag.py:3096} INFO - Sync 1 DAGs
[2026-09-18T14:24:52.488+0000] {logging_mixin.py:188} INFO - [2026-09-18T14:24:52.487+0000] {dag.py:3954} INFO - Setting next_dagrun for data_extraction to None, run_after=None
[2026-09-18T14:24:52.515+0000] {processor.py:183} INFO - Processing /opt/airflow/dags/extraction_dag.py took 0.100 seconds
[2026-09-18T14:25:22.768+0000] {processor.py:161} INFO - Started process (PID=2848) to work on /opt/airflow/dags/extraction_dag.py
[2026-09-18T14:25:22.769+0000] {processor.py:830} INFO - Processing file /opt/airflow/dags/extraction_dag.py for tasks to queue
[2026-09-18T14:25:22.770+0000] {logging_mixin.py:188} INFO - [2026-09-18T14:25:22.770+0000] {dagbag.py:545} INFO - Filling up the DagBag from /opt/airflow/dags/extraction_dag.py
[2026-09-18T14:25:22.783+0000] {processor.py:840} INFO - DAG(s) 'data_extraction' retrieved from /opt/airflow/dags/extraction_dag.py
[2026-09-18T14:25:22.814+0000] {logging_mixin.py:188} INFO - [2026-09-18T14:25:22.814+0000] {dag.py:3096} INFO - Sync 1 DAGs
[2026-09-18T14:25:22.829+0000] {logging_mixin.py:188} INFO - [2026-09-18T14:25:22.829+0000] {dag.py:3954} INFO - Setting next_dagrun for data_extraction to None, run_after=None
[2026-09-18T14:25:22.860+0000] {processor.py:183} INFO - Processing /opt/airflow/dags/extraction_dag.py took 0.100 seconds
[2026-09-18T14:25:52.908+0000] {processor.py:161} INFO - Started process (PID=2857) to work on /opt/airflow/dags/extraction_dag.py
[2026-09-18T14:25:52.910+0000] {processor.py:830} INFO - Processing file /opt/airflow/dags/extraction_dag.py for tasks to queue
[2026-09-18T14:25:52.911+0000] {logging_mixin.py:188} INFO - [2026-09-18T14:25:52.910+0000] {dagbag.py:545} INFO - Filling up the DagBag from /opt/airflow/dags/extraction_dag.py
[2026-09-18T14:25:52.927+0000] {processor.py:840} INFO - DAG(s) 'data_extraction' retrieved from /opt/airflow/dags/extraction_dag.py
[2026-09-18T14:25:52.961+0000] {logging_mixin.py:188} INFO - [2026-09-18T14:25:52.961+0000] {dag.py:3096} INFO - Sync 1 DAGs
[2026-09-18T14:25:52.975+0000] {logging_mixin.py:188} INFO - [2026-09-18T14:25:52.975+0000] {dag.py:3954} INFO - Setting next_dagrun for data_extraction to None, run_after=None
[2026-09-18T14:25:52.997+0000] {processor.py:183} INFO - Processing /opt/airflow/dags/extraction_dag.py took 0.098 seconds
[2026-09-18T14:26:23.094+0000] {processor.py:161} INFO - Started process (PID=2865) to work on /opt/airflow/dags/extraction_dag.py
[2026-09-18T14:26:23.096+0000] {processor.py:830} INFO - Processing file /opt/airflow/dags/extraction_dag.py for tasks to queue
[2026-09-18T14:26:23.097+0000] {logging_mixin.py:188} INFO - [2026-09-18T14:26:23.097+0000] {dagbag.py:545} INFO - Filling up the DagBag from /opt/airflow/dags/extraction_dag.py
[2026-09-18T14:26:23.110+0000] {processor.py:840} INFO - DAG(s) 'data_extraction' retrieved from /opt/airflow/dags/extraction_dag.py
[2026-09-18T14:26:23.149+0000] {logging_mixin.py:188} INFO - [2026-09-18T14:26:23.148+0000] {dag.py:3096} INFO - Sync 1 DAGs
[2026-09-18T14:26:23.163+0000] {logging_mixin.py:188} INFO - [2026-09-18T14:26:23.162+0000] {dag.py:3954} INFO - Setting next_dagrun for data_extraction to None, run_after=None
[2026-09-18T14:26:23.187+0000] {processor.py:183} INFO - Processing /opt/airflow/dags/extraction_dag.py took 0.103 seconds
[2026-09-18T14:26:53.419+0000] {processor.py:161} INFO - Started process (PID=2873) to work on /opt/airflow/dags/extraction_dag.py
[2026-09-18T14:26:53.421+0000] {processor.py:830} INFO - Processing file /opt/airflow/dags/extraction_dag.py for tasks to queue
[2026-09-18T14:26:53.422+0000] {logging_mixin.py:188} INFO - [2026-09-18T14:26:53.422+0000] {dagbag.py:545} INFO - Filling up the DagBag from /opt/airflow/dags/extraction_dag.py
[2026-09-18T14:26:53.436+0000] {processor.py:840} INFO - DAG(s) 'data_extraction' retrieved from /opt/airflow/dags/extraction_dag.py
[2026-09-18T14:26:53.466+0000] {logging_mixin.py:188} INFO - [2026-09-18T14:26:53.466+0000] {dag.py:3096} INFO - Sync 1 DAGs
[2026-09-18T14:26:53.481+0000] {logging_mixin.py:188} INFO - [2026-09-18T14:26:53.481+0000] {dag.py:3954} INFO - Setting next_dagrun for data_extraction to None, run_after=None
[2026-09-18T14:26:53.504+0000] {processor.py:183} INFO - Processing /opt/airflow/dags/extraction_dag.py took 0.096 seconds
[2026-09-18T14:27:23.673+0000] {processor.py:161} INFO - Started process (PID=2881) to work on /opt/airflow/dags/extraction_dag.py
[2026-09-18T14:27:23.674+0000] {processor.py:830} INFO - Processing file /opt/airflow/dags/extraction_dag.py for tasks to queue
[2026-09-18T14:27:23.675+0000] {logging_mixin.py:188} INFO - [2026-09-18T14:27:23.675+0000] {dagbag.py:545} INFO - Filling up the DagBag from /opt/airflow/dags/extraction_dag.py
[2026-09-18T14:27:23.690+0000] {processor.py:840} INFO - DAG(s) 'data_extraction' retrieved from /opt/airflow/dags/extraction_dag.py
[2026-09-18T14:27:23.721+0000] {logging_mixin.py:188} INFO - [2026-09-18T14:27:23.721+0000] {dag.py:3096} INFO - Sync 1 DAGs
[2026-09-18T14:27:23.735+0000] {logging_mixin.py:188} INFO - [2026-09-18T14:27:23.734+0000] {dag.py:3954} INFO - Setting next_dagrun for data_extraction to None, run_after=None
[2026-09-18T14:27:23.757+0000] {processor.py:183} INFO - Processing /opt/airflow/dags/extraction_dag.py took 0.093 seconds
[2026-09-18T14:27:53.830+0000] {processor.py:161} INFO - Started process (PID=2895) to work on /opt/airflow/dags/extraction_dag.py
[2026-09-18T14:27:53.832+0000] {processor.py:830} INFO - Processing file /opt/airflow/dags/extraction_dag.py for tasks to queue
[2026-09-18T14:27:53.833+0000] {logging_mixin.py:188} INFO - [2026-09-18T14:27:53.833+0000] {dagbag.py:545} INFO - Filling up the DagBag from /opt/airflow/dags/extraction_dag.py
[2026-09-18T14:27:53.846+0000] {processor.py:840} INFO - DAG(s) 'data_extraction' retrieved from /opt/airflow/dags/extraction_dag.py
[2026-09-18T14:27:53.875+0000] {logging_mixin.py:188} INFO - [2026-09-18T14:27:53.875+0000] {dag.py:3096} INFO - Sync 1 DAGs
[2026-09-18T14:27:53.888+0000] {logging_mixin.py:188} INFO - [2026-09-18T14:27:53.888+0000] {dag.py:3954} INFO - Setting next_dagrun for data_extraction to None, run_after=None
[2026-09-18T14:27:53.913+0000] {processor.py:183} INFO - Processing /opt/airflow/dags/extraction_dag.py took 0.091 seconds
[2026-09-18T14:28:24.161+0000] {processor.py:161} INFO - Started process (PID=2903) to work on /opt/airflow/dags/extraction_dag.py
[2026-09-18T14:28:24.162+0000] {processor.py:830} INFO - Processing file /opt/airflow/dags/extraction_dag.py for tasks to queue
[2026-09-18T14:28:24.163+0000] {logging_mixin.py:188} INFO - [2026-09-18T14:28:24.162+0000] {dagbag.py:545} INFO - Filling up the DagBag from /opt/airflow/dags/extraction_dag.py
[2026-09-18T14:28:24.176+0000] {processor.py:840} INFO - DAG(s) 'data_extraction' retrieved from /opt/airflow/dags/extraction_dag.py
[2026-09-18T14:28:24.204+0000] {logging_mixin.py:188} INFO - [2026-09-18T14:28:24.204+0000] {dag.py:3096} INFO - Sync 1 DAGs
[2026-09-18T14:28:24.218+0000] {logging_mixin.py:188} INFO - [2026-09-18T14:28:24.218+0000] {dag.py:3954} INFO - Setting next_dagrun for data_extraction to None, run_after=None
[2026-09-18T14:28:24.245+0000] {processor.py:183} INFO - Processing /opt/airflow/dags/extraction_dag.py took 0.093 seconds
[2026-09-18T14:28:54.360+0000] {processor.py:161} INFO - Started process (PID=2911) to work on /opt/airflow/dags/extraction_dag.py
[2026-09-18T14:28:54.362+0000] {processor.py:830} INFO - Processing file /opt/airflow/dags/extraction_dag.py for tasks to queue
[2026-09-18T14:28:54.363+0000] {logging_mixin.py:188} INFO - [2026-09-18T14:28:54.363+0000] {dagbag.py:545} INFO - Filling up the DagBag from /opt/airflow/dags/extraction_dag.py
[2026-09-18T14:28:54.375+0000] {processor.py:840} INFO - DAG(s) 'data_extraction' retrieved from /opt/airflow/dags/extraction_dag.py
[2026-09-18T14:28:54.403+0000] {logging_mixin.py:188} INFO - [2026-09-18T14:28:54.402+0000] {dag.py:3096} INFO - Sync 1 DAGs
[2026-09-18T14:28:54.416+0000] {logging_mixin.py:188} INFO - [2026-09-18T14:28:54.416+0000] {dag.py:3954} INFO - Setting next_dagrun for data_extraction to None, run_after=None
[2026-09-18T14:28:54.443+0000] {processor.py:183} INFO - Processing /opt/airflow/dags/extraction_dag.py took 0.090 seconds
[2026-09-18T14:29:24.736+0000] {processor.py:161} INFO - Started process (PID=2919) to work on /opt/airflow/dags/extraction_dag.py
[2026-09-18T14:29:24.737+0000] {processor.py:830} INFO - Processing file /opt/airflow/dags/extraction_dag.py for tasks to queue
[2026-09-18T14:29:24.738+0000] {logging_mixin.py:188} INFO - [2026-09-18T14:29:24.737+0000] {dagbag.py:545} INFO - Filling up the DagBag from /opt/airflow/dags/extraction_dag.py
[2026-09-18T14:29:24.752+0000] {processor.py:840} INFO - DAG(s) 'data_extraction' retrieved from /opt/airflow/dags/extraction_dag.py
[2026-09-18T14:29:24.784+0000] {logging_mixin.py:188} INFO - [2026-09-18T14:29:24.784+0000] {dag.py:3096} INFO - Sync 1 DAGs
[2026-09-18T14:29:24.800+0000] {logging_mixin.py:188} INFO - [2026-09-18T14:29:24.800+0000] {dag.py:3954} INFO - Setting next_dagrun for data_extraction to None, run_after=None
[2026-09-18T14:29:24.830+0000] {processor.py:183} INFO - Processing /opt/airflow/dags/extraction_dag.py took 0.103 seconds
[2026-09-18T14:29:55.080+0000] {processor.py:161} INFO - Started process (PID=2927) to work on /opt/airflow/dags/extraction_dag.py
[2026-09-18T14:29:55.082+0000] {processor.py:830} INFO - Processing file /opt/airflow/dags/extraction_dag.py for tasks to queue
[2026-09-18T14:29:55.083+0000] {logging_mixin.py:188} INFO - [2026-09-18T14:29:55.082+0000] {dagbag.py:545} INFO - Filling up the DagBag from /opt/airflow/dags/extraction_dag.py
[2026-09-18T14:29:55.096+0000] {processor.py:840} INFO - DAG(s) 'data_extraction' retrieved from /opt/airflow/dags/extraction_dag.py
[2026-09-18T14:29:55.129+0000] {logging_mixin.py:188} INFO - [2026-09-18T14:29:55.128+0000] {dag.py:3096} INFO - Sync 1 DAGs
[2026-09-18T14:29:55.148+0000] {logging_mixin.py:188} INFO - [2026-09-18T14:29:55.148+0000] {dag.py:3954} INFO - Setting next_dagrun for data_extraction to None, run_after=None
[2026-09-18T14:29:55.176+0000] {processor.py:183} INFO - Processing /opt/airflow/dags/extraction_dag.py took 0.104 seconds
[2026-09-18T14:30:25.389+0000] {processor.py:161} INFO - Started process (PID=2935) to work on /opt/airflow/dags/extraction_dag.py
[2026-09-18T14:30:25.390+0000] {processor.py:830} INFO - Processing file /opt/airflow/dags/extraction_dag.py for tasks to queue
[2026-09-18T14:30:25.391+0000] {logging_mixin.py:188} INFO - [2026-09-18T14:30:25.391+0000] {dagbag.py:545} INFO - Filling up the DagBag from /opt/airflow/dags/extraction_dag.py
[2026-09-18T14:30:25.405+0000] {processor.py:840} INFO - DAG(s) 'data_extraction' retrieved from /opt/airflow/dags/extraction_dag.py
[2026-09-18T14:30:25.436+0000] {logging_mixin.py:188} INFO - [2026-09-18T14:30:25.435+0000] {dag.py:3096} INFO - Sync 1 DAGs
[2026-09-18T14:30:25.450+0000] {logging_mixin.py:188} INFO - [2026-09-18T14:30:25.449+0000] {dag.py:3954} INFO - Setting next_dagrun for data_extraction to None, run_after=None
[2026-09-18T14:30:25.475+0000] {processor.py:183} INFO - Processing /opt/airflow/dags/extraction_dag.py took 0.095 seconds
[2026-09-18T14:30:55.773+0000] {processor.py:161} INFO - Started process (PID=2943) to work on /opt/airflow/dags/extraction_dag.py
[2026-09-18T14:30:55.775+0000] {processor.py:830} INFO - Processing file /opt/airflow/dags/extraction_dag.py for tasks to queue
[2026-09-18T14:30:55.776+0000] {logging_mixin.py:188} INFO - [2026-09-18T14:30:55.776+0000] {dagbag.py:545} INFO - Filling up the DagBag from /opt/airflow/dags/extraction_dag.py
[2026-09-18T14:30:55.789+0000] {processor.py:840} INFO - DAG(s) 'data_extraction' retrieved from /opt/airflow/dags/extraction_dag.py
[2026-09-18T14:30:55.822+0000] {logging_mixin.py:188} INFO - [2026-09-18T14:30:55.822+0000] {dag.py:3096} INFO - Sync 1 DAGs
[2026-09-18T14:30:55.836+0000] {logging_mixin.py:188} INFO - [2026-09-18T14:30:55.836+0000] {dag.py:3954} INFO - Setting next_dagrun for data_extraction to None, run_after=None
[2026-09-18T14:30:55.879+0000] {processor.py:183} INFO - Processing /opt/airflow/dags/extraction_dag.py took 0.115 seconds
[2026-09-18T14:31:26.155+0000] {processor.py:161} INFO - Started process (PID=2951) to work on /opt/airflow/dags/extraction_dag.py
[2026-09-18T14:31:26.157+0000] {processor.py:830} INFO - Processing file /opt/airflow/dags/extraction_dag.py for tasks to queue
[2026-09-18T14:31:26.158+0000] {logging_mixin.py:188} INFO - [2026-09-18T14:31:26.158+0000] {dagbag.py:545} INFO - Filling up the DagBag from /opt/airflow/dags/extraction_dag.py
[2026-09-18T14:31:26.172+0000] {processor.py:840} INFO - DAG(s) 'data_extraction' retrieved from /opt/airflow/dags/extraction_dag.py
[2026-09-18T14:31:26.207+0000] {logging_mixin.py:188} INFO - [2026-09-18T14:31:26.207+0000] {dag.py:3096} INFO - Sync 1 DAGs
[2026-09-18T14:31:26.226+0000] {logging_mixin.py:188} INFO - [2026-09-18T14:31:26.226+0000] {dag.py:3954} INFO - Setting next_dagrun for data_extraction to None, run_after=None
[2026-09-18T14:31:26.251+0000] {processor.py:183} INFO - Processing /opt/airflow/dags/extraction_dag.py took 0.106 seconds
[2026-09-18T14:31:56.472+0000] {processor.py:161} INFO - Started process (PID=2959) to work on /opt/airflow/dags/extraction_dag.py
[2026-09-18T14:31:56.473+0000] {processor.py:830} INFO - Processing file /opt/airflow/dags/extraction_dag.py for tasks to queue
[2026-09-18T14:31:56.474+0000] {logging_mixin.py:188} INFO - [2026-09-18T14:31:56.473+0000] {dagbag.py:545} INFO - Filling up the DagBag from /opt/airflow/dags/extraction_dag.py
[2026-09-18T14:31:56.488+0000] {processor.py:840} INFO - DAG(s) 'data_extraction' retrieved from /opt/airflow/dags/extraction_dag.py
[2026-09-18T14:31:56.520+0000] {logging_mixin.py:188} INFO - [2026-09-18T14:31:56.519+0000] {dag.py:3096} INFO - Sync 1 DAGs
[2026-09-18T14:31:56.535+0000] {logging_mixin.py:188} INFO - [2026-09-18T14:31:56.535+0000] {dag.py:3954} INFO - Setting next_dagrun for data_extraction to None, run_after=None
[2026-09-18T14:31:56.565+0000] {processor.py:183} INFO - Processing /opt/airflow/dags/extraction_dag.py took 0.101 seconds
[2026-09-18T14:32:26.660+0000] {processor.py:161} INFO - Started process (PID=2967) to work on /opt/airflow/dags/extraction_dag.py
[2026-09-18T14:32:26.661+0000] {processor.py:830} INFO - Processing file /opt/airflow/dags/extraction_dag.py for tasks to queue
[2026-09-18T14:32:26.663+0000] {logging_mixin.py:188} INFO - [2026-09-18T14:32:26.662+0000] {dagbag.py:545} INFO - Filling up the DagBag from /opt/airflow/dags/extraction_dag.py
[2026-09-18T14:32:26.676+0000] {processor.py:840} INFO - DAG(s) 'data_extraction' retrieved from /opt/airflow/dags/extraction_dag.py
[2026-09-18T14:32:26.709+0000] {logging_mixin.py:188} INFO - [2026-09-18T14:32:26.709+0000] {dag.py:3096} INFO - Sync 1 DAGs
[2026-09-18T14:32:26.725+0000] {logging_mixin.py:188} INFO - [2026-09-18T14:32:26.724+0000] {dag.py:3954} INFO - Setting next_dagrun for data_extraction to None, run_after=None
[2026-09-18T14:32:26.751+0000] {processor.py:183} INFO - Processing /opt/airflow/dags/extraction_dag.py took 0.101 seconds
[2026-09-18T14:32:57.003+0000] {processor.py:161} INFO - Started process (PID=2975) to work on /opt/airflow/dags/extraction_dag.py
[2026-09-18T14:32:57.004+0000] {processor.py:830} INFO - Processing file /opt/airflow/dags/extraction_dag.py for tasks to queue
[2026-09-18T14:32:57.005+0000] {logging_mixin.py:188} INFO - [2026-09-18T14:32:57.005+0000] {dagbag.py:545} INFO - Filling up the DagBag from /opt/airflow/dags/extraction_dag.py
[2026-09-18T14:32:57.019+0000] {processor.py:840} INFO - DAG(s) 'data_extraction' retrieved from /opt/airflow/dags/extraction_dag.py
[2026-09-18T14:32:57.050+0000] {logging_mixin.py:188} INFO - [2026-09-18T14:32:57.050+0000] {dag.py:3096} INFO - Sync 1 DAGs
[2026-09-18T14:32:57.066+0000] {logging_mixin.py:188} INFO - [2026-09-18T14:32:57.065+0000] {dag.py:3954} INFO - Setting next_dagrun for data_extraction to None, run_after=None
[2026-09-18T14:32:57.089+0000] {processor.py:183} INFO - Processing /opt/airflow/dags/extraction_dag.py took 0.094 seconds
[2026-09-18T14:33:27.319+0000] {processor.py:161} INFO - Started process (PID=2983) to work on /opt/airflow/dags/extraction_dag.py
[2026-09-18T14:33:27.321+0000] {processor.py:830} INFO - Processing file /opt/airflow/dags/extraction_dag.py for tasks to queue
[2026-09-18T14:33:27.322+0000] {logging_mixin.py:188} INFO - [2026-09-18T14:33:27.321+0000] {dagbag.py:545} INFO - Filling up the DagBag from /opt/airflow/dags/extraction_dag.py
[2026-09-18T14:33:27.338+0000] {processor.py:840} INFO - DAG(s) 'data_extraction' retrieved from /opt/airflow/dags/extraction_dag.py
[2026-09-18T14:33:27.368+0000] {logging_mixin.py:188} INFO - [2026-09-18T14:33:27.367+0000] {dag.py:3096} INFO - Sync 1 DAGs
[2026-09-18T14:33:27.383+0000] {logging_mixin.py:188} INFO - [2026-09-18T14:33:27.383+0000] {dag.py:3954} INFO - Setting next_dagrun for data_extraction to None, run_after=None
[2026-09-18T14:33:27.408+0000] {processor.py:183} INFO - Processing /opt/airflow/dags/extraction_dag.py took 0.099 seconds
[2026-09-18T14:33:58.442+0000] {processor.py:161} INFO - Started process (PID=2997) to work on /opt/airflow/dags/extraction_dag.py
[2026-09-18T14:33:58.444+0000] {processor.py:830} INFO - Processing file /opt/airflow/dags/extraction_dag.py for tasks to queue
[2026-09-18T14:33:58.445+0000] {logging_mixin.py:188} INFO - [2026-09-18T14:33:58.445+0000] {dagbag.py:545} INFO - Filling up the DagBag from /opt/airflow/dags/extraction_dag.py
[2026-09-18T14:33:58.458+0000] {processor.py:840} INFO - DAG(s) 'data_extraction' retrieved from /opt/airflow/dags/extraction_dag.py
[2026-09-18T14:33:58.502+0000] {logging_mixin.py:188} INFO - [2026-09-18T14:33:58.502+0000] {dag.py:3096} INFO - Sync 1 DAGs
[2026-09-18T14:33:58.517+0000] {logging_mixin.py:188} INFO - [2026-09-18T14:33:58.517+0000] {dag.py:3954} INFO - Setting next_dagrun for data_extraction to None, run_after=None
[2026-09-18T14:33:58.544+0000] {processor.py:183} INFO - Processing /opt/airflow/dags/extraction_dag.py took 0.112 seconds
[2026-09-18T14:34:28.699+0000] {processor.py:161} INFO - Started process (PID=3005) to work on /opt/airflow/dags/extraction_dag.py
[2026-09-18T14:34:28.700+0000] {processor.py:830} INFO - Processing file /opt/airflow/dags/extraction_dag.py for tasks to queue
[2026-09-18T14:34:28.702+0000] {logging_mixin.py:188} INFO - [2026-09-18T14:34:28.701+0000] {dagbag.py:545} INFO - Filling up the DagBag from /opt/airflow/dags/extraction_dag.py
[2026-09-18T14:34:28.716+0000] {processor.py:840} INFO - DAG(s) 'data_extraction' retrieved from /opt/airflow/dags/extraction_dag.py
[2026-09-18T14:34:28.753+0000] {logging_mixin.py:188} INFO - [2026-09-18T14:34:28.753+0000] {dag.py:3096} INFO - Sync 1 DAGs
[2026-09-18T14:34:28.765+0000] {logging_mixin.py:188} INFO - [2026-09-18T14:34:28.765+0000] {dag.py:3954} INFO - Setting next_dagrun for data_extraction to None, run_after=None
[2026-09-18T14:34:28.787+0000] {processor.py:183} INFO - Processing /opt/airflow/dags/extraction_dag.py took 0.097 seconds
[2026-09-18T14:38:03.919+0000] {processor.py:161} INFO - Started process (PID=3013) to work on /opt/airflow/dags/extraction_dag.py
[2026-09-18T14:38:03.936+0000] {processor.py:830} INFO - Processing file /opt/airflow/dags/extraction_dag.py for tasks to queue
[2026-09-18T14:38:03.941+0000] {logging_mixin.py:188} INFO - [2026-09-18T14:38:03.940+0000] {dagbag.py:545} INFO - Filling up the DagBag from /opt/airflow/dags/extraction_dag.py
[2026-09-18T14:38:04.124+0000] {processor.py:840} INFO - DAG(s) 'data_extraction' retrieved from /opt/airflow/dags/extraction_dag.py
[2026-09-18T14:38:04.186+0000] {logging_mixin.py:188} INFO - [2026-09-18T14:38:04.185+0000] {dag.py:3096} INFO - Sync 1 DAGs
[2026-09-18T14:38:04.217+0000] {logging_mixin.py:188} INFO - [2026-09-18T14:38:04.217+0000] {dag.py:3954} INFO - Setting next_dagrun for data_extraction to None, run_after=None
[2026-09-18T14:38:04.248+0000] {processor.py:183} INFO - Processing /opt/airflow/dags/extraction_dag.py took 0.437 seconds
[2026-09-18T14:38:34.776+0000] {processor.py:161} INFO - Started process (PID=3021) to work on /opt/airflow/dags/extraction_dag.py
[2026-09-18T14:38:34.777+0000] {processor.py:830} INFO - Processing file /opt/airflow/dags/extraction_dag.py for tasks to queue
[2026-09-18T14:38:34.778+0000] {logging_mixin.py:188} INFO - [2026-09-18T14:38:34.778+0000] {dagbag.py:545} INFO - Filling up the DagBag from /opt/airflow/dags/extraction_dag.py
[2026-09-18T14:38:34.791+0000] {processor.py:840} INFO - DAG(s) 'data_extraction' retrieved from /opt/airflow/dags/extraction_dag.py
[2026-09-18T14:38:34.820+0000] {logging_mixin.py:188} INFO - [2026-09-18T14:38:34.820+0000] {dag.py:3096} INFO - Sync 1 DAGs
[2026-09-18T14:38:34.833+0000] {logging_mixin.py:188} INFO - [2026-09-18T14:38:34.832+0000] {dag.py:3954} INFO - Setting next_dagrun for data_extraction to None, run_after=None
[2026-09-18T14:38:34.860+0000] {processor.py:183} INFO - Processing /opt/airflow/dags/extraction_dag.py took 0.092 seconds
[2026-09-18T14:39:05.640+0000] {processor.py:161} INFO - Started process (PID=3029) to work on /opt/airflow/dags/extraction_dag.py
[2026-09-18T14:39:05.642+0000] {processor.py:830} INFO - Processing file /opt/airflow/dags/extraction_dag.py for tasks to queue
[2026-09-18T14:39:05.643+0000] {logging_mixin.py:188} INFO - [2026-09-18T14:39:05.643+0000] {dagbag.py:545} INFO - Filling up the DagBag from /opt/airflow/dags/extraction_dag.py
[2026-09-18T14:39:05.660+0000] {processor.py:840} INFO - DAG(s) 'data_extraction' retrieved from /opt/airflow/dags/extraction_dag.py
[2026-09-18T14:39:05.694+0000] {logging_mixin.py:188} INFO - [2026-09-18T14:39:05.694+0000] {dag.py:3096} INFO - Sync 1 DAGs
[2026-09-18T14:39:05.706+0000] {logging_mixin.py:188} INFO - [2026-09-18T14:39:05.706+0000] {dag.py:3954} INFO - Setting next_dagrun for data_extraction to None, run_after=None
[2026-09-18T14:39:05.737+0000] {processor.py:183} INFO - Processing /opt/airflow/dags/extraction_dag.py took 0.105 seconds
[2026-09-18T14:39:36.233+0000] {processor.py:161} INFO - Started process (PID=3037) to work on /opt/airflow/dags/extraction_dag.py
[2026-09-18T14:39:36.234+0000] {processor.py:830} INFO - Processing file /opt/airflow/dags/extraction_dag.py for tasks to queue
[2026-09-18T14:39:36.235+0000] {logging_mixin.py:188} INFO - [2026-09-18T14:39:36.234+0000] {dagbag.py:545} INFO - Filling up the DagBag from /opt/airflow/dags/extraction_dag.py
[2026-09-18T14:39:36.250+0000] {processor.py:840} INFO - DAG(s) 'data_extraction' retrieved from /opt/airflow/dags/extraction_dag.py
[2026-09-18T14:39:36.286+0000] {logging_mixin.py:188} INFO - [2026-09-18T14:39:36.286+0000] {dag.py:3096} INFO - Sync 1 DAGs
[2026-09-18T14:39:36.307+0000] {logging_mixin.py:188} INFO - [2026-09-18T14:39:36.307+0000] {dag.py:3954} INFO - Setting next_dagrun for data_extraction to None, run_after=None
[2026-09-18T14:39:36.339+0000] {processor.py:183} INFO - Processing /opt/airflow/dags/extraction_dag.py took 0.113 seconds
[2026-09-18T14:40:07.128+0000] {processor.py:161} INFO - Started process (PID=3045) to work on /opt/airflow/dags/extraction_dag.py
[2026-09-18T14:40:07.130+0000] {processor.py:830} INFO - Processing file /opt/airflow/dags/extraction_dag.py for tasks to queue
[2026-09-18T14:40:07.131+0000] {logging_mixin.py:188} INFO - [2026-09-18T14:40:07.130+0000] {dagbag.py:545} INFO - Filling up the DagBag from /opt/airflow/dags/extraction_dag.py
[2026-09-18T14:40:07.144+0000] {processor.py:840} INFO - DAG(s) 'data_extraction' retrieved from /opt/airflow/dags/extraction_dag.py
[2026-09-18T14:40:07.175+0000] {logging_mixin.py:188} INFO - [2026-09-18T14:40:07.175+0000] {dag.py:3096} INFO - Sync 1 DAGs
[2026-09-18T14:40:07.191+0000] {logging_mixin.py:188} INFO - [2026-09-18T14:40:07.191+0000] {dag.py:3954} INFO - Setting next_dagrun for data_extraction to None, run_after=None
[2026-09-18T14:40:07.221+0000] {processor.py:183} INFO - Processing /opt/airflow/dags/extraction_dag.py took 0.101 seconds
[2026-09-18T14:40:37.818+0000] {processor.py:161} INFO - Started process (PID=3053) to work on /opt/airflow/dags/extraction_dag.py
[2026-09-18T14:40:37.820+0000] {processor.py:830} INFO - Processing file /opt/airflow/dags/extraction_dag.py for tasks to queue
[2026-09-18T14:40:37.820+0000] {logging_mixin.py:188} INFO - [2026-09-18T14:40:37.820+0000] {dagbag.py:545} INFO - Filling up the DagBag from /opt/airflow/dags/extraction_dag.py
[2026-09-18T14:40:37.832+0000] {processor.py:840} INFO - DAG(s) 'data_extraction' retrieved from /opt/airflow/dags/extraction_dag.py
[2026-09-18T14:40:37.876+0000] {logging_mixin.py:188} INFO - [2026-09-18T14:40:37.876+0000] {dag.py:3096} INFO - Sync 1 DAGs
[2026-09-18T14:40:37.890+0000] {logging_mixin.py:188} INFO - [2026-09-18T14:40:37.889+0000] {dag.py:3954} INFO - Setting next_dagrun for data_extraction to None, run_after=None
[2026-09-18T14:40:37.912+0000] {processor.py:183} INFO - Processing /opt/airflow/dags/extraction_dag.py took 0.102 seconds
[2026-09-18T14:41:08.765+0000] {processor.py:161} INFO - Started process (PID=3061) to work on /opt/airflow/dags/extraction_dag.py
[2026-09-18T14:41:08.766+0000] {processor.py:830} INFO - Processing file /opt/airflow/dags/extraction_dag.py for tasks to queue
[2026-09-18T14:41:08.767+0000] {logging_mixin.py:188} INFO - [2026-09-18T14:41:08.767+0000] {dagbag.py:545} INFO - Filling up the DagBag from /opt/airflow/dags/extraction_dag.py
[2026-09-18T14:41:08.782+0000] {processor.py:840} INFO - DAG(s) 'data_extraction' retrieved from /opt/airflow/dags/extraction_dag.py
[2026-09-18T14:41:08.813+0000] {logging_mixin.py:188} INFO - [2026-09-18T14:41:08.812+0000] {dag.py:3096} INFO - Sync 1 DAGs
[2026-09-18T14:41:08.826+0000] {logging_mixin.py:188} INFO - [2026-09-18T14:41:08.826+0000] {dag.py:3954} INFO - Setting next_dagrun for data_extraction to None, run_after=None
[2026-09-18T14:41:08.850+0000] {processor.py:183} INFO - Processing /opt/airflow/dags/extraction_dag.py took 0.094 seconds
[2026-09-18T14:41:39.357+0000] {processor.py:161} INFO - Started process (PID=3069) to work on /opt/airflow/dags/extraction_dag.py
[2026-09-18T14:41:39.359+0000] {processor.py:830} INFO - Processing file /opt/airflow/dags/extraction_dag.py for tasks to queue
[2026-09-18T14:41:39.360+0000] {logging_mixin.py:188} INFO - [2026-09-18T14:41:39.359+0000] {dagbag.py:545} INFO - Filling up the DagBag from /opt/airflow/dags/extraction_dag.py
[2026-09-18T14:41:39.370+0000] {processor.py:840} INFO - DAG(s) 'data_extraction' retrieved from /opt/airflow/dags/extraction_dag.py
[2026-09-18T14:41:39.395+0000] {logging_mixin.py:188} INFO - [2026-09-18T14:41:39.395+0000] {dag.py:3096} INFO - Sync 1 DAGs
[2026-09-18T14:41:39.407+0000] {logging_mixin.py:188} INFO - [2026-09-18T14:41:39.407+0000] {dag.py:3954} INFO - Setting next_dagrun for data_extraction to None, run_after=None
[2026-09-18T14:41:39.433+0000] {processor.py:183} INFO - Processing /opt/airflow/dags/extraction_dag.py took 0.082 seconds
[2026-09-18T14:42:10.101+0000] {processor.py:161} INFO - Started process (PID=3077) to work on /opt/airflow/dags/extraction_dag.py
[2026-09-18T14:42:10.102+0000] {processor.py:830} INFO - Processing file /opt/airflow/dags/extraction_dag.py for tasks to queue
[2026-09-18T14:42:10.103+0000] {logging_mixin.py:188} INFO - [2026-09-18T14:42:10.103+0000] {dagbag.py:545} INFO - Filling up the DagBag from /opt/airflow/dags/extraction_dag.py
[2026-09-18T14:42:10.117+0000] {processor.py:840} INFO - DAG(s) 'data_extraction' retrieved from /opt/airflow/dags/extraction_dag.py
[2026-09-18T14:42:10.150+0000] {logging_mixin.py:188} INFO - [2026-09-18T14:42:10.150+0000] {dag.py:3096} INFO - Sync 1 DAGs
[2026-09-18T14:42:10.168+0000] {logging_mixin.py:188} INFO - [2026-09-18T14:42:10.168+0000] {dag.py:3954} INFO - Setting next_dagrun for data_extraction to None, run_after=None
[2026-09-18T14:42:10.204+0000] {processor.py:183} INFO - Processing /opt/airflow/dags/extraction_dag.py took 0.108 seconds
[2026-09-18T14:42:40.876+0000] {processor.py:161} INFO - Started process (PID=3085) to work on /opt/airflow/dags/extraction_dag.py
[2026-09-18T14:42:40.878+0000] {processor.py:830} INFO - Processing file /opt/airflow/dags/extraction_dag.py for tasks to queue
[2026-09-18T14:42:40.879+0000] {logging_mixin.py:188} INFO - [2026-09-18T14:42:40.879+0000] {dagbag.py:545} INFO - Filling up the DagBag from /opt/airflow/dags/extraction_dag.py
[2026-09-18T14:42:40.894+0000] {processor.py:840} INFO - DAG(s) 'data_extraction' retrieved from /opt/airflow/dags/extraction_dag.py
[2026-09-18T14:42:40.930+0000] {logging_mixin.py:188} INFO - [2026-09-18T14:42:40.930+0000] {dag.py:3096} INFO - Sync 1 DAGs
[2026-09-18T14:42:40.949+0000] {logging_mixin.py:188} INFO - [2026-09-18T14:42:40.948+0000] {dag.py:3954} INFO - Setting next_dagrun for data_extraction to None, run_after=None
[2026-09-18T14:42:40.980+0000] {processor.py:183} INFO - Processing /opt/airflow/dags/extraction_dag.py took 0.114 seconds
[2026-09-18T14:43:11.264+0000] {processor.py:161} INFO - Started process (PID=3093) to work on /opt/airflow/dags/extraction_dag.py
[2026-09-18T14:43:11.265+0000] {processor.py:830} INFO - Processing file /opt/airflow/dags/extraction_dag.py for tasks to queue
[2026-09-18T14:43:11.266+0000] {logging_mixin.py:188} INFO - [2026-09-18T14:43:11.266+0000] {dagbag.py:545} INFO - Filling up the DagBag from /opt/airflow/dags/extraction_dag.py
[2026-09-18T14:43:11.279+0000] {processor.py:840} INFO - DAG(s) 'data_extraction' retrieved from /opt/airflow/dags/extraction_dag.py
[2026-09-18T14:43:11.305+0000] {logging_mixin.py:188} INFO - [2026-09-18T14:43:11.305+0000] {dag.py:3096} INFO - Sync 1 DAGs
[2026-09-18T14:43:11.318+0000] {logging_mixin.py:188} INFO - [2026-09-18T14:43:11.318+0000] {dag.py:3954} INFO - Setting next_dagrun for data_extraction to None, run_after=None
[2026-09-18T14:43:11.345+0000] {processor.py:183} INFO - Processing /opt/airflow/dags/extraction_dag.py took 0.089 seconds
[2026-09-18T14:43:41.609+0000] {processor.py:161} INFO - Started process (PID=3102) to work on /opt/airflow/dags/extraction_dag.py
[2026-09-18T14:43:41.611+0000] {processor.py:830} INFO - Processing file /opt/airflow/dags/extraction_dag.py for tasks to queue
[2026-09-18T14:43:41.612+0000] {logging_mixin.py:188} INFO - [2026-09-18T14:43:41.611+0000] {dagbag.py:545} INFO - Filling up the DagBag from /opt/airflow/dags/extraction_dag.py
[2026-09-18T14:43:41.626+0000] {processor.py:840} INFO - DAG(s) 'data_extraction' retrieved from /opt/airflow/dags/extraction_dag.py
[2026-09-18T14:43:41.657+0000] {logging_mixin.py:188} INFO - [2026-09-18T14:43:41.657+0000] {dag.py:3096} INFO - Sync 1 DAGs
[2026-09-18T14:43:41.676+0000] {logging_mixin.py:188} INFO - [2026-09-18T14:43:41.676+0000] {dag.py:3954} INFO - Setting next_dagrun for data_extraction to None, run_after=None
[2026-09-18T14:43:41.701+0000] {processor.py:183} INFO - Processing /opt/airflow/dags/extraction_dag.py took 0.103 seconds
[2026-09-18T14:44:12.323+0000] {processor.py:161} INFO - Started process (PID=3116) to work on /opt/airflow/dags/extraction_dag.py
[2026-09-18T14:44:12.326+0000] {processor.py:830} INFO - Processing file /opt/airflow/dags/extraction_dag.py for tasks to queue
[2026-09-18T14:44:12.327+0000] {logging_mixin.py:188} INFO - [2026-09-18T14:44:12.326+0000] {dagbag.py:545} INFO - Filling up the DagBag from /opt/airflow/dags/extraction_dag.py
[2026-09-18T14:44:12.339+0000] {processor.py:840} INFO - DAG(s) 'data_extraction' retrieved from /opt/airflow/dags/extraction_dag.py
[2026-09-18T14:44:12.373+0000] {logging_mixin.py:188} INFO - [2026-09-18T14:44:12.373+0000] {dag.py:3096} INFO - Sync 1 DAGs
[2026-09-18T14:44:12.392+0000] {logging_mixin.py:188} INFO - [2026-09-18T14:44:12.391+0000] {dag.py:3954} INFO - Setting next_dagrun for data_extraction to None, run_after=None
[2026-09-18T14:44:12.418+0000] {processor.py:183} INFO - Processing /opt/airflow/dags/extraction_dag.py took 0.106 seconds
[2026-09-18T14:44:43.116+0000] {processor.py:161} INFO - Started process (PID=3124) to work on /opt/airflow/dags/extraction_dag.py
[2026-09-18T14:44:43.117+0000] {processor.py:830} INFO - Processing file /opt/airflow/dags/extraction_dag.py for tasks to queue
[2026-09-18T14:44:43.118+0000] {logging_mixin.py:188} INFO - [2026-09-18T14:44:43.118+0000] {dagbag.py:545} INFO - Filling up the DagBag from /opt/airflow/dags/extraction_dag.py
[2026-09-18T14:44:43.133+0000] {processor.py:840} INFO - DAG(s) 'data_extraction' retrieved from /opt/airflow/dags/extraction_dag.py
[2026-09-18T14:44:43.166+0000] {logging_mixin.py:188} INFO - [2026-09-18T14:44:43.165+0000] {dag.py:3096} INFO - Sync 1 DAGs
[2026-09-18T14:44:43.179+0000] {logging_mixin.py:188} INFO - [2026-09-18T14:44:43.179+0000] {dag.py:3954} INFO - Setting next_dagrun for data_extraction to None, run_after=None
[2026-09-18T14:44:43.208+0000] {processor.py:183} INFO - Processing /opt/airflow/dags/extraction_dag.py took 0.102 seconds
[2026-09-18T14:45:13.820+0000] {processor.py:161} INFO - Started process (PID=3132) to work on /opt/airflow/dags/extraction_dag.py
[2026-09-18T14:45:13.823+0000] {processor.py:830} INFO - Processing file /opt/airflow/dags/extraction_dag.py for tasks to queue
[2026-09-18T14:45:13.824+0000] {logging_mixin.py:188} INFO - [2026-09-18T14:45:13.824+0000] {dagbag.py:545} INFO - Filling up the DagBag from /opt/airflow/dags/extraction_dag.py
[2026-09-18T14:45:13.841+0000] {processor.py:840} INFO - DAG(s) 'data_extraction' retrieved from /opt/airflow/dags/extraction_dag.py
[2026-09-18T14:45:13.876+0000] {logging_mixin.py:188} INFO - [2026-09-18T14:45:13.875+0000] {dag.py:3096} INFO - Sync 1 DAGs
[2026-09-18T14:45:13.890+0000] {logging_mixin.py:188} INFO - [2026-09-18T14:45:13.890+0000] {dag.py:3954} INFO - Setting next_dagrun for data_extraction to None, run_after=None
[2026-09-18T14:45:13.915+0000] {processor.py:183} INFO - Processing /opt/airflow/dags/extraction_dag.py took 0.105 seconds
[2026-09-18T14:45:44.613+0000] {processor.py:161} INFO - Started process (PID=3140) to work on /opt/airflow/dags/extraction_dag.py
[2026-09-18T14:45:44.614+0000] {processor.py:830} INFO - Processing file /opt/airflow/dags/extraction_dag.py for tasks to queue
[2026-09-18T14:45:44.615+0000] {logging_mixin.py:188} INFO - [2026-09-18T14:45:44.615+0000] {dagbag.py:545} INFO - Filling up the DagBag from /opt/airflow/dags/extraction_dag.py
[2026-09-18T14:45:44.633+0000] {processor.py:840} INFO - DAG(s) 'data_extraction' retrieved from /opt/airflow/dags/extraction_dag.py
[2026-09-18T14:45:44.669+0000] {logging_mixin.py:188} INFO - [2026-09-18T14:45:44.668+0000] {dag.py:3096} INFO - Sync 1 DAGs
[2026-09-18T14:45:44.688+0000] {logging_mixin.py:188} INFO - [2026-09-18T14:45:44.687+0000] {dag.py:3954} INFO - Setting next_dagrun for data_extraction to None, run_after=None
[2026-09-18T14:45:44.713+0000] {processor.py:183} INFO - Processing /opt/airflow/dags/extraction_dag.py took 0.111 seconds
[2026-09-18T14:46:15.397+0000] {processor.py:161} INFO - Started process (PID=3148) to work on /opt/airflow/dags/extraction_dag.py
[2026-09-18T14:46:15.399+0000] {processor.py:830} INFO - Processing file /opt/airflow/dags/extraction_dag.py for tasks to queue
[2026-09-18T14:46:15.400+0000] {logging_mixin.py:188} INFO - [2026-09-18T14:46:15.399+0000] {dagbag.py:545} INFO - Filling up the DagBag from /opt/airflow/dags/extraction_dag.py
[2026-09-18T14:46:15.412+0000] {processor.py:840} INFO - DAG(s) 'data_extraction' retrieved from /opt/airflow/dags/extraction_dag.py
[2026-09-18T14:46:15.442+0000] {logging_mixin.py:188} INFO - [2026-09-18T14:46:15.442+0000] {dag.py:3096} INFO - Sync 1 DAGs
[2026-09-18T14:46:15.455+0000] {logging_mixin.py:188} INFO - [2026-09-18T14:46:15.454+0000] {dag.py:3954} INFO - Setting next_dagrun for data_extraction to None, run_after=None
[2026-09-18T14:46:15.485+0000] {processor.py:183} INFO - Processing /opt/airflow/dags/extraction_dag.py took 0.095 seconds
[2026-09-18T14:46:46.264+0000] {processor.py:161} INFO - Started process (PID=3156) to work on /opt/airflow/dags/extraction_dag.py
[2026-09-18T14:46:46.265+0000] {processor.py:830} INFO - Processing file /opt/airflow/dags/extraction_dag.py for tasks to queue
[2026-09-18T14:46:46.266+0000] {logging_mixin.py:188} INFO - [2026-09-18T14:46:46.265+0000] {dagbag.py:545} INFO - Filling up the DagBag from /opt/airflow/dags/extraction_dag.py
[2026-09-18T14:46:46.275+0000] {processor.py:840} INFO - DAG(s) 'data_extraction' retrieved from /opt/airflow/dags/extraction_dag.py
[2026-09-18T14:46:46.298+0000] {logging_mixin.py:188} INFO - [2026-09-18T14:46:46.297+0000] {dag.py:3096} INFO - Sync 1 DAGs
[2026-09-18T14:46:46.307+0000] {logging_mixin.py:188} INFO - [2026-09-18T14:46:46.307+0000] {dag.py:3954} INFO - Setting next_dagrun for data_extraction to None, run_after=None
[2026-09-18T14:46:46.330+0000] {processor.py:183} INFO - Processing /opt/airflow/dags/extraction_dag.py took 0.072 seconds
[2026-09-18T14:47:17.003+0000] {processor.py:161} INFO - Started process (PID=3164) to work on /opt/airflow/dags/extraction_dag.py
[2026-09-18T14:47:17.004+0000] {processor.py:830} INFO - Processing file /opt/airflow/dags/extraction_dag.py for tasks to queue
[2026-09-18T14:47:17.006+0000] {logging_mixin.py:188} INFO - [2026-09-18T14:47:17.005+0000] {dagbag.py:545} INFO - Filling up the DagBag from /opt/airflow/dags/extraction_dag.py
[2026-09-18T14:47:17.018+0000] {processor.py:840} INFO - DAG(s) 'data_extraction' retrieved from /opt/airflow/dags/extraction_dag.py
[2026-09-18T14:47:17.045+0000] {logging_mixin.py:188} INFO - [2026-09-18T14:47:17.045+0000] {dag.py:3096} INFO - Sync 1 DAGs
[2026-09-18T14:47:17.059+0000] {logging_mixin.py:188} INFO - [2026-09-18T14:47:17.059+0000] {dag.py:3954} INFO - Setting next_dagrun for data_extraction to None, run_after=None
[2026-09-18T14:47:17.083+0000] {processor.py:183} INFO - Processing /opt/airflow/dags/extraction_dag.py took 0.088 seconds
[2026-09-18T14:47:47.636+0000] {processor.py:161} INFO - Started process (PID=3173) to work on /opt/airflow/dags/extraction_dag.py
[2026-09-18T14:47:47.638+0000] {processor.py:830} INFO - Processing file /opt/airflow/dags/extraction_dag.py for tasks to queue
[2026-09-18T14:47:47.639+0000] {logging_mixin.py:188} INFO - [2026-09-18T14:47:47.639+0000] {dagbag.py:545} INFO - Filling up the DagBag from /opt/airflow/dags/extraction_dag.py
[2026-09-18T14:47:47.648+0000] {processor.py:840} INFO - DAG(s) 'data_extraction' retrieved from /opt/airflow/dags/extraction_dag.py
[2026-09-18T14:47:47.674+0000] {logging_mixin.py:188} INFO - [2026-09-18T14:47:47.674+0000] {dag.py:3096} INFO - Sync 1 DAGs
[2026-09-18T14:47:47.685+0000] {logging_mixin.py:188} INFO - [2026-09-18T14:47:47.685+0000] {dag.py:3954} INFO - Setting next_dagrun for data_extraction to None, run_after=None
[2026-09-18T14:47:47.708+0000] {processor.py:183} INFO - Processing /opt/airflow/dags/extraction_dag.py took 0.079 seconds
[2026-09-18T14:48:18.357+0000] {processor.py:161} INFO - Started process (PID=3182) to work on /opt/airflow/dags/extraction_dag.py
[2026-09-18T14:48:18.358+0000] {processor.py:830} INFO - Processing file /opt/airflow/dags/extraction_dag.py for tasks to queue
[2026-09-18T14:48:18.359+0000] {logging_mixin.py:188} INFO - [2026-09-18T14:48:18.358+0000] {dagbag.py:545} INFO - Filling up the DagBag from /opt/airflow/dags/extraction_dag.py
[2026-09-18T14:48:18.369+0000] {processor.py:840} INFO - DAG(s) 'data_extraction' retrieved from /opt/airflow/dags/extraction_dag.py
[2026-09-18T14:48:18.395+0000] {logging_mixin.py:188} INFO - [2026-09-18T14:48:18.394+0000] {dag.py:3096} INFO - Sync 1 DAGs
[2026-09-18T14:48:18.407+0000] {logging_mixin.py:188} INFO - [2026-09-18T14:48:18.406+0000] {dag.py:3954} INFO - Setting next_dagrun for data_extraction to None, run_after=None
[2026-09-18T14:48:18.432+0000] {processor.py:183} INFO - Processing /opt/airflow/dags/extraction_dag.py took 0.082 seconds
[2026-09-18T14:48:48.966+0000] {processor.py:161} INFO - Started process (PID=3190) to work on /opt/airflow/dags/extraction_dag.py
[2026-09-18T14:48:48.968+0000] {processor.py:830} INFO - Processing file /opt/airflow/dags/extraction_dag.py for tasks to queue
[2026-09-18T14:48:48.969+0000] {logging_mixin.py:188} INFO - [2026-09-18T14:48:48.968+0000] {dagbag.py:545} INFO - Filling up the DagBag from /opt/airflow/dags/extraction_dag.py
[2026-09-18T14:48:48.983+0000] {processor.py:840} INFO - DAG(s) 'data_extraction' retrieved from /opt/airflow/dags/extraction_dag.py
[2026-09-18T14:48:49.013+0000] {logging_mixin.py:188} INFO - [2026-09-18T14:48:49.013+0000] {dag.py:3096} INFO - Sync 1 DAGs
[2026-09-18T14:48:49.028+0000] {logging_mixin.py:188} INFO - [2026-09-18T14:48:49.028+0000] {dag.py:3954} INFO - Setting next_dagrun for data_extraction to None, run_after=None
[2026-09-18T14:48:49.058+0000] {processor.py:183} INFO - Processing /opt/airflow/dags/extraction_dag.py took 0.102 seconds
