[2026-09-18T08:46:14.534+0000] {processor.py:161} INFO - Started process (PID=48) to work on /opt/airflow/dags/loading_dag.py
[2026-09-18T08:46:14.537+0000] {processor.py:830} INFO - Processing file /opt/airflow/dags/loading_dag.py for tasks to queue
[2026-09-18T08:46:14.542+0000] {logging_mixin.py:188} INFO - [2026-09-18T08:46:14.541+0000] {dagbag.py:545} INFO - Filling up the DagBag from /opt/airflow/dags/loading_dag.py
[2026-09-18T08:46:14.567+0000] {processor.py:840} INFO - DAG(s) 'data_loading' retrieved from /opt/airflow/dags/loading_dag.py
[2026-09-18T08:46:14.650+0000] {logging_mixin.py:188} INFO - [2026-09-18T08:46:14.650+0000] {dag.py:3096} INFO - Sync 1 DAGs
[2026-09-18T08:46:14.681+0000] {logging_mixin.py:188} INFO - [2026-09-18T08:46:14.681+0000] {dag.py:3954} INFO - Setting next_dagrun for data_loading to None, run_after=None
[2026-09-18T08:46:14.719+0000] {processor.py:183} INFO - Processing /opt/airflow/dags/loading_dag.py took 0.203 seconds
[2026-09-18T08:46:45.725+0000] {processor.py:161} INFO - Started process (PID=62) to work on /opt/airflow/dags/loading_dag.py
[2026-09-18T08:46:45.730+0000] {processor.py:830} INFO - Processing file /opt/airflow/dags/loading_dag.py for tasks to queue
[2026-09-18T08:46:45.732+0000] {logging_mixin.py:188} INFO - [2026-09-18T08:46:45.732+0000] {dagbag.py:545} INFO - Filling up the DagBag from /opt/airflow/dags/loading_dag.py
[2026-09-18T08:46:45.741+0000] {processor.py:840} INFO - DAG(s) 'data_loading' retrieved from /opt/airflow/dags/loading_dag.py
[2026-09-18T08:46:45.768+0000] {logging_mixin.py:188} INFO - [2026-09-18T08:46:45.768+0000] {dag.py:3096} INFO - Sync 1 DAGs
[2026-09-18T08:46:45.786+0000] {logging_mixin.py:188} INFO - [2026-09-18T08:46:45.786+0000] {dag.py:3954} INFO - Setting next_dagrun for data_loading to None, run_after=None
[2026-09-18T08:46:45.807+0000] {processor.py:183} INFO - Processing /opt/airflow/dags/loading_dag.py took 0.090 seconds
[2026-09-18T08:47:15.971+0000] {processor.py:161} INFO - Started process (PID=70) to work on /opt/airflow/dags/loading_dag.py
[2026-09-18T08:47:15.977+0000] {processor.py:830} INFO - Processing file /opt/airflow/dags/loading_dag.py for tasks to queue
[2026-09-18T08:47:15.979+0000] {logging_mixin.py:188} INFO - [2026-09-18T08:47:15.979+0000] {dagbag.py:545} INFO - Filling up the DagBag from /opt/airflow/dags/loading_dag.py
[2026-09-18T08:47:15.988+0000] {processor.py:840} INFO - DAG(s) 'data_loading' retrieved from /opt/airflow/dags/loading_dag.py
[2026-09-18T08:47:16.015+0000] {logging_mixin.py:188} INFO - [2026-09-18T08:47:16.015+0000] {dag.py:3096} INFO - Sync 1 DAGs
[2026-09-18T08:47:16.034+0000] {logging_mixin.py:188} INFO - [2026-09-18T08:47:16.033+0000] {dag.py:3954} INFO - Setting next_dagrun for data_loading to None, run_after=None
[2026-09-18T08:47:16.051+0000] {processor.py:183} INFO - Processing /opt/airflow/dags/loading_dag.py took 0.086 seconds
[2026-09-18T08:47:46.999+0000] {processor.py:161} INFO - Started process (PID=78) to work on /opt/airflow/dags/loading_dag.py
[2026-09-18T08:47:47.001+0000] {processor.py:830} INFO - Processing file /opt/airflow/dags/loading_dag.py for tasks to queue
[2026-09-18T08:47:47.004+0000] {logging_mixin.py:188} INFO - [2026-09-18T08:47:47.003+0000] {dagbag.py:545} INFO - Filling up the DagBag from /opt/airflow/dags/loading_dag.py
[2026-09-18T08:47:47.016+0000] {processor.py:840} INFO - DAG(s) 'data_loading' retrieved from /opt/airflow/dags/loading_dag.py
[2026-09-18T08:47:47.046+0000] {logging_mixin.py:188} INFO - [2026-09-18T08:47:47.046+0000] {dag.py:3096} INFO - Sync 1 DAGs
[2026-09-18T08:47:47.068+0000] {logging_mixin.py:188} INFO - [2026-09-18T08:47:47.068+0000] {dag.py:3954} INFO - Setting next_dagrun for data_loading to None, run_after=None
[2026-09-18T08:47:47.095+0000] {processor.py:183} INFO - Processing /opt/airflow/dags/loading_dag.py took 0.107 seconds
[2026-09-18T08:48:17.150+0000] {processor.py:161} INFO - Started process (PID=86) to work on /opt/airflow/dags/loading_dag.py
[2026-09-18T08:48:17.152+0000] {processor.py:830} INFO - Processing file /opt/airflow/dags/loading_dag.py for tasks to queue
[2026-09-18T08:48:17.155+0000] {logging_mixin.py:188} INFO - [2026-09-18T08:48:17.155+0000] {dagbag.py:545} INFO - Filling up the DagBag from /opt/airflow/dags/loading_dag.py
[2026-09-18T08:48:17.176+0000] {processor.py:840} INFO - DAG(s) 'data_loading' retrieved from /opt/airflow/dags/loading_dag.py
[2026-09-18T08:48:17.215+0000] {logging_mixin.py:188} INFO - [2026-09-18T08:48:17.215+0000] {dag.py:3096} INFO - Sync 1 DAGs
[2026-09-18T08:48:17.244+0000] {logging_mixin.py:188} INFO - [2026-09-18T08:48:17.244+0000] {dag.py:3954} INFO - Setting next_dagrun for data_loading to None, run_after=None
[2026-09-18T08:48:17.267+0000] {processor.py:183} INFO - Processing /opt/airflow/dags/loading_dag.py took 0.125 seconds
[2026-09-18T08:48:48.139+0000] {processor.py:161} INFO - Started process (PID=94) to work on /opt/airflow/dags/loading_dag.py
[2026-09-18T08:48:48.141+0000] {processor.py:830} INFO - Processing file /opt/airflow/dags/loading_dag.py for tasks to queue
[2026-09-18T08:48:48.143+0000] {logging_mixin.py:188} INFO - [2026-09-18T08:48:48.142+0000] {dagbag.py:545} INFO - Filling up the DagBag from /opt/airflow/dags/loading_dag.py
[2026-09-18T08:48:48.155+0000] {processor.py:840} INFO - DAG(s) 'data_loading' retrieved from /opt/airflow/dags/loading_dag.py
[2026-09-18T08:48:48.187+0000] {logging_mixin.py:188} INFO - [2026-09-18T08:48:48.186+0000] {dag.py:3096} INFO - Sync 1 DAGs
[2026-09-18T08:48:48.208+0000] {logging_mixin.py:188} INFO - [2026-09-18T08:48:48.208+0000] {dag.py:3954} INFO - Setting next_dagrun for data_loading to None, run_after=None
[2026-09-18T08:48:48.232+0000] {processor.py:183} INFO - Processing /opt/airflow/dags/loading_dag.py took 0.101 seconds
[2026-09-18T08:49:18.399+0000] {processor.py:161} INFO - Started process (PID=102) to work on /opt/airflow/dags/loading_dag.py
[2026-09-18T08:49:18.405+0000] {processor.py:830} INFO - Processing file /opt/airflow/dags/loading_dag.py for tasks to queue
[2026-09-18T08:49:18.408+0000] {logging_mixin.py:188} INFO - [2026-09-18T08:49:18.407+0000] {dagbag.py:545} INFO - Filling up the DagBag from /opt/airflow/dags/loading_dag.py
[2026-09-18T08:49:18.423+0000] {processor.py:840} INFO - DAG(s) 'data_loading' retrieved from /opt/airflow/dags/loading_dag.py
[2026-09-18T08:49:18.468+0000] {logging_mixin.py:188} INFO - [2026-09-18T08:49:18.468+0000] {dag.py:3096} INFO - Sync 1 DAGs
[2026-09-18T08:49:18.495+0000] {logging_mixin.py:188} INFO - [2026-09-18T08:49:18.495+0000] {dag.py:3954} INFO - Setting next_dagrun for data_loading to None, run_after=None
[2026-09-18T08:49:18.519+0000] {processor.py:183} INFO - Processing /opt/airflow/dags/loading_dag.py took 0.126 seconds
[2026-09-18T08:49:48.599+0000] {processor.py:161} INFO - Started process (PID=110) to work on /opt/airflow/dags/loading_dag.py
[2026-09-18T08:49:48.604+0000] {processor.py:830} INFO - Processing file /opt/airflow/dags/loading_dag.py for tasks to queue
[2026-09-18T08:49:48.606+0000] {logging_mixin.py:188} INFO - [2026-09-18T08:49:48.606+0000] {dagbag.py:545} INFO - Filling up the DagBag from /opt/airflow/dags/loading_dag.py
[2026-09-18T08:49:48.617+0000] {processor.py:840} INFO - DAG(s) 'data_loading' retrieved from /opt/airflow/dags/loading_dag.py
[2026-09-18T08:49:48.645+0000] {logging_mixin.py:188} INFO - [2026-09-18T08:49:48.644+0000] {dag.py:3096} INFO - Sync 1 DAGs
[2026-09-18T08:49:48.664+0000] {logging_mixin.py:188} INFO - [2026-09-18T08:49:48.664+0000] {dag.py:3954} INFO - Setting next_dagrun for data_loading to None, run_after=None
[2026-09-18T08:49:48.687+0000] {processor.py:183} INFO - Processing /opt/airflow/dags/loading_dag.py took 0.094 seconds
[2026-09-18T08:50:18.777+0000] {processor.py:161} INFO - Started process (PID=118) to work on /opt/airflow/dags/loading_dag.py
[2026-09-18T08:50:18.782+0000] {processor.py:830} INFO - Processing file /opt/airflow/dags/loading_dag.py for tasks to queue
[2026-09-18T08:50:18.784+0000] {logging_mixin.py:188} INFO - [2026-09-18T08:50:18.784+0000] {dagbag.py:545} INFO - Filling up the DagBag from /opt/airflow/dags/loading_dag.py
[2026-09-18T08:50:18.796+0000] {processor.py:840} INFO - DAG(s) 'data_loading' retrieved from /opt/airflow/dags/loading_dag.py
[2026-09-18T08:50:18.825+0000] {logging_mixin.py:188} INFO - [2026-09-18T08:50:18.825+0000] {dag.py:3096} INFO - Sync 1 DAGs
[2026-09-18T08:50:18.845+0000] {logging_mixin.py:188} INFO - [2026-09-18T08:50:18.845+0000] {dag.py:3954} INFO - Setting next_dagrun for data_loading to None, run_after=None
[2026-09-18T08:50:18.866+0000] {processor.py:183} INFO - Processing /opt/airflow/dags/loading_dag.py took 0.096 seconds
[2026-09-18T08:50:49.006+0000] {processor.py:161} INFO - Started process (PID=126) to work on /opt/airflow/dags/loading_dag.py
[2026-09-18T08:50:49.012+0000] {processor.py:830} INFO - Processing file /opt/airflow/dags/loading_dag.py for tasks to queue
[2026-09-18T08:50:49.014+0000] {logging_mixin.py:188} INFO - [2026-09-18T08:50:49.014+0000] {dagbag.py:545} INFO - Filling up the DagBag from /opt/airflow/dags/loading_dag.py
[2026-09-18T08:50:49.026+0000] {processor.py:840} INFO - DAG(s) 'data_loading' retrieved from /opt/airflow/dags/loading_dag.py
[2026-09-18T08:50:49.054+0000] {logging_mixin.py:188} INFO - [2026-09-18T08:50:49.053+0000] {dag.py:3096} INFO - Sync 1 DAGs
[2026-09-18T08:50:49.073+0000] {logging_mixin.py:188} INFO - [2026-09-18T08:50:49.073+0000] {dag.py:3954} INFO - Setting next_dagrun for data_loading to None, run_after=None
[2026-09-18T08:50:49.095+0000] {processor.py:183} INFO - Processing /opt/airflow/dags/loading_dag.py took 0.095 seconds
[2026-09-18T08:51:19.339+0000] {processor.py:161} INFO - Started process (PID=134) to work on /opt/airflow/dags/loading_dag.py
[2026-09-18T08:51:19.428+0000] {processor.py:830} INFO - Processing file /opt/airflow/dags/loading_dag.py for tasks to queue
[2026-09-18T08:51:19.433+0000] {logging_mixin.py:188} INFO - [2026-09-18T08:51:19.430+0000] {dagbag.py:545} INFO - Filling up the DagBag from /opt/airflow/dags/loading_dag.py
[2026-09-18T08:51:19.468+0000] {processor.py:840} INFO - DAG(s) 'data_loading' retrieved from /opt/airflow/dags/loading_dag.py
[2026-09-18T08:51:19.565+0000] {logging_mixin.py:188} INFO - [2026-09-18T08:51:19.564+0000] {dag.py:3096} INFO - Sync 1 DAGs
[2026-09-18T08:51:19.673+0000] {logging_mixin.py:188} INFO - [2026-09-18T08:51:19.672+0000] {dag.py:3954} INFO - Setting next_dagrun for data_loading to None, run_after=None
[2026-09-18T08:51:19.903+0000] {processor.py:183} INFO - Processing /opt/airflow/dags/loading_dag.py took 0.610 seconds
[2026-09-18T08:51:50.205+0000] {processor.py:161} INFO - Started process (PID=142) to work on /opt/airflow/dags/loading_dag.py
[2026-09-18T08:51:50.208+0000] {processor.py:830} INFO - Processing file /opt/airflow/dags/loading_dag.py for tasks to queue
[2026-09-18T08:51:50.212+0000] {logging_mixin.py:188} INFO - [2026-09-18T08:51:50.211+0000] {dagbag.py:545} INFO - Filling up the DagBag from /opt/airflow/dags/loading_dag.py
[2026-09-18T08:51:50.247+0000] {processor.py:840} INFO - DAG(s) 'data_loading' retrieved from /opt/airflow/dags/loading_dag.py
[2026-09-18T08:51:50.348+0000] {logging_mixin.py:188} INFO - [2026-09-18T08:51:50.348+0000] {dag.py:3096} INFO - Sync 1 DAGs
[2026-09-18T08:51:50.449+0000] {logging_mixin.py:188} INFO - [2026-09-18T08:51:50.449+0000] {dag.py:3954} INFO - Setting next_dagrun for data_loading to None, run_after=None
[2026-09-18T08:51:50.524+0000] {processor.py:183} INFO - Processing /opt/airflow/dags/loading_dag.py took 0.354 seconds
[2026-09-18T08:52:20.725+0000] {processor.py:161} INFO - Started process (PID=150) to work on /opt/airflow/dags/loading_dag.py
[2026-09-18T08:52:20.727+0000] {processor.py:830} INFO - Processing file /opt/airflow/dags/loading_dag.py for tasks to queue
[2026-09-18T08:52:20.729+0000] {logging_mixin.py:188} INFO - [2026-09-18T08:52:20.728+0000] {dagbag.py:545} INFO - Filling up the DagBag from /opt/airflow/dags/loading_dag.py
[2026-09-18T08:52:20.738+0000] {processor.py:840} INFO - DAG(s) 'data_loading' retrieved from /opt/airflow/dags/loading_dag.py
[2026-09-18T08:52:20.762+0000] {logging_mixin.py:188} INFO - [2026-09-18T08:52:20.762+0000] {dag.py:3096} INFO - Sync 1 DAGs
[2026-09-18T08:52:20.780+0000] {logging_mixin.py:188} INFO - [2026-09-18T08:52:20.780+0000] {dag.py:3954} INFO - Setting next_dagrun for data_loading to None, run_after=None
[2026-09-18T08:52:20.802+0000] {processor.py:183} INFO - Processing /opt/airflow/dags/loading_dag.py took 0.083 seconds
[2026-09-18T08:52:50.957+0000] {processor.py:161} INFO - Started process (PID=158) to work on /opt/airflow/dags/loading_dag.py
[2026-09-18T08:52:50.959+0000] {processor.py:830} INFO - Processing file /opt/airflow/dags/loading_dag.py for tasks to queue
[2026-09-18T08:52:50.961+0000] {logging_mixin.py:188} INFO - [2026-09-18T08:52:50.961+0000] {dagbag.py:545} INFO - Filling up the DagBag from /opt/airflow/dags/loading_dag.py
[2026-09-18T08:52:50.978+0000] {processor.py:840} INFO - DAG(s) 'data_loading' retrieved from /opt/airflow/dags/loading_dag.py
[2026-09-18T08:52:51.025+0000] {logging_mixin.py:188} INFO - [2026-09-18T08:52:51.023+0000] {dag.py:3096} INFO - Sync 1 DAGs
[2026-09-18T08:52:51.061+0000] {logging_mixin.py:188} INFO - [2026-09-18T08:52:51.061+0000] {dag.py:3954} INFO - Setting next_dagrun for data_loading to None, run_after=None
[2026-09-18T08:52:51.082+0000] {processor.py:183} INFO - Processing /opt/airflow/dags/loading_dag.py took 0.135 seconds
[2026-09-18T08:53:21.640+0000] {processor.py:161} INFO - Started process (PID=166) to work on /opt/airflow/dags/loading_dag.py
[2026-09-18T08:53:21.645+0000] {processor.py:830} INFO - Processing file /opt/airflow/dags/loading_dag.py for tasks to queue
[2026-09-18T08:53:21.647+0000] {logging_mixin.py:188} INFO - [2026-09-18T08:53:21.646+0000] {dagbag.py:545} INFO - Filling up the DagBag from /opt/airflow/dags/loading_dag.py
[2026-09-18T08:53:21.656+0000] {processor.py:840} INFO - DAG(s) 'data_loading' retrieved from /opt/airflow/dags/loading_dag.py
[2026-09-18T08:53:21.679+0000] {logging_mixin.py:188} INFO - [2026-09-18T08:53:21.679+0000] {dag.py:3096} INFO - Sync 1 DAGs
[2026-09-18T08:53:21.697+0000] {logging_mixin.py:188} INFO - [2026-09-18T08:53:21.696+0000] {dag.py:3954} INFO - Setting next_dagrun for data_loading to None, run_after=None
[2026-09-18T08:53:21.714+0000] {processor.py:183} INFO - Processing /opt/airflow/dags/loading_dag.py took 0.081 seconds
[2026-09-18T08:53:51.850+0000] {processor.py:161} INFO - Started process (PID=174) to work on /opt/airflow/dags/loading_dag.py
[2026-09-18T08:53:51.855+0000] {processor.py:830} INFO - Processing file /opt/airflow/dags/loading_dag.py for tasks to queue
[2026-09-18T08:53:51.857+0000] {logging_mixin.py:188} INFO - [2026-09-18T08:53:51.856+0000] {dagbag.py:545} INFO - Filling up the DagBag from /opt/airflow/dags/loading_dag.py
[2026-09-18T08:53:51.865+0000] {processor.py:840} INFO - DAG(s) 'data_loading' retrieved from /opt/airflow/dags/loading_dag.py
[2026-09-18T08:53:51.888+0000] {logging_mixin.py:188} INFO - [2026-09-18T08:53:51.888+0000] {dag.py:3096} INFO - Sync 1 DAGs
[2026-09-18T08:53:51.907+0000] {logging_mixin.py:188} INFO - [2026-09-18T08:53:51.907+0000] {dag.py:3954} INFO - Setting next_dagrun for data_loading to None, run_after=None
[2026-09-18T08:53:51.926+0000] {processor.py:183} INFO - Processing /opt/airflow/dags/loading_dag.py took 0.082 seconds
[2026-09-18T08:54:21.970+0000] {processor.py:161} INFO - Started process (PID=182) to work on /opt/airflow/dags/loading_dag.py
[2026-09-18T08:54:21.975+0000] {processor.py:830} INFO - Processing file /opt/airflow/dags/loading_dag.py for tasks to queue
[2026-09-18T08:54:21.977+0000] {logging_mixin.py:188} INFO - [2026-09-18T08:54:21.976+0000] {dagbag.py:545} INFO - Filling up the DagBag from /opt/airflow/dags/loading_dag.py
[2026-09-18T08:54:21.985+0000] {processor.py:840} INFO - DAG(s) 'data_loading' retrieved from /opt/airflow/dags/loading_dag.py
[2026-09-18T08:54:22.008+0000] {logging_mixin.py:188} INFO - [2026-09-18T08:54:22.007+0000] {dag.py:3096} INFO - Sync 1 DAGs
[2026-09-18T08:54:22.025+0000] {logging_mixin.py:188} INFO - [2026-09-18T08:54:22.024+0000] {dag.py:3954} INFO - Setting next_dagrun for data_loading to None, run_after=None
[2026-09-18T08:54:22.044+0000] {processor.py:183} INFO - Processing /opt/airflow/dags/loading_dag.py took 0.081 seconds
[2026-09-18T08:54:52.081+0000] {processor.py:161} INFO - Started process (PID=190) to work on /opt/airflow/dags/loading_dag.py
[2026-09-18T08:54:52.085+0000] {processor.py:830} INFO - Processing file /opt/airflow/dags/loading_dag.py for tasks to queue
[2026-09-18T08:54:52.091+0000] {logging_mixin.py:188} INFO - [2026-09-18T08:54:52.090+0000] {dagbag.py:545} INFO - Filling up the DagBag from /opt/airflow/dags/loading_dag.py
[2026-09-18T08:54:52.114+0000] {processor.py:840} INFO - DAG(s) 'data_loading' retrieved from /opt/airflow/dags/loading_dag.py
[2026-09-18T08:54:52.162+0000] {logging_mixin.py:188} INFO - [2026-09-18T08:54:52.162+0000] {dag.py:3096} INFO - Sync 1 DAGs
[2026-09-18T08:54:52.186+0000] {logging_mixin.py:188} INFO - [2026-09-18T08:54:52.186+0000] {dag.py:3954} INFO - Setting next_dagrun for data_loading to None, run_after=None
[2026-09-18T08:54:52.206+0000] {processor.py:183} INFO - Processing /opt/airflow/dags/loading_dag.py took 0.145 seconds
[2026-09-18T08:55:22.297+0000] {processor.py:161} INFO - Started process (PID=198) to work on /opt/airflow/dags/loading_dag.py
[2026-09-18T08:55:22.302+0000] {processor.py:830} INFO - Processing file /opt/airflow/dags/loading_dag.py for tasks to queue
[2026-09-18T08:55:22.305+0000] {logging_mixin.py:188} INFO - [2026-09-18T08:55:22.304+0000] {dagbag.py:545} INFO - Filling up the DagBag from /opt/airflow/dags/loading_dag.py
[2026-09-18T08:55:22.323+0000] {processor.py:840} INFO - DAG(s) 'data_loading' retrieved from /opt/airflow/dags/loading_dag.py
[2026-09-18T08:55:22.360+0000] {logging_mixin.py:188} INFO - [2026-09-18T08:55:22.359+0000] {dag.py:3096} INFO - Sync 1 DAGs
[2026-09-18T08:55:22.383+0000] {logging_mixin.py:188} INFO - [2026-09-18T08:55:22.382+0000] {dag.py:3954} INFO - Setting next_dagrun for data_loading to None, run_after=None
[2026-09-18T08:55:22.401+0000] {processor.py:183} INFO - Processing /opt/airflow/dags/loading_dag.py took 0.113 seconds
[2026-09-18T08:55:52.474+0000] {processor.py:161} INFO - Started process (PID=206) to work on /opt/airflow/dags/loading_dag.py
[2026-09-18T08:55:52.480+0000] {processor.py:830} INFO - Processing file /opt/airflow/dags/loading_dag.py for tasks to queue
[2026-09-18T08:55:52.482+0000] {logging_mixin.py:188} INFO - [2026-09-18T08:55:52.481+0000] {dagbag.py:545} INFO - Filling up the DagBag from /opt/airflow/dags/loading_dag.py
[2026-09-18T08:55:52.493+0000] {processor.py:840} INFO - DAG(s) 'data_loading' retrieved from /opt/airflow/dags/loading_dag.py
[2026-09-18T08:55:52.521+0000] {logging_mixin.py:188} INFO - [2026-09-18T08:55:52.520+0000] {dag.py:3096} INFO - Sync 1 DAGs
[2026-09-18T08:55:52.540+0000] {logging_mixin.py:188} INFO - [2026-09-18T08:55:52.540+0000] {dag.py:3954} INFO - Setting next_dagrun for data_loading to None, run_after=None
[2026-09-18T08:55:52.563+0000] {processor.py:183} INFO - Processing /opt/airflow/dags/loading_dag.py took 0.097 seconds
[2026-09-18T08:56:22.588+0000] {processor.py:161} INFO - Started process (PID=220) to work on /opt/airflow/dags/loading_dag.py
[2026-09-18T08:56:22.594+0000] {processor.py:830} INFO - Processing file /opt/airflow/dags/loading_dag.py for tasks to queue
[2026-09-18T08:56:22.595+0000] {logging_mixin.py:188} INFO - [2026-09-18T08:56:22.595+0000] {dagbag.py:545} INFO - Filling up the DagBag from /opt/airflow/dags/loading_dag.py
[2026-09-18T08:56:22.604+0000] {processor.py:840} INFO - DAG(s) 'data_loading' retrieved from /opt/airflow/dags/loading_dag.py
[2026-09-18T08:56:22.631+0000] {logging_mixin.py:188} INFO - [2026-09-18T08:56:22.630+0000] {dag.py:3096} INFO - Sync 1 DAGs
[2026-09-18T08:56:22.651+0000] {logging_mixin.py:188} INFO - [2026-09-18T08:56:22.651+0000] {dag.py:3954} INFO - Setting next_dagrun for data_loading to None, run_after=None
[2026-09-18T08:56:22.678+0000] {processor.py:183} INFO - Processing /opt/airflow/dags/loading_dag.py took 0.096 seconds
[2026-09-18T08:56:53.112+0000] {processor.py:161} INFO - Started process (PID=228) to work on /opt/airflow/dags/loading_dag.py
[2026-09-18T08:56:53.115+0000] {processor.py:830} INFO - Processing file /opt/airflow/dags/loading_dag.py for tasks to queue
[2026-09-18T08:56:53.117+0000] {logging_mixin.py:188} INFO - [2026-09-18T08:56:53.116+0000] {dagbag.py:545} INFO - Filling up the DagBag from /opt/airflow/dags/loading_dag.py
[2026-09-18T08:56:53.128+0000] {processor.py:840} INFO - DAG(s) 'data_loading' retrieved from /opt/airflow/dags/loading_dag.py
[2026-09-18T08:56:53.152+0000] {logging_mixin.py:188} INFO - [2026-09-18T08:56:53.151+0000] {dag.py:3096} INFO - Sync 1 DAGs
[2026-09-18T08:56:53.171+0000] {logging_mixin.py:188} INFO - [2026-09-18T08:56:53.171+0000] {dag.py:3954} INFO - Setting next_dagrun for data_loading to None, run_after=None
[2026-09-18T08:56:53.195+0000] {processor.py:183} INFO - Processing /opt/airflow/dags/loading_dag.py took 0.091 seconds
[2026-09-18T08:57:24.041+0000] {processor.py:161} INFO - Started process (PID=236) to work on /opt/airflow/dags/loading_dag.py
[2026-09-18T08:57:24.043+0000] {processor.py:830} INFO - Processing file /opt/airflow/dags/loading_dag.py for tasks to queue
[2026-09-18T08:57:24.045+0000] {logging_mixin.py:188} INFO - [2026-09-18T08:57:24.045+0000] {dagbag.py:545} INFO - Filling up the DagBag from /opt/airflow/dags/loading_dag.py
[2026-09-18T08:57:24.060+0000] {processor.py:840} INFO - DAG(s) 'data_loading' retrieved from /opt/airflow/dags/loading_dag.py
[2026-09-18T08:57:24.108+0000] {logging_mixin.py:188} INFO - [2026-09-18T08:57:24.107+0000] {dag.py:3096} INFO - Sync 1 DAGs
[2026-09-18T08:57:24.141+0000] {logging_mixin.py:188} INFO - [2026-09-18T08:57:24.141+0000] {dag.py:3954} INFO - Setting next_dagrun for data_loading to None, run_after=None
[2026-09-18T08:57:24.172+0000] {processor.py:183} INFO - Processing /opt/airflow/dags/loading_dag.py took 0.138 seconds
[2026-09-18T08:57:55.052+0000] {processor.py:161} INFO - Started process (PID=244) to work on /opt/airflow/dags/loading_dag.py
[2026-09-18T08:57:55.058+0000] {processor.py:830} INFO - Processing file /opt/airflow/dags/loading_dag.py for tasks to queue
[2026-09-18T08:57:55.060+0000] {logging_mixin.py:188} INFO - [2026-09-18T08:57:55.059+0000] {dagbag.py:545} INFO - Filling up the DagBag from /opt/airflow/dags/loading_dag.py
[2026-09-18T08:57:55.070+0000] {processor.py:840} INFO - DAG(s) 'data_loading' retrieved from /opt/airflow/dags/loading_dag.py
[2026-09-18T08:57:55.095+0000] {logging_mixin.py:188} INFO - [2026-09-18T08:57:55.095+0000] {dag.py:3096} INFO - Sync 1 DAGs
[2026-09-18T08:57:55.113+0000] {logging_mixin.py:188} INFO - [2026-09-18T08:57:55.113+0000] {dag.py:3954} INFO - Setting next_dagrun for data_loading to None, run_after=None
[2026-09-18T08:57:55.137+0000] {processor.py:183} INFO - Processing /opt/airflow/dags/loading_dag.py took 0.092 seconds
[2026-09-18T08:58:25.966+0000] {processor.py:161} INFO - Started process (PID=252) to work on /opt/airflow/dags/loading_dag.py
[2026-09-18T08:58:25.971+0000] {processor.py:830} INFO - Processing file /opt/airflow/dags/loading_dag.py for tasks to queue
[2026-09-18T08:58:25.973+0000] {logging_mixin.py:188} INFO - [2026-09-18T08:58:25.972+0000] {dagbag.py:545} INFO - Filling up the DagBag from /opt/airflow/dags/loading_dag.py
[2026-09-18T08:58:25.983+0000] {processor.py:840} INFO - DAG(s) 'data_loading' retrieved from /opt/airflow/dags/loading_dag.py
[2026-09-18T08:58:26.010+0000] {logging_mixin.py:188} INFO - [2026-09-18T08:58:26.010+0000] {dag.py:3096} INFO - Sync 1 DAGs
[2026-09-18T08:58:26.032+0000] {logging_mixin.py:188} INFO - [2026-09-18T08:58:26.032+0000] {dag.py:3954} INFO - Setting next_dagrun for data_loading to None, run_after=None
[2026-09-18T08:58:26.058+0000] {processor.py:183} INFO - Processing /opt/airflow/dags/loading_dag.py took 0.098 seconds
[2026-09-18T08:58:56.983+0000] {processor.py:161} INFO - Started process (PID=260) to work on /opt/airflow/dags/loading_dag.py
[2026-09-18T08:58:56.985+0000] {processor.py:830} INFO - Processing file /opt/airflow/dags/loading_dag.py for tasks to queue
[2026-09-18T08:58:56.987+0000] {logging_mixin.py:188} INFO - [2026-09-18T08:58:56.986+0000] {dagbag.py:545} INFO - Filling up the DagBag from /opt/airflow/dags/loading_dag.py
[2026-09-18T08:58:56.997+0000] {processor.py:840} INFO - DAG(s) 'data_loading' retrieved from /opt/airflow/dags/loading_dag.py
[2026-09-18T08:58:57.023+0000] {logging_mixin.py:188} INFO - [2026-09-18T08:58:57.023+0000] {dag.py:3096} INFO - Sync 1 DAGs
[2026-09-18T08:58:57.041+0000] {logging_mixin.py:188} INFO - [2026-09-18T08:58:57.041+0000] {dag.py:3954} INFO - Setting next_dagrun for data_loading to None, run_after=None
[2026-09-18T08:58:57.065+0000] {processor.py:183} INFO - Processing /opt/airflow/dags/loading_dag.py took 0.089 seconds
[2026-09-18T08:59:27.531+0000] {processor.py:161} INFO - Started process (PID=268) to work on /opt/airflow/dags/loading_dag.py
[2026-09-18T08:59:27.532+0000] {processor.py:830} INFO - Processing file /opt/airflow/dags/loading_dag.py for tasks to queue
[2026-09-18T08:59:27.534+0000] {logging_mixin.py:188} INFO - [2026-09-18T08:59:27.533+0000] {dagbag.py:545} INFO - Filling up the DagBag from /opt/airflow/dags/loading_dag.py
[2026-09-18T08:59:27.543+0000] {processor.py:840} INFO - DAG(s) 'data_loading' retrieved from /opt/airflow/dags/loading_dag.py
[2026-09-18T08:59:27.572+0000] {logging_mixin.py:188} INFO - [2026-09-18T08:59:27.572+0000] {dag.py:3096} INFO - Sync 1 DAGs
[2026-09-18T08:59:27.594+0000] {logging_mixin.py:188} INFO - [2026-09-18T08:59:27.593+0000] {dag.py:3954} INFO - Setting next_dagrun for data_loading to None, run_after=None
[2026-09-18T08:59:27.614+0000] {processor.py:183} INFO - Processing /opt/airflow/dags/loading_dag.py took 0.091 seconds
[2026-09-18T08:59:58.626+0000] {processor.py:161} INFO - Started process (PID=276) to work on /opt/airflow/dags/loading_dag.py
[2026-09-18T08:59:58.631+0000] {processor.py:830} INFO - Processing file /opt/airflow/dags/loading_dag.py for tasks to queue
[2026-09-18T08:59:58.633+0000] {logging_mixin.py:188} INFO - [2026-09-18T08:59:58.632+0000] {dagbag.py:545} INFO - Filling up the DagBag from /opt/airflow/dags/loading_dag.py
[2026-09-18T08:59:58.643+0000] {processor.py:840} INFO - DAG(s) 'data_loading' retrieved from /opt/airflow/dags/loading_dag.py
[2026-09-18T08:59:58.669+0000] {logging_mixin.py:188} INFO - [2026-09-18T08:59:58.668+0000] {dag.py:3096} INFO - Sync 1 DAGs
[2026-09-18T08:59:58.688+0000] {logging_mixin.py:188} INFO - [2026-09-18T08:59:58.688+0000] {dag.py:3954} INFO - Setting next_dagrun for data_loading to None, run_after=None
[2026-09-18T08:59:58.710+0000] {processor.py:183} INFO - Processing /opt/airflow/dags/loading_dag.py took 0.091 seconds
[2026-09-18T09:00:29.522+0000] {processor.py:161} INFO - Started process (PID=284) to work on /opt/airflow/dags/loading_dag.py
[2026-09-18T09:00:29.522+0000] {processor.py:830} INFO - Processing file /opt/airflow/dags/loading_dag.py for tasks to queue
[2026-09-18T09:00:29.524+0000] {logging_mixin.py:188} INFO - [2026-09-18T09:00:29.524+0000] {dagbag.py:545} INFO - Filling up the DagBag from /opt/airflow/dags/loading_dag.py
[2026-09-18T09:00:29.536+0000] {processor.py:840} INFO - DAG(s) 'data_loading' retrieved from /opt/airflow/dags/loading_dag.py
[2026-09-18T09:00:29.564+0000] {logging_mixin.py:188} INFO - [2026-09-18T09:00:29.563+0000] {dag.py:3096} INFO - Sync 1 DAGs
[2026-09-18T09:00:29.585+0000] {logging_mixin.py:188} INFO - [2026-09-18T09:00:29.585+0000] {dag.py:3954} INFO - Setting next_dagrun for data_loading to None, run_after=None
[2026-09-18T09:00:29.606+0000] {processor.py:183} INFO - Processing /opt/airflow/dags/loading_dag.py took 0.094 seconds
[2026-09-18T09:01:00.467+0000] {processor.py:161} INFO - Started process (PID=292) to work on /opt/airflow/dags/loading_dag.py
[2026-09-18T09:01:00.473+0000] {processor.py:830} INFO - Processing file /opt/airflow/dags/loading_dag.py for tasks to queue
[2026-09-18T09:01:00.475+0000] {logging_mixin.py:188} INFO - [2026-09-18T09:01:00.474+0000] {dagbag.py:545} INFO - Filling up the DagBag from /opt/airflow/dags/loading_dag.py
[2026-09-18T09:01:00.486+0000] {processor.py:840} INFO - DAG(s) 'data_loading' retrieved from /opt/airflow/dags/loading_dag.py
[2026-09-18T09:01:00.513+0000] {logging_mixin.py:188} INFO - [2026-09-18T09:01:00.513+0000] {dag.py:3096} INFO - Sync 1 DAGs
[2026-09-18T09:01:00.535+0000] {logging_mixin.py:188} INFO - [2026-09-18T09:01:00.535+0000] {dag.py:3954} INFO - Setting next_dagrun for data_loading to None, run_after=None
[2026-09-18T09:01:00.558+0000] {processor.py:183} INFO - Processing /opt/airflow/dags/loading_dag.py took 0.101 seconds
[2026-09-18T09:01:31.382+0000] {processor.py:161} INFO - Started process (PID=300) to work on /opt/airflow/dags/loading_dag.py
[2026-09-18T09:01:31.383+0000] {processor.py:830} INFO - Processing file /opt/airflow/dags/loading_dag.py for tasks to queue
[2026-09-18T09:01:31.385+0000] {logging_mixin.py:188} INFO - [2026-09-18T09:01:31.385+0000] {dagbag.py:545} INFO - Filling up the DagBag from /opt/airflow/dags/loading_dag.py
[2026-09-18T09:01:31.396+0000] {processor.py:840} INFO - DAG(s) 'data_loading' retrieved from /opt/airflow/dags/loading_dag.py
[2026-09-18T09:01:31.428+0000] {logging_mixin.py:188} INFO - [2026-09-18T09:01:31.427+0000] {dag.py:3096} INFO - Sync 1 DAGs
[2026-09-18T09:01:31.455+0000] {logging_mixin.py:188} INFO - [2026-09-18T09:01:31.455+0000] {dag.py:3954} INFO - Setting next_dagrun for data_loading to None, run_after=None
[2026-09-18T09:01:31.483+0000] {processor.py:183} INFO - Processing /opt/airflow/dags/loading_dag.py took 0.109 seconds
[2026-09-18T09:02:02.356+0000] {processor.py:161} INFO - Started process (PID=308) to work on /opt/airflow/dags/loading_dag.py
[2026-09-18T09:02:02.358+0000] {processor.py:830} INFO - Processing file /opt/airflow/dags/loading_dag.py for tasks to queue
[2026-09-18T09:02:02.360+0000] {logging_mixin.py:188} INFO - [2026-09-18T09:02:02.360+0000] {dagbag.py:545} INFO - Filling up the DagBag from /opt/airflow/dags/loading_dag.py
[2026-09-18T09:02:02.374+0000] {processor.py:840} INFO - DAG(s) 'data_loading' retrieved from /opt/airflow/dags/loading_dag.py
[2026-09-18T09:02:02.404+0000] {logging_mixin.py:188} INFO - [2026-09-18T09:02:02.404+0000] {dag.py:3096} INFO - Sync 1 DAGs
[2026-09-18T09:02:02.425+0000] {logging_mixin.py:188} INFO - [2026-09-18T09:02:02.424+0000] {dag.py:3954} INFO - Setting next_dagrun for data_loading to None, run_after=None
[2026-09-18T09:02:02.448+0000] {processor.py:183} INFO - Processing /opt/airflow/dags/loading_dag.py took 0.098 seconds
[2026-09-18T09:02:33.259+0000] {processor.py:161} INFO - Started process (PID=316) to work on /opt/airflow/dags/loading_dag.py
[2026-09-18T09:02:33.264+0000] {processor.py:830} INFO - Processing file /opt/airflow/dags/loading_dag.py for tasks to queue
[2026-09-18T09:02:33.266+0000] {logging_mixin.py:188} INFO - [2026-09-18T09:02:33.266+0000] {dagbag.py:545} INFO - Filling up the DagBag from /opt/airflow/dags/loading_dag.py
[2026-09-18T09:02:33.276+0000] {processor.py:840} INFO - DAG(s) 'data_loading' retrieved from /opt/airflow/dags/loading_dag.py
[2026-09-18T09:02:33.303+0000] {logging_mixin.py:188} INFO - [2026-09-18T09:02:33.303+0000] {dag.py:3096} INFO - Sync 1 DAGs
[2026-09-18T09:02:33.323+0000] {logging_mixin.py:188} INFO - [2026-09-18T09:02:33.323+0000] {dag.py:3954} INFO - Setting next_dagrun for data_loading to None, run_after=None
[2026-09-18T09:02:33.346+0000] {processor.py:183} INFO - Processing /opt/airflow/dags/loading_dag.py took 0.093 seconds
[2026-09-18T09:03:03.709+0000] {processor.py:161} INFO - Started process (PID=330) to work on /opt/airflow/dags/loading_dag.py
[2026-09-18T09:03:03.714+0000] {processor.py:830} INFO - Processing file /opt/airflow/dags/loading_dag.py for tasks to queue
[2026-09-18T09:03:03.717+0000] {logging_mixin.py:188} INFO - [2026-09-18T09:03:03.716+0000] {dagbag.py:545} INFO - Filling up the DagBag from /opt/airflow/dags/loading_dag.py
[2026-09-18T09:03:03.728+0000] {processor.py:840} INFO - DAG(s) 'data_loading' retrieved from /opt/airflow/dags/loading_dag.py
[2026-09-18T09:03:03.755+0000] {logging_mixin.py:188} INFO - [2026-09-18T09:03:03.755+0000] {dag.py:3096} INFO - Sync 1 DAGs
[2026-09-18T09:03:03.777+0000] {logging_mixin.py:188} INFO - [2026-09-18T09:03:03.777+0000] {dag.py:3954} INFO - Setting next_dagrun for data_loading to None, run_after=None
[2026-09-18T09:03:03.803+0000] {processor.py:183} INFO - Processing /opt/airflow/dags/loading_dag.py took 0.100 seconds
[2026-09-18T09:03:34.462+0000] {processor.py:161} INFO - Started process (PID=338) to work on /opt/airflow/dags/loading_dag.py
[2026-09-18T09:03:34.463+0000] {processor.py:830} INFO - Processing file /opt/airflow/dags/loading_dag.py for tasks to queue
[2026-09-18T09:03:34.465+0000] {logging_mixin.py:188} INFO - [2026-09-18T09:03:34.464+0000] {dagbag.py:545} INFO - Filling up the DagBag from /opt/airflow/dags/loading_dag.py
[2026-09-18T09:03:34.475+0000] {processor.py:840} INFO - DAG(s) 'data_loading' retrieved from /opt/airflow/dags/loading_dag.py
[2026-09-18T09:03:34.505+0000] {logging_mixin.py:188} INFO - [2026-09-18T09:03:34.505+0000] {dag.py:3096} INFO - Sync 1 DAGs
[2026-09-18T09:03:34.527+0000] {logging_mixin.py:188} INFO - [2026-09-18T09:03:34.527+0000] {dag.py:3954} INFO - Setting next_dagrun for data_loading to None, run_after=None
[2026-09-18T09:03:34.555+0000] {processor.py:183} INFO - Processing /opt/airflow/dags/loading_dag.py took 0.099 seconds
[2026-09-18T09:04:05.312+0000] {processor.py:161} INFO - Started process (PID=346) to work on /opt/airflow/dags/loading_dag.py
[2026-09-18T09:04:05.317+0000] {processor.py:830} INFO - Processing file /opt/airflow/dags/loading_dag.py for tasks to queue
[2026-09-18T09:04:05.319+0000] {logging_mixin.py:188} INFO - [2026-09-18T09:04:05.319+0000] {dagbag.py:545} INFO - Filling up the DagBag from /opt/airflow/dags/loading_dag.py
[2026-09-18T09:04:05.329+0000] {processor.py:840} INFO - DAG(s) 'data_loading' retrieved from /opt/airflow/dags/loading_dag.py
[2026-09-18T09:04:05.355+0000] {logging_mixin.py:188} INFO - [2026-09-18T09:04:05.355+0000] {dag.py:3096} INFO - Sync 1 DAGs
[2026-09-18T09:04:05.376+0000] {logging_mixin.py:188} INFO - [2026-09-18T09:04:05.376+0000] {dag.py:3954} INFO - Setting next_dagrun for data_loading to None, run_after=None
[2026-09-18T09:04:05.397+0000] {processor.py:183} INFO - Processing /opt/airflow/dags/loading_dag.py took 0.094 seconds
[2026-09-18T09:04:36.211+0000] {processor.py:161} INFO - Started process (PID=354) to work on /opt/airflow/dags/loading_dag.py
[2026-09-18T09:04:36.212+0000] {processor.py:830} INFO - Processing file /opt/airflow/dags/loading_dag.py for tasks to queue
[2026-09-18T09:04:36.213+0000] {logging_mixin.py:188} INFO - [2026-09-18T09:04:36.213+0000] {dagbag.py:545} INFO - Filling up the DagBag from /opt/airflow/dags/loading_dag.py
[2026-09-18T09:04:36.225+0000] {processor.py:840} INFO - DAG(s) 'data_loading' retrieved from /opt/airflow/dags/loading_dag.py
[2026-09-18T09:04:36.253+0000] {logging_mixin.py:188} INFO - [2026-09-18T09:04:36.252+0000] {dag.py:3096} INFO - Sync 1 DAGs
[2026-09-18T09:04:36.274+0000] {logging_mixin.py:188} INFO - [2026-09-18T09:04:36.274+0000] {dag.py:3954} INFO - Setting next_dagrun for data_loading to None, run_after=None
[2026-09-18T09:04:36.299+0000] {processor.py:183} INFO - Processing /opt/airflow/dags/loading_dag.py took 0.094 seconds
[2026-09-18T09:05:07.086+0000] {processor.py:161} INFO - Started process (PID=362) to work on /opt/airflow/dags/loading_dag.py
[2026-09-18T09:05:07.088+0000] {processor.py:830} INFO - Processing file /opt/airflow/dags/loading_dag.py for tasks to queue
[2026-09-18T09:05:07.091+0000] {logging_mixin.py:188} INFO - [2026-09-18T09:05:07.091+0000] {dagbag.py:545} INFO - Filling up the DagBag from /opt/airflow/dags/loading_dag.py
[2026-09-18T09:05:07.108+0000] {processor.py:840} INFO - DAG(s) 'data_loading' retrieved from /opt/airflow/dags/loading_dag.py
[2026-09-18T09:05:07.151+0000] {logging_mixin.py:188} INFO - [2026-09-18T09:05:07.151+0000] {dag.py:3096} INFO - Sync 1 DAGs
[2026-09-18T09:05:07.181+0000] {logging_mixin.py:188} INFO - [2026-09-18T09:05:07.180+0000] {dag.py:3954} INFO - Setting next_dagrun for data_loading to None, run_after=None
[2026-09-18T09:05:07.207+0000] {processor.py:183} INFO - Processing /opt/airflow/dags/loading_dag.py took 0.137 seconds
[2026-09-18T09:05:37.781+0000] {processor.py:161} INFO - Started process (PID=370) to work on /opt/airflow/dags/loading_dag.py
[2026-09-18T09:05:37.783+0000] {processor.py:830} INFO - Processing file /opt/airflow/dags/loading_dag.py for tasks to queue
[2026-09-18T09:05:37.784+0000] {logging_mixin.py:188} INFO - [2026-09-18T09:05:37.784+0000] {dagbag.py:545} INFO - Filling up the DagBag from /opt/airflow/dags/loading_dag.py
[2026-09-18T09:05:37.800+0000] {processor.py:840} INFO - DAG(s) 'data_loading' retrieved from /opt/airflow/dags/loading_dag.py
[2026-09-18T09:05:37.842+0000] {logging_mixin.py:188} INFO - [2026-09-18T09:05:37.842+0000] {dag.py:3096} INFO - Sync 1 DAGs
[2026-09-18T09:05:37.874+0000] {logging_mixin.py:188} INFO - [2026-09-18T09:05:37.874+0000] {dag.py:3954} INFO - Setting next_dagrun for data_loading to None, run_after=None
[2026-09-18T09:05:37.897+0000] {processor.py:183} INFO - Processing /opt/airflow/dags/loading_dag.py took 0.125 seconds
[2026-09-18T09:06:08.658+0000] {processor.py:161} INFO - Started process (PID=378) to work on /opt/airflow/dags/loading_dag.py
[2026-09-18T09:06:08.664+0000] {processor.py:830} INFO - Processing file /opt/airflow/dags/loading_dag.py for tasks to queue
[2026-09-18T09:06:08.666+0000] {logging_mixin.py:188} INFO - [2026-09-18T09:06:08.666+0000] {dagbag.py:545} INFO - Filling up the DagBag from /opt/airflow/dags/loading_dag.py
[2026-09-18T09:06:08.677+0000] {processor.py:840} INFO - DAG(s) 'data_loading' retrieved from /opt/airflow/dags/loading_dag.py
[2026-09-18T09:06:08.706+0000] {logging_mixin.py:188} INFO - [2026-09-18T09:06:08.706+0000] {dag.py:3096} INFO - Sync 1 DAGs
[2026-09-18T09:06:08.727+0000] {logging_mixin.py:188} INFO - [2026-09-18T09:06:08.726+0000] {dag.py:3954} INFO - Setting next_dagrun for data_loading to None, run_after=None
[2026-09-18T09:06:08.748+0000] {processor.py:183} INFO - Processing /opt/airflow/dags/loading_dag.py took 0.096 seconds
[2026-09-18T09:06:39.529+0000] {processor.py:161} INFO - Started process (PID=386) to work on /opt/airflow/dags/loading_dag.py
[2026-09-18T09:06:39.536+0000] {processor.py:830} INFO - Processing file /opt/airflow/dags/loading_dag.py for tasks to queue
[2026-09-18T09:06:39.546+0000] {logging_mixin.py:188} INFO - [2026-09-18T09:06:39.545+0000] {dagbag.py:545} INFO - Filling up the DagBag from /opt/airflow/dags/loading_dag.py
[2026-09-18T09:06:39.600+0000] {processor.py:840} INFO - DAG(s) 'data_loading' retrieved from /opt/airflow/dags/loading_dag.py
[2026-09-18T09:06:39.704+0000] {logging_mixin.py:188} INFO - [2026-09-18T09:06:39.703+0000] {dag.py:3096} INFO - Sync 1 DAGs
[2026-09-18T09:06:39.776+0000] {logging_mixin.py:188} INFO - [2026-09-18T09:06:39.776+0000] {dag.py:3954} INFO - Setting next_dagrun for data_loading to None, run_after=None
[2026-09-18T09:06:39.810+0000] {processor.py:183} INFO - Processing /opt/airflow/dags/loading_dag.py took 0.348 seconds
[2026-09-18T09:07:10.255+0000] {processor.py:161} INFO - Started process (PID=394) to work on /opt/airflow/dags/loading_dag.py
[2026-09-18T09:07:10.262+0000] {processor.py:830} INFO - Processing file /opt/airflow/dags/loading_dag.py for tasks to queue
[2026-09-18T09:07:10.265+0000] {logging_mixin.py:188} INFO - [2026-09-18T09:07:10.264+0000] {dagbag.py:545} INFO - Filling up the DagBag from /opt/airflow/dags/loading_dag.py
[2026-09-18T09:07:10.301+0000] {processor.py:840} INFO - DAG(s) 'data_loading' retrieved from /opt/airflow/dags/loading_dag.py
[2026-09-18T09:07:10.369+0000] {logging_mixin.py:188} INFO - [2026-09-18T09:07:10.369+0000] {dag.py:3096} INFO - Sync 1 DAGs
[2026-09-18T09:07:10.424+0000] {logging_mixin.py:188} INFO - [2026-09-18T09:07:10.424+0000] {dag.py:3954} INFO - Setting next_dagrun for data_loading to None, run_after=None
[2026-09-18T09:07:10.500+0000] {processor.py:183} INFO - Processing /opt/airflow/dags/loading_dag.py took 0.253 seconds
[2026-09-18T09:07:41.245+0000] {processor.py:161} INFO - Started process (PID=402) to work on /opt/airflow/dags/loading_dag.py
[2026-09-18T09:07:41.246+0000] {processor.py:830} INFO - Processing file /opt/airflow/dags/loading_dag.py for tasks to queue
[2026-09-18T09:07:41.248+0000] {logging_mixin.py:188} INFO - [2026-09-18T09:07:41.248+0000] {dagbag.py:545} INFO - Filling up the DagBag from /opt/airflow/dags/loading_dag.py
[2026-09-18T09:07:41.259+0000] {processor.py:840} INFO - DAG(s) 'data_loading' retrieved from /opt/airflow/dags/loading_dag.py
[2026-09-18T09:07:41.291+0000] {logging_mixin.py:188} INFO - [2026-09-18T09:07:41.291+0000] {dag.py:3096} INFO - Sync 1 DAGs
[2026-09-18T09:07:41.313+0000] {logging_mixin.py:188} INFO - [2026-09-18T09:07:41.312+0000] {dag.py:3954} INFO - Setting next_dagrun for data_loading to None, run_after=None
[2026-09-18T09:07:41.333+0000] {processor.py:183} INFO - Processing /opt/airflow/dags/loading_dag.py took 0.095 seconds
[2026-09-18T09:08:11.977+0000] {processor.py:161} INFO - Started process (PID=410) to work on /opt/airflow/dags/loading_dag.py
[2026-09-18T09:08:11.979+0000] {processor.py:830} INFO - Processing file /opt/airflow/dags/loading_dag.py for tasks to queue
[2026-09-18T09:08:11.981+0000] {logging_mixin.py:188} INFO - [2026-09-18T09:08:11.981+0000] {dagbag.py:545} INFO - Filling up the DagBag from /opt/airflow/dags/loading_dag.py
[2026-09-18T09:08:11.995+0000] {processor.py:840} INFO - DAG(s) 'data_loading' retrieved from /opt/airflow/dags/loading_dag.py
[2026-09-18T09:08:12.022+0000] {logging_mixin.py:188} INFO - [2026-09-18T09:08:12.022+0000] {dag.py:3096} INFO - Sync 1 DAGs
[2026-09-18T09:08:12.044+0000] {logging_mixin.py:188} INFO - [2026-09-18T09:08:12.044+0000] {dag.py:3954} INFO - Setting next_dagrun for data_loading to None, run_after=None
[2026-09-18T09:08:12.068+0000] {processor.py:183} INFO - Processing /opt/airflow/dags/loading_dag.py took 0.099 seconds
[2026-09-18T09:09:18.013+0000] {processor.py:161} INFO - Started process (PID=49) to work on /opt/airflow/dags/loading_dag.py
[2026-09-18T09:09:18.015+0000] {processor.py:830} INFO - Processing file /opt/airflow/dags/loading_dag.py for tasks to queue
[2026-09-18T09:09:18.017+0000] {logging_mixin.py:188} INFO - [2026-09-18T09:09:18.017+0000] {dagbag.py:545} INFO - Filling up the DagBag from /opt/airflow/dags/loading_dag.py
[2026-09-18T09:09:18.053+0000] {processor.py:840} INFO - DAG(s) 'data_loading' retrieved from /opt/airflow/dags/loading_dag.py
[2026-09-18T09:09:18.454+0000] {logging_mixin.py:188} INFO - [2026-09-18T09:09:18.453+0000] {override.py:1829} INFO - Created Permission View: can delete on DAG:data_loading
[2026-09-18T09:09:18.467+0000] {logging_mixin.py:188} INFO - [2026-09-18T09:09:18.467+0000] {override.py:1829} INFO - Created Permission View: can read on DAG:data_loading
[2026-09-18T09:09:18.476+0000] {logging_mixin.py:188} INFO - [2026-09-18T09:09:18.476+0000] {override.py:1829} INFO - Created Permission View: can edit on DAG:data_loading
[2026-09-18T09:09:18.477+0000] {logging_mixin.py:188} INFO - [2026-09-18T09:09:18.477+0000] {dag.py:3096} INFO - Sync 1 DAGs
[2026-09-18T09:09:18.494+0000] {logging_mixin.py:188} INFO - [2026-09-18T09:09:18.493+0000] {dag.py:3118} INFO - Creating ORM DAG for data_loading
[2026-09-18T09:09:18.504+0000] {logging_mixin.py:188} INFO - [2026-09-18T09:09:18.504+0000] {dag.py:3954} INFO - Setting next_dagrun for data_loading to None, run_after=None
[2026-09-18T09:09:18.526+0000] {processor.py:183} INFO - Processing /opt/airflow/dags/loading_dag.py took 0.525 seconds
[2026-09-18T09:09:48.889+0000] {processor.py:161} INFO - Started process (PID=63) to work on /opt/airflow/dags/loading_dag.py
[2026-09-18T09:09:48.892+0000] {processor.py:830} INFO - Processing file /opt/airflow/dags/loading_dag.py for tasks to queue
[2026-09-18T09:09:48.905+0000] {logging_mixin.py:188} INFO - [2026-09-18T09:09:48.903+0000] {dagbag.py:545} INFO - Filling up the DagBag from /opt/airflow/dags/loading_dag.py
[2026-09-18T09:09:48.945+0000] {processor.py:840} INFO - DAG(s) 'data_loading' retrieved from /opt/airflow/dags/loading_dag.py
[2026-09-18T09:09:49.059+0000] {logging_mixin.py:188} INFO - [2026-09-18T09:09:49.059+0000] {dag.py:3096} INFO - Sync 1 DAGs
[2026-09-18T09:09:49.099+0000] {logging_mixin.py:188} INFO - [2026-09-18T09:09:49.099+0000] {dag.py:3954} INFO - Setting next_dagrun for data_loading to None, run_after=None
[2026-09-18T09:09:49.147+0000] {processor.py:183} INFO - Processing /opt/airflow/dags/loading_dag.py took 0.288 seconds
[2026-09-18T09:10:19.768+0000] {processor.py:161} INFO - Started process (PID=71) to work on /opt/airflow/dags/loading_dag.py
[2026-09-18T09:10:19.770+0000] {processor.py:830} INFO - Processing file /opt/airflow/dags/loading_dag.py for tasks to queue
[2026-09-18T09:10:19.774+0000] {logging_mixin.py:188} INFO - [2026-09-18T09:10:19.773+0000] {dagbag.py:545} INFO - Filling up the DagBag from /opt/airflow/dags/loading_dag.py
[2026-09-18T09:10:19.792+0000] {processor.py:840} INFO - DAG(s) 'data_loading' retrieved from /opt/airflow/dags/loading_dag.py
[2026-09-18T09:10:19.832+0000] {logging_mixin.py:188} INFO - [2026-09-18T09:10:19.832+0000] {dag.py:3096} INFO - Sync 1 DAGs
[2026-09-18T09:10:19.857+0000] {logging_mixin.py:188} INFO - [2026-09-18T09:10:19.857+0000] {dag.py:3954} INFO - Setting next_dagrun for data_loading to None, run_after=None
[2026-09-18T09:10:19.882+0000] {processor.py:183} INFO - Processing /opt/airflow/dags/loading_dag.py took 0.127 seconds
[2026-09-18T09:10:50.553+0000] {processor.py:161} INFO - Started process (PID=79) to work on /opt/airflow/dags/loading_dag.py
[2026-09-18T09:10:50.555+0000] {processor.py:830} INFO - Processing file /opt/airflow/dags/loading_dag.py for tasks to queue
[2026-09-18T09:10:50.559+0000] {logging_mixin.py:188} INFO - [2026-09-18T09:10:50.558+0000] {dagbag.py:545} INFO - Filling up the DagBag from /opt/airflow/dags/loading_dag.py
[2026-09-18T09:10:50.573+0000] {processor.py:840} INFO - DAG(s) 'data_loading' retrieved from /opt/airflow/dags/loading_dag.py
[2026-09-18T09:10:50.602+0000] {logging_mixin.py:188} INFO - [2026-09-18T09:10:50.602+0000] {dag.py:3096} INFO - Sync 1 DAGs
[2026-09-18T09:10:50.622+0000] {logging_mixin.py:188} INFO - [2026-09-18T09:10:50.622+0000] {dag.py:3954} INFO - Setting next_dagrun for data_loading to None, run_after=None
[2026-09-18T09:10:50.644+0000] {processor.py:183} INFO - Processing /opt/airflow/dags/loading_dag.py took 0.109 seconds
[2026-09-18T09:11:21.205+0000] {processor.py:161} INFO - Started process (PID=87) to work on /opt/airflow/dags/loading_dag.py
[2026-09-18T09:11:21.206+0000] {processor.py:830} INFO - Processing file /opt/airflow/dags/loading_dag.py for tasks to queue
[2026-09-18T09:11:21.208+0000] {logging_mixin.py:188} INFO - [2026-09-18T09:11:21.208+0000] {dagbag.py:545} INFO - Filling up the DagBag from /opt/airflow/dags/loading_dag.py
[2026-09-18T09:11:21.220+0000] {processor.py:840} INFO - DAG(s) 'data_loading' retrieved from /opt/airflow/dags/loading_dag.py
[2026-09-18T09:11:21.251+0000] {logging_mixin.py:188} INFO - [2026-09-18T09:11:21.251+0000] {dag.py:3096} INFO - Sync 1 DAGs
[2026-09-18T09:11:21.276+0000] {logging_mixin.py:188} INFO - [2026-09-18T09:11:21.276+0000] {dag.py:3954} INFO - Setting next_dagrun for data_loading to None, run_after=None
[2026-09-18T09:11:21.299+0000] {processor.py:183} INFO - Processing /opt/airflow/dags/loading_dag.py took 0.101 seconds
[2026-09-18T09:11:51.987+0000] {processor.py:161} INFO - Started process (PID=95) to work on /opt/airflow/dags/loading_dag.py
[2026-09-18T09:11:51.990+0000] {processor.py:830} INFO - Processing file /opt/airflow/dags/loading_dag.py for tasks to queue
[2026-09-18T09:11:51.994+0000] {logging_mixin.py:188} INFO - [2026-09-18T09:11:51.993+0000] {dagbag.py:545} INFO - Filling up the DagBag from /opt/airflow/dags/loading_dag.py
[2026-09-18T09:11:52.006+0000] {processor.py:840} INFO - DAG(s) 'data_loading' retrieved from /opt/airflow/dags/loading_dag.py
[2026-09-18T09:11:52.034+0000] {logging_mixin.py:188} INFO - [2026-09-18T09:11:52.034+0000] {dag.py:3096} INFO - Sync 1 DAGs
[2026-09-18T09:11:52.054+0000] {logging_mixin.py:188} INFO - [2026-09-18T09:11:52.054+0000] {dag.py:3954} INFO - Setting next_dagrun for data_loading to None, run_after=None
[2026-09-18T09:11:52.079+0000] {processor.py:183} INFO - Processing /opt/airflow/dags/loading_dag.py took 0.101 seconds
[2026-09-18T09:12:22.711+0000] {processor.py:161} INFO - Started process (PID=103) to work on /opt/airflow/dags/loading_dag.py
[2026-09-18T09:12:22.713+0000] {processor.py:830} INFO - Processing file /opt/airflow/dags/loading_dag.py for tasks to queue
[2026-09-18T09:12:22.716+0000] {logging_mixin.py:188} INFO - [2026-09-18T09:12:22.716+0000] {dagbag.py:545} INFO - Filling up the DagBag from /opt/airflow/dags/loading_dag.py
[2026-09-18T09:12:22.727+0000] {processor.py:840} INFO - DAG(s) 'data_loading' retrieved from /opt/airflow/dags/loading_dag.py
[2026-09-18T09:12:22.757+0000] {logging_mixin.py:188} INFO - [2026-09-18T09:12:22.757+0000] {dag.py:3096} INFO - Sync 1 DAGs
[2026-09-18T09:12:22.778+0000] {logging_mixin.py:188} INFO - [2026-09-18T09:12:22.778+0000] {dag.py:3954} INFO - Setting next_dagrun for data_loading to None, run_after=None
[2026-09-18T09:12:22.803+0000] {processor.py:183} INFO - Processing /opt/airflow/dags/loading_dag.py took 0.103 seconds
[2026-09-18T09:12:53.398+0000] {processor.py:161} INFO - Started process (PID=111) to work on /opt/airflow/dags/loading_dag.py
[2026-09-18T09:12:53.404+0000] {processor.py:830} INFO - Processing file /opt/airflow/dags/loading_dag.py for tasks to queue
[2026-09-18T09:12:53.406+0000] {logging_mixin.py:188} INFO - [2026-09-18T09:12:53.405+0000] {dagbag.py:545} INFO - Filling up the DagBag from /opt/airflow/dags/loading_dag.py
[2026-09-18T09:12:53.416+0000] {processor.py:840} INFO - DAG(s) 'data_loading' retrieved from /opt/airflow/dags/loading_dag.py
[2026-09-18T09:12:53.442+0000] {logging_mixin.py:188} INFO - [2026-09-18T09:12:53.442+0000] {dag.py:3096} INFO - Sync 1 DAGs
[2026-09-18T09:12:53.465+0000] {logging_mixin.py:188} INFO - [2026-09-18T09:12:53.464+0000] {dag.py:3954} INFO - Setting next_dagrun for data_loading to None, run_after=None
[2026-09-18T09:12:53.488+0000] {processor.py:183} INFO - Processing /opt/airflow/dags/loading_dag.py took 0.098 seconds
[2026-09-18T09:13:24.088+0000] {processor.py:161} INFO - Started process (PID=118) to work on /opt/airflow/dags/loading_dag.py
[2026-09-18T09:13:24.089+0000] {processor.py:830} INFO - Processing file /opt/airflow/dags/loading_dag.py for tasks to queue
[2026-09-18T09:13:24.093+0000] {logging_mixin.py:188} INFO - [2026-09-18T09:13:24.093+0000] {dagbag.py:545} INFO - Filling up the DagBag from /opt/airflow/dags/loading_dag.py
[2026-09-18T09:13:24.105+0000] {processor.py:840} INFO - DAG(s) 'data_loading' retrieved from /opt/airflow/dags/loading_dag.py
[2026-09-18T09:13:24.141+0000] {logging_mixin.py:188} INFO - [2026-09-18T09:13:24.140+0000] {dag.py:3096} INFO - Sync 1 DAGs
[2026-09-18T09:13:24.168+0000] {logging_mixin.py:188} INFO - [2026-09-18T09:13:24.168+0000] {dag.py:3954} INFO - Setting next_dagrun for data_loading to None, run_after=None
[2026-09-18T09:13:24.190+0000] {processor.py:183} INFO - Processing /opt/airflow/dags/loading_dag.py took 0.116 seconds
[2026-09-18T09:13:54.874+0000] {processor.py:161} INFO - Started process (PID=126) to work on /opt/airflow/dags/loading_dag.py
[2026-09-18T09:13:54.875+0000] {processor.py:830} INFO - Processing file /opt/airflow/dags/loading_dag.py for tasks to queue
[2026-09-18T09:13:54.878+0000] {logging_mixin.py:188} INFO - [2026-09-18T09:13:54.878+0000] {dagbag.py:545} INFO - Filling up the DagBag from /opt/airflow/dags/loading_dag.py
[2026-09-18T09:13:54.892+0000] {processor.py:840} INFO - DAG(s) 'data_loading' retrieved from /opt/airflow/dags/loading_dag.py
[2026-09-18T09:13:54.924+0000] {logging_mixin.py:188} INFO - [2026-09-18T09:13:54.924+0000] {dag.py:3096} INFO - Sync 1 DAGs
[2026-09-18T09:13:54.947+0000] {logging_mixin.py:188} INFO - [2026-09-18T09:13:54.946+0000] {dag.py:3954} INFO - Setting next_dagrun for data_loading to None, run_after=None
[2026-09-18T09:13:54.969+0000] {processor.py:183} INFO - Processing /opt/airflow/dags/loading_dag.py took 0.106 seconds
[2026-09-18T09:14:25.578+0000] {processor.py:161} INFO - Started process (PID=134) to work on /opt/airflow/dags/loading_dag.py
[2026-09-18T09:14:25.581+0000] {processor.py:830} INFO - Processing file /opt/airflow/dags/loading_dag.py for tasks to queue
[2026-09-18T09:14:25.585+0000] {logging_mixin.py:188} INFO - [2026-09-18T09:14:25.585+0000] {dagbag.py:545} INFO - Filling up the DagBag from /opt/airflow/dags/loading_dag.py
[2026-09-18T09:14:25.608+0000] {processor.py:840} INFO - DAG(s) 'data_loading' retrieved from /opt/airflow/dags/loading_dag.py
[2026-09-18T09:14:25.639+0000] {logging_mixin.py:188} INFO - [2026-09-18T09:14:25.639+0000] {dag.py:3096} INFO - Sync 1 DAGs
[2026-09-18T09:14:25.665+0000] {logging_mixin.py:188} INFO - [2026-09-18T09:14:25.665+0000] {dag.py:3954} INFO - Setting next_dagrun for data_loading to None, run_after=None
[2026-09-18T09:14:25.688+0000] {processor.py:183} INFO - Processing /opt/airflow/dags/loading_dag.py took 0.128 seconds
[2026-09-18T09:14:56.578+0000] {processor.py:161} INFO - Started process (PID=142) to work on /opt/airflow/dags/loading_dag.py
[2026-09-18T09:14:56.584+0000] {processor.py:830} INFO - Processing file /opt/airflow/dags/loading_dag.py for tasks to queue
[2026-09-18T09:14:56.586+0000] {logging_mixin.py:188} INFO - [2026-09-18T09:14:56.586+0000] {dagbag.py:545} INFO - Filling up the DagBag from /opt/airflow/dags/loading_dag.py
[2026-09-18T09:14:56.602+0000] {processor.py:840} INFO - DAG(s) 'data_loading' retrieved from /opt/airflow/dags/loading_dag.py
[2026-09-18T09:14:56.633+0000] {logging_mixin.py:188} INFO - [2026-09-18T09:14:56.633+0000] {dag.py:3096} INFO - Sync 1 DAGs
[2026-09-18T09:14:56.653+0000] {logging_mixin.py:188} INFO - [2026-09-18T09:14:56.653+0000] {dag.py:3954} INFO - Setting next_dagrun for data_loading to None, run_after=None
[2026-09-18T09:14:56.677+0000] {processor.py:183} INFO - Processing /opt/airflow/dags/loading_dag.py took 0.110 seconds
[2026-09-18T09:15:27.350+0000] {processor.py:161} INFO - Started process (PID=150) to work on /opt/airflow/dags/loading_dag.py
[2026-09-18T09:15:27.352+0000] {processor.py:830} INFO - Processing file /opt/airflow/dags/loading_dag.py for tasks to queue
[2026-09-18T09:15:27.354+0000] {logging_mixin.py:188} INFO - [2026-09-18T09:15:27.354+0000] {dagbag.py:545} INFO - Filling up the DagBag from /opt/airflow/dags/loading_dag.py
[2026-09-18T09:15:27.367+0000] {processor.py:840} INFO - DAG(s) 'data_loading' retrieved from /opt/airflow/dags/loading_dag.py
[2026-09-18T09:15:27.412+0000] {logging_mixin.py:188} INFO - [2026-09-18T09:15:27.412+0000] {dag.py:3096} INFO - Sync 1 DAGs
[2026-09-18T09:15:27.446+0000] {logging_mixin.py:188} INFO - [2026-09-18T09:15:27.446+0000] {dag.py:3954} INFO - Setting next_dagrun for data_loading to None, run_after=None
[2026-09-18T09:15:27.476+0000] {processor.py:183} INFO - Processing /opt/airflow/dags/loading_dag.py took 0.137 seconds
[2026-09-18T09:15:57.984+0000] {processor.py:161} INFO - Started process (PID=164) to work on /opt/airflow/dags/loading_dag.py
[2026-09-18T09:15:57.987+0000] {processor.py:830} INFO - Processing file /opt/airflow/dags/loading_dag.py for tasks to queue
[2026-09-18T09:15:57.990+0000] {logging_mixin.py:188} INFO - [2026-09-18T09:15:57.989+0000] {dagbag.py:545} INFO - Filling up the DagBag from /opt/airflow/dags/loading_dag.py
[2026-09-18T09:15:58.005+0000] {processor.py:840} INFO - DAG(s) 'data_loading' retrieved from /opt/airflow/dags/loading_dag.py
[2026-09-18T09:15:58.037+0000] {logging_mixin.py:188} INFO - [2026-09-18T09:15:58.037+0000] {dag.py:3096} INFO - Sync 1 DAGs
[2026-09-18T09:15:58.065+0000] {logging_mixin.py:188} INFO - [2026-09-18T09:15:58.064+0000] {dag.py:3954} INFO - Setting next_dagrun for data_loading to None, run_after=None
[2026-09-18T09:15:58.095+0000] {processor.py:183} INFO - Processing /opt/airflow/dags/loading_dag.py took 0.121 seconds
[2026-09-18T09:16:28.831+0000] {processor.py:161} INFO - Started process (PID=172) to work on /opt/airflow/dags/loading_dag.py
[2026-09-18T09:16:28.840+0000] {processor.py:830} INFO - Processing file /opt/airflow/dags/loading_dag.py for tasks to queue
[2026-09-18T09:16:28.858+0000] {logging_mixin.py:188} INFO - [2026-09-18T09:16:28.854+0000] {dagbag.py:545} INFO - Filling up the DagBag from /opt/airflow/dags/loading_dag.py
[2026-09-18T09:16:28.906+0000] {processor.py:840} INFO - DAG(s) 'data_loading' retrieved from /opt/airflow/dags/loading_dag.py
[2026-09-18T09:16:29.022+0000] {logging_mixin.py:188} INFO - [2026-09-18T09:16:29.022+0000] {dag.py:3096} INFO - Sync 1 DAGs
[2026-09-18T09:16:29.086+0000] {logging_mixin.py:188} INFO - [2026-09-18T09:16:29.086+0000] {dag.py:3954} INFO - Setting next_dagrun for data_loading to None, run_after=None
[2026-09-18T09:16:29.132+0000] {processor.py:183} INFO - Processing /opt/airflow/dags/loading_dag.py took 0.342 seconds
[2026-09-18T09:16:59.567+0000] {processor.py:161} INFO - Started process (PID=180) to work on /opt/airflow/dags/loading_dag.py
[2026-09-18T09:16:59.572+0000] {processor.py:830} INFO - Processing file /opt/airflow/dags/loading_dag.py for tasks to queue
[2026-09-18T09:16:59.574+0000] {logging_mixin.py:188} INFO - [2026-09-18T09:16:59.574+0000] {dagbag.py:545} INFO - Filling up the DagBag from /opt/airflow/dags/loading_dag.py
[2026-09-18T09:16:59.584+0000] {processor.py:840} INFO - DAG(s) 'data_loading' retrieved from /opt/airflow/dags/loading_dag.py
[2026-09-18T09:16:59.610+0000] {logging_mixin.py:188} INFO - [2026-09-18T09:16:59.610+0000] {dag.py:3096} INFO - Sync 1 DAGs
[2026-09-18T09:16:59.629+0000] {logging_mixin.py:188} INFO - [2026-09-18T09:16:59.629+0000] {dag.py:3954} INFO - Setting next_dagrun for data_loading to None, run_after=None
[2026-09-18T09:16:59.648+0000] {processor.py:183} INFO - Processing /opt/airflow/dags/loading_dag.py took 0.088 seconds
[2026-09-18T09:17:30.380+0000] {processor.py:161} INFO - Started process (PID=188) to work on /opt/airflow/dags/loading_dag.py
[2026-09-18T09:17:30.382+0000] {processor.py:830} INFO - Processing file /opt/airflow/dags/loading_dag.py for tasks to queue
[2026-09-18T09:17:30.386+0000] {logging_mixin.py:188} INFO - [2026-09-18T09:17:30.386+0000] {dagbag.py:545} INFO - Filling up the DagBag from /opt/airflow/dags/loading_dag.py
[2026-09-18T09:17:30.401+0000] {processor.py:840} INFO - DAG(s) 'data_loading' retrieved from /opt/airflow/dags/loading_dag.py
[2026-09-18T09:17:30.446+0000] {logging_mixin.py:188} INFO - [2026-09-18T09:17:30.445+0000] {dag.py:3096} INFO - Sync 1 DAGs
[2026-09-18T09:17:30.476+0000] {logging_mixin.py:188} INFO - [2026-09-18T09:17:30.476+0000] {dag.py:3954} INFO - Setting next_dagrun for data_loading to None, run_after=None
[2026-09-18T09:17:30.497+0000] {processor.py:183} INFO - Processing /opt/airflow/dags/loading_dag.py took 0.134 seconds
[2026-09-18T09:18:01.075+0000] {processor.py:161} INFO - Started process (PID=197) to work on /opt/airflow/dags/loading_dag.py
[2026-09-18T09:18:01.081+0000] {processor.py:830} INFO - Processing file /opt/airflow/dags/loading_dag.py for tasks to queue
[2026-09-18T09:18:01.083+0000] {logging_mixin.py:188} INFO - [2026-09-18T09:18:01.083+0000] {dagbag.py:545} INFO - Filling up the DagBag from /opt/airflow/dags/loading_dag.py
[2026-09-18T09:18:01.098+0000] {processor.py:840} INFO - DAG(s) 'data_loading' retrieved from /opt/airflow/dags/loading_dag.py
[2026-09-18T09:18:01.139+0000] {logging_mixin.py:188} INFO - [2026-09-18T09:18:01.138+0000] {dag.py:3096} INFO - Sync 1 DAGs
[2026-09-18T09:18:01.166+0000] {logging_mixin.py:188} INFO - [2026-09-18T09:18:01.166+0000] {dag.py:3954} INFO - Setting next_dagrun for data_loading to None, run_after=None
[2026-09-18T09:18:01.194+0000] {processor.py:183} INFO - Processing /opt/airflow/dags/loading_dag.py took 0.150 seconds
[2026-09-18T09:18:31.772+0000] {processor.py:161} INFO - Started process (PID=205) to work on /opt/airflow/dags/loading_dag.py
[2026-09-18T09:18:31.778+0000] {processor.py:830} INFO - Processing file /opt/airflow/dags/loading_dag.py for tasks to queue
[2026-09-18T09:18:31.780+0000] {logging_mixin.py:188} INFO - [2026-09-18T09:18:31.780+0000] {dagbag.py:545} INFO - Filling up the DagBag from /opt/airflow/dags/loading_dag.py
[2026-09-18T09:18:31.789+0000] {processor.py:840} INFO - DAG(s) 'data_loading' retrieved from /opt/airflow/dags/loading_dag.py
[2026-09-18T09:18:31.814+0000] {logging_mixin.py:188} INFO - [2026-09-18T09:18:31.813+0000] {dag.py:3096} INFO - Sync 1 DAGs
[2026-09-18T09:18:31.831+0000] {logging_mixin.py:188} INFO - [2026-09-18T09:18:31.831+0000] {dag.py:3954} INFO - Setting next_dagrun for data_loading to None, run_after=None
[2026-09-18T09:18:31.854+0000] {processor.py:183} INFO - Processing /opt/airflow/dags/loading_dag.py took 0.087 seconds
[2026-09-18T09:19:02.376+0000] {processor.py:161} INFO - Started process (PID=213) to work on /opt/airflow/dags/loading_dag.py
[2026-09-18T09:19:02.378+0000] {processor.py:830} INFO - Processing file /opt/airflow/dags/loading_dag.py for tasks to queue
[2026-09-18T09:19:02.386+0000] {logging_mixin.py:188} INFO - [2026-09-18T09:19:02.384+0000] {dagbag.py:545} INFO - Filling up the DagBag from /opt/airflow/dags/loading_dag.py
[2026-09-18T09:19:02.401+0000] {processor.py:840} INFO - DAG(s) 'data_loading' retrieved from /opt/airflow/dags/loading_dag.py
[2026-09-18T09:19:02.438+0000] {logging_mixin.py:188} INFO - [2026-09-18T09:19:02.438+0000] {dag.py:3096} INFO - Sync 1 DAGs
[2026-09-18T09:19:02.464+0000] {logging_mixin.py:188} INFO - [2026-09-18T09:19:02.464+0000] {dag.py:3954} INFO - Setting next_dagrun for data_loading to None, run_after=None
[2026-09-18T09:19:02.484+0000] {processor.py:183} INFO - Processing /opt/airflow/dags/loading_dag.py took 0.115 seconds
[2026-09-18T09:19:33.046+0000] {processor.py:161} INFO - Started process (PID=222) to work on /opt/airflow/dags/loading_dag.py
[2026-09-18T09:19:33.051+0000] {processor.py:830} INFO - Processing file /opt/airflow/dags/loading_dag.py for tasks to queue
[2026-09-18T09:19:33.053+0000] {logging_mixin.py:188} INFO - [2026-09-18T09:19:33.053+0000] {dagbag.py:545} INFO - Filling up the DagBag from /opt/airflow/dags/loading_dag.py
[2026-09-18T09:19:33.063+0000] {processor.py:840} INFO - DAG(s) 'data_loading' retrieved from /opt/airflow/dags/loading_dag.py
[2026-09-18T09:19:33.100+0000] {logging_mixin.py:188} INFO - [2026-09-18T09:19:33.100+0000] {dag.py:3096} INFO - Sync 1 DAGs
[2026-09-18T09:19:33.119+0000] {logging_mixin.py:188} INFO - [2026-09-18T09:19:33.119+0000] {dag.py:3954} INFO - Setting next_dagrun for data_loading to None, run_after=None
[2026-09-18T09:19:33.144+0000] {processor.py:183} INFO - Processing /opt/airflow/dags/loading_dag.py took 0.105 seconds
[2026-09-18T09:20:03.662+0000] {processor.py:161} INFO - Started process (PID=231) to work on /opt/airflow/dags/loading_dag.py
[2026-09-18T09:20:03.667+0000] {processor.py:830} INFO - Processing file /opt/airflow/dags/loading_dag.py for tasks to queue
[2026-09-18T09:20:03.669+0000] {logging_mixin.py:188} INFO - [2026-09-18T09:20:03.669+0000] {dagbag.py:545} INFO - Filling up the DagBag from /opt/airflow/dags/loading_dag.py
[2026-09-18T09:20:03.679+0000] {processor.py:840} INFO - DAG(s) 'data_loading' retrieved from /opt/airflow/dags/loading_dag.py
[2026-09-18T09:20:03.701+0000] {logging_mixin.py:188} INFO - [2026-09-18T09:20:03.701+0000] {dag.py:3096} INFO - Sync 1 DAGs
[2026-09-18T09:20:03.719+0000] {logging_mixin.py:188} INFO - [2026-09-18T09:20:03.719+0000] {dag.py:3954} INFO - Setting next_dagrun for data_loading to None, run_after=None
[2026-09-18T09:20:03.743+0000] {processor.py:183} INFO - Processing /opt/airflow/dags/loading_dag.py took 0.087 seconds
[2026-09-18T09:20:34.303+0000] {processor.py:161} INFO - Started process (PID=239) to work on /opt/airflow/dags/loading_dag.py
[2026-09-18T09:20:34.308+0000] {processor.py:830} INFO - Processing file /opt/airflow/dags/loading_dag.py for tasks to queue
[2026-09-18T09:20:34.309+0000] {logging_mixin.py:188} INFO - [2026-09-18T09:20:34.309+0000] {dagbag.py:545} INFO - Filling up the DagBag from /opt/airflow/dags/loading_dag.py
[2026-09-18T09:20:34.322+0000] {processor.py:840} INFO - DAG(s) 'data_loading' retrieved from /opt/airflow/dags/loading_dag.py
[2026-09-18T09:20:34.346+0000] {logging_mixin.py:188} INFO - [2026-09-18T09:20:34.346+0000] {dag.py:3096} INFO - Sync 1 DAGs
[2026-09-18T09:20:34.366+0000] {logging_mixin.py:188} INFO - [2026-09-18T09:20:34.365+0000] {dag.py:3954} INFO - Setting next_dagrun for data_loading to None, run_after=None
[2026-09-18T09:20:34.386+0000] {processor.py:183} INFO - Processing /opt/airflow/dags/loading_dag.py took 0.091 seconds
[2026-09-18T09:21:05.186+0000] {processor.py:161} INFO - Started process (PID=247) to work on /opt/airflow/dags/loading_dag.py
[2026-09-18T09:21:05.191+0000] {processor.py:830} INFO - Processing file /opt/airflow/dags/loading_dag.py for tasks to queue
[2026-09-18T09:21:05.193+0000] {logging_mixin.py:188} INFO - [2026-09-18T09:21:05.193+0000] {dagbag.py:545} INFO - Filling up the DagBag from /opt/airflow/dags/loading_dag.py
[2026-09-18T09:21:05.206+0000] {processor.py:840} INFO - DAG(s) 'data_loading' retrieved from /opt/airflow/dags/loading_dag.py
[2026-09-18T09:21:05.245+0000] {logging_mixin.py:188} INFO - [2026-09-18T09:21:05.244+0000] {dag.py:3096} INFO - Sync 1 DAGs
[2026-09-18T09:21:05.267+0000] {logging_mixin.py:188} INFO - [2026-09-18T09:21:05.266+0000] {dag.py:3954} INFO - Setting next_dagrun for data_loading to None, run_after=None
[2026-09-18T09:21:05.289+0000] {processor.py:183} INFO - Processing /opt/airflow/dags/loading_dag.py took 0.110 seconds
[2026-09-18T09:21:35.776+0000] {processor.py:161} INFO - Started process (PID=255) to work on /opt/airflow/dags/loading_dag.py
[2026-09-18T09:21:35.778+0000] {processor.py:830} INFO - Processing file /opt/airflow/dags/loading_dag.py for tasks to queue
[2026-09-18T09:21:35.781+0000] {logging_mixin.py:188} INFO - [2026-09-18T09:21:35.780+0000] {dagbag.py:545} INFO - Filling up the DagBag from /opt/airflow/dags/loading_dag.py
[2026-09-18T09:21:35.793+0000] {processor.py:840} INFO - DAG(s) 'data_loading' retrieved from /opt/airflow/dags/loading_dag.py
[2026-09-18T09:21:35.818+0000] {logging_mixin.py:188} INFO - [2026-09-18T09:21:35.818+0000] {dag.py:3096} INFO - Sync 1 DAGs
[2026-09-18T09:21:35.838+0000] {logging_mixin.py:188} INFO - [2026-09-18T09:21:35.838+0000] {dag.py:3954} INFO - Setting next_dagrun for data_loading to None, run_after=None
[2026-09-18T09:21:35.865+0000] {processor.py:183} INFO - Processing /opt/airflow/dags/loading_dag.py took 0.096 seconds
[2026-09-18T09:22:06.509+0000] {processor.py:161} INFO - Started process (PID=269) to work on /opt/airflow/dags/loading_dag.py
[2026-09-18T09:22:06.515+0000] {processor.py:830} INFO - Processing file /opt/airflow/dags/loading_dag.py for tasks to queue
[2026-09-18T09:22:06.517+0000] {logging_mixin.py:188} INFO - [2026-09-18T09:22:06.517+0000] {dagbag.py:545} INFO - Filling up the DagBag from /opt/airflow/dags/loading_dag.py
[2026-09-18T09:22:06.527+0000] {processor.py:840} INFO - DAG(s) 'data_loading' retrieved from /opt/airflow/dags/loading_dag.py
[2026-09-18T09:22:06.550+0000] {logging_mixin.py:188} INFO - [2026-09-18T09:22:06.549+0000] {dag.py:3096} INFO - Sync 1 DAGs
[2026-09-18T09:22:06.567+0000] {logging_mixin.py:188} INFO - [2026-09-18T09:22:06.566+0000] {dag.py:3954} INFO - Setting next_dagrun for data_loading to None, run_after=None
[2026-09-18T09:22:06.589+0000] {processor.py:183} INFO - Processing /opt/airflow/dags/loading_dag.py took 0.086 seconds
[2026-09-18T09:22:37.046+0000] {processor.py:161} INFO - Started process (PID=277) to work on /opt/airflow/dags/loading_dag.py
[2026-09-18T09:22:37.052+0000] {processor.py:830} INFO - Processing file /opt/airflow/dags/loading_dag.py for tasks to queue
[2026-09-18T09:22:37.054+0000] {logging_mixin.py:188} INFO - [2026-09-18T09:22:37.053+0000] {dagbag.py:545} INFO - Filling up the DagBag from /opt/airflow/dags/loading_dag.py
[2026-09-18T09:22:37.063+0000] {processor.py:840} INFO - DAG(s) 'data_loading' retrieved from /opt/airflow/dags/loading_dag.py
[2026-09-18T09:22:37.086+0000] {logging_mixin.py:188} INFO - [2026-09-18T09:22:37.086+0000] {dag.py:3096} INFO - Sync 1 DAGs
[2026-09-18T09:22:37.103+0000] {logging_mixin.py:188} INFO - [2026-09-18T09:22:37.102+0000] {dag.py:3954} INFO - Setting next_dagrun for data_loading to None, run_after=None
[2026-09-18T09:22:37.124+0000] {processor.py:183} INFO - Processing /opt/airflow/dags/loading_dag.py took 0.084 seconds
[2026-09-18T09:23:07.682+0000] {processor.py:161} INFO - Started process (PID=285) to work on /opt/airflow/dags/loading_dag.py
[2026-09-18T09:23:07.684+0000] {processor.py:830} INFO - Processing file /opt/airflow/dags/loading_dag.py for tasks to queue
[2026-09-18T09:23:07.686+0000] {logging_mixin.py:188} INFO - [2026-09-18T09:23:07.685+0000] {dagbag.py:545} INFO - Filling up the DagBag from /opt/airflow/dags/loading_dag.py
[2026-09-18T09:23:07.696+0000] {processor.py:840} INFO - DAG(s) 'data_loading' retrieved from /opt/airflow/dags/loading_dag.py
[2026-09-18T09:23:07.722+0000] {logging_mixin.py:188} INFO - [2026-09-18T09:23:07.722+0000] {dag.py:3096} INFO - Sync 1 DAGs
[2026-09-18T09:23:07.743+0000] {logging_mixin.py:188} INFO - [2026-09-18T09:23:07.743+0000] {dag.py:3954} INFO - Setting next_dagrun for data_loading to None, run_after=None
[2026-09-18T09:23:07.767+0000] {processor.py:183} INFO - Processing /opt/airflow/dags/loading_dag.py took 0.092 seconds
[2026-09-18T09:23:38.221+0000] {processor.py:161} INFO - Started process (PID=293) to work on /opt/airflow/dags/loading_dag.py
[2026-09-18T09:23:38.226+0000] {processor.py:830} INFO - Processing file /opt/airflow/dags/loading_dag.py for tasks to queue
[2026-09-18T09:23:38.228+0000] {logging_mixin.py:188} INFO - [2026-09-18T09:23:38.228+0000] {dagbag.py:545} INFO - Filling up the DagBag from /opt/airflow/dags/loading_dag.py
[2026-09-18T09:23:38.244+0000] {processor.py:840} INFO - DAG(s) 'data_loading' retrieved from /opt/airflow/dags/loading_dag.py
[2026-09-18T09:23:38.278+0000] {logging_mixin.py:188} INFO - [2026-09-18T09:23:38.277+0000] {dag.py:3096} INFO - Sync 1 DAGs
[2026-09-18T09:23:38.301+0000] {logging_mixin.py:188} INFO - [2026-09-18T09:23:38.300+0000] {dag.py:3954} INFO - Setting next_dagrun for data_loading to None, run_after=None
[2026-09-18T09:23:38.331+0000] {processor.py:183} INFO - Processing /opt/airflow/dags/loading_dag.py took 0.117 seconds
[2026-09-18T09:24:08.840+0000] {processor.py:161} INFO - Started process (PID=301) to work on /opt/airflow/dags/loading_dag.py
[2026-09-18T09:24:08.842+0000] {processor.py:830} INFO - Processing file /opt/airflow/dags/loading_dag.py for tasks to queue
[2026-09-18T09:24:08.844+0000] {logging_mixin.py:188} INFO - [2026-09-18T09:24:08.844+0000] {dagbag.py:545} INFO - Filling up the DagBag from /opt/airflow/dags/loading_dag.py
[2026-09-18T09:24:08.857+0000] {processor.py:840} INFO - DAG(s) 'data_loading' retrieved from /opt/airflow/dags/loading_dag.py
[2026-09-18T09:24:08.885+0000] {logging_mixin.py:188} INFO - [2026-09-18T09:24:08.885+0000] {dag.py:3096} INFO - Sync 1 DAGs
[2026-09-18T09:24:08.905+0000] {logging_mixin.py:188} INFO - [2026-09-18T09:24:08.905+0000] {dag.py:3954} INFO - Setting next_dagrun for data_loading to None, run_after=None
[2026-09-18T09:24:08.929+0000] {processor.py:183} INFO - Processing /opt/airflow/dags/loading_dag.py took 0.096 seconds
[2026-09-18T09:24:39.426+0000] {processor.py:161} INFO - Started process (PID=309) to work on /opt/airflow/dags/loading_dag.py
[2026-09-18T09:24:39.428+0000] {processor.py:830} INFO - Processing file /opt/airflow/dags/loading_dag.py for tasks to queue
[2026-09-18T09:24:39.430+0000] {logging_mixin.py:188} INFO - [2026-09-18T09:24:39.429+0000] {dagbag.py:545} INFO - Filling up the DagBag from /opt/airflow/dags/loading_dag.py
[2026-09-18T09:24:39.439+0000] {processor.py:840} INFO - DAG(s) 'data_loading' retrieved from /opt/airflow/dags/loading_dag.py
[2026-09-18T09:24:39.466+0000] {logging_mixin.py:188} INFO - [2026-09-18T09:24:39.466+0000] {dag.py:3096} INFO - Sync 1 DAGs
[2026-09-18T09:24:39.486+0000] {logging_mixin.py:188} INFO - [2026-09-18T09:24:39.486+0000] {dag.py:3954} INFO - Setting next_dagrun for data_loading to None, run_after=None
[2026-09-18T09:24:39.511+0000] {processor.py:183} INFO - Processing /opt/airflow/dags/loading_dag.py took 0.091 seconds
[2026-09-18T09:25:10.088+0000] {processor.py:161} INFO - Started process (PID=317) to work on /opt/airflow/dags/loading_dag.py
[2026-09-18T09:25:10.094+0000] {processor.py:830} INFO - Processing file /opt/airflow/dags/loading_dag.py for tasks to queue
[2026-09-18T09:25:10.096+0000] {logging_mixin.py:188} INFO - [2026-09-18T09:25:10.096+0000] {dagbag.py:545} INFO - Filling up the DagBag from /opt/airflow/dags/loading_dag.py
[2026-09-18T09:25:10.106+0000] {processor.py:840} INFO - DAG(s) 'data_loading' retrieved from /opt/airflow/dags/loading_dag.py
[2026-09-18T09:25:10.134+0000] {logging_mixin.py:188} INFO - [2026-09-18T09:25:10.134+0000] {dag.py:3096} INFO - Sync 1 DAGs
[2026-09-18T09:25:10.154+0000] {logging_mixin.py:188} INFO - [2026-09-18T09:25:10.154+0000] {dag.py:3954} INFO - Setting next_dagrun for data_loading to None, run_after=None
[2026-09-18T09:25:10.179+0000] {processor.py:183} INFO - Processing /opt/airflow/dags/loading_dag.py took 0.098 seconds
[2026-09-18T09:25:40.570+0000] {processor.py:161} INFO - Started process (PID=325) to work on /opt/airflow/dags/loading_dag.py
[2026-09-18T09:25:40.571+0000] {processor.py:830} INFO - Processing file /opt/airflow/dags/loading_dag.py for tasks to queue
[2026-09-18T09:25:40.574+0000] {logging_mixin.py:188} INFO - [2026-09-18T09:25:40.573+0000] {dagbag.py:545} INFO - Filling up the DagBag from /opt/airflow/dags/loading_dag.py
[2026-09-18T09:25:40.596+0000] {processor.py:840} INFO - DAG(s) 'data_loading' retrieved from /opt/airflow/dags/loading_dag.py
[2026-09-18T09:25:40.679+0000] {logging_mixin.py:188} INFO - [2026-09-18T09:25:40.679+0000] {dag.py:3096} INFO - Sync 1 DAGs
[2026-09-18T09:25:40.734+0000] {logging_mixin.py:188} INFO - [2026-09-18T09:25:40.733+0000] {dag.py:3954} INFO - Setting next_dagrun for data_loading to None, run_after=None
[2026-09-18T09:25:40.776+0000] {processor.py:183} INFO - Processing /opt/airflow/dags/loading_dag.py took 0.217 seconds
[2026-09-18T09:26:11.331+0000] {processor.py:161} INFO - Started process (PID=333) to work on /opt/airflow/dags/loading_dag.py
[2026-09-18T09:26:11.333+0000] {processor.py:830} INFO - Processing file /opt/airflow/dags/loading_dag.py for tasks to queue
[2026-09-18T09:26:11.336+0000] {logging_mixin.py:188} INFO - [2026-09-18T09:26:11.336+0000] {dagbag.py:545} INFO - Filling up the DagBag from /opt/airflow/dags/loading_dag.py
[2026-09-18T09:26:11.358+0000] {processor.py:840} INFO - DAG(s) 'data_loading' retrieved from /opt/airflow/dags/loading_dag.py
[2026-09-18T09:26:11.389+0000] {logging_mixin.py:188} INFO - [2026-09-18T09:26:11.388+0000] {dag.py:3096} INFO - Sync 1 DAGs
[2026-09-18T09:26:11.412+0000] {logging_mixin.py:188} INFO - [2026-09-18T09:26:11.411+0000] {dag.py:3954} INFO - Setting next_dagrun for data_loading to None, run_after=None
[2026-09-18T09:26:11.434+0000] {processor.py:183} INFO - Processing /opt/airflow/dags/loading_dag.py took 0.111 seconds
[2026-09-18T09:26:41.724+0000] {processor.py:161} INFO - Started process (PID=341) to work on /opt/airflow/dags/loading_dag.py
[2026-09-18T09:26:41.725+0000] {processor.py:830} INFO - Processing file /opt/airflow/dags/loading_dag.py for tasks to queue
[2026-09-18T09:26:41.727+0000] {logging_mixin.py:188} INFO - [2026-09-18T09:26:41.726+0000] {dagbag.py:545} INFO - Filling up the DagBag from /opt/airflow/dags/loading_dag.py
[2026-09-18T09:26:41.738+0000] {processor.py:840} INFO - DAG(s) 'data_loading' retrieved from /opt/airflow/dags/loading_dag.py
[2026-09-18T09:26:41.765+0000] {logging_mixin.py:188} INFO - [2026-09-18T09:26:41.765+0000] {dag.py:3096} INFO - Sync 1 DAGs
[2026-09-18T09:26:41.789+0000] {logging_mixin.py:188} INFO - [2026-09-18T09:26:41.789+0000] {dag.py:3954} INFO - Setting next_dagrun for data_loading to None, run_after=None
[2026-09-18T09:26:41.812+0000] {processor.py:183} INFO - Processing /opt/airflow/dags/loading_dag.py took 0.095 seconds
[2026-09-18T09:27:12.597+0000] {processor.py:161} INFO - Started process (PID=349) to work on /opt/airflow/dags/loading_dag.py
[2026-09-18T09:27:12.599+0000] {processor.py:830} INFO - Processing file /opt/airflow/dags/loading_dag.py for tasks to queue
[2026-09-18T09:27:12.601+0000] {logging_mixin.py:188} INFO - [2026-09-18T09:27:12.600+0000] {dagbag.py:545} INFO - Filling up the DagBag from /opt/airflow/dags/loading_dag.py
[2026-09-18T09:27:12.610+0000] {processor.py:840} INFO - DAG(s) 'data_loading' retrieved from /opt/airflow/dags/loading_dag.py
[2026-09-18T09:27:12.634+0000] {logging_mixin.py:188} INFO - [2026-09-18T09:27:12.634+0000] {dag.py:3096} INFO - Sync 1 DAGs
[2026-09-18T09:27:12.651+0000] {logging_mixin.py:188} INFO - [2026-09-18T09:27:12.651+0000] {dag.py:3954} INFO - Setting next_dagrun for data_loading to None, run_after=None
[2026-09-18T09:27:12.675+0000] {processor.py:183} INFO - Processing /opt/airflow/dags/loading_dag.py took 0.085 seconds
[2026-09-18T09:27:43.225+0000] {processor.py:161} INFO - Started process (PID=357) to work on /opt/airflow/dags/loading_dag.py
[2026-09-18T09:27:43.227+0000] {processor.py:830} INFO - Processing file /opt/airflow/dags/loading_dag.py for tasks to queue
[2026-09-18T09:27:43.229+0000] {logging_mixin.py:188} INFO - [2026-09-18T09:27:43.228+0000] {dagbag.py:545} INFO - Filling up the DagBag from /opt/airflow/dags/loading_dag.py
[2026-09-18T09:27:43.239+0000] {processor.py:840} INFO - DAG(s) 'data_loading' retrieved from /opt/airflow/dags/loading_dag.py
[2026-09-18T09:27:43.262+0000] {logging_mixin.py:188} INFO - [2026-09-18T09:27:43.262+0000] {dag.py:3096} INFO - Sync 1 DAGs
[2026-09-18T09:27:43.280+0000] {logging_mixin.py:188} INFO - [2026-09-18T09:27:43.280+0000] {dag.py:3954} INFO - Setting next_dagrun for data_loading to None, run_after=None
[2026-09-18T09:27:43.297+0000] {processor.py:183} INFO - Processing /opt/airflow/dags/loading_dag.py took 0.078 seconds
[2026-09-18T09:28:13.573+0000] {processor.py:161} INFO - Started process (PID=365) to work on /opt/airflow/dags/loading_dag.py
[2026-09-18T09:28:13.578+0000] {processor.py:830} INFO - Processing file /opt/airflow/dags/loading_dag.py for tasks to queue
[2026-09-18T09:28:13.580+0000] {logging_mixin.py:188} INFO - [2026-09-18T09:28:13.580+0000] {dagbag.py:545} INFO - Filling up the DagBag from /opt/airflow/dags/loading_dag.py
[2026-09-18T09:28:13.591+0000] {processor.py:840} INFO - DAG(s) 'data_loading' retrieved from /opt/airflow/dags/loading_dag.py
[2026-09-18T09:28:13.620+0000] {logging_mixin.py:188} INFO - [2026-09-18T09:28:13.620+0000] {dag.py:3096} INFO - Sync 1 DAGs
[2026-09-18T09:28:13.646+0000] {logging_mixin.py:188} INFO - [2026-09-18T09:28:13.646+0000] {dag.py:3954} INFO - Setting next_dagrun for data_loading to None, run_after=None
[2026-09-18T09:28:13.670+0000] {processor.py:183} INFO - Processing /opt/airflow/dags/loading_dag.py took 0.104 seconds
[2026-09-18T09:46:58.920+0000] {processor.py:161} INFO - Started process (PID=373) to work on /opt/airflow/dags/loading_dag.py
[2026-09-18T09:46:58.921+0000] {processor.py:830} INFO - Processing file /opt/airflow/dags/loading_dag.py for tasks to queue
[2026-09-18T09:46:58.924+0000] {logging_mixin.py:188} INFO - [2026-09-18T09:46:58.924+0000] {dagbag.py:545} INFO - Filling up the DagBag from /opt/airflow/dags/loading_dag.py
[2026-09-18T09:46:58.973+0000] {processor.py:840} INFO - DAG(s) 'data_loading' retrieved from /opt/airflow/dags/loading_dag.py
[2026-09-18T09:46:59.066+0000] {logging_mixin.py:188} INFO - [2026-09-18T09:46:59.059+0000] {dag.py:3096} INFO - Sync 1 DAGs
[2026-09-18T09:46:59.171+0000] {logging_mixin.py:188} INFO - [2026-09-18T09:46:59.170+0000] {dag.py:3954} INFO - Setting next_dagrun for data_loading to None, run_after=None
[2026-09-18T09:46:59.234+0000] {processor.py:183} INFO - Processing /opt/airflow/dags/loading_dag.py took 0.369 seconds
[2026-09-18T09:47:29.347+0000] {processor.py:161} INFO - Started process (PID=381) to work on /opt/airflow/dags/loading_dag.py
[2026-09-18T09:47:29.348+0000] {processor.py:830} INFO - Processing file /opt/airflow/dags/loading_dag.py for tasks to queue
[2026-09-18T09:47:29.350+0000] {logging_mixin.py:188} INFO - [2026-09-18T09:47:29.350+0000] {dagbag.py:545} INFO - Filling up the DagBag from /opt/airflow/dags/loading_dag.py
[2026-09-18T09:47:29.362+0000] {processor.py:840} INFO - DAG(s) 'data_loading' retrieved from /opt/airflow/dags/loading_dag.py
[2026-09-18T09:47:29.391+0000] {logging_mixin.py:188} INFO - [2026-09-18T09:47:29.391+0000] {dag.py:3096} INFO - Sync 1 DAGs
[2026-09-18T09:47:29.413+0000] {logging_mixin.py:188} INFO - [2026-09-18T09:47:29.412+0000] {dag.py:3954} INFO - Setting next_dagrun for data_loading to None, run_after=None
[2026-09-18T09:47:29.437+0000] {processor.py:183} INFO - Processing /opt/airflow/dags/loading_dag.py took 0.097 seconds
[2026-09-18T09:47:59.837+0000] {processor.py:161} INFO - Started process (PID=389) to work on /opt/airflow/dags/loading_dag.py
[2026-09-18T09:47:59.838+0000] {processor.py:830} INFO - Processing file /opt/airflow/dags/loading_dag.py for tasks to queue
[2026-09-18T09:47:59.841+0000] {logging_mixin.py:188} INFO - [2026-09-18T09:47:59.840+0000] {dagbag.py:545} INFO - Filling up the DagBag from /opt/airflow/dags/loading_dag.py
[2026-09-18T09:47:59.853+0000] {processor.py:840} INFO - DAG(s) 'data_loading' retrieved from /opt/airflow/dags/loading_dag.py
[2026-09-18T09:47:59.886+0000] {logging_mixin.py:188} INFO - [2026-09-18T09:47:59.886+0000] {dag.py:3096} INFO - Sync 1 DAGs
[2026-09-18T09:47:59.920+0000] {logging_mixin.py:188} INFO - [2026-09-18T09:47:59.920+0000] {dag.py:3954} INFO - Setting next_dagrun for data_loading to None, run_after=None
[2026-09-18T09:47:59.953+0000] {processor.py:183} INFO - Processing /opt/airflow/dags/loading_dag.py took 0.125 seconds
[2026-09-18T09:48:30.527+0000] {processor.py:161} INFO - Started process (PID=397) to work on /opt/airflow/dags/loading_dag.py
[2026-09-18T09:48:30.529+0000] {processor.py:830} INFO - Processing file /opt/airflow/dags/loading_dag.py for tasks to queue
[2026-09-18T09:48:30.531+0000] {logging_mixin.py:188} INFO - [2026-09-18T09:48:30.531+0000] {dagbag.py:545} INFO - Filling up the DagBag from /opt/airflow/dags/loading_dag.py
[2026-09-18T09:48:30.546+0000] {processor.py:840} INFO - DAG(s) 'data_loading' retrieved from /opt/airflow/dags/loading_dag.py
[2026-09-18T09:48:30.576+0000] {logging_mixin.py:188} INFO - [2026-09-18T09:48:30.576+0000] {dag.py:3096} INFO - Sync 1 DAGs
[2026-09-18T09:48:30.601+0000] {logging_mixin.py:188} INFO - [2026-09-18T09:48:30.601+0000] {dag.py:3954} INFO - Setting next_dagrun for data_loading to None, run_after=None
[2026-09-18T09:48:30.625+0000] {processor.py:183} INFO - Processing /opt/airflow/dags/loading_dag.py took 0.105 seconds
[2026-09-18T09:49:01.258+0000] {processor.py:161} INFO - Started process (PID=405) to work on /opt/airflow/dags/loading_dag.py
[2026-09-18T09:49:01.259+0000] {processor.py:830} INFO - Processing file /opt/airflow/dags/loading_dag.py for tasks to queue
[2026-09-18T09:49:01.262+0000] {logging_mixin.py:188} INFO - [2026-09-18T09:49:01.261+0000] {dagbag.py:545} INFO - Filling up the DagBag from /opt/airflow/dags/loading_dag.py
[2026-09-18T09:49:01.273+0000] {processor.py:840} INFO - DAG(s) 'data_loading' retrieved from /opt/airflow/dags/loading_dag.py
[2026-09-18T09:49:01.302+0000] {logging_mixin.py:188} INFO - [2026-09-18T09:49:01.302+0000] {dag.py:3096} INFO - Sync 1 DAGs
[2026-09-18T09:49:01.325+0000] {logging_mixin.py:188} INFO - [2026-09-18T09:49:01.325+0000] {dag.py:3954} INFO - Setting next_dagrun for data_loading to None, run_after=None
[2026-09-18T09:49:01.351+0000] {processor.py:183} INFO - Processing /opt/airflow/dags/loading_dag.py took 0.101 seconds
[2026-09-18T09:49:32.024+0000] {processor.py:161} INFO - Started process (PID=419) to work on /opt/airflow/dags/loading_dag.py
[2026-09-18T09:49:32.025+0000] {processor.py:830} INFO - Processing file /opt/airflow/dags/loading_dag.py for tasks to queue
[2026-09-18T09:49:32.027+0000] {logging_mixin.py:188} INFO - [2026-09-18T09:49:32.027+0000] {dagbag.py:545} INFO - Filling up the DagBag from /opt/airflow/dags/loading_dag.py
[2026-09-18T09:49:32.038+0000] {processor.py:840} INFO - DAG(s) 'data_loading' retrieved from /opt/airflow/dags/loading_dag.py
[2026-09-18T09:49:32.062+0000] {logging_mixin.py:188} INFO - [2026-09-18T09:49:32.062+0000] {dag.py:3096} INFO - Sync 1 DAGs
[2026-09-18T09:49:32.083+0000] {logging_mixin.py:188} INFO - [2026-09-18T09:49:32.083+0000] {dag.py:3954} INFO - Setting next_dagrun for data_loading to None, run_after=None
[2026-09-18T09:49:32.107+0000] {processor.py:183} INFO - Processing /opt/airflow/dags/loading_dag.py took 0.090 seconds
[2026-09-18T09:50:02.843+0000] {processor.py:161} INFO - Started process (PID=427) to work on /opt/airflow/dags/loading_dag.py
[2026-09-18T09:50:02.844+0000] {processor.py:830} INFO - Processing file /opt/airflow/dags/loading_dag.py for tasks to queue
[2026-09-18T09:50:02.847+0000] {logging_mixin.py:188} INFO - [2026-09-18T09:50:02.846+0000] {dagbag.py:545} INFO - Filling up the DagBag from /opt/airflow/dags/loading_dag.py
[2026-09-18T09:50:02.859+0000] {processor.py:840} INFO - DAG(s) 'data_loading' retrieved from /opt/airflow/dags/loading_dag.py
[2026-09-18T09:50:02.889+0000] {logging_mixin.py:188} INFO - [2026-09-18T09:50:02.889+0000] {dag.py:3096} INFO - Sync 1 DAGs
[2026-09-18T09:50:02.912+0000] {logging_mixin.py:188} INFO - [2026-09-18T09:50:02.912+0000] {dag.py:3954} INFO - Setting next_dagrun for data_loading to None, run_after=None
[2026-09-18T09:50:02.936+0000] {processor.py:183} INFO - Processing /opt/airflow/dags/loading_dag.py took 0.100 seconds
[2026-09-18T09:50:33.644+0000] {processor.py:161} INFO - Started process (PID=434) to work on /opt/airflow/dags/loading_dag.py
[2026-09-18T09:50:33.645+0000] {processor.py:830} INFO - Processing file /opt/airflow/dags/loading_dag.py for tasks to queue
[2026-09-18T09:50:33.647+0000] {logging_mixin.py:188} INFO - [2026-09-18T09:50:33.647+0000] {dagbag.py:545} INFO - Filling up the DagBag from /opt/airflow/dags/loading_dag.py
[2026-09-18T09:50:33.659+0000] {processor.py:840} INFO - DAG(s) 'data_loading' retrieved from /opt/airflow/dags/loading_dag.py
[2026-09-18T09:50:33.690+0000] {logging_mixin.py:188} INFO - [2026-09-18T09:50:33.690+0000] {dag.py:3096} INFO - Sync 1 DAGs
[2026-09-18T09:50:33.712+0000] {logging_mixin.py:188} INFO - [2026-09-18T09:50:33.711+0000] {dag.py:3954} INFO - Setting next_dagrun for data_loading to None, run_after=None
[2026-09-18T09:50:33.735+0000] {processor.py:183} INFO - Processing /opt/airflow/dags/loading_dag.py took 0.097 seconds
[2026-09-18T09:51:04.307+0000] {processor.py:161} INFO - Started process (PID=442) to work on /opt/airflow/dags/loading_dag.py
[2026-09-18T09:51:04.308+0000] {processor.py:830} INFO - Processing file /opt/airflow/dags/loading_dag.py for tasks to queue
[2026-09-18T09:51:04.310+0000] {logging_mixin.py:188} INFO - [2026-09-18T09:51:04.310+0000] {dagbag.py:545} INFO - Filling up the DagBag from /opt/airflow/dags/loading_dag.py
[2026-09-18T09:51:04.324+0000] {processor.py:840} INFO - DAG(s) 'data_loading' retrieved from /opt/airflow/dags/loading_dag.py
[2026-09-18T09:51:04.358+0000] {logging_mixin.py:188} INFO - [2026-09-18T09:51:04.358+0000] {dag.py:3096} INFO - Sync 1 DAGs
[2026-09-18T09:51:04.383+0000] {logging_mixin.py:188} INFO - [2026-09-18T09:51:04.383+0000] {dag.py:3954} INFO - Setting next_dagrun for data_loading to None, run_after=None
[2026-09-18T09:51:04.410+0000] {processor.py:183} INFO - Processing /opt/airflow/dags/loading_dag.py took 0.113 seconds
[2026-09-18T09:51:35.044+0000] {processor.py:161} INFO - Started process (PID=450) to work on /opt/airflow/dags/loading_dag.py
[2026-09-18T09:51:35.046+0000] {processor.py:830} INFO - Processing file /opt/airflow/dags/loading_dag.py for tasks to queue
[2026-09-18T09:51:35.049+0000] {logging_mixin.py:188} INFO - [2026-09-18T09:51:35.048+0000] {dagbag.py:545} INFO - Filling up the DagBag from /opt/airflow/dags/loading_dag.py
[2026-09-18T09:51:35.054+0000] {logging_mixin.py:188} INFO - [2026-09-18T09:51:35.052+0000] {dagbag.py:355} ERROR - Failed to import: /opt/airflow/dags/loading_dag.py
Traceback (most recent call last):
  File "/home/airflow/.local/lib/python3.10/site-packages/airflow/models/dagbag.py", line 351, in parse
    loader.exec_module(new_module)
  File "<frozen importlib._bootstrap_external>", line 883, in exec_module
  File "<frozen importlib._bootstrap>", line 241, in _call_with_frames_removed
  File "/opt/airflow/dags/loading_dag.py", line 5, in <module>
    from scripts.utils import yt_duration_format
  File "/opt/airflow/scripts/utils.py", line 24
    def export_json():
                      ^
IndentationError: expected an indented block after function definition on line 24
[2026-09-18T09:51:35.055+0000] {processor.py:842} WARNING - No viable dags retrieved from /opt/airflow/dags/loading_dag.py
[2026-09-18T09:51:35.087+0000] {processor.py:183} INFO - Processing /opt/airflow/dags/loading_dag.py took 0.050 seconds
[2026-09-18T09:52:05.787+0000] {processor.py:161} INFO - Started process (PID=459) to work on /opt/airflow/dags/loading_dag.py
[2026-09-18T09:52:05.790+0000] {processor.py:830} INFO - Processing file /opt/airflow/dags/loading_dag.py for tasks to queue
[2026-09-18T09:52:05.807+0000] {logging_mixin.py:188} INFO - [2026-09-18T09:52:05.806+0000] {dagbag.py:545} INFO - Filling up the DagBag from /opt/airflow/dags/loading_dag.py
[2026-09-18T09:52:05.818+0000] {logging_mixin.py:188} INFO - [2026-09-18T09:52:05.817+0000] {dagbag.py:355} ERROR - Failed to import: /opt/airflow/dags/loading_dag.py
Traceback (most recent call last):
  File "/home/airflow/.local/lib/python3.10/site-packages/airflow/models/dagbag.py", line 351, in parse
    loader.exec_module(new_module)
  File "<frozen importlib._bootstrap_external>", line 883, in exec_module
  File "<frozen importlib._bootstrap>", line 241, in _call_with_frames_removed
  File "/opt/airflow/dags/loading_dag.py", line 5, in <module>
    from scripts.utils import yt_duration_format
  File "/opt/airflow/scripts/utils.py", line 26
    with open(f"{filename}", "w") as file:
IndentationError: unexpected indent
[2026-09-18T09:52:05.819+0000] {processor.py:842} WARNING - No viable dags retrieved from /opt/airflow/dags/loading_dag.py
[2026-09-18T09:52:05.920+0000] {processor.py:183} INFO - Processing /opt/airflow/dags/loading_dag.py took 0.183 seconds
[2026-09-18T09:52:36.606+0000] {processor.py:161} INFO - Started process (PID=467) to work on /opt/airflow/dags/loading_dag.py
[2026-09-18T09:52:36.612+0000] {processor.py:830} INFO - Processing file /opt/airflow/dags/loading_dag.py for tasks to queue
[2026-09-18T09:52:36.624+0000] {logging_mixin.py:188} INFO - [2026-09-18T09:52:36.623+0000] {dagbag.py:545} INFO - Filling up the DagBag from /opt/airflow/dags/loading_dag.py
[2026-09-18T09:52:36.666+0000] {processor.py:840} INFO - DAG(s) 'data_loading' retrieved from /opt/airflow/dags/loading_dag.py
[2026-09-18T09:52:36.748+0000] {logging_mixin.py:188} INFO - [2026-09-18T09:52:36.747+0000] {dag.py:3096} INFO - Sync 1 DAGs
[2026-09-18T09:52:36.807+0000] {logging_mixin.py:188} INFO - [2026-09-18T09:52:36.806+0000] {dag.py:3954} INFO - Setting next_dagrun for data_loading to None, run_after=None
[2026-09-18T09:52:36.839+0000] {processor.py:183} INFO - Processing /opt/airflow/dags/loading_dag.py took 0.251 seconds
[2026-09-18T09:53:07.451+0000] {processor.py:161} INFO - Started process (PID=475) to work on /opt/airflow/dags/loading_dag.py
[2026-09-18T09:53:07.458+0000] {processor.py:830} INFO - Processing file /opt/airflow/dags/loading_dag.py for tasks to queue
[2026-09-18T09:53:07.464+0000] {logging_mixin.py:188} INFO - [2026-09-18T09:53:07.463+0000] {dagbag.py:545} INFO - Filling up the DagBag from /opt/airflow/dags/loading_dag.py
[2026-09-18T09:53:07.530+0000] {processor.py:840} INFO - DAG(s) 'data_loading' retrieved from /opt/airflow/dags/loading_dag.py
[2026-09-18T09:53:07.609+0000] {logging_mixin.py:188} INFO - [2026-09-18T09:53:07.609+0000] {dag.py:3096} INFO - Sync 1 DAGs
[2026-09-18T09:53:07.649+0000] {logging_mixin.py:188} INFO - [2026-09-18T09:53:07.649+0000] {dag.py:3954} INFO - Setting next_dagrun for data_loading to None, run_after=None
[2026-09-18T09:53:07.686+0000] {processor.py:183} INFO - Processing /opt/airflow/dags/loading_dag.py took 0.277 seconds
[2026-09-18T09:53:37.762+0000] {processor.py:161} INFO - Started process (PID=489) to work on /opt/airflow/dags/loading_dag.py
[2026-09-18T09:53:37.763+0000] {processor.py:830} INFO - Processing file /opt/airflow/dags/loading_dag.py for tasks to queue
[2026-09-18T09:53:37.765+0000] {logging_mixin.py:188} INFO - [2026-09-18T09:53:37.764+0000] {dagbag.py:545} INFO - Filling up the DagBag from /opt/airflow/dags/loading_dag.py
[2026-09-18T09:53:37.774+0000] {processor.py:840} INFO - DAG(s) 'data_loading' retrieved from /opt/airflow/dags/loading_dag.py
[2026-09-18T09:53:37.800+0000] {logging_mixin.py:188} INFO - [2026-09-18T09:53:37.799+0000] {dag.py:3096} INFO - Sync 1 DAGs
[2026-09-18T09:53:37.824+0000] {logging_mixin.py:188} INFO - [2026-09-18T09:53:37.823+0000] {dag.py:3954} INFO - Setting next_dagrun for data_loading to None, run_after=None
[2026-09-18T09:53:37.849+0000] {processor.py:183} INFO - Processing /opt/airflow/dags/loading_dag.py took 0.093 seconds
[2026-09-18T09:54:08.850+0000] {processor.py:161} INFO - Started process (PID=497) to work on /opt/airflow/dags/loading_dag.py
[2026-09-18T09:54:08.855+0000] {processor.py:830} INFO - Processing file /opt/airflow/dags/loading_dag.py for tasks to queue
[2026-09-18T09:54:08.861+0000] {logging_mixin.py:188} INFO - [2026-09-18T09:54:08.859+0000] {dagbag.py:545} INFO - Filling up the DagBag from /opt/airflow/dags/loading_dag.py
[2026-09-18T09:54:08.898+0000] {processor.py:840} INFO - DAG(s) 'data_loading' retrieved from /opt/airflow/dags/loading_dag.py
[2026-09-18T09:54:08.987+0000] {logging_mixin.py:188} INFO - [2026-09-18T09:54:08.987+0000] {dag.py:3096} INFO - Sync 1 DAGs
[2026-09-18T09:54:09.037+0000] {logging_mixin.py:188} INFO - [2026-09-18T09:54:09.037+0000] {dag.py:3954} INFO - Setting next_dagrun for data_loading to None, run_after=None
[2026-09-18T09:54:09.072+0000] {processor.py:183} INFO - Processing /opt/airflow/dags/loading_dag.py took 0.258 seconds
[2026-09-18T09:54:39.466+0000] {processor.py:161} INFO - Started process (PID=505) to work on /opt/airflow/dags/loading_dag.py
[2026-09-18T09:54:39.467+0000] {processor.py:830} INFO - Processing file /opt/airflow/dags/loading_dag.py for tasks to queue
[2026-09-18T09:54:39.469+0000] {logging_mixin.py:188} INFO - [2026-09-18T09:54:39.469+0000] {dagbag.py:545} INFO - Filling up the DagBag from /opt/airflow/dags/loading_dag.py
[2026-09-18T09:54:39.485+0000] {processor.py:840} INFO - DAG(s) 'data_loading' retrieved from /opt/airflow/dags/loading_dag.py
[2026-09-18T09:54:39.513+0000] {logging_mixin.py:188} INFO - [2026-09-18T09:54:39.513+0000] {dag.py:3096} INFO - Sync 1 DAGs
[2026-09-18T09:54:39.535+0000] {logging_mixin.py:188} INFO - [2026-09-18T09:54:39.535+0000] {dag.py:3954} INFO - Setting next_dagrun for data_loading to None, run_after=None
[2026-09-18T09:54:39.557+0000] {processor.py:183} INFO - Processing /opt/airflow/dags/loading_dag.py took 0.100 seconds
[2026-09-18T09:55:10.173+0000] {processor.py:161} INFO - Started process (PID=513) to work on /opt/airflow/dags/loading_dag.py
[2026-09-18T09:55:10.179+0000] {processor.py:830} INFO - Processing file /opt/airflow/dags/loading_dag.py for tasks to queue
[2026-09-18T09:55:10.199+0000] {logging_mixin.py:188} INFO - [2026-09-18T09:55:10.198+0000] {dagbag.py:545} INFO - Filling up the DagBag from /opt/airflow/dags/loading_dag.py
[2026-09-18T09:55:10.229+0000] {processor.py:840} INFO - DAG(s) 'data_loading' retrieved from /opt/airflow/dags/loading_dag.py
[2026-09-18T09:55:10.309+0000] {logging_mixin.py:188} INFO - [2026-09-18T09:55:10.309+0000] {dag.py:3096} INFO - Sync 1 DAGs
[2026-09-18T09:55:10.362+0000] {logging_mixin.py:188} INFO - [2026-09-18T09:55:10.362+0000] {dag.py:3954} INFO - Setting next_dagrun for data_loading to None, run_after=None
[2026-09-18T09:55:10.399+0000] {processor.py:183} INFO - Processing /opt/airflow/dags/loading_dag.py took 0.237 seconds
[2026-09-18T09:55:40.798+0000] {processor.py:161} INFO - Started process (PID=521) to work on /opt/airflow/dags/loading_dag.py
[2026-09-18T09:55:40.800+0000] {processor.py:830} INFO - Processing file /opt/airflow/dags/loading_dag.py for tasks to queue
[2026-09-18T09:55:40.803+0000] {logging_mixin.py:188} INFO - [2026-09-18T09:55:40.802+0000] {dagbag.py:545} INFO - Filling up the DagBag from /opt/airflow/dags/loading_dag.py
[2026-09-18T09:55:40.817+0000] {processor.py:840} INFO - DAG(s) 'data_loading' retrieved from /opt/airflow/dags/loading_dag.py
[2026-09-18T09:55:40.866+0000] {logging_mixin.py:188} INFO - [2026-09-18T09:55:40.866+0000] {dag.py:3096} INFO - Sync 1 DAGs
[2026-09-18T09:55:40.899+0000] {logging_mixin.py:188} INFO - [2026-09-18T09:55:40.899+0000] {dag.py:3954} INFO - Setting next_dagrun for data_loading to None, run_after=None
[2026-09-18T09:55:40.923+0000] {processor.py:183} INFO - Processing /opt/airflow/dags/loading_dag.py took 0.142 seconds
[2026-09-18T09:56:11.386+0000] {processor.py:161} INFO - Started process (PID=535) to work on /opt/airflow/dags/loading_dag.py
[2026-09-18T09:56:11.392+0000] {processor.py:830} INFO - Processing file /opt/airflow/dags/loading_dag.py for tasks to queue
[2026-09-18T09:56:11.394+0000] {logging_mixin.py:188} INFO - [2026-09-18T09:56:11.394+0000] {dagbag.py:545} INFO - Filling up the DagBag from /opt/airflow/dags/loading_dag.py
[2026-09-18T09:56:11.409+0000] {processor.py:840} INFO - DAG(s) 'data_loading' retrieved from /opt/airflow/dags/loading_dag.py
[2026-09-18T09:56:11.444+0000] {logging_mixin.py:188} INFO - [2026-09-18T09:56:11.444+0000] {dag.py:3096} INFO - Sync 1 DAGs
[2026-09-18T09:56:11.490+0000] {logging_mixin.py:188} INFO - [2026-09-18T09:56:11.490+0000] {dag.py:3954} INFO - Setting next_dagrun for data_loading to None, run_after=None
[2026-09-18T09:56:11.516+0000] {processor.py:183} INFO - Processing /opt/airflow/dags/loading_dag.py took 0.141 seconds
[2026-09-18T09:56:42.037+0000] {processor.py:161} INFO - Started process (PID=543) to work on /opt/airflow/dags/loading_dag.py
[2026-09-18T09:56:42.038+0000] {processor.py:830} INFO - Processing file /opt/airflow/dags/loading_dag.py for tasks to queue
[2026-09-18T09:56:42.040+0000] {logging_mixin.py:188} INFO - [2026-09-18T09:56:42.040+0000] {dagbag.py:545} INFO - Filling up the DagBag from /opt/airflow/dags/loading_dag.py
[2026-09-18T09:56:42.050+0000] {processor.py:840} INFO - DAG(s) 'data_loading' retrieved from /opt/airflow/dags/loading_dag.py
[2026-09-18T09:56:42.078+0000] {logging_mixin.py:188} INFO - [2026-09-18T09:56:42.078+0000] {dag.py:3096} INFO - Sync 1 DAGs
[2026-09-18T09:56:42.100+0000] {logging_mixin.py:188} INFO - [2026-09-18T09:56:42.100+0000] {dag.py:3954} INFO - Setting next_dagrun for data_loading to None, run_after=None
[2026-09-18T09:56:42.131+0000] {processor.py:183} INFO - Processing /opt/airflow/dags/loading_dag.py took 0.101 seconds
[2026-09-18T09:57:12.752+0000] {processor.py:161} INFO - Started process (PID=551) to work on /opt/airflow/dags/loading_dag.py
[2026-09-18T09:57:12.758+0000] {processor.py:830} INFO - Processing file /opt/airflow/dags/loading_dag.py for tasks to queue
[2026-09-18T09:57:12.759+0000] {logging_mixin.py:188} INFO - [2026-09-18T09:57:12.759+0000] {dagbag.py:545} INFO - Filling up the DagBag from /opt/airflow/dags/loading_dag.py
[2026-09-18T09:57:12.771+0000] {processor.py:840} INFO - DAG(s) 'data_loading' retrieved from /opt/airflow/dags/loading_dag.py
[2026-09-18T09:57:12.794+0000] {logging_mixin.py:188} INFO - [2026-09-18T09:57:12.794+0000] {dag.py:3096} INFO - Sync 1 DAGs
[2026-09-18T09:57:12.812+0000] {logging_mixin.py:188} INFO - [2026-09-18T09:57:12.812+0000] {dag.py:3954} INFO - Setting next_dagrun for data_loading to None, run_after=None
[2026-09-18T09:57:12.836+0000] {processor.py:183} INFO - Processing /opt/airflow/dags/loading_dag.py took 0.090 seconds
[2026-09-18T09:57:43.393+0000] {processor.py:161} INFO - Started process (PID=559) to work on /opt/airflow/dags/loading_dag.py
[2026-09-18T09:57:43.394+0000] {processor.py:830} INFO - Processing file /opt/airflow/dags/loading_dag.py for tasks to queue
[2026-09-18T09:57:43.396+0000] {logging_mixin.py:188} INFO - [2026-09-18T09:57:43.395+0000] {dagbag.py:545} INFO - Filling up the DagBag from /opt/airflow/dags/loading_dag.py
[2026-09-18T09:57:43.409+0000] {processor.py:840} INFO - DAG(s) 'data_loading' retrieved from /opt/airflow/dags/loading_dag.py
[2026-09-18T09:57:43.438+0000] {logging_mixin.py:188} INFO - [2026-09-18T09:57:43.437+0000] {dag.py:3096} INFO - Sync 1 DAGs
[2026-09-18T09:57:43.457+0000] {logging_mixin.py:188} INFO - [2026-09-18T09:57:43.457+0000] {dag.py:3954} INFO - Setting next_dagrun for data_loading to None, run_after=None
[2026-09-18T09:57:43.484+0000] {processor.py:183} INFO - Processing /opt/airflow/dags/loading_dag.py took 0.099 seconds
[2026-09-18T09:58:14.159+0000] {processor.py:161} INFO - Started process (PID=567) to work on /opt/airflow/dags/loading_dag.py
[2026-09-18T09:58:14.165+0000] {processor.py:830} INFO - Processing file /opt/airflow/dags/loading_dag.py for tasks to queue
[2026-09-18T09:58:14.166+0000] {logging_mixin.py:188} INFO - [2026-09-18T09:58:14.166+0000] {dagbag.py:545} INFO - Filling up the DagBag from /opt/airflow/dags/loading_dag.py
[2026-09-18T09:58:14.176+0000] {processor.py:840} INFO - DAG(s) 'data_loading' retrieved from /opt/airflow/dags/loading_dag.py
[2026-09-18T09:58:14.201+0000] {logging_mixin.py:188} INFO - [2026-09-18T09:58:14.201+0000] {dag.py:3096} INFO - Sync 1 DAGs
[2026-09-18T09:58:14.221+0000] {logging_mixin.py:188} INFO - [2026-09-18T09:58:14.221+0000] {dag.py:3954} INFO - Setting next_dagrun for data_loading to None, run_after=None
[2026-09-18T09:58:14.238+0000] {processor.py:183} INFO - Processing /opt/airflow/dags/loading_dag.py took 0.085 seconds
[2026-09-18T09:58:44.821+0000] {processor.py:161} INFO - Started process (PID=575) to work on /opt/airflow/dags/loading_dag.py
[2026-09-18T09:58:44.822+0000] {processor.py:830} INFO - Processing file /opt/airflow/dags/loading_dag.py for tasks to queue
[2026-09-18T09:58:44.823+0000] {logging_mixin.py:188} INFO - [2026-09-18T09:58:44.823+0000] {dagbag.py:545} INFO - Filling up the DagBag from /opt/airflow/dags/loading_dag.py
[2026-09-18T09:58:44.832+0000] {processor.py:840} INFO - DAG(s) 'data_loading' retrieved from /opt/airflow/dags/loading_dag.py
[2026-09-18T09:58:44.854+0000] {logging_mixin.py:188} INFO - [2026-09-18T09:58:44.854+0000] {dag.py:3096} INFO - Sync 1 DAGs
[2026-09-18T09:58:44.871+0000] {logging_mixin.py:188} INFO - [2026-09-18T09:58:44.871+0000] {dag.py:3954} INFO - Setting next_dagrun for data_loading to None, run_after=None
[2026-09-18T09:58:44.892+0000] {processor.py:183} INFO - Processing /opt/airflow/dags/loading_dag.py took 0.077 seconds
[2026-09-18T09:59:15.551+0000] {processor.py:161} INFO - Started process (PID=583) to work on /opt/airflow/dags/loading_dag.py
[2026-09-18T09:59:15.556+0000] {processor.py:830} INFO - Processing file /opt/airflow/dags/loading_dag.py for tasks to queue
[2026-09-18T09:59:15.558+0000] {logging_mixin.py:188} INFO - [2026-09-18T09:59:15.558+0000] {dagbag.py:545} INFO - Filling up the DagBag from /opt/airflow/dags/loading_dag.py
[2026-09-18T09:59:15.570+0000] {processor.py:840} INFO - DAG(s) 'data_loading' retrieved from /opt/airflow/dags/loading_dag.py
[2026-09-18T09:59:15.596+0000] {logging_mixin.py:188} INFO - [2026-09-18T09:59:15.596+0000] {dag.py:3096} INFO - Sync 1 DAGs
[2026-09-18T09:59:15.619+0000] {logging_mixin.py:188} INFO - [2026-09-18T09:59:15.619+0000] {dag.py:3954} INFO - Setting next_dagrun for data_loading to None, run_after=None
[2026-09-18T09:59:15.641+0000] {processor.py:183} INFO - Processing /opt/airflow/dags/loading_dag.py took 0.097 seconds
[2026-09-18T09:59:46.082+0000] {processor.py:161} INFO - Started process (PID=591) to work on /opt/airflow/dags/loading_dag.py
[2026-09-18T09:59:46.083+0000] {processor.py:830} INFO - Processing file /opt/airflow/dags/loading_dag.py for tasks to queue
[2026-09-18T09:59:46.085+0000] {logging_mixin.py:188} INFO - [2026-09-18T09:59:46.085+0000] {dagbag.py:545} INFO - Filling up the DagBag from /opt/airflow/dags/loading_dag.py
[2026-09-18T09:59:46.089+0000] {logging_mixin.py:188} INFO - [2026-09-18T09:59:46.088+0000] {dagbag.py:355} ERROR - Failed to import: /opt/airflow/dags/loading_dag.py
Traceback (most recent call last):
  File "/home/airflow/.local/lib/python3.10/site-packages/airflow/models/dagbag.py", line 351, in parse
    loader.exec_module(new_module)
  File "<frozen importlib._bootstrap_external>", line 883, in exec_module
  File "<frozen importlib._bootstrap>", line 241, in _call_with_frames_removed
  File "/opt/airflow/dags/loading_dag.py", line 5, in <module>
    from scripts.utils import yt_duration_format
  File "/opt/airflow/scripts/utils.py", line 32, in <module>
    def load_json_data()->list[Dict[str,Any]]:
NameError: name 'Dict' is not defined
[2026-09-18T09:59:46.090+0000] {processor.py:842} WARNING - No viable dags retrieved from /opt/airflow/dags/loading_dag.py
[2026-09-18T09:59:46.113+0000] {processor.py:183} INFO - Processing /opt/airflow/dags/loading_dag.py took 0.038 seconds
[2026-09-18T10:00:17.018+0000] {processor.py:161} INFO - Started process (PID=599) to work on /opt/airflow/dags/loading_dag.py
[2026-09-18T10:00:17.021+0000] {processor.py:830} INFO - Processing file /opt/airflow/dags/loading_dag.py for tasks to queue
[2026-09-18T10:00:17.024+0000] {logging_mixin.py:188} INFO - [2026-09-18T10:00:17.023+0000] {dagbag.py:545} INFO - Filling up the DagBag from /opt/airflow/dags/loading_dag.py
[2026-09-18T10:00:17.046+0000] {processor.py:840} INFO - DAG(s) 'data_loading' retrieved from /opt/airflow/dags/loading_dag.py
[2026-09-18T10:00:17.094+0000] {logging_mixin.py:188} INFO - [2026-09-18T10:00:17.093+0000] {dag.py:3096} INFO - Sync 1 DAGs
[2026-09-18T10:00:17.131+0000] {logging_mixin.py:188} INFO - [2026-09-18T10:00:17.131+0000] {dag.py:3954} INFO - Setting next_dagrun for data_loading to None, run_after=None
[2026-09-18T10:00:17.168+0000] {processor.py:183} INFO - Processing /opt/airflow/dags/loading_dag.py took 0.162 seconds
[2026-09-18T10:00:25.092+0000] {processor.py:161} INFO - Started process (PID=607) to work on /opt/airflow/dags/loading_dag.py
[2026-09-18T10:00:25.095+0000] {processor.py:830} INFO - Processing file /opt/airflow/dags/loading_dag.py for tasks to queue
[2026-09-18T10:00:25.096+0000] {logging_mixin.py:188} INFO - [2026-09-18T10:00:25.096+0000] {dagbag.py:545} INFO - Filling up the DagBag from /opt/airflow/dags/loading_dag.py
[2026-09-18T10:00:25.117+0000] {processor.py:840} INFO - DAG(s) 'data_loading' retrieved from /opt/airflow/dags/loading_dag.py
[2026-09-18T10:00:25.151+0000] {logging_mixin.py:188} INFO - [2026-09-18T10:00:25.151+0000] {dag.py:3096} INFO - Sync 1 DAGs
[2026-09-18T10:00:25.196+0000] {logging_mixin.py:188} INFO - [2026-09-18T10:00:25.195+0000] {dag.py:3954} INFO - Setting next_dagrun for data_loading to None, run_after=None
[2026-09-18T10:00:25.230+0000] {processor.py:183} INFO - Processing /opt/airflow/dags/loading_dag.py took 0.147 seconds
[2026-09-18T10:00:41.343+0000] {processor.py:161} INFO - Started process (PID=609) to work on /opt/airflow/dags/loading_dag.py
[2026-09-18T10:00:41.344+0000] {processor.py:830} INFO - Processing file /opt/airflow/dags/loading_dag.py for tasks to queue
[2026-09-18T10:00:41.345+0000] {logging_mixin.py:188} INFO - [2026-09-18T10:00:41.345+0000] {dagbag.py:545} INFO - Filling up the DagBag from /opt/airflow/dags/loading_dag.py
[2026-09-18T10:00:41.379+0000] {processor.py:840} INFO - DAG(s) 'data_loading' retrieved from /opt/airflow/dags/loading_dag.py
[2026-09-18T10:00:41.424+0000] {logging_mixin.py:188} INFO - [2026-09-18T10:00:41.424+0000] {dag.py:3096} INFO - Sync 1 DAGs
[2026-09-18T10:00:41.452+0000] {logging_mixin.py:188} INFO - [2026-09-18T10:00:41.452+0000] {dag.py:3954} INFO - Setting next_dagrun for data_loading to None, run_after=None
[2026-09-18T10:00:41.482+0000] {processor.py:183} INFO - Processing /opt/airflow/dags/loading_dag.py took 0.150 seconds
[2026-09-18T10:00:45.727+0000] {processor.py:161} INFO - Started process (PID=610) to work on /opt/airflow/dags/loading_dag.py
[2026-09-18T10:00:45.729+0000] {processor.py:830} INFO - Processing file /opt/airflow/dags/loading_dag.py for tasks to queue
[2026-09-18T10:00:45.730+0000] {logging_mixin.py:188} INFO - [2026-09-18T10:00:45.730+0000] {dagbag.py:545} INFO - Filling up the DagBag from /opt/airflow/dags/loading_dag.py
[2026-09-18T10:00:45.746+0000] {processor.py:840} INFO - DAG(s) 'data_loading' retrieved from /opt/airflow/dags/loading_dag.py
[2026-09-18T10:00:45.780+0000] {logging_mixin.py:188} INFO - [2026-09-18T10:00:45.780+0000] {dag.py:3096} INFO - Sync 1 DAGs
[2026-09-18T10:00:45.804+0000] {logging_mixin.py:188} INFO - [2026-09-18T10:00:45.804+0000] {dag.py:3954} INFO - Setting next_dagrun for data_loading to None, run_after=None
[2026-09-18T10:00:45.835+0000] {processor.py:183} INFO - Processing /opt/airflow/dags/loading_dag.py took 0.118 seconds
[2026-09-18T10:00:53.793+0000] {processor.py:161} INFO - Started process (PID=617) to work on /opt/airflow/dags/loading_dag.py
[2026-09-18T10:00:53.794+0000] {processor.py:830} INFO - Processing file /opt/airflow/dags/loading_dag.py for tasks to queue
[2026-09-18T10:00:53.796+0000] {logging_mixin.py:188} INFO - [2026-09-18T10:00:53.795+0000] {dagbag.py:545} INFO - Filling up the DagBag from /opt/airflow/dags/loading_dag.py
[2026-09-18T10:00:53.813+0000] {processor.py:840} INFO - DAG(s) 'data_loading' retrieved from /opt/airflow/dags/loading_dag.py
[2026-09-18T10:00:53.871+0000] {logging_mixin.py:188} INFO - [2026-09-18T10:00:53.871+0000] {dag.py:3096} INFO - Sync 1 DAGs
[2026-09-18T10:00:53.895+0000] {logging_mixin.py:188} INFO - [2026-09-18T10:00:53.895+0000] {dag.py:3954} INFO - Setting next_dagrun for data_loading to None, run_after=None
[2026-09-18T10:00:53.934+0000] {processor.py:183} INFO - Processing /opt/airflow/dags/loading_dag.py took 0.153 seconds
[2026-09-18T10:01:11.384+0000] {processor.py:161} INFO - Started process (PID=619) to work on /opt/airflow/dags/loading_dag.py
[2026-09-18T10:01:11.398+0000] {processor.py:830} INFO - Processing file /opt/airflow/dags/loading_dag.py for tasks to queue
[2026-09-18T10:01:11.400+0000] {logging_mixin.py:188} INFO - [2026-09-18T10:01:11.399+0000] {dagbag.py:545} INFO - Filling up the DagBag from /opt/airflow/dags/loading_dag.py
[2026-09-18T10:01:11.424+0000] {processor.py:840} INFO - DAG(s) 'data_loading' retrieved from /opt/airflow/dags/loading_dag.py
[2026-09-18T10:01:11.476+0000] {logging_mixin.py:188} INFO - [2026-09-18T10:01:11.476+0000] {dag.py:3096} INFO - Sync 1 DAGs
[2026-09-18T10:01:11.503+0000] {logging_mixin.py:188} INFO - [2026-09-18T10:01:11.503+0000] {dag.py:3954} INFO - Setting next_dagrun for data_loading to None, run_after=None
[2026-09-18T10:01:11.524+0000] {processor.py:183} INFO - Processing /opt/airflow/dags/loading_dag.py took 0.148 seconds
[2026-09-18T10:01:11.550+0000] {processor.py:161} INFO - Started process (PID=620) to work on /opt/airflow/dags/loading_dag.py
[2026-09-18T10:01:11.552+0000] {processor.py:830} INFO - Processing file /opt/airflow/dags/loading_dag.py for tasks to queue
[2026-09-18T10:01:11.553+0000] {logging_mixin.py:188} INFO - [2026-09-18T10:01:11.552+0000] {dagbag.py:545} INFO - Filling up the DagBag from /opt/airflow/dags/loading_dag.py
[2026-09-18T10:01:11.564+0000] {processor.py:840} INFO - DAG(s) 'data_loading' retrieved from /opt/airflow/dags/loading_dag.py
[2026-09-18T10:01:11.590+0000] {logging_mixin.py:188} INFO - [2026-09-18T10:01:11.590+0000] {dag.py:3096} INFO - Sync 1 DAGs
[2026-09-18T10:01:11.612+0000] {logging_mixin.py:188} INFO - [2026-09-18T10:01:11.612+0000] {dag.py:3954} INFO - Setting next_dagrun for data_loading to None, run_after=None
[2026-09-18T10:01:11.636+0000] {processor.py:183} INFO - Processing /opt/airflow/dags/loading_dag.py took 0.093 seconds
[2026-09-18T10:01:11.663+0000] {processor.py:161} INFO - Started process (PID=621) to work on /opt/airflow/dags/loading_dag.py
[2026-09-18T10:01:11.664+0000] {processor.py:830} INFO - Processing file /opt/airflow/dags/loading_dag.py for tasks to queue
[2026-09-18T10:01:11.665+0000] {logging_mixin.py:188} INFO - [2026-09-18T10:01:11.664+0000] {dagbag.py:545} INFO - Filling up the DagBag from /opt/airflow/dags/loading_dag.py
[2026-09-18T10:01:11.676+0000] {processor.py:840} INFO - DAG(s) 'data_loading' retrieved from /opt/airflow/dags/loading_dag.py
[2026-09-18T10:01:11.709+0000] {logging_mixin.py:188} INFO - [2026-09-18T10:01:11.708+0000] {dag.py:3096} INFO - Sync 1 DAGs
[2026-09-18T10:01:11.728+0000] {logging_mixin.py:188} INFO - [2026-09-18T10:01:11.728+0000] {dag.py:3954} INFO - Setting next_dagrun for data_loading to None, run_after=None
[2026-09-18T10:01:11.750+0000] {processor.py:183} INFO - Processing /opt/airflow/dags/loading_dag.py took 0.093 seconds
[2026-09-18T10:01:11.774+0000] {processor.py:161} INFO - Started process (PID=622) to work on /opt/airflow/dags/loading_dag.py
[2026-09-18T10:01:11.774+0000] {processor.py:830} INFO - Processing file /opt/airflow/dags/loading_dag.py for tasks to queue
[2026-09-18T10:01:11.775+0000] {logging_mixin.py:188} INFO - [2026-09-18T10:01:11.775+0000] {dagbag.py:545} INFO - Filling up the DagBag from /opt/airflow/dags/loading_dag.py
[2026-09-18T10:01:11.786+0000] {processor.py:840} INFO - DAG(s) 'data_loading' retrieved from /opt/airflow/dags/loading_dag.py
[2026-09-18T10:01:11.813+0000] {logging_mixin.py:188} INFO - [2026-09-18T10:01:11.813+0000] {dag.py:3096} INFO - Sync 1 DAGs
[2026-09-18T10:01:11.835+0000] {logging_mixin.py:188} INFO - [2026-09-18T10:01:11.835+0000] {dag.py:3954} INFO - Setting next_dagrun for data_loading to None, run_after=None
[2026-09-18T10:01:11.859+0000] {processor.py:183} INFO - Processing /opt/airflow/dags/loading_dag.py took 0.091 seconds
[2026-09-18T10:01:11.887+0000] {processor.py:161} INFO - Started process (PID=623) to work on /opt/airflow/dags/loading_dag.py
[2026-09-18T10:01:11.889+0000] {processor.py:830} INFO - Processing file /opt/airflow/dags/loading_dag.py for tasks to queue
[2026-09-18T10:01:11.890+0000] {logging_mixin.py:188} INFO - [2026-09-18T10:01:11.890+0000] {dagbag.py:545} INFO - Filling up the DagBag from /opt/airflow/dags/loading_dag.py
[2026-09-18T10:01:11.901+0000] {processor.py:840} INFO - DAG(s) 'data_loading' retrieved from /opt/airflow/dags/loading_dag.py
[2026-09-18T10:01:11.932+0000] {logging_mixin.py:188} INFO - [2026-09-18T10:01:11.932+0000] {dag.py:3096} INFO - Sync 1 DAGs
[2026-09-18T10:01:11.956+0000] {logging_mixin.py:188} INFO - [2026-09-18T10:01:11.956+0000] {dag.py:3954} INFO - Setting next_dagrun for data_loading to None, run_after=None
[2026-09-18T10:01:11.982+0000] {processor.py:183} INFO - Processing /opt/airflow/dags/loading_dag.py took 0.103 seconds
[2026-09-18T10:01:12.011+0000] {processor.py:161} INFO - Started process (PID=624) to work on /opt/airflow/dags/loading_dag.py
[2026-09-18T10:01:12.012+0000] {processor.py:830} INFO - Processing file /opt/airflow/dags/loading_dag.py for tasks to queue
[2026-09-18T10:01:12.013+0000] {logging_mixin.py:188} INFO - [2026-09-18T10:01:12.013+0000] {dagbag.py:545} INFO - Filling up the DagBag from /opt/airflow/dags/loading_dag.py
[2026-09-18T10:01:12.028+0000] {processor.py:840} INFO - DAG(s) 'data_loading' retrieved from /opt/airflow/dags/loading_dag.py
[2026-09-18T10:01:12.060+0000] {logging_mixin.py:188} INFO - [2026-09-18T10:01:12.060+0000] {dag.py:3096} INFO - Sync 1 DAGs
[2026-09-18T10:01:12.086+0000] {logging_mixin.py:188} INFO - [2026-09-18T10:01:12.085+0000] {dag.py:3954} INFO - Setting next_dagrun for data_loading to None, run_after=None
[2026-09-18T10:01:12.110+0000] {processor.py:183} INFO - Processing /opt/airflow/dags/loading_dag.py took 0.107 seconds
[2026-09-18T10:01:42.533+0000] {processor.py:161} INFO - Started process (PID=632) to work on /opt/airflow/dags/loading_dag.py
[2026-09-18T10:01:42.534+0000] {processor.py:830} INFO - Processing file /opt/airflow/dags/loading_dag.py for tasks to queue
[2026-09-18T10:01:42.535+0000] {logging_mixin.py:188} INFO - [2026-09-18T10:01:42.535+0000] {dagbag.py:545} INFO - Filling up the DagBag from /opt/airflow/dags/loading_dag.py
[2026-09-18T10:01:42.547+0000] {processor.py:840} INFO - DAG(s) 'data_loading' retrieved from /opt/airflow/dags/loading_dag.py
[2026-09-18T10:01:42.573+0000] {logging_mixin.py:188} INFO - [2026-09-18T10:01:42.573+0000] {dag.py:3096} INFO - Sync 1 DAGs
[2026-09-18T10:01:42.593+0000] {logging_mixin.py:188} INFO - [2026-09-18T10:01:42.593+0000] {dag.py:3954} INFO - Setting next_dagrun for data_loading to None, run_after=None
[2026-09-18T10:01:42.618+0000] {processor.py:183} INFO - Processing /opt/airflow/dags/loading_dag.py took 0.091 seconds
[2026-09-18T10:02:13.097+0000] {processor.py:161} INFO - Started process (PID=640) to work on /opt/airflow/dags/loading_dag.py
[2026-09-18T10:02:13.103+0000] {processor.py:830} INFO - Processing file /opt/airflow/dags/loading_dag.py for tasks to queue
[2026-09-18T10:02:13.104+0000] {logging_mixin.py:188} INFO - [2026-09-18T10:02:13.103+0000] {dagbag.py:545} INFO - Filling up the DagBag from /opt/airflow/dags/loading_dag.py
[2026-09-18T10:02:13.113+0000] {processor.py:840} INFO - DAG(s) 'data_loading' retrieved from /opt/airflow/dags/loading_dag.py
[2026-09-18T10:02:13.137+0000] {logging_mixin.py:188} INFO - [2026-09-18T10:02:13.136+0000] {dag.py:3096} INFO - Sync 1 DAGs
[2026-09-18T10:02:13.155+0000] {logging_mixin.py:188} INFO - [2026-09-18T10:02:13.155+0000] {dag.py:3954} INFO - Setting next_dagrun for data_loading to None, run_after=None
[2026-09-18T10:02:13.174+0000] {processor.py:183} INFO - Processing /opt/airflow/dags/loading_dag.py took 0.083 seconds
[2026-09-18T10:02:43.799+0000] {processor.py:161} INFO - Started process (PID=649) to work on /opt/airflow/dags/loading_dag.py
[2026-09-18T10:02:43.800+0000] {processor.py:830} INFO - Processing file /opt/airflow/dags/loading_dag.py for tasks to queue
[2026-09-18T10:02:43.800+0000] {logging_mixin.py:188} INFO - [2026-09-18T10:02:43.800+0000] {dagbag.py:545} INFO - Filling up the DagBag from /opt/airflow/dags/loading_dag.py
[2026-09-18T10:02:43.811+0000] {processor.py:840} INFO - DAG(s) 'data_loading' retrieved from /opt/airflow/dags/loading_dag.py
[2026-09-18T10:02:43.845+0000] {logging_mixin.py:188} INFO - [2026-09-18T10:02:43.845+0000] {dag.py:3096} INFO - Sync 1 DAGs
[2026-09-18T10:02:43.869+0000] {logging_mixin.py:188} INFO - [2026-09-18T10:02:43.869+0000] {dag.py:3954} INFO - Setting next_dagrun for data_loading to None, run_after=None
[2026-09-18T10:02:43.894+0000] {processor.py:183} INFO - Processing /opt/airflow/dags/loading_dag.py took 0.102 seconds
[2026-09-18T10:03:14.378+0000] {processor.py:161} INFO - Started process (PID=657) to work on /opt/airflow/dags/loading_dag.py
[2026-09-18T10:03:14.383+0000] {processor.py:830} INFO - Processing file /opt/airflow/dags/loading_dag.py for tasks to queue
[2026-09-18T10:03:14.384+0000] {logging_mixin.py:188} INFO - [2026-09-18T10:03:14.384+0000] {dagbag.py:545} INFO - Filling up the DagBag from /opt/airflow/dags/loading_dag.py
[2026-09-18T10:03:14.394+0000] {processor.py:840} INFO - DAG(s) 'data_loading' retrieved from /opt/airflow/dags/loading_dag.py
[2026-09-18T10:03:14.419+0000] {logging_mixin.py:188} INFO - [2026-09-18T10:03:14.418+0000] {dag.py:3096} INFO - Sync 1 DAGs
[2026-09-18T10:03:14.437+0000] {logging_mixin.py:188} INFO - [2026-09-18T10:03:14.437+0000] {dag.py:3954} INFO - Setting next_dagrun for data_loading to None, run_after=None
[2026-09-18T10:03:14.460+0000] {processor.py:183} INFO - Processing /opt/airflow/dags/loading_dag.py took 0.088 seconds
[2026-09-18T10:03:45.001+0000] {processor.py:161} INFO - Started process (PID=671) to work on /opt/airflow/dags/loading_dag.py
[2026-09-18T10:03:45.002+0000] {processor.py:830} INFO - Processing file /opt/airflow/dags/loading_dag.py for tasks to queue
[2026-09-18T10:03:45.003+0000] {logging_mixin.py:188} INFO - [2026-09-18T10:03:45.003+0000] {dagbag.py:545} INFO - Filling up the DagBag from /opt/airflow/dags/loading_dag.py
[2026-09-18T10:03:45.020+0000] {processor.py:840} INFO - DAG(s) 'data_loading' retrieved from /opt/airflow/dags/loading_dag.py
[2026-09-18T10:03:45.053+0000] {logging_mixin.py:188} INFO - [2026-09-18T10:03:45.053+0000] {dag.py:3096} INFO - Sync 1 DAGs
[2026-09-18T10:03:45.079+0000] {logging_mixin.py:188} INFO - [2026-09-18T10:03:45.079+0000] {dag.py:3954} INFO - Setting next_dagrun for data_loading to None, run_after=None
[2026-09-18T10:03:45.106+0000] {processor.py:183} INFO - Processing /opt/airflow/dags/loading_dag.py took 0.118 seconds
[2026-09-18T10:04:15.574+0000] {processor.py:161} INFO - Started process (PID=679) to work on /opt/airflow/dags/loading_dag.py
[2026-09-18T10:04:15.581+0000] {processor.py:830} INFO - Processing file /opt/airflow/dags/loading_dag.py for tasks to queue
[2026-09-18T10:04:15.583+0000] {logging_mixin.py:188} INFO - [2026-09-18T10:04:15.582+0000] {dagbag.py:545} INFO - Filling up the DagBag from /opt/airflow/dags/loading_dag.py
[2026-09-18T10:04:15.595+0000] {processor.py:840} INFO - DAG(s) 'data_loading' retrieved from /opt/airflow/dags/loading_dag.py
[2026-09-18T10:04:15.621+0000] {logging_mixin.py:188} INFO - [2026-09-18T10:04:15.620+0000] {dag.py:3096} INFO - Sync 1 DAGs
[2026-09-18T10:04:15.644+0000] {logging_mixin.py:188} INFO - [2026-09-18T10:04:15.644+0000] {dag.py:3954} INFO - Setting next_dagrun for data_loading to None, run_after=None
[2026-09-18T10:04:15.665+0000] {processor.py:183} INFO - Processing /opt/airflow/dags/loading_dag.py took 0.099 seconds
[2026-09-18T10:04:46.232+0000] {processor.py:161} INFO - Started process (PID=687) to work on /opt/airflow/dags/loading_dag.py
[2026-09-18T10:04:46.233+0000] {processor.py:830} INFO - Processing file /opt/airflow/dags/loading_dag.py for tasks to queue
[2026-09-18T10:04:46.234+0000] {logging_mixin.py:188} INFO - [2026-09-18T10:04:46.234+0000] {dagbag.py:545} INFO - Filling up the DagBag from /opt/airflow/dags/loading_dag.py
[2026-09-18T10:04:46.253+0000] {processor.py:840} INFO - DAG(s) 'data_loading' retrieved from /opt/airflow/dags/loading_dag.py
[2026-09-18T10:04:46.282+0000] {logging_mixin.py:188} INFO - [2026-09-18T10:04:46.281+0000] {dag.py:3096} INFO - Sync 1 DAGs
[2026-09-18T10:04:46.304+0000] {logging_mixin.py:188} INFO - [2026-09-18T10:04:46.303+0000] {dag.py:3954} INFO - Setting next_dagrun for data_loading to None, run_after=None
[2026-09-18T10:04:46.338+0000] {processor.py:183} INFO - Processing /opt/airflow/dags/loading_dag.py took 0.115 seconds
[2026-09-18T10:05:16.848+0000] {processor.py:161} INFO - Started process (PID=695) to work on /opt/airflow/dags/loading_dag.py
[2026-09-18T10:05:16.849+0000] {processor.py:830} INFO - Processing file /opt/airflow/dags/loading_dag.py for tasks to queue
[2026-09-18T10:05:16.849+0000] {logging_mixin.py:188} INFO - [2026-09-18T10:05:16.849+0000] {dagbag.py:545} INFO - Filling up the DagBag from /opt/airflow/dags/loading_dag.py
[2026-09-18T10:05:16.863+0000] {processor.py:840} INFO - DAG(s) 'data_loading' retrieved from /opt/airflow/dags/loading_dag.py
[2026-09-18T10:05:16.889+0000] {logging_mixin.py:188} INFO - [2026-09-18T10:05:16.889+0000] {dag.py:3096} INFO - Sync 1 DAGs
[2026-09-18T10:05:16.909+0000] {logging_mixin.py:188} INFO - [2026-09-18T10:05:16.908+0000] {dag.py:3954} INFO - Setting next_dagrun for data_loading to None, run_after=None
[2026-09-18T10:05:16.937+0000] {processor.py:183} INFO - Processing /opt/airflow/dags/loading_dag.py took 0.097 seconds
[2026-09-18T10:05:47.518+0000] {processor.py:161} INFO - Started process (PID=703) to work on /opt/airflow/dags/loading_dag.py
[2026-09-18T10:05:47.524+0000] {processor.py:830} INFO - Processing file /opt/airflow/dags/loading_dag.py for tasks to queue
[2026-09-18T10:05:47.525+0000] {logging_mixin.py:188} INFO - [2026-09-18T10:05:47.525+0000] {dagbag.py:545} INFO - Filling up the DagBag from /opt/airflow/dags/loading_dag.py
[2026-09-18T10:05:47.540+0000] {processor.py:840} INFO - DAG(s) 'data_loading' retrieved from /opt/airflow/dags/loading_dag.py
[2026-09-18T10:05:47.567+0000] {logging_mixin.py:188} INFO - [2026-09-18T10:05:47.567+0000] {dag.py:3096} INFO - Sync 1 DAGs
[2026-09-18T10:05:47.589+0000] {logging_mixin.py:188} INFO - [2026-09-18T10:05:47.589+0000] {dag.py:3954} INFO - Setting next_dagrun for data_loading to None, run_after=None
[2026-09-18T10:05:47.615+0000] {processor.py:183} INFO - Processing /opt/airflow/dags/loading_dag.py took 0.108 seconds
[2026-09-18T10:06:18.112+0000] {processor.py:161} INFO - Started process (PID=712) to work on /opt/airflow/dags/loading_dag.py
[2026-09-18T10:06:18.113+0000] {processor.py:830} INFO - Processing file /opt/airflow/dags/loading_dag.py for tasks to queue
[2026-09-18T10:06:18.115+0000] {logging_mixin.py:188} INFO - [2026-09-18T10:06:18.114+0000] {dagbag.py:545} INFO - Filling up the DagBag from /opt/airflow/dags/loading_dag.py
[2026-09-18T10:06:18.142+0000] {processor.py:840} INFO - DAG(s) 'data_loading' retrieved from /opt/airflow/dags/loading_dag.py
[2026-09-18T10:06:18.175+0000] {logging_mixin.py:188} INFO - [2026-09-18T10:06:18.175+0000] {dag.py:3096} INFO - Sync 1 DAGs
[2026-09-18T10:06:18.204+0000] {logging_mixin.py:188} INFO - [2026-09-18T10:06:18.204+0000] {dag.py:3954} INFO - Setting next_dagrun for data_loading to None, run_after=None
[2026-09-18T10:06:18.229+0000] {processor.py:183} INFO - Processing /opt/airflow/dags/loading_dag.py took 0.127 seconds
[2026-09-18T10:06:48.667+0000] {processor.py:161} INFO - Started process (PID=720) to work on /opt/airflow/dags/loading_dag.py
[2026-09-18T10:06:48.672+0000] {processor.py:830} INFO - Processing file /opt/airflow/dags/loading_dag.py for tasks to queue
[2026-09-18T10:06:48.673+0000] {logging_mixin.py:188} INFO - [2026-09-18T10:06:48.673+0000] {dagbag.py:545} INFO - Filling up the DagBag from /opt/airflow/dags/loading_dag.py
[2026-09-18T10:06:48.685+0000] {processor.py:840} INFO - DAG(s) 'data_loading' retrieved from /opt/airflow/dags/loading_dag.py
[2026-09-18T10:06:48.720+0000] {logging_mixin.py:188} INFO - [2026-09-18T10:06:48.720+0000] {dag.py:3096} INFO - Sync 1 DAGs
[2026-09-18T10:06:48.742+0000] {logging_mixin.py:188} INFO - [2026-09-18T10:06:48.742+0000] {dag.py:3954} INFO - Setting next_dagrun for data_loading to None, run_after=None
[2026-09-18T10:06:48.772+0000] {processor.py:183} INFO - Processing /opt/airflow/dags/loading_dag.py took 0.112 seconds
[2026-09-18T10:07:19.295+0000] {processor.py:161} INFO - Started process (PID=728) to work on /opt/airflow/dags/loading_dag.py
[2026-09-18T10:07:19.298+0000] {processor.py:830} INFO - Processing file /opt/airflow/dags/loading_dag.py for tasks to queue
[2026-09-18T10:07:19.300+0000] {logging_mixin.py:188} INFO - [2026-09-18T10:07:19.299+0000] {dagbag.py:545} INFO - Filling up the DagBag from /opt/airflow/dags/loading_dag.py
[2026-09-18T10:07:19.318+0000] {processor.py:840} INFO - DAG(s) 'data_loading' retrieved from /opt/airflow/dags/loading_dag.py
[2026-09-18T10:07:19.354+0000] {logging_mixin.py:188} INFO - [2026-09-18T10:07:19.353+0000] {dag.py:3096} INFO - Sync 1 DAGs
[2026-09-18T10:07:19.379+0000] {logging_mixin.py:188} INFO - [2026-09-18T10:07:19.378+0000] {dag.py:3954} INFO - Setting next_dagrun for data_loading to None, run_after=None
[2026-09-18T10:07:19.409+0000] {processor.py:183} INFO - Processing /opt/airflow/dags/loading_dag.py took 0.126 seconds
[2026-09-18T10:07:50.298+0000] {processor.py:161} INFO - Started process (PID=736) to work on /opt/airflow/dags/loading_dag.py
[2026-09-18T10:07:50.304+0000] {processor.py:830} INFO - Processing file /opt/airflow/dags/loading_dag.py for tasks to queue
[2026-09-18T10:07:50.305+0000] {logging_mixin.py:188} INFO - [2026-09-18T10:07:50.305+0000] {dagbag.py:545} INFO - Filling up the DagBag from /opt/airflow/dags/loading_dag.py
[2026-09-18T10:07:50.316+0000] {processor.py:840} INFO - DAG(s) 'data_loading' retrieved from /opt/airflow/dags/loading_dag.py
[2026-09-18T10:07:50.341+0000] {logging_mixin.py:188} INFO - [2026-09-18T10:07:50.341+0000] {dag.py:3096} INFO - Sync 1 DAGs
[2026-09-18T10:07:50.361+0000] {logging_mixin.py:188} INFO - [2026-09-18T10:07:50.360+0000] {dag.py:3954} INFO - Setting next_dagrun for data_loading to None, run_after=None
[2026-09-18T10:07:50.385+0000] {processor.py:183} INFO - Processing /opt/airflow/dags/loading_dag.py took 0.095 seconds
[2026-09-18T10:08:20.967+0000] {processor.py:161} INFO - Started process (PID=744) to work on /opt/airflow/dags/loading_dag.py
[2026-09-18T10:08:20.973+0000] {processor.py:830} INFO - Processing file /opt/airflow/dags/loading_dag.py for tasks to queue
[2026-09-18T10:08:20.974+0000] {logging_mixin.py:188} INFO - [2026-09-18T10:08:20.973+0000] {dagbag.py:545} INFO - Filling up the DagBag from /opt/airflow/dags/loading_dag.py
[2026-09-18T10:08:20.986+0000] {processor.py:840} INFO - DAG(s) 'data_loading' retrieved from /opt/airflow/dags/loading_dag.py
[2026-09-18T10:08:21.011+0000] {logging_mixin.py:188} INFO - [2026-09-18T10:08:21.011+0000] {dag.py:3096} INFO - Sync 1 DAGs
[2026-09-18T10:08:21.031+0000] {logging_mixin.py:188} INFO - [2026-09-18T10:08:21.031+0000] {dag.py:3954} INFO - Setting next_dagrun for data_loading to None, run_after=None
[2026-09-18T10:08:21.061+0000] {processor.py:183} INFO - Processing /opt/airflow/dags/loading_dag.py took 0.101 seconds
[2026-09-18T10:08:51.554+0000] {processor.py:161} INFO - Started process (PID=752) to work on /opt/airflow/dags/loading_dag.py
[2026-09-18T10:08:51.560+0000] {processor.py:830} INFO - Processing file /opt/airflow/dags/loading_dag.py for tasks to queue
[2026-09-18T10:08:51.562+0000] {logging_mixin.py:188} INFO - [2026-09-18T10:08:51.562+0000] {dagbag.py:545} INFO - Filling up the DagBag from /opt/airflow/dags/loading_dag.py
[2026-09-18T10:08:51.584+0000] {processor.py:840} INFO - DAG(s) 'data_loading' retrieved from /opt/airflow/dags/loading_dag.py
[2026-09-18T10:08:51.623+0000] {logging_mixin.py:188} INFO - [2026-09-18T10:08:51.623+0000] {dag.py:3096} INFO - Sync 1 DAGs
[2026-09-18T10:08:51.652+0000] {logging_mixin.py:188} INFO - [2026-09-18T10:08:51.651+0000] {dag.py:3954} INFO - Setting next_dagrun for data_loading to None, run_after=None
[2026-09-18T10:08:51.673+0000] {processor.py:183} INFO - Processing /opt/airflow/dags/loading_dag.py took 0.129 seconds
[2026-09-18T10:09:22.269+0000] {processor.py:161} INFO - Started process (PID=760) to work on /opt/airflow/dags/loading_dag.py
[2026-09-18T10:09:22.274+0000] {processor.py:830} INFO - Processing file /opt/airflow/dags/loading_dag.py for tasks to queue
[2026-09-18T10:09:22.275+0000] {logging_mixin.py:188} INFO - [2026-09-18T10:09:22.275+0000] {dagbag.py:545} INFO - Filling up the DagBag from /opt/airflow/dags/loading_dag.py
[2026-09-18T10:09:22.285+0000] {processor.py:840} INFO - DAG(s) 'data_loading' retrieved from /opt/airflow/dags/loading_dag.py
[2026-09-18T10:09:22.314+0000] {logging_mixin.py:188} INFO - [2026-09-18T10:09:22.314+0000] {dag.py:3096} INFO - Sync 1 DAGs
[2026-09-18T10:09:22.335+0000] {logging_mixin.py:188} INFO - [2026-09-18T10:09:22.334+0000] {dag.py:3954} INFO - Setting next_dagrun for data_loading to None, run_after=None
[2026-09-18T10:09:22.355+0000] {processor.py:183} INFO - Processing /opt/airflow/dags/loading_dag.py took 0.091 seconds
[2026-09-18T10:09:52.856+0000] {processor.py:161} INFO - Started process (PID=774) to work on /opt/airflow/dags/loading_dag.py
[2026-09-18T10:09:52.858+0000] {processor.py:830} INFO - Processing file /opt/airflow/dags/loading_dag.py for tasks to queue
[2026-09-18T10:09:52.858+0000] {logging_mixin.py:188} INFO - [2026-09-18T10:09:52.858+0000] {dagbag.py:545} INFO - Filling up the DagBag from /opt/airflow/dags/loading_dag.py
[2026-09-18T10:09:52.872+0000] {processor.py:840} INFO - DAG(s) 'data_loading' retrieved from /opt/airflow/dags/loading_dag.py
[2026-09-18T10:09:52.904+0000] {logging_mixin.py:188} INFO - [2026-09-18T10:09:52.904+0000] {dag.py:3096} INFO - Sync 1 DAGs
[2026-09-18T10:09:52.924+0000] {logging_mixin.py:188} INFO - [2026-09-18T10:09:52.924+0000] {dag.py:3954} INFO - Setting next_dagrun for data_loading to None, run_after=None
[2026-09-18T10:09:52.952+0000] {processor.py:183} INFO - Processing /opt/airflow/dags/loading_dag.py took 0.102 seconds
[2026-09-18T10:10:23.548+0000] {processor.py:161} INFO - Started process (PID=782) to work on /opt/airflow/dags/loading_dag.py
[2026-09-18T10:10:23.554+0000] {processor.py:830} INFO - Processing file /opt/airflow/dags/loading_dag.py for tasks to queue
[2026-09-18T10:10:23.555+0000] {logging_mixin.py:188} INFO - [2026-09-18T10:10:23.555+0000] {dagbag.py:545} INFO - Filling up the DagBag from /opt/airflow/dags/loading_dag.py
[2026-09-18T10:10:23.569+0000] {processor.py:840} INFO - DAG(s) 'data_loading' retrieved from /opt/airflow/dags/loading_dag.py
[2026-09-18T10:10:23.594+0000] {logging_mixin.py:188} INFO - [2026-09-18T10:10:23.594+0000] {dag.py:3096} INFO - Sync 1 DAGs
[2026-09-18T10:10:23.626+0000] {logging_mixin.py:188} INFO - [2026-09-18T10:10:23.625+0000] {dag.py:3954} INFO - Setting next_dagrun for data_loading to None, run_after=None
[2026-09-18T10:10:23.655+0000] {processor.py:183} INFO - Processing /opt/airflow/dags/loading_dag.py took 0.116 seconds
[2026-09-18T10:10:54.151+0000] {processor.py:161} INFO - Started process (PID=790) to work on /opt/airflow/dags/loading_dag.py
[2026-09-18T10:10:54.157+0000] {processor.py:830} INFO - Processing file /opt/airflow/dags/loading_dag.py for tasks to queue
[2026-09-18T10:10:54.158+0000] {logging_mixin.py:188} INFO - [2026-09-18T10:10:54.157+0000] {dagbag.py:545} INFO - Filling up the DagBag from /opt/airflow/dags/loading_dag.py
[2026-09-18T10:10:54.176+0000] {processor.py:840} INFO - DAG(s) 'data_loading' retrieved from /opt/airflow/dags/loading_dag.py
[2026-09-18T10:10:54.207+0000] {logging_mixin.py:188} INFO - [2026-09-18T10:10:54.207+0000] {dag.py:3096} INFO - Sync 1 DAGs
[2026-09-18T10:10:54.228+0000] {logging_mixin.py:188} INFO - [2026-09-18T10:10:54.228+0000] {dag.py:3954} INFO - Setting next_dagrun for data_loading to None, run_after=None
[2026-09-18T10:10:54.254+0000] {processor.py:183} INFO - Processing /opt/airflow/dags/loading_dag.py took 0.112 seconds
[2026-09-18T10:11:24.810+0000] {processor.py:161} INFO - Started process (PID=799) to work on /opt/airflow/dags/loading_dag.py
[2026-09-18T10:11:24.811+0000] {processor.py:830} INFO - Processing file /opt/airflow/dags/loading_dag.py for tasks to queue
[2026-09-18T10:11:24.812+0000] {logging_mixin.py:188} INFO - [2026-09-18T10:11:24.811+0000] {dagbag.py:545} INFO - Filling up the DagBag from /opt/airflow/dags/loading_dag.py
[2026-09-18T10:11:24.823+0000] {processor.py:840} INFO - DAG(s) 'data_loading' retrieved from /opt/airflow/dags/loading_dag.py
[2026-09-18T10:11:24.852+0000] {logging_mixin.py:188} INFO - [2026-09-18T10:11:24.851+0000] {dag.py:3096} INFO - Sync 1 DAGs
[2026-09-18T10:11:24.877+0000] {logging_mixin.py:188} INFO - [2026-09-18T10:11:24.876+0000] {dag.py:3954} INFO - Setting next_dagrun for data_loading to None, run_after=None
[2026-09-18T10:11:24.903+0000] {processor.py:183} INFO - Processing /opt/airflow/dags/loading_dag.py took 0.099 seconds
[2026-09-18T10:11:55.345+0000] {processor.py:161} INFO - Started process (PID=807) to work on /opt/airflow/dags/loading_dag.py
[2026-09-18T10:11:55.350+0000] {processor.py:830} INFO - Processing file /opt/airflow/dags/loading_dag.py for tasks to queue
[2026-09-18T10:11:55.351+0000] {logging_mixin.py:188} INFO - [2026-09-18T10:11:55.351+0000] {dagbag.py:545} INFO - Filling up the DagBag from /opt/airflow/dags/loading_dag.py
[2026-09-18T10:11:55.362+0000] {processor.py:840} INFO - DAG(s) 'data_loading' retrieved from /opt/airflow/dags/loading_dag.py
[2026-09-18T10:11:55.386+0000] {logging_mixin.py:188} INFO - [2026-09-18T10:11:55.386+0000] {dag.py:3096} INFO - Sync 1 DAGs
[2026-09-18T10:11:55.404+0000] {logging_mixin.py:188} INFO - [2026-09-18T10:11:55.403+0000] {dag.py:3954} INFO - Setting next_dagrun for data_loading to None, run_after=None
[2026-09-18T10:11:55.426+0000] {processor.py:183} INFO - Processing /opt/airflow/dags/loading_dag.py took 0.088 seconds
[2026-09-18T10:12:26.005+0000] {processor.py:161} INFO - Started process (PID=815) to work on /opt/airflow/dags/loading_dag.py
[2026-09-18T10:12:26.011+0000] {processor.py:830} INFO - Processing file /opt/airflow/dags/loading_dag.py for tasks to queue
[2026-09-18T10:12:26.012+0000] {logging_mixin.py:188} INFO - [2026-09-18T10:12:26.012+0000] {dagbag.py:545} INFO - Filling up the DagBag from /opt/airflow/dags/loading_dag.py
[2026-09-18T10:12:26.024+0000] {processor.py:840} INFO - DAG(s) 'data_loading' retrieved from /opt/airflow/dags/loading_dag.py
[2026-09-18T10:12:26.052+0000] {logging_mixin.py:188} INFO - [2026-09-18T10:12:26.052+0000] {dag.py:3096} INFO - Sync 1 DAGs
[2026-09-18T10:12:26.071+0000] {logging_mixin.py:188} INFO - [2026-09-18T10:12:26.071+0000] {dag.py:3954} INFO - Setting next_dagrun for data_loading to None, run_after=None
[2026-09-18T10:12:26.096+0000] {processor.py:183} INFO - Processing /opt/airflow/dags/loading_dag.py took 0.099 seconds
[2026-09-18T10:12:56.656+0000] {processor.py:161} INFO - Started process (PID=823) to work on /opt/airflow/dags/loading_dag.py
[2026-09-18T10:12:56.658+0000] {processor.py:830} INFO - Processing file /opt/airflow/dags/loading_dag.py for tasks to queue
[2026-09-18T10:12:56.659+0000] {logging_mixin.py:188} INFO - [2026-09-18T10:12:56.659+0000] {dagbag.py:545} INFO - Filling up the DagBag from /opt/airflow/dags/loading_dag.py
[2026-09-18T10:12:56.670+0000] {processor.py:840} INFO - DAG(s) 'data_loading' retrieved from /opt/airflow/dags/loading_dag.py
[2026-09-18T10:12:56.693+0000] {logging_mixin.py:188} INFO - [2026-09-18T10:12:56.693+0000] {dag.py:3096} INFO - Sync 1 DAGs
[2026-09-18T10:12:56.715+0000] {logging_mixin.py:188} INFO - [2026-09-18T10:12:56.715+0000] {dag.py:3954} INFO - Setting next_dagrun for data_loading to None, run_after=None
[2026-09-18T10:12:56.741+0000] {processor.py:183} INFO - Processing /opt/airflow/dags/loading_dag.py took 0.092 seconds
[2026-09-18T10:13:27.360+0000] {processor.py:161} INFO - Started process (PID=831) to work on /opt/airflow/dags/loading_dag.py
[2026-09-18T10:13:27.361+0000] {processor.py:830} INFO - Processing file /opt/airflow/dags/loading_dag.py for tasks to queue
[2026-09-18T10:13:27.362+0000] {logging_mixin.py:188} INFO - [2026-09-18T10:13:27.362+0000] {dagbag.py:545} INFO - Filling up the DagBag from /opt/airflow/dags/loading_dag.py
[2026-09-18T10:13:27.374+0000] {processor.py:840} INFO - DAG(s) 'data_loading' retrieved from /opt/airflow/dags/loading_dag.py
[2026-09-18T10:13:27.405+0000] {logging_mixin.py:188} INFO - [2026-09-18T10:13:27.405+0000] {dag.py:3096} INFO - Sync 1 DAGs
[2026-09-18T10:13:27.425+0000] {logging_mixin.py:188} INFO - [2026-09-18T10:13:27.425+0000] {dag.py:3954} INFO - Setting next_dagrun for data_loading to None, run_after=None
[2026-09-18T10:13:27.453+0000] {processor.py:183} INFO - Processing /opt/airflow/dags/loading_dag.py took 0.100 seconds
[2026-09-18T10:13:58.272+0000] {processor.py:161} INFO - Started process (PID=839) to work on /opt/airflow/dags/loading_dag.py
[2026-09-18T10:13:58.273+0000] {processor.py:830} INFO - Processing file /opt/airflow/dags/loading_dag.py for tasks to queue
[2026-09-18T10:13:58.274+0000] {logging_mixin.py:188} INFO - [2026-09-18T10:13:58.273+0000] {dagbag.py:545} INFO - Filling up the DagBag from /opt/airflow/dags/loading_dag.py
[2026-09-18T10:13:58.283+0000] {processor.py:840} INFO - DAG(s) 'data_loading' retrieved from /opt/airflow/dags/loading_dag.py
[2026-09-18T10:13:58.309+0000] {logging_mixin.py:188} INFO - [2026-09-18T10:13:58.308+0000] {dag.py:3096} INFO - Sync 1 DAGs
[2026-09-18T10:13:58.326+0000] {logging_mixin.py:188} INFO - [2026-09-18T10:13:58.325+0000] {dag.py:3954} INFO - Setting next_dagrun for data_loading to None, run_after=None
[2026-09-18T10:13:58.343+0000] {processor.py:183} INFO - Processing /opt/airflow/dags/loading_dag.py took 0.077 seconds
[2026-09-18T10:14:28.823+0000] {processor.py:161} INFO - Started process (PID=847) to work on /opt/airflow/dags/loading_dag.py
[2026-09-18T10:14:28.828+0000] {processor.py:830} INFO - Processing file /opt/airflow/dags/loading_dag.py for tasks to queue
[2026-09-18T10:14:28.829+0000] {logging_mixin.py:188} INFO - [2026-09-18T10:14:28.829+0000] {dagbag.py:545} INFO - Filling up the DagBag from /opt/airflow/dags/loading_dag.py
[2026-09-18T10:14:28.839+0000] {processor.py:840} INFO - DAG(s) 'data_loading' retrieved from /opt/airflow/dags/loading_dag.py
[2026-09-18T10:14:28.868+0000] {logging_mixin.py:188} INFO - [2026-09-18T10:14:28.868+0000] {dag.py:3096} INFO - Sync 1 DAGs
[2026-09-18T10:14:28.891+0000] {logging_mixin.py:188} INFO - [2026-09-18T10:14:28.891+0000] {dag.py:3954} INFO - Setting next_dagrun for data_loading to None, run_after=None
[2026-09-18T10:14:28.927+0000] {processor.py:183} INFO - Processing /opt/airflow/dags/loading_dag.py took 0.111 seconds
[2026-09-18T10:14:59.485+0000] {processor.py:161} INFO - Started process (PID=855) to work on /opt/airflow/dags/loading_dag.py
[2026-09-18T10:14:59.486+0000] {processor.py:830} INFO - Processing file /opt/airflow/dags/loading_dag.py for tasks to queue
[2026-09-18T10:14:59.487+0000] {logging_mixin.py:188} INFO - [2026-09-18T10:14:59.487+0000] {dagbag.py:545} INFO - Filling up the DagBag from /opt/airflow/dags/loading_dag.py
[2026-09-18T10:14:59.499+0000] {processor.py:840} INFO - DAG(s) 'data_loading' retrieved from /opt/airflow/dags/loading_dag.py
[2026-09-18T10:14:59.524+0000] {logging_mixin.py:188} INFO - [2026-09-18T10:14:59.523+0000] {dag.py:3096} INFO - Sync 1 DAGs
[2026-09-18T10:14:59.543+0000] {logging_mixin.py:188} INFO - [2026-09-18T10:14:59.543+0000] {dag.py:3954} INFO - Setting next_dagrun for data_loading to None, run_after=None
[2026-09-18T10:14:59.571+0000] {processor.py:183} INFO - Processing /opt/airflow/dags/loading_dag.py took 0.093 seconds
[2026-09-18T10:15:30.067+0000] {processor.py:161} INFO - Started process (PID=863) to work on /opt/airflow/dags/loading_dag.py
[2026-09-18T10:15:30.072+0000] {processor.py:830} INFO - Processing file /opt/airflow/dags/loading_dag.py for tasks to queue
[2026-09-18T10:15:30.074+0000] {logging_mixin.py:188} INFO - [2026-09-18T10:15:30.073+0000] {dagbag.py:545} INFO - Filling up the DagBag from /opt/airflow/dags/loading_dag.py
[2026-09-18T10:15:30.085+0000] {processor.py:840} INFO - DAG(s) 'data_loading' retrieved from /opt/airflow/dags/loading_dag.py
[2026-09-18T10:15:30.111+0000] {logging_mixin.py:188} INFO - [2026-09-18T10:15:30.111+0000] {dag.py:3096} INFO - Sync 1 DAGs
[2026-09-18T10:15:30.130+0000] {logging_mixin.py:188} INFO - [2026-09-18T10:15:30.130+0000] {dag.py:3954} INFO - Setting next_dagrun for data_loading to None, run_after=None
[2026-09-18T10:15:30.153+0000] {processor.py:183} INFO - Processing /opt/airflow/dags/loading_dag.py took 0.098 seconds
[2026-09-18T10:16:00.699+0000] {processor.py:161} INFO - Started process (PID=871) to work on /opt/airflow/dags/loading_dag.py
[2026-09-18T10:16:00.700+0000] {processor.py:830} INFO - Processing file /opt/airflow/dags/loading_dag.py for tasks to queue
[2026-09-18T10:16:00.701+0000] {logging_mixin.py:188} INFO - [2026-09-18T10:16:00.701+0000] {dagbag.py:545} INFO - Filling up the DagBag from /opt/airflow/dags/loading_dag.py
[2026-09-18T10:16:00.714+0000] {processor.py:840} INFO - DAG(s) 'data_loading' retrieved from /opt/airflow/dags/loading_dag.py
[2026-09-18T10:16:00.741+0000] {logging_mixin.py:188} INFO - [2026-09-18T10:16:00.740+0000] {dag.py:3096} INFO - Sync 1 DAGs
[2026-09-18T10:16:00.762+0000] {logging_mixin.py:188} INFO - [2026-09-18T10:16:00.761+0000] {dag.py:3954} INFO - Setting next_dagrun for data_loading to None, run_after=None
[2026-09-18T10:16:00.785+0000] {processor.py:183} INFO - Processing /opt/airflow/dags/loading_dag.py took 0.092 seconds
[2026-09-18T10:16:31.273+0000] {processor.py:161} INFO - Started process (PID=887) to work on /opt/airflow/dags/loading_dag.py
[2026-09-18T10:16:31.279+0000] {processor.py:830} INFO - Processing file /opt/airflow/dags/loading_dag.py for tasks to queue
[2026-09-18T10:16:31.280+0000] {logging_mixin.py:188} INFO - [2026-09-18T10:16:31.280+0000] {dagbag.py:545} INFO - Filling up the DagBag from /opt/airflow/dags/loading_dag.py
[2026-09-18T10:16:31.294+0000] {processor.py:840} INFO - DAG(s) 'data_loading' retrieved from /opt/airflow/dags/loading_dag.py
[2026-09-18T10:16:31.320+0000] {logging_mixin.py:188} INFO - [2026-09-18T10:16:31.320+0000] {dag.py:3096} INFO - Sync 1 DAGs
[2026-09-18T10:16:31.341+0000] {logging_mixin.py:188} INFO - [2026-09-18T10:16:31.341+0000] {dag.py:3954} INFO - Setting next_dagrun for data_loading to None, run_after=None
[2026-09-18T10:16:31.364+0000] {processor.py:183} INFO - Processing /opt/airflow/dags/loading_dag.py took 0.100 seconds
[2026-09-18T10:17:01.939+0000] {processor.py:161} INFO - Started process (PID=895) to work on /opt/airflow/dags/loading_dag.py
[2026-09-18T10:17:01.942+0000] {processor.py:830} INFO - Processing file /opt/airflow/dags/loading_dag.py for tasks to queue
[2026-09-18T10:17:01.943+0000] {logging_mixin.py:188} INFO - [2026-09-18T10:17:01.943+0000] {dagbag.py:545} INFO - Filling up the DagBag from /opt/airflow/dags/loading_dag.py
[2026-09-18T10:17:01.955+0000] {processor.py:840} INFO - DAG(s) 'data_loading' retrieved from /opt/airflow/dags/loading_dag.py
[2026-09-18T10:17:01.986+0000] {logging_mixin.py:188} INFO - [2026-09-18T10:17:01.986+0000] {dag.py:3096} INFO - Sync 1 DAGs
[2026-09-18T10:17:02.007+0000] {logging_mixin.py:188} INFO - [2026-09-18T10:17:02.007+0000] {dag.py:3954} INFO - Setting next_dagrun for data_loading to None, run_after=None
[2026-09-18T10:17:02.037+0000] {processor.py:183} INFO - Processing /opt/airflow/dags/loading_dag.py took 0.106 seconds
[2026-09-18T10:17:32.579+0000] {processor.py:161} INFO - Started process (PID=904) to work on /opt/airflow/dags/loading_dag.py
[2026-09-18T10:17:32.584+0000] {processor.py:830} INFO - Processing file /opt/airflow/dags/loading_dag.py for tasks to queue
[2026-09-18T10:17:32.585+0000] {logging_mixin.py:188} INFO - [2026-09-18T10:17:32.585+0000] {dagbag.py:545} INFO - Filling up the DagBag from /opt/airflow/dags/loading_dag.py
[2026-09-18T10:17:32.598+0000] {processor.py:840} INFO - DAG(s) 'data_loading' retrieved from /opt/airflow/dags/loading_dag.py
[2026-09-18T10:17:32.625+0000] {logging_mixin.py:188} INFO - [2026-09-18T10:17:32.624+0000] {dag.py:3096} INFO - Sync 1 DAGs
[2026-09-18T10:17:32.644+0000] {logging_mixin.py:188} INFO - [2026-09-18T10:17:32.644+0000] {dag.py:3954} INFO - Setting next_dagrun for data_loading to None, run_after=None
[2026-09-18T10:17:32.668+0000] {processor.py:183} INFO - Processing /opt/airflow/dags/loading_dag.py took 0.096 seconds
[2026-09-18T10:18:03.323+0000] {processor.py:161} INFO - Started process (PID=912) to work on /opt/airflow/dags/loading_dag.py
[2026-09-18T10:18:03.324+0000] {processor.py:830} INFO - Processing file /opt/airflow/dags/loading_dag.py for tasks to queue
[2026-09-18T10:18:03.325+0000] {logging_mixin.py:188} INFO - [2026-09-18T10:18:03.325+0000] {dagbag.py:545} INFO - Filling up the DagBag from /opt/airflow/dags/loading_dag.py
[2026-09-18T10:18:03.342+0000] {processor.py:840} INFO - DAG(s) 'data_loading' retrieved from /opt/airflow/dags/loading_dag.py
[2026-09-18T10:18:03.372+0000] {logging_mixin.py:188} INFO - [2026-09-18T10:18:03.372+0000] {dag.py:3096} INFO - Sync 1 DAGs
[2026-09-18T10:18:03.396+0000] {logging_mixin.py:188} INFO - [2026-09-18T10:18:03.395+0000] {dag.py:3954} INFO - Setting next_dagrun for data_loading to None, run_after=None
[2026-09-18T10:18:03.426+0000] {processor.py:183} INFO - Processing /opt/airflow/dags/loading_dag.py took 0.112 seconds
[2026-09-18T10:18:33.938+0000] {processor.py:161} INFO - Started process (PID=920) to work on /opt/airflow/dags/loading_dag.py
[2026-09-18T10:18:33.940+0000] {processor.py:830} INFO - Processing file /opt/airflow/dags/loading_dag.py for tasks to queue
[2026-09-18T10:18:33.941+0000] {logging_mixin.py:188} INFO - [2026-09-18T10:18:33.940+0000] {dagbag.py:545} INFO - Filling up the DagBag from /opt/airflow/dags/loading_dag.py
[2026-09-18T10:18:33.951+0000] {processor.py:840} INFO - DAG(s) 'data_loading' retrieved from /opt/airflow/dags/loading_dag.py
[2026-09-18T10:18:33.973+0000] {logging_mixin.py:188} INFO - [2026-09-18T10:18:33.973+0000] {dag.py:3096} INFO - Sync 1 DAGs
[2026-09-18T10:18:33.991+0000] {logging_mixin.py:188} INFO - [2026-09-18T10:18:33.991+0000] {dag.py:3954} INFO - Setting next_dagrun for data_loading to None, run_after=None
[2026-09-18T10:18:34.012+0000] {processor.py:183} INFO - Processing /opt/airflow/dags/loading_dag.py took 0.080 seconds
[2026-09-18T10:19:04.644+0000] {processor.py:161} INFO - Started process (PID=928) to work on /opt/airflow/dags/loading_dag.py
[2026-09-18T10:19:04.646+0000] {processor.py:830} INFO - Processing file /opt/airflow/dags/loading_dag.py for tasks to queue
[2026-09-18T10:19:04.646+0000] {logging_mixin.py:188} INFO - [2026-09-18T10:19:04.646+0000] {dagbag.py:545} INFO - Filling up the DagBag from /opt/airflow/dags/loading_dag.py
[2026-09-18T10:19:04.656+0000] {processor.py:840} INFO - DAG(s) 'data_loading' retrieved from /opt/airflow/dags/loading_dag.py
[2026-09-18T10:19:04.680+0000] {logging_mixin.py:188} INFO - [2026-09-18T10:19:04.679+0000] {dag.py:3096} INFO - Sync 1 DAGs
[2026-09-18T10:19:04.697+0000] {logging_mixin.py:188} INFO - [2026-09-18T10:19:04.697+0000] {dag.py:3954} INFO - Setting next_dagrun for data_loading to None, run_after=None
[2026-09-18T10:19:04.719+0000] {processor.py:183} INFO - Processing /opt/airflow/dags/loading_dag.py took 0.081 seconds
[2026-09-18T10:19:35.221+0000] {processor.py:161} INFO - Started process (PID=936) to work on /opt/airflow/dags/loading_dag.py
[2026-09-18T10:19:35.222+0000] {processor.py:830} INFO - Processing file /opt/airflow/dags/loading_dag.py for tasks to queue
[2026-09-18T10:19:35.223+0000] {logging_mixin.py:188} INFO - [2026-09-18T10:19:35.223+0000] {dagbag.py:545} INFO - Filling up the DagBag from /opt/airflow/dags/loading_dag.py
[2026-09-18T10:19:35.235+0000] {processor.py:840} INFO - DAG(s) 'data_loading' retrieved from /opt/airflow/dags/loading_dag.py
[2026-09-18T10:19:35.258+0000] {logging_mixin.py:188} INFO - [2026-09-18T10:19:35.257+0000] {dag.py:3096} INFO - Sync 1 DAGs
[2026-09-18T10:19:35.280+0000] {logging_mixin.py:188} INFO - [2026-09-18T10:19:35.280+0000] {dag.py:3954} INFO - Setting next_dagrun for data_loading to None, run_after=None
[2026-09-18T10:19:35.303+0000] {processor.py:183} INFO - Processing /opt/airflow/dags/loading_dag.py took 0.090 seconds
[2026-09-18T10:20:06.128+0000] {processor.py:161} INFO - Started process (PID=944) to work on /opt/airflow/dags/loading_dag.py
[2026-09-18T10:20:06.129+0000] {processor.py:830} INFO - Processing file /opt/airflow/dags/loading_dag.py for tasks to queue
[2026-09-18T10:20:06.131+0000] {logging_mixin.py:188} INFO - [2026-09-18T10:20:06.130+0000] {dagbag.py:545} INFO - Filling up the DagBag from /opt/airflow/dags/loading_dag.py
[2026-09-18T10:20:06.146+0000] {processor.py:840} INFO - DAG(s) 'data_loading' retrieved from /opt/airflow/dags/loading_dag.py
[2026-09-18T10:20:06.178+0000] {logging_mixin.py:188} INFO - [2026-09-18T10:20:06.178+0000] {dag.py:3096} INFO - Sync 1 DAGs
[2026-09-18T10:20:06.234+0000] {logging_mixin.py:188} INFO - [2026-09-18T10:20:06.234+0000] {dag.py:3954} INFO - Setting next_dagrun for data_loading to None, run_after=None
[2026-09-18T10:20:06.263+0000] {processor.py:183} INFO - Processing /opt/airflow/dags/loading_dag.py took 0.147 seconds
[2026-09-18T10:20:36.761+0000] {processor.py:161} INFO - Started process (PID=952) to work on /opt/airflow/dags/loading_dag.py
[2026-09-18T10:20:36.763+0000] {processor.py:830} INFO - Processing file /opt/airflow/dags/loading_dag.py for tasks to queue
[2026-09-18T10:20:36.764+0000] {logging_mixin.py:188} INFO - [2026-09-18T10:20:36.763+0000] {dagbag.py:545} INFO - Filling up the DagBag from /opt/airflow/dags/loading_dag.py
[2026-09-18T10:20:36.776+0000] {processor.py:840} INFO - DAG(s) 'data_loading' retrieved from /opt/airflow/dags/loading_dag.py
[2026-09-18T10:20:36.811+0000] {logging_mixin.py:188} INFO - [2026-09-18T10:20:36.810+0000] {dag.py:3096} INFO - Sync 1 DAGs
[2026-09-18T10:20:36.836+0000] {logging_mixin.py:188} INFO - [2026-09-18T10:20:36.836+0000] {dag.py:3954} INFO - Setting next_dagrun for data_loading to None, run_after=None
[2026-09-18T10:20:36.858+0000] {processor.py:183} INFO - Processing /opt/airflow/dags/loading_dag.py took 0.104 seconds
[2026-09-18T10:21:07.380+0000] {processor.py:161} INFO - Started process (PID=961) to work on /opt/airflow/dags/loading_dag.py
[2026-09-18T10:21:07.381+0000] {processor.py:830} INFO - Processing file /opt/airflow/dags/loading_dag.py for tasks to queue
[2026-09-18T10:21:07.382+0000] {logging_mixin.py:188} INFO - [2026-09-18T10:21:07.382+0000] {dagbag.py:545} INFO - Filling up the DagBag from /opt/airflow/dags/loading_dag.py
[2026-09-18T10:21:07.394+0000] {processor.py:840} INFO - DAG(s) 'data_loading' retrieved from /opt/airflow/dags/loading_dag.py
[2026-09-18T10:21:07.422+0000] {logging_mixin.py:188} INFO - [2026-09-18T10:21:07.422+0000] {dag.py:3096} INFO - Sync 1 DAGs
[2026-09-18T10:21:07.442+0000] {logging_mixin.py:188} INFO - [2026-09-18T10:21:07.441+0000] {dag.py:3954} INFO - Setting next_dagrun for data_loading to None, run_after=None
[2026-09-18T10:21:07.462+0000] {processor.py:183} INFO - Processing /opt/airflow/dags/loading_dag.py took 0.087 seconds
[2026-09-18T10:21:37.970+0000] {processor.py:161} INFO - Started process (PID=969) to work on /opt/airflow/dags/loading_dag.py
[2026-09-18T10:21:37.972+0000] {processor.py:830} INFO - Processing file /opt/airflow/dags/loading_dag.py for tasks to queue
[2026-09-18T10:21:37.973+0000] {logging_mixin.py:188} INFO - [2026-09-18T10:21:37.972+0000] {dagbag.py:545} INFO - Filling up the DagBag from /opt/airflow/dags/loading_dag.py
[2026-09-18T10:21:37.987+0000] {processor.py:840} INFO - DAG(s) 'data_loading' retrieved from /opt/airflow/dags/loading_dag.py
[2026-09-18T10:21:38.014+0000] {logging_mixin.py:188} INFO - [2026-09-18T10:21:38.014+0000] {dag.py:3096} INFO - Sync 1 DAGs
[2026-09-18T10:21:38.034+0000] {logging_mixin.py:188} INFO - [2026-09-18T10:21:38.034+0000] {dag.py:3954} INFO - Setting next_dagrun for data_loading to None, run_after=None
[2026-09-18T10:21:38.058+0000] {processor.py:183} INFO - Processing /opt/airflow/dags/loading_dag.py took 0.096 seconds
[2026-09-18T10:22:08.576+0000] {processor.py:161} INFO - Started process (PID=977) to work on /opt/airflow/dags/loading_dag.py
[2026-09-18T10:22:08.578+0000] {processor.py:830} INFO - Processing file /opt/airflow/dags/loading_dag.py for tasks to queue
[2026-09-18T10:22:08.579+0000] {logging_mixin.py:188} INFO - [2026-09-18T10:22:08.579+0000] {dagbag.py:545} INFO - Filling up the DagBag from /opt/airflow/dags/loading_dag.py
[2026-09-18T10:22:08.592+0000] {processor.py:840} INFO - DAG(s) 'data_loading' retrieved from /opt/airflow/dags/loading_dag.py
[2026-09-18T10:22:08.620+0000] {logging_mixin.py:188} INFO - [2026-09-18T10:22:08.620+0000] {dag.py:3096} INFO - Sync 1 DAGs
[2026-09-18T10:22:08.640+0000] {logging_mixin.py:188} INFO - [2026-09-18T10:22:08.640+0000] {dag.py:3954} INFO - Setting next_dagrun for data_loading to None, run_after=None
[2026-09-18T10:22:08.668+0000] {processor.py:183} INFO - Processing /opt/airflow/dags/loading_dag.py took 0.099 seconds
[2026-09-18T10:22:39.158+0000] {processor.py:161} INFO - Started process (PID=991) to work on /opt/airflow/dags/loading_dag.py
[2026-09-18T10:22:39.163+0000] {processor.py:830} INFO - Processing file /opt/airflow/dags/loading_dag.py for tasks to queue
[2026-09-18T10:22:39.164+0000] {logging_mixin.py:188} INFO - [2026-09-18T10:22:39.164+0000] {dagbag.py:545} INFO - Filling up the DagBag from /opt/airflow/dags/loading_dag.py
[2026-09-18T10:22:39.174+0000] {processor.py:840} INFO - DAG(s) 'data_loading' retrieved from /opt/airflow/dags/loading_dag.py
[2026-09-18T10:22:39.197+0000] {logging_mixin.py:188} INFO - [2026-09-18T10:22:39.197+0000] {dag.py:3096} INFO - Sync 1 DAGs
[2026-09-18T10:22:39.218+0000] {logging_mixin.py:188} INFO - [2026-09-18T10:22:39.217+0000] {dag.py:3954} INFO - Setting next_dagrun for data_loading to None, run_after=None
[2026-09-18T10:22:39.237+0000] {processor.py:183} INFO - Processing /opt/airflow/dags/loading_dag.py took 0.085 seconds
[2026-09-18T10:23:09.757+0000] {processor.py:161} INFO - Started process (PID=999) to work on /opt/airflow/dags/loading_dag.py
[2026-09-18T10:23:09.757+0000] {processor.py:830} INFO - Processing file /opt/airflow/dags/loading_dag.py for tasks to queue
[2026-09-18T10:23:09.758+0000] {logging_mixin.py:188} INFO - [2026-09-18T10:23:09.758+0000] {dagbag.py:545} INFO - Filling up the DagBag from /opt/airflow/dags/loading_dag.py
[2026-09-18T10:23:09.768+0000] {processor.py:840} INFO - DAG(s) 'data_loading' retrieved from /opt/airflow/dags/loading_dag.py
[2026-09-18T10:23:09.792+0000] {logging_mixin.py:188} INFO - [2026-09-18T10:23:09.792+0000] {dag.py:3096} INFO - Sync 1 DAGs
[2026-09-18T10:23:09.812+0000] {logging_mixin.py:188} INFO - [2026-09-18T10:23:09.812+0000] {dag.py:3954} INFO - Setting next_dagrun for data_loading to None, run_after=None
[2026-09-18T10:23:09.836+0000] {processor.py:183} INFO - Processing /opt/airflow/dags/loading_dag.py took 0.086 seconds
[2026-09-18T10:23:40.300+0000] {processor.py:161} INFO - Started process (PID=1007) to work on /opt/airflow/dags/loading_dag.py
[2026-09-18T10:23:40.305+0000] {processor.py:830} INFO - Processing file /opt/airflow/dags/loading_dag.py for tasks to queue
[2026-09-18T10:23:40.306+0000] {logging_mixin.py:188} INFO - [2026-09-18T10:23:40.306+0000] {dagbag.py:545} INFO - Filling up the DagBag from /opt/airflow/dags/loading_dag.py
[2026-09-18T10:23:40.320+0000] {processor.py:840} INFO - DAG(s) 'data_loading' retrieved from /opt/airflow/dags/loading_dag.py
[2026-09-18T10:23:40.346+0000] {logging_mixin.py:188} INFO - [2026-09-18T10:23:40.346+0000] {dag.py:3096} INFO - Sync 1 DAGs
[2026-09-18T10:23:40.367+0000] {logging_mixin.py:188} INFO - [2026-09-18T10:23:40.367+0000] {dag.py:3954} INFO - Setting next_dagrun for data_loading to None, run_after=None
[2026-09-18T10:23:40.390+0000] {processor.py:183} INFO - Processing /opt/airflow/dags/loading_dag.py took 0.098 seconds
[2026-09-18T10:24:10.800+0000] {processor.py:161} INFO - Started process (PID=1015) to work on /opt/airflow/dags/loading_dag.py
[2026-09-18T10:24:10.806+0000] {processor.py:830} INFO - Processing file /opt/airflow/dags/loading_dag.py for tasks to queue
[2026-09-18T10:24:10.807+0000] {logging_mixin.py:188} INFO - [2026-09-18T10:24:10.806+0000] {dagbag.py:545} INFO - Filling up the DagBag from /opt/airflow/dags/loading_dag.py
[2026-09-18T10:24:10.817+0000] {processor.py:840} INFO - DAG(s) 'data_loading' retrieved from /opt/airflow/dags/loading_dag.py
[2026-09-18T10:24:10.844+0000] {logging_mixin.py:188} INFO - [2026-09-18T10:24:10.843+0000] {dag.py:3096} INFO - Sync 1 DAGs
[2026-09-18T10:24:10.866+0000] {logging_mixin.py:188} INFO - [2026-09-18T10:24:10.866+0000] {dag.py:3954} INFO - Setting next_dagrun for data_loading to None, run_after=None
[2026-09-18T10:24:10.892+0000] {processor.py:183} INFO - Processing /opt/airflow/dags/loading_dag.py took 0.099 seconds
[2026-09-18T10:24:41.347+0000] {processor.py:161} INFO - Started process (PID=1023) to work on /opt/airflow/dags/loading_dag.py
[2026-09-18T10:24:41.348+0000] {processor.py:830} INFO - Processing file /opt/airflow/dags/loading_dag.py for tasks to queue
[2026-09-18T10:24:41.348+0000] {logging_mixin.py:188} INFO - [2026-09-18T10:24:41.348+0000] {dagbag.py:545} INFO - Filling up the DagBag from /opt/airflow/dags/loading_dag.py
[2026-09-18T10:24:41.359+0000] {processor.py:840} INFO - DAG(s) 'data_loading' retrieved from /opt/airflow/dags/loading_dag.py
[2026-09-18T10:24:41.385+0000] {logging_mixin.py:188} INFO - [2026-09-18T10:24:41.384+0000] {dag.py:3096} INFO - Sync 1 DAGs
[2026-09-18T10:24:41.407+0000] {logging_mixin.py:188} INFO - [2026-09-18T10:24:41.406+0000] {dag.py:3954} INFO - Setting next_dagrun for data_loading to None, run_after=None
[2026-09-18T10:24:41.426+0000] {processor.py:183} INFO - Processing /opt/airflow/dags/loading_dag.py took 0.085 seconds
[2026-09-18T10:25:11.968+0000] {processor.py:161} INFO - Started process (PID=1031) to work on /opt/airflow/dags/loading_dag.py
[2026-09-18T10:25:11.974+0000] {processor.py:830} INFO - Processing file /opt/airflow/dags/loading_dag.py for tasks to queue
[2026-09-18T10:25:11.974+0000] {logging_mixin.py:188} INFO - [2026-09-18T10:25:11.974+0000] {dagbag.py:545} INFO - Filling up the DagBag from /opt/airflow/dags/loading_dag.py
[2026-09-18T10:25:11.985+0000] {processor.py:840} INFO - DAG(s) 'data_loading' retrieved from /opt/airflow/dags/loading_dag.py
[2026-09-18T10:25:12.011+0000] {logging_mixin.py:188} INFO - [2026-09-18T10:25:12.011+0000] {dag.py:3096} INFO - Sync 1 DAGs
[2026-09-18T10:25:12.032+0000] {logging_mixin.py:188} INFO - [2026-09-18T10:25:12.032+0000] {dag.py:3954} INFO - Setting next_dagrun for data_loading to None, run_after=None
[2026-09-18T10:25:12.059+0000] {processor.py:183} INFO - Processing /opt/airflow/dags/loading_dag.py took 0.097 seconds
[2026-09-18T10:25:42.539+0000] {processor.py:161} INFO - Started process (PID=1039) to work on /opt/airflow/dags/loading_dag.py
[2026-09-18T10:25:42.544+0000] {processor.py:830} INFO - Processing file /opt/airflow/dags/loading_dag.py for tasks to queue
[2026-09-18T10:25:42.545+0000] {logging_mixin.py:188} INFO - [2026-09-18T10:25:42.545+0000] {dagbag.py:545} INFO - Filling up the DagBag from /opt/airflow/dags/loading_dag.py
[2026-09-18T10:25:42.558+0000] {processor.py:840} INFO - DAG(s) 'data_loading' retrieved from /opt/airflow/dags/loading_dag.py
[2026-09-18T10:25:42.585+0000] {logging_mixin.py:188} INFO - [2026-09-18T10:25:42.584+0000] {dag.py:3096} INFO - Sync 1 DAGs
[2026-09-18T10:25:42.605+0000] {logging_mixin.py:188} INFO - [2026-09-18T10:25:42.605+0000] {dag.py:3954} INFO - Setting next_dagrun for data_loading to None, run_after=None
[2026-09-18T10:25:42.630+0000] {processor.py:183} INFO - Processing /opt/airflow/dags/loading_dag.py took 0.098 seconds
[2026-09-18T10:26:13.329+0000] {processor.py:161} INFO - Started process (PID=1047) to work on /opt/airflow/dags/loading_dag.py
[2026-09-18T10:26:13.330+0000] {processor.py:830} INFO - Processing file /opt/airflow/dags/loading_dag.py for tasks to queue
[2026-09-18T10:26:13.331+0000] {logging_mixin.py:188} INFO - [2026-09-18T10:26:13.331+0000] {dagbag.py:545} INFO - Filling up the DagBag from /opt/airflow/dags/loading_dag.py
[2026-09-18T10:26:13.343+0000] {processor.py:840} INFO - DAG(s) 'data_loading' retrieved from /opt/airflow/dags/loading_dag.py
[2026-09-18T10:26:13.370+0000] {logging_mixin.py:188} INFO - [2026-09-18T10:26:13.370+0000] {dag.py:3096} INFO - Sync 1 DAGs
[2026-09-18T10:26:13.391+0000] {logging_mixin.py:188} INFO - [2026-09-18T10:26:13.391+0000] {dag.py:3954} INFO - Setting next_dagrun for data_loading to None, run_after=None
[2026-09-18T10:26:13.417+0000] {processor.py:183} INFO - Processing /opt/airflow/dags/loading_dag.py took 0.096 seconds
[2026-09-18T10:26:43.931+0000] {processor.py:161} INFO - Started process (PID=1056) to work on /opt/airflow/dags/loading_dag.py
[2026-09-18T10:26:43.934+0000] {processor.py:830} INFO - Processing file /opt/airflow/dags/loading_dag.py for tasks to queue
[2026-09-18T10:26:43.938+0000] {logging_mixin.py:188} INFO - [2026-09-18T10:26:43.936+0000] {dagbag.py:545} INFO - Filling up the DagBag from /opt/airflow/dags/loading_dag.py
[2026-09-18T10:26:43.965+0000] {processor.py:840} INFO - DAG(s) 'data_loading' retrieved from /opt/airflow/dags/loading_dag.py
[2026-09-18T10:26:44.009+0000] {logging_mixin.py:188} INFO - [2026-09-18T10:26:44.008+0000] {dag.py:3096} INFO - Sync 1 DAGs
[2026-09-18T10:26:44.039+0000] {logging_mixin.py:188} INFO - [2026-09-18T10:26:44.039+0000] {dag.py:3954} INFO - Setting next_dagrun for data_loading to None, run_after=None
[2026-09-18T10:26:44.067+0000] {processor.py:183} INFO - Processing /opt/airflow/dags/loading_dag.py took 0.152 seconds
[2026-09-18T10:27:14.505+0000] {processor.py:161} INFO - Started process (PID=1064) to work on /opt/airflow/dags/loading_dag.py
[2026-09-18T10:27:14.506+0000] {processor.py:830} INFO - Processing file /opt/airflow/dags/loading_dag.py for tasks to queue
[2026-09-18T10:27:14.507+0000] {logging_mixin.py:188} INFO - [2026-09-18T10:27:14.507+0000] {dagbag.py:545} INFO - Filling up the DagBag from /opt/airflow/dags/loading_dag.py
[2026-09-18T10:27:14.522+0000] {processor.py:840} INFO - DAG(s) 'data_loading' retrieved from /opt/airflow/dags/loading_dag.py
[2026-09-18T10:27:14.551+0000] {logging_mixin.py:188} INFO - [2026-09-18T10:27:14.551+0000] {dag.py:3096} INFO - Sync 1 DAGs
[2026-09-18T10:27:14.574+0000] {logging_mixin.py:188} INFO - [2026-09-18T10:27:14.574+0000] {dag.py:3954} INFO - Setting next_dagrun for data_loading to None, run_after=None
[2026-09-18T10:27:14.599+0000] {processor.py:183} INFO - Processing /opt/airflow/dags/loading_dag.py took 0.103 seconds
[2026-09-18T10:27:45.400+0000] {processor.py:161} INFO - Started process (PID=1072) to work on /opt/airflow/dags/loading_dag.py
[2026-09-18T10:27:45.406+0000] {processor.py:830} INFO - Processing file /opt/airflow/dags/loading_dag.py for tasks to queue
[2026-09-18T10:27:45.407+0000] {logging_mixin.py:188} INFO - [2026-09-18T10:27:45.407+0000] {dagbag.py:545} INFO - Filling up the DagBag from /opt/airflow/dags/loading_dag.py
[2026-09-18T10:27:45.421+0000] {processor.py:840} INFO - DAG(s) 'data_loading' retrieved from /opt/airflow/dags/loading_dag.py
[2026-09-18T10:27:45.454+0000] {logging_mixin.py:188} INFO - [2026-09-18T10:27:45.453+0000] {dag.py:3096} INFO - Sync 1 DAGs
[2026-09-18T10:27:45.477+0000] {logging_mixin.py:188} INFO - [2026-09-18T10:27:45.477+0000] {dag.py:3954} INFO - Setting next_dagrun for data_loading to None, run_after=None
[2026-09-18T10:27:45.502+0000] {processor.py:183} INFO - Processing /opt/airflow/dags/loading_dag.py took 0.110 seconds
[2026-09-18T10:28:15.973+0000] {processor.py:161} INFO - Started process (PID=1080) to work on /opt/airflow/dags/loading_dag.py
[2026-09-18T10:28:15.979+0000] {processor.py:830} INFO - Processing file /opt/airflow/dags/loading_dag.py for tasks to queue
[2026-09-18T10:28:15.980+0000] {logging_mixin.py:188} INFO - [2026-09-18T10:28:15.980+0000] {dagbag.py:545} INFO - Filling up the DagBag from /opt/airflow/dags/loading_dag.py
[2026-09-18T10:28:15.995+0000] {processor.py:840} INFO - DAG(s) 'data_loading' retrieved from /opt/airflow/dags/loading_dag.py
[2026-09-18T10:28:16.026+0000] {logging_mixin.py:188} INFO - [2026-09-18T10:28:16.025+0000] {dag.py:3096} INFO - Sync 1 DAGs
[2026-09-18T10:28:16.051+0000] {logging_mixin.py:188} INFO - [2026-09-18T10:28:16.051+0000] {dag.py:3954} INFO - Setting next_dagrun for data_loading to None, run_after=None
[2026-09-18T10:28:16.077+0000] {processor.py:183} INFO - Processing /opt/airflow/dags/loading_dag.py took 0.112 seconds
[2026-09-18T10:28:46.609+0000] {processor.py:161} INFO - Started process (PID=1094) to work on /opt/airflow/dags/loading_dag.py
[2026-09-18T10:28:46.610+0000] {processor.py:830} INFO - Processing file /opt/airflow/dags/loading_dag.py for tasks to queue
[2026-09-18T10:28:46.611+0000] {logging_mixin.py:188} INFO - [2026-09-18T10:28:46.611+0000] {dagbag.py:545} INFO - Filling up the DagBag from /opt/airflow/dags/loading_dag.py
[2026-09-18T10:28:46.623+0000] {processor.py:840} INFO - DAG(s) 'data_loading' retrieved from /opt/airflow/dags/loading_dag.py
[2026-09-18T10:28:46.654+0000] {logging_mixin.py:188} INFO - [2026-09-18T10:28:46.654+0000] {dag.py:3096} INFO - Sync 1 DAGs
[2026-09-18T10:28:46.676+0000] {logging_mixin.py:188} INFO - [2026-09-18T10:28:46.676+0000] {dag.py:3954} INFO - Setting next_dagrun for data_loading to None, run_after=None
[2026-09-18T10:28:46.700+0000] {processor.py:183} INFO - Processing /opt/airflow/dags/loading_dag.py took 0.100 seconds
[2026-09-18T10:29:17.150+0000] {processor.py:161} INFO - Started process (PID=1102) to work on /opt/airflow/dags/loading_dag.py
[2026-09-18T10:29:17.155+0000] {processor.py:830} INFO - Processing file /opt/airflow/dags/loading_dag.py for tasks to queue
[2026-09-18T10:29:17.156+0000] {logging_mixin.py:188} INFO - [2026-09-18T10:29:17.156+0000] {dagbag.py:545} INFO - Filling up the DagBag from /opt/airflow/dags/loading_dag.py
[2026-09-18T10:29:17.170+0000] {processor.py:840} INFO - DAG(s) 'data_loading' retrieved from /opt/airflow/dags/loading_dag.py
[2026-09-18T10:29:17.198+0000] {logging_mixin.py:188} INFO - [2026-09-18T10:29:17.198+0000] {dag.py:3096} INFO - Sync 1 DAGs
[2026-09-18T10:29:17.221+0000] {logging_mixin.py:188} INFO - [2026-09-18T10:29:17.221+0000] {dag.py:3954} INFO - Setting next_dagrun for data_loading to None, run_after=None
[2026-09-18T10:29:17.248+0000] {processor.py:183} INFO - Processing /opt/airflow/dags/loading_dag.py took 0.104 seconds
[2026-09-18T10:29:47.798+0000] {processor.py:161} INFO - Started process (PID=1110) to work on /opt/airflow/dags/loading_dag.py
[2026-09-18T10:29:47.799+0000] {processor.py:830} INFO - Processing file /opt/airflow/dags/loading_dag.py for tasks to queue
[2026-09-18T10:29:47.799+0000] {logging_mixin.py:188} INFO - [2026-09-18T10:29:47.799+0000] {dagbag.py:545} INFO - Filling up the DagBag from /opt/airflow/dags/loading_dag.py
[2026-09-18T10:29:47.814+0000] {processor.py:840} INFO - DAG(s) 'data_loading' retrieved from /opt/airflow/dags/loading_dag.py
[2026-09-18T10:29:47.846+0000] {logging_mixin.py:188} INFO - [2026-09-18T10:29:47.846+0000] {dag.py:3096} INFO - Sync 1 DAGs
[2026-09-18T10:29:47.868+0000] {logging_mixin.py:188} INFO - [2026-09-18T10:29:47.868+0000] {dag.py:3954} INFO - Setting next_dagrun for data_loading to None, run_after=None
[2026-09-18T10:29:47.892+0000] {processor.py:183} INFO - Processing /opt/airflow/dags/loading_dag.py took 0.103 seconds
[2026-09-18T10:30:18.368+0000] {processor.py:161} INFO - Started process (PID=1118) to work on /opt/airflow/dags/loading_dag.py
[2026-09-18T10:30:18.369+0000] {processor.py:830} INFO - Processing file /opt/airflow/dags/loading_dag.py for tasks to queue
[2026-09-18T10:30:18.370+0000] {logging_mixin.py:188} INFO - [2026-09-18T10:30:18.370+0000] {dagbag.py:545} INFO - Filling up the DagBag from /opt/airflow/dags/loading_dag.py
[2026-09-18T10:30:18.385+0000] {processor.py:840} INFO - DAG(s) 'data_loading' retrieved from /opt/airflow/dags/loading_dag.py
[2026-09-18T10:30:18.412+0000] {logging_mixin.py:188} INFO - [2026-09-18T10:30:18.412+0000] {dag.py:3096} INFO - Sync 1 DAGs
[2026-09-18T10:30:18.435+0000] {logging_mixin.py:188} INFO - [2026-09-18T10:30:18.435+0000] {dag.py:3954} INFO - Setting next_dagrun for data_loading to None, run_after=None
[2026-09-18T10:30:18.460+0000] {processor.py:183} INFO - Processing /opt/airflow/dags/loading_dag.py took 0.100 seconds
[2026-09-18T10:30:48.941+0000] {processor.py:161} INFO - Started process (PID=1126) to work on /opt/airflow/dags/loading_dag.py
[2026-09-18T10:30:48.943+0000] {processor.py:830} INFO - Processing file /opt/airflow/dags/loading_dag.py for tasks to queue
[2026-09-18T10:30:48.943+0000] {logging_mixin.py:188} INFO - [2026-09-18T10:30:48.943+0000] {dagbag.py:545} INFO - Filling up the DagBag from /opt/airflow/dags/loading_dag.py
[2026-09-18T10:30:48.955+0000] {processor.py:840} INFO - DAG(s) 'data_loading' retrieved from /opt/airflow/dags/loading_dag.py
[2026-09-18T10:30:48.984+0000] {logging_mixin.py:188} INFO - [2026-09-18T10:30:48.984+0000] {dag.py:3096} INFO - Sync 1 DAGs
[2026-09-18T10:30:49.006+0000] {logging_mixin.py:188} INFO - [2026-09-18T10:30:49.005+0000] {dag.py:3954} INFO - Setting next_dagrun for data_loading to None, run_after=None
[2026-09-18T10:30:49.032+0000] {processor.py:183} INFO - Processing /opt/airflow/dags/loading_dag.py took 0.097 seconds
[2026-09-18T10:31:19.534+0000] {processor.py:161} INFO - Started process (PID=1134) to work on /opt/airflow/dags/loading_dag.py
[2026-09-18T10:31:19.536+0000] {processor.py:830} INFO - Processing file /opt/airflow/dags/loading_dag.py for tasks to queue
[2026-09-18T10:31:19.537+0000] {logging_mixin.py:188} INFO - [2026-09-18T10:31:19.537+0000] {dagbag.py:545} INFO - Filling up the DagBag from /opt/airflow/dags/loading_dag.py
[2026-09-18T10:31:19.549+0000] {processor.py:840} INFO - DAG(s) 'data_loading' retrieved from /opt/airflow/dags/loading_dag.py
[2026-09-18T10:31:19.577+0000] {logging_mixin.py:188} INFO - [2026-09-18T10:31:19.577+0000] {dag.py:3096} INFO - Sync 1 DAGs
[2026-09-18T10:31:19.599+0000] {logging_mixin.py:188} INFO - [2026-09-18T10:31:19.598+0000] {dag.py:3954} INFO - Setting next_dagrun for data_loading to None, run_after=None
[2026-09-18T10:31:19.626+0000] {processor.py:183} INFO - Processing /opt/airflow/dags/loading_dag.py took 0.098 seconds
[2026-09-18T10:31:50.284+0000] {processor.py:161} INFO - Started process (PID=1142) to work on /opt/airflow/dags/loading_dag.py
[2026-09-18T10:31:50.289+0000] {processor.py:830} INFO - Processing file /opt/airflow/dags/loading_dag.py for tasks to queue
[2026-09-18T10:31:50.290+0000] {logging_mixin.py:188} INFO - [2026-09-18T10:31:50.290+0000] {dagbag.py:545} INFO - Filling up the DagBag from /opt/airflow/dags/loading_dag.py
[2026-09-18T10:31:50.300+0000] {processor.py:840} INFO - DAG(s) 'data_loading' retrieved from /opt/airflow/dags/loading_dag.py
[2026-09-18T10:31:50.326+0000] {logging_mixin.py:188} INFO - [2026-09-18T10:31:50.326+0000] {dag.py:3096} INFO - Sync 1 DAGs
[2026-09-18T10:31:50.349+0000] {logging_mixin.py:188} INFO - [2026-09-18T10:31:50.348+0000] {dag.py:3954} INFO - Setting next_dagrun for data_loading to None, run_after=None
[2026-09-18T10:31:50.379+0000] {processor.py:183} INFO - Processing /opt/airflow/dags/loading_dag.py took 0.102 seconds
[2026-09-18T10:32:20.827+0000] {processor.py:161} INFO - Started process (PID=1150) to work on /opt/airflow/dags/loading_dag.py
[2026-09-18T10:32:20.828+0000] {processor.py:830} INFO - Processing file /opt/airflow/dags/loading_dag.py for tasks to queue
[2026-09-18T10:32:20.830+0000] {logging_mixin.py:188} INFO - [2026-09-18T10:32:20.829+0000] {dagbag.py:545} INFO - Filling up the DagBag from /opt/airflow/dags/loading_dag.py
[2026-09-18T10:32:20.854+0000] {processor.py:840} INFO - DAG(s) 'data_loading' retrieved from /opt/airflow/dags/loading_dag.py
[2026-09-18T10:32:20.897+0000] {logging_mixin.py:188} INFO - [2026-09-18T10:32:20.897+0000] {dag.py:3096} INFO - Sync 1 DAGs
[2026-09-18T10:32:20.926+0000] {logging_mixin.py:188} INFO - [2026-09-18T10:32:20.926+0000] {dag.py:3954} INFO - Setting next_dagrun for data_loading to None, run_after=None
[2026-09-18T10:32:20.950+0000] {processor.py:183} INFO - Processing /opt/airflow/dags/loading_dag.py took 0.142 seconds
[2026-09-18T10:32:51.307+0000] {processor.py:161} INFO - Started process (PID=1158) to work on /opt/airflow/dags/loading_dag.py
[2026-09-18T10:32:51.309+0000] {processor.py:830} INFO - Processing file /opt/airflow/dags/loading_dag.py for tasks to queue
[2026-09-18T10:32:51.310+0000] {logging_mixin.py:188} INFO - [2026-09-18T10:32:51.309+0000] {dagbag.py:545} INFO - Filling up the DagBag from /opt/airflow/dags/loading_dag.py
[2026-09-18T10:32:51.320+0000] {processor.py:840} INFO - DAG(s) 'data_loading' retrieved from /opt/airflow/dags/loading_dag.py
[2026-09-18T10:32:51.347+0000] {logging_mixin.py:188} INFO - [2026-09-18T10:32:51.347+0000] {dag.py:3096} INFO - Sync 1 DAGs
[2026-09-18T10:32:51.367+0000] {logging_mixin.py:188} INFO - [2026-09-18T10:32:51.367+0000] {dag.py:3954} INFO - Setting next_dagrun for data_loading to None, run_after=None
[2026-09-18T10:32:51.392+0000] {processor.py:183} INFO - Processing /opt/airflow/dags/loading_dag.py took 0.092 seconds
[2026-09-18T10:33:21.889+0000] {processor.py:161} INFO - Started process (PID=1166) to work on /opt/airflow/dags/loading_dag.py
[2026-09-18T10:33:21.890+0000] {processor.py:830} INFO - Processing file /opt/airflow/dags/loading_dag.py for tasks to queue
[2026-09-18T10:33:21.890+0000] {logging_mixin.py:188} INFO - [2026-09-18T10:33:21.890+0000] {dagbag.py:545} INFO - Filling up the DagBag from /opt/airflow/dags/loading_dag.py
[2026-09-18T10:33:21.904+0000] {processor.py:840} INFO - DAG(s) 'data_loading' retrieved from /opt/airflow/dags/loading_dag.py
[2026-09-18T10:33:21.932+0000] {logging_mixin.py:188} INFO - [2026-09-18T10:33:21.932+0000] {dag.py:3096} INFO - Sync 1 DAGs
[2026-09-18T10:33:21.956+0000] {logging_mixin.py:188} INFO - [2026-09-18T10:33:21.956+0000] {dag.py:3954} INFO - Setting next_dagrun for data_loading to None, run_after=None
[2026-09-18T10:33:21.983+0000] {processor.py:183} INFO - Processing /opt/airflow/dags/loading_dag.py took 0.100 seconds
[2026-09-18T10:33:52.441+0000] {processor.py:161} INFO - Started process (PID=1174) to work on /opt/airflow/dags/loading_dag.py
[2026-09-18T10:33:52.443+0000] {processor.py:830} INFO - Processing file /opt/airflow/dags/loading_dag.py for tasks to queue
[2026-09-18T10:33:52.443+0000] {logging_mixin.py:188} INFO - [2026-09-18T10:33:52.443+0000] {dagbag.py:545} INFO - Filling up the DagBag from /opt/airflow/dags/loading_dag.py
[2026-09-18T10:33:52.462+0000] {processor.py:840} INFO - DAG(s) 'data_loading' retrieved from /opt/airflow/dags/loading_dag.py
[2026-09-18T10:33:52.499+0000] {logging_mixin.py:188} INFO - [2026-09-18T10:33:52.499+0000] {dag.py:3096} INFO - Sync 1 DAGs
[2026-09-18T10:33:52.527+0000] {logging_mixin.py:188} INFO - [2026-09-18T10:33:52.527+0000] {dag.py:3954} INFO - Setting next_dagrun for data_loading to None, run_after=None
[2026-09-18T10:33:52.556+0000] {processor.py:183} INFO - Processing /opt/airflow/dags/loading_dag.py took 0.122 seconds
[2026-09-18T10:34:22.995+0000] {processor.py:161} INFO - Started process (PID=1182) to work on /opt/airflow/dags/loading_dag.py
[2026-09-18T10:34:22.995+0000] {processor.py:830} INFO - Processing file /opt/airflow/dags/loading_dag.py for tasks to queue
[2026-09-18T10:34:22.997+0000] {logging_mixin.py:188} INFO - [2026-09-18T10:34:22.996+0000] {dagbag.py:545} INFO - Filling up the DagBag from /opt/airflow/dags/loading_dag.py
[2026-09-18T10:34:23.009+0000] {processor.py:840} INFO - DAG(s) 'data_loading' retrieved from /opt/airflow/dags/loading_dag.py
[2026-09-18T10:34:23.038+0000] {logging_mixin.py:188} INFO - [2026-09-18T10:34:23.037+0000] {dag.py:3096} INFO - Sync 1 DAGs
[2026-09-18T10:34:23.056+0000] {logging_mixin.py:188} INFO - [2026-09-18T10:34:23.056+0000] {dag.py:3954} INFO - Setting next_dagrun for data_loading to None, run_after=None
[2026-09-18T10:34:23.080+0000] {processor.py:183} INFO - Processing /opt/airflow/dags/loading_dag.py took 0.092 seconds
[2026-09-18T10:34:53.575+0000] {processor.py:161} INFO - Started process (PID=1196) to work on /opt/airflow/dags/loading_dag.py
[2026-09-18T10:34:53.577+0000] {processor.py:830} INFO - Processing file /opt/airflow/dags/loading_dag.py for tasks to queue
[2026-09-18T10:34:53.578+0000] {logging_mixin.py:188} INFO - [2026-09-18T10:34:53.578+0000] {dagbag.py:545} INFO - Filling up the DagBag from /opt/airflow/dags/loading_dag.py
[2026-09-18T10:34:53.588+0000] {processor.py:840} INFO - DAG(s) 'data_loading' retrieved from /opt/airflow/dags/loading_dag.py
[2026-09-18T10:34:53.612+0000] {logging_mixin.py:188} INFO - [2026-09-18T10:34:53.612+0000] {dag.py:3096} INFO - Sync 1 DAGs
[2026-09-18T10:34:53.634+0000] {logging_mixin.py:188} INFO - [2026-09-18T10:34:53.634+0000] {dag.py:3954} INFO - Setting next_dagrun for data_loading to None, run_after=None
[2026-09-18T10:34:53.663+0000] {processor.py:183} INFO - Processing /opt/airflow/dags/loading_dag.py took 0.095 seconds
[2026-09-18T10:35:24.088+0000] {processor.py:161} INFO - Started process (PID=1204) to work on /opt/airflow/dags/loading_dag.py
[2026-09-18T10:35:24.089+0000] {processor.py:830} INFO - Processing file /opt/airflow/dags/loading_dag.py for tasks to queue
[2026-09-18T10:35:24.089+0000] {logging_mixin.py:188} INFO - [2026-09-18T10:35:24.089+0000] {dagbag.py:545} INFO - Filling up the DagBag from /opt/airflow/dags/loading_dag.py
[2026-09-18T10:35:24.101+0000] {processor.py:840} INFO - DAG(s) 'data_loading' retrieved from /opt/airflow/dags/loading_dag.py
[2026-09-18T10:35:24.126+0000] {logging_mixin.py:188} INFO - [2026-09-18T10:35:24.126+0000] {dag.py:3096} INFO - Sync 1 DAGs
[2026-09-18T10:35:24.144+0000] {logging_mixin.py:188} INFO - [2026-09-18T10:35:24.143+0000] {dag.py:3954} INFO - Setting next_dagrun for data_loading to None, run_after=None
[2026-09-18T10:35:24.166+0000] {processor.py:183} INFO - Processing /opt/airflow/dags/loading_dag.py took 0.084 seconds
[2026-09-18T10:35:54.806+0000] {processor.py:161} INFO - Started process (PID=1212) to work on /opt/airflow/dags/loading_dag.py
[2026-09-18T10:35:54.811+0000] {processor.py:830} INFO - Processing file /opt/airflow/dags/loading_dag.py for tasks to queue
[2026-09-18T10:35:54.812+0000] {logging_mixin.py:188} INFO - [2026-09-18T10:35:54.812+0000] {dagbag.py:545} INFO - Filling up the DagBag from /opt/airflow/dags/loading_dag.py
[2026-09-18T10:35:54.825+0000] {processor.py:840} INFO - DAG(s) 'data_loading' retrieved from /opt/airflow/dags/loading_dag.py
[2026-09-18T10:35:54.851+0000] {logging_mixin.py:188} INFO - [2026-09-18T10:35:54.851+0000] {dag.py:3096} INFO - Sync 1 DAGs
[2026-09-18T10:35:54.872+0000] {logging_mixin.py:188} INFO - [2026-09-18T10:35:54.871+0000] {dag.py:3954} INFO - Setting next_dagrun for data_loading to None, run_after=None
[2026-09-18T10:35:54.898+0000] {processor.py:183} INFO - Processing /opt/airflow/dags/loading_dag.py took 0.098 seconds
[2026-09-18T10:36:25.429+0000] {processor.py:161} INFO - Started process (PID=1220) to work on /opt/airflow/dags/loading_dag.py
[2026-09-18T10:36:25.434+0000] {processor.py:830} INFO - Processing file /opt/airflow/dags/loading_dag.py for tasks to queue
[2026-09-18T10:36:25.435+0000] {logging_mixin.py:188} INFO - [2026-09-18T10:36:25.435+0000] {dagbag.py:545} INFO - Filling up the DagBag from /opt/airflow/dags/loading_dag.py
[2026-09-18T10:36:25.448+0000] {processor.py:840} INFO - DAG(s) 'data_loading' retrieved from /opt/airflow/dags/loading_dag.py
[2026-09-18T10:36:25.476+0000] {logging_mixin.py:188} INFO - [2026-09-18T10:36:25.475+0000] {dag.py:3096} INFO - Sync 1 DAGs
[2026-09-18T10:36:25.497+0000] {logging_mixin.py:188} INFO - [2026-09-18T10:36:25.497+0000] {dag.py:3954} INFO - Setting next_dagrun for data_loading to None, run_after=None
[2026-09-18T10:36:25.519+0000] {processor.py:183} INFO - Processing /opt/airflow/dags/loading_dag.py took 0.097 seconds
[2026-09-18T10:36:56.091+0000] {processor.py:161} INFO - Started process (PID=1228) to work on /opt/airflow/dags/loading_dag.py
[2026-09-18T10:36:56.092+0000] {processor.py:830} INFO - Processing file /opt/airflow/dags/loading_dag.py for tasks to queue
[2026-09-18T10:36:56.093+0000] {logging_mixin.py:188} INFO - [2026-09-18T10:36:56.092+0000] {dagbag.py:545} INFO - Filling up the DagBag from /opt/airflow/dags/loading_dag.py
[2026-09-18T10:36:56.104+0000] {processor.py:840} INFO - DAG(s) 'data_loading' retrieved from /opt/airflow/dags/loading_dag.py
[2026-09-18T10:36:56.131+0000] {logging_mixin.py:188} INFO - [2026-09-18T10:36:56.130+0000] {dag.py:3096} INFO - Sync 1 DAGs
[2026-09-18T10:36:56.150+0000] {logging_mixin.py:188} INFO - [2026-09-18T10:36:56.149+0000] {dag.py:3954} INFO - Setting next_dagrun for data_loading to None, run_after=None
[2026-09-18T10:36:56.173+0000] {processor.py:183} INFO - Processing /opt/airflow/dags/loading_dag.py took 0.089 seconds
[2026-09-18T10:37:26.699+0000] {processor.py:161} INFO - Started process (PID=1236) to work on /opt/airflow/dags/loading_dag.py
[2026-09-18T10:37:26.705+0000] {processor.py:830} INFO - Processing file /opt/airflow/dags/loading_dag.py for tasks to queue
[2026-09-18T10:37:26.706+0000] {logging_mixin.py:188} INFO - [2026-09-18T10:37:26.706+0000] {dagbag.py:545} INFO - Filling up the DagBag from /opt/airflow/dags/loading_dag.py
[2026-09-18T10:37:26.719+0000] {processor.py:840} INFO - DAG(s) 'data_loading' retrieved from /opt/airflow/dags/loading_dag.py
[2026-09-18T10:37:26.746+0000] {logging_mixin.py:188} INFO - [2026-09-18T10:37:26.745+0000] {dag.py:3096} INFO - Sync 1 DAGs
[2026-09-18T10:37:26.766+0000] {logging_mixin.py:188} INFO - [2026-09-18T10:37:26.765+0000] {dag.py:3954} INFO - Setting next_dagrun for data_loading to None, run_after=None
[2026-09-18T10:37:26.791+0000] {processor.py:183} INFO - Processing /opt/airflow/dags/loading_dag.py took 0.102 seconds
[2026-09-18T10:37:57.437+0000] {processor.py:161} INFO - Started process (PID=1244) to work on /opt/airflow/dags/loading_dag.py
[2026-09-18T10:37:57.442+0000] {processor.py:830} INFO - Processing file /opt/airflow/dags/loading_dag.py for tasks to queue
[2026-09-18T10:37:57.443+0000] {logging_mixin.py:188} INFO - [2026-09-18T10:37:57.443+0000] {dagbag.py:545} INFO - Filling up the DagBag from /opt/airflow/dags/loading_dag.py
[2026-09-18T10:37:57.453+0000] {processor.py:840} INFO - DAG(s) 'data_loading' retrieved from /opt/airflow/dags/loading_dag.py
[2026-09-18T10:37:57.476+0000] {logging_mixin.py:188} INFO - [2026-09-18T10:37:57.476+0000] {dag.py:3096} INFO - Sync 1 DAGs
[2026-09-18T10:37:57.495+0000] {logging_mixin.py:188} INFO - [2026-09-18T10:37:57.494+0000] {dag.py:3954} INFO - Setting next_dagrun for data_loading to None, run_after=None
[2026-09-18T10:37:57.520+0000] {processor.py:183} INFO - Processing /opt/airflow/dags/loading_dag.py took 0.089 seconds
[2026-09-18T10:38:27.958+0000] {processor.py:161} INFO - Started process (PID=1252) to work on /opt/airflow/dags/loading_dag.py
[2026-09-18T10:38:27.959+0000] {processor.py:830} INFO - Processing file /opt/airflow/dags/loading_dag.py for tasks to queue
[2026-09-18T10:38:27.960+0000] {logging_mixin.py:188} INFO - [2026-09-18T10:38:27.959+0000] {dagbag.py:545} INFO - Filling up the DagBag from /opt/airflow/dags/loading_dag.py
[2026-09-18T10:38:27.970+0000] {processor.py:840} INFO - DAG(s) 'data_loading' retrieved from /opt/airflow/dags/loading_dag.py
[2026-09-18T10:38:27.995+0000] {logging_mixin.py:188} INFO - [2026-09-18T10:38:27.995+0000] {dag.py:3096} INFO - Sync 1 DAGs
[2026-09-18T10:38:28.015+0000] {logging_mixin.py:188} INFO - [2026-09-18T10:38:28.014+0000] {dag.py:3954} INFO - Setting next_dagrun for data_loading to None, run_after=None
[2026-09-18T10:38:28.041+0000] {processor.py:183} INFO - Processing /opt/airflow/dags/loading_dag.py took 0.090 seconds
[2026-09-18T10:38:58.519+0000] {processor.py:161} INFO - Started process (PID=1260) to work on /opt/airflow/dags/loading_dag.py
[2026-09-18T10:38:58.520+0000] {processor.py:830} INFO - Processing file /opt/airflow/dags/loading_dag.py for tasks to queue
[2026-09-18T10:38:58.521+0000] {logging_mixin.py:188} INFO - [2026-09-18T10:38:58.521+0000] {dagbag.py:545} INFO - Filling up the DagBag from /opt/airflow/dags/loading_dag.py
[2026-09-18T10:38:58.532+0000] {processor.py:840} INFO - DAG(s) 'data_loading' retrieved from /opt/airflow/dags/loading_dag.py
[2026-09-18T10:38:58.558+0000] {logging_mixin.py:188} INFO - [2026-09-18T10:38:58.558+0000] {dag.py:3096} INFO - Sync 1 DAGs
[2026-09-18T10:38:58.576+0000] {logging_mixin.py:188} INFO - [2026-09-18T10:38:58.576+0000] {dag.py:3954} INFO - Setting next_dagrun for data_loading to None, run_after=None
[2026-09-18T10:38:58.600+0000] {processor.py:183} INFO - Processing /opt/airflow/dags/loading_dag.py took 0.093 seconds
[2026-09-18T10:39:29.036+0000] {processor.py:161} INFO - Started process (PID=1268) to work on /opt/airflow/dags/loading_dag.py
[2026-09-18T10:39:29.037+0000] {processor.py:830} INFO - Processing file /opt/airflow/dags/loading_dag.py for tasks to queue
[2026-09-18T10:39:29.038+0000] {logging_mixin.py:188} INFO - [2026-09-18T10:39:29.038+0000] {dagbag.py:545} INFO - Filling up the DagBag from /opt/airflow/dags/loading_dag.py
[2026-09-18T10:39:29.049+0000] {processor.py:840} INFO - DAG(s) 'data_loading' retrieved from /opt/airflow/dags/loading_dag.py
[2026-09-18T10:39:29.076+0000] {logging_mixin.py:188} INFO - [2026-09-18T10:39:29.076+0000] {dag.py:3096} INFO - Sync 1 DAGs
[2026-09-18T10:39:29.095+0000] {logging_mixin.py:188} INFO - [2026-09-18T10:39:29.095+0000] {dag.py:3954} INFO - Setting next_dagrun for data_loading to None, run_after=None
[2026-09-18T10:39:29.119+0000] {processor.py:183} INFO - Processing /opt/airflow/dags/loading_dag.py took 0.089 seconds
[2026-09-18T10:39:59.628+0000] {processor.py:161} INFO - Started process (PID=1276) to work on /opt/airflow/dags/loading_dag.py
[2026-09-18T10:39:59.633+0000] {processor.py:830} INFO - Processing file /opt/airflow/dags/loading_dag.py for tasks to queue
[2026-09-18T10:39:59.634+0000] {logging_mixin.py:188} INFO - [2026-09-18T10:39:59.634+0000] {dagbag.py:545} INFO - Filling up the DagBag from /opt/airflow/dags/loading_dag.py
[2026-09-18T10:39:59.646+0000] {processor.py:840} INFO - DAG(s) 'data_loading' retrieved from /opt/airflow/dags/loading_dag.py
[2026-09-18T10:39:59.673+0000] {logging_mixin.py:188} INFO - [2026-09-18T10:39:59.673+0000] {dag.py:3096} INFO - Sync 1 DAGs
[2026-09-18T10:39:59.692+0000] {logging_mixin.py:188} INFO - [2026-09-18T10:39:59.692+0000] {dag.py:3954} INFO - Setting next_dagrun for data_loading to None, run_after=None
[2026-09-18T10:39:59.716+0000] {processor.py:183} INFO - Processing /opt/airflow/dags/loading_dag.py took 0.096 seconds
[2026-09-18T10:40:30.093+0000] {processor.py:161} INFO - Started process (PID=1284) to work on /opt/airflow/dags/loading_dag.py
[2026-09-18T10:40:30.095+0000] {processor.py:830} INFO - Processing file /opt/airflow/dags/loading_dag.py for tasks to queue
[2026-09-18T10:40:30.095+0000] {logging_mixin.py:188} INFO - [2026-09-18T10:40:30.095+0000] {dagbag.py:545} INFO - Filling up the DagBag from /opt/airflow/dags/loading_dag.py
[2026-09-18T10:40:30.106+0000] {processor.py:840} INFO - DAG(s) 'data_loading' retrieved from /opt/airflow/dags/loading_dag.py
[2026-09-18T10:40:30.130+0000] {logging_mixin.py:188} INFO - [2026-09-18T10:40:30.130+0000] {dag.py:3096} INFO - Sync 1 DAGs
[2026-09-18T10:40:30.148+0000] {logging_mixin.py:188} INFO - [2026-09-18T10:40:30.147+0000] {dag.py:3954} INFO - Setting next_dagrun for data_loading to None, run_after=None
[2026-09-18T10:40:30.171+0000] {processor.py:183} INFO - Processing /opt/airflow/dags/loading_dag.py took 0.084 seconds
[2026-09-18T10:41:00.616+0000] {processor.py:161} INFO - Started process (PID=1292) to work on /opt/airflow/dags/loading_dag.py
[2026-09-18T10:41:00.621+0000] {processor.py:830} INFO - Processing file /opt/airflow/dags/loading_dag.py for tasks to queue
[2026-09-18T10:41:00.622+0000] {logging_mixin.py:188} INFO - [2026-09-18T10:41:00.622+0000] {dagbag.py:545} INFO - Filling up the DagBag from /opt/airflow/dags/loading_dag.py
[2026-09-18T10:41:00.635+0000] {processor.py:840} INFO - DAG(s) 'data_loading' retrieved from /opt/airflow/dags/loading_dag.py
[2026-09-18T10:41:00.661+0000] {logging_mixin.py:188} INFO - [2026-09-18T10:41:00.660+0000] {dag.py:3096} INFO - Sync 1 DAGs
[2026-09-18T10:41:00.683+0000] {logging_mixin.py:188} INFO - [2026-09-18T10:41:00.683+0000] {dag.py:3954} INFO - Setting next_dagrun for data_loading to None, run_after=None
[2026-09-18T10:41:00.708+0000] {processor.py:183} INFO - Processing /opt/airflow/dags/loading_dag.py took 0.098 seconds
[2026-09-18T10:41:31.119+0000] {processor.py:161} INFO - Started process (PID=1306) to work on /opt/airflow/dags/loading_dag.py
[2026-09-18T10:41:31.120+0000] {processor.py:830} INFO - Processing file /opt/airflow/dags/loading_dag.py for tasks to queue
[2026-09-18T10:41:31.122+0000] {logging_mixin.py:188} INFO - [2026-09-18T10:41:31.121+0000] {dagbag.py:545} INFO - Filling up the DagBag from /opt/airflow/dags/loading_dag.py
[2026-09-18T10:41:31.143+0000] {processor.py:840} INFO - DAG(s) 'data_loading' retrieved from /opt/airflow/dags/loading_dag.py
[2026-09-18T10:41:31.177+0000] {logging_mixin.py:188} INFO - [2026-09-18T10:41:31.176+0000] {dag.py:3096} INFO - Sync 1 DAGs
[2026-09-18T10:41:31.201+0000] {logging_mixin.py:188} INFO - [2026-09-18T10:41:31.200+0000] {dag.py:3954} INFO - Setting next_dagrun for data_loading to None, run_after=None
[2026-09-18T10:41:31.225+0000] {processor.py:183} INFO - Processing /opt/airflow/dags/loading_dag.py took 0.114 seconds
[2026-09-18T10:42:01.642+0000] {processor.py:161} INFO - Started process (PID=1314) to work on /opt/airflow/dags/loading_dag.py
[2026-09-18T10:42:01.647+0000] {processor.py:830} INFO - Processing file /opt/airflow/dags/loading_dag.py for tasks to queue
[2026-09-18T10:42:01.648+0000] {logging_mixin.py:188} INFO - [2026-09-18T10:42:01.648+0000] {dagbag.py:545} INFO - Filling up the DagBag from /opt/airflow/dags/loading_dag.py
[2026-09-18T10:42:01.658+0000] {processor.py:840} INFO - DAG(s) 'data_loading' retrieved from /opt/airflow/dags/loading_dag.py
[2026-09-18T10:42:01.685+0000] {logging_mixin.py:188} INFO - [2026-09-18T10:42:01.684+0000] {dag.py:3096} INFO - Sync 1 DAGs
[2026-09-18T10:42:01.711+0000] {logging_mixin.py:188} INFO - [2026-09-18T10:42:01.710+0000] {dag.py:3954} INFO - Setting next_dagrun for data_loading to None, run_after=None
[2026-09-18T10:42:01.734+0000] {processor.py:183} INFO - Processing /opt/airflow/dags/loading_dag.py took 0.098 seconds
[2026-09-18T10:42:32.217+0000] {processor.py:161} INFO - Started process (PID=1322) to work on /opt/airflow/dags/loading_dag.py
[2026-09-18T10:42:32.222+0000] {processor.py:830} INFO - Processing file /opt/airflow/dags/loading_dag.py for tasks to queue
[2026-09-18T10:42:32.223+0000] {logging_mixin.py:188} INFO - [2026-09-18T10:42:32.223+0000] {dagbag.py:545} INFO - Filling up the DagBag from /opt/airflow/dags/loading_dag.py
[2026-09-18T10:42:32.236+0000] {processor.py:840} INFO - DAG(s) 'data_loading' retrieved from /opt/airflow/dags/loading_dag.py
[2026-09-18T10:42:32.260+0000] {logging_mixin.py:188} INFO - [2026-09-18T10:42:32.259+0000] {dag.py:3096} INFO - Sync 1 DAGs
[2026-09-18T10:42:32.277+0000] {logging_mixin.py:188} INFO - [2026-09-18T10:42:32.277+0000] {dag.py:3954} INFO - Setting next_dagrun for data_loading to None, run_after=None
[2026-09-18T10:42:32.299+0000] {processor.py:183} INFO - Processing /opt/airflow/dags/loading_dag.py took 0.089 seconds
[2026-09-18T10:43:02.714+0000] {processor.py:161} INFO - Started process (PID=1331) to work on /opt/airflow/dags/loading_dag.py
[2026-09-18T10:43:02.716+0000] {processor.py:830} INFO - Processing file /opt/airflow/dags/loading_dag.py for tasks to queue
[2026-09-18T10:43:02.716+0000] {logging_mixin.py:188} INFO - [2026-09-18T10:43:02.716+0000] {dagbag.py:545} INFO - Filling up the DagBag from /opt/airflow/dags/loading_dag.py
[2026-09-18T10:43:02.729+0000] {processor.py:840} INFO - DAG(s) 'data_loading' retrieved from /opt/airflow/dags/loading_dag.py
[2026-09-18T10:43:02.756+0000] {logging_mixin.py:188} INFO - [2026-09-18T10:43:02.756+0000] {dag.py:3096} INFO - Sync 1 DAGs
[2026-09-18T10:43:02.775+0000] {logging_mixin.py:188} INFO - [2026-09-18T10:43:02.775+0000] {dag.py:3954} INFO - Setting next_dagrun for data_loading to None, run_after=None
[2026-09-18T10:43:02.795+0000] {processor.py:183} INFO - Processing /opt/airflow/dags/loading_dag.py took 0.088 seconds
[2026-09-18T10:43:33.189+0000] {processor.py:161} INFO - Started process (PID=1339) to work on /opt/airflow/dags/loading_dag.py
[2026-09-18T10:43:33.190+0000] {processor.py:830} INFO - Processing file /opt/airflow/dags/loading_dag.py for tasks to queue
[2026-09-18T10:43:33.191+0000] {logging_mixin.py:188} INFO - [2026-09-18T10:43:33.191+0000] {dagbag.py:545} INFO - Filling up the DagBag from /opt/airflow/dags/loading_dag.py
[2026-09-18T10:43:33.201+0000] {processor.py:840} INFO - DAG(s) 'data_loading' retrieved from /opt/airflow/dags/loading_dag.py
[2026-09-18T10:43:33.232+0000] {logging_mixin.py:188} INFO - [2026-09-18T10:43:33.231+0000] {dag.py:3096} INFO - Sync 1 DAGs
[2026-09-18T10:43:33.253+0000] {logging_mixin.py:188} INFO - [2026-09-18T10:43:33.253+0000] {dag.py:3954} INFO - Setting next_dagrun for data_loading to None, run_after=None
[2026-09-18T10:43:33.275+0000] {processor.py:183} INFO - Processing /opt/airflow/dags/loading_dag.py took 0.093 seconds
[2026-09-18T10:44:03.974+0000] {processor.py:161} INFO - Started process (PID=1347) to work on /opt/airflow/dags/loading_dag.py
[2026-09-18T10:44:03.975+0000] {processor.py:830} INFO - Processing file /opt/airflow/dags/loading_dag.py for tasks to queue
[2026-09-18T10:44:03.976+0000] {logging_mixin.py:188} INFO - [2026-09-18T10:44:03.976+0000] {dagbag.py:545} INFO - Filling up the DagBag from /opt/airflow/dags/loading_dag.py
[2026-09-18T10:44:03.989+0000] {processor.py:840} INFO - DAG(s) 'data_loading' retrieved from /opt/airflow/dags/loading_dag.py
[2026-09-18T10:44:04.018+0000] {logging_mixin.py:188} INFO - [2026-09-18T10:44:04.018+0000] {dag.py:3096} INFO - Sync 1 DAGs
[2026-09-18T10:44:04.038+0000] {logging_mixin.py:188} INFO - [2026-09-18T10:44:04.038+0000] {dag.py:3954} INFO - Setting next_dagrun for data_loading to None, run_after=None
[2026-09-18T10:44:04.058+0000] {processor.py:183} INFO - Processing /opt/airflow/dags/loading_dag.py took 0.090 seconds
[2026-09-18T10:44:34.685+0000] {processor.py:161} INFO - Started process (PID=1355) to work on /opt/airflow/dags/loading_dag.py
[2026-09-18T10:44:34.687+0000] {processor.py:830} INFO - Processing file /opt/airflow/dags/loading_dag.py for tasks to queue
[2026-09-18T10:44:34.688+0000] {logging_mixin.py:188} INFO - [2026-09-18T10:44:34.687+0000] {dagbag.py:545} INFO - Filling up the DagBag from /opt/airflow/dags/loading_dag.py
[2026-09-18T10:44:34.698+0000] {processor.py:840} INFO - DAG(s) 'data_loading' retrieved from /opt/airflow/dags/loading_dag.py
[2026-09-18T10:44:34.721+0000] {logging_mixin.py:188} INFO - [2026-09-18T10:44:34.721+0000] {dag.py:3096} INFO - Sync 1 DAGs
[2026-09-18T10:44:34.743+0000] {logging_mixin.py:188} INFO - [2026-09-18T10:44:34.743+0000] {dag.py:3954} INFO - Setting next_dagrun for data_loading to None, run_after=None
[2026-09-18T10:44:34.762+0000] {processor.py:183} INFO - Processing /opt/airflow/dags/loading_dag.py took 0.083 seconds
[2026-09-18T10:45:05.193+0000] {processor.py:161} INFO - Started process (PID=1363) to work on /opt/airflow/dags/loading_dag.py
[2026-09-18T10:45:05.194+0000] {processor.py:830} INFO - Processing file /opt/airflow/dags/loading_dag.py for tasks to queue
[2026-09-18T10:45:05.195+0000] {logging_mixin.py:188} INFO - [2026-09-18T10:45:05.195+0000] {dagbag.py:545} INFO - Filling up the DagBag from /opt/airflow/dags/loading_dag.py
[2026-09-18T10:45:05.212+0000] {processor.py:840} INFO - DAG(s) 'data_loading' retrieved from /opt/airflow/dags/loading_dag.py
[2026-09-18T10:45:05.242+0000] {logging_mixin.py:188} INFO - [2026-09-18T10:45:05.242+0000] {dag.py:3096} INFO - Sync 1 DAGs
[2026-09-18T10:45:05.266+0000] {logging_mixin.py:188} INFO - [2026-09-18T10:45:05.266+0000] {dag.py:3954} INFO - Setting next_dagrun for data_loading to None, run_after=None
[2026-09-18T10:45:05.311+0000] {processor.py:183} INFO - Processing /opt/airflow/dags/loading_dag.py took 0.127 seconds
[2026-09-18T10:45:35.693+0000] {processor.py:161} INFO - Started process (PID=1371) to work on /opt/airflow/dags/loading_dag.py
[2026-09-18T10:45:35.695+0000] {processor.py:830} INFO - Processing file /opt/airflow/dags/loading_dag.py for tasks to queue
[2026-09-18T10:45:35.696+0000] {logging_mixin.py:188} INFO - [2026-09-18T10:45:35.695+0000] {dagbag.py:545} INFO - Filling up the DagBag from /opt/airflow/dags/loading_dag.py
[2026-09-18T10:45:35.708+0000] {processor.py:840} INFO - DAG(s) 'data_loading' retrieved from /opt/airflow/dags/loading_dag.py
[2026-09-18T10:45:35.743+0000] {logging_mixin.py:188} INFO - [2026-09-18T10:45:35.743+0000] {dag.py:3096} INFO - Sync 1 DAGs
[2026-09-18T10:45:35.766+0000] {logging_mixin.py:188} INFO - [2026-09-18T10:45:35.766+0000] {dag.py:3954} INFO - Setting next_dagrun for data_loading to None, run_after=None
[2026-09-18T10:45:35.795+0000] {processor.py:183} INFO - Processing /opt/airflow/dags/loading_dag.py took 0.110 seconds
[2026-09-18T10:46:06.202+0000] {processor.py:161} INFO - Started process (PID=1379) to work on /opt/airflow/dags/loading_dag.py
[2026-09-18T10:46:06.202+0000] {processor.py:830} INFO - Processing file /opt/airflow/dags/loading_dag.py for tasks to queue
[2026-09-18T10:46:06.203+0000] {logging_mixin.py:188} INFO - [2026-09-18T10:46:06.203+0000] {dagbag.py:545} INFO - Filling up the DagBag from /opt/airflow/dags/loading_dag.py
[2026-09-18T10:46:06.215+0000] {processor.py:840} INFO - DAG(s) 'data_loading' retrieved from /opt/airflow/dags/loading_dag.py
[2026-09-18T10:46:06.241+0000] {logging_mixin.py:188} INFO - [2026-09-18T10:46:06.241+0000] {dag.py:3096} INFO - Sync 1 DAGs
[2026-09-18T10:46:06.263+0000] {logging_mixin.py:188} INFO - [2026-09-18T10:46:06.263+0000] {dag.py:3954} INFO - Setting next_dagrun for data_loading to None, run_after=None
[2026-09-18T10:46:06.284+0000] {processor.py:183} INFO - Processing /opt/airflow/dags/loading_dag.py took 0.089 seconds
[2026-09-18T10:46:36.788+0000] {processor.py:161} INFO - Started process (PID=1387) to work on /opt/airflow/dags/loading_dag.py
[2026-09-18T10:46:36.790+0000] {processor.py:830} INFO - Processing file /opt/airflow/dags/loading_dag.py for tasks to queue
[2026-09-18T10:46:36.792+0000] {logging_mixin.py:188} INFO - [2026-09-18T10:46:36.791+0000] {dagbag.py:545} INFO - Filling up the DagBag from /opt/airflow/dags/loading_dag.py
[2026-09-18T10:46:36.805+0000] {processor.py:840} INFO - DAG(s) 'data_loading' retrieved from /opt/airflow/dags/loading_dag.py
[2026-09-18T10:46:36.841+0000] {logging_mixin.py:188} INFO - [2026-09-18T10:46:36.841+0000] {dag.py:3096} INFO - Sync 1 DAGs
[2026-09-18T10:46:36.877+0000] {logging_mixin.py:188} INFO - [2026-09-18T10:46:36.877+0000] {dag.py:3954} INFO - Setting next_dagrun for data_loading to None, run_after=None
[2026-09-18T10:46:36.919+0000] {processor.py:183} INFO - Processing /opt/airflow/dags/loading_dag.py took 0.139 seconds
[2026-09-18T10:47:07.404+0000] {processor.py:161} INFO - Started process (PID=1395) to work on /opt/airflow/dags/loading_dag.py
[2026-09-18T10:47:07.405+0000] {processor.py:830} INFO - Processing file /opt/airflow/dags/loading_dag.py for tasks to queue
[2026-09-18T10:47:07.406+0000] {logging_mixin.py:188} INFO - [2026-09-18T10:47:07.406+0000] {dagbag.py:545} INFO - Filling up the DagBag from /opt/airflow/dags/loading_dag.py
[2026-09-18T10:47:07.419+0000] {processor.py:840} INFO - DAG(s) 'data_loading' retrieved from /opt/airflow/dags/loading_dag.py
[2026-09-18T10:47:07.447+0000] {logging_mixin.py:188} INFO - [2026-09-18T10:47:07.447+0000] {dag.py:3096} INFO - Sync 1 DAGs
[2026-09-18T10:47:07.468+0000] {logging_mixin.py:188} INFO - [2026-09-18T10:47:07.468+0000] {dag.py:3954} INFO - Setting next_dagrun for data_loading to None, run_after=None
[2026-09-18T10:47:07.495+0000] {processor.py:183} INFO - Processing /opt/airflow/dags/loading_dag.py took 0.098 seconds
[2026-09-18T10:47:37.931+0000] {processor.py:161} INFO - Started process (PID=1409) to work on /opt/airflow/dags/loading_dag.py
[2026-09-18T10:47:37.937+0000] {processor.py:830} INFO - Processing file /opt/airflow/dags/loading_dag.py for tasks to queue
[2026-09-18T10:47:37.937+0000] {logging_mixin.py:188} INFO - [2026-09-18T10:47:37.937+0000] {dagbag.py:545} INFO - Filling up the DagBag from /opt/airflow/dags/loading_dag.py
[2026-09-18T10:47:37.947+0000] {processor.py:840} INFO - DAG(s) 'data_loading' retrieved from /opt/airflow/dags/loading_dag.py
[2026-09-18T10:47:37.973+0000] {logging_mixin.py:188} INFO - [2026-09-18T10:47:37.973+0000] {dag.py:3096} INFO - Sync 1 DAGs
[2026-09-18T10:47:37.994+0000] {logging_mixin.py:188} INFO - [2026-09-18T10:47:37.994+0000] {dag.py:3954} INFO - Setting next_dagrun for data_loading to None, run_after=None
[2026-09-18T10:47:38.013+0000] {processor.py:183} INFO - Processing /opt/airflow/dags/loading_dag.py took 0.087 seconds
[2026-09-18T10:48:08.509+0000] {processor.py:161} INFO - Started process (PID=1417) to work on /opt/airflow/dags/loading_dag.py
[2026-09-18T10:48:08.515+0000] {processor.py:830} INFO - Processing file /opt/airflow/dags/loading_dag.py for tasks to queue
[2026-09-18T10:48:08.516+0000] {logging_mixin.py:188} INFO - [2026-09-18T10:48:08.515+0000] {dagbag.py:545} INFO - Filling up the DagBag from /opt/airflow/dags/loading_dag.py
[2026-09-18T10:48:08.526+0000] {processor.py:840} INFO - DAG(s) 'data_loading' retrieved from /opt/airflow/dags/loading_dag.py
[2026-09-18T10:48:08.549+0000] {logging_mixin.py:188} INFO - [2026-09-18T10:48:08.549+0000] {dag.py:3096} INFO - Sync 1 DAGs
[2026-09-18T10:48:08.567+0000] {logging_mixin.py:188} INFO - [2026-09-18T10:48:08.567+0000] {dag.py:3954} INFO - Setting next_dagrun for data_loading to None, run_after=None
[2026-09-18T10:48:08.590+0000] {processor.py:183} INFO - Processing /opt/airflow/dags/loading_dag.py took 0.087 seconds
[2026-09-18T10:48:39.025+0000] {processor.py:161} INFO - Started process (PID=1425) to work on /opt/airflow/dags/loading_dag.py
[2026-09-18T10:48:39.026+0000] {processor.py:830} INFO - Processing file /opt/airflow/dags/loading_dag.py for tasks to queue
[2026-09-18T10:48:39.026+0000] {logging_mixin.py:188} INFO - [2026-09-18T10:48:39.026+0000] {dagbag.py:545} INFO - Filling up the DagBag from /opt/airflow/dags/loading_dag.py
[2026-09-18T10:48:39.037+0000] {processor.py:840} INFO - DAG(s) 'data_loading' retrieved from /opt/airflow/dags/loading_dag.py
[2026-09-18T10:48:39.068+0000] {logging_mixin.py:188} INFO - [2026-09-18T10:48:39.068+0000] {dag.py:3096} INFO - Sync 1 DAGs
[2026-09-18T10:48:39.091+0000] {logging_mixin.py:188} INFO - [2026-09-18T10:48:39.091+0000] {dag.py:3954} INFO - Setting next_dagrun for data_loading to None, run_after=None
[2026-09-18T10:48:39.118+0000] {processor.py:183} INFO - Processing /opt/airflow/dags/loading_dag.py took 0.100 seconds
[2026-09-18T10:49:09.575+0000] {processor.py:161} INFO - Started process (PID=1433) to work on /opt/airflow/dags/loading_dag.py
[2026-09-18T10:49:09.580+0000] {processor.py:830} INFO - Processing file /opt/airflow/dags/loading_dag.py for tasks to queue
[2026-09-18T10:49:09.581+0000] {logging_mixin.py:188} INFO - [2026-09-18T10:49:09.581+0000] {dagbag.py:545} INFO - Filling up the DagBag from /opt/airflow/dags/loading_dag.py
[2026-09-18T10:49:09.592+0000] {processor.py:840} INFO - DAG(s) 'data_loading' retrieved from /opt/airflow/dags/loading_dag.py
[2026-09-18T10:49:09.619+0000] {logging_mixin.py:188} INFO - [2026-09-18T10:49:09.619+0000] {dag.py:3096} INFO - Sync 1 DAGs
[2026-09-18T10:49:09.639+0000] {logging_mixin.py:188} INFO - [2026-09-18T10:49:09.639+0000] {dag.py:3954} INFO - Setting next_dagrun for data_loading to None, run_after=None
[2026-09-18T10:49:09.663+0000] {processor.py:183} INFO - Processing /opt/airflow/dags/loading_dag.py took 0.095 seconds
[2026-09-18T10:49:40.074+0000] {processor.py:161} INFO - Started process (PID=1441) to work on /opt/airflow/dags/loading_dag.py
[2026-09-18T10:49:40.074+0000] {processor.py:830} INFO - Processing file /opt/airflow/dags/loading_dag.py for tasks to queue
[2026-09-18T10:49:40.075+0000] {logging_mixin.py:188} INFO - [2026-09-18T10:49:40.075+0000] {dagbag.py:545} INFO - Filling up the DagBag from /opt/airflow/dags/loading_dag.py
[2026-09-18T10:49:40.094+0000] {processor.py:840} INFO - DAG(s) 'data_loading' retrieved from /opt/airflow/dags/loading_dag.py
[2026-09-18T10:49:40.122+0000] {logging_mixin.py:188} INFO - [2026-09-18T10:49:40.122+0000] {dag.py:3096} INFO - Sync 1 DAGs
[2026-09-18T10:49:40.145+0000] {logging_mixin.py:188} INFO - [2026-09-18T10:49:40.144+0000] {dag.py:3954} INFO - Setting next_dagrun for data_loading to None, run_after=None
[2026-09-18T10:49:40.173+0000] {processor.py:183} INFO - Processing /opt/airflow/dags/loading_dag.py took 0.106 seconds
[2026-09-18T10:50:10.867+0000] {processor.py:161} INFO - Started process (PID=1449) to work on /opt/airflow/dags/loading_dag.py
[2026-09-18T10:50:10.872+0000] {processor.py:830} INFO - Processing file /opt/airflow/dags/loading_dag.py for tasks to queue
[2026-09-18T10:50:10.873+0000] {logging_mixin.py:188} INFO - [2026-09-18T10:50:10.873+0000] {dagbag.py:545} INFO - Filling up the DagBag from /opt/airflow/dags/loading_dag.py
[2026-09-18T10:50:10.886+0000] {processor.py:840} INFO - DAG(s) 'data_loading' retrieved from /opt/airflow/dags/loading_dag.py
[2026-09-18T10:50:10.911+0000] {logging_mixin.py:188} INFO - [2026-09-18T10:50:10.911+0000] {dag.py:3096} INFO - Sync 1 DAGs
[2026-09-18T10:50:10.931+0000] {logging_mixin.py:188} INFO - [2026-09-18T10:50:10.931+0000] {dag.py:3954} INFO - Setting next_dagrun for data_loading to None, run_after=None
[2026-09-18T10:50:10.956+0000] {processor.py:183} INFO - Processing /opt/airflow/dags/loading_dag.py took 0.095 seconds
[2026-09-18T10:50:41.476+0000] {processor.py:161} INFO - Started process (PID=1457) to work on /opt/airflow/dags/loading_dag.py
[2026-09-18T10:50:41.477+0000] {processor.py:830} INFO - Processing file /opt/airflow/dags/loading_dag.py for tasks to queue
[2026-09-18T10:50:41.478+0000] {logging_mixin.py:188} INFO - [2026-09-18T10:50:41.478+0000] {dagbag.py:545} INFO - Filling up the DagBag from /opt/airflow/dags/loading_dag.py
[2026-09-18T10:50:41.491+0000] {processor.py:840} INFO - DAG(s) 'data_loading' retrieved from /opt/airflow/dags/loading_dag.py
[2026-09-18T10:50:41.520+0000] {logging_mixin.py:188} INFO - [2026-09-18T10:50:41.520+0000] {dag.py:3096} INFO - Sync 1 DAGs
[2026-09-18T10:50:41.541+0000] {logging_mixin.py:188} INFO - [2026-09-18T10:50:41.541+0000] {dag.py:3954} INFO - Setting next_dagrun for data_loading to None, run_after=None
[2026-09-18T10:50:41.567+0000] {processor.py:183} INFO - Processing /opt/airflow/dags/loading_dag.py took 0.098 seconds
[2026-09-18T10:51:12.010+0000] {processor.py:161} INFO - Started process (PID=1465) to work on /opt/airflow/dags/loading_dag.py
[2026-09-18T10:51:12.012+0000] {processor.py:830} INFO - Processing file /opt/airflow/dags/loading_dag.py for tasks to queue
[2026-09-18T10:51:12.013+0000] {logging_mixin.py:188} INFO - [2026-09-18T10:51:12.012+0000] {dagbag.py:545} INFO - Filling up the DagBag from /opt/airflow/dags/loading_dag.py
[2026-09-18T10:51:12.025+0000] {processor.py:840} INFO - DAG(s) 'data_loading' retrieved from /opt/airflow/dags/loading_dag.py
[2026-09-18T10:51:12.052+0000] {logging_mixin.py:188} INFO - [2026-09-18T10:51:12.051+0000] {dag.py:3096} INFO - Sync 1 DAGs
[2026-09-18T10:51:12.073+0000] {logging_mixin.py:188} INFO - [2026-09-18T10:51:12.072+0000] {dag.py:3954} INFO - Setting next_dagrun for data_loading to None, run_after=None
[2026-09-18T10:51:12.094+0000] {processor.py:183} INFO - Processing /opt/airflow/dags/loading_dag.py took 0.091 seconds
[2026-09-18T10:51:42.382+0000] {processor.py:161} INFO - Started process (PID=1473) to work on /opt/airflow/dags/loading_dag.py
[2026-09-18T10:51:42.383+0000] {processor.py:830} INFO - Processing file /opt/airflow/dags/loading_dag.py for tasks to queue
[2026-09-18T10:51:42.384+0000] {logging_mixin.py:188} INFO - [2026-09-18T10:51:42.384+0000] {dagbag.py:545} INFO - Filling up the DagBag from /opt/airflow/dags/loading_dag.py
[2026-09-18T10:51:42.395+0000] {processor.py:840} INFO - DAG(s) 'data_loading' retrieved from /opt/airflow/dags/loading_dag.py
[2026-09-18T10:51:42.424+0000] {logging_mixin.py:188} INFO - [2026-09-18T10:51:42.424+0000] {dag.py:3096} INFO - Sync 1 DAGs
[2026-09-18T10:51:42.447+0000] {logging_mixin.py:188} INFO - [2026-09-18T10:51:42.446+0000] {dag.py:3954} INFO - Setting next_dagrun for data_loading to None, run_after=None
[2026-09-18T10:51:42.470+0000] {processor.py:183} INFO - Processing /opt/airflow/dags/loading_dag.py took 0.095 seconds
[2026-09-18T10:52:12.908+0000] {processor.py:161} INFO - Started process (PID=1481) to work on /opt/airflow/dags/loading_dag.py
[2026-09-18T10:52:12.909+0000] {processor.py:830} INFO - Processing file /opt/airflow/dags/loading_dag.py for tasks to queue
[2026-09-18T10:52:12.910+0000] {logging_mixin.py:188} INFO - [2026-09-18T10:52:12.910+0000] {dagbag.py:545} INFO - Filling up the DagBag from /opt/airflow/dags/loading_dag.py
[2026-09-18T10:52:12.926+0000] {processor.py:840} INFO - DAG(s) 'data_loading' retrieved from /opt/airflow/dags/loading_dag.py
[2026-09-18T10:52:12.958+0000] {logging_mixin.py:188} INFO - [2026-09-18T10:52:12.958+0000] {dag.py:3096} INFO - Sync 1 DAGs
[2026-09-18T10:52:12.981+0000] {logging_mixin.py:188} INFO - [2026-09-18T10:52:12.981+0000] {dag.py:3954} INFO - Setting next_dagrun for data_loading to None, run_after=None
[2026-09-18T10:52:13.006+0000] {processor.py:183} INFO - Processing /opt/airflow/dags/loading_dag.py took 0.105 seconds
[2026-09-18T10:52:43.405+0000] {processor.py:161} INFO - Started process (PID=1489) to work on /opt/airflow/dags/loading_dag.py
[2026-09-18T10:52:43.414+0000] {processor.py:830} INFO - Processing file /opt/airflow/dags/loading_dag.py for tasks to queue
[2026-09-18T10:52:43.415+0000] {logging_mixin.py:188} INFO - [2026-09-18T10:52:43.415+0000] {dagbag.py:545} INFO - Filling up the DagBag from /opt/airflow/dags/loading_dag.py
[2026-09-18T10:52:43.426+0000] {processor.py:840} INFO - DAG(s) 'data_loading' retrieved from /opt/airflow/dags/loading_dag.py
[2026-09-18T10:52:43.453+0000] {logging_mixin.py:188} INFO - [2026-09-18T10:52:43.453+0000] {dag.py:3096} INFO - Sync 1 DAGs
[2026-09-18T10:52:43.475+0000] {logging_mixin.py:188} INFO - [2026-09-18T10:52:43.475+0000] {dag.py:3954} INFO - Setting next_dagrun for data_loading to None, run_after=None
[2026-09-18T10:52:43.505+0000] {processor.py:183} INFO - Processing /opt/airflow/dags/loading_dag.py took 0.106 seconds
[2026-09-18T10:53:13.927+0000] {processor.py:161} INFO - Started process (PID=1497) to work on /opt/airflow/dags/loading_dag.py
[2026-09-18T10:53:13.928+0000] {processor.py:830} INFO - Processing file /opt/airflow/dags/loading_dag.py for tasks to queue
[2026-09-18T10:53:13.929+0000] {logging_mixin.py:188} INFO - [2026-09-18T10:53:13.928+0000] {dagbag.py:545} INFO - Filling up the DagBag from /opt/airflow/dags/loading_dag.py
[2026-09-18T10:53:13.939+0000] {processor.py:840} INFO - DAG(s) 'data_loading' retrieved from /opt/airflow/dags/loading_dag.py
[2026-09-18T10:53:13.966+0000] {logging_mixin.py:188} INFO - [2026-09-18T10:53:13.965+0000] {dag.py:3096} INFO - Sync 1 DAGs
[2026-09-18T10:53:13.992+0000] {logging_mixin.py:188} INFO - [2026-09-18T10:53:13.992+0000] {dag.py:3954} INFO - Setting next_dagrun for data_loading to None, run_after=None
[2026-09-18T10:53:14.016+0000] {processor.py:183} INFO - Processing /opt/airflow/dags/loading_dag.py took 0.097 seconds
[2026-09-18T10:53:44.426+0000] {processor.py:161} INFO - Started process (PID=1511) to work on /opt/airflow/dags/loading_dag.py
[2026-09-18T10:53:44.429+0000] {processor.py:830} INFO - Processing file /opt/airflow/dags/loading_dag.py for tasks to queue
[2026-09-18T10:53:44.432+0000] {logging_mixin.py:188} INFO - [2026-09-18T10:53:44.432+0000] {dagbag.py:545} INFO - Filling up the DagBag from /opt/airflow/dags/loading_dag.py
[2026-09-18T10:53:44.445+0000] {processor.py:840} INFO - DAG(s) 'data_loading' retrieved from /opt/airflow/dags/loading_dag.py
[2026-09-18T10:53:44.477+0000] {logging_mixin.py:188} INFO - [2026-09-18T10:53:44.477+0000] {dag.py:3096} INFO - Sync 1 DAGs
[2026-09-18T10:53:44.499+0000] {logging_mixin.py:188} INFO - [2026-09-18T10:53:44.499+0000] {dag.py:3954} INFO - Setting next_dagrun for data_loading to None, run_after=None
[2026-09-18T10:53:44.522+0000] {processor.py:183} INFO - Processing /opt/airflow/dags/loading_dag.py took 0.105 seconds
[2026-09-18T10:54:14.992+0000] {processor.py:161} INFO - Started process (PID=1519) to work on /opt/airflow/dags/loading_dag.py
[2026-09-18T10:54:14.994+0000] {processor.py:830} INFO - Processing file /opt/airflow/dags/loading_dag.py for tasks to queue
[2026-09-18T10:54:14.995+0000] {logging_mixin.py:188} INFO - [2026-09-18T10:54:14.994+0000] {dagbag.py:545} INFO - Filling up the DagBag from /opt/airflow/dags/loading_dag.py
[2026-09-18T10:54:15.009+0000] {processor.py:840} INFO - DAG(s) 'data_loading' retrieved from /opt/airflow/dags/loading_dag.py
[2026-09-18T10:54:15.034+0000] {logging_mixin.py:188} INFO - [2026-09-18T10:54:15.034+0000] {dag.py:3096} INFO - Sync 1 DAGs
[2026-09-18T10:54:15.054+0000] {logging_mixin.py:188} INFO - [2026-09-18T10:54:15.054+0000] {dag.py:3954} INFO - Setting next_dagrun for data_loading to None, run_after=None
[2026-09-18T10:54:15.082+0000] {processor.py:183} INFO - Processing /opt/airflow/dags/loading_dag.py took 0.096 seconds
[2026-09-18T10:54:45.617+0000] {processor.py:161} INFO - Started process (PID=1527) to work on /opt/airflow/dags/loading_dag.py
[2026-09-18T10:54:45.618+0000] {processor.py:830} INFO - Processing file /opt/airflow/dags/loading_dag.py for tasks to queue
[2026-09-18T10:54:45.619+0000] {logging_mixin.py:188} INFO - [2026-09-18T10:54:45.619+0000] {dagbag.py:545} INFO - Filling up the DagBag from /opt/airflow/dags/loading_dag.py
[2026-09-18T10:54:45.630+0000] {processor.py:840} INFO - DAG(s) 'data_loading' retrieved from /opt/airflow/dags/loading_dag.py
[2026-09-18T10:54:45.657+0000] {logging_mixin.py:188} INFO - [2026-09-18T10:54:45.656+0000] {dag.py:3096} INFO - Sync 1 DAGs
[2026-09-18T10:54:45.800+0000] {logging_mixin.py:188} INFO - [2026-09-18T10:54:45.800+0000] {dag.py:3954} INFO - Setting next_dagrun for data_loading to None, run_after=None
[2026-09-18T10:54:45.829+0000] {processor.py:183} INFO - Processing /opt/airflow/dags/loading_dag.py took 0.218 seconds
[2026-09-18T10:55:16.297+0000] {processor.py:161} INFO - Started process (PID=1535) to work on /opt/airflow/dags/loading_dag.py
[2026-09-18T10:55:16.299+0000] {processor.py:830} INFO - Processing file /opt/airflow/dags/loading_dag.py for tasks to queue
[2026-09-18T10:55:16.300+0000] {logging_mixin.py:188} INFO - [2026-09-18T10:55:16.300+0000] {dagbag.py:545} INFO - Filling up the DagBag from /opt/airflow/dags/loading_dag.py
[2026-09-18T10:55:16.311+0000] {processor.py:840} INFO - DAG(s) 'data_loading' retrieved from /opt/airflow/dags/loading_dag.py
[2026-09-18T10:55:16.336+0000] {logging_mixin.py:188} INFO - [2026-09-18T10:55:16.336+0000] {dag.py:3096} INFO - Sync 1 DAGs
[2026-09-18T10:55:16.355+0000] {logging_mixin.py:188} INFO - [2026-09-18T10:55:16.355+0000] {dag.py:3954} INFO - Setting next_dagrun for data_loading to None, run_after=None
[2026-09-18T10:55:16.376+0000] {processor.py:183} INFO - Processing /opt/airflow/dags/loading_dag.py took 0.085 seconds
[2026-09-18T10:55:46.874+0000] {processor.py:161} INFO - Started process (PID=1543) to work on /opt/airflow/dags/loading_dag.py
[2026-09-18T10:55:46.875+0000] {processor.py:830} INFO - Processing file /opt/airflow/dags/loading_dag.py for tasks to queue
[2026-09-18T10:55:46.876+0000] {logging_mixin.py:188} INFO - [2026-09-18T10:55:46.876+0000] {dagbag.py:545} INFO - Filling up the DagBag from /opt/airflow/dags/loading_dag.py
[2026-09-18T10:55:46.889+0000] {processor.py:840} INFO - DAG(s) 'data_loading' retrieved from /opt/airflow/dags/loading_dag.py
[2026-09-18T10:55:46.914+0000] {logging_mixin.py:188} INFO - [2026-09-18T10:55:46.914+0000] {dag.py:3096} INFO - Sync 1 DAGs
[2026-09-18T10:55:46.933+0000] {logging_mixin.py:188} INFO - [2026-09-18T10:55:46.933+0000] {dag.py:3954} INFO - Setting next_dagrun for data_loading to None, run_after=None
[2026-09-18T10:55:46.957+0000] {processor.py:183} INFO - Processing /opt/airflow/dags/loading_dag.py took 0.093 seconds
[2026-09-18T10:56:17.525+0000] {processor.py:161} INFO - Started process (PID=1551) to work on /opt/airflow/dags/loading_dag.py
[2026-09-18T10:56:17.530+0000] {processor.py:830} INFO - Processing file /opt/airflow/dags/loading_dag.py for tasks to queue
[2026-09-18T10:56:17.531+0000] {logging_mixin.py:188} INFO - [2026-09-18T10:56:17.531+0000] {dagbag.py:545} INFO - Filling up the DagBag from /opt/airflow/dags/loading_dag.py
[2026-09-18T10:56:17.542+0000] {processor.py:840} INFO - DAG(s) 'data_loading' retrieved from /opt/airflow/dags/loading_dag.py
[2026-09-18T10:56:17.569+0000] {logging_mixin.py:188} INFO - [2026-09-18T10:56:17.569+0000] {dag.py:3096} INFO - Sync 1 DAGs
[2026-09-18T10:56:17.723+0000] {logging_mixin.py:188} INFO - [2026-09-18T10:56:17.723+0000] {dag.py:3954} INFO - Setting next_dagrun for data_loading to None, run_after=None
[2026-09-18T10:56:17.742+0000] {processor.py:183} INFO - Processing /opt/airflow/dags/loading_dag.py took 0.226 seconds
[2026-09-18T10:56:48.185+0000] {processor.py:161} INFO - Started process (PID=1559) to work on /opt/airflow/dags/loading_dag.py
[2026-09-18T10:56:48.186+0000] {processor.py:830} INFO - Processing file /opt/airflow/dags/loading_dag.py for tasks to queue
[2026-09-18T10:56:48.187+0000] {logging_mixin.py:188} INFO - [2026-09-18T10:56:48.187+0000] {dagbag.py:545} INFO - Filling up the DagBag from /opt/airflow/dags/loading_dag.py
[2026-09-18T10:56:48.202+0000] {processor.py:840} INFO - DAG(s) 'data_loading' retrieved from /opt/airflow/dags/loading_dag.py
[2026-09-18T10:56:48.239+0000] {logging_mixin.py:188} INFO - [2026-09-18T10:56:48.239+0000] {dag.py:3096} INFO - Sync 1 DAGs
[2026-09-18T10:56:48.259+0000] {logging_mixin.py:188} INFO - [2026-09-18T10:56:48.259+0000] {dag.py:3954} INFO - Setting next_dagrun for data_loading to None, run_after=None
[2026-09-18T10:56:48.289+0000] {processor.py:183} INFO - Processing /opt/airflow/dags/loading_dag.py took 0.113 seconds
[2026-09-18T10:57:18.689+0000] {processor.py:161} INFO - Started process (PID=1567) to work on /opt/airflow/dags/loading_dag.py
[2026-09-18T10:57:18.699+0000] {processor.py:830} INFO - Processing file /opt/airflow/dags/loading_dag.py for tasks to queue
[2026-09-18T10:57:18.700+0000] {logging_mixin.py:188} INFO - [2026-09-18T10:57:18.700+0000] {dagbag.py:545} INFO - Filling up the DagBag from /opt/airflow/dags/loading_dag.py
[2026-09-18T10:57:18.711+0000] {processor.py:840} INFO - DAG(s) 'data_loading' retrieved from /opt/airflow/dags/loading_dag.py
[2026-09-18T10:57:18.734+0000] {logging_mixin.py:188} INFO - [2026-09-18T10:57:18.734+0000] {dag.py:3096} INFO - Sync 1 DAGs
[2026-09-18T10:57:18.754+0000] {logging_mixin.py:188} INFO - [2026-09-18T10:57:18.754+0000] {dag.py:3954} INFO - Setting next_dagrun for data_loading to None, run_after=None
[2026-09-18T10:57:18.776+0000] {processor.py:183} INFO - Processing /opt/airflow/dags/loading_dag.py took 0.093 seconds
[2026-09-18T10:57:49.191+0000] {processor.py:161} INFO - Started process (PID=1575) to work on /opt/airflow/dags/loading_dag.py
[2026-09-18T10:57:49.192+0000] {processor.py:830} INFO - Processing file /opt/airflow/dags/loading_dag.py for tasks to queue
[2026-09-18T10:57:49.193+0000] {logging_mixin.py:188} INFO - [2026-09-18T10:57:49.193+0000] {dagbag.py:545} INFO - Filling up the DagBag from /opt/airflow/dags/loading_dag.py
[2026-09-18T10:57:49.208+0000] {processor.py:840} INFO - DAG(s) 'data_loading' retrieved from /opt/airflow/dags/loading_dag.py
[2026-09-18T10:57:49.238+0000] {logging_mixin.py:188} INFO - [2026-09-18T10:57:49.238+0000] {dag.py:3096} INFO - Sync 1 DAGs
[2026-09-18T10:57:49.403+0000] {logging_mixin.py:188} INFO - [2026-09-18T10:57:49.402+0000] {dag.py:3954} INFO - Setting next_dagrun for data_loading to None, run_after=None
[2026-09-18T10:57:49.423+0000] {processor.py:183} INFO - Processing /opt/airflow/dags/loading_dag.py took 0.240 seconds
[2026-09-18T10:58:19.644+0000] {processor.py:161} INFO - Started process (PID=1583) to work on /opt/airflow/dags/loading_dag.py
[2026-09-18T10:58:19.646+0000] {processor.py:830} INFO - Processing file /opt/airflow/dags/loading_dag.py for tasks to queue
[2026-09-18T10:58:19.647+0000] {logging_mixin.py:188} INFO - [2026-09-18T10:58:19.647+0000] {dagbag.py:545} INFO - Filling up the DagBag from /opt/airflow/dags/loading_dag.py
[2026-09-18T10:58:19.660+0000] {processor.py:840} INFO - DAG(s) 'data_loading' retrieved from /opt/airflow/dags/loading_dag.py
[2026-09-18T10:58:19.686+0000] {logging_mixin.py:188} INFO - [2026-09-18T10:58:19.686+0000] {dag.py:3096} INFO - Sync 1 DAGs
[2026-09-18T10:58:19.707+0000] {logging_mixin.py:188} INFO - [2026-09-18T10:58:19.706+0000] {dag.py:3954} INFO - Setting next_dagrun for data_loading to None, run_after=None
[2026-09-18T10:58:19.730+0000] {processor.py:183} INFO - Processing /opt/airflow/dags/loading_dag.py took 0.092 seconds
[2026-09-18T10:58:50.170+0000] {processor.py:161} INFO - Started process (PID=1591) to work on /opt/airflow/dags/loading_dag.py
[2026-09-18T10:58:50.171+0000] {processor.py:830} INFO - Processing file /opt/airflow/dags/loading_dag.py for tasks to queue
[2026-09-18T10:58:50.172+0000] {logging_mixin.py:188} INFO - [2026-09-18T10:58:50.172+0000] {dagbag.py:545} INFO - Filling up the DagBag from /opt/airflow/dags/loading_dag.py
[2026-09-18T10:58:50.182+0000] {processor.py:840} INFO - DAG(s) 'data_loading' retrieved from /opt/airflow/dags/loading_dag.py
[2026-09-18T10:58:50.207+0000] {logging_mixin.py:188} INFO - [2026-09-18T10:58:50.207+0000] {dag.py:3096} INFO - Sync 1 DAGs
[2026-09-18T10:58:50.225+0000] {logging_mixin.py:188} INFO - [2026-09-18T10:58:50.224+0000] {dag.py:3954} INFO - Setting next_dagrun for data_loading to None, run_after=None
[2026-09-18T10:58:50.245+0000] {processor.py:183} INFO - Processing /opt/airflow/dags/loading_dag.py took 0.082 seconds
[2026-09-18T10:59:20.673+0000] {processor.py:161} INFO - Started process (PID=1599) to work on /opt/airflow/dags/loading_dag.py
[2026-09-18T10:59:20.675+0000] {processor.py:830} INFO - Processing file /opt/airflow/dags/loading_dag.py for tasks to queue
[2026-09-18T10:59:20.676+0000] {logging_mixin.py:188} INFO - [2026-09-18T10:59:20.676+0000] {dagbag.py:545} INFO - Filling up the DagBag from /opt/airflow/dags/loading_dag.py
[2026-09-18T10:59:20.689+0000] {processor.py:840} INFO - DAG(s) 'data_loading' retrieved from /opt/airflow/dags/loading_dag.py
[2026-09-18T10:59:20.714+0000] {logging_mixin.py:188} INFO - [2026-09-18T10:59:20.713+0000] {dag.py:3096} INFO - Sync 1 DAGs
[2026-09-18T10:59:20.862+0000] {logging_mixin.py:188} INFO - [2026-09-18T10:59:20.862+0000] {dag.py:3954} INFO - Setting next_dagrun for data_loading to None, run_after=None
[2026-09-18T10:59:20.880+0000] {processor.py:183} INFO - Processing /opt/airflow/dags/loading_dag.py took 0.215 seconds
[2026-09-18T10:59:51.412+0000] {processor.py:161} INFO - Started process (PID=1613) to work on /opt/airflow/dags/loading_dag.py
[2026-09-18T10:59:51.413+0000] {processor.py:830} INFO - Processing file /opt/airflow/dags/loading_dag.py for tasks to queue
[2026-09-18T10:59:51.414+0000] {logging_mixin.py:188} INFO - [2026-09-18T10:59:51.413+0000] {dagbag.py:545} INFO - Filling up the DagBag from /opt/airflow/dags/loading_dag.py
[2026-09-18T10:59:51.554+0000] {processor.py:840} INFO - DAG(s) 'data_loading' retrieved from /opt/airflow/dags/loading_dag.py
[2026-09-18T10:59:51.580+0000] {logging_mixin.py:188} INFO - [2026-09-18T10:59:51.580+0000] {dag.py:3096} INFO - Sync 1 DAGs
[2026-09-18T10:59:51.599+0000] {logging_mixin.py:188} INFO - [2026-09-18T10:59:51.599+0000] {dag.py:3954} INFO - Setting next_dagrun for data_loading to None, run_after=None
[2026-09-18T10:59:51.620+0000] {processor.py:183} INFO - Processing /opt/airflow/dags/loading_dag.py took 0.214 seconds
[2026-09-18T11:00:22.025+0000] {processor.py:161} INFO - Started process (PID=1621) to work on /opt/airflow/dags/loading_dag.py
[2026-09-18T11:00:22.036+0000] {processor.py:830} INFO - Processing file /opt/airflow/dags/loading_dag.py for tasks to queue
[2026-09-18T11:00:22.037+0000] {logging_mixin.py:188} INFO - [2026-09-18T11:00:22.037+0000] {dagbag.py:545} INFO - Filling up the DagBag from /opt/airflow/dags/loading_dag.py
[2026-09-18T11:00:22.048+0000] {processor.py:840} INFO - DAG(s) 'data_loading' retrieved from /opt/airflow/dags/loading_dag.py
[2026-09-18T11:00:22.075+0000] {logging_mixin.py:188} INFO - [2026-09-18T11:00:22.074+0000] {dag.py:3096} INFO - Sync 1 DAGs
[2026-09-18T11:00:22.094+0000] {logging_mixin.py:188} INFO - [2026-09-18T11:00:22.094+0000] {dag.py:3954} INFO - Setting next_dagrun for data_loading to None, run_after=None
[2026-09-18T11:00:22.118+0000] {processor.py:183} INFO - Processing /opt/airflow/dags/loading_dag.py took 0.099 seconds
[2026-09-18T11:00:52.557+0000] {processor.py:161} INFO - Started process (PID=1629) to work on /opt/airflow/dags/loading_dag.py
[2026-09-18T11:00:52.561+0000] {processor.py:830} INFO - Processing file /opt/airflow/dags/loading_dag.py for tasks to queue
[2026-09-18T11:00:52.562+0000] {logging_mixin.py:188} INFO - [2026-09-18T11:00:52.561+0000] {dagbag.py:545} INFO - Filling up the DagBag from /opt/airflow/dags/loading_dag.py
[2026-09-18T11:00:52.574+0000] {processor.py:840} INFO - DAG(s) 'data_loading' retrieved from /opt/airflow/dags/loading_dag.py
[2026-09-18T11:00:52.602+0000] {logging_mixin.py:188} INFO - [2026-09-18T11:00:52.602+0000] {dag.py:3096} INFO - Sync 1 DAGs
[2026-09-18T11:00:52.622+0000] {logging_mixin.py:188} INFO - [2026-09-18T11:00:52.622+0000] {dag.py:3954} INFO - Setting next_dagrun for data_loading to None, run_after=None
[2026-09-18T11:00:52.648+0000] {processor.py:183} INFO - Processing /opt/airflow/dags/loading_dag.py took 0.097 seconds
[2026-09-18T11:01:23.078+0000] {processor.py:161} INFO - Started process (PID=1637) to work on /opt/airflow/dags/loading_dag.py
[2026-09-18T11:01:23.079+0000] {processor.py:830} INFO - Processing file /opt/airflow/dags/loading_dag.py for tasks to queue
[2026-09-18T11:01:23.080+0000] {logging_mixin.py:188} INFO - [2026-09-18T11:01:23.079+0000] {dagbag.py:545} INFO - Filling up the DagBag from /opt/airflow/dags/loading_dag.py
[2026-09-18T11:01:23.091+0000] {processor.py:840} INFO - DAG(s) 'data_loading' retrieved from /opt/airflow/dags/loading_dag.py
[2026-09-18T11:01:23.118+0000] {logging_mixin.py:188} INFO - [2026-09-18T11:01:23.118+0000] {dag.py:3096} INFO - Sync 1 DAGs
[2026-09-18T11:01:23.140+0000] {logging_mixin.py:188} INFO - [2026-09-18T11:01:23.140+0000] {dag.py:3954} INFO - Setting next_dagrun for data_loading to None, run_after=None
[2026-09-18T11:01:23.165+0000] {processor.py:183} INFO - Processing /opt/airflow/dags/loading_dag.py took 0.093 seconds
[2026-09-18T11:01:53.728+0000] {processor.py:161} INFO - Started process (PID=1645) to work on /opt/airflow/dags/loading_dag.py
[2026-09-18T11:01:53.731+0000] {processor.py:830} INFO - Processing file /opt/airflow/dags/loading_dag.py for tasks to queue
[2026-09-18T11:01:53.732+0000] {logging_mixin.py:188} INFO - [2026-09-18T11:01:53.731+0000] {dagbag.py:545} INFO - Filling up the DagBag from /opt/airflow/dags/loading_dag.py
[2026-09-18T11:01:53.743+0000] {processor.py:840} INFO - DAG(s) 'data_loading' retrieved from /opt/airflow/dags/loading_dag.py
[2026-09-18T11:01:53.772+0000] {logging_mixin.py:188} INFO - [2026-09-18T11:01:53.771+0000] {dag.py:3096} INFO - Sync 1 DAGs
[2026-09-18T11:01:53.790+0000] {logging_mixin.py:188} INFO - [2026-09-18T11:01:53.790+0000] {dag.py:3954} INFO - Setting next_dagrun for data_loading to None, run_after=None
[2026-09-18T11:01:53.818+0000] {processor.py:183} INFO - Processing /opt/airflow/dags/loading_dag.py took 0.100 seconds
[2026-09-18T11:02:24.239+0000] {processor.py:161} INFO - Started process (PID=1653) to work on /opt/airflow/dags/loading_dag.py
[2026-09-18T11:02:24.240+0000] {processor.py:830} INFO - Processing file /opt/airflow/dags/loading_dag.py for tasks to queue
[2026-09-18T11:02:24.240+0000] {logging_mixin.py:188} INFO - [2026-09-18T11:02:24.240+0000] {dagbag.py:545} INFO - Filling up the DagBag from /opt/airflow/dags/loading_dag.py
[2026-09-18T11:02:24.254+0000] {processor.py:840} INFO - DAG(s) 'data_loading' retrieved from /opt/airflow/dags/loading_dag.py
[2026-09-18T11:02:24.280+0000] {logging_mixin.py:188} INFO - [2026-09-18T11:02:24.280+0000] {dag.py:3096} INFO - Sync 1 DAGs
[2026-09-18T11:02:24.300+0000] {logging_mixin.py:188} INFO - [2026-09-18T11:02:24.300+0000] {dag.py:3954} INFO - Setting next_dagrun for data_loading to None, run_after=None
[2026-09-18T11:02:24.322+0000] {processor.py:183} INFO - Processing /opt/airflow/dags/loading_dag.py took 0.090 seconds
[2026-09-18T11:02:54.874+0000] {processor.py:161} INFO - Started process (PID=1661) to work on /opt/airflow/dags/loading_dag.py
[2026-09-18T11:02:54.876+0000] {processor.py:830} INFO - Processing file /opt/airflow/dags/loading_dag.py for tasks to queue
[2026-09-18T11:02:54.877+0000] {logging_mixin.py:188} INFO - [2026-09-18T11:02:54.877+0000] {dagbag.py:545} INFO - Filling up the DagBag from /opt/airflow/dags/loading_dag.py
[2026-09-18T11:02:54.889+0000] {processor.py:840} INFO - DAG(s) 'data_loading' retrieved from /opt/airflow/dags/loading_dag.py
[2026-09-18T11:02:54.914+0000] {logging_mixin.py:188} INFO - [2026-09-18T11:02:54.914+0000] {dag.py:3096} INFO - Sync 1 DAGs
[2026-09-18T11:02:54.933+0000] {logging_mixin.py:188} INFO - [2026-09-18T11:02:54.932+0000] {dag.py:3954} INFO - Setting next_dagrun for data_loading to None, run_after=None
[2026-09-18T11:02:54.958+0000] {processor.py:183} INFO - Processing /opt/airflow/dags/loading_dag.py took 0.093 seconds
[2026-09-18T11:03:25.390+0000] {processor.py:161} INFO - Started process (PID=1669) to work on /opt/airflow/dags/loading_dag.py
[2026-09-18T11:03:25.392+0000] {processor.py:830} INFO - Processing file /opt/airflow/dags/loading_dag.py for tasks to queue
[2026-09-18T11:03:25.393+0000] {logging_mixin.py:188} INFO - [2026-09-18T11:03:25.393+0000] {dagbag.py:545} INFO - Filling up the DagBag from /opt/airflow/dags/loading_dag.py
[2026-09-18T11:03:25.413+0000] {processor.py:840} INFO - DAG(s) 'data_loading' retrieved from /opt/airflow/dags/loading_dag.py
[2026-09-18T11:03:25.446+0000] {logging_mixin.py:188} INFO - [2026-09-18T11:03:25.445+0000] {dag.py:3096} INFO - Sync 1 DAGs
[2026-09-18T11:03:25.475+0000] {logging_mixin.py:188} INFO - [2026-09-18T11:03:25.475+0000] {dag.py:3954} INFO - Setting next_dagrun for data_loading to None, run_after=None
[2026-09-18T11:03:25.505+0000] {processor.py:183} INFO - Processing /opt/airflow/dags/loading_dag.py took 0.128 seconds
[2026-09-18T11:03:56.011+0000] {processor.py:161} INFO - Started process (PID=1677) to work on /opt/airflow/dags/loading_dag.py
[2026-09-18T11:03:56.013+0000] {processor.py:830} INFO - Processing file /opt/airflow/dags/loading_dag.py for tasks to queue
[2026-09-18T11:03:56.014+0000] {logging_mixin.py:188} INFO - [2026-09-18T11:03:56.014+0000] {dagbag.py:545} INFO - Filling up the DagBag from /opt/airflow/dags/loading_dag.py
[2026-09-18T11:03:56.029+0000] {processor.py:840} INFO - DAG(s) 'data_loading' retrieved from /opt/airflow/dags/loading_dag.py
[2026-09-18T11:03:56.060+0000] {logging_mixin.py:188} INFO - [2026-09-18T11:03:56.060+0000] {dag.py:3096} INFO - Sync 1 DAGs
[2026-09-18T11:03:56.085+0000] {logging_mixin.py:188} INFO - [2026-09-18T11:03:56.085+0000] {dag.py:3954} INFO - Setting next_dagrun for data_loading to None, run_after=None
[2026-09-18T11:03:56.111+0000] {processor.py:183} INFO - Processing /opt/airflow/dags/loading_dag.py took 0.108 seconds
[2026-09-18T11:04:26.511+0000] {processor.py:161} INFO - Started process (PID=1685) to work on /opt/airflow/dags/loading_dag.py
[2026-09-18T11:04:26.512+0000] {processor.py:830} INFO - Processing file /opt/airflow/dags/loading_dag.py for tasks to queue
[2026-09-18T11:04:26.513+0000] {logging_mixin.py:188} INFO - [2026-09-18T11:04:26.513+0000] {dagbag.py:545} INFO - Filling up the DagBag from /opt/airflow/dags/loading_dag.py
[2026-09-18T11:04:26.528+0000] {processor.py:840} INFO - DAG(s) 'data_loading' retrieved from /opt/airflow/dags/loading_dag.py
[2026-09-18T11:04:26.560+0000] {logging_mixin.py:188} INFO - [2026-09-18T11:04:26.560+0000] {dag.py:3096} INFO - Sync 1 DAGs
[2026-09-18T11:04:26.584+0000] {logging_mixin.py:188} INFO - [2026-09-18T11:04:26.584+0000] {dag.py:3954} INFO - Setting next_dagrun for data_loading to None, run_after=None
[2026-09-18T11:04:26.611+0000] {processor.py:183} INFO - Processing /opt/airflow/dags/loading_dag.py took 0.109 seconds
[2026-09-18T11:04:57.009+0000] {processor.py:161} INFO - Started process (PID=1693) to work on /opt/airflow/dags/loading_dag.py
[2026-09-18T11:04:57.011+0000] {processor.py:830} INFO - Processing file /opt/airflow/dags/loading_dag.py for tasks to queue
[2026-09-18T11:04:57.012+0000] {logging_mixin.py:188} INFO - [2026-09-18T11:04:57.012+0000] {dagbag.py:545} INFO - Filling up the DagBag from /opt/airflow/dags/loading_dag.py
[2026-09-18T11:04:57.026+0000] {processor.py:840} INFO - DAG(s) 'data_loading' retrieved from /opt/airflow/dags/loading_dag.py
[2026-09-18T11:04:57.057+0000] {logging_mixin.py:188} INFO - [2026-09-18T11:04:57.057+0000] {dag.py:3096} INFO - Sync 1 DAGs
[2026-09-18T11:04:57.081+0000] {logging_mixin.py:188} INFO - [2026-09-18T11:04:57.081+0000] {dag.py:3954} INFO - Setting next_dagrun for data_loading to None, run_after=None
[2026-09-18T11:04:57.109+0000] {processor.py:183} INFO - Processing /opt/airflow/dags/loading_dag.py took 0.108 seconds
[2026-09-18T11:05:27.683+0000] {processor.py:161} INFO - Started process (PID=1701) to work on /opt/airflow/dags/loading_dag.py
[2026-09-18T11:05:27.685+0000] {processor.py:830} INFO - Processing file /opt/airflow/dags/loading_dag.py for tasks to queue
[2026-09-18T11:05:27.686+0000] {logging_mixin.py:188} INFO - [2026-09-18T11:05:27.685+0000] {dagbag.py:545} INFO - Filling up the DagBag from /opt/airflow/dags/loading_dag.py
[2026-09-18T11:05:27.696+0000] {processor.py:840} INFO - DAG(s) 'data_loading' retrieved from /opt/airflow/dags/loading_dag.py
[2026-09-18T11:05:27.721+0000] {logging_mixin.py:188} INFO - [2026-09-18T11:05:27.720+0000] {dag.py:3096} INFO - Sync 1 DAGs
[2026-09-18T11:05:27.742+0000] {logging_mixin.py:188} INFO - [2026-09-18T11:05:27.741+0000] {dag.py:3954} INFO - Setting next_dagrun for data_loading to None, run_after=None
[2026-09-18T11:05:27.764+0000] {processor.py:183} INFO - Processing /opt/airflow/dags/loading_dag.py took 0.088 seconds
[2026-09-18T11:05:58.195+0000] {processor.py:161} INFO - Started process (PID=1715) to work on /opt/airflow/dags/loading_dag.py
[2026-09-18T11:05:58.196+0000] {processor.py:830} INFO - Processing file /opt/airflow/dags/loading_dag.py for tasks to queue
[2026-09-18T11:05:58.197+0000] {logging_mixin.py:188} INFO - [2026-09-18T11:05:58.196+0000] {dagbag.py:545} INFO - Filling up the DagBag from /opt/airflow/dags/loading_dag.py
[2026-09-18T11:05:58.208+0000] {processor.py:840} INFO - DAG(s) 'data_loading' retrieved from /opt/airflow/dags/loading_dag.py
[2026-09-18T11:05:58.233+0000] {logging_mixin.py:188} INFO - [2026-09-18T11:05:58.232+0000] {dag.py:3096} INFO - Sync 1 DAGs
[2026-09-18T11:05:58.252+0000] {logging_mixin.py:188} INFO - [2026-09-18T11:05:58.251+0000] {dag.py:3954} INFO - Setting next_dagrun for data_loading to None, run_after=None
[2026-09-18T11:05:58.273+0000] {processor.py:183} INFO - Processing /opt/airflow/dags/loading_dag.py took 0.084 seconds
[2026-09-18T11:06:28.613+0000] {processor.py:161} INFO - Started process (PID=1723) to work on /opt/airflow/dags/loading_dag.py
[2026-09-18T11:06:28.615+0000] {processor.py:830} INFO - Processing file /opt/airflow/dags/loading_dag.py for tasks to queue
[2026-09-18T11:06:28.616+0000] {logging_mixin.py:188} INFO - [2026-09-18T11:06:28.615+0000] {dagbag.py:545} INFO - Filling up the DagBag from /opt/airflow/dags/loading_dag.py
[2026-09-18T11:06:28.627+0000] {processor.py:840} INFO - DAG(s) 'data_loading' retrieved from /opt/airflow/dags/loading_dag.py
[2026-09-18T11:06:28.652+0000] {logging_mixin.py:188} INFO - [2026-09-18T11:06:28.652+0000] {dag.py:3096} INFO - Sync 1 DAGs
[2026-09-18T11:06:28.671+0000] {logging_mixin.py:188} INFO - [2026-09-18T11:06:28.671+0000] {dag.py:3954} INFO - Setting next_dagrun for data_loading to None, run_after=None
[2026-09-18T11:06:28.694+0000] {processor.py:183} INFO - Processing /opt/airflow/dags/loading_dag.py took 0.087 seconds
[2026-09-18T11:06:59.113+0000] {processor.py:161} INFO - Started process (PID=1732) to work on /opt/airflow/dags/loading_dag.py
[2026-09-18T11:06:59.114+0000] {processor.py:830} INFO - Processing file /opt/airflow/dags/loading_dag.py for tasks to queue
[2026-09-18T11:06:59.115+0000] {logging_mixin.py:188} INFO - [2026-09-18T11:06:59.114+0000] {dagbag.py:545} INFO - Filling up the DagBag from /opt/airflow/dags/loading_dag.py
[2026-09-18T11:06:59.129+0000] {processor.py:840} INFO - DAG(s) 'data_loading' retrieved from /opt/airflow/dags/loading_dag.py
[2026-09-18T11:06:59.156+0000] {logging_mixin.py:188} INFO - [2026-09-18T11:06:59.156+0000] {dag.py:3096} INFO - Sync 1 DAGs
[2026-09-18T11:06:59.177+0000] {logging_mixin.py:188} INFO - [2026-09-18T11:06:59.176+0000] {dag.py:3954} INFO - Setting next_dagrun for data_loading to None, run_after=None
[2026-09-18T11:06:59.202+0000] {processor.py:183} INFO - Processing /opt/airflow/dags/loading_dag.py took 0.098 seconds
[2026-09-18T11:07:29.572+0000] {processor.py:161} INFO - Started process (PID=1740) to work on /opt/airflow/dags/loading_dag.py
[2026-09-18T11:07:29.580+0000] {processor.py:830} INFO - Processing file /opt/airflow/dags/loading_dag.py for tasks to queue
[2026-09-18T11:07:29.581+0000] {logging_mixin.py:188} INFO - [2026-09-18T11:07:29.580+0000] {dagbag.py:545} INFO - Filling up the DagBag from /opt/airflow/dags/loading_dag.py
[2026-09-18T11:07:29.598+0000] {processor.py:840} INFO - DAG(s) 'data_loading' retrieved from /opt/airflow/dags/loading_dag.py
[2026-09-18T11:07:29.630+0000] {logging_mixin.py:188} INFO - [2026-09-18T11:07:29.630+0000] {dag.py:3096} INFO - Sync 1 DAGs
[2026-09-18T11:07:29.650+0000] {logging_mixin.py:188} INFO - [2026-09-18T11:07:29.649+0000] {dag.py:3954} INFO - Setting next_dagrun for data_loading to None, run_after=None
[2026-09-18T11:07:29.693+0000] {processor.py:183} INFO - Processing /opt/airflow/dags/loading_dag.py took 0.132 seconds
[2026-09-18T11:08:00.262+0000] {processor.py:161} INFO - Started process (PID=1748) to work on /opt/airflow/dags/loading_dag.py
[2026-09-18T11:08:00.263+0000] {processor.py:830} INFO - Processing file /opt/airflow/dags/loading_dag.py for tasks to queue
[2026-09-18T11:08:00.264+0000] {logging_mixin.py:188} INFO - [2026-09-18T11:08:00.264+0000] {dagbag.py:545} INFO - Filling up the DagBag from /opt/airflow/dags/loading_dag.py
[2026-09-18T11:08:00.275+0000] {processor.py:840} INFO - DAG(s) 'data_loading' retrieved from /opt/airflow/dags/loading_dag.py
[2026-09-18T11:08:00.300+0000] {logging_mixin.py:188} INFO - [2026-09-18T11:08:00.299+0000] {dag.py:3096} INFO - Sync 1 DAGs
[2026-09-18T11:08:00.319+0000] {logging_mixin.py:188} INFO - [2026-09-18T11:08:00.318+0000] {dag.py:3954} INFO - Setting next_dagrun for data_loading to None, run_after=None
[2026-09-18T11:08:00.342+0000] {processor.py:183} INFO - Processing /opt/airflow/dags/loading_dag.py took 0.091 seconds
[2026-09-18T11:08:30.775+0000] {processor.py:161} INFO - Started process (PID=1756) to work on /opt/airflow/dags/loading_dag.py
[2026-09-18T11:08:30.781+0000] {processor.py:830} INFO - Processing file /opt/airflow/dags/loading_dag.py for tasks to queue
[2026-09-18T11:08:30.782+0000] {logging_mixin.py:188} INFO - [2026-09-18T11:08:30.782+0000] {dagbag.py:545} INFO - Filling up the DagBag from /opt/airflow/dags/loading_dag.py
[2026-09-18T11:08:30.794+0000] {processor.py:840} INFO - DAG(s) 'data_loading' retrieved from /opt/airflow/dags/loading_dag.py
[2026-09-18T11:08:30.823+0000] {logging_mixin.py:188} INFO - [2026-09-18T11:08:30.823+0000] {dag.py:3096} INFO - Sync 1 DAGs
[2026-09-18T11:08:30.843+0000] {logging_mixin.py:188} INFO - [2026-09-18T11:08:30.843+0000] {dag.py:3954} INFO - Setting next_dagrun for data_loading to None, run_after=None
[2026-09-18T11:08:30.867+0000] {processor.py:183} INFO - Processing /opt/airflow/dags/loading_dag.py took 0.100 seconds
[2026-09-18T11:09:01.347+0000] {processor.py:161} INFO - Started process (PID=1764) to work on /opt/airflow/dags/loading_dag.py
[2026-09-18T11:09:01.348+0000] {processor.py:830} INFO - Processing file /opt/airflow/dags/loading_dag.py for tasks to queue
[2026-09-18T11:09:01.349+0000] {logging_mixin.py:188} INFO - [2026-09-18T11:09:01.349+0000] {dagbag.py:545} INFO - Filling up the DagBag from /opt/airflow/dags/loading_dag.py
[2026-09-18T11:09:01.361+0000] {processor.py:840} INFO - DAG(s) 'data_loading' retrieved from /opt/airflow/dags/loading_dag.py
[2026-09-18T11:09:01.391+0000] {logging_mixin.py:188} INFO - [2026-09-18T11:09:01.391+0000] {dag.py:3096} INFO - Sync 1 DAGs
[2026-09-18T11:09:01.412+0000] {logging_mixin.py:188} INFO - [2026-09-18T11:09:01.412+0000] {dag.py:3954} INFO - Setting next_dagrun for data_loading to None, run_after=None
[2026-09-18T11:09:01.435+0000] {processor.py:183} INFO - Processing /opt/airflow/dags/loading_dag.py took 0.095 seconds
[2026-09-18T11:09:31.861+0000] {processor.py:161} INFO - Started process (PID=1772) to work on /opt/airflow/dags/loading_dag.py
[2026-09-18T11:09:31.867+0000] {processor.py:830} INFO - Processing file /opt/airflow/dags/loading_dag.py for tasks to queue
[2026-09-18T11:09:31.868+0000] {logging_mixin.py:188} INFO - [2026-09-18T11:09:31.867+0000] {dagbag.py:545} INFO - Filling up the DagBag from /opt/airflow/dags/loading_dag.py
[2026-09-18T11:09:31.882+0000] {processor.py:840} INFO - DAG(s) 'data_loading' retrieved from /opt/airflow/dags/loading_dag.py
[2026-09-18T11:09:31.910+0000] {logging_mixin.py:188} INFO - [2026-09-18T11:09:31.910+0000] {dag.py:3096} INFO - Sync 1 DAGs
[2026-09-18T11:09:31.932+0000] {logging_mixin.py:188} INFO - [2026-09-18T11:09:31.931+0000] {dag.py:3954} INFO - Setting next_dagrun for data_loading to None, run_after=None
[2026-09-18T11:09:31.958+0000] {processor.py:183} INFO - Processing /opt/airflow/dags/loading_dag.py took 0.105 seconds
[2026-09-18T11:10:02.433+0000] {processor.py:161} INFO - Started process (PID=1780) to work on /opt/airflow/dags/loading_dag.py
[2026-09-18T11:10:02.434+0000] {processor.py:830} INFO - Processing file /opt/airflow/dags/loading_dag.py for tasks to queue
[2026-09-18T11:10:02.435+0000] {logging_mixin.py:188} INFO - [2026-09-18T11:10:02.435+0000] {dagbag.py:545} INFO - Filling up the DagBag from /opt/airflow/dags/loading_dag.py
[2026-09-18T11:10:02.447+0000] {processor.py:840} INFO - DAG(s) 'data_loading' retrieved from /opt/airflow/dags/loading_dag.py
[2026-09-18T11:10:02.472+0000] {logging_mixin.py:188} INFO - [2026-09-18T11:10:02.472+0000] {dag.py:3096} INFO - Sync 1 DAGs
[2026-09-18T11:10:02.493+0000] {logging_mixin.py:188} INFO - [2026-09-18T11:10:02.492+0000] {dag.py:3954} INFO - Setting next_dagrun for data_loading to None, run_after=None
[2026-09-18T11:10:02.516+0000] {processor.py:183} INFO - Processing /opt/airflow/dags/loading_dag.py took 0.091 seconds
[2026-09-18T11:10:32.978+0000] {processor.py:161} INFO - Started process (PID=1788) to work on /opt/airflow/dags/loading_dag.py
[2026-09-18T11:10:32.979+0000] {processor.py:830} INFO - Processing file /opt/airflow/dags/loading_dag.py for tasks to queue
[2026-09-18T11:10:32.980+0000] {logging_mixin.py:188} INFO - [2026-09-18T11:10:32.979+0000] {dagbag.py:545} INFO - Filling up the DagBag from /opt/airflow/dags/loading_dag.py
[2026-09-18T11:10:32.991+0000] {processor.py:840} INFO - DAG(s) 'data_loading' retrieved from /opt/airflow/dags/loading_dag.py
[2026-09-18T11:10:33.020+0000] {logging_mixin.py:188} INFO - [2026-09-18T11:10:33.019+0000] {dag.py:3096} INFO - Sync 1 DAGs
[2026-09-18T11:10:33.041+0000] {logging_mixin.py:188} INFO - [2026-09-18T11:10:33.041+0000] {dag.py:3954} INFO - Setting next_dagrun for data_loading to None, run_after=None
[2026-09-18T11:10:33.067+0000] {processor.py:183} INFO - Processing /opt/airflow/dags/loading_dag.py took 0.096 seconds
[2026-09-18T11:11:03.526+0000] {processor.py:161} INFO - Started process (PID=1796) to work on /opt/airflow/dags/loading_dag.py
[2026-09-18T11:11:03.531+0000] {processor.py:830} INFO - Processing file /opt/airflow/dags/loading_dag.py for tasks to queue
[2026-09-18T11:11:03.532+0000] {logging_mixin.py:188} INFO - [2026-09-18T11:11:03.532+0000] {dagbag.py:545} INFO - Filling up the DagBag from /opt/airflow/dags/loading_dag.py
[2026-09-18T11:11:03.541+0000] {processor.py:840} INFO - DAG(s) 'data_loading' retrieved from /opt/airflow/dags/loading_dag.py
[2026-09-18T11:11:03.565+0000] {logging_mixin.py:188} INFO - [2026-09-18T11:11:03.565+0000] {dag.py:3096} INFO - Sync 1 DAGs
[2026-09-18T11:11:03.586+0000] {logging_mixin.py:188} INFO - [2026-09-18T11:11:03.586+0000] {dag.py:3954} INFO - Setting next_dagrun for data_loading to None, run_after=None
[2026-09-18T11:11:03.609+0000] {processor.py:183} INFO - Processing /opt/airflow/dags/loading_dag.py took 0.090 seconds
[2026-09-18T11:11:34.097+0000] {processor.py:161} INFO - Started process (PID=1804) to work on /opt/airflow/dags/loading_dag.py
[2026-09-18T11:11:34.097+0000] {processor.py:830} INFO - Processing file /opt/airflow/dags/loading_dag.py for tasks to queue
[2026-09-18T11:11:34.098+0000] {logging_mixin.py:188} INFO - [2026-09-18T11:11:34.098+0000] {dagbag.py:545} INFO - Filling up the DagBag from /opt/airflow/dags/loading_dag.py
[2026-09-18T11:11:34.108+0000] {processor.py:840} INFO - DAG(s) 'data_loading' retrieved from /opt/airflow/dags/loading_dag.py
[2026-09-18T11:11:34.131+0000] {logging_mixin.py:188} INFO - [2026-09-18T11:11:34.130+0000] {dag.py:3096} INFO - Sync 1 DAGs
[2026-09-18T11:11:34.148+0000] {logging_mixin.py:188} INFO - [2026-09-18T11:11:34.147+0000] {dag.py:3954} INFO - Setting next_dagrun for data_loading to None, run_after=None
[2026-09-18T11:11:34.168+0000] {processor.py:183} INFO - Processing /opt/airflow/dags/loading_dag.py took 0.078 seconds
[2026-09-18T11:12:04.575+0000] {processor.py:161} INFO - Started process (PID=1818) to work on /opt/airflow/dags/loading_dag.py
[2026-09-18T11:12:04.580+0000] {processor.py:830} INFO - Processing file /opt/airflow/dags/loading_dag.py for tasks to queue
[2026-09-18T11:12:04.581+0000] {logging_mixin.py:188} INFO - [2026-09-18T11:12:04.581+0000] {dagbag.py:545} INFO - Filling up the DagBag from /opt/airflow/dags/loading_dag.py
[2026-09-18T11:12:04.592+0000] {processor.py:840} INFO - DAG(s) 'data_loading' retrieved from /opt/airflow/dags/loading_dag.py
[2026-09-18T11:12:04.617+0000] {logging_mixin.py:188} INFO - [2026-09-18T11:12:04.617+0000] {dag.py:3096} INFO - Sync 1 DAGs
[2026-09-18T11:12:04.634+0000] {logging_mixin.py:188} INFO - [2026-09-18T11:12:04.634+0000] {dag.py:3954} INFO - Setting next_dagrun for data_loading to None, run_after=None
[2026-09-18T11:12:04.651+0000] {processor.py:183} INFO - Processing /opt/airflow/dags/loading_dag.py took 0.082 seconds
[2026-09-18T11:12:35.102+0000] {processor.py:161} INFO - Started process (PID=1826) to work on /opt/airflow/dags/loading_dag.py
[2026-09-18T11:12:35.103+0000] {processor.py:830} INFO - Processing file /opt/airflow/dags/loading_dag.py for tasks to queue
[2026-09-18T11:12:35.104+0000] {logging_mixin.py:188} INFO - [2026-09-18T11:12:35.103+0000] {dagbag.py:545} INFO - Filling up the DagBag from /opt/airflow/dags/loading_dag.py
[2026-09-18T11:12:35.114+0000] {processor.py:840} INFO - DAG(s) 'data_loading' retrieved from /opt/airflow/dags/loading_dag.py
[2026-09-18T11:12:35.137+0000] {logging_mixin.py:188} INFO - [2026-09-18T11:12:35.137+0000] {dag.py:3096} INFO - Sync 1 DAGs
[2026-09-18T11:12:35.156+0000] {logging_mixin.py:188} INFO - [2026-09-18T11:12:35.156+0000] {dag.py:3954} INFO - Setting next_dagrun for data_loading to None, run_after=None
[2026-09-18T11:12:35.179+0000] {processor.py:183} INFO - Processing /opt/airflow/dags/loading_dag.py took 0.084 seconds
[2026-09-18T11:13:05.660+0000] {processor.py:161} INFO - Started process (PID=1834) to work on /opt/airflow/dags/loading_dag.py
[2026-09-18T11:13:05.666+0000] {processor.py:830} INFO - Processing file /opt/airflow/dags/loading_dag.py for tasks to queue
[2026-09-18T11:13:05.667+0000] {logging_mixin.py:188} INFO - [2026-09-18T11:13:05.666+0000] {dagbag.py:545} INFO - Filling up the DagBag from /opt/airflow/dags/loading_dag.py
[2026-09-18T11:13:05.677+0000] {processor.py:840} INFO - DAG(s) 'data_loading' retrieved from /opt/airflow/dags/loading_dag.py
[2026-09-18T11:13:05.700+0000] {logging_mixin.py:188} INFO - [2026-09-18T11:13:05.700+0000] {dag.py:3096} INFO - Sync 1 DAGs
[2026-09-18T11:13:05.718+0000] {logging_mixin.py:188} INFO - [2026-09-18T11:13:05.718+0000] {dag.py:3954} INFO - Setting next_dagrun for data_loading to None, run_after=None
[2026-09-18T11:13:05.736+0000] {processor.py:183} INFO - Processing /opt/airflow/dags/loading_dag.py took 0.082 seconds
[2026-09-18T11:13:36.229+0000] {processor.py:161} INFO - Started process (PID=1842) to work on /opt/airflow/dags/loading_dag.py
[2026-09-18T11:13:36.234+0000] {processor.py:830} INFO - Processing file /opt/airflow/dags/loading_dag.py for tasks to queue
[2026-09-18T11:13:36.235+0000] {logging_mixin.py:188} INFO - [2026-09-18T11:13:36.235+0000] {dagbag.py:545} INFO - Filling up the DagBag from /opt/airflow/dags/loading_dag.py
[2026-09-18T11:13:36.245+0000] {processor.py:840} INFO - DAG(s) 'data_loading' retrieved from /opt/airflow/dags/loading_dag.py
[2026-09-18T11:13:36.268+0000] {logging_mixin.py:188} INFO - [2026-09-18T11:13:36.267+0000] {dag.py:3096} INFO - Sync 1 DAGs
[2026-09-18T11:13:36.285+0000] {logging_mixin.py:188} INFO - [2026-09-18T11:13:36.285+0000] {dag.py:3954} INFO - Setting next_dagrun for data_loading to None, run_after=None
[2026-09-18T11:13:36.306+0000] {processor.py:183} INFO - Processing /opt/airflow/dags/loading_dag.py took 0.083 seconds
[2026-09-18T11:14:06.923+0000] {processor.py:161} INFO - Started process (PID=1850) to work on /opt/airflow/dags/loading_dag.py
[2026-09-18T11:14:06.924+0000] {processor.py:830} INFO - Processing file /opt/airflow/dags/loading_dag.py for tasks to queue
[2026-09-18T11:14:06.925+0000] {logging_mixin.py:188} INFO - [2026-09-18T11:14:06.925+0000] {dagbag.py:545} INFO - Filling up the DagBag from /opt/airflow/dags/loading_dag.py
[2026-09-18T11:14:06.937+0000] {processor.py:840} INFO - DAG(s) 'data_loading' retrieved from /opt/airflow/dags/loading_dag.py
[2026-09-18T11:14:06.963+0000] {logging_mixin.py:188} INFO - [2026-09-18T11:14:06.962+0000] {dag.py:3096} INFO - Sync 1 DAGs
[2026-09-18T11:14:06.981+0000] {logging_mixin.py:188} INFO - [2026-09-18T11:14:06.980+0000] {dag.py:3954} INFO - Setting next_dagrun for data_loading to None, run_after=None
[2026-09-18T11:14:07.003+0000] {processor.py:183} INFO - Processing /opt/airflow/dags/loading_dag.py took 0.088 seconds
[2026-09-18T11:14:37.456+0000] {processor.py:161} INFO - Started process (PID=1859) to work on /opt/airflow/dags/loading_dag.py
[2026-09-18T11:14:37.458+0000] {processor.py:830} INFO - Processing file /opt/airflow/dags/loading_dag.py for tasks to queue
[2026-09-18T11:14:37.459+0000] {logging_mixin.py:188} INFO - [2026-09-18T11:14:37.459+0000] {dagbag.py:545} INFO - Filling up the DagBag from /opt/airflow/dags/loading_dag.py
[2026-09-18T11:14:37.471+0000] {processor.py:840} INFO - DAG(s) 'data_loading' retrieved from /opt/airflow/dags/loading_dag.py
[2026-09-18T11:14:37.497+0000] {logging_mixin.py:188} INFO - [2026-09-18T11:14:37.496+0000] {dag.py:3096} INFO - Sync 1 DAGs
[2026-09-18T11:14:37.517+0000] {logging_mixin.py:188} INFO - [2026-09-18T11:14:37.517+0000] {dag.py:3954} INFO - Setting next_dagrun for data_loading to None, run_after=None
[2026-09-18T11:14:37.539+0000] {processor.py:183} INFO - Processing /opt/airflow/dags/loading_dag.py took 0.089 seconds
[2026-09-18T11:15:08.045+0000] {processor.py:161} INFO - Started process (PID=1867) to work on /opt/airflow/dags/loading_dag.py
[2026-09-18T11:15:08.046+0000] {processor.py:830} INFO - Processing file /opt/airflow/dags/loading_dag.py for tasks to queue
[2026-09-18T11:15:08.047+0000] {logging_mixin.py:188} INFO - [2026-09-18T11:15:08.047+0000] {dagbag.py:545} INFO - Filling up the DagBag from /opt/airflow/dags/loading_dag.py
[2026-09-18T11:15:08.058+0000] {processor.py:840} INFO - DAG(s) 'data_loading' retrieved from /opt/airflow/dags/loading_dag.py
[2026-09-18T11:15:08.082+0000] {logging_mixin.py:188} INFO - [2026-09-18T11:15:08.081+0000] {dag.py:3096} INFO - Sync 1 DAGs
[2026-09-18T11:15:08.101+0000] {logging_mixin.py:188} INFO - [2026-09-18T11:15:08.101+0000] {dag.py:3954} INFO - Setting next_dagrun for data_loading to None, run_after=None
[2026-09-18T11:15:08.120+0000] {processor.py:183} INFO - Processing /opt/airflow/dags/loading_dag.py took 0.080 seconds
[2026-09-18T11:15:38.503+0000] {processor.py:161} INFO - Started process (PID=1875) to work on /opt/airflow/dags/loading_dag.py
[2026-09-18T11:15:38.509+0000] {processor.py:830} INFO - Processing file /opt/airflow/dags/loading_dag.py for tasks to queue
[2026-09-18T11:15:38.510+0000] {logging_mixin.py:188} INFO - [2026-09-18T11:15:38.509+0000] {dagbag.py:545} INFO - Filling up the DagBag from /opt/airflow/dags/loading_dag.py
[2026-09-18T11:15:38.520+0000] {processor.py:840} INFO - DAG(s) 'data_loading' retrieved from /opt/airflow/dags/loading_dag.py
[2026-09-18T11:15:38.543+0000] {logging_mixin.py:188} INFO - [2026-09-18T11:15:38.543+0000] {dag.py:3096} INFO - Sync 1 DAGs
[2026-09-18T11:15:38.562+0000] {logging_mixin.py:188} INFO - [2026-09-18T11:15:38.562+0000] {dag.py:3954} INFO - Setting next_dagrun for data_loading to None, run_after=None
[2026-09-18T11:15:38.586+0000] {processor.py:183} INFO - Processing /opt/airflow/dags/loading_dag.py took 0.089 seconds
[2026-09-18T11:16:09.061+0000] {processor.py:161} INFO - Started process (PID=1883) to work on /opt/airflow/dags/loading_dag.py
[2026-09-18T11:16:09.066+0000] {processor.py:830} INFO - Processing file /opt/airflow/dags/loading_dag.py for tasks to queue
[2026-09-18T11:16:09.068+0000] {logging_mixin.py:188} INFO - [2026-09-18T11:16:09.067+0000] {dagbag.py:545} INFO - Filling up the DagBag from /opt/airflow/dags/loading_dag.py
[2026-09-18T11:16:09.078+0000] {processor.py:840} INFO - DAG(s) 'data_loading' retrieved from /opt/airflow/dags/loading_dag.py
[2026-09-18T11:16:09.103+0000] {logging_mixin.py:188} INFO - [2026-09-18T11:16:09.103+0000] {dag.py:3096} INFO - Sync 1 DAGs
[2026-09-18T11:16:09.123+0000] {logging_mixin.py:188} INFO - [2026-09-18T11:16:09.123+0000] {dag.py:3954} INFO - Setting next_dagrun for data_loading to None, run_after=None
[2026-09-18T11:16:09.147+0000] {processor.py:183} INFO - Processing /opt/airflow/dags/loading_dag.py took 0.093 seconds
[2026-09-18T11:16:39.526+0000] {processor.py:161} INFO - Started process (PID=1891) to work on /opt/airflow/dags/loading_dag.py
[2026-09-18T11:16:39.530+0000] {processor.py:830} INFO - Processing file /opt/airflow/dags/loading_dag.py for tasks to queue
[2026-09-18T11:16:39.531+0000] {logging_mixin.py:188} INFO - [2026-09-18T11:16:39.531+0000] {dagbag.py:545} INFO - Filling up the DagBag from /opt/airflow/dags/loading_dag.py
[2026-09-18T11:16:39.544+0000] {processor.py:840} INFO - DAG(s) 'data_loading' retrieved from /opt/airflow/dags/loading_dag.py
[2026-09-18T11:16:39.573+0000] {logging_mixin.py:188} INFO - [2026-09-18T11:16:39.573+0000] {dag.py:3096} INFO - Sync 1 DAGs
[2026-09-18T11:16:39.592+0000] {logging_mixin.py:188} INFO - [2026-09-18T11:16:39.592+0000] {dag.py:3954} INFO - Setting next_dagrun for data_loading to None, run_after=None
[2026-09-18T11:16:39.615+0000] {processor.py:183} INFO - Processing /opt/airflow/dags/loading_dag.py took 0.100 seconds
[2026-09-18T11:17:10.101+0000] {processor.py:161} INFO - Started process (PID=1899) to work on /opt/airflow/dags/loading_dag.py
[2026-09-18T11:17:10.102+0000] {processor.py:830} INFO - Processing file /opt/airflow/dags/loading_dag.py for tasks to queue
[2026-09-18T11:17:10.103+0000] {logging_mixin.py:188} INFO - [2026-09-18T11:17:10.102+0000] {dagbag.py:545} INFO - Filling up the DagBag from /opt/airflow/dags/loading_dag.py
[2026-09-18T11:17:10.112+0000] {processor.py:840} INFO - DAG(s) 'data_loading' retrieved from /opt/airflow/dags/loading_dag.py
[2026-09-18T11:17:10.136+0000] {logging_mixin.py:188} INFO - [2026-09-18T11:17:10.136+0000] {dag.py:3096} INFO - Sync 1 DAGs
[2026-09-18T11:17:10.155+0000] {logging_mixin.py:188} INFO - [2026-09-18T11:17:10.155+0000] {dag.py:3954} INFO - Setting next_dagrun for data_loading to None, run_after=None
[2026-09-18T11:17:10.179+0000] {processor.py:183} INFO - Processing /opt/airflow/dags/loading_dag.py took 0.084 seconds
[2026-09-18T11:17:40.695+0000] {processor.py:161} INFO - Started process (PID=1907) to work on /opt/airflow/dags/loading_dag.py
[2026-09-18T11:17:40.696+0000] {processor.py:830} INFO - Processing file /opt/airflow/dags/loading_dag.py for tasks to queue
[2026-09-18T11:17:40.697+0000] {logging_mixin.py:188} INFO - [2026-09-18T11:17:40.697+0000] {dagbag.py:545} INFO - Filling up the DagBag from /opt/airflow/dags/loading_dag.py
[2026-09-18T11:17:40.708+0000] {processor.py:840} INFO - DAG(s) 'data_loading' retrieved from /opt/airflow/dags/loading_dag.py
[2026-09-18T11:17:40.732+0000] {logging_mixin.py:188} INFO - [2026-09-18T11:17:40.732+0000] {dag.py:3096} INFO - Sync 1 DAGs
[2026-09-18T11:17:40.750+0000] {logging_mixin.py:188} INFO - [2026-09-18T11:17:40.750+0000] {dag.py:3954} INFO - Setting next_dagrun for data_loading to None, run_after=None
[2026-09-18T11:17:40.768+0000] {processor.py:183} INFO - Processing /opt/airflow/dags/loading_dag.py took 0.080 seconds
[2026-09-18T11:18:11.303+0000] {processor.py:161} INFO - Started process (PID=1921) to work on /opt/airflow/dags/loading_dag.py
[2026-09-18T11:18:11.304+0000] {processor.py:830} INFO - Processing file /opt/airflow/dags/loading_dag.py for tasks to queue
[2026-09-18T11:18:11.305+0000] {logging_mixin.py:188} INFO - [2026-09-18T11:18:11.305+0000] {dagbag.py:545} INFO - Filling up the DagBag from /opt/airflow/dags/loading_dag.py
[2026-09-18T11:18:11.319+0000] {processor.py:840} INFO - DAG(s) 'data_loading' retrieved from /opt/airflow/dags/loading_dag.py
[2026-09-18T11:18:11.347+0000] {logging_mixin.py:188} INFO - [2026-09-18T11:18:11.346+0000] {dag.py:3096} INFO - Sync 1 DAGs
[2026-09-18T11:18:11.367+0000] {logging_mixin.py:188} INFO - [2026-09-18T11:18:11.367+0000] {dag.py:3954} INFO - Setting next_dagrun for data_loading to None, run_after=None
[2026-09-18T11:18:11.395+0000] {processor.py:183} INFO - Processing /opt/airflow/dags/loading_dag.py took 0.099 seconds
[2026-09-18T11:18:41.820+0000] {processor.py:161} INFO - Started process (PID=1930) to work on /opt/airflow/dags/loading_dag.py
[2026-09-18T11:18:41.822+0000] {processor.py:830} INFO - Processing file /opt/airflow/dags/loading_dag.py for tasks to queue
[2026-09-18T11:18:41.823+0000] {logging_mixin.py:188} INFO - [2026-09-18T11:18:41.823+0000] {dagbag.py:545} INFO - Filling up the DagBag from /opt/airflow/dags/loading_dag.py
[2026-09-18T11:18:41.834+0000] {processor.py:840} INFO - DAG(s) 'data_loading' retrieved from /opt/airflow/dags/loading_dag.py
[2026-09-18T11:18:41.859+0000] {logging_mixin.py:188} INFO - [2026-09-18T11:18:41.858+0000] {dag.py:3096} INFO - Sync 1 DAGs
[2026-09-18T11:18:41.876+0000] {logging_mixin.py:188} INFO - [2026-09-18T11:18:41.875+0000] {dag.py:3954} INFO - Setting next_dagrun for data_loading to None, run_after=None
[2026-09-18T11:18:41.897+0000] {processor.py:183} INFO - Processing /opt/airflow/dags/loading_dag.py took 0.084 seconds
[2026-09-18T11:19:12.403+0000] {processor.py:161} INFO - Started process (PID=1938) to work on /opt/airflow/dags/loading_dag.py
[2026-09-18T11:19:12.404+0000] {processor.py:830} INFO - Processing file /opt/airflow/dags/loading_dag.py for tasks to queue
[2026-09-18T11:19:12.405+0000] {logging_mixin.py:188} INFO - [2026-09-18T11:19:12.405+0000] {dagbag.py:545} INFO - Filling up the DagBag from /opt/airflow/dags/loading_dag.py
[2026-09-18T11:19:12.417+0000] {processor.py:840} INFO - DAG(s) 'data_loading' retrieved from /opt/airflow/dags/loading_dag.py
[2026-09-18T11:19:12.442+0000] {logging_mixin.py:188} INFO - [2026-09-18T11:19:12.442+0000] {dag.py:3096} INFO - Sync 1 DAGs
[2026-09-18T11:19:12.463+0000] {logging_mixin.py:188} INFO - [2026-09-18T11:19:12.463+0000] {dag.py:3954} INFO - Setting next_dagrun for data_loading to None, run_after=None
[2026-09-18T11:19:12.486+0000] {processor.py:183} INFO - Processing /opt/airflow/dags/loading_dag.py took 0.090 seconds
[2026-09-18T11:19:42.952+0000] {processor.py:161} INFO - Started process (PID=1946) to work on /opt/airflow/dags/loading_dag.py
[2026-09-18T11:19:42.958+0000] {processor.py:830} INFO - Processing file /opt/airflow/dags/loading_dag.py for tasks to queue
[2026-09-18T11:19:42.959+0000] {logging_mixin.py:188} INFO - [2026-09-18T11:19:42.958+0000] {dagbag.py:545} INFO - Filling up the DagBag from /opt/airflow/dags/loading_dag.py
[2026-09-18T11:19:42.968+0000] {processor.py:840} INFO - DAG(s) 'data_loading' retrieved from /opt/airflow/dags/loading_dag.py
[2026-09-18T11:19:42.991+0000] {logging_mixin.py:188} INFO - [2026-09-18T11:19:42.991+0000] {dag.py:3096} INFO - Sync 1 DAGs
[2026-09-18T11:19:43.011+0000] {logging_mixin.py:188} INFO - [2026-09-18T11:19:43.010+0000] {dag.py:3954} INFO - Setting next_dagrun for data_loading to None, run_after=None
[2026-09-18T11:19:43.033+0000] {processor.py:183} INFO - Processing /opt/airflow/dags/loading_dag.py took 0.087 seconds
[2026-09-18T11:21:09.285+0000] {processor.py:161} INFO - Started process (PID=1947) to work on /opt/airflow/dags/loading_dag.py
[2026-09-18T11:21:09.286+0000] {processor.py:830} INFO - Processing file /opt/airflow/dags/loading_dag.py for tasks to queue
[2026-09-18T11:21:09.287+0000] {logging_mixin.py:188} INFO - [2026-09-18T11:21:09.286+0000] {dagbag.py:545} INFO - Filling up the DagBag from /opt/airflow/dags/loading_dag.py
[2026-09-18T11:21:09.297+0000] {processor.py:840} INFO - DAG(s) 'data_loading' retrieved from /opt/airflow/dags/loading_dag.py
[2026-09-18T11:21:09.323+0000] {logging_mixin.py:188} INFO - [2026-09-18T11:21:09.323+0000] {dag.py:3096} INFO - Sync 1 DAGs
[2026-09-18T11:21:09.342+0000] {logging_mixin.py:188} INFO - [2026-09-18T11:21:09.342+0000] {dag.py:3954} INFO - Setting next_dagrun for data_loading to None, run_after=None
[2026-09-18T11:21:09.364+0000] {processor.py:183} INFO - Processing /opt/airflow/dags/loading_dag.py took 0.091 seconds
[2026-09-18T11:21:39.703+0000] {processor.py:161} INFO - Started process (PID=1955) to work on /opt/airflow/dags/loading_dag.py
[2026-09-18T11:21:39.709+0000] {processor.py:830} INFO - Processing file /opt/airflow/dags/loading_dag.py for tasks to queue
[2026-09-18T11:21:39.709+0000] {logging_mixin.py:188} INFO - [2026-09-18T11:21:39.709+0000] {dagbag.py:545} INFO - Filling up the DagBag from /opt/airflow/dags/loading_dag.py
[2026-09-18T11:21:39.720+0000] {processor.py:840} INFO - DAG(s) 'data_loading' retrieved from /opt/airflow/dags/loading_dag.py
[2026-09-18T11:21:39.746+0000] {logging_mixin.py:188} INFO - [2026-09-18T11:21:39.745+0000] {dag.py:3096} INFO - Sync 1 DAGs
[2026-09-18T11:21:39.766+0000] {logging_mixin.py:188} INFO - [2026-09-18T11:21:39.766+0000] {dag.py:3954} INFO - Setting next_dagrun for data_loading to None, run_after=None
[2026-09-18T11:21:39.785+0000] {processor.py:183} INFO - Processing /opt/airflow/dags/loading_dag.py took 0.090 seconds
[2026-09-18T11:22:10.510+0000] {processor.py:161} INFO - Started process (PID=1963) to work on /opt/airflow/dags/loading_dag.py
[2026-09-18T11:22:10.512+0000] {processor.py:830} INFO - Processing file /opt/airflow/dags/loading_dag.py for tasks to queue
[2026-09-18T11:22:10.513+0000] {logging_mixin.py:188} INFO - [2026-09-18T11:22:10.512+0000] {dagbag.py:545} INFO - Filling up the DagBag from /opt/airflow/dags/loading_dag.py
[2026-09-18T11:22:10.526+0000] {processor.py:840} INFO - DAG(s) 'data_loading' retrieved from /opt/airflow/dags/loading_dag.py
[2026-09-18T11:22:10.560+0000] {logging_mixin.py:188} INFO - [2026-09-18T11:22:10.560+0000] {dag.py:3096} INFO - Sync 1 DAGs
[2026-09-18T11:22:10.587+0000] {logging_mixin.py:188} INFO - [2026-09-18T11:22:10.587+0000] {dag.py:3954} INFO - Setting next_dagrun for data_loading to None, run_after=None
[2026-09-18T11:22:10.613+0000] {processor.py:183} INFO - Processing /opt/airflow/dags/loading_dag.py took 0.112 seconds
[2026-09-18T11:22:40.986+0000] {processor.py:161} INFO - Started process (PID=1971) to work on /opt/airflow/dags/loading_dag.py
[2026-09-18T11:22:40.992+0000] {processor.py:830} INFO - Processing file /opt/airflow/dags/loading_dag.py for tasks to queue
[2026-09-18T11:22:40.993+0000] {logging_mixin.py:188} INFO - [2026-09-18T11:22:40.992+0000] {dagbag.py:545} INFO - Filling up the DagBag from /opt/airflow/dags/loading_dag.py
[2026-09-18T11:22:41.004+0000] {processor.py:840} INFO - DAG(s) 'data_loading' retrieved from /opt/airflow/dags/loading_dag.py
[2026-09-18T11:22:41.036+0000] {logging_mixin.py:188} INFO - [2026-09-18T11:22:41.035+0000] {dag.py:3096} INFO - Sync 1 DAGs
[2026-09-18T11:22:41.058+0000] {logging_mixin.py:188} INFO - [2026-09-18T11:22:41.057+0000] {dag.py:3954} INFO - Setting next_dagrun for data_loading to None, run_after=None
[2026-09-18T11:22:41.080+0000] {processor.py:183} INFO - Processing /opt/airflow/dags/loading_dag.py took 0.101 seconds
[2026-09-18T11:23:11.441+0000] {processor.py:161} INFO - Started process (PID=1986) to work on /opt/airflow/dags/loading_dag.py
[2026-09-18T11:23:11.446+0000] {processor.py:830} INFO - Processing file /opt/airflow/dags/loading_dag.py for tasks to queue
[2026-09-18T11:23:11.447+0000] {logging_mixin.py:188} INFO - [2026-09-18T11:23:11.447+0000] {dagbag.py:545} INFO - Filling up the DagBag from /opt/airflow/dags/loading_dag.py
[2026-09-18T11:23:11.461+0000] {processor.py:840} INFO - DAG(s) 'data_loading' retrieved from /opt/airflow/dags/loading_dag.py
[2026-09-18T11:23:11.494+0000] {logging_mixin.py:188} INFO - [2026-09-18T11:23:11.494+0000] {dag.py:3096} INFO - Sync 1 DAGs
[2026-09-18T11:23:11.518+0000] {logging_mixin.py:188} INFO - [2026-09-18T11:23:11.518+0000] {dag.py:3954} INFO - Setting next_dagrun for data_loading to None, run_after=None
[2026-09-18T11:23:11.543+0000] {processor.py:183} INFO - Processing /opt/airflow/dags/loading_dag.py took 0.110 seconds
[2026-09-18T11:23:42.290+0000] {processor.py:161} INFO - Started process (PID=1994) to work on /opt/airflow/dags/loading_dag.py
[2026-09-18T11:23:42.291+0000] {processor.py:830} INFO - Processing file /opt/airflow/dags/loading_dag.py for tasks to queue
[2026-09-18T11:23:42.293+0000] {logging_mixin.py:188} INFO - [2026-09-18T11:23:42.292+0000] {dagbag.py:545} INFO - Filling up the DagBag from /opt/airflow/dags/loading_dag.py
[2026-09-18T11:23:42.305+0000] {processor.py:840} INFO - DAG(s) 'data_loading' retrieved from /opt/airflow/dags/loading_dag.py
[2026-09-18T11:23:42.333+0000] {logging_mixin.py:188} INFO - [2026-09-18T11:23:42.333+0000] {dag.py:3096} INFO - Sync 1 DAGs
[2026-09-18T11:23:42.355+0000] {logging_mixin.py:188} INFO - [2026-09-18T11:23:42.354+0000] {dag.py:3954} INFO - Setting next_dagrun for data_loading to None, run_after=None
[2026-09-18T11:23:42.377+0000] {processor.py:183} INFO - Processing /opt/airflow/dags/loading_dag.py took 0.096 seconds
[2026-09-18T11:24:12.907+0000] {processor.py:161} INFO - Started process (PID=2002) to work on /opt/airflow/dags/loading_dag.py
[2026-09-18T11:24:12.912+0000] {processor.py:830} INFO - Processing file /opt/airflow/dags/loading_dag.py for tasks to queue
[2026-09-18T11:24:12.914+0000] {logging_mixin.py:188} INFO - [2026-09-18T11:24:12.913+0000] {dagbag.py:545} INFO - Filling up the DagBag from /opt/airflow/dags/loading_dag.py
[2026-09-18T11:24:12.925+0000] {processor.py:840} INFO - DAG(s) 'data_loading' retrieved from /opt/airflow/dags/loading_dag.py
[2026-09-18T11:24:12.959+0000] {logging_mixin.py:188} INFO - [2026-09-18T11:24:12.959+0000] {dag.py:3096} INFO - Sync 1 DAGs
[2026-09-18T11:24:12.985+0000] {logging_mixin.py:188} INFO - [2026-09-18T11:24:12.985+0000] {dag.py:3954} INFO - Setting next_dagrun for data_loading to None, run_after=None
[2026-09-18T11:24:13.012+0000] {processor.py:183} INFO - Processing /opt/airflow/dags/loading_dag.py took 0.112 seconds
[2026-09-18T11:24:43.770+0000] {processor.py:161} INFO - Started process (PID=2010) to work on /opt/airflow/dags/loading_dag.py
[2026-09-18T11:24:43.771+0000] {processor.py:830} INFO - Processing file /opt/airflow/dags/loading_dag.py for tasks to queue
[2026-09-18T11:24:43.772+0000] {logging_mixin.py:188} INFO - [2026-09-18T11:24:43.772+0000] {dagbag.py:545} INFO - Filling up the DagBag from /opt/airflow/dags/loading_dag.py
[2026-09-18T11:24:43.784+0000] {processor.py:840} INFO - DAG(s) 'data_loading' retrieved from /opt/airflow/dags/loading_dag.py
[2026-09-18T11:24:43.816+0000] {logging_mixin.py:188} INFO - [2026-09-18T11:24:43.816+0000] {dag.py:3096} INFO - Sync 1 DAGs
[2026-09-18T11:24:43.840+0000] {logging_mixin.py:188} INFO - [2026-09-18T11:24:43.840+0000] {dag.py:3954} INFO - Setting next_dagrun for data_loading to None, run_after=None
[2026-09-18T11:24:43.864+0000] {processor.py:183} INFO - Processing /opt/airflow/dags/loading_dag.py took 0.102 seconds
[2026-09-18T11:25:14.435+0000] {processor.py:161} INFO - Started process (PID=2018) to work on /opt/airflow/dags/loading_dag.py
[2026-09-18T11:25:14.441+0000] {processor.py:830} INFO - Processing file /opt/airflow/dags/loading_dag.py for tasks to queue
[2026-09-18T11:25:14.442+0000] {logging_mixin.py:188} INFO - [2026-09-18T11:25:14.441+0000] {dagbag.py:545} INFO - Filling up the DagBag from /opt/airflow/dags/loading_dag.py
[2026-09-18T11:25:14.456+0000] {processor.py:840} INFO - DAG(s) 'data_loading' retrieved from /opt/airflow/dags/loading_dag.py
[2026-09-18T11:25:14.498+0000] {logging_mixin.py:188} INFO - [2026-09-18T11:25:14.497+0000] {dag.py:3096} INFO - Sync 1 DAGs
[2026-09-18T11:25:14.529+0000] {logging_mixin.py:188} INFO - [2026-09-18T11:25:14.529+0000] {dag.py:3954} INFO - Setting next_dagrun for data_loading to None, run_after=None
[2026-09-18T11:25:14.554+0000] {processor.py:183} INFO - Processing /opt/airflow/dags/loading_dag.py took 0.130 seconds
[2026-09-18T11:25:45.140+0000] {processor.py:161} INFO - Started process (PID=2026) to work on /opt/airflow/dags/loading_dag.py
[2026-09-18T11:25:45.141+0000] {processor.py:830} INFO - Processing file /opt/airflow/dags/loading_dag.py for tasks to queue
[2026-09-18T11:25:45.143+0000] {logging_mixin.py:188} INFO - [2026-09-18T11:25:45.142+0000] {dagbag.py:545} INFO - Filling up the DagBag from /opt/airflow/dags/loading_dag.py
[2026-09-18T11:25:45.154+0000] {processor.py:840} INFO - DAG(s) 'data_loading' retrieved from /opt/airflow/dags/loading_dag.py
[2026-09-18T11:25:45.185+0000] {logging_mixin.py:188} INFO - [2026-09-18T11:25:45.184+0000] {dag.py:3096} INFO - Sync 1 DAGs
[2026-09-18T11:25:45.218+0000] {logging_mixin.py:188} INFO - [2026-09-18T11:25:45.218+0000] {dag.py:3954} INFO - Setting next_dagrun for data_loading to None, run_after=None
[2026-09-18T11:25:45.247+0000] {processor.py:183} INFO - Processing /opt/airflow/dags/loading_dag.py took 0.114 seconds
[2026-09-18T11:26:15.617+0000] {processor.py:161} INFO - Started process (PID=2034) to work on /opt/airflow/dags/loading_dag.py
[2026-09-18T11:26:15.623+0000] {processor.py:830} INFO - Processing file /opt/airflow/dags/loading_dag.py for tasks to queue
[2026-09-18T11:26:15.624+0000] {logging_mixin.py:188} INFO - [2026-09-18T11:26:15.623+0000] {dagbag.py:545} INFO - Filling up the DagBag from /opt/airflow/dags/loading_dag.py
[2026-09-18T11:26:15.634+0000] {processor.py:840} INFO - DAG(s) 'data_loading' retrieved from /opt/airflow/dags/loading_dag.py
[2026-09-18T11:26:15.664+0000] {logging_mixin.py:188} INFO - [2026-09-18T11:26:15.664+0000] {dag.py:3096} INFO - Sync 1 DAGs
[2026-09-18T11:26:15.686+0000] {logging_mixin.py:188} INFO - [2026-09-18T11:26:15.686+0000] {dag.py:3954} INFO - Setting next_dagrun for data_loading to None, run_after=None
[2026-09-18T11:26:15.708+0000] {processor.py:183} INFO - Processing /opt/airflow/dags/loading_dag.py took 0.098 seconds
[2026-09-18T11:26:46.340+0000] {processor.py:161} INFO - Started process (PID=2042) to work on /opt/airflow/dags/loading_dag.py
[2026-09-18T11:26:46.346+0000] {processor.py:830} INFO - Processing file /opt/airflow/dags/loading_dag.py for tasks to queue
[2026-09-18T11:26:46.347+0000] {logging_mixin.py:188} INFO - [2026-09-18T11:26:46.347+0000] {dagbag.py:545} INFO - Filling up the DagBag from /opt/airflow/dags/loading_dag.py
[2026-09-18T11:26:46.359+0000] {processor.py:840} INFO - DAG(s) 'data_loading' retrieved from /opt/airflow/dags/loading_dag.py
[2026-09-18T11:26:46.387+0000] {logging_mixin.py:188} INFO - [2026-09-18T11:26:46.387+0000] {dag.py:3096} INFO - Sync 1 DAGs
[2026-09-18T11:26:46.409+0000] {logging_mixin.py:188} INFO - [2026-09-18T11:26:46.408+0000] {dag.py:3954} INFO - Setting next_dagrun for data_loading to None, run_after=None
[2026-09-18T11:26:46.431+0000] {processor.py:183} INFO - Processing /opt/airflow/dags/loading_dag.py took 0.101 seconds
[2026-09-18T11:27:16.957+0000] {processor.py:161} INFO - Started process (PID=2050) to work on /opt/airflow/dags/loading_dag.py
[2026-09-18T11:27:16.959+0000] {processor.py:830} INFO - Processing file /opt/airflow/dags/loading_dag.py for tasks to queue
[2026-09-18T11:27:16.960+0000] {logging_mixin.py:188} INFO - [2026-09-18T11:27:16.960+0000] {dagbag.py:545} INFO - Filling up the DagBag from /opt/airflow/dags/loading_dag.py
[2026-09-18T11:27:16.975+0000] {processor.py:840} INFO - DAG(s) 'data_loading' retrieved from /opt/airflow/dags/loading_dag.py
[2026-09-18T11:27:17.004+0000] {logging_mixin.py:188} INFO - [2026-09-18T11:27:17.004+0000] {dag.py:3096} INFO - Sync 1 DAGs
[2026-09-18T11:27:17.026+0000] {logging_mixin.py:188} INFO - [2026-09-18T11:27:17.026+0000] {dag.py:3954} INFO - Setting next_dagrun for data_loading to None, run_after=None
[2026-09-18T11:27:17.052+0000] {processor.py:183} INFO - Processing /opt/airflow/dags/loading_dag.py took 0.104 seconds
[2026-09-18T11:27:47.466+0000] {processor.py:161} INFO - Started process (PID=2058) to work on /opt/airflow/dags/loading_dag.py
[2026-09-18T11:27:47.471+0000] {processor.py:830} INFO - Processing file /opt/airflow/dags/loading_dag.py for tasks to queue
[2026-09-18T11:27:47.472+0000] {logging_mixin.py:188} INFO - [2026-09-18T11:27:47.472+0000] {dagbag.py:545} INFO - Filling up the DagBag from /opt/airflow/dags/loading_dag.py
[2026-09-18T11:27:47.483+0000] {processor.py:840} INFO - DAG(s) 'data_loading' retrieved from /opt/airflow/dags/loading_dag.py
[2026-09-18T11:27:47.511+0000] {logging_mixin.py:188} INFO - [2026-09-18T11:27:47.511+0000] {dag.py:3096} INFO - Sync 1 DAGs
[2026-09-18T11:27:47.533+0000] {logging_mixin.py:188} INFO - [2026-09-18T11:27:47.533+0000] {dag.py:3954} INFO - Setting next_dagrun for data_loading to None, run_after=None
[2026-09-18T11:27:47.558+0000] {processor.py:183} INFO - Processing /opt/airflow/dags/loading_dag.py took 0.099 seconds
[2026-09-18T11:28:17.967+0000] {processor.py:161} INFO - Started process (PID=2066) to work on /opt/airflow/dags/loading_dag.py
[2026-09-18T11:28:17.969+0000] {processor.py:830} INFO - Processing file /opt/airflow/dags/loading_dag.py for tasks to queue
[2026-09-18T11:28:17.970+0000] {logging_mixin.py:188} INFO - [2026-09-18T11:28:17.969+0000] {dagbag.py:545} INFO - Filling up the DagBag from /opt/airflow/dags/loading_dag.py
[2026-09-18T11:28:17.985+0000] {processor.py:840} INFO - DAG(s) 'data_loading' retrieved from /opt/airflow/dags/loading_dag.py
[2026-09-18T11:28:18.015+0000] {logging_mixin.py:188} INFO - [2026-09-18T11:28:18.015+0000] {dag.py:3096} INFO - Sync 1 DAGs
[2026-09-18T11:28:18.036+0000] {logging_mixin.py:188} INFO - [2026-09-18T11:28:18.036+0000] {dag.py:3954} INFO - Setting next_dagrun for data_loading to None, run_after=None
[2026-09-18T11:28:18.062+0000] {processor.py:183} INFO - Processing /opt/airflow/dags/loading_dag.py took 0.104 seconds
[2026-09-18T11:28:48.635+0000] {processor.py:161} INFO - Started process (PID=2074) to work on /opt/airflow/dags/loading_dag.py
[2026-09-18T11:28:48.636+0000] {processor.py:830} INFO - Processing file /opt/airflow/dags/loading_dag.py for tasks to queue
[2026-09-18T11:28:48.637+0000] {logging_mixin.py:188} INFO - [2026-09-18T11:28:48.637+0000] {dagbag.py:545} INFO - Filling up the DagBag from /opt/airflow/dags/loading_dag.py
[2026-09-18T11:28:48.652+0000] {processor.py:840} INFO - DAG(s) 'data_loading' retrieved from /opt/airflow/dags/loading_dag.py
[2026-09-18T11:28:48.683+0000] {logging_mixin.py:188} INFO - [2026-09-18T11:28:48.683+0000] {dag.py:3096} INFO - Sync 1 DAGs
[2026-09-18T11:28:48.704+0000] {logging_mixin.py:188} INFO - [2026-09-18T11:28:48.704+0000] {dag.py:3954} INFO - Setting next_dagrun for data_loading to None, run_after=None
[2026-09-18T11:28:48.729+0000] {processor.py:183} INFO - Processing /opt/airflow/dags/loading_dag.py took 0.102 seconds
[2026-09-18T11:29:19.132+0000] {processor.py:161} INFO - Started process (PID=2082) to work on /opt/airflow/dags/loading_dag.py
[2026-09-18T11:29:19.138+0000] {processor.py:830} INFO - Processing file /opt/airflow/dags/loading_dag.py for tasks to queue
[2026-09-18T11:29:19.139+0000] {logging_mixin.py:188} INFO - [2026-09-18T11:29:19.138+0000] {dagbag.py:545} INFO - Filling up the DagBag from /opt/airflow/dags/loading_dag.py
[2026-09-18T11:29:19.150+0000] {processor.py:840} INFO - DAG(s) 'data_loading' retrieved from /opt/airflow/dags/loading_dag.py
[2026-09-18T11:29:19.182+0000] {logging_mixin.py:188} INFO - [2026-09-18T11:29:19.182+0000] {dag.py:3096} INFO - Sync 1 DAGs
[2026-09-18T11:29:19.207+0000] {logging_mixin.py:188} INFO - [2026-09-18T11:29:19.207+0000] {dag.py:3954} INFO - Setting next_dagrun for data_loading to None, run_after=None
[2026-09-18T11:29:19.227+0000] {processor.py:183} INFO - Processing /opt/airflow/dags/loading_dag.py took 0.103 seconds
[2026-09-18T11:29:49.717+0000] {processor.py:161} INFO - Started process (PID=2097) to work on /opt/airflow/dags/loading_dag.py
[2026-09-18T11:29:49.718+0000] {processor.py:830} INFO - Processing file /opt/airflow/dags/loading_dag.py for tasks to queue
[2026-09-18T11:29:49.719+0000] {logging_mixin.py:188} INFO - [2026-09-18T11:29:49.719+0000] {dagbag.py:545} INFO - Filling up the DagBag from /opt/airflow/dags/loading_dag.py
[2026-09-18T11:29:49.732+0000] {processor.py:840} INFO - DAG(s) 'data_loading' retrieved from /opt/airflow/dags/loading_dag.py
[2026-09-18T11:29:49.773+0000] {logging_mixin.py:188} INFO - [2026-09-18T11:29:49.773+0000] {dag.py:3096} INFO - Sync 1 DAGs
[2026-09-18T11:29:49.800+0000] {logging_mixin.py:188} INFO - [2026-09-18T11:29:49.799+0000] {dag.py:3954} INFO - Setting next_dagrun for data_loading to None, run_after=None
[2026-09-18T11:29:49.827+0000] {processor.py:183} INFO - Processing /opt/airflow/dags/loading_dag.py took 0.116 seconds
[2026-09-18T11:30:20.510+0000] {processor.py:161} INFO - Started process (PID=2105) to work on /opt/airflow/dags/loading_dag.py
[2026-09-18T11:30:20.515+0000] {processor.py:830} INFO - Processing file /opt/airflow/dags/loading_dag.py for tasks to queue
[2026-09-18T11:30:20.516+0000] {logging_mixin.py:188} INFO - [2026-09-18T11:30:20.516+0000] {dagbag.py:545} INFO - Filling up the DagBag from /opt/airflow/dags/loading_dag.py
[2026-09-18T11:30:20.527+0000] {processor.py:840} INFO - DAG(s) 'data_loading' retrieved from /opt/airflow/dags/loading_dag.py
[2026-09-18T11:30:20.555+0000] {logging_mixin.py:188} INFO - [2026-09-18T11:30:20.555+0000] {dag.py:3096} INFO - Sync 1 DAGs
[2026-09-18T11:30:20.576+0000] {logging_mixin.py:188} INFO - [2026-09-18T11:30:20.576+0000] {dag.py:3954} INFO - Setting next_dagrun for data_loading to None, run_after=None
[2026-09-18T11:30:20.602+0000] {processor.py:183} INFO - Processing /opt/airflow/dags/loading_dag.py took 0.098 seconds
[2026-09-18T11:30:51.306+0000] {processor.py:161} INFO - Started process (PID=2113) to work on /opt/airflow/dags/loading_dag.py
[2026-09-18T11:30:51.307+0000] {processor.py:830} INFO - Processing file /opt/airflow/dags/loading_dag.py for tasks to queue
[2026-09-18T11:30:51.309+0000] {logging_mixin.py:188} INFO - [2026-09-18T11:30:51.308+0000] {dagbag.py:545} INFO - Filling up the DagBag from /opt/airflow/dags/loading_dag.py
[2026-09-18T11:30:51.324+0000] {processor.py:840} INFO - DAG(s) 'data_loading' retrieved from /opt/airflow/dags/loading_dag.py
[2026-09-18T11:30:51.351+0000] {logging_mixin.py:188} INFO - [2026-09-18T11:30:51.351+0000] {dag.py:3096} INFO - Sync 1 DAGs
[2026-09-18T11:30:51.375+0000] {logging_mixin.py:188} INFO - [2026-09-18T11:30:51.375+0000] {dag.py:3954} INFO - Setting next_dagrun for data_loading to None, run_after=None
[2026-09-18T11:30:51.402+0000] {processor.py:183} INFO - Processing /opt/airflow/dags/loading_dag.py took 0.103 seconds
[2026-09-18T11:31:21.946+0000] {processor.py:161} INFO - Started process (PID=2121) to work on /opt/airflow/dags/loading_dag.py
[2026-09-18T11:31:21.951+0000] {processor.py:830} INFO - Processing file /opt/airflow/dags/loading_dag.py for tasks to queue
[2026-09-18T11:31:21.952+0000] {logging_mixin.py:188} INFO - [2026-09-18T11:31:21.952+0000] {dagbag.py:545} INFO - Filling up the DagBag from /opt/airflow/dags/loading_dag.py
[2026-09-18T11:31:21.964+0000] {processor.py:840} INFO - DAG(s) 'data_loading' retrieved from /opt/airflow/dags/loading_dag.py
[2026-09-18T11:31:21.996+0000] {logging_mixin.py:188} INFO - [2026-09-18T11:31:21.996+0000] {dag.py:3096} INFO - Sync 1 DAGs
[2026-09-18T11:31:22.019+0000] {logging_mixin.py:188} INFO - [2026-09-18T11:31:22.019+0000] {dag.py:3954} INFO - Setting next_dagrun for data_loading to None, run_after=None
[2026-09-18T11:31:22.041+0000] {processor.py:183} INFO - Processing /opt/airflow/dags/loading_dag.py took 0.102 seconds
[2026-09-18T11:31:52.397+0000] {processor.py:161} INFO - Started process (PID=2129) to work on /opt/airflow/dags/loading_dag.py
[2026-09-18T11:31:52.399+0000] {processor.py:830} INFO - Processing file /opt/airflow/dags/loading_dag.py for tasks to queue
[2026-09-18T11:31:52.400+0000] {logging_mixin.py:188} INFO - [2026-09-18T11:31:52.399+0000] {dagbag.py:545} INFO - Filling up the DagBag from /opt/airflow/dags/loading_dag.py
[2026-09-18T11:31:52.415+0000] {processor.py:840} INFO - DAG(s) 'data_loading' retrieved from /opt/airflow/dags/loading_dag.py
[2026-09-18T11:31:52.446+0000] {logging_mixin.py:188} INFO - [2026-09-18T11:31:52.445+0000] {dag.py:3096} INFO - Sync 1 DAGs
[2026-09-18T11:31:52.468+0000] {logging_mixin.py:188} INFO - [2026-09-18T11:31:52.467+0000] {dag.py:3954} INFO - Setting next_dagrun for data_loading to None, run_after=None
[2026-09-18T11:31:52.494+0000] {processor.py:183} INFO - Processing /opt/airflow/dags/loading_dag.py took 0.105 seconds
[2026-09-18T11:32:22.923+0000] {processor.py:161} INFO - Started process (PID=2137) to work on /opt/airflow/dags/loading_dag.py
[2026-09-18T11:32:22.929+0000] {processor.py:830} INFO - Processing file /opt/airflow/dags/loading_dag.py for tasks to queue
[2026-09-18T11:32:22.929+0000] {logging_mixin.py:188} INFO - [2026-09-18T11:32:22.929+0000] {dagbag.py:545} INFO - Filling up the DagBag from /opt/airflow/dags/loading_dag.py
[2026-09-18T11:32:22.941+0000] {processor.py:840} INFO - DAG(s) 'data_loading' retrieved from /opt/airflow/dags/loading_dag.py
[2026-09-18T11:32:22.970+0000] {logging_mixin.py:188} INFO - [2026-09-18T11:32:22.970+0000] {dag.py:3096} INFO - Sync 1 DAGs
[2026-09-18T11:32:22.992+0000] {logging_mixin.py:188} INFO - [2026-09-18T11:32:22.992+0000] {dag.py:3954} INFO - Setting next_dagrun for data_loading to None, run_after=None
[2026-09-18T11:32:23.014+0000] {processor.py:183} INFO - Processing /opt/airflow/dags/loading_dag.py took 0.101 seconds
[2026-09-18T11:32:53.589+0000] {processor.py:161} INFO - Started process (PID=2145) to work on /opt/airflow/dags/loading_dag.py
[2026-09-18T11:32:53.590+0000] {processor.py:830} INFO - Processing file /opt/airflow/dags/loading_dag.py for tasks to queue
[2026-09-18T11:32:53.591+0000] {logging_mixin.py:188} INFO - [2026-09-18T11:32:53.591+0000] {dagbag.py:545} INFO - Filling up the DagBag from /opt/airflow/dags/loading_dag.py
[2026-09-18T11:32:53.603+0000] {processor.py:840} INFO - DAG(s) 'data_loading' retrieved from /opt/airflow/dags/loading_dag.py
[2026-09-18T11:32:53.634+0000] {logging_mixin.py:188} INFO - [2026-09-18T11:32:53.633+0000] {dag.py:3096} INFO - Sync 1 DAGs
[2026-09-18T11:32:53.658+0000] {logging_mixin.py:188} INFO - [2026-09-18T11:32:53.658+0000] {dag.py:3954} INFO - Setting next_dagrun for data_loading to None, run_after=None
[2026-09-18T11:32:53.684+0000] {processor.py:183} INFO - Processing /opt/airflow/dags/loading_dag.py took 0.101 seconds
[2026-09-18T11:33:24.050+0000] {processor.py:161} INFO - Started process (PID=2153) to work on /opt/airflow/dags/loading_dag.py
[2026-09-18T11:33:24.055+0000] {processor.py:830} INFO - Processing file /opt/airflow/dags/loading_dag.py for tasks to queue
[2026-09-18T11:33:24.056+0000] {logging_mixin.py:188} INFO - [2026-09-18T11:33:24.056+0000] {dagbag.py:545} INFO - Filling up the DagBag from /opt/airflow/dags/loading_dag.py
[2026-09-18T11:33:24.068+0000] {processor.py:840} INFO - DAG(s) 'data_loading' retrieved from /opt/airflow/dags/loading_dag.py
[2026-09-18T11:33:24.100+0000] {logging_mixin.py:188} INFO - [2026-09-18T11:33:24.100+0000] {dag.py:3096} INFO - Sync 1 DAGs
[2026-09-18T11:33:24.122+0000] {logging_mixin.py:188} INFO - [2026-09-18T11:33:24.122+0000] {dag.py:3954} INFO - Setting next_dagrun for data_loading to None, run_after=None
[2026-09-18T11:33:24.144+0000] {processor.py:183} INFO - Processing /opt/airflow/dags/loading_dag.py took 0.102 seconds
[2026-09-18T11:33:54.630+0000] {processor.py:161} INFO - Started process (PID=2161) to work on /opt/airflow/dags/loading_dag.py
[2026-09-18T11:33:54.637+0000] {processor.py:830} INFO - Processing file /opt/airflow/dags/loading_dag.py for tasks to queue
[2026-09-18T11:33:54.638+0000] {logging_mixin.py:188} INFO - [2026-09-18T11:33:54.638+0000] {dagbag.py:545} INFO - Filling up the DagBag from /opt/airflow/dags/loading_dag.py
[2026-09-18T11:33:54.656+0000] {processor.py:840} INFO - DAG(s) 'data_loading' retrieved from /opt/airflow/dags/loading_dag.py
[2026-09-18T11:33:54.694+0000] {logging_mixin.py:188} INFO - [2026-09-18T11:33:54.694+0000] {dag.py:3096} INFO - Sync 1 DAGs
[2026-09-18T11:33:54.726+0000] {logging_mixin.py:188} INFO - [2026-09-18T11:33:54.726+0000] {dag.py:3954} INFO - Setting next_dagrun for data_loading to None, run_after=None
[2026-09-18T11:33:54.759+0000] {processor.py:183} INFO - Processing /opt/airflow/dags/loading_dag.py took 0.137 seconds
[2026-09-18T11:34:25.348+0000] {processor.py:161} INFO - Started process (PID=2169) to work on /opt/airflow/dags/loading_dag.py
[2026-09-18T11:34:25.351+0000] {processor.py:830} INFO - Processing file /opt/airflow/dags/loading_dag.py for tasks to queue
[2026-09-18T11:34:25.352+0000] {logging_mixin.py:188} INFO - [2026-09-18T11:34:25.352+0000] {dagbag.py:545} INFO - Filling up the DagBag from /opt/airflow/dags/loading_dag.py
[2026-09-18T11:34:25.368+0000] {processor.py:840} INFO - DAG(s) 'data_loading' retrieved from /opt/airflow/dags/loading_dag.py
[2026-09-18T11:34:25.407+0000] {logging_mixin.py:188} INFO - [2026-09-18T11:34:25.407+0000] {dag.py:3096} INFO - Sync 1 DAGs
[2026-09-18T11:34:25.437+0000] {logging_mixin.py:188} INFO - [2026-09-18T11:34:25.436+0000] {dag.py:3954} INFO - Setting next_dagrun for data_loading to None, run_after=None
[2026-09-18T11:34:25.463+0000] {processor.py:183} INFO - Processing /opt/airflow/dags/loading_dag.py took 0.130 seconds
[2026-09-18T11:34:56.005+0000] {processor.py:161} INFO - Started process (PID=2176) to work on /opt/airflow/dags/loading_dag.py
[2026-09-18T11:34:56.012+0000] {processor.py:830} INFO - Processing file /opt/airflow/dags/loading_dag.py for tasks to queue
[2026-09-18T11:34:56.014+0000] {logging_mixin.py:188} INFO - [2026-09-18T11:34:56.013+0000] {dagbag.py:545} INFO - Filling up the DagBag from /opt/airflow/dags/loading_dag.py
[2026-09-18T11:34:56.036+0000] {processor.py:840} INFO - DAG(s) 'data_loading' retrieved from /opt/airflow/dags/loading_dag.py
[2026-09-18T11:34:56.111+0000] {logging_mixin.py:188} INFO - [2026-09-18T11:34:56.111+0000] {dag.py:3096} INFO - Sync 1 DAGs
[2026-09-18T11:34:56.183+0000] {logging_mixin.py:188} INFO - [2026-09-18T11:34:56.183+0000] {dag.py:3954} INFO - Setting next_dagrun for data_loading to None, run_after=None
[2026-09-18T11:34:56.228+0000] {processor.py:183} INFO - Processing /opt/airflow/dags/loading_dag.py took 0.239 seconds
[2026-09-18T11:35:26.785+0000] {processor.py:161} INFO - Started process (PID=2190) to work on /opt/airflow/dags/loading_dag.py
[2026-09-18T11:35:26.788+0000] {processor.py:830} INFO - Processing file /opt/airflow/dags/loading_dag.py for tasks to queue
[2026-09-18T11:35:26.790+0000] {logging_mixin.py:188} INFO - [2026-09-18T11:35:26.790+0000] {dagbag.py:545} INFO - Filling up the DagBag from /opt/airflow/dags/loading_dag.py
[2026-09-18T11:35:26.816+0000] {processor.py:840} INFO - DAG(s) 'data_loading' retrieved from /opt/airflow/dags/loading_dag.py
[2026-09-18T11:35:26.880+0000] {logging_mixin.py:188} INFO - [2026-09-18T11:35:26.880+0000] {dag.py:3096} INFO - Sync 1 DAGs
[2026-09-18T11:35:26.917+0000] {logging_mixin.py:188} INFO - [2026-09-18T11:35:26.916+0000] {dag.py:3954} INFO - Setting next_dagrun for data_loading to None, run_after=None
[2026-09-18T11:35:26.946+0000] {processor.py:183} INFO - Processing /opt/airflow/dags/loading_dag.py took 0.182 seconds
[2026-09-18T11:35:57.520+0000] {processor.py:161} INFO - Started process (PID=2198) to work on /opt/airflow/dags/loading_dag.py
[2026-09-18T11:35:57.522+0000] {processor.py:830} INFO - Processing file /opt/airflow/dags/loading_dag.py for tasks to queue
[2026-09-18T11:35:57.524+0000] {logging_mixin.py:188} INFO - [2026-09-18T11:35:57.523+0000] {dagbag.py:545} INFO - Filling up the DagBag from /opt/airflow/dags/loading_dag.py
[2026-09-18T11:35:57.541+0000] {processor.py:840} INFO - DAG(s) 'data_loading' retrieved from /opt/airflow/dags/loading_dag.py
[2026-09-18T11:35:57.588+0000] {logging_mixin.py:188} INFO - [2026-09-18T11:35:57.587+0000] {dag.py:3096} INFO - Sync 1 DAGs
[2026-09-18T11:35:57.624+0000] {logging_mixin.py:188} INFO - [2026-09-18T11:35:57.623+0000] {dag.py:3954} INFO - Setting next_dagrun for data_loading to None, run_after=None
[2026-09-18T11:35:57.655+0000] {processor.py:183} INFO - Processing /opt/airflow/dags/loading_dag.py took 0.147 seconds
[2026-09-18T11:36:28.044+0000] {processor.py:161} INFO - Started process (PID=2206) to work on /opt/airflow/dags/loading_dag.py
[2026-09-18T11:36:28.050+0000] {processor.py:830} INFO - Processing file /opt/airflow/dags/loading_dag.py for tasks to queue
[2026-09-18T11:36:28.052+0000] {logging_mixin.py:188} INFO - [2026-09-18T11:36:28.051+0000] {dagbag.py:545} INFO - Filling up the DagBag from /opt/airflow/dags/loading_dag.py
[2026-09-18T11:36:28.074+0000] {processor.py:840} INFO - DAG(s) 'data_loading' retrieved from /opt/airflow/dags/loading_dag.py
[2026-09-18T11:36:28.121+0000] {logging_mixin.py:188} INFO - [2026-09-18T11:36:28.120+0000] {dag.py:3096} INFO - Sync 1 DAGs
[2026-09-18T11:36:27.484+0000] {logging_mixin.py:188} INFO - [2026-09-18T11:36:28.160+0000] {dag.py:3954} INFO - Setting next_dagrun for data_loading to None, run_after=None
[2026-09-18T11:36:26.397+0000] {processor.py:183} INFO - Processing /opt/airflow/dags/loading_dag.py took 0.179 seconds
[2026-09-18T11:36:56.918+0000] {processor.py:161} INFO - Started process (PID=2215) to work on /opt/airflow/dags/loading_dag.py
[2026-09-18T11:36:56.920+0000] {processor.py:830} INFO - Processing file /opt/airflow/dags/loading_dag.py for tasks to queue
[2026-09-18T11:36:56.922+0000] {logging_mixin.py:188} INFO - [2026-09-18T11:36:56.922+0000] {dagbag.py:545} INFO - Filling up the DagBag from /opt/airflow/dags/loading_dag.py
[2026-09-18T11:36:56.939+0000] {processor.py:840} INFO - DAG(s) 'data_loading' retrieved from /opt/airflow/dags/loading_dag.py
[2026-09-18T11:36:56.980+0000] {logging_mixin.py:188} INFO - [2026-09-18T11:36:56.980+0000] {dag.py:3096} INFO - Sync 1 DAGs
[2026-09-18T11:36:57.012+0000] {logging_mixin.py:188} INFO - [2026-09-18T11:36:57.012+0000] {dag.py:3954} INFO - Setting next_dagrun for data_loading to None, run_after=None
[2026-09-18T11:36:57.048+0000] {processor.py:183} INFO - Processing /opt/airflow/dags/loading_dag.py took 0.142 seconds
[2026-09-18T11:37:27.435+0000] {processor.py:161} INFO - Started process (PID=2223) to work on /opt/airflow/dags/loading_dag.py
[2026-09-18T11:37:27.442+0000] {processor.py:830} INFO - Processing file /opt/airflow/dags/loading_dag.py for tasks to queue
[2026-09-18T11:37:27.445+0000] {logging_mixin.py:188} INFO - [2026-09-18T11:37:27.443+0000] {dagbag.py:545} INFO - Filling up the DagBag from /opt/airflow/dags/loading_dag.py
[2026-09-18T11:37:27.464+0000] {processor.py:840} INFO - DAG(s) 'data_loading' retrieved from /opt/airflow/dags/loading_dag.py
[2026-09-18T11:37:27.506+0000] {logging_mixin.py:188} INFO - [2026-09-18T11:37:27.506+0000] {dag.py:3096} INFO - Sync 1 DAGs
[2026-09-18T11:37:27.546+0000] {logging_mixin.py:188} INFO - [2026-09-18T11:37:27.546+0000] {dag.py:3954} INFO - Setting next_dagrun for data_loading to None, run_after=None
[2026-09-18T11:37:27.582+0000] {processor.py:183} INFO - Processing /opt/airflow/dags/loading_dag.py took 0.166 seconds
[2026-09-18T11:37:58.199+0000] {processor.py:161} INFO - Started process (PID=2231) to work on /opt/airflow/dags/loading_dag.py
[2026-09-18T11:37:58.205+0000] {processor.py:830} INFO - Processing file /opt/airflow/dags/loading_dag.py for tasks to queue
[2026-09-18T11:37:58.207+0000] {logging_mixin.py:188} INFO - [2026-09-18T11:37:58.206+0000] {dagbag.py:545} INFO - Filling up the DagBag from /opt/airflow/dags/loading_dag.py
[2026-09-18T11:37:58.231+0000] {processor.py:840} INFO - DAG(s) 'data_loading' retrieved from /opt/airflow/dags/loading_dag.py
[2026-09-18T11:37:58.281+0000] {logging_mixin.py:188} INFO - [2026-09-18T11:37:58.280+0000] {dag.py:3096} INFO - Sync 1 DAGs
[2026-09-18T11:37:58.314+0000] {logging_mixin.py:188} INFO - [2026-09-18T11:37:58.314+0000] {dag.py:3954} INFO - Setting next_dagrun for data_loading to None, run_after=None
[2026-09-18T11:37:58.343+0000] {processor.py:183} INFO - Processing /opt/airflow/dags/loading_dag.py took 0.159 seconds
[2026-09-18T11:38:28.753+0000] {processor.py:161} INFO - Started process (PID=2239) to work on /opt/airflow/dags/loading_dag.py
[2026-09-18T11:38:28.754+0000] {processor.py:830} INFO - Processing file /opt/airflow/dags/loading_dag.py for tasks to queue
[2026-09-18T11:38:28.756+0000] {logging_mixin.py:188} INFO - [2026-09-18T11:38:28.755+0000] {dagbag.py:545} INFO - Filling up the DagBag from /opt/airflow/dags/loading_dag.py
[2026-09-18T11:38:28.776+0000] {processor.py:840} INFO - DAG(s) 'data_loading' retrieved from /opt/airflow/dags/loading_dag.py
[2026-09-18T11:38:28.815+0000] {logging_mixin.py:188} INFO - [2026-09-18T11:38:28.815+0000] {dag.py:3096} INFO - Sync 1 DAGs
[2026-09-18T11:38:28.849+0000] {logging_mixin.py:188} INFO - [2026-09-18T11:38:28.849+0000] {dag.py:3954} INFO - Setting next_dagrun for data_loading to None, run_after=None
[2026-09-18T11:38:28.880+0000] {processor.py:183} INFO - Processing /opt/airflow/dags/loading_dag.py took 0.145 seconds
[2026-09-18T11:38:59.280+0000] {processor.py:161} INFO - Started process (PID=2247) to work on /opt/airflow/dags/loading_dag.py
[2026-09-18T11:38:59.287+0000] {processor.py:830} INFO - Processing file /opt/airflow/dags/loading_dag.py for tasks to queue
[2026-09-18T11:38:59.289+0000] {logging_mixin.py:188} INFO - [2026-09-18T11:38:59.288+0000] {dagbag.py:545} INFO - Filling up the DagBag from /opt/airflow/dags/loading_dag.py
[2026-09-18T11:38:59.304+0000] {processor.py:840} INFO - DAG(s) 'data_loading' retrieved from /opt/airflow/dags/loading_dag.py
[2026-09-18T11:38:59.348+0000] {logging_mixin.py:188} INFO - [2026-09-18T11:38:59.348+0000] {dag.py:3096} INFO - Sync 1 DAGs
[2026-09-18T11:38:59.384+0000] {logging_mixin.py:188} INFO - [2026-09-18T11:38:59.384+0000] {dag.py:3954} INFO - Setting next_dagrun for data_loading to None, run_after=None
[2026-09-18T11:38:59.419+0000] {processor.py:183} INFO - Processing /opt/airflow/dags/loading_dag.py took 0.150 seconds
[2026-09-18T11:39:29.848+0000] {processor.py:161} INFO - Started process (PID=2255) to work on /opt/airflow/dags/loading_dag.py
[2026-09-18T11:39:29.850+0000] {processor.py:830} INFO - Processing file /opt/airflow/dags/loading_dag.py for tasks to queue
[2026-09-18T11:39:29.851+0000] {logging_mixin.py:188} INFO - [2026-09-18T11:39:29.851+0000] {dagbag.py:545} INFO - Filling up the DagBag from /opt/airflow/dags/loading_dag.py
[2026-09-18T11:39:29.866+0000] {processor.py:840} INFO - DAG(s) 'data_loading' retrieved from /opt/airflow/dags/loading_dag.py
[2026-09-18T11:39:29.911+0000] {logging_mixin.py:188} INFO - [2026-09-18T11:39:29.911+0000] {dag.py:3096} INFO - Sync 1 DAGs
[2026-09-18T11:39:29.946+0000] {logging_mixin.py:188} INFO - [2026-09-18T11:39:29.946+0000] {dag.py:3954} INFO - Setting next_dagrun for data_loading to None, run_after=None
[2026-09-18T11:39:29.978+0000] {processor.py:183} INFO - Processing /opt/airflow/dags/loading_dag.py took 0.143 seconds
[2026-09-18T11:40:00.352+0000] {processor.py:161} INFO - Started process (PID=2263) to work on /opt/airflow/dags/loading_dag.py
[2026-09-18T11:40:00.354+0000] {processor.py:830} INFO - Processing file /opt/airflow/dags/loading_dag.py for tasks to queue
[2026-09-18T11:40:00.355+0000] {logging_mixin.py:188} INFO - [2026-09-18T11:40:00.354+0000] {dagbag.py:545} INFO - Filling up the DagBag from /opt/airflow/dags/loading_dag.py
[2026-09-18T11:40:00.368+0000] {processor.py:840} INFO - DAG(s) 'data_loading' retrieved from /opt/airflow/dags/loading_dag.py
[2026-09-18T11:40:00.418+0000] {logging_mixin.py:188} INFO - [2026-09-18T11:40:00.417+0000] {dag.py:3096} INFO - Sync 1 DAGs
[2026-09-18T11:40:00.455+0000] {logging_mixin.py:188} INFO - [2026-09-18T11:40:00.455+0000] {dag.py:3954} INFO - Setting next_dagrun for data_loading to None, run_after=None
[2026-09-18T11:40:00.487+0000] {processor.py:183} INFO - Processing /opt/airflow/dags/loading_dag.py took 0.144 seconds
[2026-09-18T11:40:30.844+0000] {processor.py:161} INFO - Started process (PID=2271) to work on /opt/airflow/dags/loading_dag.py
[2026-09-18T11:40:30.846+0000] {processor.py:830} INFO - Processing file /opt/airflow/dags/loading_dag.py for tasks to queue
[2026-09-18T11:40:30.848+0000] {logging_mixin.py:188} INFO - [2026-09-18T11:40:30.847+0000] {dagbag.py:545} INFO - Filling up the DagBag from /opt/airflow/dags/loading_dag.py
[2026-09-18T11:40:30.869+0000] {processor.py:840} INFO - DAG(s) 'data_loading' retrieved from /opt/airflow/dags/loading_dag.py
[2026-09-18T11:40:30.909+0000] {logging_mixin.py:188} INFO - [2026-09-18T11:40:30.909+0000] {dag.py:3096} INFO - Sync 1 DAGs
[2026-09-18T11:40:30.942+0000] {logging_mixin.py:188} INFO - [2026-09-18T11:40:30.942+0000] {dag.py:3954} INFO - Setting next_dagrun for data_loading to None, run_after=None
[2026-09-18T11:40:30.973+0000] {processor.py:183} INFO - Processing /opt/airflow/dags/loading_dag.py took 0.141 seconds
[2026-09-18T11:41:01.519+0000] {processor.py:161} INFO - Started process (PID=2279) to work on /opt/airflow/dags/loading_dag.py
[2026-09-18T11:41:01.526+0000] {processor.py:830} INFO - Processing file /opt/airflow/dags/loading_dag.py for tasks to queue
[2026-09-18T11:41:01.527+0000] {logging_mixin.py:188} INFO - [2026-09-18T11:41:01.527+0000] {dagbag.py:545} INFO - Filling up the DagBag from /opt/airflow/dags/loading_dag.py
[2026-09-18T11:41:01.548+0000] {processor.py:840} INFO - DAG(s) 'data_loading' retrieved from /opt/airflow/dags/loading_dag.py
[2026-09-18T11:41:01.594+0000] {logging_mixin.py:188} INFO - [2026-09-18T11:41:01.594+0000] {dag.py:3096} INFO - Sync 1 DAGs
[2026-09-18T11:41:01.636+0000] {logging_mixin.py:188} INFO - [2026-09-18T11:41:01.635+0000] {dag.py:3954} INFO - Setting next_dagrun for data_loading to None, run_after=None
[2026-09-18T11:41:01.667+0000] {processor.py:183} INFO - Processing /opt/airflow/dags/loading_dag.py took 0.157 seconds
[2026-09-18T11:41:32.056+0000] {processor.py:161} INFO - Started process (PID=2287) to work on /opt/airflow/dags/loading_dag.py
[2026-09-18T11:41:32.066+0000] {processor.py:830} INFO - Processing file /opt/airflow/dags/loading_dag.py for tasks to queue
[2026-09-18T11:41:32.068+0000] {logging_mixin.py:188} INFO - [2026-09-18T11:41:32.067+0000] {dagbag.py:545} INFO - Filling up the DagBag from /opt/airflow/dags/loading_dag.py
[2026-09-18T11:41:32.102+0000] {processor.py:840} INFO - DAG(s) 'data_loading' retrieved from /opt/airflow/dags/loading_dag.py
[2026-09-18T11:41:32.191+0000] {logging_mixin.py:188} INFO - [2026-09-18T11:41:32.191+0000] {dag.py:3096} INFO - Sync 1 DAGs
[2026-09-18T11:41:32.265+0000] {logging_mixin.py:188} INFO - [2026-09-18T11:41:32.264+0000] {dag.py:3954} INFO - Setting next_dagrun for data_loading to None, run_after=None
[2026-09-18T11:41:32.308+0000] {processor.py:183} INFO - Processing /opt/airflow/dags/loading_dag.py took 0.275 seconds
[2026-09-18T11:42:02.887+0000] {processor.py:161} INFO - Started process (PID=2302) to work on /opt/airflow/dags/loading_dag.py
[2026-09-18T11:42:02.889+0000] {processor.py:830} INFO - Processing file /opt/airflow/dags/loading_dag.py for tasks to queue
[2026-09-18T11:42:02.891+0000] {logging_mixin.py:188} INFO - [2026-09-18T11:42:02.890+0000] {dagbag.py:545} INFO - Filling up the DagBag from /opt/airflow/dags/loading_dag.py
[2026-09-18T11:42:02.908+0000] {processor.py:840} INFO - DAG(s) 'data_loading' retrieved from /opt/airflow/dags/loading_dag.py
[2026-09-18T11:42:02.951+0000] {logging_mixin.py:188} INFO - [2026-09-18T11:42:02.951+0000] {dag.py:3096} INFO - Sync 1 DAGs
[2026-09-18T11:42:02.987+0000] {logging_mixin.py:188} INFO - [2026-09-18T11:42:02.987+0000] {dag.py:3954} INFO - Setting next_dagrun for data_loading to None, run_after=None
[2026-09-18T11:42:03.020+0000] {processor.py:183} INFO - Processing /opt/airflow/dags/loading_dag.py took 0.148 seconds
[2026-09-18T11:42:33.608+0000] {processor.py:161} INFO - Started process (PID=2310) to work on /opt/airflow/dags/loading_dag.py
[2026-09-18T11:42:33.610+0000] {processor.py:830} INFO - Processing file /opt/airflow/dags/loading_dag.py for tasks to queue
[2026-09-18T11:42:33.612+0000] {logging_mixin.py:188} INFO - [2026-09-18T11:42:33.611+0000] {dagbag.py:545} INFO - Filling up the DagBag from /opt/airflow/dags/loading_dag.py
[2026-09-18T11:42:33.650+0000] {processor.py:840} INFO - DAG(s) 'data_loading' retrieved from /opt/airflow/dags/loading_dag.py
[2026-09-18T11:42:33.735+0000] {logging_mixin.py:188} INFO - [2026-09-18T11:42:33.734+0000] {dag.py:3096} INFO - Sync 1 DAGs
[2026-09-18T11:42:33.792+0000] {logging_mixin.py:188} INFO - [2026-09-18T11:42:33.792+0000] {dag.py:3954} INFO - Setting next_dagrun for data_loading to None, run_after=None
[2026-09-18T11:42:33.848+0000] {processor.py:183} INFO - Processing /opt/airflow/dags/loading_dag.py took 0.255 seconds
[2026-09-18T11:43:04.274+0000] {processor.py:161} INFO - Started process (PID=2318) to work on /opt/airflow/dags/loading_dag.py
[2026-09-18T11:43:04.276+0000] {processor.py:830} INFO - Processing file /opt/airflow/dags/loading_dag.py for tasks to queue
[2026-09-18T11:43:04.277+0000] {logging_mixin.py:188} INFO - [2026-09-18T11:43:04.277+0000] {dagbag.py:545} INFO - Filling up the DagBag from /opt/airflow/dags/loading_dag.py
[2026-09-18T11:43:04.318+0000] {processor.py:840} INFO - DAG(s) 'data_loading' retrieved from /opt/airflow/dags/loading_dag.py
[2026-09-18T11:43:04.421+0000] {logging_mixin.py:188} INFO - [2026-09-18T11:43:04.421+0000] {dag.py:3096} INFO - Sync 1 DAGs
[2026-09-18T11:43:04.488+0000] {logging_mixin.py:188} INFO - [2026-09-18T11:43:04.487+0000] {dag.py:3954} INFO - Setting next_dagrun for data_loading to None, run_after=None
[2026-09-18T11:43:04.548+0000] {processor.py:183} INFO - Processing /opt/airflow/dags/loading_dag.py took 0.286 seconds
[2026-09-18T11:43:35.081+0000] {processor.py:161} INFO - Started process (PID=2326) to work on /opt/airflow/dags/loading_dag.py
[2026-09-18T11:43:35.087+0000] {processor.py:830} INFO - Processing file /opt/airflow/dags/loading_dag.py for tasks to queue
[2026-09-18T11:43:35.089+0000] {logging_mixin.py:188} INFO - [2026-09-18T11:43:35.088+0000] {dagbag.py:545} INFO - Filling up the DagBag from /opt/airflow/dags/loading_dag.py
[2026-09-18T11:43:35.104+0000] {processor.py:840} INFO - DAG(s) 'data_loading' retrieved from /opt/airflow/dags/loading_dag.py
[2026-09-18T11:43:35.139+0000] {logging_mixin.py:188} INFO - [2026-09-18T11:43:35.138+0000] {dag.py:3096} INFO - Sync 1 DAGs
[2026-09-18T11:43:35.170+0000] {logging_mixin.py:188} INFO - [2026-09-18T11:43:35.170+0000] {dag.py:3954} INFO - Setting next_dagrun for data_loading to None, run_after=None
[2026-09-18T11:43:35.197+0000] {processor.py:183} INFO - Processing /opt/airflow/dags/loading_dag.py took 0.138 seconds
[2026-09-18T11:44:05.800+0000] {processor.py:161} INFO - Started process (PID=2334) to work on /opt/airflow/dags/loading_dag.py
[2026-09-18T11:44:05.807+0000] {processor.py:830} INFO - Processing file /opt/airflow/dags/loading_dag.py for tasks to queue
[2026-09-18T11:44:05.808+0000] {logging_mixin.py:188} INFO - [2026-09-18T11:44:05.807+0000] {dagbag.py:545} INFO - Filling up the DagBag from /opt/airflow/dags/loading_dag.py
[2026-09-18T11:44:05.826+0000] {processor.py:840} INFO - DAG(s) 'data_loading' retrieved from /opt/airflow/dags/loading_dag.py
[2026-09-18T11:44:05.871+0000] {logging_mixin.py:188} INFO - [2026-09-18T11:44:05.871+0000] {dag.py:3096} INFO - Sync 1 DAGs
[2026-09-18T11:44:05.906+0000] {logging_mixin.py:188} INFO - [2026-09-18T11:44:05.906+0000] {dag.py:3954} INFO - Setting next_dagrun for data_loading to None, run_after=None
[2026-09-18T11:44:05.945+0000] {processor.py:183} INFO - Processing /opt/airflow/dags/loading_dag.py took 0.160 seconds
[2026-09-18T11:44:36.354+0000] {processor.py:161} INFO - Started process (PID=2342) to work on /opt/airflow/dags/loading_dag.py
[2026-09-18T11:44:36.357+0000] {processor.py:830} INFO - Processing file /opt/airflow/dags/loading_dag.py for tasks to queue
[2026-09-18T11:44:36.359+0000] {logging_mixin.py:188} INFO - [2026-09-18T11:44:36.358+0000] {dagbag.py:545} INFO - Filling up the DagBag from /opt/airflow/dags/loading_dag.py
[2026-09-18T11:44:36.384+0000] {processor.py:840} INFO - DAG(s) 'data_loading' retrieved from /opt/airflow/dags/loading_dag.py
[2026-09-18T11:44:36.445+0000] {logging_mixin.py:188} INFO - [2026-09-18T11:44:36.445+0000] {dag.py:3096} INFO - Sync 1 DAGs
[2026-09-18T11:44:36.491+0000] {logging_mixin.py:188} INFO - [2026-09-18T11:44:36.490+0000] {dag.py:3954} INFO - Setting next_dagrun for data_loading to None, run_after=None
[2026-09-18T11:44:36.537+0000] {processor.py:183} INFO - Processing /opt/airflow/dags/loading_dag.py took 0.199 seconds
[2026-09-18T11:45:06.890+0000] {processor.py:161} INFO - Started process (PID=2350) to work on /opt/airflow/dags/loading_dag.py
[2026-09-18T11:45:06.900+0000] {processor.py:830} INFO - Processing file /opt/airflow/dags/loading_dag.py for tasks to queue
[2026-09-18T11:45:06.902+0000] {logging_mixin.py:188} INFO - [2026-09-18T11:45:06.902+0000] {dagbag.py:545} INFO - Filling up the DagBag from /opt/airflow/dags/loading_dag.py
[2026-09-18T11:45:06.933+0000] {processor.py:840} INFO - DAG(s) 'data_loading' retrieved from /opt/airflow/dags/loading_dag.py
[2026-09-18T11:45:06.998+0000] {logging_mixin.py:188} INFO - [2026-09-18T11:45:06.998+0000] {dag.py:3096} INFO - Sync 1 DAGs
[2026-09-18T11:45:07.041+0000] {logging_mixin.py:188} INFO - [2026-09-18T11:45:07.040+0000] {dag.py:3954} INFO - Setting next_dagrun for data_loading to None, run_after=None
[2026-09-18T11:45:07.078+0000] {processor.py:183} INFO - Processing /opt/airflow/dags/loading_dag.py took 0.197 seconds
[2026-09-18T11:45:37.645+0000] {processor.py:161} INFO - Started process (PID=2358) to work on /opt/airflow/dags/loading_dag.py
[2026-09-18T11:45:37.647+0000] {processor.py:830} INFO - Processing file /opt/airflow/dags/loading_dag.py for tasks to queue
[2026-09-18T11:45:37.649+0000] {logging_mixin.py:188} INFO - [2026-09-18T11:45:37.648+0000] {dagbag.py:545} INFO - Filling up the DagBag from /opt/airflow/dags/loading_dag.py
[2026-09-18T11:45:37.667+0000] {processor.py:840} INFO - DAG(s) 'data_loading' retrieved from /opt/airflow/dags/loading_dag.py
[2026-09-18T11:45:37.704+0000] {logging_mixin.py:188} INFO - [2026-09-18T11:45:37.704+0000] {dag.py:3096} INFO - Sync 1 DAGs
[2026-09-18T11:45:37.743+0000] {logging_mixin.py:188} INFO - [2026-09-18T11:45:37.742+0000] {dag.py:3954} INFO - Setting next_dagrun for data_loading to None, run_after=None
[2026-09-18T11:45:37.773+0000] {processor.py:183} INFO - Processing /opt/airflow/dags/loading_dag.py took 0.152 seconds
[2026-09-18T11:46:08.337+0000] {processor.py:161} INFO - Started process (PID=2366) to work on /opt/airflow/dags/loading_dag.py
[2026-09-18T11:46:08.343+0000] {processor.py:830} INFO - Processing file /opt/airflow/dags/loading_dag.py for tasks to queue
[2026-09-18T11:46:08.344+0000] {logging_mixin.py:188} INFO - [2026-09-18T11:46:08.343+0000] {dagbag.py:545} INFO - Filling up the DagBag from /opt/airflow/dags/loading_dag.py
[2026-09-18T11:46:08.382+0000] {processor.py:840} INFO - DAG(s) 'data_loading' retrieved from /opt/airflow/dags/loading_dag.py
[2026-09-18T11:46:08.430+0000] {logging_mixin.py:188} INFO - [2026-09-18T11:46:08.430+0000] {dag.py:3096} INFO - Sync 1 DAGs
[2026-09-18T11:46:08.463+0000] {logging_mixin.py:188} INFO - [2026-09-18T11:46:08.462+0000] {dag.py:3954} INFO - Setting next_dagrun for data_loading to None, run_after=None
[2026-09-18T11:46:08.494+0000] {processor.py:183} INFO - Processing /opt/airflow/dags/loading_dag.py took 0.170 seconds
[2026-09-18T11:46:38.976+0000] {processor.py:161} INFO - Started process (PID=2374) to work on /opt/airflow/dags/loading_dag.py
[2026-09-18T11:46:38.978+0000] {processor.py:830} INFO - Processing file /opt/airflow/dags/loading_dag.py for tasks to queue
[2026-09-18T11:46:38.979+0000] {logging_mixin.py:188} INFO - [2026-09-18T11:46:38.979+0000] {dagbag.py:545} INFO - Filling up the DagBag from /opt/airflow/dags/loading_dag.py
[2026-09-18T11:46:38.999+0000] {processor.py:840} INFO - DAG(s) 'data_loading' retrieved from /opt/airflow/dags/loading_dag.py
[2026-09-18T11:46:39.053+0000] {logging_mixin.py:188} INFO - [2026-09-18T11:46:39.052+0000] {dag.py:3096} INFO - Sync 1 DAGs
[2026-09-18T11:46:39.095+0000] {logging_mixin.py:188} INFO - [2026-09-18T11:46:39.095+0000] {dag.py:3954} INFO - Setting next_dagrun for data_loading to None, run_after=None
[2026-09-18T11:46:39.128+0000] {processor.py:183} INFO - Processing /opt/airflow/dags/loading_dag.py took 0.165 seconds
[2026-09-18T11:47:09.427+0000] {processor.py:161} INFO - Started process (PID=2382) to work on /opt/airflow/dags/loading_dag.py
[2026-09-18T11:47:09.434+0000] {processor.py:830} INFO - Processing file /opt/airflow/dags/loading_dag.py for tasks to queue
[2026-09-18T11:47:09.435+0000] {logging_mixin.py:188} INFO - [2026-09-18T11:47:09.435+0000] {dagbag.py:545} INFO - Filling up the DagBag from /opt/airflow/dags/loading_dag.py
[2026-09-18T11:47:09.452+0000] {processor.py:840} INFO - DAG(s) 'data_loading' retrieved from /opt/airflow/dags/loading_dag.py
[2026-09-18T11:47:09.496+0000] {logging_mixin.py:188} INFO - [2026-09-18T11:47:09.496+0000] {dag.py:3096} INFO - Sync 1 DAGs
[2026-09-18T11:47:09.533+0000] {logging_mixin.py:188} INFO - [2026-09-18T11:47:09.532+0000] {dag.py:3954} INFO - Setting next_dagrun for data_loading to None, run_after=None
[2026-09-18T11:47:09.573+0000] {processor.py:183} INFO - Processing /opt/airflow/dags/loading_dag.py took 0.156 seconds
