[2026-09-15T10:39:40.146+0000] {manager.py:470} INFO - Processing files using up to 2 processes at a time 
[2026-09-15T10:39:40.146+0000] {manager.py:471} INFO - Process each file at most once every 30 seconds
[2026-09-15T10:39:40.147+0000] {manager.py:472} INFO - Checking for new files in /opt/airflow/dags every 300 seconds
[2026-09-15T10:39:40.147+0000] {manager.py:737} INFO - Searching for files in /opt/airflow/dags
[2026-09-15T10:39:40.148+0000] {manager.py:740} INFO - There are 0 files in /opt/airflow/dags
[2026-09-15T10:44:40.227+0000] {manager.py:737} INFO - Searching for files in /opt/airflow/dags
[2026-09-15T10:44:40.230+0000] {manager.py:740} INFO - There are 0 files in /opt/airflow/dags
[2026-09-15T10:49:40.888+0000] {manager.py:737} INFO - Searching for files in /opt/airflow/dags
[2026-09-15T10:49:40.889+0000] {manager.py:740} INFO - There are 0 files in /opt/airflow/dags
[2026-09-15T10:54:41.331+0000] {manager.py:737} INFO - Searching for files in /opt/airflow/dags
[2026-09-15T10:54:41.332+0000] {manager.py:740} INFO - There are 0 files in /opt/airflow/dags
[2026-09-15T10:59:41.508+0000] {manager.py:737} INFO - Searching for files in /opt/airflow/dags
[2026-09-15T10:59:41.512+0000] {manager.py:740} INFO - There are 1 files in /opt/airflow/dags
[2026-09-15T10:59:41.565+0000] {manager.py:1016} ERROR - Processor for /opt/airflow/dags/data_extracter.py exited with return code 1.
[2026-09-15T10:59:45.621+0000] {manager.py:878} INFO - 
================================================================================
DAG File Processing Stats

File Path                            PID    Runtime      # DAGs    # Errors  Last Runtime    Last Run
-----------------------------------  -----  ---------  --------  ----------  --------------  -------------------
/opt/airflow/dags/data_extracter.py                           0          -1  0.03s           2026-09-15T10:59:41
================================================================================
[2026-09-15T11:00:12.284+0000] {manager.py:1016} ERROR - Processor for /opt/airflow/dags/data_extracter.py exited with return code 1.
[2026-09-15T11:00:14.303+0000] {manager.py:878} INFO - 
================================================================================
DAG File Processing Stats

File Path                            PID    Runtime      # DAGs    # Errors  Last Runtime    Last Run
-----------------------------------  -----  ---------  --------  ----------  --------------  -------------------
/opt/airflow/dags/data_extracter.py                           0          -1  0.01s           2026-09-15T11:00:12
================================================================================
[2026-09-15T11:00:42.857+0000] {manager.py:878} INFO - 
================================================================================
DAG File Processing Stats

File Path                              PID  Runtime      # DAGs    # Errors  Last Runtime    Last Run
-----------------------------------  -----  ---------  --------  ----------  --------------  -------------------
/opt/airflow/dags/data_extracter.py    321  0.00s             0          -1  0.01s           2026-09-15T11:00:12
================================================================================
[2026-09-15T11:01:11.435+0000] {manager.py:878} INFO - 
================================================================================
DAG File Processing Stats

File Path                            PID    Runtime      # DAGs    # Errors  Last Runtime    Last Run
-----------------------------------  -----  ---------  --------  ----------  --------------  -------------------
/opt/airflow/dags/data_extracter.py                           0           1  0.11s           2026-09-15T11:00:42
================================================================================
[2026-09-15T11:01:40.053+0000] {manager.py:878} INFO - 
================================================================================
DAG File Processing Stats

File Path                            PID    Runtime      # DAGs    # Errors  Last Runtime    Last Run
-----------------------------------  -----  ---------  --------  ----------  --------------  -------------------
/opt/airflow/dags/data_extracter.py                           0           1  0.06s           2026-09-15T11:01:13
================================================================================
[2026-09-15T11:02:08.715+0000] {manager.py:878} INFO - 
================================================================================
DAG File Processing Stats

File Path                            PID    Runtime      # DAGs    # Errors  Last Runtime    Last Run
-----------------------------------  -----  ---------  --------  ----------  --------------  -------------------
/opt/airflow/dags/data_extracter.py                           0           1  0.06s           2026-09-15T11:01:44
================================================================================
[2026-09-15T11:02:37.260+0000] {manager.py:878} INFO - 
================================================================================
DAG File Processing Stats

File Path                            PID    Runtime      # DAGs    # Errors  Last Runtime    Last Run
-----------------------------------  -----  ---------  --------  ----------  --------------  -------------------
/opt/airflow/dags/data_extracter.py                           0           1  0.06s           2026-09-15T11:02:15
================================================================================
[2026-09-15T11:03:05.924+0000] {manager.py:878} INFO - 
================================================================================
DAG File Processing Stats

File Path                            PID    Runtime      # DAGs    # Errors  Last Runtime    Last Run
-----------------------------------  -----  ---------  --------  ----------  --------------  -------------------
/opt/airflow/dags/data_extracter.py                           0           1  0.06s           2026-09-15T11:02:45
================================================================================
[2026-09-15T11:03:34.488+0000] {manager.py:878} INFO - 
================================================================================
DAG File Processing Stats

File Path                            PID    Runtime      # DAGs    # Errors  Last Runtime    Last Run
-----------------------------------  -----  ---------  --------  ----------  --------------  -------------------
/opt/airflow/dags/data_extracter.py                           0           1  0.06s           2026-09-15T11:03:16
================================================================================
[2026-09-15T11:04:03.152+0000] {manager.py:878} INFO - 
================================================================================
DAG File Processing Stats

File Path                            PID    Runtime      # DAGs    # Errors  Last Runtime    Last Run
-----------------------------------  -----  ---------  --------  ----------  --------------  -------------------
/opt/airflow/dags/data_extracter.py                           0           1  0.06s           2026-09-15T11:03:47
================================================================================
[2026-09-15T11:04:31.672+0000] {manager.py:878} INFO - 
================================================================================
DAG File Processing Stats

File Path                            PID    Runtime      # DAGs    # Errors  Last Runtime    Last Run
-----------------------------------  -----  ---------  --------  ----------  --------------  -------------------
/opt/airflow/dags/data_extracter.py                           0           1  0.09s           2026-09-15T11:04:17
================================================================================
[2026-09-15T11:04:42.126+0000] {manager.py:737} INFO - Searching for files in /opt/airflow/dags
[2026-09-15T11:04:42.128+0000] {manager.py:740} INFO - There are 1 files in /opt/airflow/dags
[2026-09-15T11:05:00.290+0000] {manager.py:878} INFO - 
================================================================================
DAG File Processing Stats

File Path                            PID    Runtime      # DAGs    # Errors  Last Runtime    Last Run
-----------------------------------  -----  ---------  --------  ----------  --------------  -------------------
/opt/airflow/dags/data_extracter.py                           0           1  0.05s           2026-09-15T11:04:48
================================================================================
[2026-09-15T11:05:28.914+0000] {manager.py:878} INFO - 
================================================================================
DAG File Processing Stats

File Path                            PID    Runtime      # DAGs    # Errors  Last Runtime    Last Run
-----------------------------------  -----  ---------  --------  ----------  --------------  -------------------
/opt/airflow/dags/data_extracter.py                           0           1  0.06s           2026-09-15T11:05:18
================================================================================
[2026-09-15T11:05:57.559+0000] {manager.py:878} INFO - 
================================================================================
DAG File Processing Stats

File Path                            PID    Runtime      # DAGs    # Errors  Last Runtime    Last Run
-----------------------------------  -----  ---------  --------  ----------  --------------  -------------------
/opt/airflow/dags/data_extracter.py                           0           1  0.06s           2026-09-15T11:05:49
================================================================================
[2026-09-15T11:06:26.124+0000] {manager.py:878} INFO - 
================================================================================
DAG File Processing Stats

File Path                            PID    Runtime      # DAGs    # Errors  Last Runtime    Last Run
-----------------------------------  -----  ---------  --------  ----------  --------------  -------------------
/opt/airflow/dags/data_extracter.py                           0           1  0.06s           2026-09-15T11:06:20
================================================================================
[2026-09-15T11:06:54.753+0000] {manager.py:878} INFO - 
================================================================================
DAG File Processing Stats

File Path                            PID    Runtime      # DAGs    # Errors  Last Runtime    Last Run
-----------------------------------  -----  ---------  --------  ----------  --------------  -------------------
/opt/airflow/dags/data_extracter.py                           0           1  0.05s           2026-09-15T11:06:50
================================================================================
[2026-09-15T11:07:23.320+0000] {manager.py:878} INFO - 
================================================================================
DAG File Processing Stats

File Path                            PID    Runtime      # DAGs    # Errors  Last Runtime    Last Run
-----------------------------------  -----  ---------  --------  ----------  --------------  -------------------
/opt/airflow/dags/data_extracter.py                           0           1  0.06s           2026-09-15T11:07:21
================================================================================
[2026-09-15T11:07:51.943+0000] {manager.py:878} INFO - 
================================================================================
DAG File Processing Stats

File Path                              PID  Runtime      # DAGs    # Errors  Last Runtime    Last Run
-----------------------------------  -----  ---------  --------  ----------  --------------  -------------------
/opt/airflow/dags/data_extracter.py    425  0.01s             0           1  0.06s           2026-09-15T11:07:21
================================================================================
[2026-09-15T11:08:20.507+0000] {manager.py:878} INFO - 
================================================================================
DAG File Processing Stats

File Path                            PID    Runtime      # DAGs    # Errors  Last Runtime    Last Run
-----------------------------------  -----  ---------  --------  ----------  --------------  -------------------
/opt/airflow/dags/data_extracter.py                           0           1  0.07s           2026-09-15T11:07:52
================================================================================
[2026-09-15T11:08:49.161+0000] {manager.py:878} INFO - 
================================================================================
DAG File Processing Stats

File Path                            PID    Runtime      # DAGs    # Errors  Last Runtime    Last Run
-----------------------------------  -----  ---------  --------  ----------  --------------  -------------------
/opt/airflow/dags/data_extracter.py                           0           1  0.05s           2026-09-15T11:08:22
================================================================================
[2026-09-15T11:09:17.709+0000] {manager.py:878} INFO - 
================================================================================
DAG File Processing Stats

File Path                            PID    Runtime      # DAGs    # Errors  Last Runtime    Last Run
-----------------------------------  -----  ---------  --------  ----------  --------------  -------------------
/opt/airflow/dags/data_extracter.py                           0           1  0.05s           2026-09-15T11:08:53
================================================================================
[2026-09-15T11:09:42.274+0000] {manager.py:737} INFO - Searching for files in /opt/airflow/dags
[2026-09-15T11:09:42.276+0000] {manager.py:740} INFO - There are 1 files in /opt/airflow/dags
[2026-09-15T11:09:46.311+0000] {manager.py:878} INFO - 
================================================================================
DAG File Processing Stats

File Path                            PID    Runtime      # DAGs    # Errors  Last Runtime    Last Run
-----------------------------------  -----  ---------  --------  ----------  --------------  -------------------
/opt/airflow/dags/data_extracter.py                           0           1  0.06s           2026-09-15T11:09:24
================================================================================
[2026-09-15T11:10:14.765+0000] {manager.py:878} INFO - 
================================================================================
DAG File Processing Stats

File Path                            PID    Runtime      # DAGs    # Errors  Last Runtime    Last Run
-----------------------------------  -----  ---------  --------  ----------  --------------  -------------------
/opt/airflow/dags/data_extracter.py                           0           1  0.07s           2026-09-15T11:09:54
================================================================================
[2026-09-15T11:10:43.420+0000] {manager.py:878} INFO - 
================================================================================
DAG File Processing Stats

File Path                            PID    Runtime      # DAGs    # Errors  Last Runtime    Last Run
-----------------------------------  -----  ---------  --------  ----------  --------------  -------------------
/opt/airflow/dags/data_extracter.py                           0           1  0.06s           2026-09-15T11:10:25
================================================================================
[2026-09-15T11:11:11.978+0000] {manager.py:878} INFO - 
================================================================================
DAG File Processing Stats

File Path                            PID    Runtime      # DAGs    # Errors  Last Runtime    Last Run
-----------------------------------  -----  ---------  --------  ----------  --------------  -------------------
/opt/airflow/dags/data_extracter.py                           0           1  0.06s           2026-09-15T11:10:55
================================================================================
[2026-09-15T11:11:38.875+0000] {manager.py:878} INFO - 
================================================================================
DAG File Processing Stats

File Path                            PID    Runtime      # DAGs    # Errors  Last Runtime    Last Run
-----------------------------------  -----  ---------  --------  ----------  --------------  -------------------
/opt/airflow/dags/data_extracter.py                           0           1  0.07s           2026-09-15T11:11:26
================================================================================
[2026-09-15T11:12:07.522+0000] {manager.py:878} INFO - 
================================================================================
DAG File Processing Stats

File Path                            PID    Runtime      # DAGs    # Errors  Last Runtime    Last Run
-----------------------------------  -----  ---------  --------  ----------  --------------  -------------------
/opt/airflow/dags/data_extracter.py                           0           1  0.06s           2026-09-15T11:11:57
================================================================================
[2026-09-15T11:12:36.076+0000] {manager.py:878} INFO - 
================================================================================
DAG File Processing Stats

File Path                            PID    Runtime      # DAGs    # Errors  Last Runtime    Last Run
-----------------------------------  -----  ---------  --------  ----------  --------------  -------------------
/opt/airflow/dags/data_extracter.py                           0           1  0.06s           2026-09-15T11:12:27
================================================================================
[2026-09-15T11:13:04.715+0000] {manager.py:878} INFO - 
================================================================================
DAG File Processing Stats

File Path                            PID    Runtime      # DAGs    # Errors  Last Runtime    Last Run
-----------------------------------  -----  ---------  --------  ----------  --------------  -------------------
/opt/airflow/dags/data_extracter.py                           0           1  0.06s           2026-09-15T11:12:58
================================================================================
[2026-09-15T11:13:33.223+0000] {manager.py:878} INFO - 
================================================================================
DAG File Processing Stats

File Path                            PID    Runtime      # DAGs    # Errors  Last Runtime    Last Run
-----------------------------------  -----  ---------  --------  ----------  --------------  -------------------
/opt/airflow/dags/data_extracter.py                           0           1  0.06s           2026-09-15T11:13:28
================================================================================
[2026-09-15T11:14:01.867+0000] {manager.py:878} INFO - 
================================================================================
DAG File Processing Stats

File Path                            PID    Runtime      # DAGs    # Errors  Last Runtime    Last Run
-----------------------------------  -----  ---------  --------  ----------  --------------  -------------------
/opt/airflow/dags/data_extracter.py                           0           1  0.07s           2026-09-15T11:13:59
================================================================================
[2026-09-15T11:14:30.512+0000] {manager.py:878} INFO - 
================================================================================
DAG File Processing Stats

File Path                            PID    Runtime      # DAGs    # Errors  Last Runtime    Last Run
-----------------------------------  -----  ---------  --------  ----------  --------------  -------------------
/opt/airflow/dags/data_extracter.py                           0           1  0.06s           2026-09-15T11:14:30
================================================================================
[2026-09-15T11:14:42.582+0000] {manager.py:737} INFO - Searching for files in /opt/airflow/dags
[2026-09-15T11:14:42.584+0000] {manager.py:740} INFO - There are 1 files in /opt/airflow/dags
[2026-09-15T11:14:59.039+0000] {manager.py:878} INFO - 
================================================================================
DAG File Processing Stats

File Path                            PID    Runtime      # DAGs    # Errors  Last Runtime    Last Run
-----------------------------------  -----  ---------  --------  ----------  --------------  -------------------
/opt/airflow/dags/data_extracter.py                           0           1  0.06s           2026-09-15T11:14:30
================================================================================
[2026-09-15T11:15:27.552+0000] {manager.py:878} INFO - 
================================================================================
DAG File Processing Stats

File Path                            PID    Runtime      # DAGs    # Errors  Last Runtime    Last Run
-----------------------------------  -----  ---------  --------  ----------  --------------  -------------------
/opt/airflow/dags/data_extracter.py                           0           1  0.07s           2026-09-15T11:15:01
================================================================================
[2026-09-15T11:15:56.162+0000] {manager.py:878} INFO - 
================================================================================
DAG File Processing Stats

File Path                            PID    Runtime      # DAGs    # Errors  Last Runtime    Last Run
-----------------------------------  -----  ---------  --------  ----------  --------------  -------------------
/opt/airflow/dags/data_extracter.py                           0           1  0.05s           2026-09-15T11:15:31
================================================================================
[2026-09-15T11:16:24.768+0000] {manager.py:878} INFO - 
================================================================================
DAG File Processing Stats

File Path                            PID    Runtime      # DAGs    # Errors  Last Runtime    Last Run
-----------------------------------  -----  ---------  --------  ----------  --------------  -------------------
/opt/airflow/dags/data_extracter.py                           0           1  0.05s           2026-09-15T11:16:02
================================================================================
[2026-09-15T11:16:53.379+0000] {manager.py:878} INFO - 
================================================================================
DAG File Processing Stats

File Path                            PID    Runtime      # DAGs    # Errors  Last Runtime    Last Run
-----------------------------------  -----  ---------  --------  ----------  --------------  -------------------
/opt/airflow/dags/data_extracter.py                           0           1  0.05s           2026-09-15T11:16:32
================================================================================
[2026-09-15T11:17:21.890+0000] {manager.py:878} INFO - 
================================================================================
DAG File Processing Stats

File Path                            PID    Runtime      # DAGs    # Errors  Last Runtime    Last Run
-----------------------------------  -----  ---------  --------  ----------  --------------  -------------------
/opt/airflow/dags/data_extracter.py                           0           1  0.06s           2026-09-15T11:17:03
================================================================================
[2026-09-15T11:17:50.471+0000] {manager.py:878} INFO - 
================================================================================
DAG File Processing Stats

File Path                            PID    Runtime      # DAGs    # Errors  Last Runtime    Last Run
-----------------------------------  -----  ---------  --------  ----------  --------------  -------------------
/opt/airflow/dags/data_extracter.py                           0           1  0.06s           2026-09-15T11:17:34
================================================================================
[2026-09-15T11:18:19.008+0000] {manager.py:878} INFO - 
================================================================================
DAG File Processing Stats

File Path                            PID    Runtime      # DAGs    # Errors  Last Runtime    Last Run
-----------------------------------  -----  ---------  --------  ----------  --------------  -------------------
/opt/airflow/dags/data_extracter.py                           0           1  0.07s           2026-09-15T11:18:04
================================================================================
[2026-09-15T11:18:47.627+0000] {manager.py:878} INFO - 
================================================================================
DAG File Processing Stats

File Path                            PID    Runtime      # DAGs    # Errors  Last Runtime    Last Run
-----------------------------------  -----  ---------  --------  ----------  --------------  -------------------
/opt/airflow/dags/data_extracter.py                           0           1  0.08s           2026-09-15T11:18:35
================================================================================
[2026-09-15T11:19:16.129+0000] {manager.py:878} INFO - 
================================================================================
DAG File Processing Stats

File Path                            PID    Runtime      # DAGs    # Errors  Last Runtime    Last Run
-----------------------------------  -----  ---------  --------  ----------  --------------  -------------------
/opt/airflow/dags/data_extracter.py                           0           1  0.06s           2026-09-15T11:19:05
================================================================================
[2026-09-15T11:19:42.694+0000] {manager.py:737} INFO - Searching for files in /opt/airflow/dags
[2026-09-15T11:19:42.696+0000] {manager.py:740} INFO - There are 1 files in /opt/airflow/dags
[2026-09-15T11:19:44.718+0000] {manager.py:878} INFO - 
================================================================================
DAG File Processing Stats

File Path                            PID    Runtime      # DAGs    # Errors  Last Runtime    Last Run
-----------------------------------  -----  ---------  --------  ----------  --------------  -------------------
/opt/airflow/dags/data_extracter.py                           0           1  0.05s           2026-09-15T11:19:36
================================================================================
[2026-09-15T11:20:13.253+0000] {manager.py:878} INFO - 
================================================================================
DAG File Processing Stats

File Path                            PID    Runtime      # DAGs    # Errors  Last Runtime    Last Run
-----------------------------------  -----  ---------  --------  ----------  --------------  -------------------
/opt/airflow/dags/data_extracter.py                           0           1  0.05s           2026-09-15T11:20:06
================================================================================
[2026-09-15T11:20:41.819+0000] {manager.py:878} INFO - 
================================================================================
DAG File Processing Stats

File Path                            PID    Runtime      # DAGs    # Errors  Last Runtime    Last Run
-----------------------------------  -----  ---------  --------  ----------  --------------  -------------------
/opt/airflow/dags/data_extracter.py                           0           1  0.05s           2026-09-15T11:20:37
================================================================================
[2026-09-15T11:21:10.416+0000] {manager.py:878} INFO - 
================================================================================
DAG File Processing Stats

File Path                            PID    Runtime      # DAGs    # Errors  Last Runtime    Last Run
-----------------------------------  -----  ---------  --------  ----------  --------------  -------------------
/opt/airflow/dags/data_extracter.py                           0           1  0.05s           2026-09-15T11:21:08
================================================================================
[2026-09-15T11:21:39.019+0000] {manager.py:878} INFO - 
================================================================================
DAG File Processing Stats

File Path                              PID  Runtime      # DAGs    # Errors  Last Runtime    Last Run
-----------------------------------  -----  ---------  --------  ----------  --------------  -------------------
/opt/airflow/dags/data_extracter.py    626  0.01s             0           1  0.05s           2026-09-15T11:21:08
================================================================================
[2026-09-15T11:22:07.551+0000] {manager.py:878} INFO - 
================================================================================
DAG File Processing Stats

File Path                            PID    Runtime      # DAGs    # Errors  Last Runtime    Last Run
-----------------------------------  -----  ---------  --------  ----------  --------------  -------------------
/opt/airflow/dags/data_extracter.py                           0           1  0.06s           2026-09-15T11:21:39
================================================================================
[2026-09-15T11:22:36.108+0000] {manager.py:878} INFO - 
================================================================================
DAG File Processing Stats

File Path                            PID    Runtime      # DAGs    # Errors  Last Runtime    Last Run
-----------------------------------  -----  ---------  --------  ----------  --------------  -------------------
/opt/airflow/dags/data_extracter.py                           0           1  0.05s           2026-09-15T11:22:09
================================================================================
[2026-09-15T11:23:04.736+0000] {manager.py:878} INFO - 
================================================================================
DAG File Processing Stats

File Path                            PID    Runtime      # DAGs    # Errors  Last Runtime    Last Run
-----------------------------------  -----  ---------  --------  ----------  --------------  -------------------
/opt/airflow/dags/data_extracter.py                           0           1  0.05s           2026-09-15T11:22:40
================================================================================
[2026-09-15T11:23:33.425+0000] {manager.py:878} INFO - 
================================================================================
DAG File Processing Stats

File Path                            PID    Runtime      # DAGs    # Errors  Last Runtime    Last Run
-----------------------------------  -----  ---------  --------  ----------  --------------  -------------------
/opt/airflow/dags/data_extracter.py                           0           1  0.05s           2026-09-15T11:23:10
================================================================================
[2026-09-15T11:24:02.031+0000] {manager.py:878} INFO - 
================================================================================
DAG File Processing Stats

File Path                            PID    Runtime      # DAGs    # Errors  Last Runtime    Last Run
-----------------------------------  -----  ---------  --------  ----------  --------------  -------------------
/opt/airflow/dags/data_extracter.py                           0           1  0.05s           2026-09-15T11:23:41
================================================================================
[2026-09-15T11:24:30.658+0000] {manager.py:878} INFO - 
================================================================================
DAG File Processing Stats

File Path                            PID    Runtime      # DAGs    # Errors  Last Runtime    Last Run
-----------------------------------  -----  ---------  --------  ----------  --------------  -------------------
/opt/airflow/dags/data_extracter.py                           0           1  0.06s           2026-09-15T11:24:12
================================================================================
[2026-09-15T11:24:42.735+0000] {manager.py:737} INFO - Searching for files in /opt/airflow/dags
[2026-09-15T11:24:42.736+0000] {manager.py:740} INFO - There are 1 files in /opt/airflow/dags
[2026-09-15T11:24:59.145+0000] {manager.py:878} INFO - 
================================================================================
DAG File Processing Stats

File Path                            PID    Runtime      # DAGs    # Errors  Last Runtime    Last Run
-----------------------------------  -----  ---------  --------  ----------  --------------  -------------------
/opt/airflow/dags/data_extracter.py                           0           1  0.12s           2026-09-15T11:24:42
================================================================================
[2026-09-15T11:25:28.721+0000] {manager.py:878} INFO - 
================================================================================
DAG File Processing Stats

File Path                            PID    Runtime      # DAGs    # Errors  Last Runtime    Last Run
-----------------------------------  -----  ---------  --------  ----------  --------------  -------------------
/opt/airflow/dags/data_extracter.py                           0           1  0.17s           2026-09-15T11:25:13
================================================================================
[2026-09-15T11:25:57.227+0000] {manager.py:878} INFO - 
================================================================================
DAG File Processing Stats

File Path                            PID    Runtime      # DAGs    # Errors  Last Runtime    Last Run
-----------------------------------  -----  ---------  --------  ----------  --------------  -------------------
/opt/airflow/dags/data_extracter.py                           0           1  0.07s           2026-09-15T11:25:43
================================================================================
[2026-09-15T11:26:25.836+0000] {manager.py:878} INFO - 
================================================================================
DAG File Processing Stats

File Path                            PID    Runtime      # DAGs    # Errors  Last Runtime    Last Run
-----------------------------------  -----  ---------  --------  ----------  --------------  -------------------
/opt/airflow/dags/data_extracter.py                           0           1  0.06s           2026-09-15T11:26:14
================================================================================
[2026-09-15T11:26:54.488+0000] {manager.py:878} INFO - 
================================================================================
DAG File Processing Stats

File Path                            PID    Runtime      # DAGs    # Errors  Last Runtime    Last Run
-----------------------------------  -----  ---------  --------  ----------  --------------  -------------------
/opt/airflow/dags/data_extracter.py                           0           1  0.05s           2026-09-15T11:26:45
================================================================================
[2026-09-15T12:58:58.784+0000] {manager.py:737} INFO - Searching for files in /opt/airflow/dags
[2026-09-15T12:58:58.786+0000] {manager.py:740} INFO - There are 1 files in /opt/airflow/dags
[2026-09-15T12:59:15.551+0000] {manager.py:878} INFO - 
================================================================================
DAG File Processing Stats

File Path                            PID    Runtime      # DAGs    # Errors  Last Runtime    Last Run
-----------------------------------  -----  ---------  --------  ----------  --------------  -------------------
/opt/airflow/dags/data_extracter.py                           0           1  0.24s           2026-09-15T12:58:59
================================================================================
[2026-09-15T12:59:44.414+0000] {manager.py:878} INFO - 
================================================================================
DAG File Processing Stats

File Path                            PID    Runtime      # DAGs    # Errors  Last Runtime    Last Run
-----------------------------------  -----  ---------  --------  ----------  --------------  -------------------
/opt/airflow/dags/data_extracter.py                           0           1  0.20s           2026-09-15T12:59:29
================================================================================
[2026-09-15T13:00:13.399+0000] {manager.py:878} INFO - 
================================================================================
DAG File Processing Stats

File Path                            PID    Runtime      # DAGs    # Errors  Last Runtime    Last Run
-----------------------------------  -----  ---------  --------  ----------  --------------  -------------------
/opt/airflow/dags/data_extracter.py                           0           1  0.06s           2026-09-15T13:00:00
================================================================================
[2026-09-15T13:00:41.867+0000] {manager.py:878} INFO - 
================================================================================
DAG File Processing Stats

File Path                            PID    Runtime      # DAGs    # Errors  Last Runtime    Last Run
-----------------------------------  -----  ---------  --------  ----------  --------------  -------------------
/opt/airflow/dags/data_extracter.py                           0           1  0.06s           2026-09-15T13:00:31
================================================================================
[2026-09-15T13:01:10.690+0000] {manager.py:878} INFO - 
================================================================================
DAG File Processing Stats

File Path                            PID    Runtime      # DAGs    # Errors  Last Runtime    Last Run
-----------------------------------  -----  ---------  --------  ----------  --------------  -------------------
/opt/airflow/dags/data_extracter.py                           0           1  0.07s           2026-09-15T13:01:02
================================================================================
[2026-09-15T13:01:39.277+0000] {manager.py:878} INFO - 
================================================================================
DAG File Processing Stats

File Path                            PID    Runtime      # DAGs    # Errors  Last Runtime    Last Run
-----------------------------------  -----  ---------  --------  ----------  --------------  -------------------
/opt/airflow/dags/data_extracter.py                           0           1  0.06s           2026-09-15T13:01:33
================================================================================
[2026-09-15T13:02:08.017+0000] {manager.py:878} INFO - 
================================================================================
DAG File Processing Stats

File Path                            PID    Runtime      # DAGs    # Errors  Last Runtime    Last Run
-----------------------------------  -----  ---------  --------  ----------  --------------  -------------------
/opt/airflow/dags/data_extracter.py                           0           1  0.05s           2026-09-15T13:02:04
================================================================================
[2026-09-15T13:02:36.606+0000] {manager.py:878} INFO - 
================================================================================
DAG File Processing Stats

File Path                            PID    Runtime      # DAGs    # Errors  Last Runtime    Last Run
-----------------------------------  -----  ---------  --------  ----------  --------------  -------------------
/opt/airflow/dags/data_extracter.py                           0           1  0.06s           2026-09-15T13:02:34
================================================================================
[2026-09-15T13:03:05.232+0000] {manager.py:878} INFO - 
================================================================================
DAG File Processing Stats

File Path                              PID  Runtime      # DAGs    # Errors  Last Runtime    Last Run
-----------------------------------  -----  ---------  --------  ----------  --------------  -------------------
/opt/airflow/dags/data_extracter.py    765  0.01s             0           1  0.06s           2026-09-15T13:02:34
================================================================================
[2026-09-15T13:03:33.854+0000] {manager.py:878} INFO - 
================================================================================
DAG File Processing Stats

File Path                            PID    Runtime      # DAGs    # Errors  Last Runtime    Last Run
-----------------------------------  -----  ---------  --------  ----------  --------------  -------------------
/opt/airflow/dags/data_extracter.py                           0           1  0.06s           2026-09-15T13:03:05
================================================================================
[2026-09-15T13:03:59.509+0000] {manager.py:737} INFO - Searching for files in /opt/airflow/dags
[2026-09-15T13:03:59.510+0000] {manager.py:740} INFO - There are 1 files in /opt/airflow/dags
[2026-09-15T13:04:02.542+0000] {manager.py:878} INFO - 
================================================================================
DAG File Processing Stats

File Path                            PID    Runtime      # DAGs    # Errors  Last Runtime    Last Run
-----------------------------------  -----  ---------  --------  ----------  --------------  -------------------
/opt/airflow/dags/data_extracter.py                           0           1  0.05s           2026-09-15T13:03:35
================================================================================
[2026-09-15T13:04:31.241+0000] {manager.py:878} INFO - 
================================================================================
DAG File Processing Stats

File Path                            PID    Runtime      # DAGs    # Errors  Last Runtime    Last Run
-----------------------------------  -----  ---------  --------  ----------  --------------  -------------------
/opt/airflow/dags/data_extracter.py                           0           1  0.05s           2026-09-15T13:04:06
================================================================================
[2026-09-15T13:04:59.955+0000] {manager.py:878} INFO - 
================================================================================
DAG File Processing Stats

File Path                            PID    Runtime      # DAGs    # Errors  Last Runtime    Last Run
-----------------------------------  -----  ---------  --------  ----------  --------------  -------------------
/opt/airflow/dags/data_extracter.py                           0           1  0.05s           2026-09-15T13:04:37
================================================================================
[2026-09-15T13:05:28.639+0000] {manager.py:878} INFO - 
================================================================================
DAG File Processing Stats

File Path                            PID    Runtime      # DAGs    # Errors  Last Runtime    Last Run
-----------------------------------  -----  ---------  --------  ----------  --------------  -------------------
/opt/airflow/dags/data_extracter.py                           0           1  0.05s           2026-09-15T13:05:08
================================================================================
[2026-09-15T13:05:57.397+0000] {manager.py:878} INFO - 
================================================================================
DAG File Processing Stats

File Path                            PID    Runtime      # DAGs    # Errors  Last Runtime    Last Run
-----------------------------------  -----  ---------  --------  ----------  --------------  -------------------
/opt/airflow/dags/data_extracter.py                           0           1  0.05s           2026-09-15T13:05:38
================================================================================
[2026-09-15T13:06:26.155+0000] {manager.py:878} INFO - 
================================================================================
DAG File Processing Stats

File Path                            PID    Runtime      # DAGs    # Errors  Last Runtime    Last Run
-----------------------------------  -----  ---------  --------  ----------  --------------  -------------------
/opt/airflow/dags/data_extracter.py                           0           1  0.05s           2026-09-15T13:06:09
================================================================================
[2026-09-15T13:06:54.817+0000] {manager.py:878} INFO - 
================================================================================
DAG File Processing Stats

File Path                            PID    Runtime      # DAGs    # Errors  Last Runtime    Last Run
-----------------------------------  -----  ---------  --------  ----------  --------------  -------------------
/opt/airflow/dags/data_extracter.py                           0           1  0.05s           2026-09-15T13:06:40
================================================================================
[2026-09-15T13:07:23.493+0000] {manager.py:878} INFO - 
================================================================================
DAG File Processing Stats

File Path                            PID    Runtime      # DAGs    # Errors  Last Runtime    Last Run
-----------------------------------  -----  ---------  --------  ----------  --------------  -------------------
/opt/airflow/dags/data_extracter.py                           0           1  -1.01s          2026-09-15T13:07:09
================================================================================
[2026-09-15T13:07:52.151+0000] {manager.py:878} INFO - 
================================================================================
DAG File Processing Stats

File Path                            PID    Runtime      # DAGs    # Errors  Last Runtime    Last Run
-----------------------------------  -----  ---------  --------  ----------  --------------  -------------------
/opt/airflow/dags/data_extracter.py                           0           1  0.06s           2026-09-15T13:07:40
================================================================================
[2026-09-15T13:08:20.826+0000] {manager.py:878} INFO - 
================================================================================
DAG File Processing Stats

File Path                            PID    Runtime      # DAGs    # Errors  Last Runtime    Last Run
-----------------------------------  -----  ---------  --------  ----------  --------------  -------------------
/opt/airflow/dags/data_extracter.py                           0           1  0.06s           2026-09-15T13:08:10
================================================================================
[2026-09-15T13:08:49.615+0000] {manager.py:878} INFO - 
================================================================================
DAG File Processing Stats

File Path                            PID    Runtime      # DAGs    # Errors  Last Runtime    Last Run
-----------------------------------  -----  ---------  --------  ----------  --------------  -------------------
/opt/airflow/dags/data_extracter.py                           0           1  0.05s           2026-09-15T13:08:41
================================================================================
[2026-09-15T13:12:40.911+0000] {manager.py:737} INFO - Searching for files in /opt/airflow/dags
[2026-09-15T13:12:40.912+0000] {manager.py:740} INFO - There are 1 files in /opt/airflow/dags
[2026-09-15T13:13:09.349+0000] {manager.py:878} INFO - 
================================================================================
DAG File Processing Stats

File Path                            PID    Runtime      # DAGs    # Errors  Last Runtime    Last Run
-----------------------------------  -----  ---------  --------  ----------  --------------  -------------------
/opt/airflow/dags/data_extracter.py                           0           1  0.07s           2026-09-15T13:12:40
================================================================================
[2026-09-15T13:13:37.892+0000] {manager.py:878} INFO - 
================================================================================
DAG File Processing Stats

File Path                            PID    Runtime      # DAGs    # Errors  Last Runtime    Last Run
-----------------------------------  -----  ---------  --------  ----------  --------------  -------------------
/opt/airflow/dags/data_extracter.py                           0           1  0.06s           2026-09-15T13:13:11
================================================================================
[2026-09-15T13:14:06.660+0000] {manager.py:878} INFO - 
================================================================================
DAG File Processing Stats

File Path                            PID    Runtime      # DAGs    # Errors  Last Runtime    Last Run
-----------------------------------  -----  ---------  --------  ----------  --------------  -------------------
/opt/airflow/dags/data_extracter.py                           0           1  0.06s           2026-09-15T13:13:42
================================================================================
[2026-09-15T13:14:35.268+0000] {manager.py:878} INFO - 
================================================================================
DAG File Processing Stats

File Path                            PID    Runtime      # DAGs    # Errors  Last Runtime    Last Run
-----------------------------------  -----  ---------  --------  ----------  --------------  -------------------
/opt/airflow/dags/data_extracter.py                           0           1  0.05s           2026-09-15T13:14:12
================================================================================
[2026-09-15T13:15:03.896+0000] {manager.py:878} INFO - 
================================================================================
DAG File Processing Stats

File Path                            PID    Runtime      # DAGs    # Errors  Last Runtime    Last Run
-----------------------------------  -----  ---------  --------  ----------  --------------  -------------------
/opt/airflow/dags/data_extracter.py                           0           1  0.06s           2026-09-15T13:14:43
================================================================================
[2026-09-15T13:15:05.748+0000] {manager.py:452} INFO - Exiting gracefully upon receiving signal 15
[2026-09-15T13:15:56.980+0000] {manager.py:470} INFO - Processing files using up to 2 processes at a time 
[2026-09-15T13:15:56.981+0000] {manager.py:471} INFO - Process each file at most once every 30 seconds
[2026-09-15T13:15:56.981+0000] {manager.py:472} INFO - Checking for new files in /opt/airflow/dags every 300 seconds
[2026-09-15T13:15:56.982+0000] {manager.py:737} INFO - Searching for files in /opt/airflow/dags
[2026-09-15T13:15:56.983+0000] {manager.py:740} INFO - There are 1 files in /opt/airflow/dags
[2026-09-15T13:15:57.083+0000] {manager.py:878} INFO - 
================================================================================
DAG File Processing Stats

File Path                              PID  Runtime      # DAGs    # Errors  Last Runtime    Last Run
-----------------------------------  -----  ---------  --------  ----------  --------------  ----------
/opt/airflow/dags/data_extracter.py     48  0.06s             0           0
================================================================================
[2026-09-15T13:16:25.598+0000] {manager.py:878} INFO - 
================================================================================
DAG File Processing Stats

File Path                            PID    Runtime      # DAGs    # Errors  Last Runtime    Last Run
-----------------------------------  -----  ---------  --------  ----------  --------------  -------------------
/opt/airflow/dags/data_extracter.py                           0           1  0.07s           2026-09-15T13:15:57
================================================================================
[2026-09-15T13:16:54.194+0000] {manager.py:878} INFO - 
================================================================================
DAG File Processing Stats

File Path                            PID    Runtime      # DAGs    # Errors  Last Runtime    Last Run
-----------------------------------  -----  ---------  --------  ----------  --------------  -------------------
/opt/airflow/dags/data_extracter.py                           0           1  0.18s           2026-09-15T13:16:27
================================================================================
[2026-09-15T13:17:22.676+0000] {manager.py:878} INFO - 
================================================================================
DAG File Processing Stats

File Path                            PID    Runtime      # DAGs    # Errors  Last Runtime    Last Run
-----------------------------------  -----  ---------  --------  ----------  --------------  -------------------
/opt/airflow/dags/data_extracter.py                           0           1  0.07s           2026-09-15T13:16:58
================================================================================
[2026-09-15T13:17:51.338+0000] {manager.py:878} INFO - 
================================================================================
DAG File Processing Stats

File Path                            PID    Runtime      # DAGs    # Errors  Last Runtime    Last Run
-----------------------------------  -----  ---------  --------  ----------  --------------  -------------------
/opt/airflow/dags/data_extracter.py                           0           1  0.05s           2026-09-15T13:17:28
================================================================================
[2026-09-15T13:18:19.962+0000] {manager.py:878} INFO - 
================================================================================
DAG File Processing Stats

File Path                            PID    Runtime      # DAGs    # Errors  Last Runtime    Last Run
-----------------------------------  -----  ---------  --------  ----------  --------------  -------------------
/opt/airflow/dags/data_extracter.py                           0           1  0.06s           2026-09-15T13:17:59
================================================================================
[2026-09-15T13:18:48.584+0000] {manager.py:878} INFO - 
================================================================================
DAG File Processing Stats

File Path                            PID    Runtime      # DAGs    # Errors  Last Runtime    Last Run
-----------------------------------  -----  ---------  --------  ----------  --------------  -------------------
/opt/airflow/dags/data_extracter.py                           0           1  0.05s           2026-09-15T13:18:30
================================================================================
[2026-09-15T13:19:17.192+0000] {manager.py:878} INFO - 
================================================================================
DAG File Processing Stats

File Path                            PID    Runtime      # DAGs    # Errors  Last Runtime    Last Run
-----------------------------------  -----  ---------  --------  ----------  --------------  -------------------
/opt/airflow/dags/data_extracter.py                           0           1  0.05s           2026-09-15T13:19:00
================================================================================
[2026-09-15T13:19:45.768+0000] {manager.py:878} INFO - 
================================================================================
DAG File Processing Stats

File Path                            PID    Runtime      # DAGs    # Errors  Last Runtime    Last Run
-----------------------------------  -----  ---------  --------  ----------  --------------  -------------------
/opt/airflow/dags/data_extracter.py                           0           1  0.05s           2026-09-15T13:19:31
================================================================================
[2026-09-15T13:20:14.330+0000] {manager.py:878} INFO - 
================================================================================
DAG File Processing Stats

File Path                            PID    Runtime      # DAGs    # Errors  Last Runtime    Last Run
-----------------------------------  -----  ---------  --------  ----------  --------------  -------------------
/opt/airflow/dags/data_extracter.py                           0           1  0.06s           2026-09-15T13:20:02
================================================================================
[2026-09-15T13:20:42.956+0000] {manager.py:878} INFO - 
================================================================================
DAG File Processing Stats

File Path                            PID    Runtime      # DAGs    # Errors  Last Runtime    Last Run
-----------------------------------  -----  ---------  --------  ----------  --------------  -------------------
/opt/airflow/dags/data_extracter.py                           0           1  0.05s           2026-09-15T13:20:32
================================================================================
[2026-09-15T13:20:57.079+0000] {manager.py:737} INFO - Searching for files in /opt/airflow/dags
[2026-09-15T13:20:57.082+0000] {manager.py:740} INFO - There are 1 files in /opt/airflow/dags
[2026-09-15T13:21:11.582+0000] {manager.py:878} INFO - 
================================================================================
DAG File Processing Stats

File Path                            PID    Runtime      # DAGs    # Errors  Last Runtime    Last Run
-----------------------------------  -----  ---------  --------  ----------  --------------  -------------------
/opt/airflow/dags/data_extracter.py                           0           1  0.05s           2026-09-15T13:21:03
================================================================================
[2026-09-15T13:21:40.156+0000] {manager.py:878} INFO - 
================================================================================
DAG File Processing Stats

File Path                            PID    Runtime      # DAGs    # Errors  Last Runtime    Last Run
-----------------------------------  -----  ---------  --------  ----------  --------------  -------------------
/opt/airflow/dags/data_extracter.py                           0           1  0.05s           2026-09-15T13:21:34
================================================================================
[2026-09-15T13:22:08.699+0000] {manager.py:878} INFO - 
================================================================================
DAG File Processing Stats

File Path                            PID    Runtime      # DAGs    # Errors  Last Runtime    Last Run
-----------------------------------  -----  ---------  --------  ----------  --------------  -------------------
/opt/airflow/dags/data_extracter.py                           0           1  0.05s           2026-09-15T13:22:04
================================================================================
[2026-09-15T13:22:37.198+0000] {manager.py:878} INFO - 
================================================================================
DAG File Processing Stats

File Path                            PID    Runtime      # DAGs    # Errors  Last Runtime    Last Run
-----------------------------------  -----  ---------  --------  ----------  --------------  -------------------
/opt/airflow/dags/data_extracter.py                           0           1  0.05s           2026-09-15T13:22:35
================================================================================
[2026-09-15T13:23:05.760+0000] {manager.py:878} INFO - 
================================================================================
DAG File Processing Stats

File Path                              PID  Runtime      # DAGs    # Errors  Last Runtime    Last Run
-----------------------------------  -----  ---------  --------  ----------  --------------  -------------------
/opt/airflow/dags/data_extracter.py    160  0.01s             0           1  0.05s           2026-09-15T13:22:35
================================================================================
[2026-09-15T13:23:34.198+0000] {manager.py:878} INFO - 
================================================================================
DAG File Processing Stats

File Path                            PID    Runtime      # DAGs    # Errors  Last Runtime    Last Run
-----------------------------------  -----  ---------  --------  ----------  --------------  -------------------
/opt/airflow/dags/data_extracter.py                           0           1  0.06s           2026-09-15T13:23:05
================================================================================
[2026-09-15T13:24:02.765+0000] {manager.py:878} INFO - 
================================================================================
DAG File Processing Stats

File Path                            PID    Runtime      # DAGs    # Errors  Last Runtime    Last Run
-----------------------------------  -----  ---------  --------  ----------  --------------  -------------------
/opt/airflow/dags/data_extracter.py                           0           1  0.08s           2026-09-15T13:23:36
================================================================================
[2026-09-15T13:24:31.287+0000] {manager.py:878} INFO - 
================================================================================
DAG File Processing Stats

File Path                            PID    Runtime      # DAGs    # Errors  Last Runtime    Last Run
-----------------------------------  -----  ---------  --------  ----------  --------------  -------------------
/opt/airflow/dags/data_extracter.py                           0           1  0.06s           2026-09-15T13:24:06
================================================================================
[2026-09-15T13:24:59.827+0000] {manager.py:878} INFO - 
================================================================================
DAG File Processing Stats

File Path                            PID    Runtime      # DAGs    # Errors  Last Runtime    Last Run
-----------------------------------  -----  ---------  --------  ----------  --------------  -------------------
/opt/airflow/dags/data_extracter.py                           0           1  0.06s           2026-09-15T13:24:37
================================================================================
[2026-09-15T13:25:28.368+0000] {manager.py:878} INFO - 
================================================================================
DAG File Processing Stats

File Path                            PID    Runtime      # DAGs    # Errors  Last Runtime    Last Run
-----------------------------------  -----  ---------  --------  ----------  --------------  -------------------
/opt/airflow/dags/data_extracter.py                           0           1  0.16s           2026-09-15T13:25:08
================================================================================
[2026-09-15T13:25:56.921+0000] {manager.py:878} INFO - 
================================================================================
DAG File Processing Stats

File Path                            PID    Runtime      # DAGs    # Errors  Last Runtime    Last Run
-----------------------------------  -----  ---------  --------  ----------  --------------  -------------------
/opt/airflow/dags/data_extracter.py                           0           1  0.07s           2026-09-15T13:25:38
================================================================================
[2026-09-15T13:25:57.930+0000] {manager.py:737} INFO - Searching for files in /opt/airflow/dags
[2026-09-15T13:25:57.934+0000] {manager.py:740} INFO - There are 1 files in /opt/airflow/dags
[2026-09-15T13:26:25.527+0000] {manager.py:878} INFO - 
================================================================================
DAG File Processing Stats

File Path                            PID    Runtime      # DAGs    # Errors  Last Runtime    Last Run
-----------------------------------  -----  ---------  --------  ----------  --------------  -------------------
/opt/airflow/dags/data_extracter.py                           0           1  0.29s           2026-09-15T13:26:09
================================================================================
[2026-09-15T13:26:54.159+0000] {manager.py:878} INFO - 
================================================================================
DAG File Processing Stats

File Path                            PID    Runtime      # DAGs    # Errors  Last Runtime    Last Run
-----------------------------------  -----  ---------  --------  ----------  --------------  -------------------
/opt/airflow/dags/data_extracter.py                           0           1  0.07s           2026-09-15T13:26:40
================================================================================
[2026-09-15T13:27:01.307+0000] {manager.py:1016} ERROR - Processor for /opt/airflow/dags/data_extracter.py exited with return code 1.
[2026-09-15T13:27:22.823+0000] {manager.py:878} INFO - 
================================================================================
DAG File Processing Stats

File Path                            PID    Runtime      # DAGs    # Errors  Last Runtime    Last Run
-----------------------------------  -----  ---------  --------  ----------  --------------  -------------------
/opt/airflow/dags/data_extracter.py                           0          -1  0.02s           2026-09-15T13:27:01
================================================================================
[2026-09-15T13:27:31.907+0000] {manager.py:1016} ERROR - Processor for /opt/airflow/dags/data_extracter.py exited with return code 1.
[2026-09-15T13:27:51.393+0000] {manager.py:878} INFO - 
================================================================================
DAG File Processing Stats

File Path                            PID    Runtime      # DAGs    # Errors  Last Runtime    Last Run
-----------------------------------  -----  ---------  --------  ----------  --------------  -------------------
/opt/airflow/dags/data_extracter.py                           0          -1  0.01s           2026-09-15T13:27:31
================================================================================
[2026-09-15T13:28:02.729+0000] {manager.py:1016} ERROR - Processor for /opt/airflow/dags/data_extracter.py exited with return code 1.
[2026-09-15T13:28:19.892+0000] {manager.py:878} INFO - 
================================================================================
DAG File Processing Stats

File Path                            PID    Runtime      # DAGs    # Errors  Last Runtime    Last Run
-----------------------------------  -----  ---------  --------  ----------  --------------  -------------------
/opt/airflow/dags/data_extracter.py                           0          -1  0.02s           2026-09-15T13:28:02
================================================================================
[2026-09-15T13:28:33.317+0000] {manager.py:1016} ERROR - Processor for /opt/airflow/dags/data_extracter.py exited with return code 1.
[2026-09-15T13:28:48.431+0000] {manager.py:878} INFO - 
================================================================================
DAG File Processing Stats

File Path                            PID    Runtime      # DAGs    # Errors  Last Runtime    Last Run
-----------------------------------  -----  ---------  --------  ----------  --------------  -------------------
/opt/airflow/dags/data_extracter.py                           0          -1  0.01s           2026-09-15T13:28:33
================================================================================
[2026-09-15T13:29:16.892+0000] {manager.py:878} INFO - 
================================================================================
DAG File Processing Stats

File Path                            PID    Runtime      # DAGs    # Errors  Last Runtime    Last Run
-----------------------------------  -----  ---------  --------  ----------  --------------  -------------------
/opt/airflow/dags/data_extracter.py                           1           0  0.47s           2026-09-15T13:29:04
================================================================================
[2026-09-15T13:29:45.447+0000] {manager.py:878} INFO - 
================================================================================
DAG File Processing Stats

File Path                            PID    Runtime      # DAGs    # Errors  Last Runtime    Last Run
-----------------------------------  -----  ---------  --------  ----------  --------------  -------------------
/opt/airflow/dags/data_extracter.py                           1           0  0.17s           2026-09-15T13:29:34
================================================================================
[2026-09-15T13:30:13.980+0000] {manager.py:878} INFO - 
================================================================================
DAG File Processing Stats

File Path                            PID    Runtime      # DAGs    # Errors  Last Runtime    Last Run
-----------------------------------  -----  ---------  --------  ----------  --------------  -------------------
/opt/airflow/dags/data_extracter.py                           1           0  0.13s           2026-09-15T13:30:05
================================================================================
[2026-09-15T13:30:35.500+0000] {manager.py:1016} ERROR - Processor for /opt/airflow/dags/data_extracter.py exited with return code 1.
[2026-09-15T13:30:42.545+0000] {manager.py:878} INFO - 
================================================================================
DAG File Processing Stats

File Path                            PID    Runtime      # DAGs    # Errors  Last Runtime    Last Run
-----------------------------------  -----  ---------  --------  ----------  --------------  -------------------
/opt/airflow/dags/data_extracter.py                           0          -1  0.03s           2026-09-15T13:30:35
================================================================================
[2026-09-15T13:30:57.949+0000] {manager.py:737} INFO - Searching for files in /opt/airflow/dags
[2026-09-15T13:30:57.950+0000] {manager.py:740} INFO - There are 2 files in /opt/airflow/dags
[2026-09-15T13:30:57.973+0000] {manager.py:1016} ERROR - Processor for /opt/airflow/dags/test.py exited with return code 1.
[2026-09-15T13:31:06.038+0000] {manager.py:1016} ERROR - Processor for /opt/airflow/dags/data_extracter.py exited with return code 1.
[2026-09-15T13:31:11.071+0000] {manager.py:878} INFO - 
================================================================================
DAG File Processing Stats

File Path                            PID    Runtime      # DAGs    # Errors  Last Runtime    Last Run
-----------------------------------  -----  ---------  --------  ----------  --------------  -------------------
/opt/airflow/dags/data_extracter.py                           0          -1  0.01s           2026-09-15T13:31:06
/opt/airflow/dags/test.py                                     0          -1  0.01s           2026-09-15T13:30:57
================================================================================
[2026-09-15T13:31:19.402+0000] {manager.py:1128} WARNING - Skipping processing of missing file: /opt/airflow/dags/data_extracter.py
[2026-09-15T13:31:28.479+0000] {manager.py:1016} ERROR - Processor for /opt/airflow/dags/test.py exited with return code 1.
[2026-09-15T13:31:39.607+0000] {manager.py:878} INFO - 
================================================================================
DAG File Processing Stats

File Path                  PID    Runtime      # DAGs    # Errors  Last Runtime    Last Run
-------------------------  -----  ---------  --------  ----------  --------------  -------------------
/opt/airflow/dags/test.py                           0          -1  0.01s           2026-09-15T13:31:28
================================================================================
[2026-09-15T13:31:59.058+0000] {manager.py:1016} ERROR - Processor for /opt/airflow/dags/test.py exited with return code 1.
[2026-09-15T13:32:08.122+0000] {manager.py:878} INFO - 
================================================================================
DAG File Processing Stats

File Path                  PID    Runtime      # DAGs    # Errors  Last Runtime    Last Run
-------------------------  -----  ---------  --------  ----------  --------------  -------------------
/opt/airflow/dags/test.py                           0          -1  0.01s           2026-09-15T13:31:59
================================================================================
[2026-09-15T13:32:29.660+0000] {manager.py:1016} ERROR - Processor for /opt/airflow/dags/test.py exited with return code 1.
[2026-09-15T13:32:36.715+0000] {manager.py:878} INFO - 
================================================================================
DAG File Processing Stats

File Path                  PID    Runtime      # DAGs    # Errors  Last Runtime    Last Run
-------------------------  -----  ---------  --------  ----------  --------------  -------------------
/opt/airflow/dags/test.py                           0          -1  0.02s           2026-09-15T13:32:29
================================================================================
[2026-09-15T13:33:00.103+0000] {manager.py:1016} ERROR - Processor for /opt/airflow/dags/test.py exited with return code 1.
[2026-09-15T13:33:05.134+0000] {manager.py:878} INFO - 
================================================================================
DAG File Processing Stats

File Path                  PID    Runtime      # DAGs    # Errors  Last Runtime    Last Run
-------------------------  -----  ---------  --------  ----------  --------------  -------------------
/opt/airflow/dags/test.py                           0          -1  0.01s           2026-09-15T13:33:00
================================================================================
[2026-09-15T13:33:30.574+0000] {manager.py:1016} ERROR - Processor for /opt/airflow/dags/test.py exited with return code 1.
[2026-09-15T13:33:33.594+0000] {manager.py:878} INFO - 
================================================================================
DAG File Processing Stats

File Path                  PID    Runtime      # DAGs    # Errors  Last Runtime    Last Run
-------------------------  -----  ---------  --------  ----------  --------------  -------------------
/opt/airflow/dags/test.py                           0          -1  0.02s           2026-09-15T13:33:30
================================================================================
[2026-09-15T13:34:01.150+0000] {manager.py:1016} ERROR - Processor for /opt/airflow/dags/test.py exited with return code 1.
[2026-09-15T13:34:02.169+0000] {manager.py:878} INFO - 
================================================================================
DAG File Processing Stats

File Path                  PID    Runtime      # DAGs    # Errors  Last Runtime    Last Run
-------------------------  -----  ---------  --------  ----------  --------------  -------------------
/opt/airflow/dags/test.py                           0          -1  0.01s           2026-09-15T13:34:01
================================================================================
[2026-09-15T13:34:30.577+0000] {manager.py:878} INFO - 
================================================================================
DAG File Processing Stats

File Path                  PID    Runtime      # DAGs    # Errors  Last Runtime    Last Run
-------------------------  -----  ---------  --------  ----------  --------------  -------------------
/opt/airflow/dags/test.py                           0          -1  0.01s           2026-09-15T13:34:01
================================================================================
[2026-09-15T13:34:31.623+0000] {manager.py:1016} ERROR - Processor for /opt/airflow/dags/test.py exited with return code 1.
[2026-09-15T13:34:59.115+0000] {manager.py:878} INFO - 
================================================================================
DAG File Processing Stats

File Path                  PID    Runtime      # DAGs    # Errors  Last Runtime    Last Run
-------------------------  -----  ---------  --------  ----------  --------------  -------------------
/opt/airflow/dags/test.py                           0          -1  0.02s           2026-09-15T13:34:31
================================================================================
[2026-09-15T13:35:02.163+0000] {manager.py:1016} ERROR - Processor for /opt/airflow/dags/test.py exited with return code 1.
[2026-09-15T13:35:27.657+0000] {manager.py:878} INFO - 
================================================================================
DAG File Processing Stats

File Path                  PID    Runtime      # DAGs    # Errors  Last Runtime    Last Run
-------------------------  -----  ---------  --------  ----------  --------------  -------------------
/opt/airflow/dags/test.py                           0          -1  0.01s           2026-09-15T13:35:02
================================================================================
[2026-09-15T13:35:32.749+0000] {manager.py:1016} ERROR - Processor for /opt/airflow/dags/test.py exited with return code 1.
[2026-09-15T13:35:56.232+0000] {manager.py:878} INFO - 
================================================================================
DAG File Processing Stats

File Path                  PID    Runtime      # DAGs    # Errors  Last Runtime    Last Run
-------------------------  -----  ---------  --------  ----------  --------------  -------------------
/opt/airflow/dags/test.py                           0          -1  0.01s           2026-09-15T13:35:32
================================================================================
[2026-09-15T13:35:58.247+0000] {manager.py:737} INFO - Searching for files in /opt/airflow/dags
[2026-09-15T13:35:58.249+0000] {manager.py:740} INFO - There are 1 files in /opt/airflow/dags
[2026-09-15T13:36:03.527+0000] {manager.py:1016} ERROR - Processor for /opt/airflow/dags/test.py exited with return code 1.
[2026-09-15T13:36:24.739+0000] {manager.py:878} INFO - 
================================================================================
DAG File Processing Stats

File Path                  PID    Runtime      # DAGs    # Errors  Last Runtime    Last Run
-------------------------  -----  ---------  --------  ----------  --------------  -------------------
/opt/airflow/dags/test.py                           0          -1  0.01s           2026-09-15T13:36:03
================================================================================
[2026-09-15T13:36:34.096+0000] {manager.py:1016} ERROR - Processor for /opt/airflow/dags/test.py exited with return code 1.
[2026-09-15T13:36:53.290+0000] {manager.py:878} INFO - 
================================================================================
DAG File Processing Stats

File Path                  PID    Runtime      # DAGs    # Errors  Last Runtime    Last Run
-------------------------  -----  ---------  --------  ----------  --------------  -------------------
/opt/airflow/dags/test.py                           0          -1  0.01s           2026-09-15T13:36:34
================================================================================
[2026-09-15T13:37:04.653+0000] {manager.py:1016} ERROR - Processor for /opt/airflow/dags/test.py exited with return code 1.
[2026-09-15T13:37:21.817+0000] {manager.py:878} INFO - 
================================================================================
DAG File Processing Stats

File Path                  PID    Runtime      # DAGs    # Errors  Last Runtime    Last Run
-------------------------  -----  ---------  --------  ----------  --------------  -------------------
/opt/airflow/dags/test.py                           0          -1  0.01s           2026-09-15T13:37:04
================================================================================
[2026-09-15T13:37:35.178+0000] {manager.py:1016} ERROR - Processor for /opt/airflow/dags/test.py exited with return code 1.
[2026-09-15T13:37:50.263+0000] {manager.py:878} INFO - 
================================================================================
DAG File Processing Stats

File Path                  PID    Runtime      # DAGs    # Errors  Last Runtime    Last Run
-------------------------  -----  ---------  --------  ----------  --------------  -------------------
/opt/airflow/dags/test.py                           0          -1  0.02s           2026-09-15T13:37:35
================================================================================
[2026-09-15T13:38:05.656+0000] {manager.py:1016} ERROR - Processor for /opt/airflow/dags/test.py exited with return code 1.
[2026-09-15T13:38:18.807+0000] {manager.py:878} INFO - 
================================================================================
DAG File Processing Stats

File Path                  PID    Runtime      # DAGs    # Errors  Last Runtime    Last Run
-------------------------  -----  ---------  --------  ----------  --------------  -------------------
/opt/airflow/dags/test.py                           0          -1  0.01s           2026-09-15T13:38:05
================================================================================
[2026-09-15T13:38:36.228+0000] {manager.py:1016} ERROR - Processor for /opt/airflow/dags/test.py exited with return code 1.
[2026-09-15T13:38:47.311+0000] {manager.py:878} INFO - 
================================================================================
DAG File Processing Stats

File Path                  PID    Runtime      # DAGs    # Errors  Last Runtime    Last Run
-------------------------  -----  ---------  --------  ----------  --------------  -------------------
/opt/airflow/dags/test.py                           0          -1  0.02s           2026-09-15T13:38:36
================================================================================
[2026-09-15T13:39:06.660+0000] {manager.py:1016} ERROR - Processor for /opt/airflow/dags/test.py exited with return code 1.
[2026-09-15T13:39:15.728+0000] {manager.py:878} INFO - 
================================================================================
DAG File Processing Stats

File Path                  PID    Runtime      # DAGs    # Errors  Last Runtime    Last Run
-------------------------  -----  ---------  --------  ----------  --------------  -------------------
/opt/airflow/dags/test.py                           0          -1  0.01s           2026-09-15T13:39:06
================================================================================
[2026-09-15T13:39:37.059+0000] {manager.py:1016} ERROR - Processor for /opt/airflow/dags/test.py exited with return code 1.
[2026-09-15T13:39:44.137+0000] {manager.py:878} INFO - 
================================================================================
DAG File Processing Stats

File Path                  PID    Runtime      # DAGs    # Errors  Last Runtime    Last Run
-------------------------  -----  ---------  --------  ----------  --------------  -------------------
/opt/airflow/dags/test.py                           0          -1  0.01s           2026-09-15T13:39:37
================================================================================
[2026-09-15T13:40:07.601+0000] {manager.py:1016} ERROR - Processor for /opt/airflow/dags/test.py exited with return code 1.
[2026-09-15T13:40:12.650+0000] {manager.py:878} INFO - 
================================================================================
DAG File Processing Stats

File Path                  PID    Runtime      # DAGs    # Errors  Last Runtime    Last Run
-------------------------  -----  ---------  --------  ----------  --------------  -------------------
/opt/airflow/dags/test.py                           0          -1  0.01s           2026-09-15T13:40:07
================================================================================
[2026-09-15T13:40:38.042+0000] {manager.py:1016} ERROR - Processor for /opt/airflow/dags/test.py exited with return code 1.
[2026-09-15T13:40:41.067+0000] {manager.py:878} INFO - 
================================================================================
DAG File Processing Stats

File Path                  PID    Runtime      # DAGs    # Errors  Last Runtime    Last Run
-------------------------  -----  ---------  --------  ----------  --------------  -------------------
/opt/airflow/dags/test.py                           0          -1  0.02s           2026-09-15T13:40:38
================================================================================
[2026-09-15T13:40:58.529+0000] {manager.py:737} INFO - Searching for files in /opt/airflow/dags
[2026-09-15T13:40:58.532+0000] {manager.py:740} INFO - There are 1 files in /opt/airflow/dags
[2026-09-15T13:41:08.629+0000] {manager.py:1016} ERROR - Processor for /opt/airflow/dags/test.py exited with return code 1.
[2026-09-15T13:41:09.634+0000] {manager.py:878} INFO - 
================================================================================
DAG File Processing Stats

File Path                  PID    Runtime      # DAGs    # Errors  Last Runtime    Last Run
-------------------------  -----  ---------  --------  ----------  --------------  -------------------
/opt/airflow/dags/test.py                           0          -1  0.01s           2026-09-15T13:41:08
================================================================================
[2026-09-15T13:41:38.067+0000] {manager.py:878} INFO - 
================================================================================
DAG File Processing Stats

File Path                  PID    Runtime      # DAGs    # Errors  Last Runtime    Last Run
-------------------------  -----  ---------  --------  ----------  --------------  -------------------
/opt/airflow/dags/test.py                           0          -1  0.01s           2026-09-15T13:41:08
================================================================================
[2026-09-15T13:41:39.087+0000] {manager.py:1016} ERROR - Processor for /opt/airflow/dags/test.py exited with return code 1.
[2026-09-15T13:42:06.591+0000] {manager.py:878} INFO - 
================================================================================
DAG File Processing Stats

File Path                  PID    Runtime      # DAGs    # Errors  Last Runtime    Last Run
-------------------------  -----  ---------  --------  ----------  --------------  -------------------
/opt/airflow/dags/test.py                           0          -1  0.01s           2026-09-15T13:41:39
================================================================================
[2026-09-15T13:42:09.798+0000] {manager.py:1016} ERROR - Processor for /opt/airflow/dags/test.py exited with return code 1.
[2026-09-15T13:42:34.987+0000] {manager.py:878} INFO - 
================================================================================
DAG File Processing Stats

File Path                  PID    Runtime      # DAGs    # Errors  Last Runtime    Last Run
-------------------------  -----  ---------  --------  ----------  --------------  -------------------
/opt/airflow/dags/test.py                           0          -1  0.01s           2026-09-15T13:42:09
================================================================================
[2026-09-15T13:42:40.249+0000] {manager.py:1016} ERROR - Processor for /opt/airflow/dags/test.py exited with return code 1.
[2026-09-15T13:42:41.267+0000] {manager.py:1016} ERROR - Processor for /opt/airflow/dags/test.py exited with return code 1.
[2026-09-15T13:42:53.406+0000] {manager.py:1016} ERROR - Processor for /opt/airflow/dags/test.py exited with return code 1.
[2026-09-15T13:43:03.517+0000] {manager.py:878} INFO - 
================================================================================
DAG File Processing Stats

File Path                  PID    Runtime      # DAGs    # Errors  Last Runtime    Last Run
-------------------------  -----  ---------  --------  ----------  --------------  -------------------
/opt/airflow/dags/test.py                           0          -1  0.02s           2026-09-15T13:42:53
================================================================================
[2026-09-15T13:43:23.887+0000] {manager.py:1016} ERROR - Processor for /opt/airflow/dags/test.py exited with return code 1.
[2026-09-15T13:43:31.963+0000] {manager.py:878} INFO - 
================================================================================
DAG File Processing Stats

File Path                  PID    Runtime      # DAGs    # Errors  Last Runtime    Last Run
-------------------------  -----  ---------  --------  ----------  --------------  -------------------
/opt/airflow/dags/test.py                           0          -1  0.02s           2026-09-15T13:43:23
================================================================================
[2026-09-15T13:43:54.413+0000] {manager.py:1016} ERROR - Processor for /opt/airflow/dags/test.py exited with return code 1.
[2026-09-15T13:43:58.655+0000] {manager.py:878} INFO - 
================================================================================
DAG File Processing Stats

File Path                  PID    Runtime      # DAGs    # Errors  Last Runtime    Last Run
-------------------------  -----  ---------  --------  ----------  --------------  -------------------
/opt/airflow/dags/test.py                           0          -1  0.01s           2026-09-15T13:43:54
================================================================================
[2026-09-15T13:44:24.999+0000] {manager.py:1016} ERROR - Processor for /opt/airflow/dags/test.py exited with return code 1.
[2026-09-15T13:44:27.205+0000] {manager.py:878} INFO - 
================================================================================
DAG File Processing Stats

File Path                  PID    Runtime      # DAGs    # Errors  Last Runtime    Last Run
-------------------------  -----  ---------  --------  ----------  --------------  -------------------
/opt/airflow/dags/test.py                           0          -1  0.01s           2026-09-15T13:44:24
================================================================================
[2026-09-15T13:44:55.521+0000] {manager.py:1016} ERROR - Processor for /opt/airflow/dags/test.py exited with return code 1.
[2026-09-15T13:44:55.705+0000] {manager.py:878} INFO - 
================================================================================
DAG File Processing Stats

File Path                  PID    Runtime      # DAGs    # Errors  Last Runtime    Last Run
-------------------------  -----  ---------  --------  ----------  --------------  -------------------
/opt/airflow/dags/test.py                           0          -1  0.01s           2026-09-15T13:44:55
================================================================================
[2026-09-15T13:45:24.058+0000] {manager.py:878} INFO - 
================================================================================
DAG File Processing Stats

File Path                  PID    Runtime      # DAGs    # Errors  Last Runtime    Last Run
-------------------------  -----  ---------  --------  ----------  --------------  -------------------
/opt/airflow/dags/test.py                           0          -1  0.01s           2026-09-15T13:44:55
================================================================================
[2026-09-15T13:45:26.090+0000] {manager.py:1016} ERROR - Processor for /opt/airflow/dags/test.py exited with return code 1.
[2026-09-15T13:45:52.497+0000] {manager.py:878} INFO - 
================================================================================
DAG File Processing Stats

File Path                  PID    Runtime      # DAGs    # Errors  Last Runtime    Last Run
-------------------------  -----  ---------  --------  ----------  --------------  -------------------
/opt/airflow/dags/test.py                           0          -1  0.02s           2026-09-15T13:45:26
================================================================================
[2026-09-15T13:45:56.566+0000] {manager.py:1016} ERROR - Processor for /opt/airflow/dags/test.py exited with return code 1.
[2026-09-15T13:45:58.588+0000] {manager.py:737} INFO - Searching for files in /opt/airflow/dags
[2026-09-15T13:45:58.590+0000] {manager.py:740} INFO - There are 1 files in /opt/airflow/dags
[2026-09-15T13:46:20.955+0000] {manager.py:878} INFO - 
================================================================================
DAG File Processing Stats

File Path                  PID    Runtime      # DAGs    # Errors  Last Runtime    Last Run
-------------------------  -----  ---------  --------  ----------  --------------  -------------------
/opt/airflow/dags/test.py                           0          -1  0.03s           2026-09-15T13:45:56
================================================================================
[2026-09-15T13:46:27.030+0000] {manager.py:1016} ERROR - Processor for /opt/airflow/dags/test.py exited with return code 1.
[2026-09-15T13:46:49.468+0000] {manager.py:878} INFO - 
================================================================================
DAG File Processing Stats

File Path                  PID    Runtime      # DAGs    # Errors  Last Runtime    Last Run
-------------------------  -----  ---------  --------  ----------  --------------  -------------------
/opt/airflow/dags/test.py                           0          -1  0.01s           2026-09-15T13:46:27
================================================================================
[2026-09-15T13:46:57.603+0000] {manager.py:1016} ERROR - Processor for /opt/airflow/dags/test.py exited with return code 1.
[2026-09-15T13:47:17.928+0000] {manager.py:878} INFO - 
================================================================================
DAG File Processing Stats

File Path                  PID    Runtime      # DAGs    # Errors  Last Runtime    Last Run
-------------------------  -----  ---------  --------  ----------  --------------  -------------------
/opt/airflow/dags/test.py                           0          -1  0.02s           2026-09-15T13:46:57
================================================================================
[2026-09-15T13:47:28.024+0000] {manager.py:1016} ERROR - Processor for /opt/airflow/dags/test.py exited with return code 1.
[2026-09-15T13:47:33.928+0000] {manager.py:452} INFO - Exiting gracefully upon receiving signal 15
[2026-09-15T13:48:32.050+0000] {manager.py:470} INFO - Processing files using up to 2 processes at a time 
[2026-09-15T13:48:32.050+0000] {manager.py:471} INFO - Process each file at most once every 30 seconds
[2026-09-15T13:48:32.051+0000] {manager.py:472} INFO - Checking for new files in /opt/airflow/dags every 300 seconds
[2026-09-15T13:48:32.051+0000] {manager.py:737} INFO - Searching for files in /opt/airflow/dags
[2026-09-15T13:48:32.052+0000] {manager.py:740} INFO - There are 1 files in /opt/airflow/dags
[2026-09-15T13:48:32.187+0000] {manager.py:878} INFO - 
================================================================================
DAG File Processing Stats

File Path                    PID  Runtime      # DAGs    # Errors  Last Runtime    Last Run
-------------------------  -----  ---------  --------  ----------  --------------  ----------
/opt/airflow/dags/test.py     49  0.04s             0           0
================================================================================
[2026-09-15T13:49:00.535+0000] {manager.py:878} INFO - 
================================================================================
DAG File Processing Stats

File Path                  PID    Runtime      # DAGs    # Errors  Last Runtime    Last Run
-------------------------  -----  ---------  --------  ----------  --------------  -------------------
/opt/airflow/dags/test.py                           1           0  0.36s           2026-09-15T13:48:32
================================================================================
[2026-09-15T13:49:29.243+0000] {manager.py:878} INFO - 
================================================================================
DAG File Processing Stats

File Path                  PID    Runtime      # DAGs    # Errors  Last Runtime    Last Run
-------------------------  -----  ---------  --------  ----------  --------------  -------------------
/opt/airflow/dags/test.py                           1           0  0.37s           2026-09-15T13:49:02
================================================================================
[2026-09-15T13:49:33.311+0000] {manager.py:1016} ERROR - Processor for /opt/airflow/dags/test.py exited with return code 1.
[2026-09-15T13:49:57.822+0000] {manager.py:878} INFO - 
================================================================================
DAG File Processing Stats

File Path                  PID    Runtime      # DAGs    # Errors  Last Runtime    Last Run
-------------------------  -----  ---------  --------  ----------  --------------  -------------------
/opt/airflow/dags/test.py                           0          -1  0.02s           2026-09-15T13:49:33
================================================================================
[2026-09-15T13:50:03.884+0000] {manager.py:1016} ERROR - Processor for /opt/airflow/dags/test.py exited with return code 1.
[2026-09-15T13:50:26.238+0000] {manager.py:878} INFO - 
================================================================================
DAG File Processing Stats

File Path                  PID    Runtime      # DAGs    # Errors  Last Runtime    Last Run
-------------------------  -----  ---------  --------  ----------  --------------  -------------------
/opt/airflow/dags/test.py                           0          -1  0.01s           2026-09-15T13:50:03
================================================================================
[2026-09-15T13:50:34.351+0000] {manager.py:1016} ERROR - Processor for /opt/airflow/dags/test.py exited with return code 1.
[2026-09-15T13:50:54.762+0000] {manager.py:878} INFO - 
================================================================================
DAG File Processing Stats

File Path                  PID    Runtime      # DAGs    # Errors  Last Runtime    Last Run
-------------------------  -----  ---------  --------  ----------  --------------  -------------------
/opt/airflow/dags/test.py                           0          -1  0.01s           2026-09-15T13:50:34
================================================================================
[2026-09-15T13:51:05.079+0000] {manager.py:1016} ERROR - Processor for /opt/airflow/dags/test.py exited with return code 1.
[2026-09-15T13:51:23.269+0000] {manager.py:878} INFO - 
================================================================================
DAG File Processing Stats

File Path                  PID    Runtime      # DAGs    # Errors  Last Runtime    Last Run
-------------------------  -----  ---------  --------  ----------  --------------  -------------------
/opt/airflow/dags/test.py                           0          -1  0.01s           2026-09-15T13:51:05
================================================================================
[2026-09-15T13:51:35.614+0000] {manager.py:1016} ERROR - Processor for /opt/airflow/dags/test.py exited with return code 1.
[2026-09-15T13:51:51.739+0000] {manager.py:878} INFO - 
================================================================================
DAG File Processing Stats

File Path                  PID    Runtime      # DAGs    # Errors  Last Runtime    Last Run
-------------------------  -----  ---------  --------  ----------  --------------  -------------------
/opt/airflow/dags/test.py                           0          -1  0.01s           2026-09-15T13:51:35
================================================================================
[2026-09-15T13:52:00.019+0000] {manager.py:1016} ERROR - Processor for /opt/airflow/dags/test.py exited with return code 1.
[2026-09-15T13:52:01.043+0000] {manager.py:1016} ERROR - Processor for /opt/airflow/dags/test.py exited with return code 1.
[2026-09-15T13:52:20.241+0000] {manager.py:878} INFO - 
================================================================================
DAG File Processing Stats

File Path                  PID    Runtime      # DAGs    # Errors  Last Runtime    Last Run
-------------------------  -----  ---------  --------  ----------  --------------  -------------------
/opt/airflow/dags/test.py                           0          -1  0.01s           2026-09-15T13:52:01
================================================================================
[2026-09-15T13:52:31.535+0000] {manager.py:1016} ERROR - Processor for /opt/airflow/dags/test.py exited with return code 1.
[2026-09-15T13:52:48.712+0000] {manager.py:878} INFO - 
================================================================================
DAG File Processing Stats

File Path                  PID    Runtime      # DAGs    # Errors  Last Runtime    Last Run
-------------------------  -----  ---------  --------  ----------  --------------  -------------------
/opt/airflow/dags/test.py                           0          -1  0.01s           2026-09-15T13:52:31
================================================================================
[2026-09-15T13:53:01.999+0000] {manager.py:1016} ERROR - Processor for /opt/airflow/dags/test.py exited with return code 1.
[2026-09-15T13:53:17.121+0000] {manager.py:878} INFO - 
================================================================================
DAG File Processing Stats

File Path                  PID    Runtime      # DAGs    # Errors  Last Runtime    Last Run
-------------------------  -----  ---------  --------  ----------  --------------  -------------------
/opt/airflow/dags/test.py                           0          -1  0.01s           2026-09-15T13:53:01
================================================================================
[2026-09-15T13:53:32.405+0000] {manager.py:737} INFO - Searching for files in /opt/airflow/dags
[2026-09-15T13:53:32.410+0000] {manager.py:740} INFO - There are 1 files in /opt/airflow/dags
[2026-09-15T13:53:32.437+0000] {manager.py:1016} ERROR - Processor for /opt/airflow/dags/test.py exited with return code 1.
[2026-09-15T13:53:45.605+0000] {manager.py:878} INFO - 
================================================================================
DAG File Processing Stats

File Path                  PID    Runtime      # DAGs    # Errors  Last Runtime    Last Run
-------------------------  -----  ---------  --------  ----------  --------------  -------------------
/opt/airflow/dags/test.py                           0          -1  0.01s           2026-09-15T13:53:32
================================================================================
[2026-09-15T13:54:02.987+0000] {manager.py:1016} ERROR - Processor for /opt/airflow/dags/test.py exited with return code 1.
[2026-09-15T13:54:14.124+0000] {manager.py:878} INFO - 
================================================================================
DAG File Processing Stats

File Path                  PID    Runtime      # DAGs    # Errors  Last Runtime    Last Run
-------------------------  -----  ---------  --------  ----------  --------------  -------------------
/opt/airflow/dags/test.py                           0          -1  0.01s           2026-09-15T13:54:02
================================================================================
[2026-09-15T13:54:33.451+0000] {manager.py:1016} ERROR - Processor for /opt/airflow/dags/test.py exited with return code 1.
[2026-09-15T13:54:35.482+0000] {manager.py:1016} ERROR - Processor for /opt/airflow/dags/test.py exited with return code 1.
[2026-09-15T13:54:38.528+0000] {manager.py:1016} ERROR - Processor for /opt/airflow/dags/test.py exited with return code 1.
[2026-09-15T13:54:40.558+0000] {manager.py:1016} ERROR - Processor for /opt/airflow/dags/test.py exited with return code 1.
[2026-09-15T13:54:41.582+0000] {manager.py:1016} ERROR - Processor for /opt/airflow/dags/test.py exited with return code 1.
[2026-09-15T13:54:42.585+0000] {manager.py:878} INFO - 
================================================================================
DAG File Processing Stats

File Path                  PID    Runtime      # DAGs    # Errors  Last Runtime    Last Run
-------------------------  -----  ---------  --------  ----------  --------------  -------------------
/opt/airflow/dags/test.py                           0          -1  0.02s           2026-09-15T13:54:41
================================================================================
[2026-09-15T13:54:46.807+0000] {manager.py:1016} ERROR - Processor for /opt/airflow/dags/test.py exited with return code 1.
[2026-09-15T13:55:10.996+0000] {manager.py:878} INFO - 
================================================================================
DAG File Processing Stats

File Path                  PID    Runtime      # DAGs    # Errors  Last Runtime    Last Run
-------------------------  -----  ---------  --------  ----------  --------------  -------------------
/opt/airflow/dags/test.py                           0          -1  0.02s           2026-09-15T13:54:46
================================================================================
[2026-09-15T13:55:17.206+0000] {manager.py:1016} ERROR - Processor for /opt/airflow/dags/test.py exited with return code 1.
[2026-09-15T13:55:39.419+0000] {manager.py:878} INFO - 
================================================================================
DAG File Processing Stats

File Path                  PID    Runtime      # DAGs    # Errors  Last Runtime    Last Run
-------------------------  -----  ---------  --------  ----------  --------------  -------------------
/opt/airflow/dags/test.py                           0          -1  0.03s           2026-09-15T13:55:17
================================================================================
[2026-09-15T13:55:47.720+0000] {manager.py:1016} ERROR - Processor for /opt/airflow/dags/test.py exited with return code 1.
[2026-09-15T13:56:07.885+0000] {manager.py:878} INFO - 
================================================================================
DAG File Processing Stats

File Path                  PID    Runtime      # DAGs    # Errors  Last Runtime    Last Run
-------------------------  -----  ---------  --------  ----------  --------------  -------------------
/opt/airflow/dags/test.py                           0          -1  0.01s           2026-09-15T13:55:47
================================================================================
[2026-09-15T13:56:18.112+0000] {manager.py:1016} ERROR - Processor for /opt/airflow/dags/test.py exited with return code 1.
[2026-09-15T13:56:36.311+0000] {manager.py:878} INFO - 
================================================================================
DAG File Processing Stats

File Path                  PID    Runtime      # DAGs    # Errors  Last Runtime    Last Run
-------------------------  -----  ---------  --------  ----------  --------------  -------------------
/opt/airflow/dags/test.py                           0          -1  0.01s           2026-09-15T13:56:18
================================================================================
[2026-09-15T13:56:48.610+0000] {manager.py:1016} ERROR - Processor for /opt/airflow/dags/test.py exited with return code 1.
[2026-09-15T13:57:04.728+0000] {manager.py:878} INFO - 
================================================================================
DAG File Processing Stats

File Path                  PID    Runtime      # DAGs    # Errors  Last Runtime    Last Run
-------------------------  -----  ---------  --------  ----------  --------------  -------------------
/opt/airflow/dags/test.py                           0          -1  0.01s           2026-09-15T13:56:48
================================================================================
[2026-09-15T13:57:19.004+0000] {manager.py:1016} ERROR - Processor for /opt/airflow/dags/test.py exited with return code 1.
[2026-09-15T13:57:33.146+0000] {manager.py:878} INFO - 
================================================================================
DAG File Processing Stats

File Path                  PID    Runtime      # DAGs    # Errors  Last Runtime    Last Run
-------------------------  -----  ---------  --------  ----------  --------------  -------------------
/opt/airflow/dags/test.py                           0          -1  0.01s           2026-09-15T13:57:19
================================================================================
[2026-09-15T13:57:49.575+0000] {manager.py:1016} ERROR - Processor for /opt/airflow/dags/test.py exited with return code 1.
[2026-09-15T13:58:01.747+0000] {manager.py:878} INFO - 
================================================================================
DAG File Processing Stats

File Path                  PID    Runtime      # DAGs    # Errors  Last Runtime    Last Run
-------------------------  -----  ---------  --------  ----------  --------------  -------------------
/opt/airflow/dags/test.py                           0          -1  0.01s           2026-09-15T13:57:49
================================================================================
[2026-09-15T13:58:20.068+0000] {manager.py:1016} ERROR - Processor for /opt/airflow/dags/test.py exited with return code 1.
[2026-09-15T13:58:30.147+0000] {manager.py:878} INFO - 
================================================================================
DAG File Processing Stats

File Path                  PID    Runtime      # DAGs    # Errors  Last Runtime    Last Run
-------------------------  -----  ---------  --------  ----------  --------------  -------------------
/opt/airflow/dags/test.py                           0          -1  0.01s           2026-09-15T13:58:20
================================================================================
[2026-09-15T13:58:33.180+0000] {manager.py:737} INFO - Searching for files in /opt/airflow/dags
[2026-09-15T13:58:33.182+0000] {manager.py:740} INFO - There are 1 files in /opt/airflow/dags
[2026-09-15T13:58:50.561+0000] {manager.py:1016} ERROR - Processor for /opt/airflow/dags/test.py exited with return code 1.
[2026-09-15T13:58:58.662+0000] {manager.py:878} INFO - 
================================================================================
DAG File Processing Stats

File Path                  PID    Runtime      # DAGs    # Errors  Last Runtime    Last Run
-------------------------  -----  ---------  --------  ----------  --------------  -------------------
/opt/airflow/dags/test.py                           0          -1  0.02s           2026-09-15T13:58:50
================================================================================
[2026-09-15T13:59:21.071+0000] {manager.py:1016} ERROR - Processor for /opt/airflow/dags/test.py exited with return code 1.
[2026-09-15T13:59:27.145+0000] {manager.py:878} INFO - 
================================================================================
DAG File Processing Stats

File Path                  PID    Runtime      # DAGs    # Errors  Last Runtime    Last Run
-------------------------  -----  ---------  --------  ----------  --------------  -------------------
/opt/airflow/dags/test.py                           0          -1  0.01s           2026-09-15T13:59:21
================================================================================
[2026-09-15T13:59:51.572+0000] {manager.py:1016} ERROR - Processor for /opt/airflow/dags/test.py exited with return code 1.
[2026-09-15T13:59:55.593+0000] {manager.py:878} INFO - 
================================================================================
DAG File Processing Stats

File Path                  PID    Runtime      # DAGs    # Errors  Last Runtime    Last Run
-------------------------  -----  ---------  --------  ----------  --------------  -------------------
/opt/airflow/dags/test.py                           0          -1  0.02s           2026-09-15T13:59:51
================================================================================
[2026-09-15T14:00:21.956+0000] {manager.py:1016} ERROR - Processor for /opt/airflow/dags/test.py exited with return code 1.
[2026-09-15T14:00:23.968+0000] {manager.py:878} INFO - 
================================================================================
DAG File Processing Stats

File Path                  PID    Runtime      # DAGs    # Errors  Last Runtime    Last Run
-------------------------  -----  ---------  --------  ----------  --------------  -------------------
/opt/airflow/dags/test.py                           0          -1  0.01s           2026-09-15T14:00:21
================================================================================
[2026-09-15T14:00:52.357+0000] {manager.py:878} INFO - 
================================================================================
DAG File Processing Stats

File Path                    PID  Runtime      # DAGs    # Errors  Last Runtime    Last Run
-------------------------  -----  ---------  --------  ----------  --------------  -------------------
/opt/airflow/dags/test.py    243  0.00s             0          -1  0.01s           2026-09-15T14:00:21
================================================================================
[2026-09-15T14:00:52.363+0000] {manager.py:1016} ERROR - Processor for /opt/airflow/dags/test.py exited with return code 1.
[2026-09-15T14:01:20.851+0000] {manager.py:878} INFO - 
================================================================================
DAG File Processing Stats

File Path                  PID    Runtime      # DAGs    # Errors  Last Runtime    Last Run
-------------------------  -----  ---------  --------  ----------  --------------  -------------------
/opt/airflow/dags/test.py                           0          -1  0.01s           2026-09-15T14:00:52
================================================================================
[2026-09-15T14:01:23.016+0000] {manager.py:1016} ERROR - Processor for /opt/airflow/dags/test.py exited with return code 1.
[2026-09-15T14:01:49.286+0000] {manager.py:878} INFO - 
================================================================================
DAG File Processing Stats

File Path                  PID    Runtime      # DAGs    # Errors  Last Runtime    Last Run
-------------------------  -----  ---------  --------  ----------  --------------  -------------------
/opt/airflow/dags/test.py                           0          -1  0.03s           2026-09-15T14:01:23
================================================================================
[2026-09-15T14:01:53.588+0000] {manager.py:1016} ERROR - Processor for /opt/airflow/dags/test.py exited with return code 1.
[2026-09-15T14:02:17.828+0000] {manager.py:878} INFO - 
================================================================================
DAG File Processing Stats

File Path                  PID    Runtime      # DAGs    # Errors  Last Runtime    Last Run
-------------------------  -----  ---------  --------  ----------  --------------  -------------------
/opt/airflow/dags/test.py                           0          -1  0.01s           2026-09-15T14:01:53
================================================================================
[2026-09-15T14:02:24.065+0000] {manager.py:1016} ERROR - Processor for /opt/airflow/dags/test.py exited with return code 1.
[2026-09-15T14:02:46.254+0000] {manager.py:878} INFO - 
================================================================================
DAG File Processing Stats

File Path                  PID    Runtime      # DAGs    # Errors  Last Runtime    Last Run
-------------------------  -----  ---------  --------  ----------  --------------  -------------------
/opt/airflow/dags/test.py                           0          -1  0.01s           2026-09-15T14:02:24
================================================================================
[2026-09-15T14:02:54.543+0000] {manager.py:1016} ERROR - Processor for /opt/airflow/dags/test.py exited with return code 1.
[2026-09-15T14:03:14.734+0000] {manager.py:878} INFO - 
================================================================================
DAG File Processing Stats

File Path                  PID    Runtime      # DAGs    # Errors  Last Runtime    Last Run
-------------------------  -----  ---------  --------  ----------  --------------  -------------------
/opt/airflow/dags/test.py                           0          -1  0.01s           2026-09-15T14:02:54
================================================================================
[2026-09-15T14:03:25.011+0000] {manager.py:1016} ERROR - Processor for /opt/airflow/dags/test.py exited with return code 1.
[2026-09-15T14:03:34.118+0000] {manager.py:737} INFO - Searching for files in /opt/airflow/dags
[2026-09-15T14:03:34.120+0000] {manager.py:740} INFO - There are 1 files in /opt/airflow/dags
[2026-09-15T14:03:41.385+0000] {manager.py:878} INFO - 
================================================================================
DAG File Processing Stats

File Path                  PID    Runtime      # DAGs    # Errors  Last Runtime    Last Run
-------------------------  -----  ---------  --------  ----------  --------------  -------------------
/opt/airflow/dags/test.py                           0          -1  0.02s           2026-09-15T14:03:25
================================================================================
[2026-09-15T14:03:55.521+0000] {manager.py:1016} ERROR - Processor for /opt/airflow/dags/test.py exited with return code 1.
[2026-09-15T14:04:09.855+0000] {manager.py:878} INFO - 
================================================================================
DAG File Processing Stats

File Path                  PID    Runtime      # DAGs    # Errors  Last Runtime    Last Run
-------------------------  -----  ---------  --------  ----------  --------------  -------------------
/opt/airflow/dags/test.py                           0          -1  0.02s           2026-09-15T14:03:55
================================================================================
[2026-09-15T14:04:26.008+0000] {manager.py:1016} ERROR - Processor for /opt/airflow/dags/test.py exited with return code 1.
[2026-09-15T14:04:38.257+0000] {manager.py:878} INFO - 
================================================================================
DAG File Processing Stats

File Path                  PID    Runtime      # DAGs    # Errors  Last Runtime    Last Run
-------------------------  -----  ---------  --------  ----------  --------------  -------------------
/opt/airflow/dags/test.py                           0          -1  0.03s           2026-09-15T14:04:26
================================================================================
[2026-09-15T14:04:56.419+0000] {manager.py:1016} ERROR - Processor for /opt/airflow/dags/test.py exited with return code 1.
[2026-09-15T14:05:06.696+0000] {manager.py:878} INFO - 
================================================================================
DAG File Processing Stats

File Path                  PID    Runtime      # DAGs    # Errors  Last Runtime    Last Run
-------------------------  -----  ---------  --------  ----------  --------------  -------------------
/opt/airflow/dags/test.py                           0          -1  0.02s           2026-09-15T14:04:56
================================================================================
[2026-09-15T14:05:26.868+0000] {manager.py:1016} ERROR - Processor for /opt/airflow/dags/test.py exited with return code 1.
[2026-09-15T14:05:35.059+0000] {manager.py:878} INFO - 
================================================================================
DAG File Processing Stats

File Path                  PID    Runtime      # DAGs    # Errors  Last Runtime    Last Run
-------------------------  -----  ---------  --------  ----------  --------------  -------------------
/opt/airflow/dags/test.py                           0          -1  0.01s           2026-09-15T14:05:26
================================================================================
[2026-09-15T14:05:57.302+0000] {manager.py:1016} ERROR - Processor for /opt/airflow/dags/test.py exited with return code 1.
[2026-09-15T14:06:03.533+0000] {manager.py:878} INFO - 
================================================================================
DAG File Processing Stats

File Path                  PID    Runtime      # DAGs    # Errors  Last Runtime    Last Run
-------------------------  -----  ---------  --------  ----------  --------------  -------------------
/opt/airflow/dags/test.py                           0          -1  0.01s           2026-09-15T14:05:57
================================================================================
[2026-09-15T14:06:27.797+0000] {manager.py:1016} ERROR - Processor for /opt/airflow/dags/test.py exited with return code 1.
[2026-09-15T14:06:31.972+0000] {manager.py:878} INFO - 
================================================================================
DAG File Processing Stats

File Path                  PID    Runtime      # DAGs    # Errors  Last Runtime    Last Run
-------------------------  -----  ---------  --------  ----------  --------------  -------------------
/opt/airflow/dags/test.py                           0          -1  0.01s           2026-09-15T14:06:27
================================================================================
[2026-09-15T14:06:58.201+0000] {manager.py:1016} ERROR - Processor for /opt/airflow/dags/test.py exited with return code 1.
[2026-09-15T14:07:00.399+0000] {manager.py:878} INFO - 
================================================================================
DAG File Processing Stats

File Path                  PID    Runtime      # DAGs    # Errors  Last Runtime    Last Run
-------------------------  -----  ---------  --------  ----------  --------------  -------------------
/opt/airflow/dags/test.py                           0          -1  0.01s           2026-09-15T14:06:58
================================================================================
[2026-09-15T14:07:28.837+0000] {manager.py:878} INFO - 
================================================================================
DAG File Processing Stats

File Path                    PID  Runtime      # DAGs    # Errors  Last Runtime    Last Run
-------------------------  -----  ---------  --------  ----------  --------------  -------------------
/opt/airflow/dags/test.py    340  0.01s             0          -1  0.01s           2026-09-15T14:06:58
================================================================================
[2026-09-15T14:07:28.845+0000] {manager.py:1016} ERROR - Processor for /opt/airflow/dags/test.py exited with return code 1.
[2026-09-15T14:07:57.260+0000] {manager.py:878} INFO - 
================================================================================
DAG File Processing Stats

File Path                  PID    Runtime      # DAGs    # Errors  Last Runtime    Last Run
-------------------------  -----  ---------  --------  ----------  --------------  -------------------
/opt/airflow/dags/test.py                           0          -1  0.02s           2026-09-15T14:07:28
================================================================================
[2026-09-15T14:07:59.310+0000] {manager.py:1016} ERROR - Processor for /opt/airflow/dags/test.py exited with return code 1.
[2026-09-15T14:08:25.737+0000] {manager.py:878} INFO - 
================================================================================
DAG File Processing Stats

File Path                  PID    Runtime      # DAGs    # Errors  Last Runtime    Last Run
-------------------------  -----  ---------  --------  ----------  --------------  -------------------
/opt/airflow/dags/test.py                           0          -1  0.02s           2026-09-15T14:07:59
================================================================================
[2026-09-15T14:08:29.779+0000] {manager.py:1016} ERROR - Processor for /opt/airflow/dags/test.py exited with return code 1.
[2026-09-15T14:08:34.812+0000] {manager.py:737} INFO - Searching for files in /opt/airflow/dags
[2026-09-15T14:08:34.815+0000] {manager.py:740} INFO - There are 1 files in /opt/airflow/dags
[2026-09-15T14:08:54.201+0000] {manager.py:878} INFO - 
================================================================================
DAG File Processing Stats

File Path                  PID    Runtime      # DAGs    # Errors  Last Runtime    Last Run
-------------------------  -----  ---------  --------  ----------  --------------  -------------------
/opt/airflow/dags/test.py                           0          -1  0.02s           2026-09-15T14:08:29
================================================================================
[2026-09-15T14:09:00.287+0000] {manager.py:1016} ERROR - Processor for /opt/airflow/dags/test.py exited with return code 1.
[2026-09-15T14:09:22.684+0000] {manager.py:878} INFO - 
================================================================================
DAG File Processing Stats

File Path                  PID    Runtime      # DAGs    # Errors  Last Runtime    Last Run
-------------------------  -----  ---------  --------  ----------  --------------  -------------------
/opt/airflow/dags/test.py                           0          -1  0.01s           2026-09-15T14:09:00
================================================================================
[2026-09-15T14:09:30.798+0000] {manager.py:1016} ERROR - Processor for /opt/airflow/dags/test.py exited with return code 1.
[2026-09-15T14:09:51.207+0000] {manager.py:878} INFO - 
================================================================================
DAG File Processing Stats

File Path                  PID    Runtime      # DAGs    # Errors  Last Runtime    Last Run
-------------------------  -----  ---------  --------  ----------  --------------  -------------------
/opt/airflow/dags/test.py                           0          -1  0.01s           2026-09-15T14:09:30
================================================================================
[2026-09-15T14:10:01.304+0000] {manager.py:1016} ERROR - Processor for /opt/airflow/dags/test.py exited with return code 1.
[2026-09-15T14:10:19.630+0000] {manager.py:878} INFO - 
================================================================================
DAG File Processing Stats

File Path                  PID    Runtime      # DAGs    # Errors  Last Runtime    Last Run
-------------------------  -----  ---------  --------  ----------  --------------  -------------------
/opt/airflow/dags/test.py                           0          -1  0.01s           2026-09-15T14:10:01
================================================================================
[2026-09-15T14:10:31.784+0000] {manager.py:1016} ERROR - Processor for /opt/airflow/dags/test.py exited with return code 1.
[2026-09-15T14:10:48.071+0000] {manager.py:878} INFO - 
================================================================================
DAG File Processing Stats

File Path                  PID    Runtime      # DAGs    # Errors  Last Runtime    Last Run
-------------------------  -----  ---------  --------  ----------  --------------  -------------------
/opt/airflow/dags/test.py                           0          -1  0.01s           2026-09-15T14:10:31
================================================================================
[2026-09-15T14:11:02.202+0000] {manager.py:1016} ERROR - Processor for /opt/airflow/dags/test.py exited with return code 1.
[2026-09-15T14:11:16.517+0000] {manager.py:878} INFO - 
================================================================================
DAG File Processing Stats

File Path                  PID    Runtime      # DAGs    # Errors  Last Runtime    Last Run
-------------------------  -----  ---------  --------  ----------  --------------  -------------------
/opt/airflow/dags/test.py                           0          -1  0.01s           2026-09-15T14:11:02
================================================================================
[2026-09-15T14:11:32.702+0000] {manager.py:1016} ERROR - Processor for /opt/airflow/dags/test.py exited with return code 1.
[2026-09-15T14:11:44.955+0000] {manager.py:878} INFO - 
================================================================================
DAG File Processing Stats

File Path                  PID    Runtime      # DAGs    # Errors  Last Runtime    Last Run
-------------------------  -----  ---------  --------  ----------  --------------  -------------------
/opt/airflow/dags/test.py                           0          -1  0.01s           2026-09-15T14:11:32
================================================================================
[2026-09-15T14:12:03.124+0000] {manager.py:1016} ERROR - Processor for /opt/airflow/dags/test.py exited with return code 1.
[2026-09-15T14:12:13.384+0000] {manager.py:878} INFO - 
================================================================================
DAG File Processing Stats

File Path                  PID    Runtime      # DAGs    # Errors  Last Runtime    Last Run
-------------------------  -----  ---------  --------  ----------  --------------  -------------------
/opt/airflow/dags/test.py                           0          -1  0.01s           2026-09-15T14:12:03
================================================================================
[2026-09-15T14:12:33.611+0000] {manager.py:1016} ERROR - Processor for /opt/airflow/dags/test.py exited with return code 1.
[2026-09-15T14:12:41.851+0000] {manager.py:878} INFO - 
================================================================================
DAG File Processing Stats

File Path                  PID    Runtime      # DAGs    # Errors  Last Runtime    Last Run
-------------------------  -----  ---------  --------  ----------  --------------  -------------------
/opt/airflow/dags/test.py                           0          -1  0.01s           2026-09-15T14:12:33
================================================================================
[2026-09-15T14:13:04.121+0000] {manager.py:1016} ERROR - Processor for /opt/airflow/dags/test.py exited with return code 1.
[2026-09-15T14:13:10.386+0000] {manager.py:878} INFO - 
================================================================================
DAG File Processing Stats

File Path                  PID    Runtime      # DAGs    # Errors  Last Runtime    Last Run
-------------------------  -----  ---------  --------  ----------  --------------  -------------------
/opt/airflow/dags/test.py                           0          -1  0.01s           2026-09-15T14:13:04
================================================================================
[2026-09-15T14:13:34.783+0000] {manager.py:1016} ERROR - Processor for /opt/airflow/dags/test.py exited with return code 1.
[2026-09-15T14:13:35.784+0000] {manager.py:737} INFO - Searching for files in /opt/airflow/dags
[2026-09-15T14:13:35.786+0000] {manager.py:740} INFO - There are 1 files in /opt/airflow/dags
[2026-09-15T14:13:38.820+0000] {manager.py:878} INFO - 
================================================================================
DAG File Processing Stats

File Path                  PID    Runtime      # DAGs    # Errors  Last Runtime    Last Run
-------------------------  -----  ---------  --------  ----------  --------------  -------------------
/opt/airflow/dags/test.py                           0          -1  0.02s           2026-09-15T14:13:34
================================================================================
[2026-09-15T14:14:05.266+0000] {manager.py:1016} ERROR - Processor for /opt/airflow/dags/test.py exited with return code 1.
[2026-09-15T14:14:07.285+0000] {manager.py:878} INFO - 
================================================================================
DAG File Processing Stats

File Path                  PID    Runtime      # DAGs    # Errors  Last Runtime    Last Run
-------------------------  -----  ---------  --------  ----------  --------------  -------------------
/opt/airflow/dags/test.py                           0          -1  0.01s           2026-09-15T14:14:05
================================================================================
[2026-09-15T14:14:35.818+0000] {manager.py:878} INFO - 
================================================================================
DAG File Processing Stats

File Path                    PID  Runtime      # DAGs    # Errors  Last Runtime    Last Run
-------------------------  -----  ---------  --------  ----------  --------------  -------------------
/opt/airflow/dags/test.py    444  0.01s             0          -1  0.01s           2026-09-15T14:14:05
================================================================================
[2026-09-15T14:14:35.825+0000] {manager.py:1016} ERROR - Processor for /opt/airflow/dags/test.py exited with return code 1.
[2026-09-15T14:15:04.269+0000] {manager.py:878} INFO - 
================================================================================
DAG File Processing Stats

File Path                  PID    Runtime      # DAGs    # Errors  Last Runtime    Last Run
-------------------------  -----  ---------  --------  ----------  --------------  -------------------
/opt/airflow/dags/test.py                           0          -1  0.02s           2026-09-15T14:14:35
================================================================================
[2026-09-15T14:15:06.306+0000] {manager.py:1016} ERROR - Processor for /opt/airflow/dags/test.py exited with return code 1.
[2026-09-15T14:15:32.684+0000] {manager.py:878} INFO - 
================================================================================
DAG File Processing Stats

File Path                  PID    Runtime      # DAGs    # Errors  Last Runtime    Last Run
-------------------------  -----  ---------  --------  ----------  --------------  -------------------
/opt/airflow/dags/test.py                           0          -1  0.02s           2026-09-15T14:15:06
================================================================================
[2026-09-15T14:15:36.742+0000] {manager.py:1016} ERROR - Processor for /opt/airflow/dags/test.py exited with return code 1.
[2026-09-15T14:16:01.038+0000] {manager.py:878} INFO - 
================================================================================
DAG File Processing Stats

File Path                  PID    Runtime      # DAGs    # Errors  Last Runtime    Last Run
-------------------------  -----  ---------  --------  ----------  --------------  -------------------
/opt/airflow/dags/test.py                           0          -1  0.03s           2026-09-15T14:15:36
================================================================================
[2026-09-15T14:16:07.127+0000] {manager.py:1016} ERROR - Processor for /opt/airflow/dags/test.py exited with return code 1.
[2026-09-15T14:16:29.504+0000] {manager.py:878} INFO - 
================================================================================
DAG File Processing Stats

File Path                  PID    Runtime      # DAGs    # Errors  Last Runtime    Last Run
-------------------------  -----  ---------  --------  ----------  --------------  -------------------
/opt/airflow/dags/test.py                           0          -1  0.01s           2026-09-15T14:16:07
================================================================================
[2026-09-15T14:16:37.585+0000] {manager.py:1016} ERROR - Processor for /opt/airflow/dags/test.py exited with return code 1.
[2026-09-15T14:16:46.695+0000] {manager.py:1016} ERROR - Processor for /opt/airflow/dags/test.py exited with return code 1.
[2026-09-15T14:16:48.718+0000] {manager.py:1016} ERROR - Processor for /opt/airflow/dags/test.py exited with return code 1.
[2026-09-15T14:16:57.945+0000] {manager.py:878} INFO - 
================================================================================
DAG File Processing Stats

File Path                  PID    Runtime      # DAGs    # Errors  Last Runtime    Last Run
-------------------------  -----  ---------  --------  ----------  --------------  -------------------
/opt/airflow/dags/test.py                           0          -1  0.01s           2026-09-15T14:16:48
================================================================================
[2026-09-15T14:17:19.156+0000] {manager.py:1016} ERROR - Processor for /opt/airflow/dags/test.py exited with return code 1.
[2026-09-15T14:17:26.409+0000] {manager.py:878} INFO - 
================================================================================
DAG File Processing Stats

File Path                  PID    Runtime      # DAGs    # Errors  Last Runtime    Last Run
-------------------------  -----  ---------  --------  ----------  --------------  -------------------
/opt/airflow/dags/test.py                           0          -1  0.01s           2026-09-15T14:17:19
================================================================================
[2026-09-15T14:17:49.770+0000] {manager.py:1016} ERROR - Processor for /opt/airflow/dags/test.py exited with return code 1.
[2026-09-15T14:17:54.809+0000] {manager.py:878} INFO - 
================================================================================
DAG File Processing Stats

File Path                  PID    Runtime      # DAGs    # Errors  Last Runtime    Last Run
-------------------------  -----  ---------  --------  ----------  --------------  -------------------
/opt/airflow/dags/test.py                           0          -1  0.01s           2026-09-15T14:17:49
================================================================================
[2026-09-15T14:18:20.232+0000] {manager.py:1016} ERROR - Processor for /opt/airflow/dags/test.py exited with return code 1.
[2026-09-15T14:18:23.257+0000] {manager.py:878} INFO - 
================================================================================
DAG File Processing Stats

File Path                  PID    Runtime      # DAGs    # Errors  Last Runtime    Last Run
-------------------------  -----  ---------  --------  ----------  --------------  -------------------
/opt/airflow/dags/test.py                           0          -1  0.01s           2026-09-15T14:18:20
================================================================================
[2026-09-15T14:18:36.388+0000] {manager.py:737} INFO - Searching for files in /opt/airflow/dags
[2026-09-15T14:18:36.390+0000] {manager.py:740} INFO - There are 1 files in /opt/airflow/dags
[2026-09-15T14:18:50.712+0000] {manager.py:1016} ERROR - Processor for /opt/airflow/dags/test.py exited with return code 1.
[2026-09-15T14:18:51.719+0000] {manager.py:878} INFO - 
================================================================================
DAG File Processing Stats

File Path                  PID    Runtime      # DAGs    # Errors  Last Runtime    Last Run
-------------------------  -----  ---------  --------  ----------  --------------  -------------------
/opt/airflow/dags/test.py                           0          -1  0.01s           2026-09-15T14:18:50
================================================================================
[2026-09-15T14:19:20.395+0000] {manager.py:878} INFO - 
================================================================================
DAG File Processing Stats

File Path                  PID    Runtime      # DAGs    # Errors  Last Runtime    Last Run
-------------------------  -----  ---------  --------  ----------  --------------  -------------------
/opt/airflow/dags/test.py                           0          -1  0.01s           2026-09-15T14:18:50
================================================================================
[2026-09-15T14:19:21.427+0000] {manager.py:1016} ERROR - Processor for /opt/airflow/dags/test.py exited with return code 1.
[2026-09-15T14:19:48.814+0000] {manager.py:878} INFO - 
================================================================================
DAG File Processing Stats

File Path                  PID    Runtime      # DAGs    # Errors  Last Runtime    Last Run
-------------------------  -----  ---------  --------  ----------  --------------  -------------------
/opt/airflow/dags/test.py                           0          -1  0.01s           2026-09-15T14:19:21
================================================================================
[2026-09-15T14:19:51.867+0000] {manager.py:1016} ERROR - Processor for /opt/airflow/dags/test.py exited with return code 1.
[2026-09-15T14:20:17.282+0000] {manager.py:878} INFO - 
================================================================================
DAG File Processing Stats

File Path                  PID    Runtime      # DAGs    # Errors  Last Runtime    Last Run
-------------------------  -----  ---------  --------  ----------  --------------  -------------------
/opt/airflow/dags/test.py                           0          -1  0.01s           2026-09-15T14:19:51
================================================================================
[2026-09-15T14:20:22.344+0000] {manager.py:1016} ERROR - Processor for /opt/airflow/dags/test.py exited with return code 1.
[2026-09-15T14:20:45.713+0000] {manager.py:878} INFO - 
================================================================================
DAG File Processing Stats

File Path                  PID    Runtime      # DAGs    # Errors  Last Runtime    Last Run
-------------------------  -----  ---------  --------  ----------  --------------  -------------------
/opt/airflow/dags/test.py                           0          -1  0.01s           2026-09-15T14:20:22
================================================================================
[2026-09-15T14:20:52.798+0000] {manager.py:1016} ERROR - Processor for /opt/airflow/dags/test.py exited with return code 1.
[2026-09-15T14:21:14.138+0000] {manager.py:878} INFO - 
================================================================================
DAG File Processing Stats

File Path                  PID    Runtime      # DAGs    # Errors  Last Runtime    Last Run
-------------------------  -----  ---------  --------  ----------  --------------  -------------------
/opt/airflow/dags/test.py                           0          -1  0.01s           2026-09-15T14:20:52
================================================================================
[2026-09-15T14:21:23.204+0000] {manager.py:1016} ERROR - Processor for /opt/airflow/dags/test.py exited with return code 1.
[2026-09-15T14:21:42.540+0000] {manager.py:878} INFO - 
================================================================================
DAG File Processing Stats

File Path                  PID    Runtime      # DAGs    # Errors  Last Runtime    Last Run
-------------------------  -----  ---------  --------  ----------  --------------  -------------------
/opt/airflow/dags/test.py                           0          -1  0.01s           2026-09-15T14:21:23
================================================================================
[2026-09-15T14:21:53.691+0000] {manager.py:1016} ERROR - Processor for /opt/airflow/dags/test.py exited with return code 1.
[2026-09-15T14:22:10.997+0000] {manager.py:878} INFO - 
================================================================================
DAG File Processing Stats

File Path                  PID    Runtime      # DAGs    # Errors  Last Runtime    Last Run
-------------------------  -----  ---------  --------  ----------  --------------  -------------------
/opt/airflow/dags/test.py                           0          -1  0.02s           2026-09-15T14:21:53
================================================================================
[2026-09-15T14:22:24.352+0000] {manager.py:1016} ERROR - Processor for /opt/airflow/dags/test.py exited with return code 1.
[2026-09-15T14:22:39.626+0000] {manager.py:878} INFO - 
================================================================================
DAG File Processing Stats

File Path                  PID    Runtime      # DAGs    # Errors  Last Runtime    Last Run
-------------------------  -----  ---------  --------  ----------  --------------  -------------------
/opt/airflow/dags/test.py                           0          -1  0.01s           2026-09-15T14:22:24
================================================================================
[2026-09-15T14:22:54.819+0000] {manager.py:1016} ERROR - Processor for /opt/airflow/dags/test.py exited with return code 1.
[2026-09-15T14:23:08.042+0000] {manager.py:878} INFO - 
================================================================================
DAG File Processing Stats

File Path                  PID    Runtime      # DAGs    # Errors  Last Runtime    Last Run
-------------------------  -----  ---------  --------  ----------  --------------  -------------------
/opt/airflow/dags/test.py                           0          -1  0.01s           2026-09-15T14:22:54
================================================================================
[2026-09-15T14:23:25.233+0000] {manager.py:1016} ERROR - Processor for /opt/airflow/dags/test.py exited with return code 1.
[2026-09-15T14:23:36.576+0000] {manager.py:737} INFO - Searching for files in /opt/airflow/dags
[2026-09-15T14:23:36.578+0000] {manager.py:740} INFO - There are 1 files in /opt/airflow/dags
[2026-09-15T14:23:36.589+0000] {manager.py:878} INFO - 
================================================================================
DAG File Processing Stats

File Path                  PID    Runtime      # DAGs    # Errors  Last Runtime    Last Run
-------------------------  -----  ---------  --------  ----------  --------------  -------------------
/opt/airflow/dags/test.py                           0          -1  0.01s           2026-09-15T14:23:25
================================================================================
[2026-09-15T14:23:55.913+0000] {manager.py:1016} ERROR - Processor for /opt/airflow/dags/test.py exited with return code 1.
[2026-09-15T14:24:05.008+0000] {manager.py:878} INFO - 
================================================================================
DAG File Processing Stats

File Path                  PID    Runtime      # DAGs    # Errors  Last Runtime    Last Run
-------------------------  -----  ---------  --------  ----------  --------------  -------------------
/opt/airflow/dags/test.py                           0          -1  0.02s           2026-09-15T14:23:55
================================================================================
[2026-09-15T14:24:26.415+0000] {manager.py:1016} ERROR - Processor for /opt/airflow/dags/test.py exited with return code 1.
[2026-09-15T14:24:33.481+0000] {manager.py:878} INFO - 
================================================================================
DAG File Processing Stats

File Path                  PID    Runtime      # DAGs    # Errors  Last Runtime    Last Run
-------------------------  -----  ---------  --------  ----------  --------------  -------------------
/opt/airflow/dags/test.py                           0          -1  0.01s           2026-09-15T14:24:26
================================================================================
[2026-09-15T14:24:56.849+0000] {manager.py:1016} ERROR - Processor for /opt/airflow/dags/test.py exited with return code 1.
[2026-09-15T14:25:01.898+0000] {manager.py:878} INFO - 
================================================================================
DAG File Processing Stats

File Path                  PID    Runtime      # DAGs    # Errors  Last Runtime    Last Run
-------------------------  -----  ---------  --------  ----------  --------------  -------------------
/opt/airflow/dags/test.py                           0          -1  0.02s           2026-09-15T14:24:56
================================================================================
[2026-09-15T14:25:27.278+0000] {manager.py:1016} ERROR - Processor for /opt/airflow/dags/test.py exited with return code 1.
[2026-09-15T14:25:30.296+0000] {manager.py:878} INFO - 
================================================================================
DAG File Processing Stats

File Path                  PID    Runtime      # DAGs    # Errors  Last Runtime    Last Run
-------------------------  -----  ---------  --------  ----------  --------------  -------------------
/opt/airflow/dags/test.py                           0          -1  0.01s           2026-09-15T14:25:27
================================================================================
[2026-09-15T14:25:57.744+0000] {manager.py:1016} ERROR - Processor for /opt/airflow/dags/test.py exited with return code 1.
[2026-09-15T14:25:58.741+0000] {manager.py:878} INFO - 
================================================================================
DAG File Processing Stats

File Path                  PID    Runtime      # DAGs    # Errors  Last Runtime    Last Run
-------------------------  -----  ---------  --------  ----------  --------------  -------------------
/opt/airflow/dags/test.py                           0          -1  0.02s           2026-09-15T14:25:57
================================================================================
[2026-09-15T14:26:27.204+0000] {manager.py:878} INFO - 
================================================================================
DAG File Processing Stats

File Path                  PID    Runtime      # DAGs    # Errors  Last Runtime    Last Run
-------------------------  -----  ---------  --------  ----------  --------------  -------------------
/opt/airflow/dags/test.py                           0          -1  0.02s           2026-09-15T14:25:57
================================================================================
[2026-09-15T14:26:28.229+0000] {manager.py:1016} ERROR - Processor for /opt/airflow/dags/test.py exited with return code 1.
[2026-09-15T14:26:55.596+0000] {manager.py:878} INFO - 
================================================================================
DAG File Processing Stats

File Path                  PID    Runtime      # DAGs    # Errors  Last Runtime    Last Run
-------------------------  -----  ---------  --------  ----------  --------------  -------------------
/opt/airflow/dags/test.py                           0          -1  0.01s           2026-09-15T14:26:28
================================================================================
[2026-09-15T14:26:58.640+0000] {manager.py:1016} ERROR - Processor for /opt/airflow/dags/test.py exited with return code 1.
[2026-09-15T14:27:24.031+0000] {manager.py:878} INFO - 
================================================================================
DAG File Processing Stats

File Path                  PID    Runtime      # DAGs    # Errors  Last Runtime    Last Run
-------------------------  -----  ---------  --------  ----------  --------------  -------------------
/opt/airflow/dags/test.py                           0          -1  0.01s           2026-09-15T14:26:58
================================================================================
[2026-09-15T14:27:29.082+0000] {manager.py:1016} ERROR - Processor for /opt/airflow/dags/test.py exited with return code 1.
[2026-09-15T14:27:52.454+0000] {manager.py:878} INFO - 
================================================================================
DAG File Processing Stats

File Path                  PID    Runtime      # DAGs    # Errors  Last Runtime    Last Run
-------------------------  -----  ---------  --------  ----------  --------------  -------------------
/opt/airflow/dags/test.py                           0          -1  0.01s           2026-09-15T14:27:29
================================================================================
[2026-09-15T14:27:59.552+0000] {manager.py:1016} ERROR - Processor for /opt/airflow/dags/test.py exited with return code 1.
[2026-09-15T14:28:20.894+0000] {manager.py:878} INFO - 
================================================================================
DAG File Processing Stats

File Path                  PID    Runtime      # DAGs    # Errors  Last Runtime    Last Run
-------------------------  -----  ---------  --------  ----------  --------------  -------------------
/opt/airflow/dags/test.py                           0          -1  0.02s           2026-09-15T14:27:59
================================================================================
[2026-09-15T14:28:30.016+0000] {manager.py:1016} ERROR - Processor for /opt/airflow/dags/test.py exited with return code 1.
[2026-09-15T14:28:37.232+0000] {manager.py:737} INFO - Searching for files in /opt/airflow/dags
[2026-09-15T14:28:37.234+0000] {manager.py:740} INFO - There are 1 files in /opt/airflow/dags
[2026-09-15T14:28:49.325+0000] {manager.py:878} INFO - 
================================================================================
DAG File Processing Stats

File Path                  PID    Runtime      # DAGs    # Errors  Last Runtime    Last Run
-------------------------  -----  ---------  --------  ----------  --------------  -------------------
/opt/airflow/dags/test.py                           0          -1  0.02s           2026-09-15T14:28:30
================================================================================
[2026-09-15T14:29:00.435+0000] {manager.py:1016} ERROR - Processor for /opt/airflow/dags/test.py exited with return code 1.
[2026-09-15T14:29:17.652+0000] {manager.py:878} INFO - 
================================================================================
DAG File Processing Stats

File Path                  PID    Runtime      # DAGs    # Errors  Last Runtime    Last Run
-------------------------  -----  ---------  --------  ----------  --------------  -------------------
/opt/airflow/dags/test.py                           0          -1  0.01s           2026-09-15T14:29:00
================================================================================
[2026-09-15T14:29:30.810+0000] {manager.py:1016} ERROR - Processor for /opt/airflow/dags/test.py exited with return code 1.
[2026-09-15T14:29:46.189+0000] {manager.py:878} INFO - 
================================================================================
DAG File Processing Stats

File Path                  PID    Runtime      # DAGs    # Errors  Last Runtime    Last Run
-------------------------  -----  ---------  --------  ----------  --------------  -------------------
/opt/airflow/dags/test.py                           0          -1  0.01s           2026-09-15T14:29:30
================================================================================
[2026-09-15T14:30:01.489+0000] {manager.py:1016} ERROR - Processor for /opt/airflow/dags/test.py exited with return code 1.
[2026-09-15T14:30:14.631+0000] {manager.py:878} INFO - 
================================================================================
DAG File Processing Stats

File Path                  PID    Runtime      # DAGs    # Errors  Last Runtime    Last Run
-------------------------  -----  ---------  --------  ----------  --------------  -------------------
/opt/airflow/dags/test.py                           0          -1  0.01s           2026-09-15T14:30:01
================================================================================
[2026-09-15T14:48:14.896+0000] {manager.py:737} INFO - Searching for files in /opt/airflow/dags
[2026-09-15T14:48:14.897+0000] {manager.py:740} INFO - There are 1 files in /opt/airflow/dags
[2026-09-15T14:48:14.920+0000] {manager.py:1016} ERROR - Processor for /opt/airflow/dags/test.py exited with return code 1.
[2026-09-15T14:48:40.654+0000] {manager.py:878} INFO - 
================================================================================
DAG File Processing Stats

File Path                  PID    Runtime      # DAGs    # Errors  Last Runtime    Last Run
-------------------------  -----  ---------  --------  ----------  --------------  -------------------
/opt/airflow/dags/test.py                           0          -1  0.01s           2026-09-15T14:48:14
================================================================================
[2026-09-15T14:48:45.740+0000] {manager.py:1016} ERROR - Processor for /opt/airflow/dags/test.py exited with return code 1.
[2026-09-15T14:49:09.358+0000] {manager.py:878} INFO - 
================================================================================
DAG File Processing Stats

File Path                  PID    Runtime      # DAGs    # Errors  Last Runtime    Last Run
-------------------------  -----  ---------  --------  ----------  --------------  -------------------
/opt/airflow/dags/test.py                           0          -1  0.01s           2026-09-15T14:48:45
================================================================================
[2026-09-15T14:49:16.426+0000] {manager.py:1016} ERROR - Processor for /opt/airflow/dags/test.py exited with return code 1.
[2026-09-15T14:49:37.584+0000] {manager.py:878} INFO - 
================================================================================
DAG File Processing Stats

File Path                  PID    Runtime      # DAGs    # Errors  Last Runtime    Last Run
-------------------------  -----  ---------  --------  ----------  --------------  -------------------
/opt/airflow/dags/test.py                           0          -1  0.02s           2026-09-15T14:49:16
================================================================================
[2026-09-15T14:49:46.745+0000] {manager.py:1016} ERROR - Processor for /opt/airflow/dags/test.py exited with return code 1.
[2026-09-15T14:50:06.325+0000] {manager.py:878} INFO - 
================================================================================
DAG File Processing Stats

File Path                  PID    Runtime      # DAGs    # Errors  Last Runtime    Last Run
-------------------------  -----  ---------  --------  ----------  --------------  -------------------
/opt/airflow/dags/test.py                           0          -1  0.02s           2026-09-15T14:49:46
================================================================================
[2026-09-15T14:50:17.432+0000] {manager.py:1016} ERROR - Processor for /opt/airflow/dags/test.py exited with return code 1.
[2026-09-15T14:50:34.926+0000] {manager.py:878} INFO - 
================================================================================
DAG File Processing Stats

File Path                  PID    Runtime      # DAGs    # Errors  Last Runtime    Last Run
-------------------------  -----  ---------  --------  ----------  --------------  -------------------
/opt/airflow/dags/test.py                           0          -1  0.01s           2026-09-15T14:50:17
================================================================================
[2026-09-15T14:50:48.247+0000] {manager.py:1016} ERROR - Processor for /opt/airflow/dags/test.py exited with return code 1.
[2026-09-15T14:51:03.470+0000] {manager.py:878} INFO - 
================================================================================
DAG File Processing Stats

File Path                  PID    Runtime      # DAGs    # Errors  Last Runtime    Last Run
-------------------------  -----  ---------  --------  ----------  --------------  -------------------
/opt/airflow/dags/test.py                           0          -1  0.01s           2026-09-15T14:50:48
================================================================================
[2026-09-15T14:51:18.961+0000] {manager.py:1016} ERROR - Processor for /opt/airflow/dags/test.py exited with return code 1.
[2026-09-15T14:51:32.119+0000] {manager.py:878} INFO - 
================================================================================
DAG File Processing Stats

File Path                  PID    Runtime      # DAGs    # Errors  Last Runtime    Last Run
-------------------------  -----  ---------  --------  ----------  --------------  -------------------
/opt/airflow/dags/test.py                           0          -1  0.01s           2026-09-15T14:51:18
================================================================================
[2026-09-15T14:51:49.482+0000] {manager.py:1016} ERROR - Processor for /opt/airflow/dags/test.py exited with return code 1.
[2026-09-15T14:52:00.600+0000] {manager.py:878} INFO - 
================================================================================
DAG File Processing Stats

File Path                  PID    Runtime      # DAGs    # Errors  Last Runtime    Last Run
-------------------------  -----  ---------  --------  ----------  --------------  -------------------
/opt/airflow/dags/test.py                           0          -1  0.02s           2026-09-15T14:51:49
================================================================================
[2026-09-15T14:52:20.097+0000] {manager.py:1016} ERROR - Processor for /opt/airflow/dags/test.py exited with return code 1.
[2026-09-15T14:52:29.320+0000] {manager.py:878} INFO - 
================================================================================
DAG File Processing Stats

File Path                  PID    Runtime      # DAGs    # Errors  Last Runtime    Last Run
-------------------------  -----  ---------  --------  ----------  --------------  -------------------
/opt/airflow/dags/test.py                           0          -1  0.01s           2026-09-15T14:52:20
================================================================================
[2026-09-15T14:52:50.786+0000] {manager.py:1016} ERROR - Processor for /opt/airflow/dags/test.py exited with return code 1.
[2026-09-15T14:52:57.870+0000] {manager.py:878} INFO - 
================================================================================
DAG File Processing Stats

File Path                  PID    Runtime      # DAGs    # Errors  Last Runtime    Last Run
-------------------------  -----  ---------  --------  ----------  --------------  -------------------
/opt/airflow/dags/test.py                           0          -1  0.02s           2026-09-15T14:52:50
================================================================================
[2026-09-15T14:53:15.297+0000] {manager.py:737} INFO - Searching for files in /opt/airflow/dags
[2026-09-15T14:53:15.298+0000] {manager.py:740} INFO - There are 1 files in /opt/airflow/dags
[2026-09-15T14:53:21.378+0000] {manager.py:1016} ERROR - Processor for /opt/airflow/dags/test.py exited with return code 1.
[2026-09-15T14:53:26.414+0000] {manager.py:878} INFO - 
================================================================================
DAG File Processing Stats

File Path                  PID    Runtime      # DAGs    # Errors  Last Runtime    Last Run
-------------------------  -----  ---------  --------  ----------  --------------  -------------------
/opt/airflow/dags/test.py                           0          -1  0.01s           2026-09-15T14:53:21
================================================================================
[2026-09-15T14:53:51.910+0000] {manager.py:1016} ERROR - Processor for /opt/airflow/dags/test.py exited with return code 1.
[2026-09-15T14:53:54.934+0000] {manager.py:878} INFO - 
================================================================================
DAG File Processing Stats

File Path                  PID    Runtime      # DAGs    # Errors  Last Runtime    Last Run
-------------------------  -----  ---------  --------  ----------  --------------  -------------------
/opt/airflow/dags/test.py                           0          -1  0.02s           2026-09-15T14:53:51
================================================================================
[2026-09-15T14:54:22.411+0000] {manager.py:1016} ERROR - Processor for /opt/airflow/dags/test.py exited with return code 1.
[2026-09-15T14:54:23.414+0000] {manager.py:878} INFO - 
================================================================================
DAG File Processing Stats

File Path                  PID    Runtime      # DAGs    # Errors  Last Runtime    Last Run
-------------------------  -----  ---------  --------  ----------  --------------  -------------------
/opt/airflow/dags/test.py                           0          -1  0.01s           2026-09-15T14:54:22
================================================================================
[2026-09-15T14:54:51.906+0000] {manager.py:878} INFO - 
================================================================================
DAG File Processing Stats

File Path                  PID    Runtime      # DAGs    # Errors  Last Runtime    Last Run
-------------------------  -----  ---------  --------  ----------  --------------  -------------------
/opt/airflow/dags/test.py                           0          -1  0.01s           2026-09-15T14:54:22
================================================================================
[2026-09-15T14:54:52.928+0000] {manager.py:1016} ERROR - Processor for /opt/airflow/dags/test.py exited with return code 1.
[2026-09-15T14:55:20.335+0000] {manager.py:878} INFO - 
================================================================================
DAG File Processing Stats

File Path                  PID    Runtime      # DAGs    # Errors  Last Runtime    Last Run
-------------------------  -----  ---------  --------  ----------  --------------  -------------------
/opt/airflow/dags/test.py                           0          -1  0.01s           2026-09-15T14:54:52
================================================================================
[2026-09-15T14:55:23.379+0000] {manager.py:1016} ERROR - Processor for /opt/airflow/dags/test.py exited with return code 1.
[2026-09-15T14:55:48.794+0000] {manager.py:878} INFO - 
================================================================================
DAG File Processing Stats

File Path                  PID    Runtime      # DAGs    # Errors  Last Runtime    Last Run
-------------------------  -----  ---------  --------  ----------  --------------  -------------------
/opt/airflow/dags/test.py                           0          -1  0.02s           2026-09-15T14:55:23
================================================================================
[2026-09-15T14:55:53.847+0000] {manager.py:1016} ERROR - Processor for /opt/airflow/dags/test.py exited with return code 1.
[2026-09-15T14:56:17.272+0000] {manager.py:878} INFO - 
================================================================================
DAG File Processing Stats

File Path                  PID    Runtime      # DAGs    # Errors  Last Runtime    Last Run
-------------------------  -----  ---------  --------  ----------  --------------  -------------------
/opt/airflow/dags/test.py                           0          -1  0.01s           2026-09-15T14:55:53
================================================================================
[2026-09-15T14:56:24.371+0000] {manager.py:1016} ERROR - Processor for /opt/airflow/dags/test.py exited with return code 1.
[2026-09-15T14:56:45.902+0000] {manager.py:878} INFO - 
================================================================================
DAG File Processing Stats

File Path                  PID    Runtime      # DAGs    # Errors  Last Runtime    Last Run
-------------------------  -----  ---------  --------  ----------  --------------  -------------------
/opt/airflow/dags/test.py                           0          -1  0.01s           2026-09-15T14:56:24
================================================================================
[2026-09-15T14:56:55.169+0000] {manager.py:1016} ERROR - Processor for /opt/airflow/dags/test.py exited with return code 1.
[2026-09-15T14:57:14.370+0000] {manager.py:878} INFO - 
================================================================================
DAG File Processing Stats

File Path                  PID    Runtime      # DAGs    # Errors  Last Runtime    Last Run
-------------------------  -----  ---------  --------  ----------  --------------  -------------------
/opt/airflow/dags/test.py                           0          -1  0.02s           2026-09-15T14:56:55
================================================================================
[2026-09-15T14:57:25.710+0000] {manager.py:1016} ERROR - Processor for /opt/airflow/dags/test.py exited with return code 1.
[2026-09-15T14:57:42.938+0000] {manager.py:878} INFO - 
================================================================================
DAG File Processing Stats

File Path                  PID    Runtime      # DAGs    # Errors  Last Runtime    Last Run
-------------------------  -----  ---------  --------  ----------  --------------  -------------------
/opt/airflow/dags/test.py                           0          -1  0.01s           2026-09-15T14:57:25
================================================================================
[2026-09-15T14:57:56.219+0000] {manager.py:1016} ERROR - Processor for /opt/airflow/dags/test.py exited with return code 1.
[2026-09-15T14:58:11.335+0000] {manager.py:878} INFO - 
================================================================================
DAG File Processing Stats

File Path                  PID    Runtime      # DAGs    # Errors  Last Runtime    Last Run
-------------------------  -----  ---------  --------  ----------  --------------  -------------------
/opt/airflow/dags/test.py                           0          -1  0.01s           2026-09-15T14:57:56
================================================================================
[2026-09-15T14:58:15.367+0000] {manager.py:737} INFO - Searching for files in /opt/airflow/dags
[2026-09-15T14:58:15.371+0000] {manager.py:740} INFO - There are 1 files in /opt/airflow/dags
[2026-09-15T14:58:26.740+0000] {manager.py:1016} ERROR - Processor for /opt/airflow/dags/test.py exited with return code 1.
[2026-09-15T14:58:39.852+0000] {manager.py:878} INFO - 
================================================================================
DAG File Processing Stats

File Path                  PID    Runtime      # DAGs    # Errors  Last Runtime    Last Run
-------------------------  -----  ---------  --------  ----------  --------------  -------------------
/opt/airflow/dags/test.py                           0          -1  0.01s           2026-09-15T14:58:26
================================================================================
[2026-09-15T14:58:57.240+0000] {manager.py:1016} ERROR - Processor for /opt/airflow/dags/test.py exited with return code 1.
[2026-09-15T14:59:08.383+0000] {manager.py:878} INFO - 
================================================================================
DAG File Processing Stats

File Path                  PID    Runtime      # DAGs    # Errors  Last Runtime    Last Run
-------------------------  -----  ---------  --------  ----------  --------------  -------------------
/opt/airflow/dags/test.py                           0          -1  0.01s           2026-09-15T14:58:57
================================================================================
[2026-09-15T14:59:27.769+0000] {manager.py:1016} ERROR - Processor for /opt/airflow/dags/test.py exited with return code 1.
[2026-09-15T14:59:36.827+0000] {manager.py:878} INFO - 
================================================================================
DAG File Processing Stats

File Path                  PID    Runtime      # DAGs    # Errors  Last Runtime    Last Run
-------------------------  -----  ---------  --------  ----------  --------------  -------------------
/opt/airflow/dags/test.py                           0          -1  0.02s           2026-09-15T14:59:27
================================================================================
[2026-09-15T14:59:58.218+0000] {manager.py:1016} ERROR - Processor for /opt/airflow/dags/test.py exited with return code 1.
[2026-09-15T15:00:05.289+0000] {manager.py:878} INFO - 
================================================================================
DAG File Processing Stats

File Path                  PID    Runtime      # DAGs    # Errors  Last Runtime    Last Run
-------------------------  -----  ---------  --------  ----------  --------------  -------------------
/opt/airflow/dags/test.py                           0          -1  0.02s           2026-09-15T14:59:58
================================================================================
[2026-09-15T15:00:28.748+0000] {manager.py:1016} ERROR - Processor for /opt/airflow/dags/test.py exited with return code 1.
[2026-09-15T15:00:33.797+0000] {manager.py:878} INFO - 
================================================================================
DAG File Processing Stats

File Path                  PID    Runtime      # DAGs    # Errors  Last Runtime    Last Run
-------------------------  -----  ---------  --------  ----------  --------------  -------------------
/opt/airflow/dags/test.py                           0          -1  0.01s           2026-09-15T15:00:28
================================================================================
[2026-09-15T15:00:59.204+0000] {manager.py:1016} ERROR - Processor for /opt/airflow/dags/test.py exited with return code 1.
[2026-09-15T15:01:02.227+0000] {manager.py:878} INFO - 
================================================================================
DAG File Processing Stats

File Path                  PID    Runtime      # DAGs    # Errors  Last Runtime    Last Run
-------------------------  -----  ---------  --------  ----------  --------------  -------------------
/opt/airflow/dags/test.py                           0          -1  0.02s           2026-09-15T15:00:59
================================================================================
[2026-09-15T15:01:29.630+0000] {manager.py:1016} ERROR - Processor for /opt/airflow/dags/test.py exited with return code 1.
[2026-09-15T15:01:30.640+0000] {manager.py:878} INFO - 
================================================================================
DAG File Processing Stats

File Path                  PID    Runtime      # DAGs    # Errors  Last Runtime    Last Run
-------------------------  -----  ---------  --------  ----------  --------------  -------------------
/opt/airflow/dags/test.py                           0          -1  0.01s           2026-09-15T15:01:29
================================================================================
[2026-09-15T15:01:59.062+0000] {manager.py:878} INFO - 
================================================================================
DAG File Processing Stats

File Path                  PID    Runtime      # DAGs    # Errors  Last Runtime    Last Run
-------------------------  -----  ---------  --------  ----------  --------------  -------------------
/opt/airflow/dags/test.py                           0          -1  0.01s           2026-09-15T15:01:29
================================================================================
[2026-09-15T15:02:00.103+0000] {manager.py:1016} ERROR - Processor for /opt/airflow/dags/test.py exited with return code 1.
[2026-09-15T15:02:27.486+0000] {manager.py:878} INFO - 
================================================================================
DAG File Processing Stats

File Path                  PID    Runtime      # DAGs    # Errors  Last Runtime    Last Run
-------------------------  -----  ---------  --------  ----------  --------------  -------------------
/opt/airflow/dags/test.py                           0          -1  0.01s           2026-09-15T15:02:00
================================================================================
[2026-09-15T15:02:30.530+0000] {manager.py:1016} ERROR - Processor for /opt/airflow/dags/test.py exited with return code 1.
[2026-09-15T15:02:55.971+0000] {manager.py:878} INFO - 
================================================================================
DAG File Processing Stats

File Path                  PID    Runtime      # DAGs    # Errors  Last Runtime    Last Run
-------------------------  -----  ---------  --------  ----------  --------------  -------------------
/opt/airflow/dags/test.py                           0          -1  0.01s           2026-09-15T15:02:30
================================================================================
[2026-09-15T15:03:01.140+0000] {manager.py:1016} ERROR - Processor for /opt/airflow/dags/test.py exited with return code 1.
[2026-09-15T15:03:16.284+0000] {manager.py:737} INFO - Searching for files in /opt/airflow/dags
[2026-09-15T15:03:16.285+0000] {manager.py:740} INFO - There are 1 files in /opt/airflow/dags
[2026-09-15T15:03:24.403+0000] {manager.py:878} INFO - 
================================================================================
DAG File Processing Stats

File Path                  PID    Runtime      # DAGs    # Errors  Last Runtime    Last Run
-------------------------  -----  ---------  --------  ----------  --------------  -------------------
/opt/airflow/dags/test.py                           0          -1  0.01s           2026-09-15T15:03:01
================================================================================
[2026-09-15T15:03:31.666+0000] {manager.py:1016} ERROR - Processor for /opt/airflow/dags/test.py exited with return code 1.
[2026-09-15T15:03:52.839+0000] {manager.py:878} INFO - 
================================================================================
DAG File Processing Stats

File Path                  PID    Runtime      # DAGs    # Errors  Last Runtime    Last Run
-------------------------  -----  ---------  --------  ----------  --------------  -------------------
/opt/airflow/dags/test.py                           0          -1  0.01s           2026-09-15T15:03:31
================================================================================
[2026-09-15T15:04:02.054+0000] {manager.py:1016} ERROR - Processor for /opt/airflow/dags/test.py exited with return code 1.
[2026-09-15T15:04:21.192+0000] {manager.py:878} INFO - 
================================================================================
DAG File Processing Stats

File Path                  PID    Runtime      # DAGs    # Errors  Last Runtime    Last Run
-------------------------  -----  ---------  --------  ----------  --------------  -------------------
/opt/airflow/dags/test.py                           0          -1  0.02s           2026-09-15T15:04:02
================================================================================
[2026-09-15T15:04:32.494+0000] {manager.py:1016} ERROR - Processor for /opt/airflow/dags/test.py exited with return code 1.
[2026-09-15T15:04:49.714+0000] {manager.py:878} INFO - 
================================================================================
DAG File Processing Stats

File Path                  PID    Runtime      # DAGs    # Errors  Last Runtime    Last Run
-------------------------  -----  ---------  --------  ----------  --------------  -------------------
/opt/airflow/dags/test.py                           0          -1  0.01s           2026-09-15T15:04:32
================================================================================
[2026-09-15T15:05:02.970+0000] {manager.py:1016} ERROR - Processor for /opt/airflow/dags/test.py exited with return code 1.
[2026-09-15T15:05:18.149+0000] {manager.py:878} INFO - 
================================================================================
DAG File Processing Stats

File Path                  PID    Runtime      # DAGs    # Errors  Last Runtime    Last Run
-------------------------  -----  ---------  --------  ----------  --------------  -------------------
/opt/airflow/dags/test.py                           0          -1  0.01s           2026-09-15T15:05:02
================================================================================
[2026-09-15T15:05:33.500+0000] {manager.py:1016} ERROR - Processor for /opt/airflow/dags/test.py exited with return code 1.
[2026-09-15T15:05:46.646+0000] {manager.py:878} INFO - 
================================================================================
DAG File Processing Stats

File Path                  PID    Runtime      # DAGs    # Errors  Last Runtime    Last Run
-------------------------  -----  ---------  --------  ----------  --------------  -------------------
/opt/airflow/dags/test.py                           0          -1  0.01s           2026-09-15T15:05:33
================================================================================
[2026-09-15T15:06:04.004+0000] {manager.py:1016} ERROR - Processor for /opt/airflow/dags/test.py exited with return code 1.
[2026-09-15T15:06:15.083+0000] {manager.py:878} INFO - 
================================================================================
DAG File Processing Stats

File Path                  PID    Runtime      # DAGs    # Errors  Last Runtime    Last Run
-------------------------  -----  ---------  --------  ----------  --------------  -------------------
/opt/airflow/dags/test.py                           0          -1  0.01s           2026-09-15T15:06:04
================================================================================
[2026-09-15T15:06:34.438+0000] {manager.py:1016} ERROR - Processor for /opt/airflow/dags/test.py exited with return code 1.
[2026-09-15T15:06:43.503+0000] {manager.py:878} INFO - 
================================================================================
DAG File Processing Stats

File Path                  PID    Runtime      # DAGs    # Errors  Last Runtime    Last Run
-------------------------  -----  ---------  --------  ----------  --------------  -------------------
/opt/airflow/dags/test.py                           0          -1  0.02s           2026-09-15T15:06:34
================================================================================
[2026-09-15T15:07:04.902+0000] {manager.py:1016} ERROR - Processor for /opt/airflow/dags/test.py exited with return code 1.
[2026-09-15T15:07:11.957+0000] {manager.py:878} INFO - 
================================================================================
DAG File Processing Stats

File Path                  PID    Runtime      # DAGs    # Errors  Last Runtime    Last Run
-------------------------  -----  ---------  --------  ----------  --------------  -------------------
/opt/airflow/dags/test.py                           0          -1  0.02s           2026-09-15T15:07:04
================================================================================
[2026-09-15T15:07:35.264+0000] {manager.py:1016} ERROR - Processor for /opt/airflow/dags/test.py exited with return code 1.
[2026-09-15T15:07:38.453+0000] {manager.py:878} INFO - 
================================================================================
DAG File Processing Stats

File Path                  PID    Runtime      # DAGs    # Errors  Last Runtime    Last Run
-------------------------  -----  ---------  --------  ----------  --------------  -------------------
/opt/airflow/dags/test.py                           0          -1  0.02s           2026-09-15T15:07:35
================================================================================
[2026-09-15T15:08:05.774+0000] {manager.py:1016} ERROR - Processor for /opt/airflow/dags/test.py exited with return code 1.
[2026-09-15T15:08:06.861+0000] {manager.py:878} INFO - 
================================================================================
DAG File Processing Stats

File Path                  PID    Runtime      # DAGs    # Errors  Last Runtime    Last Run
-------------------------  -----  ---------  --------  ----------  --------------  -------------------
/opt/airflow/dags/test.py                           0          -1  0.01s           2026-09-15T15:08:05
================================================================================
[2026-09-15T15:08:16.950+0000] {manager.py:737} INFO - Searching for files in /opt/airflow/dags
[2026-09-15T15:08:16.952+0000] {manager.py:740} INFO - There are 1 files in /opt/airflow/dags
[2026-09-15T15:08:36.117+0000] {manager.py:1016} ERROR - Processor for /opt/airflow/dags/test.py exited with return code 1.
[2026-09-15T15:08:35.281+0000] {manager.py:878} INFO - 
================================================================================
DAG File Processing Stats

File Path                  PID    Runtime      # DAGs    # Errors  Last Runtime    Last Run
-------------------------  -----  ---------  --------  ----------  --------------  -------------------
/opt/airflow/dags/test.py                           0          -1  0.01s           2026-09-15T15:08:36
================================================================================
[2026-09-15T15:09:03.651+0000] {manager.py:878} INFO - 
================================================================================
DAG File Processing Stats

File Path                  PID    Runtime      # DAGs    # Errors  Last Runtime    Last Run
-------------------------  -----  ---------  --------  ----------  --------------  -------------------
/opt/airflow/dags/test.py                           0          -1  0.01s           2026-09-15T15:08:36
================================================================================
[2026-09-15T15:09:06.685+0000] {manager.py:1016} ERROR - Processor for /opt/airflow/dags/test.py exited with return code 1.
[2026-09-15T15:09:32.099+0000] {manager.py:878} INFO - 
================================================================================
DAG File Processing Stats

File Path                  PID    Runtime      # DAGs    # Errors  Last Runtime    Last Run
-------------------------  -----  ---------  --------  ----------  --------------  -------------------
/opt/airflow/dags/test.py                           0          -1  0.01s           2026-09-15T15:09:06
================================================================================
[2026-09-15T15:09:37.138+0000] {manager.py:1016} ERROR - Processor for /opt/airflow/dags/test.py exited with return code 1.
[2026-09-15T15:10:00.551+0000] {manager.py:878} INFO - 
================================================================================
DAG File Processing Stats

File Path                  PID    Runtime      # DAGs    # Errors  Last Runtime    Last Run
-------------------------  -----  ---------  --------  ----------  --------------  -------------------
/opt/airflow/dags/test.py                           0          -1  0.01s           2026-09-15T15:09:37
================================================================================
[2026-09-15T15:10:07.630+0000] {manager.py:1016} ERROR - Processor for /opt/airflow/dags/test.py exited with return code 1.
[2026-09-15T15:10:28.958+0000] {manager.py:878} INFO - 
================================================================================
DAG File Processing Stats

File Path                  PID    Runtime      # DAGs    # Errors  Last Runtime    Last Run
-------------------------  -----  ---------  --------  ----------  --------------  -------------------
/opt/airflow/dags/test.py                           0          -1  0.02s           2026-09-15T15:10:07
================================================================================
[2026-09-15T15:10:38.137+0000] {manager.py:1016} ERROR - Processor for /opt/airflow/dags/test.py exited with return code 1.
[2026-09-15T15:10:57.455+0000] {manager.py:878} INFO - 
================================================================================
DAG File Processing Stats

File Path                  PID    Runtime      # DAGs    # Errors  Last Runtime    Last Run
-------------------------  -----  ---------  --------  ----------  --------------  -------------------
/opt/airflow/dags/test.py                           0          -1  0.06s           2026-09-15T15:10:38
================================================================================
[2026-09-15T15:11:08.587+0000] {manager.py:1016} ERROR - Processor for /opt/airflow/dags/test.py exited with return code 1.
[2026-09-15T15:11:25.869+0000] {manager.py:878} INFO - 
================================================================================
DAG File Processing Stats

File Path                  PID    Runtime      # DAGs    # Errors  Last Runtime    Last Run
-------------------------  -----  ---------  --------  ----------  --------------  -------------------
/opt/airflow/dags/test.py                           0          -1  0.02s           2026-09-15T15:11:08
================================================================================
[2026-09-15T15:11:39.031+0000] {manager.py:1016} ERROR - Processor for /opt/airflow/dags/test.py exited with return code 1.
[2026-09-15T15:11:54.294+0000] {manager.py:878} INFO - 
================================================================================
DAG File Processing Stats

File Path                  PID    Runtime      # DAGs    # Errors  Last Runtime    Last Run
-------------------------  -----  ---------  --------  ----------  --------------  -------------------
/opt/airflow/dags/test.py                           0          -1  0.01s           2026-09-15T15:11:39
================================================================================
[2026-09-15T15:12:09.451+0000] {manager.py:1016} ERROR - Processor for /opt/airflow/dags/test.py exited with return code 1.
[2026-09-15T15:12:22.723+0000] {manager.py:878} INFO - 
================================================================================
DAG File Processing Stats

File Path                  PID    Runtime      # DAGs    # Errors  Last Runtime    Last Run
-------------------------  -----  ---------  --------  ----------  --------------  -------------------
/opt/airflow/dags/test.py                           0          -1  0.02s           2026-09-15T15:12:09
================================================================================
[2026-09-15T15:12:39.913+0000] {manager.py:1016} ERROR - Processor for /opt/airflow/dags/test.py exited with return code 1.
[2026-09-15T15:12:51.117+0000] {manager.py:878} INFO - 
================================================================================
DAG File Processing Stats

File Path                  PID    Runtime      # DAGs    # Errors  Last Runtime    Last Run
-------------------------  -----  ---------  --------  ----------  --------------  -------------------
/opt/airflow/dags/test.py                           0          -1  0.01s           2026-09-15T15:12:39
================================================================================
[2026-09-15T15:13:10.378+0000] {manager.py:1016} ERROR - Processor for /opt/airflow/dags/test.py exited with return code 1.
[2026-09-15T15:13:17.350+0000] {manager.py:737} INFO - Searching for files in /opt/airflow/dags
[2026-09-15T15:13:17.351+0000] {manager.py:740} INFO - There are 1 files in /opt/airflow/dags
[2026-09-15T15:13:19.463+0000] {manager.py:878} INFO - 
================================================================================
DAG File Processing Stats

File Path                  PID    Runtime      # DAGs    # Errors  Last Runtime    Last Run
-------------------------  -----  ---------  --------  ----------  --------------  -------------------
/opt/airflow/dags/test.py                           0          -1  0.08s           2026-09-15T15:13:10
================================================================================
[2026-09-15T15:13:40.664+0000] {manager.py:1016} ERROR - Processor for /opt/airflow/dags/test.py exited with return code 1.
[2026-09-15T15:13:47.857+0000] {manager.py:878} INFO - 
================================================================================
DAG File Processing Stats

File Path                  PID    Runtime      # DAGs    # Errors  Last Runtime    Last Run
-------------------------  -----  ---------  --------  ----------  --------------  -------------------
/opt/airflow/dags/test.py                           0          -1  0.04s           2026-09-15T15:13:40
================================================================================
[2026-09-15T15:14:11.088+0000] {manager.py:1016} ERROR - Processor for /opt/airflow/dags/test.py exited with return code 1.
[2026-09-15T15:14:16.226+0000] {manager.py:878} INFO - 
================================================================================
DAG File Processing Stats

File Path                  PID    Runtime      # DAGs    # Errors  Last Runtime    Last Run
-------------------------  -----  ---------  --------  ----------  --------------  -------------------
/opt/airflow/dags/test.py                           0          -1  0.02s           2026-09-15T15:14:11
================================================================================
[2026-09-15T15:14:41.591+0000] {manager.py:1016} ERROR - Processor for /opt/airflow/dags/test.py exited with return code 1.
[2026-09-15T15:14:44.749+0000] {manager.py:878} INFO - 
================================================================================
DAG File Processing Stats

File Path                  PID    Runtime      # DAGs    # Errors  Last Runtime    Last Run
-------------------------  -----  ---------  --------  ----------  --------------  -------------------
/opt/airflow/dags/test.py                           0          -1  0.01s           2026-09-15T15:14:41
================================================================================
[2026-09-15T15:15:12.175+0000] {manager.py:1016} ERROR - Processor for /opt/airflow/dags/test.py exited with return code 1.
[2026-09-15T15:15:13.175+0000] {manager.py:878} INFO - 
================================================================================
DAG File Processing Stats

File Path                  PID    Runtime      # DAGs    # Errors  Last Runtime    Last Run
-------------------------  -----  ---------  --------  ----------  --------------  -------------------
/opt/airflow/dags/test.py                           0          -1  0.02s           2026-09-15T15:15:12
================================================================================
[2026-09-15T15:15:41.579+0000] {manager.py:878} INFO - 
================================================================================
DAG File Processing Stats

File Path                  PID    Runtime      # DAGs    # Errors  Last Runtime    Last Run
-------------------------  -----  ---------  --------  ----------  --------------  -------------------
/opt/airflow/dags/test.py                           0          -1  0.02s           2026-09-15T15:15:12
================================================================================
[2026-09-15T15:15:42.599+0000] {manager.py:1016} ERROR - Processor for /opt/airflow/dags/test.py exited with return code 1.
[2026-09-15T15:16:09.957+0000] {manager.py:878} INFO - 
================================================================================
DAG File Processing Stats

File Path                  PID    Runtime      # DAGs    # Errors  Last Runtime    Last Run
-------------------------  -----  ---------  --------  ----------  --------------  -------------------
/opt/airflow/dags/test.py                           0          -1  0.01s           2026-09-15T15:15:42
================================================================================
[2026-09-15T15:16:12.995+0000] {manager.py:1016} ERROR - Processor for /opt/airflow/dags/test.py exited with return code 1.
[2026-09-15T15:16:38.402+0000] {manager.py:878} INFO - 
================================================================================
DAG File Processing Stats

File Path                  PID    Runtime      # DAGs    # Errors  Last Runtime    Last Run
-------------------------  -----  ---------  --------  ----------  --------------  -------------------
/opt/airflow/dags/test.py                           0          -1  0.01s           2026-09-15T15:16:12
================================================================================
[2026-09-15T15:16:43.454+0000] {manager.py:1016} ERROR - Processor for /opt/airflow/dags/test.py exited with return code 1.
[2026-09-15T15:17:06.805+0000] {manager.py:878} INFO - 
================================================================================
DAG File Processing Stats

File Path                  PID    Runtime      # DAGs    # Errors  Last Runtime    Last Run
-------------------------  -----  ---------  --------  ----------  --------------  -------------------
/opt/airflow/dags/test.py                           0          -1  0.02s           2026-09-15T15:16:43
================================================================================
[2026-09-15T15:17:13.899+0000] {manager.py:1016} ERROR - Processor for /opt/airflow/dags/test.py exited with return code 1.
[2026-09-15T15:17:35.205+0000] {manager.py:878} INFO - 
================================================================================
DAG File Processing Stats

File Path                  PID    Runtime      # DAGs    # Errors  Last Runtime    Last Run
-------------------------  -----  ---------  --------  ----------  --------------  -------------------
/opt/airflow/dags/test.py                           0          -1  0.01s           2026-09-15T15:17:13
================================================================================
[2026-09-15T15:17:44.275+0000] {manager.py:1016} ERROR - Processor for /opt/airflow/dags/test.py exited with return code 1.
[2026-09-15T15:18:03.618+0000] {manager.py:878} INFO - 
================================================================================
DAG File Processing Stats

File Path                  PID    Runtime      # DAGs    # Errors  Last Runtime    Last Run
-------------------------  -----  ---------  --------  ----------  --------------  -------------------
/opt/airflow/dags/test.py                           0          -1  0.01s           2026-09-15T15:17:44
================================================================================
[2026-09-15T15:18:14.770+0000] {manager.py:1016} ERROR - Processor for /opt/airflow/dags/test.py exited with return code 1.
[2026-09-15T15:18:17.788+0000] {manager.py:737} INFO - Searching for files in /opt/airflow/dags
[2026-09-15T15:18:17.790+0000] {manager.py:740} INFO - There are 1 files in /opt/airflow/dags
[2026-09-15T15:18:31.995+0000] {manager.py:878} INFO - 
================================================================================
DAG File Processing Stats

File Path                  PID    Runtime      # DAGs    # Errors  Last Runtime    Last Run
-------------------------  -----  ---------  --------  ----------  --------------  -------------------
/opt/airflow/dags/test.py                           0          -1  0.02s           2026-09-15T15:18:14
================================================================================
[2026-09-15T15:18:45.172+0000] {manager.py:1016} ERROR - Processor for /opt/airflow/dags/test.py exited with return code 1.
[2026-09-15T15:19:00.414+0000] {manager.py:878} INFO - 
================================================================================
DAG File Processing Stats

File Path                  PID    Runtime      # DAGs    # Errors  Last Runtime    Last Run
-------------------------  -----  ---------  --------  ----------  --------------  -------------------
/opt/airflow/dags/test.py                           0          -1  0.01s           2026-09-15T15:18:45
================================================================================
[2026-09-15T15:19:15.651+0000] {manager.py:1016} ERROR - Processor for /opt/airflow/dags/test.py exited with return code 1.
[2026-09-15T15:19:28.854+0000] {manager.py:878} INFO - 
================================================================================
DAG File Processing Stats

File Path                  PID    Runtime      # DAGs    # Errors  Last Runtime    Last Run
-------------------------  -----  ---------  --------  ----------  --------------  -------------------
/opt/airflow/dags/test.py                           0          -1  0.01s           2026-09-15T15:19:15
================================================================================
[2026-09-15T15:19:46.044+0000] {manager.py:1016} ERROR - Processor for /opt/airflow/dags/test.py exited with return code 1.
[2026-09-15T15:19:57.397+0000] {manager.py:878} INFO - 
================================================================================
DAG File Processing Stats

File Path                  PID    Runtime      # DAGs    # Errors  Last Runtime    Last Run
-------------------------  -----  ---------  --------  ----------  --------------  -------------------
/opt/airflow/dags/test.py                           0          -1  0.01s           2026-09-15T15:19:46
================================================================================
[2026-09-15T15:20:16.660+0000] {manager.py:1016} ERROR - Processor for /opt/airflow/dags/test.py exited with return code 1.
[2026-09-15T15:20:25.799+0000] {manager.py:878} INFO - 
================================================================================
DAG File Processing Stats

File Path                  PID    Runtime      # DAGs    # Errors  Last Runtime    Last Run
-------------------------  -----  ---------  --------  ----------  --------------  -------------------
/opt/airflow/dags/test.py                           0          -1  0.01s           2026-09-15T15:20:16
================================================================================
[2026-09-15T15:20:46.995+0000] {manager.py:1016} ERROR - Processor for /opt/airflow/dags/test.py exited with return code 1.
[2026-09-15T15:20:54.222+0000] {manager.py:878} INFO - 
================================================================================
DAG File Processing Stats

File Path                  PID    Runtime      # DAGs    # Errors  Last Runtime    Last Run
-------------------------  -----  ---------  --------  ----------  --------------  -------------------
/opt/airflow/dags/test.py                           0          -1  0.01s           2026-09-15T15:20:46
================================================================================
[2026-09-15T15:21:17.606+0000] {manager.py:1016} ERROR - Processor for /opt/airflow/dags/test.py exited with return code 1.
[2026-09-15T15:21:22.638+0000] {manager.py:878} INFO - 
================================================================================
DAG File Processing Stats

File Path                  PID    Runtime      # DAGs    # Errors  Last Runtime    Last Run
-------------------------  -----  ---------  --------  ----------  --------------  -------------------
/opt/airflow/dags/test.py                           0          -1  0.02s           2026-09-15T15:21:17
================================================================================
[2026-09-15T15:21:48.054+0000] {manager.py:1016} ERROR - Processor for /opt/airflow/dags/test.py exited with return code 1.
[2026-09-15T15:21:51.097+0000] {manager.py:878} INFO - 
================================================================================
DAG File Processing Stats

File Path                  PID    Runtime      # DAGs    # Errors  Last Runtime    Last Run
-------------------------  -----  ---------  --------  ----------  --------------  -------------------
/opt/airflow/dags/test.py                           0          -1  0.02s           2026-09-15T15:21:48
================================================================================
[2026-09-15T15:22:18.559+0000] {manager.py:1016} ERROR - Processor for /opt/airflow/dags/test.py exited with return code 1.
[2026-09-15T15:22:19.567+0000] {manager.py:878} INFO - 
================================================================================
DAG File Processing Stats

File Path                  PID    Runtime      # DAGs    # Errors  Last Runtime    Last Run
-------------------------  -----  ---------  --------  ----------  --------------  -------------------
/opt/airflow/dags/test.py                           0          -1  0.02s           2026-09-15T15:22:18
================================================================================
[2026-09-15T15:22:47.908+0000] {manager.py:878} INFO - 
================================================================================
DAG File Processing Stats

File Path                  PID    Runtime      # DAGs    # Errors  Last Runtime    Last Run
-------------------------  -----  ---------  --------  ----------  --------------  -------------------
/opt/airflow/dags/test.py                           0          -1  0.02s           2026-09-15T15:22:18
================================================================================
[2026-09-15T15:22:48.934+0000] {manager.py:1016} ERROR - Processor for /opt/airflow/dags/test.py exited with return code 1.
[2026-09-15T15:23:16.338+0000] {manager.py:878} INFO - 
================================================================================
DAG File Processing Stats

File Path                  PID    Runtime      # DAGs    # Errors  Last Runtime    Last Run
-------------------------  -----  ---------  --------  ----------  --------------  -------------------
/opt/airflow/dags/test.py                           0          -1  0.01s           2026-09-15T15:22:48
================================================================================
[2026-09-15T15:23:18.359+0000] {manager.py:737} INFO - Searching for files in /opt/airflow/dags
[2026-09-15T15:23:18.362+0000] {manager.py:740} INFO - There are 1 files in /opt/airflow/dags
[2026-09-15T15:23:19.404+0000] {manager.py:1016} ERROR - Processor for /opt/airflow/dags/test.py exited with return code 1.
[2026-09-15T15:23:44.760+0000] {manager.py:878} INFO - 
================================================================================
DAG File Processing Stats

File Path                  PID    Runtime      # DAGs    # Errors  Last Runtime    Last Run
-------------------------  -----  ---------  --------  ----------  --------------  -------------------
/opt/airflow/dags/test.py                           0          -1  0.02s           2026-09-15T15:23:19
================================================================================
[2026-09-15T15:23:49.821+0000] {manager.py:1016} ERROR - Processor for /opt/airflow/dags/test.py exited with return code 1.
[2026-09-15T15:24:13.154+0000] {manager.py:878} INFO - 
================================================================================
DAG File Processing Stats

File Path                  PID    Runtime      # DAGs    # Errors  Last Runtime    Last Run
-------------------------  -----  ---------  --------  ----------  --------------  -------------------
/opt/airflow/dags/test.py                           0          -1  0.02s           2026-09-15T15:23:49
================================================================================
[2026-09-15T15:24:20.310+0000] {manager.py:1016} ERROR - Processor for /opt/airflow/dags/test.py exited with return code 1.
[2026-09-15T15:24:41.597+0000] {manager.py:878} INFO - 
================================================================================
DAG File Processing Stats

File Path                  PID    Runtime      # DAGs    # Errors  Last Runtime    Last Run
-------------------------  -----  ---------  --------  ----------  --------------  -------------------
/opt/airflow/dags/test.py                           0          -1  0.01s           2026-09-15T15:24:20
================================================================================
[2026-09-15T15:24:50.691+0000] {manager.py:1016} ERROR - Processor for /opt/airflow/dags/test.py exited with return code 1.
[2026-09-15T15:25:10.038+0000] {manager.py:878} INFO - 
================================================================================
DAG File Processing Stats

File Path                  PID    Runtime      # DAGs    # Errors  Last Runtime    Last Run
-------------------------  -----  ---------  --------  ----------  --------------  -------------------
/opt/airflow/dags/test.py                           0          -1  0.02s           2026-09-15T15:24:50
================================================================================
[2026-09-15T15:25:21.173+0000] {manager.py:1016} ERROR - Processor for /opt/airflow/dags/test.py exited with return code 1.
[2026-09-15T15:25:38.530+0000] {manager.py:878} INFO - 
================================================================================
DAG File Processing Stats

File Path                  PID    Runtime      # DAGs    # Errors  Last Runtime    Last Run
-------------------------  -----  ---------  --------  ----------  --------------  -------------------
/opt/airflow/dags/test.py                           0          -1  0.02s           2026-09-15T15:25:21
================================================================================
[2026-09-15T15:25:51.655+0000] {manager.py:1016} ERROR - Processor for /opt/airflow/dags/test.py exited with return code 1.
[2026-09-15T15:26:06.954+0000] {manager.py:878} INFO - 
================================================================================
DAG File Processing Stats

File Path                  PID    Runtime      # DAGs    # Errors  Last Runtime    Last Run
-------------------------  -----  ---------  --------  ----------  --------------  -------------------
/opt/airflow/dags/test.py                           0          -1  0.01s           2026-09-15T15:25:51
================================================================================
[2026-09-15T15:26:22.106+0000] {manager.py:1016} ERROR - Processor for /opt/airflow/dags/test.py exited with return code 1.
[2026-09-15T15:26:35.435+0000] {manager.py:878} INFO - 
================================================================================
DAG File Processing Stats

File Path                  PID    Runtime      # DAGs    # Errors  Last Runtime    Last Run
-------------------------  -----  ---------  --------  ----------  --------------  -------------------
/opt/airflow/dags/test.py                           0          -1  0.02s           2026-09-15T15:26:22
================================================================================
[2026-09-15T15:26:52.725+0000] {manager.py:1016} ERROR - Processor for /opt/airflow/dags/test.py exited with return code 1.
[2026-09-15T15:27:03.789+0000] {manager.py:878} INFO - 
================================================================================
DAG File Processing Stats

File Path                  PID    Runtime      # DAGs    # Errors  Last Runtime    Last Run
-------------------------  -----  ---------  --------  ----------  --------------  -------------------
/opt/airflow/dags/test.py                           0          -1  0.01s           2026-09-15T15:26:52
================================================================================
[2026-09-15T15:27:23.119+0000] {manager.py:1016} ERROR - Processor for /opt/airflow/dags/test.py exited with return code 1.
[2026-09-15T15:27:32.272+0000] {manager.py:878} INFO - 
================================================================================
DAG File Processing Stats

File Path                  PID    Runtime      # DAGs    # Errors  Last Runtime    Last Run
-------------------------  -----  ---------  --------  ----------  --------------  -------------------
/opt/airflow/dags/test.py                           0          -1  0.01s           2026-09-15T15:27:23
================================================================================
[2026-09-15T15:27:53.714+0000] {manager.py:1016} ERROR - Processor for /opt/airflow/dags/test.py exited with return code 1.
[2026-09-15T15:28:00.819+0000] {manager.py:878} INFO - 
================================================================================
DAG File Processing Stats

File Path                  PID    Runtime      # DAGs    # Errors  Last Runtime    Last Run
-------------------------  -----  ---------  --------  ----------  --------------  -------------------
/opt/airflow/dags/test.py                           0          -1  0.01s           2026-09-15T15:27:53
================================================================================
[2026-09-15T15:28:19.081+0000] {manager.py:737} INFO - Searching for files in /opt/airflow/dags
[2026-09-15T15:28:19.085+0000] {manager.py:740} INFO - There are 1 files in /opt/airflow/dags
[2026-09-15T15:28:24.166+0000] {manager.py:1016} ERROR - Processor for /opt/airflow/dags/test.py exited with return code 1.
[2026-09-15T15:28:29.203+0000] {manager.py:878} INFO - 
================================================================================
DAG File Processing Stats

File Path                  PID    Runtime      # DAGs    # Errors  Last Runtime    Last Run
-------------------------  -----  ---------  --------  ----------  --------------  -------------------
/opt/airflow/dags/test.py                           0          -1  0.01s           2026-09-15T15:28:24
================================================================================
[2026-09-15T15:28:54.515+0000] {manager.py:1016} ERROR - Processor for /opt/airflow/dags/test.py exited with return code 1.
[2026-09-15T15:28:57.536+0000] {manager.py:878} INFO - 
================================================================================
DAG File Processing Stats

File Path                  PID    Runtime      # DAGs    # Errors  Last Runtime    Last Run
-------------------------  -----  ---------  --------  ----------  --------------  -------------------
/opt/airflow/dags/test.py                           0          -1  0.02s           2026-09-15T15:28:54
================================================================================
[2026-09-15T15:29:24.938+0000] {manager.py:1016} ERROR - Processor for /opt/airflow/dags/test.py exited with return code 1.
[2026-09-15T15:29:25.955+0000] {manager.py:878} INFO - 
================================================================================
DAG File Processing Stats

File Path                  PID    Runtime      # DAGs    # Errors  Last Runtime    Last Run
-------------------------  -----  ---------  --------  ----------  --------------  -------------------
/opt/airflow/dags/test.py                           0          -1  0.02s           2026-09-15T15:29:24
================================================================================
[2026-09-15T15:29:54.306+0000] {manager.py:878} INFO - 
================================================================================
DAG File Processing Stats

File Path                  PID    Runtime      # DAGs    # Errors  Last Runtime    Last Run
-------------------------  -----  ---------  --------  ----------  --------------  -------------------
/opt/airflow/dags/test.py                           0          -1  0.02s           2026-09-15T15:29:24
================================================================================
[2026-09-15T15:29:55.325+0000] {manager.py:1016} ERROR - Processor for /opt/airflow/dags/test.py exited with return code 1.
[2026-09-15T15:30:22.951+0000] {manager.py:878} INFO - 
================================================================================
DAG File Processing Stats

File Path                  PID    Runtime      # DAGs    # Errors  Last Runtime    Last Run
-------------------------  -----  ---------  --------  ----------  --------------  -------------------
/opt/airflow/dags/test.py                           0          -1  0.01s           2026-09-15T15:29:55
================================================================================
[2026-09-15T15:30:25.998+0000] {manager.py:1016} ERROR - Processor for /opt/airflow/dags/test.py exited with return code 1.
[2026-09-15T15:30:51.275+0000] {manager.py:878} INFO - 
================================================================================
DAG File Processing Stats

File Path                  PID    Runtime      # DAGs    # Errors  Last Runtime    Last Run
-------------------------  -----  ---------  --------  ----------  --------------  -------------------
/opt/airflow/dags/test.py                           0          -1  0.02s           2026-09-15T15:30:25
================================================================================
[2026-09-15T15:30:56.342+0000] {manager.py:1016} ERROR - Processor for /opt/airflow/dags/test.py exited with return code 1.
[2026-09-15T15:31:19.645+0000] {manager.py:878} INFO - 
================================================================================
DAG File Processing Stats

File Path                  PID    Runtime      # DAGs    # Errors  Last Runtime    Last Run
-------------------------  -----  ---------  --------  ----------  --------------  -------------------
/opt/airflow/dags/test.py                           0          -1  0.01s           2026-09-15T15:30:56
================================================================================
[2026-09-15T15:31:26.754+0000] {manager.py:1016} ERROR - Processor for /opt/airflow/dags/test.py exited with return code 1.
[2026-09-15T15:31:48.046+0000] {manager.py:878} INFO - 
================================================================================
DAG File Processing Stats

File Path                  PID    Runtime      # DAGs    # Errors  Last Runtime    Last Run
-------------------------  -----  ---------  --------  ----------  --------------  -------------------
/opt/airflow/dags/test.py                           0          -1  0.02s           2026-09-15T15:31:26
================================================================================
[2026-09-15T15:31:57.139+0000] {manager.py:1016} ERROR - Processor for /opt/airflow/dags/test.py exited with return code 1.
[2026-09-15T15:32:16.365+0000] {manager.py:878} INFO - 
================================================================================
DAG File Processing Stats

File Path                  PID    Runtime      # DAGs    # Errors  Last Runtime    Last Run
-------------------------  -----  ---------  --------  ----------  --------------  -------------------
/opt/airflow/dags/test.py                           0          -1  0.01s           2026-09-15T15:31:57
================================================================================
[2026-09-15T15:32:27.494+0000] {manager.py:1016} ERROR - Processor for /opt/airflow/dags/test.py exited with return code 1.
[2026-09-15T15:32:44.767+0000] {manager.py:878} INFO - 
================================================================================
DAG File Processing Stats

File Path                  PID    Runtime      # DAGs    # Errors  Last Runtime    Last Run
-------------------------  -----  ---------  --------  ----------  --------------  -------------------
/opt/airflow/dags/test.py                           0          -1  0.01s           2026-09-15T15:32:27
================================================================================
[2026-09-15T15:32:57.983+0000] {manager.py:1016} ERROR - Processor for /opt/airflow/dags/test.py exited with return code 1.
[2026-09-15T15:33:13.161+0000] {manager.py:878} INFO - 
================================================================================
DAG File Processing Stats

File Path                  PID    Runtime      # DAGs    # Errors  Last Runtime    Last Run
-------------------------  -----  ---------  --------  ----------  --------------  -------------------
/opt/airflow/dags/test.py                           0          -1  0.02s           2026-09-15T15:32:57
================================================================================
[2026-09-15T15:33:19.210+0000] {manager.py:737} INFO - Searching for files in /opt/airflow/dags
[2026-09-15T15:33:19.212+0000] {manager.py:740} INFO - There are 1 files in /opt/airflow/dags
[2026-09-15T15:33:28.489+0000] {manager.py:1016} ERROR - Processor for /opt/airflow/dags/test.py exited with return code 1.
[2026-09-15T15:33:41.605+0000] {manager.py:878} INFO - 
================================================================================
DAG File Processing Stats

File Path                  PID    Runtime      # DAGs    # Errors  Last Runtime    Last Run
-------------------------  -----  ---------  --------  ----------  --------------  -------------------
/opt/airflow/dags/test.py                           0          -1  0.02s           2026-09-15T15:33:28
================================================================================
[2026-09-15T15:33:58.865+0000] {manager.py:1016} ERROR - Processor for /opt/airflow/dags/test.py exited with return code 1.
[2026-09-15T15:34:09.967+0000] {manager.py:878} INFO - 
================================================================================
DAG File Processing Stats

File Path                  PID    Runtime      # DAGs    # Errors  Last Runtime    Last Run
-------------------------  -----  ---------  --------  ----------  --------------  -------------------
/opt/airflow/dags/test.py                           0          -1  0.02s           2026-09-15T15:33:58
================================================================================
[2026-09-15T15:34:29.257+0000] {manager.py:1016} ERROR - Processor for /opt/airflow/dags/test.py exited with return code 1.
[2026-09-15T15:34:38.335+0000] {manager.py:878} INFO - 
================================================================================
DAG File Processing Stats

File Path                  PID    Runtime      # DAGs    # Errors  Last Runtime    Last Run
-------------------------  -----  ---------  --------  ----------  --------------  -------------------
/opt/airflow/dags/test.py                           0          -1  0.01s           2026-09-15T15:34:29
================================================================================
[2026-09-15T15:34:59.688+0000] {manager.py:1016} ERROR - Processor for /opt/airflow/dags/test.py exited with return code 1.
[2026-09-15T15:35:06.773+0000] {manager.py:878} INFO - 
================================================================================
DAG File Processing Stats

File Path                  PID    Runtime      # DAGs    # Errors  Last Runtime    Last Run
-------------------------  -----  ---------  --------  ----------  --------------  -------------------
/opt/airflow/dags/test.py                           0          -1  0.01s           2026-09-15T15:34:59
================================================================================
[2026-09-15T15:35:30.118+0000] {manager.py:1016} ERROR - Processor for /opt/airflow/dags/test.py exited with return code 1.
[2026-09-15T15:35:35.161+0000] {manager.py:878} INFO - 
================================================================================
DAG File Processing Stats

File Path                  PID    Runtime      # DAGs    # Errors  Last Runtime    Last Run
-------------------------  -----  ---------  --------  ----------  --------------  -------------------
/opt/airflow/dags/test.py                           0          -1  0.01s           2026-09-15T15:35:30
================================================================================
[2026-09-15T15:36:00.579+0000] {manager.py:1016} ERROR - Processor for /opt/airflow/dags/test.py exited with return code 1.
[2026-09-15T15:36:03.609+0000] {manager.py:878} INFO - 
================================================================================
DAG File Processing Stats

File Path                  PID    Runtime      # DAGs    # Errors  Last Runtime    Last Run
-------------------------  -----  ---------  --------  ----------  --------------  -------------------
/opt/airflow/dags/test.py                           0          -1  0.01s           2026-09-15T15:36:00
================================================================================
[2026-09-15T15:36:30.986+0000] {manager.py:1016} ERROR - Processor for /opt/airflow/dags/test.py exited with return code 1.
[2026-09-15T15:36:31.989+0000] {manager.py:878} INFO - 
================================================================================
DAG File Processing Stats

File Path                  PID    Runtime      # DAGs    # Errors  Last Runtime    Last Run
-------------------------  -----  ---------  --------  ----------  --------------  -------------------
/opt/airflow/dags/test.py                           0          -1  0.02s           2026-09-15T15:36:30
================================================================================
[2026-09-15T15:37:00.597+0000] {manager.py:878} INFO - 
================================================================================
DAG File Processing Stats

File Path                  PID    Runtime      # DAGs    # Errors  Last Runtime    Last Run
-------------------------  -----  ---------  --------  ----------  --------------  -------------------
/opt/airflow/dags/test.py                           0          -1  0.02s           2026-09-15T15:36:30
================================================================================
[2026-09-15T15:37:01.621+0000] {manager.py:1016} ERROR - Processor for /opt/airflow/dags/test.py exited with return code 1.
[2026-09-15T15:37:28.954+0000] {manager.py:878} INFO - 
================================================================================
DAG File Processing Stats

File Path                  PID    Runtime      # DAGs    # Errors  Last Runtime    Last Run
-------------------------  -----  ---------  --------  ----------  --------------  -------------------
/opt/airflow/dags/test.py                           0          -1  0.01s           2026-09-15T15:37:01
================================================================================
[2026-09-15T15:37:32.028+0000] {manager.py:1016} ERROR - Processor for /opt/airflow/dags/test.py exited with return code 1.
[2026-09-15T15:37:57.350+0000] {manager.py:878} INFO - 
================================================================================
DAG File Processing Stats

File Path                  PID    Runtime      # DAGs    # Errors  Last Runtime    Last Run
-------------------------  -----  ---------  --------  ----------  --------------  -------------------
/opt/airflow/dags/test.py                           0          -1  0.01s           2026-09-15T15:37:32
================================================================================
[2026-09-15T15:38:02.431+0000] {manager.py:1016} ERROR - Processor for /opt/airflow/dags/test.py exited with return code 1.
[2026-09-15T15:38:19.649+0000] {manager.py:737} INFO - Searching for files in /opt/airflow/dags
[2026-09-15T15:38:19.764+0000] {manager.py:740} INFO - There are 1 files in /opt/airflow/dags
[2026-09-15T15:38:25.841+0000] {manager.py:878} INFO - 
================================================================================
DAG File Processing Stats

File Path                  PID    Runtime      # DAGs    # Errors  Last Runtime    Last Run
-------------------------  -----  ---------  --------  ----------  --------------  -------------------
/opt/airflow/dags/test.py                           0          -1  0.02s           2026-09-15T15:38:02
================================================================================
[2026-09-15T15:38:32.928+0000] {manager.py:1016} ERROR - Processor for /opt/airflow/dags/test.py exited with return code 1.
[2026-09-15T15:38:54.278+0000] {manager.py:878} INFO - 
================================================================================
DAG File Processing Stats

File Path                  PID    Runtime      # DAGs    # Errors  Last Runtime    Last Run
-------------------------  -----  ---------  --------  ----------  --------------  -------------------
/opt/airflow/dags/test.py                           0          -1  0.02s           2026-09-15T15:38:32
================================================================================
[2026-09-15T15:39:03.473+0000] {manager.py:1016} ERROR - Processor for /opt/airflow/dags/test.py exited with return code 1.
[2026-09-15T15:39:22.615+0000] {manager.py:878} INFO - 
================================================================================
DAG File Processing Stats

File Path                  PID    Runtime      # DAGs    # Errors  Last Runtime    Last Run
-------------------------  -----  ---------  --------  ----------  --------------  -------------------
/opt/airflow/dags/test.py                           0          -1  0.02s           2026-09-15T15:39:03
================================================================================
[2026-09-15T15:39:33.882+0000] {manager.py:1016} ERROR - Processor for /opt/airflow/dags/test.py exited with return code 1.
[2026-09-15T15:39:51.055+0000] {manager.py:878} INFO - 
================================================================================
DAG File Processing Stats

File Path                  PID    Runtime      # DAGs    # Errors  Last Runtime    Last Run
-------------------------  -----  ---------  --------  ----------  --------------  -------------------
/opt/airflow/dags/test.py                           0          -1  0.02s           2026-09-15T15:39:33
================================================================================
[2026-09-15T15:40:04.276+0000] {manager.py:1016} ERROR - Processor for /opt/airflow/dags/test.py exited with return code 1.
[2026-09-15T15:40:19.396+0000] {manager.py:878} INFO - 
================================================================================
DAG File Processing Stats

File Path                  PID    Runtime      # DAGs    # Errors  Last Runtime    Last Run
-------------------------  -----  ---------  --------  ----------  --------------  -------------------
/opt/airflow/dags/test.py                           0          -1  0.01s           2026-09-15T15:40:04
================================================================================
[2026-09-15T15:40:34.663+0000] {manager.py:1016} ERROR - Processor for /opt/airflow/dags/test.py exited with return code 1.
[2026-09-15T15:40:47.769+0000] {manager.py:878} INFO - 
================================================================================
DAG File Processing Stats

File Path                  PID    Runtime      # DAGs    # Errors  Last Runtime    Last Run
-------------------------  -----  ---------  --------  ----------  --------------  -------------------
/opt/airflow/dags/test.py                           0          -1  0.01s           2026-09-15T15:40:34
================================================================================
[2026-09-15T15:41:05.079+0000] {manager.py:1016} ERROR - Processor for /opt/airflow/dags/test.py exited with return code 1.
[2026-09-15T15:41:16.159+0000] {manager.py:878} INFO - 
================================================================================
DAG File Processing Stats

File Path                  PID    Runtime      # DAGs    # Errors  Last Runtime    Last Run
-------------------------  -----  ---------  --------  ----------  --------------  -------------------
/opt/airflow/dags/test.py                           0          -1  0.02s           2026-09-15T15:41:05
================================================================================
[2026-09-15T15:41:35.356+0000] {manager.py:1016} ERROR - Processor for /opt/airflow/dags/test.py exited with return code 1.
[2026-09-15T15:41:44.426+0000] {manager.py:878} INFO - 
================================================================================
DAG File Processing Stats

File Path                  PID    Runtime      # DAGs    # Errors  Last Runtime    Last Run
-------------------------  -----  ---------  --------  ----------  --------------  -------------------
/opt/airflow/dags/test.py                           0          -1  0.02s           2026-09-15T15:41:35
================================================================================
[2026-09-15T15:42:05.775+0000] {manager.py:1016} ERROR - Processor for /opt/airflow/dags/test.py exited with return code 1.
[2026-09-15T15:42:12.854+0000] {manager.py:878} INFO - 
================================================================================
DAG File Processing Stats

File Path                  PID    Runtime      # DAGs    # Errors  Last Runtime    Last Run
-------------------------  -----  ---------  --------  ----------  --------------  -------------------
/opt/airflow/dags/test.py                           0          -1  0.02s           2026-09-15T15:42:05
================================================================================
[2026-09-15T15:42:36.200+0000] {manager.py:1016} ERROR - Processor for /opt/airflow/dags/test.py exited with return code 1.
[2026-09-15T15:42:41.255+0000] {manager.py:878} INFO - 
================================================================================
DAG File Processing Stats

File Path                  PID    Runtime      # DAGs    # Errors  Last Runtime    Last Run
-------------------------  -----  ---------  --------  ----------  --------------  -------------------
/opt/airflow/dags/test.py                           0          -1  0.02s           2026-09-15T15:42:36
================================================================================
[2026-09-15T15:43:06.593+0000] {manager.py:1016} ERROR - Processor for /opt/airflow/dags/test.py exited with return code 1.
[2026-09-15T15:43:09.606+0000] {manager.py:878} INFO - 
================================================================================
DAG File Processing Stats

File Path                  PID    Runtime      # DAGs    # Errors  Last Runtime    Last Run
-------------------------  -----  ---------  --------  ----------  --------------  -------------------
/opt/airflow/dags/test.py                           0          -1  0.01s           2026-09-15T15:43:06
================================================================================
[2026-09-15T15:43:19.749+0000] {manager.py:737} INFO - Searching for files in /opt/airflow/dags
[2026-09-15T15:43:19.751+0000] {manager.py:740} INFO - There are 1 files in /opt/airflow/dags
[2026-09-15T15:43:36.922+0000] {manager.py:1016} ERROR - Processor for /opt/airflow/dags/test.py exited with return code 1.
[2026-09-15T15:43:37.934+0000] {manager.py:878} INFO - 
================================================================================
DAG File Processing Stats

File Path                  PID    Runtime      # DAGs    # Errors  Last Runtime    Last Run
-------------------------  -----  ---------  --------  ----------  --------------  -------------------
/opt/airflow/dags/test.py                           0          -1  0.02s           2026-09-15T15:43:36
================================================================================
[2026-09-15T15:44:06.328+0000] {manager.py:878} INFO - 
================================================================================
DAG File Processing Stats

File Path                  PID    Runtime      # DAGs    # Errors  Last Runtime    Last Run
-------------------------  -----  ---------  --------  ----------  --------------  -------------------
/opt/airflow/dags/test.py                           0          -1  0.02s           2026-09-15T15:43:36
================================================================================
[2026-09-15T15:44:07.351+0000] {manager.py:1016} ERROR - Processor for /opt/airflow/dags/test.py exited with return code 1.
[2026-09-15T15:44:34.688+0000] {manager.py:878} INFO - 
================================================================================
DAG File Processing Stats

File Path                  PID    Runtime      # DAGs    # Errors  Last Runtime    Last Run
-------------------------  -----  ---------  --------  ----------  --------------  -------------------
/opt/airflow/dags/test.py                           0          -1  0.01s           2026-09-15T15:44:07
================================================================================
[2026-09-15T15:44:37.729+0000] {manager.py:1016} ERROR - Processor for /opt/airflow/dags/test.py exited with return code 1.
[2026-09-15T15:45:03.079+0000] {manager.py:878} INFO - 
================================================================================
DAG File Processing Stats

File Path                  PID    Runtime      # DAGs    # Errors  Last Runtime    Last Run
-------------------------  -----  ---------  --------  ----------  --------------  -------------------
/opt/airflow/dags/test.py                           0          -1  0.01s           2026-09-15T15:44:37
================================================================================
[2026-09-15T15:45:08.138+0000] {manager.py:1016} ERROR - Processor for /opt/airflow/dags/test.py exited with return code 1.
[2026-09-15T15:45:31.493+0000] {manager.py:878} INFO - 
================================================================================
DAG File Processing Stats

File Path                  PID    Runtime      # DAGs    # Errors  Last Runtime    Last Run
-------------------------  -----  ---------  --------  ----------  --------------  -------------------
/opt/airflow/dags/test.py                           0          -1  0.02s           2026-09-15T15:45:08
================================================================================
[2026-09-15T15:45:38.642+0000] {manager.py:1016} ERROR - Processor for /opt/airflow/dags/test.py exited with return code 1.
[2026-09-15T15:45:59.923+0000] {manager.py:878} INFO - 
================================================================================
DAG File Processing Stats

File Path                  PID    Runtime      # DAGs    # Errors  Last Runtime    Last Run
-------------------------  -----  ---------  --------  ----------  --------------  -------------------
/opt/airflow/dags/test.py                           0          -1  0.01s           2026-09-15T15:45:38
================================================================================
[2026-09-15T15:46:09.134+0000] {manager.py:1016} ERROR - Processor for /opt/airflow/dags/test.py exited with return code 1.
[2026-09-15T15:46:28.320+0000] {manager.py:878} INFO - 
================================================================================
DAG File Processing Stats

File Path                  PID    Runtime      # DAGs    # Errors  Last Runtime    Last Run
-------------------------  -----  ---------  --------  ----------  --------------  -------------------
/opt/airflow/dags/test.py                           0          -1  0.01s           2026-09-15T15:46:09
================================================================================
[2026-09-15T15:46:39.524+0000] {manager.py:1016} ERROR - Processor for /opt/airflow/dags/test.py exited with return code 1.
[2026-09-15T15:46:56.778+0000] {manager.py:878} INFO - 
================================================================================
DAG File Processing Stats

File Path                  PID    Runtime      # DAGs    # Errors  Last Runtime    Last Run
-------------------------  -----  ---------  --------  ----------  --------------  -------------------
/opt/airflow/dags/test.py                           0          -1  0.02s           2026-09-15T15:46:39
================================================================================
[2026-09-15T15:47:10.009+0000] {manager.py:1016} ERROR - Processor for /opt/airflow/dags/test.py exited with return code 1.
[2026-09-15T15:47:25.138+0000] {manager.py:878} INFO - 
================================================================================
DAG File Processing Stats

File Path                  PID    Runtime      # DAGs    # Errors  Last Runtime    Last Run
-------------------------  -----  ---------  --------  ----------  --------------  -------------------
/opt/airflow/dags/test.py                           0          -1  0.02s           2026-09-15T15:47:10
================================================================================
[2026-09-15T15:47:40.397+0000] {manager.py:1016} ERROR - Processor for /opt/airflow/dags/test.py exited with return code 1.
[2026-09-15T15:47:53.501+0000] {manager.py:878} INFO - 
================================================================================
DAG File Processing Stats

File Path                  PID    Runtime      # DAGs    # Errors  Last Runtime    Last Run
-------------------------  -----  ---------  --------  ----------  --------------  -------------------
/opt/airflow/dags/test.py                           0          -1  0.01s           2026-09-15T15:47:40
================================================================================
[2026-09-15T15:48:10.756+0000] {manager.py:1016} ERROR - Processor for /opt/airflow/dags/test.py exited with return code 1.
[2026-09-15T15:48:19.818+0000] {manager.py:737} INFO - Searching for files in /opt/airflow/dags
[2026-09-15T15:48:19.819+0000] {manager.py:740} INFO - There are 1 files in /opt/airflow/dags
[2026-09-15T15:48:21.848+0000] {manager.py:878} INFO - 
================================================================================
DAG File Processing Stats

File Path                  PID    Runtime      # DAGs    # Errors  Last Runtime    Last Run
-------------------------  -----  ---------  --------  ----------  --------------  -------------------
/opt/airflow/dags/test.py                           0          -1  0.01s           2026-09-15T15:48:10
================================================================================
[2026-09-15T15:48:41.323+0000] {manager.py:1016} ERROR - Processor for /opt/airflow/dags/test.py exited with return code 1.
[2026-09-15T15:48:50.440+0000] {manager.py:878} INFO - 
================================================================================
DAG File Processing Stats

File Path                  PID    Runtime      # DAGs    # Errors  Last Runtime    Last Run
-------------------------  -----  ---------  --------  ----------  --------------  -------------------
/opt/airflow/dags/test.py                           0          -1  0.02s           2026-09-15T15:48:41
================================================================================
[2026-09-15T15:49:11.828+0000] {manager.py:1016} ERROR - Processor for /opt/airflow/dags/test.py exited with return code 1.
[2026-09-15T15:49:18.870+0000] {manager.py:878} INFO - 
================================================================================
DAG File Processing Stats

File Path                  PID    Runtime      # DAGs    # Errors  Last Runtime    Last Run
-------------------------  -----  ---------  --------  ----------  --------------  -------------------
/opt/airflow/dags/test.py                           0          -1  0.02s           2026-09-15T15:49:11
================================================================================
[2026-09-15T15:49:42.193+0000] {manager.py:1016} ERROR - Processor for /opt/airflow/dags/test.py exited with return code 1.
[2026-09-15T15:49:47.228+0000] {manager.py:878} INFO - 
================================================================================
DAG File Processing Stats

File Path                  PID    Runtime      # DAGs    # Errors  Last Runtime    Last Run
-------------------------  -----  ---------  --------  ----------  --------------  -------------------
/opt/airflow/dags/test.py                           0          -1  0.02s           2026-09-15T15:49:42
================================================================================
[2026-09-15T15:50:12.680+0000] {manager.py:1016} ERROR - Processor for /opt/airflow/dags/test.py exited with return code 1.
[2026-09-15T15:50:15.688+0000] {manager.py:878} INFO - 
================================================================================
DAG File Processing Stats

File Path                  PID    Runtime      # DAGs    # Errors  Last Runtime    Last Run
-------------------------  -----  ---------  --------  ----------  --------------  -------------------
/opt/airflow/dags/test.py                           0          -1  0.01s           2026-09-15T15:50:12
================================================================================
[2026-09-15T15:50:43.091+0000] {manager.py:1016} ERROR - Processor for /opt/airflow/dags/test.py exited with return code 1.
[2026-09-15T15:50:44.096+0000] {manager.py:878} INFO - 
================================================================================
DAG File Processing Stats

File Path                  PID    Runtime      # DAGs    # Errors  Last Runtime    Last Run
-------------------------  -----  ---------  --------  ----------  --------------  -------------------
/opt/airflow/dags/test.py                           0          -1  0.02s           2026-09-15T15:50:43
================================================================================
[2026-09-15T15:51:12.377+0000] {manager.py:878} INFO - 
================================================================================
DAG File Processing Stats

File Path                  PID    Runtime      # DAGs    # Errors  Last Runtime    Last Run
-------------------------  -----  ---------  --------  ----------  --------------  -------------------
/opt/airflow/dags/test.py                           0          -1  0.02s           2026-09-15T15:50:43
================================================================================
[2026-09-15T15:51:13.504+0000] {manager.py:1016} ERROR - Processor for /opt/airflow/dags/test.py exited with return code 1.
[2026-09-15T15:51:40.723+0000] {manager.py:878} INFO - 
================================================================================
DAG File Processing Stats

File Path                  PID    Runtime      # DAGs    # Errors  Last Runtime    Last Run
-------------------------  -----  ---------  --------  ----------  --------------  -------------------
/opt/airflow/dags/test.py                           0          -1  0.01s           2026-09-15T15:51:13
================================================================================
[2026-09-15T15:51:43.814+0000] {manager.py:1016} ERROR - Processor for /opt/airflow/dags/test.py exited with return code 1.
[2026-09-15T15:52:09.017+0000] {manager.py:878} INFO - 
================================================================================
DAG File Processing Stats

File Path                  PID    Runtime      # DAGs    # Errors  Last Runtime    Last Run
-------------------------  -----  ---------  --------  ----------  --------------  -------------------
/opt/airflow/dags/test.py                           0          -1  0.02s           2026-09-15T15:51:43
================================================================================
[2026-09-15T15:52:14.183+0000] {manager.py:1016} ERROR - Processor for /opt/airflow/dags/test.py exited with return code 1.
[2026-09-15T15:52:37.386+0000] {manager.py:878} INFO - 
================================================================================
DAG File Processing Stats

File Path                  PID    Runtime      # DAGs    # Errors  Last Runtime    Last Run
-------------------------  -----  ---------  --------  ----------  --------------  -------------------
/opt/airflow/dags/test.py                           0          -1  0.03s           2026-09-15T15:52:14
================================================================================
[2026-09-15T15:52:44.495+0000] {manager.py:1016} ERROR - Processor for /opt/airflow/dags/test.py exited with return code 1.
[2026-09-15T15:53:03.769+0000] {manager.py:878} INFO - 
================================================================================
DAG File Processing Stats

File Path                  PID    Runtime      # DAGs    # Errors  Last Runtime    Last Run
-------------------------  -----  ---------  --------  ----------  --------------  -------------------
/opt/airflow/dags/test.py                           0          -1  0.02s           2026-09-15T15:52:44
================================================================================
[2026-09-15T15:53:14.865+0000] {manager.py:1016} ERROR - Processor for /opt/airflow/dags/test.py exited with return code 1.
[2026-09-15T15:53:19.912+0000] {manager.py:737} INFO - Searching for files in /opt/airflow/dags
[2026-09-15T15:53:19.915+0000] {manager.py:740} INFO - There are 1 files in /opt/airflow/dags
[2026-09-15T15:53:32.096+0000] {manager.py:878} INFO - 
================================================================================
DAG File Processing Stats

File Path                  PID    Runtime      # DAGs    # Errors  Last Runtime    Last Run
-------------------------  -----  ---------  --------  ----------  --------------  -------------------
/opt/airflow/dags/test.py                           0          -1  0.02s           2026-09-15T15:53:14
================================================================================
[2026-09-15T15:53:45.214+0000] {manager.py:1016} ERROR - Processor for /opt/airflow/dags/test.py exited with return code 1.
[2026-09-15T15:54:00.479+0000] {manager.py:878} INFO - 
================================================================================
DAG File Processing Stats

File Path                  PID    Runtime      # DAGs    # Errors  Last Runtime    Last Run
-------------------------  -----  ---------  --------  ----------  --------------  -------------------
/opt/airflow/dags/test.py                           0          -1  0.02s           2026-09-15T15:53:45
================================================================================
[2026-09-15T15:54:15.651+0000] {manager.py:1016} ERROR - Processor for /opt/airflow/dags/test.py exited with return code 1.
[2026-09-15T15:54:28.858+0000] {manager.py:878} INFO - 
================================================================================
DAG File Processing Stats

File Path                  PID    Runtime      # DAGs    # Errors  Last Runtime    Last Run
-------------------------  -----  ---------  --------  ----------  --------------  -------------------
/opt/airflow/dags/test.py                           0          -1  0.01s           2026-09-15T15:54:15
================================================================================
[2026-09-15T15:54:45.998+0000] {manager.py:1016} ERROR - Processor for /opt/airflow/dags/test.py exited with return code 1.
[2026-09-15T15:54:57.134+0000] {manager.py:878} INFO - 
================================================================================
DAG File Processing Stats

File Path                  PID    Runtime      # DAGs    # Errors  Last Runtime    Last Run
-------------------------  -----  ---------  --------  ----------  --------------  -------------------
/opt/airflow/dags/test.py                           0          -1  0.02s           2026-09-15T15:54:45
================================================================================
[2026-09-15T15:55:16.329+0000] {manager.py:1016} ERROR - Processor for /opt/airflow/dags/test.py exited with return code 1.
[2026-09-15T15:55:25.483+0000] {manager.py:878} INFO - 
================================================================================
DAG File Processing Stats

File Path                  PID    Runtime      # DAGs    # Errors  Last Runtime    Last Run
-------------------------  -----  ---------  --------  ----------  --------------  -------------------
/opt/airflow/dags/test.py                           0          -1  0.01s           2026-09-15T15:55:16
================================================================================
[2026-09-15T15:55:46.763+0000] {manager.py:1016} ERROR - Processor for /opt/airflow/dags/test.py exited with return code 1.
[2026-09-15T15:55:53.913+0000] {manager.py:878} INFO - 
================================================================================
DAG File Processing Stats

File Path                  PID    Runtime      # DAGs    # Errors  Last Runtime    Last Run
-------------------------  -----  ---------  --------  ----------  --------------  -------------------
/opt/airflow/dags/test.py                           0          -1  0.01s           2026-09-15T15:55:46
================================================================================
[2026-09-15T15:56:17.179+0000] {manager.py:1016} ERROR - Processor for /opt/airflow/dags/test.py exited with return code 1.
[2026-09-15T15:56:22.295+0000] {manager.py:878} INFO - 
================================================================================
DAG File Processing Stats

File Path                  PID    Runtime      # DAGs    # Errors  Last Runtime    Last Run
-------------------------  -----  ---------  --------  ----------  --------------  -------------------
/opt/airflow/dags/test.py                           0          -1  0.01s           2026-09-15T15:56:17
================================================================================
[2026-09-15T15:56:47.546+0000] {manager.py:1016} ERROR - Processor for /opt/airflow/dags/test.py exited with return code 1.
[2026-09-15T15:56:50.635+0000] {manager.py:878} INFO - 
================================================================================
DAG File Processing Stats

File Path                  PID    Runtime      # DAGs    # Errors  Last Runtime    Last Run
-------------------------  -----  ---------  --------  ----------  --------------  -------------------
/opt/airflow/dags/test.py                           0          -1  0.01s           2026-09-15T15:56:47
================================================================================
[2026-09-15T15:57:17.937+0000] {manager.py:1016} ERROR - Processor for /opt/airflow/dags/test.py exited with return code 1.
[2026-09-15T15:57:19.048+0000] {manager.py:878} INFO - 
================================================================================
DAG File Processing Stats

File Path                  PID    Runtime      # DAGs    # Errors  Last Runtime    Last Run
-------------------------  -----  ---------  --------  ----------  --------------  -------------------
/opt/airflow/dags/test.py                           0          -1  0.01s           2026-09-15T15:57:17
================================================================================
[2026-09-15T15:57:47.647+0000] {manager.py:878} INFO - 
================================================================================
DAG File Processing Stats

File Path                  PID    Runtime      # DAGs    # Errors  Last Runtime    Last Run
-------------------------  -----  ---------  --------  ----------  --------------  -------------------
/opt/airflow/dags/test.py                           0          -1  0.01s           2026-09-15T15:57:17
================================================================================
[2026-09-15T15:57:48.697+0000] {manager.py:1016} ERROR - Processor for /opt/airflow/dags/test.py exited with return code 1.
[2026-09-15T15:58:16.088+0000] {manager.py:878} INFO - 
================================================================================
DAG File Processing Stats

File Path                  PID    Runtime      # DAGs    # Errors  Last Runtime    Last Run
-------------------------  -----  ---------  --------  ----------  --------------  -------------------
/opt/airflow/dags/test.py                           0          -1  0.02s           2026-09-15T15:57:48
================================================================================
[2026-09-15T15:58:19.127+0000] {manager.py:1016} ERROR - Processor for /opt/airflow/dags/test.py exited with return code 1.
[2026-09-15T15:58:20.155+0000] {manager.py:737} INFO - Searching for files in /opt/airflow/dags
[2026-09-15T15:58:20.157+0000] {manager.py:740} INFO - There are 1 files in /opt/airflow/dags
[2026-09-15T15:58:44.515+0000] {manager.py:878} INFO - 
================================================================================
DAG File Processing Stats

File Path                  PID    Runtime      # DAGs    # Errors  Last Runtime    Last Run
-------------------------  -----  ---------  --------  ----------  --------------  -------------------
/opt/airflow/dags/test.py                           0          -1  0.01s           2026-09-15T15:58:19
================================================================================
[2026-09-15T15:58:49.567+0000] {manager.py:1016} ERROR - Processor for /opt/airflow/dags/test.py exited with return code 1.
[2026-09-15T15:59:12.876+0000] {manager.py:878} INFO - 
================================================================================
DAG File Processing Stats

File Path                  PID    Runtime      # DAGs    # Errors  Last Runtime    Last Run
-------------------------  -----  ---------  --------  ----------  --------------  -------------------
/opt/airflow/dags/test.py                           0          -1  0.01s           2026-09-15T15:58:49
================================================================================
[2026-09-15T15:59:19.955+0000] {manager.py:1016} ERROR - Processor for /opt/airflow/dags/test.py exited with return code 1.
[2026-09-15T15:59:41.240+0000] {manager.py:878} INFO - 
================================================================================
DAG File Processing Stats

File Path                  PID    Runtime      # DAGs    # Errors  Last Runtime    Last Run
-------------------------  -----  ---------  --------  ----------  --------------  -------------------
/opt/airflow/dags/test.py                           0          -1  0.01s           2026-09-15T15:59:19
================================================================================
[2026-09-15T15:59:50.329+0000] {manager.py:1016} ERROR - Processor for /opt/airflow/dags/test.py exited with return code 1.
[2026-09-15T16:00:09.656+0000] {manager.py:878} INFO - 
================================================================================
DAG File Processing Stats

File Path                  PID    Runtime      # DAGs    # Errors  Last Runtime    Last Run
-------------------------  -----  ---------  --------  ----------  --------------  -------------------
/opt/airflow/dags/test.py                           0          -1  0.02s           2026-09-15T15:59:50
================================================================================
[2026-09-15T16:00:20.771+0000] {manager.py:1016} ERROR - Processor for /opt/airflow/dags/test.py exited with return code 1.
[2026-09-15T16:00:37.984+0000] {manager.py:878} INFO - 
================================================================================
DAG File Processing Stats

File Path                  PID    Runtime      # DAGs    # Errors  Last Runtime    Last Run
-------------------------  -----  ---------  --------  ----------  --------------  -------------------
/opt/airflow/dags/test.py                           0          -1  0.01s           2026-09-15T16:00:20
================================================================================
[2026-09-15T16:00:51.108+0000] {manager.py:1016} ERROR - Processor for /opt/airflow/dags/test.py exited with return code 1.
[2026-09-15T16:01:06.302+0000] {manager.py:878} INFO - 
================================================================================
DAG File Processing Stats

File Path                  PID    Runtime      # DAGs    # Errors  Last Runtime    Last Run
-------------------------  -----  ---------  --------  ----------  --------------  -------------------
/opt/airflow/dags/test.py                           0          -1  0.01s           2026-09-15T16:00:51
================================================================================
[2026-09-15T16:01:21.443+0000] {manager.py:1016} ERROR - Processor for /opt/airflow/dags/test.py exited with return code 1.
[2026-09-15T16:01:34.718+0000] {manager.py:878} INFO - 
================================================================================
DAG File Processing Stats

File Path                  PID    Runtime      # DAGs    # Errors  Last Runtime    Last Run
-------------------------  -----  ---------  --------  ----------  --------------  -------------------
/opt/airflow/dags/test.py                           0          -1  0.01s           2026-09-15T16:01:21
================================================================================
[2026-09-15T16:01:51.986+0000] {manager.py:1016} ERROR - Processor for /opt/airflow/dags/test.py exited with return code 1.
[2026-09-15T16:02:03.224+0000] {manager.py:878} INFO - 
================================================================================
DAG File Processing Stats

File Path                  PID    Runtime      # DAGs    # Errors  Last Runtime    Last Run
-------------------------  -----  ---------  --------  ----------  --------------  -------------------
/opt/airflow/dags/test.py                           0          -1  0.01s           2026-09-15T16:01:51
================================================================================
[2026-09-15T16:02:22.430+0000] {manager.py:1016} ERROR - Processor for /opt/airflow/dags/test.py exited with return code 1.
[2026-09-15T16:02:31.601+0000] {manager.py:878} INFO - 
================================================================================
DAG File Processing Stats

File Path                  PID    Runtime      # DAGs    # Errors  Last Runtime    Last Run
-------------------------  -----  ---------  --------  ----------  --------------  -------------------
/opt/airflow/dags/test.py                           0          -1  0.01s           2026-09-15T16:02:22
================================================================================
[2026-09-15T16:02:52.833+0000] {manager.py:1016} ERROR - Processor for /opt/airflow/dags/test.py exited with return code 1.
[2026-09-15T16:02:59.986+0000] {manager.py:878} INFO - 
================================================================================
DAG File Processing Stats

File Path                  PID    Runtime      # DAGs    # Errors  Last Runtime    Last Run
-------------------------  -----  ---------  --------  ----------  --------------  -------------------
/opt/airflow/dags/test.py                           0          -1  0.01s           2026-09-15T16:02:52
================================================================================
[2026-09-15T16:03:20.228+0000] {manager.py:737} INFO - Searching for files in /opt/airflow/dags
[2026-09-15T16:03:20.230+0000] {manager.py:740} INFO - There are 1 files in /opt/airflow/dags
[2026-09-15T16:03:23.377+0000] {manager.py:1016} ERROR - Processor for /opt/airflow/dags/test.py exited with return code 1.
[2026-09-15T16:03:28.414+0000] {manager.py:878} INFO - 
================================================================================
DAG File Processing Stats

File Path                  PID    Runtime      # DAGs    # Errors  Last Runtime    Last Run
-------------------------  -----  ---------  --------  ----------  --------------  -------------------
/opt/airflow/dags/test.py                           0          -1  0.01s           2026-09-15T16:03:23
================================================================================
[2026-09-15T16:03:53.716+0000] {manager.py:1016} ERROR - Processor for /opt/airflow/dags/test.py exited with return code 1.
[2026-09-15T16:03:56.745+0000] {manager.py:878} INFO - 
================================================================================
DAG File Processing Stats

File Path                  PID    Runtime      # DAGs    # Errors  Last Runtime    Last Run
-------------------------  -----  ---------  --------  ----------  --------------  -------------------
/opt/airflow/dags/test.py                           0          -1  0.02s           2026-09-15T16:03:53
================================================================================
[2026-09-15T16:04:24.045+0000] {manager.py:1016} ERROR - Processor for /opt/airflow/dags/test.py exited with return code 1.
[2026-09-15T16:04:25.053+0000] {manager.py:878} INFO - 
================================================================================
DAG File Processing Stats

File Path                  PID    Runtime      # DAGs    # Errors  Last Runtime    Last Run
-------------------------  -----  ---------  --------  ----------  --------------  -------------------
/opt/airflow/dags/test.py                           0          -1  0.01s           2026-09-15T16:04:24
================================================================================
[2026-09-15T16:04:53.433+0000] {manager.py:878} INFO - 
================================================================================
DAG File Processing Stats

File Path                  PID    Runtime      # DAGs    # Errors  Last Runtime    Last Run
-------------------------  -----  ---------  --------  ----------  --------------  -------------------
/opt/airflow/dags/test.py                           0          -1  0.01s           2026-09-15T16:04:24
================================================================================
[2026-09-15T16:04:54.453+0000] {manager.py:1016} ERROR - Processor for /opt/airflow/dags/test.py exited with return code 1.
[2026-09-15T16:05:21.767+0000] {manager.py:878} INFO - 
================================================================================
DAG File Processing Stats

File Path                  PID    Runtime      # DAGs    # Errors  Last Runtime    Last Run
-------------------------  -----  ---------  --------  ----------  --------------  -------------------
/opt/airflow/dags/test.py                           0          -1  0.01s           2026-09-15T16:04:54
================================================================================
[2026-09-15T16:05:24.806+0000] {manager.py:1016} ERROR - Processor for /opt/airflow/dags/test.py exited with return code 1.
[2026-09-15T16:05:50.169+0000] {manager.py:878} INFO - 
================================================================================
DAG File Processing Stats

File Path                  PID    Runtime      # DAGs    # Errors  Last Runtime    Last Run
-------------------------  -----  ---------  --------  ----------  --------------  -------------------
/opt/airflow/dags/test.py                           0          -1  0.01s           2026-09-15T16:05:24
================================================================================
[2026-09-15T16:05:55.236+0000] {manager.py:1016} ERROR - Processor for /opt/airflow/dags/test.py exited with return code 1.
[2026-09-15T16:06:18.544+0000] {manager.py:878} INFO - 
================================================================================
DAG File Processing Stats

File Path                  PID    Runtime      # DAGs    # Errors  Last Runtime    Last Run
-------------------------  -----  ---------  --------  ----------  --------------  -------------------
/opt/airflow/dags/test.py                           0          -1  0.01s           2026-09-15T16:05:55
================================================================================
[2026-09-15T16:06:25.712+0000] {manager.py:1016} ERROR - Processor for /opt/airflow/dags/test.py exited with return code 1.
[2026-09-15T16:06:46.988+0000] {manager.py:878} INFO - 
================================================================================
DAG File Processing Stats

File Path                  PID    Runtime      # DAGs    # Errors  Last Runtime    Last Run
-------------------------  -----  ---------  --------  ----------  --------------  -------------------
/opt/airflow/dags/test.py                           0          -1  0.02s           2026-09-15T16:06:25
================================================================================
[2026-09-15T16:06:56.134+0000] {manager.py:1016} ERROR - Processor for /opt/airflow/dags/test.py exited with return code 1.
[2026-09-15T16:07:15.417+0000] {manager.py:878} INFO - 
================================================================================
DAG File Processing Stats

File Path                  PID    Runtime      # DAGs    # Errors  Last Runtime    Last Run
-------------------------  -----  ---------  --------  ----------  --------------  -------------------
/opt/airflow/dags/test.py                           0          -1  0.02s           2026-09-15T16:06:56
================================================================================
[2026-09-15T16:07:26.542+0000] {manager.py:1016} ERROR - Processor for /opt/airflow/dags/test.py exited with return code 1.
[2026-09-15T16:07:43.902+0000] {manager.py:878} INFO - 
================================================================================
DAG File Processing Stats

File Path                  PID    Runtime      # DAGs    # Errors  Last Runtime    Last Run
-------------------------  -----  ---------  --------  ----------  --------------  -------------------
/opt/airflow/dags/test.py                           0          -1  0.02s           2026-09-15T16:07:26
================================================================================
[2026-09-15T16:07:57.050+0000] {manager.py:1016} ERROR - Processor for /opt/airflow/dags/test.py exited with return code 1.
[2026-09-15T16:08:12.256+0000] {manager.py:878} INFO - 
================================================================================
DAG File Processing Stats

File Path                  PID    Runtime      # DAGs    # Errors  Last Runtime    Last Run
-------------------------  -----  ---------  --------  ----------  --------------  -------------------
/opt/airflow/dags/test.py                           0          -1  0.01s           2026-09-15T16:07:57
================================================================================
[2026-09-15T16:08:20.319+0000] {manager.py:737} INFO - Searching for files in /opt/airflow/dags
[2026-09-15T16:08:20.320+0000] {manager.py:740} INFO - There are 1 files in /opt/airflow/dags
[2026-09-15T16:08:27.408+0000] {manager.py:1016} ERROR - Processor for /opt/airflow/dags/test.py exited with return code 1.
[2026-09-15T16:08:40.569+0000] {manager.py:878} INFO - 
================================================================================
DAG File Processing Stats

File Path                  PID    Runtime      # DAGs    # Errors  Last Runtime    Last Run
-------------------------  -----  ---------  --------  ----------  --------------  -------------------
/opt/airflow/dags/test.py                           0          -1  0.01s           2026-09-15T16:08:27
================================================================================
[2026-09-15T16:08:57.737+0000] {manager.py:1016} ERROR - Processor for /opt/airflow/dags/test.py exited with return code 1.
[2026-09-15T16:09:08.894+0000] {manager.py:878} INFO - 
================================================================================
DAG File Processing Stats

File Path                  PID    Runtime      # DAGs    # Errors  Last Runtime    Last Run
-------------------------  -----  ---------  --------  ----------  --------------  -------------------
/opt/airflow/dags/test.py                           0          -1  0.01s           2026-09-15T16:08:57
================================================================================
[2026-09-15T16:09:28.152+0000] {manager.py:1016} ERROR - Processor for /opt/airflow/dags/test.py exited with return code 1.
[2026-09-15T16:09:37.226+0000] {manager.py:878} INFO - 
================================================================================
DAG File Processing Stats

File Path                  PID    Runtime      # DAGs    # Errors  Last Runtime    Last Run
-------------------------  -----  ---------  --------  ----------  --------------  -------------------
/opt/airflow/dags/test.py                           0          -1  0.02s           2026-09-15T16:09:28
================================================================================
[2026-09-15T16:09:58.460+0000] {manager.py:1016} ERROR - Processor for /opt/airflow/dags/test.py exited with return code 1.
[2026-09-15T16:10:05.551+0000] {manager.py:878} INFO - 
================================================================================
DAG File Processing Stats

File Path                  PID    Runtime      # DAGs    # Errors  Last Runtime    Last Run
-------------------------  -----  ---------  --------  ----------  --------------  -------------------
/opt/airflow/dags/test.py                           0          -1  0.01s           2026-09-15T16:09:58
================================================================================
[2026-09-15T16:10:28.976+0000] {manager.py:1016} ERROR - Processor for /opt/airflow/dags/test.py exited with return code 1.
[2026-09-15T16:10:34.028+0000] {manager.py:878} INFO - 
================================================================================
DAG File Processing Stats

File Path                  PID    Runtime      # DAGs    # Errors  Last Runtime    Last Run
-------------------------  -----  ---------  --------  ----------  --------------  -------------------
/opt/airflow/dags/test.py                           0          -1  0.02s           2026-09-15T16:10:28
================================================================================
[2026-09-15T16:10:59.355+0000] {manager.py:1016} ERROR - Processor for /opt/airflow/dags/test.py exited with return code 1.
[2026-09-15T16:11:02.379+0000] {manager.py:878} INFO - 
================================================================================
DAG File Processing Stats

File Path                  PID    Runtime      # DAGs    # Errors  Last Runtime    Last Run
-------------------------  -----  ---------  --------  ----------  --------------  -------------------
/opt/airflow/dags/test.py                           0          -1  0.01s           2026-09-15T16:10:59
================================================================================
[2026-09-15T16:11:29.744+0000] {manager.py:1016} ERROR - Processor for /opt/airflow/dags/test.py exited with return code 1.
[2026-09-15T16:11:30.746+0000] {manager.py:878} INFO - 
================================================================================
DAG File Processing Stats

File Path                  PID    Runtime      # DAGs    # Errors  Last Runtime    Last Run
-------------------------  -----  ---------  --------  ----------  --------------  -------------------
/opt/airflow/dags/test.py                           0          -1  0.01s           2026-09-15T16:11:29
================================================================================
[2026-09-15T16:13:12.181+0000] {manager.py:1016} ERROR - Processor for /opt/airflow/dags/test.py exited with return code 1.
[2026-09-15T16:13:20.671+0000] {manager.py:737} INFO - Searching for files in /opt/airflow/dags
[2026-09-15T16:13:20.673+0000] {manager.py:740} INFO - There are 1 files in /opt/airflow/dags
[2026-09-15T16:13:32.822+0000] {manager.py:878} INFO - 
================================================================================
DAG File Processing Stats

File Path                  PID    Runtime      # DAGs    # Errors  Last Runtime    Last Run
-------------------------  -----  ---------  --------  ----------  --------------  -------------------
/opt/airflow/dags/test.py                           0          -1  0.06s           2026-09-15T16:13:12
================================================================================
[2026-09-15T16:13:42.927+0000] {manager.py:1016} ERROR - Processor for /opt/airflow/dags/test.py exited with return code 1.
[2026-09-15T16:14:01.399+0000] {manager.py:878} INFO - 
================================================================================
DAG File Processing Stats

File Path                  PID    Runtime      # DAGs    # Errors  Last Runtime    Last Run
-------------------------  -----  ---------  --------  ----------  --------------  -------------------
/opt/airflow/dags/test.py                           0          -1  0.01s           2026-09-15T16:13:42
================================================================================
[2026-09-15T16:14:13.558+0000] {manager.py:1016} ERROR - Processor for /opt/airflow/dags/test.py exited with return code 1.
[2026-09-15T16:14:29.779+0000] {manager.py:878} INFO - 
================================================================================
DAG File Processing Stats

File Path                  PID    Runtime      # DAGs    # Errors  Last Runtime    Last Run
-------------------------  -----  ---------  --------  ----------  --------------  -------------------
/opt/airflow/dags/test.py                           0          -1  0.02s           2026-09-15T16:14:13
================================================================================
[2026-09-15T16:14:43.971+0000] {manager.py:1016} ERROR - Processor for /opt/airflow/dags/test.py exited with return code 1.
[2026-09-15T16:14:58.345+0000] {manager.py:878} INFO - 
================================================================================
DAG File Processing Stats

File Path                  PID    Runtime      # DAGs    # Errors  Last Runtime    Last Run
-------------------------  -----  ---------  --------  ----------  --------------  -------------------
/opt/airflow/dags/test.py                           0          -1  0.01s           2026-09-15T16:14:43
================================================================================
[2026-09-15T16:15:14.535+0000] {manager.py:1016} ERROR - Processor for /opt/airflow/dags/test.py exited with return code 1.
[2026-09-15T16:15:26.845+0000] {manager.py:878} INFO - 
================================================================================
DAG File Processing Stats

File Path                  PID    Runtime      # DAGs    # Errors  Last Runtime    Last Run
-------------------------  -----  ---------  --------  ----------  --------------  -------------------
/opt/airflow/dags/test.py                           0          -1  0.01s           2026-09-15T16:15:14
================================================================================
[2026-09-15T16:15:45.197+0000] {manager.py:1016} ERROR - Processor for /opt/airflow/dags/test.py exited with return code 1.
[2026-09-15T16:15:55.306+0000] {manager.py:878} INFO - 
================================================================================
DAG File Processing Stats

File Path                  PID    Runtime      # DAGs    # Errors  Last Runtime    Last Run
-------------------------  -----  ---------  --------  ----------  --------------  -------------------
/opt/airflow/dags/test.py                           0          -1  0.02s           2026-09-15T16:15:45
================================================================================
[2026-09-15T16:16:15.521+0000] {manager.py:1016} ERROR - Processor for /opt/airflow/dags/test.py exited with return code 1.
[2026-09-15T16:16:23.585+0000] {manager.py:878} INFO - 
================================================================================
DAG File Processing Stats

File Path                  PID    Runtime      # DAGs    # Errors  Last Runtime    Last Run
-------------------------  -----  ---------  --------  ----------  --------------  -------------------
/opt/airflow/dags/test.py                           0          -1  0.01s           2026-09-15T16:16:15
================================================================================
[2026-09-15T16:16:45.994+0000] {manager.py:1016} ERROR - Processor for /opt/airflow/dags/test.py exited with return code 1.
[2026-09-15T16:16:52.059+0000] {manager.py:878} INFO - 
================================================================================
DAG File Processing Stats

File Path                  PID    Runtime      # DAGs    # Errors  Last Runtime    Last Run
-------------------------  -----  ---------  --------  ----------  --------------  -------------------
/opt/airflow/dags/test.py                           0          -1  0.02s           2026-09-15T16:16:45
================================================================================
[2026-09-15T16:17:16.347+0000] {manager.py:1016} ERROR - Processor for /opt/airflow/dags/test.py exited with return code 1.
[2026-09-15T16:17:20.379+0000] {manager.py:878} INFO - 
================================================================================
DAG File Processing Stats

File Path                  PID    Runtime      # DAGs    # Errors  Last Runtime    Last Run
-------------------------  -----  ---------  --------  ----------  --------------  -------------------
/opt/airflow/dags/test.py                           0          -1  0.02s           2026-09-15T16:17:16
================================================================================
[2026-09-15T16:17:46.815+0000] {manager.py:1016} ERROR - Processor for /opt/airflow/dags/test.py exited with return code 1.
[2026-09-15T16:17:48.825+0000] {manager.py:878} INFO - 
================================================================================
DAG File Processing Stats

File Path                  PID    Runtime      # DAGs    # Errors  Last Runtime    Last Run
-------------------------  -----  ---------  --------  ----------  --------------  -------------------
/opt/airflow/dags/test.py                           0          -1  0.01s           2026-09-15T16:17:46
================================================================================
[2026-09-15T16:18:17.145+0000] {manager.py:878} INFO - 
================================================================================
DAG File Processing Stats

File Path                    PID  Runtime      # DAGs    # Errors  Last Runtime    Last Run
-------------------------  -----  ---------  --------  ----------  --------------  -------------------
/opt/airflow/dags/test.py   1990  0.00s             0          -1  0.01s           2026-09-15T16:17:46
================================================================================
[2026-09-15T16:18:17.152+0000] {manager.py:1016} ERROR - Processor for /opt/airflow/dags/test.py exited with return code 1.
[2026-09-15T16:18:21.211+0000] {manager.py:737} INFO - Searching for files in /opt/airflow/dags
[2026-09-15T16:18:21.215+0000] {manager.py:740} INFO - There are 1 files in /opt/airflow/dags
[2026-09-15T16:18:45.690+0000] {manager.py:878} INFO - 
================================================================================
DAG File Processing Stats

File Path                  PID    Runtime      # DAGs    # Errors  Last Runtime    Last Run
-------------------------  -----  ---------  --------  ----------  --------------  -------------------
/opt/airflow/dags/test.py                           0          -1  0.01s           2026-09-15T16:18:17
================================================================================
[2026-09-15T16:18:47.726+0000] {manager.py:1016} ERROR - Processor for /opt/airflow/dags/test.py exited with return code 1.
[2026-09-15T16:19:14.035+0000] {manager.py:878} INFO - 
================================================================================
DAG File Processing Stats

File Path                  PID    Runtime      # DAGs    # Errors  Last Runtime    Last Run
-------------------------  -----  ---------  --------  ----------  --------------  -------------------
/opt/airflow/dags/test.py                           0          -1  0.01s           2026-09-15T16:18:47
================================================================================
[2026-09-15T16:19:18.131+0000] {manager.py:1016} ERROR - Processor for /opt/airflow/dags/test.py exited with return code 1.
[2026-09-15T16:19:42.659+0000] {manager.py:878} INFO - 
================================================================================
DAG File Processing Stats

File Path                  PID    Runtime      # DAGs    # Errors  Last Runtime    Last Run
-------------------------  -----  ---------  --------  ----------  --------------  -------------------
/opt/airflow/dags/test.py                           0          -1  0.03s           2026-09-15T16:19:18
================================================================================
[2026-09-15T16:19:48.709+0000] {manager.py:1016} ERROR - Processor for /opt/airflow/dags/test.py exited with return code 1.
[2026-09-15T16:20:10.985+0000] {manager.py:878} INFO - 
================================================================================
DAG File Processing Stats

File Path                  PID    Runtime      # DAGs    # Errors  Last Runtime    Last Run
-------------------------  -----  ---------  --------  ----------  --------------  -------------------
/opt/airflow/dags/test.py                           0          -1  0.02s           2026-09-15T16:19:48
================================================================================
[2026-09-15T16:20:19.069+0000] {manager.py:1016} ERROR - Processor for /opt/airflow/dags/test.py exited with return code 1.
[2026-09-15T16:20:39.435+0000] {manager.py:878} INFO - 
================================================================================
DAG File Processing Stats

File Path                  PID    Runtime      # DAGs    # Errors  Last Runtime    Last Run
-------------------------  -----  ---------  --------  ----------  --------------  -------------------
/opt/airflow/dags/test.py                           0          -1  0.01s           2026-09-15T16:20:19
================================================================================
[2026-09-15T16:20:49.550+0000] {manager.py:1016} ERROR - Processor for /opt/airflow/dags/test.py exited with return code 1.
[2026-09-15T16:21:07.922+0000] {manager.py:878} INFO - 
================================================================================
DAG File Processing Stats

File Path                  PID    Runtime      # DAGs    # Errors  Last Runtime    Last Run
-------------------------  -----  ---------  --------  ----------  --------------  -------------------
/opt/airflow/dags/test.py                           0          -1  0.01s           2026-09-15T16:20:49
================================================================================
[2026-09-15T16:21:20.059+0000] {manager.py:1016} ERROR - Processor for /opt/airflow/dags/test.py exited with return code 1.
[2026-09-15T16:21:36.287+0000] {manager.py:878} INFO - 
================================================================================
DAG File Processing Stats

File Path                  PID    Runtime      # DAGs    # Errors  Last Runtime    Last Run
-------------------------  -----  ---------  --------  ----------  --------------  -------------------
/opt/airflow/dags/test.py                           0          -1  0.01s           2026-09-15T16:21:20
================================================================================
[2026-09-15T16:21:50.579+0000] {manager.py:1016} ERROR - Processor for /opt/airflow/dags/test.py exited with return code 1.
[2026-09-15T16:22:04.762+0000] {manager.py:878} INFO - 
================================================================================
DAG File Processing Stats

File Path                  PID    Runtime      # DAGs    # Errors  Last Runtime    Last Run
-------------------------  -----  ---------  --------  ----------  --------------  -------------------
/opt/airflow/dags/test.py                           0          -1  0.01s           2026-09-15T16:21:50
================================================================================
[2026-09-15T16:22:21.091+0000] {manager.py:1016} ERROR - Processor for /opt/airflow/dags/test.py exited with return code 1.
[2026-09-15T16:22:33.229+0000] {manager.py:878} INFO - 
================================================================================
DAG File Processing Stats

File Path                  PID    Runtime      # DAGs    # Errors  Last Runtime    Last Run
-------------------------  -----  ---------  --------  ----------  --------------  -------------------
/opt/airflow/dags/test.py                           0          -1  0.01s           2026-09-15T16:22:21
================================================================================
[2026-09-15T16:22:51.598+0000] {manager.py:1016} ERROR - Processor for /opt/airflow/dags/test.py exited with return code 1.
[2026-09-15T16:23:01.707+0000] {manager.py:878} INFO - 
================================================================================
DAG File Processing Stats

File Path                  PID    Runtime      # DAGs    # Errors  Last Runtime    Last Run
-------------------------  -----  ---------  --------  ----------  --------------  -------------------
/opt/airflow/dags/test.py                           0          -1  0.01s           2026-09-15T16:22:51
================================================================================
[2026-09-15T16:23:21.939+0000] {manager.py:737} INFO - Searching for files in /opt/airflow/dags
[2026-09-15T16:23:21.940+0000] {manager.py:740} INFO - There are 1 files in /opt/airflow/dags
[2026-09-15T16:23:21.964+0000] {manager.py:1016} ERROR - Processor for /opt/airflow/dags/test.py exited with return code 1.
[2026-09-15T16:23:30.037+0000] {manager.py:878} INFO - 
================================================================================
DAG File Processing Stats

File Path                  PID    Runtime      # DAGs    # Errors  Last Runtime    Last Run
-------------------------  -----  ---------  --------  ----------  --------------  -------------------
/opt/airflow/dags/test.py                           0          -1  0.01s           2026-09-15T16:23:21
================================================================================
[2026-09-15T16:23:52.454+0000] {manager.py:1016} ERROR - Processor for /opt/airflow/dags/test.py exited with return code 1.
[2026-09-15T16:23:58.516+0000] {manager.py:878} INFO - 
================================================================================
DAG File Processing Stats

File Path                  PID    Runtime      # DAGs    # Errors  Last Runtime    Last Run
-------------------------  -----  ---------  --------  ----------  --------------  -------------------
/opt/airflow/dags/test.py                           0          -1  0.02s           2026-09-15T16:23:52
================================================================================
[2026-09-15T16:24:22.827+0000] {manager.py:1016} ERROR - Processor for /opt/airflow/dags/test.py exited with return code 1.
[2026-09-15T16:24:26.863+0000] {manager.py:878} INFO - 
================================================================================
DAG File Processing Stats

File Path                  PID    Runtime      # DAGs    # Errors  Last Runtime    Last Run
-------------------------  -----  ---------  --------  ----------  --------------  -------------------
/opt/airflow/dags/test.py                           0          -1  0.01s           2026-09-15T16:24:22
================================================================================
[2026-09-15T16:24:53.198+0000] {manager.py:1016} ERROR - Processor for /opt/airflow/dags/test.py exited with return code 1.
[2026-09-15T16:24:55.243+0000] {manager.py:878} INFO - 
================================================================================
DAG File Processing Stats

File Path                  PID    Runtime      # DAGs    # Errors  Last Runtime    Last Run
-------------------------  -----  ---------  --------  ----------  --------------  -------------------
/opt/airflow/dags/test.py                           0          -1  0.01s           2026-09-15T16:24:53
================================================================================
[2026-09-15T16:25:23.746+0000] {manager.py:878} INFO - 
================================================================================
DAG File Processing Stats

File Path                    PID  Runtime      # DAGs    # Errors  Last Runtime    Last Run
-------------------------  -----  ---------  --------  ----------  --------------  -------------------
/opt/airflow/dags/test.py   2094  0.00s             0          -1  0.01s           2026-09-15T16:24:53
================================================================================
[2026-09-15T16:25:23.758+0000] {manager.py:1016} ERROR - Processor for /opt/airflow/dags/test.py exited with return code 1.
[2026-09-15T16:25:52.128+0000] {manager.py:878} INFO - 
================================================================================
DAG File Processing Stats

File Path                  PID    Runtime      # DAGs    # Errors  Last Runtime    Last Run
-------------------------  -----  ---------  --------  ----------  --------------  -------------------
/opt/airflow/dags/test.py                           0          -1  0.02s           2026-09-15T16:25:23
================================================================================
[2026-09-15T16:25:54.170+0000] {manager.py:1016} ERROR - Processor for /opt/airflow/dags/test.py exited with return code 1.
[2026-09-15T16:26:20.622+0000] {manager.py:878} INFO - 
================================================================================
DAG File Processing Stats

File Path                  PID    Runtime      # DAGs    # Errors  Last Runtime    Last Run
-------------------------  -----  ---------  --------  ----------  --------------  -------------------
/opt/airflow/dags/test.py                           0          -1  0.01s           2026-09-15T16:25:54
================================================================================
[2026-09-15T16:26:24.669+0000] {manager.py:1016} ERROR - Processor for /opt/airflow/dags/test.py exited with return code 1.
[2026-09-15T16:26:48.931+0000] {manager.py:878} INFO - 
================================================================================
DAG File Processing Stats

File Path                  PID    Runtime      # DAGs    # Errors  Last Runtime    Last Run
-------------------------  -----  ---------  --------  ----------  --------------  -------------------
/opt/airflow/dags/test.py                           0          -1  0.01s           2026-09-15T16:26:24
================================================================================
[2026-09-15T16:26:55.017+0000] {manager.py:1016} ERROR - Processor for /opt/airflow/dags/test.py exited with return code 1.
[2026-09-15T16:27:17.320+0000] {manager.py:878} INFO - 
================================================================================
DAG File Processing Stats

File Path                  PID    Runtime      # DAGs    # Errors  Last Runtime    Last Run
-------------------------  -----  ---------  --------  ----------  --------------  -------------------
/opt/airflow/dags/test.py                           0          -1  0.02s           2026-09-15T16:26:55
================================================================================
[2026-09-15T16:27:25.498+0000] {manager.py:1016} ERROR - Processor for /opt/airflow/dags/test.py exited with return code 1.
[2026-09-15T16:27:45.752+0000] {manager.py:878} INFO - 
================================================================================
DAG File Processing Stats

File Path                  PID    Runtime      # DAGs    # Errors  Last Runtime    Last Run
-------------------------  -----  ---------  --------  ----------  --------------  -------------------
/opt/airflow/dags/test.py                           0          -1  0.02s           2026-09-15T16:27:25
================================================================================
[2026-09-15T16:27:56.025+0000] {manager.py:1016} ERROR - Processor for /opt/airflow/dags/test.py exited with return code 1.
[2026-09-15T16:28:14.264+0000] {manager.py:878} INFO - 
================================================================================
DAG File Processing Stats

File Path                  PID    Runtime      # DAGs    # Errors  Last Runtime    Last Run
-------------------------  -----  ---------  --------  ----------  --------------  -------------------
/opt/airflow/dags/test.py                           0          -1  0.02s           2026-09-15T16:27:56
================================================================================
[2026-09-15T16:28:22.421+0000] {manager.py:737} INFO - Searching for files in /opt/airflow/dags
[2026-09-15T16:28:22.424+0000] {manager.py:740} INFO - There are 1 files in /opt/airflow/dags
[2026-09-15T16:28:26.500+0000] {manager.py:1016} ERROR - Processor for /opt/airflow/dags/test.py exited with return code 1.
[2026-09-15T16:28:42.661+0000] {manager.py:878} INFO - 
================================================================================
DAG File Processing Stats

File Path                  PID    Runtime      # DAGs    # Errors  Last Runtime    Last Run
-------------------------  -----  ---------  --------  ----------  --------------  -------------------
/opt/airflow/dags/test.py                           0          -1  0.02s           2026-09-15T16:28:26
================================================================================
[2026-09-15T16:28:56.907+0000] {manager.py:1016} ERROR - Processor for /opt/airflow/dags/test.py exited with return code 1.
[2026-09-15T16:32:46.545+0000] {manager.py:1016} ERROR - Processor for /opt/airflow/dags/test.py exited with return code 1.
[2026-09-15T16:32:49.531+0000] {manager.py:878} INFO - 
================================================================================
DAG File Processing Stats

File Path                  PID    Runtime      # DAGs    # Errors  Last Runtime    Last Run
-------------------------  -----  ---------  --------  ----------  --------------  -------------------
/opt/airflow/dags/test.py                           0          -1  0.14s           2026-09-15T16:32:46
================================================================================
[2026-09-15T16:33:53.814+0000] {manager.py:737} INFO - Searching for files in /opt/airflow/dags
[2026-09-15T16:33:53.817+0000] {manager.py:740} INFO - There are 1 files in /opt/airflow/dags
[2026-09-15T17:25:39.275+0000] {manager.py:1016} ERROR - Processor for /opt/airflow/dags/test.py exited with return code 1.
[2026-09-15T17:25:39.352+0000] {manager.py:737} INFO - Searching for files in /opt/airflow/dags
[2026-09-15T17:25:39.365+0000] {manager.py:740} INFO - There are 1 files in /opt/airflow/dags
[2026-09-15T20:29:19.173+0000] {manager.py:737} INFO - Searching for files in /opt/airflow/dags
[2026-09-15T20:29:19.194+0000] {manager.py:740} INFO - There are 1 files in /opt/airflow/dags
[2026-09-15T20:29:19.447+0000] {manager.py:1016} ERROR - Processor for /opt/airflow/dags/test.py exited with return code 1.
[2026-09-15T20:29:36.706+0000] {manager.py:878} INFO - 
================================================================================
DAG File Processing Stats

File Path                  PID    Runtime      # DAGs    # Errors  Last Runtime    Last Run
-------------------------  -----  ---------  --------  ----------  --------------  -------------------
/opt/airflow/dags/test.py                           0          -1  0.10s           2026-09-15T20:29:19
================================================================================
[2026-09-15T20:29:50.070+0000] {manager.py:1016} ERROR - Processor for /opt/airflow/dags/test.py exited with return code 1.
[2026-09-15T20:30:08.193+0000] {manager.py:878} INFO - 
================================================================================
DAG File Processing Stats

File Path                  PID    Runtime      # DAGs    # Errors  Last Runtime    Last Run
-------------------------  -----  ---------  --------  ----------  --------------  -------------------
/opt/airflow/dags/test.py                           0          -1  0.02s           2026-09-15T20:29:50
================================================================================
[2026-09-15T20:30:20.491+0000] {manager.py:1016} ERROR - Processor for /opt/airflow/dags/test.py exited with return code 1.
[2026-09-15T20:30:34.034+0000] {manager.py:878} INFO - 
================================================================================
DAG File Processing Stats

File Path                  PID    Runtime      # DAGs    # Errors  Last Runtime    Last Run
-------------------------  -----  ---------  --------  ----------  --------------  -------------------
/opt/airflow/dags/test.py                           0          -1  0.03s           2026-09-15T20:30:20
================================================================================
[2026-09-15T20:30:51.040+0000] {manager.py:1016} ERROR - Processor for /opt/airflow/dags/test.py exited with return code 1.
[2026-09-15T20:31:05.110+0000] {manager.py:878} INFO - 
================================================================================
DAG File Processing Stats

File Path                  PID    Runtime      # DAGs    # Errors  Last Runtime    Last Run
-------------------------  -----  ---------  --------  ----------  --------------  -------------------
/opt/airflow/dags/test.py                           0          -1  0.03s           2026-09-15T20:30:51
================================================================================
[2026-09-15T20:31:21.276+0000] {manager.py:1016} ERROR - Processor for /opt/airflow/dags/test.py exited with return code 1.
[2026-09-15T20:31:36.365+0000] {manager.py:878} INFO - 
================================================================================
DAG File Processing Stats

File Path                  PID    Runtime      # DAGs    # Errors  Last Runtime    Last Run
-------------------------  -----  ---------  --------  ----------  --------------  -------------------
/opt/airflow/dags/test.py                           0          -1  0.05s           2026-09-15T20:31:21
================================================================================
[2026-09-15T20:31:51.590+0000] {manager.py:1016} ERROR - Processor for /opt/airflow/dags/test.py exited with return code 1.
[2026-09-15T20:32:06.681+0000] {manager.py:878} INFO - 
================================================================================
DAG File Processing Stats

File Path                  PID    Runtime      # DAGs    # Errors  Last Runtime    Last Run
-------------------------  -----  ---------  --------  ----------  --------------  -------------------
/opt/airflow/dags/test.py                           0          -1  0.03s           2026-09-15T20:31:51
================================================================================
[2026-09-15T20:32:22.561+0000] {manager.py:1016} ERROR - Processor for /opt/airflow/dags/test.py exited with return code 1.
[2026-09-15T20:32:37.647+0000] {manager.py:878} INFO - 
================================================================================
DAG File Processing Stats

File Path                  PID    Runtime      # DAGs    # Errors  Last Runtime    Last Run
-------------------------  -----  ---------  --------  ----------  --------------  -------------------
/opt/airflow/dags/test.py                           0          -1  0.04s           2026-09-15T20:32:22
================================================================================
[2026-09-15T20:32:53.011+0000] {manager.py:1016} ERROR - Processor for /opt/airflow/dags/test.py exited with return code 1.
[2026-09-15T20:33:08.101+0000] {manager.py:878} INFO - 
================================================================================
DAG File Processing Stats

File Path                  PID    Runtime      # DAGs    # Errors  Last Runtime    Last Run
-------------------------  -----  ---------  --------  ----------  --------------  -------------------
/opt/airflow/dags/test.py                           0          -1  0.02s           2026-09-15T20:32:53
================================================================================
[2026-09-15T20:33:23.308+0000] {manager.py:1016} ERROR - Processor for /opt/airflow/dags/test.py exited with return code 1.
[2026-09-15T20:33:39.399+0000] {manager.py:878} INFO - 
================================================================================
DAG File Processing Stats

File Path                  PID    Runtime      # DAGs    # Errors  Last Runtime    Last Run
-------------------------  -----  ---------  --------  ----------  --------------  -------------------
/opt/airflow/dags/test.py                           0          -1  0.02s           2026-09-15T20:33:23
================================================================================
[2026-09-15T20:33:53.732+0000] {manager.py:1016} ERROR - Processor for /opt/airflow/dags/test.py exited with return code 1.
[2026-09-15T20:34:09.842+0000] {manager.py:878} INFO - 
================================================================================
DAG File Processing Stats

File Path                  PID    Runtime      # DAGs    # Errors  Last Runtime    Last Run
-------------------------  -----  ---------  --------  ----------  --------------  -------------------
/opt/airflow/dags/test.py                           0          -1  0.05s           2026-09-15T20:33:53
================================================================================
[2026-09-15T20:34:19.553+0000] {manager.py:737} INFO - Searching for files in /opt/airflow/dags
[2026-09-15T20:34:19.569+0000] {manager.py:740} INFO - There are 2 files in /opt/airflow/dags
[2026-09-15T20:34:19.629+0000] {manager.py:1016} ERROR - Processor for /opt/airflow/dags/data_extracter_dag.py exited with return code 1.
[2026-09-15T20:34:24.686+0000] {manager.py:1016} ERROR - Processor for /opt/airflow/dags/test.py exited with return code 1.
[2026-09-15T20:34:40.790+0000] {manager.py:878} INFO - 
================================================================================
DAG File Processing Stats

File Path                                PID    Runtime      # DAGs    # Errors  Last Runtime    Last Run
---------------------------------------  -----  ---------  --------  ----------  --------------  -------------------
/opt/airflow/dags/test.py                                         0          -1  0.02s           2026-09-15T20:34:24
/opt/airflow/dags/data_extracter_dag.py                           0          -1  0.02s           2026-09-15T20:34:19
================================================================================
[2026-09-15T20:34:50.325+0000] {manager.py:1016} ERROR - Processor for /opt/airflow/dags/data_extracter_dag.py exited with return code 1.
[2026-09-15T20:34:55.375+0000] {manager.py:1016} ERROR - Processor for /opt/airflow/dags/test.py exited with return code 1.
[2026-09-15T20:35:12.485+0000] {manager.py:878} INFO - 
================================================================================
DAG File Processing Stats

File Path                                PID    Runtime      # DAGs    # Errors  Last Runtime    Last Run
---------------------------------------  -----  ---------  --------  ----------  --------------  -------------------
/opt/airflow/dags/data_extracter_dag.py                           0          -1  0.02s           2026-09-15T20:34:50
/opt/airflow/dags/test.py                                         0          -1  0.02s           2026-09-15T20:34:55
================================================================================
[2026-09-15T20:35:20.824+0000] {manager.py:1016} ERROR - Processor for /opt/airflow/dags/data_extracter_dag.py exited with return code 1.
[2026-09-15T20:35:25.876+0000] {manager.py:1016} ERROR - Processor for /opt/airflow/dags/test.py exited with return code 1.
[2026-09-15T20:35:43.225+0000] {manager.py:878} INFO - 
================================================================================
DAG File Processing Stats

File Path                                PID    Runtime      # DAGs    # Errors  Last Runtime    Last Run
---------------------------------------  -----  ---------  --------  ----------  --------------  -------------------
/opt/airflow/dags/data_extracter_dag.py                           0          -1  0.03s           2026-09-15T20:35:20
/opt/airflow/dags/test.py                                         0          -1  0.02s           2026-09-15T20:35:25
================================================================================
[2026-09-15T20:35:51.627+0000] {manager.py:1016} ERROR - Processor for /opt/airflow/dags/data_extracter_dag.py exited with return code 1.
[2026-09-15T20:35:56.675+0000] {manager.py:1016} ERROR - Processor for /opt/airflow/dags/test.py exited with return code 1.
[2026-09-15T20:36:13.763+0000] {manager.py:878} INFO - 
================================================================================
DAG File Processing Stats

File Path                                PID    Runtime      # DAGs    # Errors  Last Runtime    Last Run
---------------------------------------  -----  ---------  --------  ----------  --------------  -------------------
/opt/airflow/dags/test.py                                         0          -1  0.02s           2026-09-15T20:35:56
/opt/airflow/dags/data_extracter_dag.py                           0          -1  0.02s           2026-09-15T20:35:51
================================================================================
[2026-09-15T20:36:21.724+0000] {manager.py:1016} ERROR - Processor for /opt/airflow/dags/data_extracter_dag.py exited with return code 1.
[2026-09-15T20:36:26.776+0000] {manager.py:1016} ERROR - Processor for /opt/airflow/dags/test.py exited with return code 1.
[2026-09-15T20:36:45.146+0000] {manager.py:878} INFO - 
================================================================================
DAG File Processing Stats

File Path                                PID    Runtime      # DAGs    # Errors  Last Runtime    Last Run
---------------------------------------  -----  ---------  --------  ----------  --------------  -------------------
/opt/airflow/dags/data_extracter_dag.py                           0          -1  0.02s           2026-09-15T20:36:21
/opt/airflow/dags/test.py                                         0          -1  0.02s           2026-09-15T20:36:26
================================================================================
[2026-09-15T20:36:52.584+0000] {manager.py:1016} ERROR - Processor for /opt/airflow/dags/data_extracter_dag.py exited with return code 1.
[2026-09-15T20:36:57.634+0000] {manager.py:1016} ERROR - Processor for /opt/airflow/dags/test.py exited with return code 1.
[2026-09-15T20:37:11.779+0000] {manager.py:878} INFO - 
================================================================================
DAG File Processing Stats

File Path                                PID    Runtime      # DAGs    # Errors  Last Runtime    Last Run
---------------------------------------  -----  ---------  --------  ----------  --------------  -------------------
/opt/airflow/dags/data_extracter_dag.py                           0          -1  0.04s           2026-09-15T20:36:52
/opt/airflow/dags/test.py                                         0          -1  0.02s           2026-09-15T20:36:57
================================================================================
[2026-09-15T20:37:22.626+0000] {manager.py:1016} ERROR - Processor for /opt/airflow/dags/data_extracter_dag.py exited with return code 1.
[2026-09-15T20:37:27.676+0000] {manager.py:1016} ERROR - Processor for /opt/airflow/dags/test.py exited with return code 1.
[2026-09-15T20:37:41.779+0000] {manager.py:878} INFO - 
================================================================================
DAG File Processing Stats

File Path                                PID    Runtime      # DAGs    # Errors  Last Runtime    Last Run
---------------------------------------  -----  ---------  --------  ----------  --------------  -------------------
/opt/airflow/dags/data_extracter_dag.py                           0          -1  0.02s           2026-09-15T20:37:22
/opt/airflow/dags/test.py                                         0          -1  0.02s           2026-09-15T20:37:27
================================================================================
[2026-09-15T20:37:52.804+0000] {manager.py:1016} ERROR - Processor for /opt/airflow/dags/data_extracter_dag.py exited with return code 1.
[2026-09-15T20:37:57.848+0000] {manager.py:1016} ERROR - Processor for /opt/airflow/dags/test.py exited with return code 1.
[2026-09-15T20:38:12.946+0000] {manager.py:878} INFO - 
================================================================================
DAG File Processing Stats

File Path                                PID    Runtime      # DAGs    # Errors  Last Runtime    Last Run
---------------------------------------  -----  ---------  --------  ----------  --------------  -------------------
/opt/airflow/dags/data_extracter_dag.py                           0          -1  0.02s           2026-09-15T20:37:52
/opt/airflow/dags/test.py                                         0          -1  0.02s           2026-09-15T20:37:57
================================================================================
[2026-09-15T20:38:23.791+0000] {manager.py:1016} ERROR - Processor for /opt/airflow/dags/data_extracter_dag.py exited with return code 1.
[2026-09-15T20:38:28.839+0000] {manager.py:1016} ERROR - Processor for /opt/airflow/dags/test.py exited with return code 1.
[2026-09-15T20:38:43.930+0000] {manager.py:878} INFO - 
================================================================================
DAG File Processing Stats

File Path                                PID    Runtime      # DAGs    # Errors  Last Runtime    Last Run
---------------------------------------  -----  ---------  --------  ----------  --------------  -------------------
/opt/airflow/dags/test.py                                         0          -1  0.02s           2026-09-15T20:38:28
/opt/airflow/dags/data_extracter_dag.py                           0          -1  0.01s           2026-09-15T20:38:23
================================================================================
[2026-09-15T20:38:54.739+0000] {manager.py:1016} ERROR - Processor for /opt/airflow/dags/data_extracter_dag.py exited with return code 1.
[2026-09-15T20:38:59.777+0000] {manager.py:1016} ERROR - Processor for /opt/airflow/dags/test.py exited with return code 1.
[2026-09-15T20:39:14.864+0000] {manager.py:878} INFO - 
================================================================================
DAG File Processing Stats

File Path                                PID    Runtime      # DAGs    # Errors  Last Runtime    Last Run
---------------------------------------  -----  ---------  --------  ----------  --------------  -------------------
/opt/airflow/dags/data_extracter_dag.py                           0          -1  0.02s           2026-09-15T20:38:54
/opt/airflow/dags/test.py                                         0          -1  0.02s           2026-09-15T20:38:59
================================================================================
[2026-09-15T20:39:20.259+0000] {manager.py:737} INFO - Searching for files in /opt/airflow/dags
[2026-09-15T20:39:20.263+0000] {manager.py:740} INFO - There are 2 files in /opt/airflow/dags
[2026-09-15T20:39:25.333+0000] {manager.py:1016} ERROR - Processor for /opt/airflow/dags/data_extracter_dag.py exited with return code 1.
[2026-09-15T20:39:30.385+0000] {manager.py:1016} ERROR - Processor for /opt/airflow/dags/test.py exited with return code 1.
[2026-09-15T20:39:44.478+0000] {manager.py:878} INFO - 
================================================================================
DAG File Processing Stats

File Path                                PID    Runtime      # DAGs    # Errors  Last Runtime    Last Run
---------------------------------------  -----  ---------  --------  ----------  --------------  -------------------
/opt/airflow/dags/test.py                                         0          -1  0.02s           2026-09-15T20:39:30
/opt/airflow/dags/data_extracter_dag.py                           0          -1  0.02s           2026-09-15T20:39:25
================================================================================
[2026-09-15T20:39:55.739+0000] {manager.py:1016} ERROR - Processor for /opt/airflow/dags/data_extracter_dag.py exited with return code 1.
[2026-09-15T20:40:00.794+0000] {manager.py:1016} ERROR - Processor for /opt/airflow/dags/test.py exited with return code 1.
[2026-09-15T20:40:16.887+0000] {manager.py:878} INFO - 
================================================================================
DAG File Processing Stats

File Path                                PID    Runtime      # DAGs    # Errors  Last Runtime    Last Run
---------------------------------------  -----  ---------  --------  ----------  --------------  -------------------
/opt/airflow/dags/test.py                                         0          -1  0.02s           2026-09-15T20:40:00
/opt/airflow/dags/data_extracter_dag.py                           0          -1  0.01s           2026-09-15T20:39:55
================================================================================
[2026-09-15T20:40:26.192+0000] {manager.py:1016} ERROR - Processor for /opt/airflow/dags/data_extracter_dag.py exited with return code 1.
[2026-09-15T20:40:31.245+0000] {manager.py:1016} ERROR - Processor for /opt/airflow/dags/test.py exited with return code 1.
[2026-09-15T20:40:47.340+0000] {manager.py:878} INFO - 
================================================================================
DAG File Processing Stats

File Path                                PID    Runtime      # DAGs    # Errors  Last Runtime    Last Run
---------------------------------------  -----  ---------  --------  ----------  --------------  -------------------
/opt/airflow/dags/test.py                                         0          -1  0.02s           2026-09-15T20:40:31
/opt/airflow/dags/data_extracter_dag.py                           0          -1  0.02s           2026-09-15T20:40:26
================================================================================
[2026-09-15T20:40:57.010+0000] {manager.py:1016} ERROR - Processor for /opt/airflow/dags/data_extracter_dag.py exited with return code 1.
[2026-09-15T20:41:02.060+0000] {manager.py:1016} ERROR - Processor for /opt/airflow/dags/test.py exited with return code 1.
[2026-09-15T20:41:18.153+0000] {manager.py:878} INFO - 
================================================================================
DAG File Processing Stats

File Path                                PID    Runtime      # DAGs    # Errors  Last Runtime    Last Run
---------------------------------------  -----  ---------  --------  ----------  --------------  -------------------
/opt/airflow/dags/data_extracter_dag.py                           0          -1  0.02s           2026-09-15T20:40:57
/opt/airflow/dags/test.py                                         0          -1  0.01s           2026-09-15T20:41:02
================================================================================
[2026-09-15T20:41:27.789+0000] {manager.py:1016} ERROR - Processor for /opt/airflow/dags/data_extracter_dag.py exited with return code 1.
[2026-09-15T20:41:32.837+0000] {manager.py:1016} ERROR - Processor for /opt/airflow/dags/test.py exited with return code 1.
[2026-09-15T20:41:48.920+0000] {manager.py:878} INFO - 
================================================================================
DAG File Processing Stats

File Path                                PID    Runtime      # DAGs    # Errors  Last Runtime    Last Run
---------------------------------------  -----  ---------  --------  ----------  --------------  -------------------
/opt/airflow/dags/test.py                                         0          -1  0.03s           2026-09-15T20:41:32
/opt/airflow/dags/data_extracter_dag.py                           0          -1  0.03s           2026-09-15T20:41:27
================================================================================
[2026-09-15T20:41:58.797+0000] {manager.py:1016} ERROR - Processor for /opt/airflow/dags/data_extracter_dag.py exited with return code 1.
[2026-09-15T20:42:03.846+0000] {manager.py:1016} ERROR - Processor for /opt/airflow/dags/test.py exited with return code 1.
[2026-09-15T20:42:17.968+0000] {manager.py:878} INFO - 
================================================================================
DAG File Processing Stats

File Path                                PID    Runtime      # DAGs    # Errors  Last Runtime    Last Run
---------------------------------------  -----  ---------  --------  ----------  --------------  -------------------
/opt/airflow/dags/test.py                                         0          -1  0.01s           2026-09-15T20:42:03
/opt/airflow/dags/data_extracter_dag.py                           0          -1  0.01s           2026-09-15T20:41:58
================================================================================
[2026-09-15T20:42:29.017+0000] {manager.py:1016} ERROR - Processor for /opt/airflow/dags/data_extracter_dag.py exited with return code 1.
[2026-09-15T20:42:34.098+0000] {manager.py:1016} ERROR - Processor for /opt/airflow/dags/test.py exited with return code 1.
[2026-09-15T20:42:50.359+0000] {manager.py:878} INFO - 
================================================================================
DAG File Processing Stats

File Path                                PID    Runtime      # DAGs    # Errors  Last Runtime    Last Run
---------------------------------------  -----  ---------  --------  ----------  --------------  -------------------
/opt/airflow/dags/data_extracter_dag.py                           0          -1  0.02s           2026-09-15T20:42:29
/opt/airflow/dags/test.py                                         0          -1  0.01s           2026-09-15T20:42:34
================================================================================
[2026-09-15T20:42:59.430+0000] {manager.py:1016} ERROR - Processor for /opt/airflow/dags/data_extracter_dag.py exited with return code 1.
[2026-09-15T20:43:04.476+0000] {manager.py:1016} ERROR - Processor for /opt/airflow/dags/test.py exited with return code 1.
[2026-09-15T20:43:18.945+0000] {manager.py:878} INFO - 
================================================================================
DAG File Processing Stats

File Path                                PID    Runtime      # DAGs    # Errors  Last Runtime    Last Run
---------------------------------------  -----  ---------  --------  ----------  --------------  -------------------
/opt/airflow/dags/test.py                                         0          -1  0.02s           2026-09-15T20:43:04
/opt/airflow/dags/data_extracter_dag.py                           0          -1  0.02s           2026-09-15T20:42:59
================================================================================
[2026-09-15T20:43:30.028+0000] {manager.py:1016} ERROR - Processor for /opt/airflow/dags/data_extracter_dag.py exited with return code 1.
[2026-09-15T20:43:36.696+0000] {manager.py:1016} ERROR - Processor for /opt/airflow/dags/test.py exited with return code 1.
[2026-09-15T20:43:48.692+0000] {manager.py:878} INFO - 
================================================================================
DAG File Processing Stats

File Path                                PID    Runtime      # DAGs    # Errors  Last Runtime    Last Run
---------------------------------------  -----  ---------  --------  ----------  --------------  -------------------
/opt/airflow/dags/test.py                                         0          -1  0.02s           2026-09-15T20:43:36
/opt/airflow/dags/data_extracter_dag.py                           0          -1  0.02s           2026-09-15T20:43:30
================================================================================
[2026-09-15T20:44:00.565+0000] {manager.py:1016} ERROR - Processor for /opt/airflow/dags/data_extracter_dag.py exited with return code 1.
[2026-09-15T20:44:07.632+0000] {manager.py:1016} ERROR - Processor for /opt/airflow/dags/test.py exited with return code 1.
[2026-09-15T20:44:19.659+0000] {manager.py:878} INFO - 
================================================================================
DAG File Processing Stats

File Path                                PID    Runtime      # DAGs    # Errors  Last Runtime    Last Run
---------------------------------------  -----  ---------  --------  ----------  --------------  -------------------
/opt/airflow/dags/test.py                                         0          -1  0.03s           2026-09-15T20:44:07
/opt/airflow/dags/data_extracter_dag.py                           0          -1  0.01s           2026-09-15T20:44:00
================================================================================
[2026-09-15T20:44:20.665+0000] {manager.py:737} INFO - Searching for files in /opt/airflow/dags
[2026-09-15T20:44:20.667+0000] {manager.py:740} INFO - There are 2 files in /opt/airflow/dags
[2026-09-15T20:44:30.775+0000] {manager.py:1016} ERROR - Processor for /opt/airflow/dags/data_extracter_dag.py exited with return code 1.
[2026-09-15T20:44:37.882+0000] {manager.py:1016} ERROR - Processor for /opt/airflow/dags/test.py exited with return code 1.
[2026-09-15T20:44:49.258+0000] {manager.py:878} INFO - 
================================================================================
DAG File Processing Stats

File Path                                PID    Runtime      # DAGs    # Errors  Last Runtime    Last Run
---------------------------------------  -----  ---------  --------  ----------  --------------  -------------------
/opt/airflow/dags/data_extracter_dag.py                           0          -1  0.02s           2026-09-15T20:44:30
/opt/airflow/dags/test.py                                         0          -1  0.02s           2026-09-15T20:44:37
================================================================================
[2026-09-15T20:45:01.383+0000] {manager.py:1016} ERROR - Processor for /opt/airflow/dags/data_extracter_dag.py exited with return code 1.
[2026-09-15T20:45:08.552+0000] {manager.py:1016} ERROR - Processor for /opt/airflow/dags/test.py exited with return code 1.
[2026-09-15T20:45:21.156+0000] {manager.py:878} INFO - 
================================================================================
DAG File Processing Stats

File Path                                PID    Runtime      # DAGs    # Errors  Last Runtime    Last Run
---------------------------------------  -----  ---------  --------  ----------  --------------  -------------------
/opt/airflow/dags/data_extracter_dag.py                           0          -1  0.03s           2026-09-15T20:45:01
/opt/airflow/dags/test.py                                         0          -1  0.02s           2026-09-15T20:45:08
================================================================================
[2026-09-15T20:45:32.253+0000] {manager.py:1016} ERROR - Processor for /opt/airflow/dags/data_extracter_dag.py exited with return code 1.
[2026-09-15T20:45:39.328+0000] {manager.py:1016} ERROR - Processor for /opt/airflow/dags/test.py exited with return code 1.
[2026-09-15T20:45:47.110+0000] {manager.py:878} INFO - 
================================================================================
DAG File Processing Stats

File Path                                PID    Runtime      # DAGs    # Errors  Last Runtime    Last Run
---------------------------------------  -----  ---------  --------  ----------  --------------  -------------------
/opt/airflow/dags/test.py                                         0          -1  0.02s           2026-09-15T20:45:39
/opt/airflow/dags/data_extracter_dag.py                           0          -1  0.02s           2026-09-15T20:45:32
================================================================================
[2026-09-15T20:46:03.218+0000] {manager.py:1016} ERROR - Processor for /opt/airflow/dags/data_extracter_dag.py exited with return code 1.
[2026-09-15T20:46:10.010+0000] {manager.py:1016} ERROR - Processor for /opt/airflow/dags/test.py exited with return code 1.
[2026-09-15T20:46:19.962+0000] {manager.py:878} INFO - 
================================================================================
DAG File Processing Stats

File Path                                PID    Runtime      # DAGs    # Errors  Last Runtime    Last Run
---------------------------------------  -----  ---------  --------  ----------  --------------  -------------------
/opt/airflow/dags/test.py                                         0          -1  0.02s           2026-09-15T20:46:10
/opt/airflow/dags/data_extracter_dag.py                           0          -1  0.01s           2026-09-15T20:46:03
================================================================================
[2026-09-15T20:46:34.067+0000] {manager.py:1016} ERROR - Processor for /opt/airflow/dags/data_extracter_dag.py exited with return code 1.
[2026-09-15T20:46:40.170+0000] {manager.py:1016} ERROR - Processor for /opt/airflow/dags/test.py exited with return code 1.
[2026-09-15T20:46:49.909+0000] {manager.py:878} INFO - 
================================================================================
DAG File Processing Stats

File Path                                PID    Runtime      # DAGs    # Errors  Last Runtime    Last Run
---------------------------------------  -----  ---------  --------  ----------  --------------  -------------------
/opt/airflow/dags/data_extracter_dag.py                           0          -1  0.03s           2026-09-15T20:46:34
/opt/airflow/dags/test.py                                         0          -1  0.02s           2026-09-15T20:46:40
================================================================================
[2026-09-15T20:47:05.024+0000] {manager.py:1016} ERROR - Processor for /opt/airflow/dags/data_extracter_dag.py exited with return code 1.
[2026-09-15T20:47:11.069+0000] {manager.py:1016} ERROR - Processor for /opt/airflow/dags/test.py exited with return code 1.
[2026-09-15T20:47:20.895+0000] {manager.py:878} INFO - 
================================================================================
DAG File Processing Stats

File Path                                PID    Runtime      # DAGs    # Errors  Last Runtime    Last Run
---------------------------------------  -----  ---------  --------  ----------  --------------  -------------------
/opt/airflow/dags/data_extracter_dag.py                           0          -1  0.02s           2026-09-15T20:47:05
/opt/airflow/dags/test.py                                         0          -1  0.01s           2026-09-15T20:47:11
================================================================================
[2026-09-15T20:47:36.007+0000] {manager.py:1016} ERROR - Processor for /opt/airflow/dags/data_extracter_dag.py exited with return code 1.
[2026-09-15T20:47:42.045+0000] {manager.py:1016} ERROR - Processor for /opt/airflow/dags/test.py exited with return code 1.
[2026-09-15T20:47:51.921+0000] {manager.py:878} INFO - 
================================================================================
DAG File Processing Stats

File Path                                PID    Runtime      # DAGs    # Errors  Last Runtime    Last Run
---------------------------------------  -----  ---------  --------  ----------  --------------  -------------------
/opt/airflow/dags/data_extracter_dag.py                           0          -1  0.01s           2026-09-15T20:47:36
/opt/airflow/dags/test.py                                         0          -1  0.01s           2026-09-15T20:47:42
================================================================================
[2026-09-15T20:48:06.043+0000] {manager.py:1016} ERROR - Processor for /opt/airflow/dags/data_extracter_dag.py exited with return code 1.
[2026-09-15T20:48:12.093+0000] {manager.py:1016} ERROR - Processor for /opt/airflow/dags/test.py exited with return code 1.
[2026-09-15T20:48:22.186+0000] {manager.py:878} INFO - 
================================================================================
DAG File Processing Stats

File Path                                PID    Runtime      # DAGs    # Errors  Last Runtime    Last Run
---------------------------------------  -----  ---------  --------  ----------  --------------  -------------------
/opt/airflow/dags/data_extracter_dag.py                           0          -1  0.03s           2026-09-15T20:48:06
/opt/airflow/dags/test.py                                         0          -1  0.02s           2026-09-15T20:48:12
================================================================================
[2026-09-15T20:48:36.287+0000] {manager.py:1016} ERROR - Processor for /opt/airflow/dags/data_extracter_dag.py exited with return code 1.
[2026-09-15T20:48:42.352+0000] {manager.py:1016} ERROR - Processor for /opt/airflow/dags/test.py exited with return code 1.
[2026-09-15T20:48:53.813+0000] {manager.py:878} INFO - 
================================================================================
DAG File Processing Stats

File Path                                PID    Runtime      # DAGs    # Errors  Last Runtime    Last Run
---------------------------------------  -----  ---------  --------  ----------  --------------  -------------------
/opt/airflow/dags/test.py                                         0          -1  0.03s           2026-09-15T20:48:42
/opt/airflow/dags/data_extracter_dag.py                           0          -1  0.02s           2026-09-15T20:48:36
================================================================================
[2026-09-15T20:49:06.900+0000] {manager.py:1016} ERROR - Processor for /opt/airflow/dags/data_extracter_dag.py exited with return code 1.
[2026-09-15T20:49:12.953+0000] {manager.py:1016} ERROR - Processor for /opt/airflow/dags/test.py exited with return code 1.
[2026-09-15T20:49:22.787+0000] {manager.py:737} INFO - Searching for files in /opt/airflow/dags
[2026-09-15T20:49:22.788+0000] {manager.py:740} INFO - There are 2 files in /opt/airflow/dags
[2026-09-15T20:49:24.816+0000] {manager.py:878} INFO - 
================================================================================
DAG File Processing Stats

File Path                                PID    Runtime      # DAGs    # Errors  Last Runtime    Last Run
---------------------------------------  -----  ---------  --------  ----------  --------------  -------------------
/opt/airflow/dags/test.py                                         0          -1  0.02s           2026-09-15T20:49:12
/opt/airflow/dags/data_extracter_dag.py                           0          -1  0.01s           2026-09-15T20:49:06
================================================================================
[2026-09-15T20:49:37.913+0000] {manager.py:1016} ERROR - Processor for /opt/airflow/dags/data_extracter_dag.py exited with return code 1.
[2026-09-15T20:49:43.965+0000] {manager.py:1016} ERROR - Processor for /opt/airflow/dags/test.py exited with return code 1.
[2026-09-15T20:49:56.004+0000] {manager.py:878} INFO - 
================================================================================
DAG File Processing Stats

File Path                                PID    Runtime      # DAGs    # Errors  Last Runtime    Last Run
---------------------------------------  -----  ---------  --------  ----------  --------------  -------------------
/opt/airflow/dags/test.py                                         0          -1  0.02s           2026-09-15T20:49:43
/opt/airflow/dags/data_extracter_dag.py                           0          -1  0.01s           2026-09-15T20:49:37
================================================================================
[2026-09-15T20:50:08.090+0000] {manager.py:1016} ERROR - Processor for /opt/airflow/dags/data_extracter_dag.py exited with return code 1.
[2026-09-15T20:50:14.147+0000] {manager.py:1016} ERROR - Processor for /opt/airflow/dags/test.py exited with return code 1.
[2026-09-15T20:50:26.684+0000] {manager.py:878} INFO - 
================================================================================
DAG File Processing Stats

File Path                                PID    Runtime      # DAGs    # Errors  Last Runtime    Last Run
---------------------------------------  -----  ---------  --------  ----------  --------------  -------------------
/opt/airflow/dags/data_extracter_dag.py                           0          -1  0.02s           2026-09-15T20:50:08
/opt/airflow/dags/test.py                                         0          -1  0.02s           2026-09-15T20:50:14
================================================================================
[2026-09-15T20:50:38.766+0000] {manager.py:1016} ERROR - Processor for /opt/airflow/dags/data_extracter_dag.py exited with return code 1.
[2026-09-15T20:50:44.806+0000] {manager.py:1016} ERROR - Processor for /opt/airflow/dags/test.py exited with return code 1.
[2026-09-15T20:50:57.810+0000] {manager.py:878} INFO - 
================================================================================
DAG File Processing Stats

File Path                                PID    Runtime      # DAGs    # Errors  Last Runtime    Last Run
---------------------------------------  -----  ---------  --------  ----------  --------------  -------------------
/opt/airflow/dags/data_extracter_dag.py                           0          -1  0.02s           2026-09-15T20:50:38
/opt/airflow/dags/test.py                                         0          -1  0.01s           2026-09-15T20:50:44
================================================================================
[2026-09-15T20:51:08.892+0000] {manager.py:1016} ERROR - Processor for /opt/airflow/dags/data_extracter_dag.py exited with return code 1.
[2026-09-15T20:51:14.950+0000] {manager.py:1016} ERROR - Processor for /opt/airflow/dags/test.py exited with return code 1.
[2026-09-15T20:51:26.217+0000] {manager.py:878} INFO - 
================================================================================
DAG File Processing Stats

File Path                                PID    Runtime      # DAGs    # Errors  Last Runtime    Last Run
---------------------------------------  -----  ---------  --------  ----------  --------------  -------------------
/opt/airflow/dags/test.py                                         0          -1  0.02s           2026-09-15T20:51:14
/opt/airflow/dags/data_extracter_dag.py                           0          -1  0.02s           2026-09-15T20:51:08
================================================================================
[2026-09-15T20:51:41.006+0000] {manager.py:1016} ERROR - Processor for /opt/airflow/dags/data_extracter_dag.py exited with return code 1.
[2026-09-15T20:51:45.038+0000] {manager.py:1016} ERROR - Processor for /opt/airflow/dags/test.py exited with return code 1.
[2026-09-15T20:51:57.156+0000] {manager.py:878} INFO - 
================================================================================
DAG File Processing Stats

File Path                                PID    Runtime      # DAGs    # Errors  Last Runtime    Last Run
---------------------------------------  -----  ---------  --------  ----------  --------------  -------------------
/opt/airflow/dags/data_extracter_dag.py                           0          -1  0.02s           2026-09-15T20:51:41
/opt/airflow/dags/test.py                                         0          -1  0.01s           2026-09-15T20:51:45
================================================================================
[2026-09-15T20:52:12.005+0000] {manager.py:1016} ERROR - Processor for /opt/airflow/dags/data_extracter_dag.py exited with return code 1.
[2026-09-15T20:52:16.052+0000] {manager.py:1016} ERROR - Processor for /opt/airflow/dags/test.py exited with return code 1.
[2026-09-15T20:52:30.526+0000] {manager.py:878} INFO - 
================================================================================
DAG File Processing Stats

File Path                                PID    Runtime      # DAGs    # Errors  Last Runtime    Last Run
---------------------------------------  -----  ---------  --------  ----------  --------------  -------------------
/opt/airflow/dags/data_extracter_dag.py                           0          -1  0.03s           2026-09-15T20:52:12
/opt/airflow/dags/test.py                                         0          -1  0.02s           2026-09-15T20:52:16
================================================================================
[2026-09-15T20:52:42.603+0000] {manager.py:1016} ERROR - Processor for /opt/airflow/dags/data_extracter_dag.py exited with return code 1.
[2026-09-15T20:52:46.646+0000] {manager.py:1016} ERROR - Processor for /opt/airflow/dags/test.py exited with return code 1.
[2026-09-15T20:53:01.426+0000] {manager.py:878} INFO - 
================================================================================
DAG File Processing Stats

File Path                                PID    Runtime      # DAGs    # Errors  Last Runtime    Last Run
---------------------------------------  -----  ---------  --------  ----------  --------------  -------------------
/opt/airflow/dags/test.py                                         0          -1  0.02s           2026-09-15T20:52:46
/opt/airflow/dags/data_extracter_dag.py                           0          -1  0.01s           2026-09-15T20:52:42
================================================================================
[2026-09-15T20:53:13.511+0000] {manager.py:1016} ERROR - Processor for /opt/airflow/dags/data_extracter_dag.py exited with return code 1.
[2026-09-15T20:53:17.570+0000] {manager.py:1016} ERROR - Processor for /opt/airflow/dags/test.py exited with return code 1.
[2026-09-15T20:53:32.394+0000] {manager.py:878} INFO - 
================================================================================
DAG File Processing Stats

File Path                                PID    Runtime      # DAGs    # Errors  Last Runtime    Last Run
---------------------------------------  -----  ---------  --------  ----------  --------------  -------------------
/opt/airflow/dags/test.py                                         0          -1  0.03s           2026-09-15T20:53:17
/opt/airflow/dags/data_extracter_dag.py                           0          -1  0.02s           2026-09-15T20:53:13
================================================================================
[2026-09-15T20:53:44.491+0000] {manager.py:1016} ERROR - Processor for /opt/airflow/dags/data_extracter_dag.py exited with return code 1.
[2026-09-15T20:53:48.529+0000] {manager.py:1016} ERROR - Processor for /opt/airflow/dags/test.py exited with return code 1.
[2026-09-15T20:54:03.364+0000] {manager.py:878} INFO - 
================================================================================
DAG File Processing Stats

File Path                                PID    Runtime      # DAGs    # Errors  Last Runtime    Last Run
---------------------------------------  -----  ---------  --------  ----------  --------------  -------------------
/opt/airflow/dags/data_extracter_dag.py                           0          -1  0.02s           2026-09-15T20:53:44
/opt/airflow/dags/test.py                                         0          -1  0.01s           2026-09-15T20:53:48
================================================================================
[2026-09-15T20:54:15.456+0000] {manager.py:1016} ERROR - Processor for /opt/airflow/dags/data_extracter_dag.py exited with return code 1.
[2026-09-15T20:54:19.499+0000] {manager.py:1016} ERROR - Processor for /opt/airflow/dags/test.py exited with return code 1.
[2026-09-15T20:54:23.529+0000] {manager.py:737} INFO - Searching for files in /opt/airflow/dags
[2026-09-15T20:54:23.534+0000] {manager.py:740} INFO - There are 2 files in /opt/airflow/dags
[2026-09-15T20:54:34.338+0000] {manager.py:878} INFO - 
================================================================================
DAG File Processing Stats

File Path                                PID    Runtime      # DAGs    # Errors  Last Runtime    Last Run
---------------------------------------  -----  ---------  --------  ----------  --------------  -------------------
/opt/airflow/dags/data_extracter_dag.py                           0          -1  0.02s           2026-09-15T20:54:15
/opt/airflow/dags/test.py                                         0          -1  0.01s           2026-09-15T20:54:19
================================================================================
[2026-09-15T20:54:46.424+0000] {manager.py:1016} ERROR - Processor for /opt/airflow/dags/data_extracter_dag.py exited with return code 1.
[2026-09-15T20:54:50.457+0000] {manager.py:1016} ERROR - Processor for /opt/airflow/dags/test.py exited with return code 1.
[2026-09-15T20:55:05.070+0000] {manager.py:878} INFO - 
================================================================================
DAG File Processing Stats

File Path                                PID    Runtime      # DAGs    # Errors  Last Runtime    Last Run
---------------------------------------  -----  ---------  --------  ----------  --------------  -------------------
/opt/airflow/dags/data_extracter_dag.py                           0          -1  0.02s           2026-09-15T20:54:46
/opt/airflow/dags/test.py                                         0          -1  0.02s           2026-09-15T20:54:50
================================================================================
[2026-09-15T20:55:17.151+0000] {manager.py:1016} ERROR - Processor for /opt/airflow/dags/data_extracter_dag.py exited with return code 1.
[2026-09-15T20:55:21.187+0000] {manager.py:1016} ERROR - Processor for /opt/airflow/dags/test.py exited with return code 1.
[2026-09-15T20:55:36.266+0000] {manager.py:878} INFO - 
================================================================================
DAG File Processing Stats

File Path                                PID    Runtime      # DAGs    # Errors  Last Runtime    Last Run
---------------------------------------  -----  ---------  --------  ----------  --------------  -------------------
/opt/airflow/dags/data_extracter_dag.py                           0          -1  0.02s           2026-09-15T20:55:17
/opt/airflow/dags/test.py                                         0          -1  0.02s           2026-09-15T20:55:21
================================================================================
[2026-09-15T20:55:47.344+0000] {manager.py:1016} ERROR - Processor for /opt/airflow/dags/data_extracter_dag.py exited with return code 1.
[2026-09-15T20:55:51.394+0000] {manager.py:1016} ERROR - Processor for /opt/airflow/dags/test.py exited with return code 1.
[2026-09-15T20:56:07.015+0000] {manager.py:878} INFO - 
================================================================================
DAG File Processing Stats

File Path                                PID    Runtime      # DAGs    # Errors  Last Runtime    Last Run
---------------------------------------  -----  ---------  --------  ----------  --------------  -------------------
/opt/airflow/dags/test.py                                         0          -1  0.03s           2026-09-15T20:55:51
/opt/airflow/dags/data_extracter_dag.py                           0          -1  0.02s           2026-09-15T20:55:47
================================================================================
[2026-09-15T20:56:18.101+0000] {manager.py:1016} ERROR - Processor for /opt/airflow/dags/data_extracter_dag.py exited with return code 1.
[2026-09-15T20:56:22.139+0000] {manager.py:1016} ERROR - Processor for /opt/airflow/dags/test.py exited with return code 1.
[2026-09-15T20:56:37.965+0000] {manager.py:878} INFO - 
================================================================================
DAG File Processing Stats

File Path                                PID    Runtime      # DAGs    # Errors  Last Runtime    Last Run
---------------------------------------  -----  ---------  --------  ----------  --------------  -------------------
/opt/airflow/dags/data_extracter_dag.py                           0          -1  0.02s           2026-09-15T20:56:18
/opt/airflow/dags/test.py                                         0          -1  0.01s           2026-09-15T20:56:22
================================================================================
[2026-09-15T20:56:49.048+0000] {manager.py:1016} ERROR - Processor for /opt/airflow/dags/data_extracter_dag.py exited with return code 1.
[2026-09-15T20:56:53.079+0000] {manager.py:1016} ERROR - Processor for /opt/airflow/dags/test.py exited with return code 1.
[2026-09-15T20:57:07.856+0000] {manager.py:878} INFO - 
================================================================================
DAG File Processing Stats

File Path                                PID    Runtime      # DAGs    # Errors  Last Runtime    Last Run
---------------------------------------  -----  ---------  --------  ----------  --------------  -------------------
/opt/airflow/dags/data_extracter_dag.py                           0          -1  0.02s           2026-09-15T20:56:49
/opt/airflow/dags/test.py                                         0          -1  0.01s           2026-09-15T20:56:53
================================================================================
[2026-09-15T20:57:19.946+0000] {manager.py:1016} ERROR - Processor for /opt/airflow/dags/data_extracter_dag.py exited with return code 1.
[2026-09-15T20:57:23.987+0000] {manager.py:1016} ERROR - Processor for /opt/airflow/dags/test.py exited with return code 1.
[2026-09-15T20:57:40.010+0000] {manager.py:878} INFO - 
================================================================================
DAG File Processing Stats

File Path                                PID    Runtime      # DAGs    # Errors  Last Runtime    Last Run
---------------------------------------  -----  ---------  --------  ----------  --------------  -------------------
/opt/airflow/dags/test.py                                         0          -1  0.02s           2026-09-15T20:57:23
/opt/airflow/dags/data_extracter_dag.py                           0          -1  0.01s           2026-09-15T20:57:19
================================================================================
[2026-09-15T20:57:50.083+0000] {manager.py:1016} ERROR - Processor for /opt/airflow/dags/data_extracter_dag.py exited with return code 1.
[2026-09-15T20:57:54.133+0000] {manager.py:1016} ERROR - Processor for /opt/airflow/dags/test.py exited with return code 1.
[2026-09-15T20:58:10.924+0000] {manager.py:878} INFO - 
================================================================================
DAG File Processing Stats

File Path                                PID    Runtime      # DAGs    # Errors  Last Runtime    Last Run
---------------------------------------  -----  ---------  --------  ----------  --------------  -------------------
/opt/airflow/dags/test.py                                         0          -1  0.02s           2026-09-15T20:57:54
/opt/airflow/dags/data_extracter_dag.py                           0          -1  0.01s           2026-09-15T20:57:50
================================================================================
[2026-09-15T20:58:21.003+0000] {manager.py:1016} ERROR - Processor for /opt/airflow/dags/data_extracter_dag.py exited with return code 1.
[2026-09-15T20:58:25.044+0000] {manager.py:1016} ERROR - Processor for /opt/airflow/dags/test.py exited with return code 1.
[2026-09-15T20:58:43.217+0000] {manager.py:878} INFO - 
================================================================================
DAG File Processing Stats

File Path                                PID    Runtime      # DAGs    # Errors  Last Runtime    Last Run
---------------------------------------  -----  ---------  --------  ----------  --------------  -------------------
/opt/airflow/dags/test.py                                         0          -1  0.02s           2026-09-15T20:58:25
/opt/airflow/dags/data_extracter_dag.py                           0          -1  0.01s           2026-09-15T20:58:21
================================================================================
[2026-09-15T20:58:51.287+0000] {manager.py:1016} ERROR - Processor for /opt/airflow/dags/data_extracter_dag.py exited with return code 1.
[2026-09-15T20:58:55.319+0000] {manager.py:1016} ERROR - Processor for /opt/airflow/dags/test.py exited with return code 1.
[2026-09-15T20:59:14.775+0000] {manager.py:878} INFO - 
================================================================================
DAG File Processing Stats

File Path                                PID    Runtime      # DAGs    # Errors  Last Runtime    Last Run
---------------------------------------  -----  ---------  --------  ----------  --------------  -------------------
/opt/airflow/dags/data_extracter_dag.py                           0          -1  0.02s           2026-09-15T20:58:51
/opt/airflow/dags/test.py                                         0          -1  0.01s           2026-09-15T20:58:55
================================================================================
[2026-09-15T20:59:21.877+0000] {manager.py:1016} ERROR - Processor for /opt/airflow/dags/data_extracter_dag.py exited with return code 1.
[2026-09-15T20:59:23.887+0000] {manager.py:737} INFO - Searching for files in /opt/airflow/dags
[2026-09-15T20:59:23.889+0000] {manager.py:740} INFO - There are 2 files in /opt/airflow/dags
[2026-09-15T20:59:25.924+0000] {manager.py:1016} ERROR - Processor for /opt/airflow/dags/test.py exited with return code 1.
[2026-09-15T20:59:58.319+0000] {manager.py:878} INFO - 
================================================================================
DAG File Processing Stats

File Path                                  PID  Runtime      # DAGs    # Errors  Last Runtime    Last Run
---------------------------------------  -----  ---------  --------  ----------  --------------  -------------------
/opt/airflow/dags/data_extracter_dag.py   2624  0.02s             0          -1  0.02s           2026-09-15T20:59:21
/opt/airflow/dags/test.py                 2625  0.01s             0          -1  0.01s           2026-09-15T20:59:25
================================================================================
[2026-09-15T20:59:58.321+0000] {manager.py:1016} ERROR - Processor for /opt/airflow/dags/data_extracter_dag.py exited with return code 1.
[2026-09-15T20:59:58.337+0000] {manager.py:1016} ERROR - Processor for /opt/airflow/dags/test.py exited with return code 1.
[2026-09-15T21:00:29.063+0000] {manager.py:878} INFO - 
================================================================================
DAG File Processing Stats

File Path                                  PID  Runtime      # DAGs    # Errors  Last Runtime    Last Run
---------------------------------------  -----  ---------  --------  ----------  --------------  -------------------
/opt/airflow/dags/test.py                 2633  0.00s             0          -1  0.03s           2026-09-15T20:59:58
/opt/airflow/dags/data_extracter_dag.py   2632  0.01s             0          -1  0.02s           2026-09-15T20:59:58
================================================================================
[2026-09-15T21:00:29.066+0000] {manager.py:1016} ERROR - Processor for /opt/airflow/dags/data_extracter_dag.py exited with return code 1.
[2026-09-15T21:00:29.071+0000] {manager.py:1016} ERROR - Processor for /opt/airflow/dags/test.py exited with return code 1.
[2026-09-15T21:00:59.143+0000] {manager.py:1016} ERROR - Processor for /opt/airflow/dags/data_extracter_dag.py exited with return code 1.
[2026-09-15T21:00:59.145+0000] {manager.py:1016} ERROR - Processor for /opt/airflow/dags/test.py exited with return code 1.
[2026-09-15T21:01:03.169+0000] {manager.py:878} INFO - 
================================================================================
DAG File Processing Stats

File Path                                PID    Runtime      # DAGs    # Errors  Last Runtime    Last Run
---------------------------------------  -----  ---------  --------  ----------  --------------  -------------------
/opt/airflow/dags/data_extracter_dag.py                           0          -1  0.03s           2026-09-15T21:00:59
/opt/airflow/dags/test.py                                         0          -1  0.02s           2026-09-15T21:00:59
================================================================================
[2026-09-15T21:01:29.853+0000] {manager.py:1016} ERROR - Processor for /opt/airflow/dags/data_extracter_dag.py exited with return code 1.
[2026-09-15T21:01:29.860+0000] {manager.py:1016} ERROR - Processor for /opt/airflow/dags/test.py exited with return code 1.
[2026-09-15T21:01:35.896+0000] {manager.py:878} INFO - 
================================================================================
DAG File Processing Stats

File Path                                PID    Runtime      # DAGs    # Errors  Last Runtime    Last Run
---------------------------------------  -----  ---------  --------  ----------  --------------  -------------------
/opt/airflow/dags/data_extracter_dag.py                           0          -1  0.01s           2026-09-15T21:01:29
/opt/airflow/dags/test.py                                         0          -1  0.01s           2026-09-15T21:01:29
================================================================================
[2026-09-15T21:02:02.128+0000] {manager.py:1016} ERROR - Processor for /opt/airflow/dags/data_extracter_dag.py exited with return code 1.
[2026-09-15T21:02:02.131+0000] {manager.py:1016} ERROR - Processor for /opt/airflow/dags/test.py exited with return code 1.
[2026-09-15T21:02:09.171+0000] {manager.py:878} INFO - 
================================================================================
DAG File Processing Stats

File Path                                PID    Runtime      # DAGs    # Errors  Last Runtime    Last Run
---------------------------------------  -----  ---------  --------  ----------  --------------  -------------------
/opt/airflow/dags/data_extracter_dag.py                           0          -1  0.03s           2026-09-15T21:02:02
/opt/airflow/dags/test.py                                         0          -1  0.02s           2026-09-15T21:02:02
================================================================================
[2026-09-15T21:02:34.999+0000] {manager.py:1016} ERROR - Processor for /opt/airflow/dags/data_extracter_dag.py exited with return code 1.
[2026-09-15T21:02:35.001+0000] {manager.py:1016} ERROR - Processor for /opt/airflow/dags/test.py exited with return code 1.
[2026-09-15T21:02:42.048+0000] {manager.py:878} INFO - 
================================================================================
DAG File Processing Stats

File Path                                PID    Runtime      # DAGs    # Errors  Last Runtime    Last Run
---------------------------------------  -----  ---------  --------  ----------  --------------  -------------------
/opt/airflow/dags/data_extracter_dag.py                           0          -1  0.03s           2026-09-15T21:02:34
/opt/airflow/dags/test.py                                         0          -1  0.02s           2026-09-15T21:02:35
================================================================================
[2026-09-15T21:03:06.998+0000] {manager.py:1016} ERROR - Processor for /opt/airflow/dags/data_extracter_dag.py exited with return code 1.
[2026-09-15T21:03:07.000+0000] {manager.py:1016} ERROR - Processor for /opt/airflow/dags/test.py exited with return code 1.
[2026-09-15T21:03:15.043+0000] {manager.py:878} INFO - 
================================================================================
DAG File Processing Stats

File Path                                PID    Runtime      # DAGs    # Errors  Last Runtime    Last Run
---------------------------------------  -----  ---------  --------  ----------  --------------  -------------------
/opt/airflow/dags/data_extracter_dag.py                           0          -1  0.02s           2026-09-15T21:03:06
/opt/airflow/dags/test.py                                         0          -1  0.01s           2026-09-15T21:03:07
================================================================================
[2026-09-15T21:03:40.232+0000] {manager.py:1016} ERROR - Processor for /opt/airflow/dags/data_extracter_dag.py exited with return code 1.
[2026-09-15T21:03:40.241+0000] {manager.py:1016} ERROR - Processor for /opt/airflow/dags/test.py exited with return code 1.
[2026-09-15T21:03:48.293+0000] {manager.py:878} INFO - 
================================================================================
DAG File Processing Stats

File Path                                PID    Runtime      # DAGs    # Errors  Last Runtime    Last Run
---------------------------------------  -----  ---------  --------  ----------  --------------  -------------------
/opt/airflow/dags/data_extracter_dag.py                           0          -1  0.02s           2026-09-15T21:03:40
/opt/airflow/dags/test.py                                         0          -1  0.01s           2026-09-15T21:03:40
================================================================================
[2026-09-15T21:04:13.332+0000] {manager.py:1016} ERROR - Processor for /opt/airflow/dags/data_extracter_dag.py exited with return code 1.
[2026-09-15T21:04:13.334+0000] {manager.py:1016} ERROR - Processor for /opt/airflow/dags/test.py exited with return code 1.
[2026-09-15T21:04:21.383+0000] {manager.py:878} INFO - 
================================================================================
DAG File Processing Stats

File Path                                PID    Runtime      # DAGs    # Errors  Last Runtime    Last Run
---------------------------------------  -----  ---------  --------  ----------  --------------  -------------------
/opt/airflow/dags/data_extracter_dag.py                           0          -1  0.02s           2026-09-15T21:04:13
/opt/airflow/dags/test.py                                         0          -1  0.01s           2026-09-15T21:04:13
================================================================================
[2026-09-15T21:04:24.398+0000] {manager.py:737} INFO - Searching for files in /opt/airflow/dags
[2026-09-15T21:04:24.400+0000] {manager.py:740} INFO - There are 2 files in /opt/airflow/dags
[2026-09-15T21:04:46.331+0000] {manager.py:1016} ERROR - Processor for /opt/airflow/dags/data_extracter_dag.py exited with return code 1.
[2026-09-15T21:04:46.338+0000] {manager.py:1016} ERROR - Processor for /opt/airflow/dags/test.py exited with return code 1.
[2026-09-15T21:04:54.375+0000] {manager.py:878} INFO - 
================================================================================
DAG File Processing Stats

File Path                                PID    Runtime      # DAGs    # Errors  Last Runtime    Last Run
---------------------------------------  -----  ---------  --------  ----------  --------------  -------------------
/opt/airflow/dags/data_extracter_dag.py                           0          -1  0.02s           2026-09-15T21:04:46
/opt/airflow/dags/test.py                                         0          -1  0.02s           2026-09-15T21:04:46
================================================================================
[2026-09-15T21:05:16.433+0000] {manager.py:1016} ERROR - Processor for /opt/airflow/dags/data_extracter_dag.py exited with return code 1.
[2026-09-15T21:05:16.435+0000] {manager.py:1016} ERROR - Processor for /opt/airflow/dags/test.py exited with return code 1.
[2026-09-15T21:05:27.801+0000] {manager.py:878} INFO - 
================================================================================
DAG File Processing Stats

File Path                                PID    Runtime      # DAGs    # Errors  Last Runtime    Last Run
---------------------------------------  -----  ---------  --------  ----------  --------------  -------------------
/opt/airflow/dags/data_extracter_dag.py                           0          -1  0.02s           2026-09-15T21:05:16
/opt/airflow/dags/test.py                                         0          -1  0.01s           2026-09-15T21:05:16
================================================================================
[2026-09-15T21:05:46.911+0000] {manager.py:1016} ERROR - Processor for /opt/airflow/dags/data_extracter_dag.py exited with return code 1.
[2026-09-15T21:05:46.922+0000] {manager.py:1016} ERROR - Processor for /opt/airflow/dags/test.py exited with return code 1.
[2026-09-15T21:06:01.066+0000] {manager.py:878} INFO - 
================================================================================
DAG File Processing Stats

File Path                                PID    Runtime      # DAGs    # Errors  Last Runtime    Last Run
---------------------------------------  -----  ---------  --------  ----------  --------------  -------------------
/opt/airflow/dags/test.py                                         0          -1  0.02s           2026-09-15T21:05:46
/opt/airflow/dags/data_extracter_dag.py                           0          -1  0.01s           2026-09-15T21:05:46
================================================================================
[2026-09-15T21:06:17.185+0000] {manager.py:1016} ERROR - Processor for /opt/airflow/dags/data_extracter_dag.py exited with return code 1.
[2026-09-15T21:06:17.186+0000] {manager.py:1016} ERROR - Processor for /opt/airflow/dags/test.py exited with return code 1.
[2026-09-15T21:06:34.102+0000] {manager.py:878} INFO - 
================================================================================
DAG File Processing Stats

File Path                                PID    Runtime      # DAGs    # Errors  Last Runtime    Last Run
---------------------------------------  -----  ---------  --------  ----------  --------------  -------------------
/opt/airflow/dags/data_extracter_dag.py                           0          -1  0.02s           2026-09-15T21:06:17
/opt/airflow/dags/test.py                                         0          -1  0.01s           2026-09-15T21:06:17
================================================================================
[2026-09-15T21:06:48.193+0000] {manager.py:1016} ERROR - Processor for /opt/airflow/dags/data_extracter_dag.py exited with return code 1.
[2026-09-15T21:06:48.198+0000] {manager.py:1016} ERROR - Processor for /opt/airflow/dags/test.py exited with return code 1.
[2026-09-15T21:07:07.334+0000] {manager.py:878} INFO - 
================================================================================
DAG File Processing Stats

File Path                                PID    Runtime      # DAGs    # Errors  Last Runtime    Last Run
---------------------------------------  -----  ---------  --------  ----------  --------------  -------------------
/opt/airflow/dags/data_extracter_dag.py                           0          -1  0.02s           2026-09-15T21:06:48
/opt/airflow/dags/test.py                                         0          -1  0.02s           2026-09-15T21:06:48
================================================================================
[2026-09-15T21:07:18.396+0000] {manager.py:1016} ERROR - Processor for /opt/airflow/dags/data_extracter_dag.py exited with return code 1.
[2026-09-15T21:07:18.404+0000] {manager.py:1016} ERROR - Processor for /opt/airflow/dags/test.py exited with return code 1.
[2026-09-15T21:07:40.671+0000] {manager.py:878} INFO - 
================================================================================
DAG File Processing Stats

File Path                                PID    Runtime      # DAGs    # Errors  Last Runtime    Last Run
---------------------------------------  -----  ---------  --------  ----------  --------------  -------------------
/opt/airflow/dags/data_extracter_dag.py                           0          -1  0.01s           2026-09-15T21:07:18
/opt/airflow/dags/test.py                                         0          -1  0.01s           2026-09-15T21:07:18
================================================================================
[2026-09-15T21:07:48.733+0000] {manager.py:1016} ERROR - Processor for /opt/airflow/dags/data_extracter_dag.py exited with return code 1.
[2026-09-15T21:07:48.738+0000] {manager.py:1016} ERROR - Processor for /opt/airflow/dags/test.py exited with return code 1.
[2026-09-15T21:08:13.891+0000] {manager.py:878} INFO - 
================================================================================
DAG File Processing Stats

File Path                                PID    Runtime      # DAGs    # Errors  Last Runtime    Last Run
---------------------------------------  -----  ---------  --------  ----------  --------------  -------------------
/opt/airflow/dags/data_extracter_dag.py                           0          -1  0.02s           2026-09-15T21:07:48
/opt/airflow/dags/test.py                                         0          -1  0.01s           2026-09-15T21:07:48
================================================================================
[2026-09-15T21:08:18.932+0000] {manager.py:1016} ERROR - Processor for /opt/airflow/dags/data_extracter_dag.py exited with return code 1.
[2026-09-15T21:08:18.934+0000] {manager.py:1016} ERROR - Processor for /opt/airflow/dags/test.py exited with return code 1.
[2026-09-15T21:08:47.021+0000] {manager.py:878} INFO - 
================================================================================
DAG File Processing Stats

File Path                                PID    Runtime      # DAGs    # Errors  Last Runtime    Last Run
---------------------------------------  -----  ---------  --------  ----------  --------------  -------------------
/opt/airflow/dags/data_extracter_dag.py                           0          -1  0.02s           2026-09-15T21:08:18
/opt/airflow/dags/test.py                                         0          -1  0.01s           2026-09-15T21:08:18
================================================================================
[2026-09-15T21:08:49.048+0000] {manager.py:1016} ERROR - Processor for /opt/airflow/dags/data_extracter_dag.py exited with return code 1.
[2026-09-15T21:08:49.051+0000] {manager.py:1016} ERROR - Processor for /opt/airflow/dags/test.py exited with return code 1.
[2026-09-15T21:09:19.784+0000] {manager.py:878} INFO - 
================================================================================
DAG File Processing Stats

File Path                                  PID  Runtime      # DAGs    # Errors  Last Runtime    Last Run
---------------------------------------  -----  ---------  --------  ----------  --------------  -------------------
/opt/airflow/dags/data_extracter_dag.py   2762  0.01s             0          -1  0.02s           2026-09-15T21:08:49
/opt/airflow/dags/test.py                 2763  0.01s             0          -1  0.01s           2026-09-15T21:08:49
================================================================================
[2026-09-15T21:09:19.790+0000] {manager.py:1016} ERROR - Processor for /opt/airflow/dags/test.py exited with return code 1.
[2026-09-15T21:09:19.791+0000] {manager.py:1016} ERROR - Processor for /opt/airflow/dags/data_extracter_dag.py exited with return code 1.
[2026-09-15T21:09:24.816+0000] {manager.py:737} INFO - Searching for files in /opt/airflow/dags
[2026-09-15T21:09:24.819+0000] {manager.py:740} INFO - There are 2 files in /opt/airflow/dags
[2026-09-15T21:09:50.416+0000] {manager.py:1016} ERROR - Processor for /opt/airflow/dags/data_extracter_dag.py exited with return code 1.
[2026-09-15T21:09:50.424+0000] {manager.py:1016} ERROR - Processor for /opt/airflow/dags/test.py exited with return code 1.
[2026-09-15T21:09:53.440+0000] {manager.py:878} INFO - 
================================================================================
DAG File Processing Stats

File Path                                PID    Runtime      # DAGs    # Errors  Last Runtime    Last Run
---------------------------------------  -----  ---------  --------  ----------  --------------  -------------------
/opt/airflow/dags/test.py                                         0          -1  0.02s           2026-09-15T21:09:50
/opt/airflow/dags/data_extracter_dag.py                           0          -1  0.01s           2026-09-15T21:09:50
================================================================================
[2026-09-15T21:10:21.418+0000] {manager.py:1016} ERROR - Processor for /opt/airflow/dags/data_extracter_dag.py exited with return code 1.
[2026-09-15T21:10:21.420+0000] {manager.py:1016} ERROR - Processor for /opt/airflow/dags/test.py exited with return code 1.
[2026-09-15T21:10:26.446+0000] {manager.py:878} INFO - 
================================================================================
DAG File Processing Stats

File Path                                PID    Runtime      # DAGs    # Errors  Last Runtime    Last Run
---------------------------------------  -----  ---------  --------  ----------  --------------  -------------------
/opt/airflow/dags/data_extracter_dag.py                           0          -1  0.02s           2026-09-15T21:10:21
/opt/airflow/dags/test.py                                         0          -1  0.02s           2026-09-15T21:10:21
================================================================================
[2026-09-15T21:10:51.539+0000] {manager.py:1016} ERROR - Processor for /opt/airflow/dags/data_extracter_dag.py exited with return code 1.
[2026-09-15T21:10:51.541+0000] {manager.py:1016} ERROR - Processor for /opt/airflow/dags/test.py exited with return code 1.
[2026-09-15T21:10:59.583+0000] {manager.py:878} INFO - 
================================================================================
DAG File Processing Stats

File Path                                PID    Runtime      # DAGs    # Errors  Last Runtime    Last Run
---------------------------------------  -----  ---------  --------  ----------  --------------  -------------------
/opt/airflow/dags/data_extracter_dag.py                           0          -1  0.02s           2026-09-15T21:10:51
/opt/airflow/dags/test.py                                         0          -1  0.01s           2026-09-15T21:10:51
================================================================================
[2026-09-15T21:11:22.671+0000] {manager.py:1016} ERROR - Processor for /opt/airflow/dags/data_extracter_dag.py exited with return code 1.
[2026-09-15T21:11:22.673+0000] {manager.py:1016} ERROR - Processor for /opt/airflow/dags/test.py exited with return code 1.
[2026-09-15T21:11:32.723+0000] {manager.py:878} INFO - 
================================================================================
DAG File Processing Stats

File Path                                PID    Runtime      # DAGs    # Errors  Last Runtime    Last Run
---------------------------------------  -----  ---------  --------  ----------  --------------  -------------------
/opt/airflow/dags/data_extracter_dag.py                           0          -1  0.02s           2026-09-15T21:11:22
/opt/airflow/dags/test.py                                         0          -1  0.01s           2026-09-15T21:11:22
================================================================================
[2026-09-15T21:11:53.633+0000] {manager.py:1016} ERROR - Processor for /opt/airflow/dags/data_extracter_dag.py exited with return code 1.
[2026-09-15T21:11:53.636+0000] {manager.py:1016} ERROR - Processor for /opt/airflow/dags/test.py exited with return code 1.
[2026-09-15T21:12:01.692+0000] {manager.py:1016} ERROR - Processor for /opt/airflow/dags/data_extracter_dag.py exited with return code 1.
[2026-09-15T21:12:03.705+0000] {manager.py:878} INFO - 
================================================================================
DAG File Processing Stats

File Path                                PID    Runtime      # DAGs    # Errors  Last Runtime    Last Run
---------------------------------------  -----  ---------  --------  ----------  --------------  -------------------
/opt/airflow/dags/test.py                                         0          -1  0.02s           2026-09-15T21:11:53
/opt/airflow/dags/data_extracter_dag.py                           0          -1  0.02s           2026-09-15T21:12:01
================================================================================
[2026-09-15T21:12:12.568+0000] {manager.py:1016} ERROR - Processor for /opt/airflow/dags/data_extracter_dag.py exited with return code 1.
[2026-09-15T21:12:14.598+0000] {manager.py:1016} ERROR - Processor for /opt/airflow/dags/data_extracter_dag.py exited with return code 1.
[2026-09-15T21:12:17.641+0000] {manager.py:1016} ERROR - Processor for /opt/airflow/dags/data_extracter_dag.py exited with return code 1.
[2026-09-15T21:12:20.679+0000] {manager.py:1016} ERROR - Processor for /opt/airflow/dags/data_extracter_dag.py exited with return code 1.
[2026-09-15T21:12:23.704+0000] {manager.py:1016} ERROR - Processor for /opt/airflow/dags/data_extracter_dag.py exited with return code 1.
[2026-09-15T21:12:23.714+0000] {manager.py:1016} ERROR - Processor for /opt/airflow/dags/test.py exited with return code 1.
[2026-09-15T21:12:39.042+0000] {manager.py:878} INFO - 
================================================================================
DAG File Processing Stats

File Path                                PID    Runtime      # DAGs    # Errors  Last Runtime    Last Run
---------------------------------------  -----  ---------  --------  ----------  --------------  -------------------
/opt/airflow/dags/data_extracter_dag.py                           0          -1  0.03s           2026-09-15T21:12:23
/opt/airflow/dags/test.py                                         0          -1  0.02s           2026-09-15T21:12:23
================================================================================
[2026-09-15T21:12:54.130+0000] {manager.py:1016} ERROR - Processor for /opt/airflow/dags/data_extracter_dag.py exited with return code 1.
[2026-09-15T21:12:54.136+0000] {manager.py:1016} ERROR - Processor for /opt/airflow/dags/test.py exited with return code 1.
[2026-09-15T21:13:12.278+0000] {manager.py:878} INFO - 
================================================================================
DAG File Processing Stats

File Path                                PID    Runtime      # DAGs    # Errors  Last Runtime    Last Run
---------------------------------------  -----  ---------  --------  ----------  --------------  -------------------
/opt/airflow/dags/test.py                                         0          -1  0.02s           2026-09-15T21:12:54
/opt/airflow/dags/data_extracter_dag.py                           0          -1  0.01s           2026-09-15T21:12:54
================================================================================
[2026-09-15T21:13:24.353+0000] {manager.py:1016} ERROR - Processor for /opt/airflow/dags/data_extracter_dag.py exited with return code 1.
[2026-09-15T21:13:24.364+0000] {manager.py:1016} ERROR - Processor for /opt/airflow/dags/test.py exited with return code 1.
[2026-09-15T21:13:43.112+0000] {manager.py:878} INFO - 
================================================================================
DAG File Processing Stats

File Path                                PID    Runtime      # DAGs    # Errors  Last Runtime    Last Run
---------------------------------------  -----  ---------  --------  ----------  --------------  -------------------
/opt/airflow/dags/data_extracter_dag.py                           0          -1  0.02s           2026-09-15T21:13:24
/opt/airflow/dags/test.py                                         0          -1  0.02s           2026-09-15T21:13:24
================================================================================
[2026-09-15T21:13:55.189+0000] {manager.py:1016} ERROR - Processor for /opt/airflow/dags/data_extracter_dag.py exited with return code 1.
[2026-09-15T21:13:55.196+0000] {manager.py:1016} ERROR - Processor for /opt/airflow/dags/test.py exited with return code 1.
[2026-09-15T21:14:18.643+0000] {manager.py:878} INFO - 
================================================================================
DAG File Processing Stats

File Path                                PID    Runtime      # DAGs    # Errors  Last Runtime    Last Run
---------------------------------------  -----  ---------  --------  ----------  --------------  -------------------
/opt/airflow/dags/test.py                                         0          -1  0.01s           2026-09-15T21:13:55
/opt/airflow/dags/data_extracter_dag.py                           0          -1  0.01s           2026-09-15T21:13:55
================================================================================
[2026-09-15T21:14:25.680+0000] {manager.py:737} INFO - Searching for files in /opt/airflow/dags
[2026-09-15T21:14:25.682+0000] {manager.py:740} INFO - There are 2 files in /opt/airflow/dags
[2026-09-15T21:14:25.714+0000] {manager.py:1016} ERROR - Processor for /opt/airflow/dags/data_extracter_dag.py exited with return code 1.
[2026-09-15T21:14:25.715+0000] {manager.py:1016} ERROR - Processor for /opt/airflow/dags/test.py exited with return code 1.
[2026-09-15T21:14:51.369+0000] {manager.py:878} INFO - 
================================================================================
DAG File Processing Stats

File Path                                PID    Runtime      # DAGs    # Errors  Last Runtime    Last Run
---------------------------------------  -----  ---------  --------  ----------  --------------  -------------------
/opt/airflow/dags/data_extracter_dag.py                           0          -1  0.02s           2026-09-15T21:14:25
/opt/airflow/dags/test.py                                         0          -1  0.01s           2026-09-15T21:14:25
================================================================================
[2026-09-15T21:14:56.411+0000] {manager.py:1016} ERROR - Processor for /opt/airflow/dags/data_extracter_dag.py exited with return code 1.
[2026-09-15T21:14:56.420+0000] {manager.py:1016} ERROR - Processor for /opt/airflow/dags/test.py exited with return code 1.
[2026-09-15T21:15:24.280+0000] {manager.py:878} INFO - 
================================================================================
DAG File Processing Stats

File Path                                PID    Runtime      # DAGs    # Errors  Last Runtime    Last Run
---------------------------------------  -----  ---------  --------  ----------  --------------  -------------------
/opt/airflow/dags/test.py                                         0          -1  0.01s           2026-09-15T21:14:56
/opt/airflow/dags/data_extracter_dag.py                           0          -1  0.01s           2026-09-15T21:14:56
================================================================================
[2026-09-15T21:15:27.309+0000] {manager.py:1016} ERROR - Processor for /opt/airflow/dags/data_extracter_dag.py exited with return code 1.
[2026-09-15T21:15:27.319+0000] {manager.py:1016} ERROR - Processor for /opt/airflow/dags/test.py exited with return code 1.
[2026-09-15T21:15:55.208+0000] {manager.py:878} INFO - 
================================================================================
DAG File Processing Stats

File Path                                PID    Runtime      # DAGs    # Errors  Last Runtime    Last Run
---------------------------------------  -----  ---------  --------  ----------  --------------  -------------------
/opt/airflow/dags/test.py                                         0          -1  0.01s           2026-09-15T21:15:27
/opt/airflow/dags/data_extracter_dag.py                           0          -1  0.01s           2026-09-15T21:15:27
================================================================================
[2026-09-15T21:16:01.909+0000] {manager.py:1016} ERROR - Processor for /opt/airflow/dags/data_extracter_dag.py exited with return code 1.
[2026-09-15T21:16:01.910+0000] {manager.py:1016} ERROR - Processor for /opt/airflow/dags/test.py exited with return code 1.
[2026-09-15T21:16:30.393+0000] {manager.py:878} INFO - 
================================================================================
DAG File Processing Stats

File Path                                PID    Runtime      # DAGs    # Errors  Last Runtime    Last Run
---------------------------------------  -----  ---------  --------  ----------  --------------  -------------------
/opt/airflow/dags/data_extracter_dag.py                           0          -1  0.02s           2026-09-15T21:16:01
/opt/airflow/dags/test.py                                         0          -1  0.01s           2026-09-15T21:16:01
================================================================================
[2026-09-15T21:16:32.436+0000] {manager.py:1016} ERROR - Processor for /opt/airflow/dags/data_extracter_dag.py exited with return code 1.
[2026-09-15T21:16:32.440+0000] {manager.py:1016} ERROR - Processor for /opt/airflow/dags/test.py exited with return code 1.
[2026-09-15T21:17:02.597+0000] {manager.py:1016} ERROR - Processor for /opt/airflow/dags/data_extracter_dag.py exited with return code 1.
[2026-09-15T21:17:02.607+0000] {manager.py:1016} ERROR - Processor for /opt/airflow/dags/test.py exited with return code 1.
[2026-09-15T21:17:03.620+0000] {manager.py:878} INFO - 
================================================================================
DAG File Processing Stats

File Path                                PID    Runtime      # DAGs    # Errors  Last Runtime    Last Run
---------------------------------------  -----  ---------  --------  ----------  --------------  -------------------
/opt/airflow/dags/data_extracter_dag.py                           0          -1  0.02s           2026-09-15T21:17:02
/opt/airflow/dags/test.py                                         0          -1  0.02s           2026-09-15T21:17:02
================================================================================
[2026-09-15T21:17:32.721+0000] {manager.py:1016} ERROR - Processor for /opt/airflow/dags/data_extracter_dag.py exited with return code 1.
[2026-09-15T21:17:32.734+0000] {manager.py:1016} ERROR - Processor for /opt/airflow/dags/test.py exited with return code 1.
[2026-09-15T21:17:36.759+0000] {manager.py:878} INFO - 
================================================================================
DAG File Processing Stats

File Path                                PID    Runtime      # DAGs    # Errors  Last Runtime    Last Run
---------------------------------------  -----  ---------  --------  ----------  --------------  -------------------
/opt/airflow/dags/test.py                                         0          -1  0.02s           2026-09-15T21:17:32
/opt/airflow/dags/data_extracter_dag.py                           0          -1  0.02s           2026-09-15T21:17:32
================================================================================
[2026-09-15T21:18:03.709+0000] {manager.py:1016} ERROR - Processor for /opt/airflow/dags/data_extracter_dag.py exited with return code 1.
[2026-09-15T21:18:03.720+0000] {manager.py:1016} ERROR - Processor for /opt/airflow/dags/test.py exited with return code 1.
[2026-09-15T21:18:09.757+0000] {manager.py:878} INFO - 
================================================================================
DAG File Processing Stats

File Path                                PID    Runtime      # DAGs    # Errors  Last Runtime    Last Run
---------------------------------------  -----  ---------  --------  ----------  --------------  -------------------
/opt/airflow/dags/data_extracter_dag.py                           0          -1  0.03s           2026-09-15T21:18:03
/opt/airflow/dags/test.py                                         0          -1  0.02s           2026-09-15T21:18:03
================================================================================
[2026-09-15T21:18:34.181+0000] {manager.py:1016} ERROR - Processor for /opt/airflow/dags/data_extracter_dag.py exited with return code 1.
[2026-09-15T21:18:34.189+0000] {manager.py:1016} ERROR - Processor for /opt/airflow/dags/test.py exited with return code 1.
[2026-09-15T21:18:42.216+0000] {manager.py:878} INFO - 
================================================================================
DAG File Processing Stats

File Path                                PID    Runtime      # DAGs    # Errors  Last Runtime    Last Run
---------------------------------------  -----  ---------  --------  ----------  --------------  -------------------
/opt/airflow/dags/test.py                                         0          -1  0.01s           2026-09-15T21:18:34
/opt/airflow/dags/data_extracter_dag.py                           0          -1  0.01s           2026-09-15T21:18:34
================================================================================
[2026-09-15T21:19:04.551+0000] {manager.py:1016} ERROR - Processor for /opt/airflow/dags/data_extracter_dag.py exited with return code 1.
[2026-09-15T21:19:04.558+0000] {manager.py:1016} ERROR - Processor for /opt/airflow/dags/test.py exited with return code 1.
[2026-09-15T21:19:07.603+0000] {manager.py:1016} ERROR - Processor for /opt/airflow/dags/data_extracter_dag.py exited with return code 1.
[2026-09-15T21:19:11.635+0000] {manager.py:1016} ERROR - Processor for /opt/airflow/dags/data_extracter_dag.py exited with return code 1.
[2026-09-15T21:19:12.666+0000] {manager.py:1016} ERROR - Processor for /opt/airflow/dags/data_extracter_dag.py exited with return code 1.
[2026-09-15T21:19:13.667+0000] {manager.py:878} INFO - 
================================================================================
DAG File Processing Stats

File Path                                PID    Runtime      # DAGs    # Errors  Last Runtime    Last Run
---------------------------------------  -----  ---------  --------  ----------  --------------  -------------------
/opt/airflow/dags/data_extracter_dag.py                           0          -1  0.02s           2026-09-15T21:19:12
/opt/airflow/dags/test.py                                         0          -1  0.01s           2026-09-15T21:19:04
================================================================================
[2026-09-15T21:19:22.718+0000] {manager.py:1016} ERROR - Processor for /opt/airflow/dags/data_extracter_dag.py exited with return code 1.
[2026-09-15T21:19:25.728+0000] {manager.py:737} INFO - Searching for files in /opt/airflow/dags
[2026-09-15T21:19:25.729+0000] {manager.py:740} INFO - There are 2 files in /opt/airflow/dags
[2026-09-15T21:19:32.490+0000] {manager.py:1016} ERROR - Processor for /opt/airflow/dags/data_extracter_dag.py exited with return code 1.
[2026-09-15T21:19:36.034+0000] {manager.py:1016} ERROR - Processor for /opt/airflow/dags/test.py exited with return code 1.
[2026-09-15T21:19:48.080+0000] {manager.py:878} INFO - 
================================================================================
DAG File Processing Stats

File Path                                PID    Runtime      # DAGs    # Errors  Last Runtime    Last Run
---------------------------------------  -----  ---------  --------  ----------  --------------  -------------------
/opt/airflow/dags/test.py                                         0          -1  0.02s           2026-09-15T21:19:36
/opt/airflow/dags/data_extracter_dag.py                           0          -1  0.01s           2026-09-15T21:19:32
================================================================================
[2026-09-15T21:20:03.151+0000] {manager.py:1016} ERROR - Processor for /opt/airflow/dags/data_extracter_dag.py exited with return code 1.
[2026-09-15T21:20:06.654+0000] {manager.py:1016} ERROR - Processor for /opt/airflow/dags/test.py exited with return code 1.
[2026-09-15T21:20:19.721+0000] {manager.py:878} INFO - 
================================================================================
DAG File Processing Stats

File Path                                PID    Runtime      # DAGs    # Errors  Last Runtime    Last Run
---------------------------------------  -----  ---------  --------  ----------  --------------  -------------------
/opt/airflow/dags/test.py                                         0          -1  0.01s           2026-09-15T21:20:06
/opt/airflow/dags/data_extracter_dag.py                           0          -1  0.01s           2026-09-15T21:20:03
================================================================================
[2026-09-15T21:20:33.798+0000] {manager.py:1016} ERROR - Processor for /opt/airflow/dags/data_extracter_dag.py exited with return code 1.
[2026-09-15T21:20:40.937+0000] {manager.py:1016} ERROR - Processor for /opt/airflow/dags/test.py exited with return code 1.
[2026-09-15T21:20:55.015+0000] {manager.py:878} INFO - 
================================================================================
DAG File Processing Stats

File Path                                PID    Runtime      # DAGs    # Errors  Last Runtime    Last Run
---------------------------------------  -----  ---------  --------  ----------  --------------  -------------------
/opt/airflow/dags/data_extracter_dag.py                           0          -1  0.01s           2026-09-15T21:20:33
/opt/airflow/dags/test.py                                         0          -1  0.01s           2026-09-15T21:20:40
================================================================================
[2026-09-15T21:21:04.089+0000] {manager.py:1016} ERROR - Processor for /opt/airflow/dags/data_extracter_dag.py exited with return code 1.
[2026-09-15T21:21:11.853+0000] {manager.py:1016} ERROR - Processor for /opt/airflow/dags/test.py exited with return code 1.
[2026-09-15T21:21:25.922+0000] {manager.py:878} INFO - 
================================================================================
DAG File Processing Stats

File Path                                PID    Runtime      # DAGs    # Errors  Last Runtime    Last Run
---------------------------------------  -----  ---------  --------  ----------  --------------  -------------------
/opt/airflow/dags/data_extracter_dag.py                           0          -1  0.02s           2026-09-15T21:21:04
/opt/airflow/dags/test.py                                         0          -1  0.01s           2026-09-15T21:21:11
================================================================================
[2026-09-15T21:21:34.974+0000] {manager.py:1016} ERROR - Processor for /opt/airflow/dags/data_extracter_dag.py exited with return code 1.
[2026-09-15T21:21:44.600+0000] {manager.py:1016} ERROR - Processor for /opt/airflow/dags/test.py exited with return code 1.
[2026-09-15T21:21:50.635+0000] {manager.py:1016} ERROR - Processor for /opt/airflow/dags/data_extracter_dag.py exited with return code 1.
[2026-09-15T21:21:58.676+0000] {manager.py:878} INFO - 
================================================================================
DAG File Processing Stats

File Path                                PID    Runtime      # DAGs    # Errors  Last Runtime    Last Run
---------------------------------------  -----  ---------  --------  ----------  --------------  -------------------
/opt/airflow/dags/test.py                                         0          -1  0.02s           2026-09-15T21:21:44
/opt/airflow/dags/data_extracter_dag.py                           0          -1  0.01s           2026-09-15T21:21:50
================================================================================
[2026-09-15T21:22:00.695+0000] {manager.py:1016} ERROR - Processor for /opt/airflow/dags/data_extracter_dag.py exited with return code 1.
[2026-09-15T21:22:07.746+0000] {manager.py:1016} ERROR - Processor for /opt/airflow/dags/data_extracter_dag.py exited with return code 1.
[2026-09-15T21:22:12.778+0000] {manager.py:1016} ERROR - Processor for /opt/airflow/dags/data_extracter_dag.py exited with return code 1.
[2026-09-15T21:22:17.617+0000] {manager.py:1016} ERROR - Processor for /opt/airflow/dags/test.py exited with return code 1.
[2026-09-15T21:22:31.673+0000] {manager.py:878} INFO - 
================================================================================
DAG File Processing Stats

File Path                                PID    Runtime      # DAGs    # Errors  Last Runtime    Last Run
---------------------------------------  -----  ---------  --------  ----------  --------------  -------------------
/opt/airflow/dags/test.py                                         0          -1  0.01s           2026-09-15T21:22:17
/opt/airflow/dags/data_extracter_dag.py                           0          -1  0.01s           2026-09-15T21:22:12
================================================================================
[2026-09-15T21:22:43.751+0000] {manager.py:1016} ERROR - Processor for /opt/airflow/dags/data_extracter_dag.py exited with return code 1.
[2026-09-15T21:22:50.383+0000] {manager.py:1016} ERROR - Processor for /opt/airflow/dags/test.py exited with return code 1.
[2026-09-15T21:23:04.457+0000] {manager.py:878} INFO - 
================================================================================
DAG File Processing Stats

File Path                                PID    Runtime      # DAGs    # Errors  Last Runtime    Last Run
---------------------------------------  -----  ---------  --------  ----------  --------------  -------------------
/opt/airflow/dags/data_extracter_dag.py                           0          -1  0.02s           2026-09-15T21:22:43
/opt/airflow/dags/test.py                                         0          -1  0.01s           2026-09-15T21:22:50
================================================================================
[2026-09-15T21:23:14.524+0000] {manager.py:1016} ERROR - Processor for /opt/airflow/dags/data_extracter_dag.py exited with return code 1.
[2026-09-15T21:23:22.580+0000] {manager.py:1016} ERROR - Processor for /opt/airflow/dags/test.py exited with return code 1.
[2026-09-15T21:23:34.651+0000] {manager.py:1016} ERROR - Processor for /opt/airflow/dags/data_extracter_dag.py exited with return code 1.
[2026-09-15T21:23:36.659+0000] {manager.py:878} INFO - 
================================================================================
DAG File Processing Stats

File Path                                PID    Runtime      # DAGs    # Errors  Last Runtime    Last Run
---------------------------------------  -----  ---------  --------  ----------  --------------  -------------------
/opt/airflow/dags/data_extracter_dag.py                           0          -1  0.02s           2026-09-15T21:23:34
/opt/airflow/dags/test.py                                         0          -1  0.01s           2026-09-15T21:23:22
================================================================================
[2026-09-15T21:23:40.694+0000] {manager.py:1016} ERROR - Processor for /opt/airflow/dags/data_extracter_dag.py exited with return code 1.
[2026-09-15T21:23:42.714+0000] {manager.py:1016} ERROR - Processor for /opt/airflow/dags/data_extracter_dag.py exited with return code 1.
[2026-09-15T21:23:54.576+0000] {manager.py:1016} ERROR - Processor for /opt/airflow/dags/test.py exited with return code 1.
[2026-09-15T21:24:09.644+0000] {manager.py:878} INFO - 
================================================================================
DAG File Processing Stats

File Path                                PID    Runtime      # DAGs    # Errors  Last Runtime    Last Run
---------------------------------------  -----  ---------  --------  ----------  --------------  -------------------
/opt/airflow/dags/data_extracter_dag.py                           0          -1  0.01s           2026-09-15T21:23:42
/opt/airflow/dags/test.py                                         0          -1  0.01s           2026-09-15T21:23:54
================================================================================
[2026-09-15T21:24:13.676+0000] {manager.py:1016} ERROR - Processor for /opt/airflow/dags/data_extracter_dag.py exited with return code 1.
[2026-09-15T21:24:27.037+0000] {manager.py:737} INFO - Searching for files in /opt/airflow/dags
[2026-09-15T21:24:27.038+0000] {manager.py:740} INFO - There are 2 files in /opt/airflow/dags
[2026-09-15T21:24:27.060+0000] {manager.py:1016} ERROR - Processor for /opt/airflow/dags/test.py exited with return code 1.
[2026-09-15T21:24:42.129+0000] {manager.py:878} INFO - 
================================================================================
DAG File Processing Stats

File Path                                PID    Runtime      # DAGs    # Errors  Last Runtime    Last Run
---------------------------------------  -----  ---------  --------  ----------  --------------  -------------------
/opt/airflow/dags/data_extracter_dag.py                           0          -1  0.01s           2026-09-15T21:24:13
/opt/airflow/dags/test.py                                         0          -1  0.01s           2026-09-15T21:24:27
================================================================================
[2026-09-15T21:24:44.148+0000] {manager.py:1016} ERROR - Processor for /opt/airflow/dags/data_extracter_dag.py exited with return code 1.
[2026-09-15T21:24:59.549+0000] {manager.py:1016} ERROR - Processor for /opt/airflow/dags/test.py exited with return code 1.
[2026-09-15T21:25:14.644+0000] {manager.py:878} INFO - 
================================================================================
DAG File Processing Stats

File Path                                  PID  Runtime      # DAGs    # Errors  Last Runtime    Last Run
---------------------------------------  -----  ---------  --------  ----------  --------------  -------------------
/opt/airflow/dags/test.py                                         0          -1  0.01s           2026-09-15T21:24:59
/opt/airflow/dags/data_extracter_dag.py   3014  0.01s             0          -1  0.01s           2026-09-15T21:24:44
================================================================================
[2026-09-15T21:25:14.644+0000] {manager.py:1016} ERROR - Processor for /opt/airflow/dags/data_extracter_dag.py exited with return code 1.
[2026-09-15T21:25:32.134+0000] {manager.py:1016} ERROR - Processor for /opt/airflow/dags/test.py exited with return code 1.
[2026-09-15T21:25:45.211+0000] {manager.py:1016} ERROR - Processor for /opt/airflow/dags/data_extracter_dag.py exited with return code 1.
[2026-09-15T21:25:47.219+0000] {manager.py:878} INFO - 
================================================================================
DAG File Processing Stats

File Path                                PID    Runtime      # DAGs    # Errors  Last Runtime    Last Run
---------------------------------------  -----  ---------  --------  ----------  --------------  -------------------
/opt/airflow/dags/data_extracter_dag.py                           0          -1  0.02s           2026-09-15T21:25:45
/opt/airflow/dags/test.py                                         0          -1  0.01s           2026-09-15T21:25:32
================================================================================
[2026-09-15T21:26:00.302+0000] {manager.py:1016} ERROR - Processor for /opt/airflow/dags/data_extracter_dag.py exited with return code 1.
[2026-09-15T21:26:03.965+0000] {manager.py:1016} ERROR - Processor for /opt/airflow/dags/test.py exited with return code 1.
[2026-09-15T21:26:05.988+0000] {manager.py:1016} ERROR - Processor for /opt/airflow/dags/data_extracter_dag.py exited with return code 1.
[2026-09-15T21:26:19.074+0000] {manager.py:1016} ERROR - Processor for /opt/airflow/dags/data_extracter_dag.py exited with return code 1.
[2026-09-15T21:26:20.090+0000] {manager.py:878} INFO - 
================================================================================
DAG File Processing Stats

File Path                                  PID  Runtime      # DAGs    # Errors  Last Runtime    Last Run
---------------------------------------  -----  ---------  --------  ----------  --------------  -------------------
/opt/airflow/dags/data_extracter_dag.py   3033  0.00s             0          -1  0.02s           2026-09-15T21:26:19
/opt/airflow/dags/test.py                                         0          -1  0.01s           2026-09-15T21:26:03
================================================================================
[2026-09-15T21:26:20.095+0000] {manager.py:1016} ERROR - Processor for /opt/airflow/dags/data_extracter_dag.py exited with return code 1.
[2026-09-15T21:26:36.530+0000] {manager.py:1016} ERROR - Processor for /opt/airflow/dags/test.py exited with return code 1.
[2026-09-15T21:26:48.596+0000] {manager.py:1016} ERROR - Processor for /opt/airflow/dags/data_extracter_dag.py exited with return code 1.
[2026-09-15T21:26:52.614+0000] {manager.py:878} INFO - 
================================================================================
DAG File Processing Stats

File Path                                PID    Runtime      # DAGs    # Errors  Last Runtime    Last Run
---------------------------------------  -----  ---------  --------  ----------  --------------  -------------------
/opt/airflow/dags/data_extracter_dag.py                           0          -1  0.02s           2026-09-15T21:26:48
/opt/airflow/dags/test.py                                         0          -1  0.01s           2026-09-15T21:26:36
================================================================================
[2026-09-15T21:26:54.639+0000] {manager.py:1016} ERROR - Processor for /opt/airflow/dags/data_extracter_dag.py exited with return code 1.
[2026-09-15T21:26:59.669+0000] {manager.py:1016} ERROR - Processor for /opt/airflow/dags/data_extracter_dag.py exited with return code 1.
[2026-09-15T21:27:09.064+0000] {manager.py:1016} ERROR - Processor for /opt/airflow/dags/test.py exited with return code 1.
[2026-09-15T21:27:11.100+0000] {manager.py:1016} ERROR - Processor for /opt/airflow/dags/data_extracter_dag.py exited with return code 1.
[2026-09-15T21:27:25.163+0000] {manager.py:878} INFO - 
================================================================================
DAG File Processing Stats

File Path                                PID    Runtime      # DAGs    # Errors  Last Runtime    Last Run
---------------------------------------  -----  ---------  --------  ----------  --------------  -------------------
/opt/airflow/dags/data_extracter_dag.py                           0          -1  0.01s           2026-09-15T21:27:11
/opt/airflow/dags/test.py                                         0          -1  0.01s           2026-09-15T21:27:09
================================================================================
[2026-09-15T21:27:26.179+0000] {manager.py:1016} ERROR - Processor for /opt/airflow/dags/data_extracter_dag.py exited with return code 1.
[2026-09-15T21:27:30.202+0000] {manager.py:1016} ERROR - Processor for /opt/airflow/dags/data_extracter_dag.py exited with return code 1.
[2026-09-15T21:27:32.214+0000] {manager.py:1016} ERROR - Processor for /opt/airflow/dags/data_extracter_dag.py exited with return code 1.
[2026-09-15T21:27:38.252+0000] {manager.py:1016} ERROR - Processor for /opt/airflow/dags/data_extracter_dag.py exited with return code 1.
[2026-09-15T21:27:41.821+0000] {manager.py:1016} ERROR - Processor for /opt/airflow/dags/test.py exited with return code 1.
[2026-09-15T21:27:42.835+0000] {manager.py:1016} ERROR - Processor for /opt/airflow/dags/data_extracter_dag.py exited with return code 1.
[2026-09-15T21:27:51.882+0000] {manager.py:1016} ERROR - Processor for /opt/airflow/dags/data_extracter_dag.py exited with return code 1.
[2026-09-15T21:27:57.914+0000] {manager.py:878} INFO - 
================================================================================
DAG File Processing Stats

File Path                                PID    Runtime      # DAGs    # Errors  Last Runtime    Last Run
---------------------------------------  -----  ---------  --------  ----------  --------------  -------------------
/opt/airflow/dags/data_extracter_dag.py                           0          -1  0.01s           2026-09-15T21:27:51
/opt/airflow/dags/test.py                                         0          -1  0.01s           2026-09-15T21:27:41
================================================================================
[2026-09-15T21:28:14.647+0000] {manager.py:1016} ERROR - Processor for /opt/airflow/dags/test.py exited with return code 1.
[2026-09-15T21:28:22.693+0000] {manager.py:1016} ERROR - Processor for /opt/airflow/dags/data_extracter_dag.py exited with return code 1.
[2026-09-15T21:28:27.730+0000] {manager.py:1016} ERROR - Processor for /opt/airflow/dags/data_extracter_dag.py exited with return code 1.
[2026-09-15T21:28:29.749+0000] {manager.py:1016} ERROR - Processor for /opt/airflow/dags/data_extracter_dag.py exited with return code 1.
[2026-09-15T21:28:30.751+0000] {manager.py:878} INFO - 
================================================================================
DAG File Processing Stats

File Path                                PID    Runtime      # DAGs    # Errors  Last Runtime    Last Run
---------------------------------------  -----  ---------  --------  ----------  --------------  -------------------
/opt/airflow/dags/test.py                                         0          -1  0.01s           2026-09-15T21:28:14
/opt/airflow/dags/data_extracter_dag.py                           0          -1  0.01s           2026-09-15T21:28:29
================================================================================
[2026-09-15T21:28:32.772+0000] {manager.py:1016} ERROR - Processor for /opt/airflow/dags/data_extracter_dag.py exited with return code 1.
[2026-09-15T21:28:34.800+0000] {manager.py:1016} ERROR - Processor for /opt/airflow/dags/data_extracter_dag.py exited with return code 1.
[2026-09-15T21:28:47.326+0000] {manager.py:1016} ERROR - Processor for /opt/airflow/dags/test.py exited with return code 1.
[2026-09-15T21:28:59.400+0000] {manager.py:1016} ERROR - Processor for /opt/airflow/dags/data_extracter_dag.py exited with return code 1.
[2026-09-15T21:29:01.425+0000] {manager.py:1016} ERROR - Processor for /opt/airflow/dags/data_extracter_dag.py exited with return code 1.
[2026-09-15T21:29:03.433+0000] {manager.py:878} INFO - 
================================================================================
DAG File Processing Stats

File Path                                PID    Runtime      # DAGs    # Errors  Last Runtime    Last Run
---------------------------------------  -----  ---------  --------  ----------  --------------  -------------------
/opt/airflow/dags/data_extracter_dag.py                           0          -1  0.02s           2026-09-15T21:29:01
/opt/airflow/dags/test.py                                         0          -1  0.01s           2026-09-15T21:28:47
================================================================================
[2026-09-15T21:29:10.479+0000] {manager.py:1016} ERROR - Processor for /opt/airflow/dags/data_extracter_dag.py exited with return code 1.
[2026-09-15T21:29:18.939+0000] {manager.py:1016} ERROR - Processor for /opt/airflow/dags/test.py exited with return code 1.
[2026-09-15T21:29:25.986+0000] {manager.py:1016} ERROR - Processor for /opt/airflow/dags/data_extracter_dag.py exited with return code 1.
[2026-09-15T21:29:27.991+0000] {manager.py:737} INFO - Searching for files in /opt/airflow/dags
[2026-09-15T21:29:27.993+0000] {manager.py:740} INFO - There are 2 files in /opt/airflow/dags
[2026-09-15T21:29:30.051+0000] {manager.py:1016} ERROR - Processor for /opt/airflow/dags/data_extracter_dag.py exited with return code 1.
[2026-09-15T21:29:36.072+0000] {manager.py:878} INFO - 
================================================================================
DAG File Processing Stats

File Path                                PID    Runtime      # DAGs    # Errors  Last Runtime    Last Run
---------------------------------------  -----  ---------  --------  ----------  --------------  -------------------
/opt/airflow/dags/test.py                                         0          -1  0.03s           2026-09-15T21:29:18
/opt/airflow/dags/data_extracter_dag.py                           0          -1  0.01s           2026-09-15T21:29:30
================================================================================
[2026-09-15T21:29:42.111+0000] {manager.py:1016} ERROR - Processor for /opt/airflow/dags/data_extracter_dag.py exited with return code 1.
[2026-09-15T21:29:44.134+0000] {manager.py:1016} ERROR - Processor for /opt/airflow/dags/data_extracter_dag.py exited with return code 1.
[2026-09-15T21:29:48.162+0000] {manager.py:1016} ERROR - Processor for /opt/airflow/dags/data_extracter_dag.py exited with return code 1.
[2026-09-15T21:29:51.702+0000] {manager.py:1016} ERROR - Processor for /opt/airflow/dags/test.py exited with return code 1.
[2026-09-15T21:29:53.733+0000] {manager.py:1016} ERROR - Processor for /opt/airflow/dags/data_extracter_dag.py exited with return code 1.
[2026-09-15T21:29:54.748+0000] {manager.py:1016} ERROR - Processor for /opt/airflow/dags/data_extracter_dag.py exited with return code 1.
[2026-09-15T21:30:00.815+0000] {manager.py:1016} ERROR - Processor for /opt/airflow/dags/data_extracter_dag.py exited with return code 1.
[2026-09-15T21:30:02.838+0000] {manager.py:1016} ERROR - Processor for /opt/airflow/dags/data_extracter_dag.py exited with return code 1.
[2026-09-15T21:30:04.893+0000] {manager.py:1016} ERROR - Processor for /opt/airflow/dags/data_extracter_dag.py exited with return code 1.
[2026-09-15T21:30:07.919+0000] {manager.py:1016} ERROR - Processor for /opt/airflow/dags/data_extracter_dag.py exited with return code 1.
[2026-09-15T21:30:08.912+0000] {manager.py:878} INFO - 
================================================================================
DAG File Processing Stats

File Path                                PID    Runtime      # DAGs    # Errors  Last Runtime    Last Run
---------------------------------------  -----  ---------  --------  ----------  --------------  -------------------
/opt/airflow/dags/data_extracter_dag.py                           0          -1  0.02s           2026-09-15T21:30:07
/opt/airflow/dags/test.py                                         0          -1  0.01s           2026-09-15T21:29:51
================================================================================
[2026-09-15T21:30:09.929+0000] {manager.py:1016} ERROR - Processor for /opt/airflow/dags/data_extracter_dag.py exited with return code 1.
[2026-09-15T21:30:24.685+0000] {manager.py:1016} ERROR - Processor for /opt/airflow/dags/test.py exited with return code 1.
[2026-09-15T21:30:33.739+0000] {manager.py:1016} ERROR - Processor for /opt/airflow/dags/data_extracter_dag.py exited with return code 1.
[2026-09-15T21:30:40.796+0000] {manager.py:1016} ERROR - Processor for /opt/airflow/dags/data_extracter_dag.py exited with return code 1.
[2026-09-15T21:30:41.796+0000] {manager.py:878} INFO - 
================================================================================
DAG File Processing Stats

File Path                                PID    Runtime      # DAGs    # Errors  Last Runtime    Last Run
---------------------------------------  -----  ---------  --------  ----------  --------------  -------------------
/opt/airflow/dags/data_extracter_dag.py                           0          -1  0.02s           2026-09-15T21:30:40
/opt/airflow/dags/test.py                                         0          -1  0.01s           2026-09-15T21:30:24
================================================================================
[2026-09-15T21:30:57.269+0000] {manager.py:1016} ERROR - Processor for /opt/airflow/dags/test.py exited with return code 1.
[2026-09-15T21:31:11.352+0000] {manager.py:1016} ERROR - Processor for /opt/airflow/dags/data_extracter_dag.py exited with return code 1.
[2026-09-15T21:31:14.361+0000] {manager.py:878} INFO - 
================================================================================
DAG File Processing Stats

File Path                                PID    Runtime      # DAGs    # Errors  Last Runtime    Last Run
---------------------------------------  -----  ---------  --------  ----------  --------------  -------------------
/opt/airflow/dags/data_extracter_dag.py                           0          -1  0.02s           2026-09-15T21:31:11
/opt/airflow/dags/test.py                                         0          -1  0.01s           2026-09-15T21:30:57
================================================================================
[2026-09-15T21:31:30.030+0000] {manager.py:1016} ERROR - Processor for /opt/airflow/dags/test.py exited with return code 1.
[2026-09-15T21:31:42.091+0000] {manager.py:1016} ERROR - Processor for /opt/airflow/dags/data_extracter_dag.py exited with return code 1.
[2026-09-15T21:31:47.109+0000] {manager.py:878} INFO - 
================================================================================
DAG File Processing Stats

File Path                                PID    Runtime      # DAGs    # Errors  Last Runtime    Last Run
---------------------------------------  -----  ---------  --------  ----------  --------------  -------------------
/opt/airflow/dags/test.py                                         0          -1  0.02s           2026-09-15T21:31:30
/opt/airflow/dags/data_extracter_dag.py                           0          -1  0.01s           2026-09-15T21:31:42
================================================================================
[2026-09-15T21:32:02.066+0000] {manager.py:1016} ERROR - Processor for /opt/airflow/dags/test.py exited with return code 1.
[2026-09-15T21:32:12.124+0000] {manager.py:1016} ERROR - Processor for /opt/airflow/dags/data_extracter_dag.py exited with return code 1.
[2026-09-15T21:32:20.163+0000] {manager.py:878} INFO - 
================================================================================
DAG File Processing Stats

File Path                                PID    Runtime      # DAGs    # Errors  Last Runtime    Last Run
---------------------------------------  -----  ---------  --------  ----------  --------------  -------------------
/opt/airflow/dags/test.py                                         0          -1  0.01s           2026-09-15T21:32:02
/opt/airflow/dags/data_extracter_dag.py                           0          -1  0.01s           2026-09-15T21:32:12
================================================================================
[2026-09-15T21:32:35.294+0000] {manager.py:1016} ERROR - Processor for /opt/airflow/dags/test.py exited with return code 1.
[2026-09-15T21:32:42.348+0000] {manager.py:1016} ERROR - Processor for /opt/airflow/dags/data_extracter_dag.py exited with return code 1.
[2026-09-15T21:32:53.404+0000] {manager.py:878} INFO - 
================================================================================
DAG File Processing Stats

File Path                                PID    Runtime      # DAGs    # Errors  Last Runtime    Last Run
---------------------------------------  -----  ---------  --------  ----------  --------------  -------------------
/opt/airflow/dags/data_extracter_dag.py                           0          -1  0.01s           2026-09-15T21:32:42
/opt/airflow/dags/test.py                                         0          -1  0.01s           2026-09-15T21:32:35
================================================================================
[2026-09-15T21:33:08.073+0000] {manager.py:1016} ERROR - Processor for /opt/airflow/dags/test.py exited with return code 1.
[2026-09-15T21:33:13.109+0000] {manager.py:1016} ERROR - Processor for /opt/airflow/dags/data_extracter_dag.py exited with return code 1.
[2026-09-15T21:33:26.178+0000] {manager.py:878} INFO - 
================================================================================
DAG File Processing Stats

File Path                                PID    Runtime      # DAGs    # Errors  Last Runtime    Last Run
---------------------------------------  -----  ---------  --------  ----------  --------------  -------------------
/opt/airflow/dags/data_extracter_dag.py                           0          -1  0.01s           2026-09-15T21:33:13
/opt/airflow/dags/test.py                                         0          -1  0.01s           2026-09-15T21:33:08
================================================================================
[2026-09-15T21:33:40.789+0000] {manager.py:1016} ERROR - Processor for /opt/airflow/dags/test.py exited with return code 1.
[2026-09-15T21:33:43.813+0000] {manager.py:1016} ERROR - Processor for /opt/airflow/dags/data_extracter_dag.py exited with return code 1.
[2026-09-15T21:33:58.887+0000] {manager.py:878} INFO - 
================================================================================
DAG File Processing Stats

File Path                                PID    Runtime      # DAGs    # Errors  Last Runtime    Last Run
---------------------------------------  -----  ---------  --------  ----------  --------------  -------------------
/opt/airflow/dags/data_extracter_dag.py                           0          -1  0.01s           2026-09-15T21:33:43
/opt/airflow/dags/test.py                                         0          -1  0.01s           2026-09-15T21:33:40
================================================================================
[2026-09-15T21:34:13.954+0000] {manager.py:1016} ERROR - Processor for /opt/airflow/dags/data_extracter_dag.py exited with return code 1.
[2026-09-15T21:34:13.955+0000] {manager.py:1016} ERROR - Processor for /opt/airflow/dags/test.py exited with return code 1.
[2026-09-15T21:34:28.011+0000] {manager.py:737} INFO - Searching for files in /opt/airflow/dags
[2026-09-15T21:34:28.013+0000] {manager.py:740} INFO - There are 2 files in /opt/airflow/dags
[2026-09-15T21:34:32.040+0000] {manager.py:878} INFO - 
================================================================================
DAG File Processing Stats

File Path                                PID    Runtime      # DAGs    # Errors  Last Runtime    Last Run
---------------------------------------  -----  ---------  --------  ----------  --------------  -------------------
/opt/airflow/dags/data_extracter_dag.py                           0          -1  0.01s           2026-09-15T21:34:13
/opt/airflow/dags/test.py                                         0          -1  0.01s           2026-09-15T21:34:13
================================================================================
[2026-09-15T21:34:47.184+0000] {manager.py:1016} ERROR - Processor for /opt/airflow/dags/data_extracter_dag.py exited with return code 1.
[2026-09-15T21:34:47.186+0000] {manager.py:1016} ERROR - Processor for /opt/airflow/dags/test.py exited with return code 1.
[2026-09-15T21:35:05.273+0000] {manager.py:878} INFO - 
================================================================================
DAG File Processing Stats

File Path                                PID    Runtime      # DAGs    # Errors  Last Runtime    Last Run
---------------------------------------  -----  ---------  --------  ----------  --------------  -------------------
/opt/airflow/dags/data_extracter_dag.py                           0          -1  0.02s           2026-09-15T21:34:47
/opt/airflow/dags/test.py                                         0          -1  0.01s           2026-09-15T21:34:47
================================================================================
[2026-09-15T21:35:19.324+0000] {manager.py:1016} ERROR - Processor for /opt/airflow/dags/data_extracter_dag.py exited with return code 1.
[2026-09-15T21:35:19.325+0000] {manager.py:1016} ERROR - Processor for /opt/airflow/dags/test.py exited with return code 1.
[2026-09-15T21:35:38.416+0000] {manager.py:878} INFO - 
================================================================================
DAG File Processing Stats

File Path                                PID    Runtime      # DAGs    # Errors  Last Runtime    Last Run
---------------------------------------  -----  ---------  --------  ----------  --------------  -------------------
/opt/airflow/dags/data_extracter_dag.py                           0          -1  0.02s           2026-09-15T21:35:19
/opt/airflow/dags/test.py                                         0          -1  0.01s           2026-09-15T21:35:19
================================================================================
[2026-09-15T21:35:52.299+0000] {manager.py:1016} ERROR - Processor for /opt/airflow/dags/data_extracter_dag.py exited with return code 1.
[2026-09-15T21:35:52.306+0000] {manager.py:1016} ERROR - Processor for /opt/airflow/dags/test.py exited with return code 1.
[2026-09-15T21:36:11.391+0000] {manager.py:878} INFO - 
================================================================================
DAG File Processing Stats

File Path                                PID    Runtime      # DAGs    # Errors  Last Runtime    Last Run
---------------------------------------  -----  ---------  --------  ----------  --------------  -------------------
/opt/airflow/dags/data_extracter_dag.py                           0          -1  0.01s           2026-09-15T21:35:52
/opt/airflow/dags/test.py                                         0          -1  0.01s           2026-09-15T21:35:52
================================================================================
[2026-09-15T21:36:25.504+0000] {manager.py:1016} ERROR - Processor for /opt/airflow/dags/data_extracter_dag.py exited with return code 1.
[2026-09-15T21:36:25.505+0000] {manager.py:1016} ERROR - Processor for /opt/airflow/dags/test.py exited with return code 1.
[2026-09-15T21:36:44.575+0000] {manager.py:878} INFO - 
================================================================================
DAG File Processing Stats

File Path                                PID    Runtime      # DAGs    # Errors  Last Runtime    Last Run
---------------------------------------  -----  ---------  --------  ----------  --------------  -------------------
/opt/airflow/dags/data_extracter_dag.py                           0          -1  0.02s           2026-09-15T21:36:25
/opt/airflow/dags/test.py                                         0          -1  0.01s           2026-09-15T21:36:25
================================================================================
[2026-09-15T21:36:58.753+0000] {manager.py:1016} ERROR - Processor for /opt/airflow/dags/data_extracter_dag.py exited with return code 1.
[2026-09-15T21:36:58.755+0000] {manager.py:1016} ERROR - Processor for /opt/airflow/dags/test.py exited with return code 1.
[2026-09-15T21:37:17.829+0000] {manager.py:878} INFO - 
================================================================================
DAG File Processing Stats

File Path                                PID    Runtime      # DAGs    # Errors  Last Runtime    Last Run
---------------------------------------  -----  ---------  --------  ----------  --------------  -------------------
/opt/airflow/dags/data_extracter_dag.py                           0          -1  0.02s           2026-09-15T21:36:58
/opt/airflow/dags/test.py                                         0          -1  0.02s           2026-09-15T21:36:58
================================================================================
[2026-09-15T21:37:32.046+0000] {manager.py:1016} ERROR - Processor for /opt/airflow/dags/data_extracter_dag.py exited with return code 1.
[2026-09-15T21:37:32.053+0000] {manager.py:1016} ERROR - Processor for /opt/airflow/dags/test.py exited with return code 1.
[2026-09-15T21:37:51.142+0000] {manager.py:878} INFO - 
================================================================================
DAG File Processing Stats

File Path                                PID    Runtime      # DAGs    # Errors  Last Runtime    Last Run
---------------------------------------  -----  ---------  --------  ----------  --------------  -------------------
/opt/airflow/dags/test.py                                         0          -1  0.01s           2026-09-15T21:37:32
/opt/airflow/dags/data_extracter_dag.py                           0          -1  0.01s           2026-09-15T21:37:32
================================================================================
[2026-09-15T21:38:05.441+0000] {manager.py:1016} ERROR - Processor for /opt/airflow/dags/data_extracter_dag.py exited with return code 1.
[2026-09-15T21:38:05.450+0000] {manager.py:1016} ERROR - Processor for /opt/airflow/dags/test.py exited with return code 1.
[2026-09-15T21:38:24.530+0000] {manager.py:878} INFO - 
================================================================================
DAG File Processing Stats

File Path                                PID    Runtime      # DAGs    # Errors  Last Runtime    Last Run
---------------------------------------  -----  ---------  --------  ----------  --------------  -------------------
/opt/airflow/dags/test.py                                         0          -1  0.01s           2026-09-15T21:38:05
/opt/airflow/dags/data_extracter_dag.py                           0          -1  0.01s           2026-09-15T21:38:05
================================================================================
[2026-09-15T21:38:37.732+0000] {manager.py:1016} ERROR - Processor for /opt/airflow/dags/data_extracter_dag.py exited with return code 1.
[2026-09-15T21:38:37.733+0000] {manager.py:1016} ERROR - Processor for /opt/airflow/dags/test.py exited with return code 1.
[2026-09-15T21:38:57.831+0000] {manager.py:878} INFO - 
================================================================================
DAG File Processing Stats

File Path                                PID    Runtime      # DAGs    # Errors  Last Runtime    Last Run
---------------------------------------  -----  ---------  --------  ----------  --------------  -------------------
/opt/airflow/dags/data_extracter_dag.py                           0          -1  0.01s           2026-09-15T21:38:37
/opt/airflow/dags/test.py                                         0          -1  0.01s           2026-09-15T21:38:37
================================================================================
[2026-09-15T21:39:11.212+0000] {manager.py:1016} ERROR - Processor for /opt/airflow/dags/data_extracter_dag.py exited with return code 1.
[2026-09-15T21:39:11.216+0000] {manager.py:1016} ERROR - Processor for /opt/airflow/dags/test.py exited with return code 1.
[2026-09-15T21:39:28.298+0000] {manager.py:737} INFO - Searching for files in /opt/airflow/dags
[2026-09-15T21:39:28.301+0000] {manager.py:740} INFO - There are 2 files in /opt/airflow/dags
[2026-09-15T21:39:31.332+0000] {manager.py:878} INFO - 
================================================================================
DAG File Processing Stats

File Path                                PID    Runtime      # DAGs    # Errors  Last Runtime    Last Run
---------------------------------------  -----  ---------  --------  ----------  --------------  -------------------
/opt/airflow/dags/data_extracter_dag.py                           0          -1  0.02s           2026-09-15T21:39:11
/opt/airflow/dags/test.py                                         0          -1  0.01s           2026-09-15T21:39:11
================================================================================
[2026-09-15T21:39:44.409+0000] {manager.py:1016} ERROR - Processor for /opt/airflow/dags/data_extracter_dag.py exited with return code 1.
[2026-09-15T21:39:44.411+0000] {manager.py:1016} ERROR - Processor for /opt/airflow/dags/test.py exited with return code 1.
[2026-09-15T21:40:04.508+0000] {manager.py:878} INFO - 
================================================================================
DAG File Processing Stats

File Path                                PID    Runtime      # DAGs    # Errors  Last Runtime    Last Run
---------------------------------------  -----  ---------  --------  ----------  --------------  -------------------
/opt/airflow/dags/data_extracter_dag.py                           0          -1  0.02s           2026-09-15T21:39:44
/opt/airflow/dags/test.py                                         0          -1  0.01s           2026-09-15T21:39:44
================================================================================
[2026-09-15T21:40:17.604+0000] {manager.py:1016} ERROR - Processor for /opt/airflow/dags/data_extracter_dag.py exited with return code 1.
[2026-09-15T21:40:17.605+0000] {manager.py:1016} ERROR - Processor for /opt/airflow/dags/test.py exited with return code 1.
[2026-09-15T21:40:37.681+0000] {manager.py:878} INFO - 
================================================================================
DAG File Processing Stats

File Path                                PID    Runtime      # DAGs    # Errors  Last Runtime    Last Run
---------------------------------------  -----  ---------  --------  ----------  --------------  -------------------
/opt/airflow/dags/data_extracter_dag.py                           0          -1  0.02s           2026-09-15T21:40:17
/opt/airflow/dags/test.py                                         0          -1  0.01s           2026-09-15T21:40:17
================================================================================
[2026-09-15T21:40:50.908+0000] {manager.py:1016} ERROR - Processor for /opt/airflow/dags/data_extracter_dag.py exited with return code 1.
[2026-09-15T21:40:50.909+0000] {manager.py:1016} ERROR - Processor for /opt/airflow/dags/test.py exited with return code 1.
[2026-09-15T21:41:11.001+0000] {manager.py:878} INFO - 
================================================================================
DAG File Processing Stats

File Path                                PID    Runtime      # DAGs    # Errors  Last Runtime    Last Run
---------------------------------------  -----  ---------  --------  ----------  --------------  -------------------
/opt/airflow/dags/data_extracter_dag.py                           0          -1  0.02s           2026-09-15T21:40:50
/opt/airflow/dags/test.py                                         0          -1  0.01s           2026-09-15T21:40:50
================================================================================
[2026-09-15T21:41:24.304+0000] {manager.py:1016} ERROR - Processor for /opt/airflow/dags/data_extracter_dag.py exited with return code 1.
[2026-09-15T21:41:24.305+0000] {manager.py:1016} ERROR - Processor for /opt/airflow/dags/test.py exited with return code 1.
[2026-09-15T21:41:44.393+0000] {manager.py:878} INFO - 
================================================================================
DAG File Processing Stats

File Path                                PID    Runtime      # DAGs    # Errors  Last Runtime    Last Run
---------------------------------------  -----  ---------  --------  ----------  --------------  -------------------
/opt/airflow/dags/data_extracter_dag.py                           0          -1  0.02s           2026-09-15T21:41:24
/opt/airflow/dags/test.py                                         0          -1  0.01s           2026-09-15T21:41:24
================================================================================
[2026-09-15T21:41:56.814+0000] {manager.py:1016} ERROR - Processor for /opt/airflow/dags/data_extracter_dag.py exited with return code 1.
[2026-09-15T21:41:56.816+0000] {manager.py:1016} ERROR - Processor for /opt/airflow/dags/test.py exited with return code 1.
[2026-09-15T21:42:17.906+0000] {manager.py:878} INFO - 
================================================================================
DAG File Processing Stats

File Path                                PID    Runtime      # DAGs    # Errors  Last Runtime    Last Run
---------------------------------------  -----  ---------  --------  ----------  --------------  -------------------
/opt/airflow/dags/data_extracter_dag.py                           0          -1  2.36s           2026-09-15T21:41:56
/opt/airflow/dags/test.py                                         0          -1  2.36s           2026-09-15T21:41:56
================================================================================
[2026-09-15T21:42:30.152+0000] {manager.py:1016} ERROR - Processor for /opt/airflow/dags/data_extracter_dag.py exited with return code 1.
[2026-09-15T21:42:30.160+0000] {manager.py:1016} ERROR - Processor for /opt/airflow/dags/test.py exited with return code 1.
[2026-09-15T21:42:51.246+0000] {manager.py:878} INFO - 
================================================================================
DAG File Processing Stats

File Path                                PID    Runtime      # DAGs    # Errors  Last Runtime    Last Run
---------------------------------------  -----  ---------  --------  ----------  --------------  -------------------
/opt/airflow/dags/test.py                                         0          -1  0.01s           2026-09-15T21:42:30
/opt/airflow/dags/data_extracter_dag.py                           0          -1  0.01s           2026-09-15T21:42:30
================================================================================
[2026-09-15T21:43:01.169+0000] {manager.py:1016} ERROR - Processor for /opt/airflow/dags/data_extracter_dag.py exited with return code 1.
[2026-09-15T21:43:01.173+0000] {manager.py:1016} ERROR - Processor for /opt/airflow/dags/test.py exited with return code 1.
[2026-09-15T21:43:26.161+0000] {manager.py:878} INFO - 
================================================================================
DAG File Processing Stats

File Path                                PID    Runtime      # DAGs    # Errors  Last Runtime    Last Run
---------------------------------------  -----  ---------  --------  ----------  --------------  -------------------
/opt/airflow/dags/data_extracter_dag.py                           0          -1  0.02s           2026-09-15T21:43:01
/opt/airflow/dags/test.py                                         0          -1  0.01s           2026-09-15T21:43:01
================================================================================
[2026-09-15T21:43:31.197+0000] {manager.py:1016} ERROR - Processor for /opt/airflow/dags/data_extracter_dag.py exited with return code 1.
[2026-09-15T21:43:31.205+0000] {manager.py:1016} ERROR - Processor for /opt/airflow/dags/test.py exited with return code 1.
[2026-09-15T21:43:57.994+0000] {manager.py:878} INFO - 
================================================================================
DAG File Processing Stats

File Path                                PID    Runtime      # DAGs    # Errors  Last Runtime    Last Run
---------------------------------------  -----  ---------  --------  ----------  --------------  -------------------
/opt/airflow/dags/data_extracter_dag.py                           0          -1  0.01s           2026-09-15T21:43:31
/opt/airflow/dags/test.py                                         0          -1  0.01s           2026-09-15T21:43:31
================================================================================
[2026-09-15T21:44:02.029+0000] {manager.py:1016} ERROR - Processor for /opt/airflow/dags/data_extracter_dag.py exited with return code 1.
[2026-09-15T21:44:02.031+0000] {manager.py:1016} ERROR - Processor for /opt/airflow/dags/test.py exited with return code 1.
[2026-09-15T21:44:23.148+0000] {manager.py:1016} ERROR - Processor for /opt/airflow/dags/data_extracter_dag.py exited with return code 1.
[2026-09-15T21:44:26.175+0000] {manager.py:1016} ERROR - Processor for /opt/airflow/dags/data_extracter_dag.py exited with return code 1.
[2026-09-15T21:44:29.185+0000] {manager.py:737} INFO - Searching for files in /opt/airflow/dags
[2026-09-15T21:44:29.186+0000] {manager.py:740} INFO - There are 2 files in /opt/airflow/dags
[2026-09-15T21:44:31.205+0000] {manager.py:878} INFO - 
================================================================================
DAG File Processing Stats

File Path                                PID    Runtime      # DAGs    # Errors  Last Runtime    Last Run
---------------------------------------  -----  ---------  --------  ----------  --------------  -------------------
/opt/airflow/dags/test.py                                         0          -1  0.01s           2026-09-15T21:44:02
/opt/airflow/dags/data_extracter_dag.py                           0          -1  0.01s           2026-09-15T21:44:26
================================================================================
[2026-09-15T21:44:32.224+0000] {manager.py:1016} ERROR - Processor for /opt/airflow/dags/test.py exited with return code 1.
[2026-09-15T21:44:45.613+0000] {manager.py:1016} ERROR - Processor for /opt/airflow/dags/data_extracter_dag.py exited with return code 1.
[2026-09-15T21:44:56.672+0000] {manager.py:1016} ERROR - Processor for /opt/airflow/dags/data_extracter_dag.py exited with return code 1.
[2026-09-15T21:45:02.704+0000] {manager.py:1016} ERROR - Processor for /opt/airflow/dags/test.py exited with return code 1.
[2026-09-15T21:45:04.715+0000] {manager.py:878} INFO - 
================================================================================
DAG File Processing Stats

File Path                                PID    Runtime      # DAGs    # Errors  Last Runtime    Last Run
---------------------------------------  -----  ---------  --------  ----------  --------------  -------------------
/opt/airflow/dags/data_extracter_dag.py                           0          -1  0.01s           2026-09-15T21:44:56
/opt/airflow/dags/test.py                                         0          -1  0.01s           2026-09-15T21:45:02
================================================================================
[2026-09-15T21:45:26.990+0000] {manager.py:1016} ERROR - Processor for /opt/airflow/dags/data_extracter_dag.py exited with return code 1.
[2026-09-15T21:45:33.033+0000] {manager.py:1016} ERROR - Processor for /opt/airflow/dags/test.py exited with return code 1.
[2026-09-15T21:45:34.055+0000] {manager.py:1016} ERROR - Processor for /opt/airflow/dags/data_extracter_dag.py exited with return code 1.
[2026-09-15T21:45:38.069+0000] {manager.py:878} INFO - 
================================================================================
DAG File Processing Stats

File Path                                PID    Runtime      # DAGs    # Errors  Last Runtime    Last Run
---------------------------------------  -----  ---------  --------  ----------  --------------  -------------------
/opt/airflow/dags/test.py                                         0          -1  0.01s           2026-09-15T21:45:33
/opt/airflow/dags/data_extracter_dag.py                           0          -1  0.01s           2026-09-15T21:45:34
================================================================================
[2026-09-15T21:46:01.382+0000] {manager.py:1016} ERROR - Processor for /opt/airflow/dags/data_extracter_dag.py exited with return code 1.
[2026-09-15T21:46:03.393+0000] {manager.py:1016} ERROR - Processor for /opt/airflow/dags/test.py exited with return code 1.
[2026-09-15T21:46:06.419+0000] {manager.py:1016} ERROR - Processor for /opt/airflow/dags/data_extracter_dag.py exited with return code 1.
[2026-09-15T21:46:09.443+0000] {manager.py:1016} ERROR - Processor for /opt/airflow/dags/data_extracter_dag.py exited with return code 1.
[2026-09-15T21:46:11.453+0000] {manager.py:878} INFO - 
================================================================================
DAG File Processing Stats

File Path                                PID    Runtime      # DAGs    # Errors  Last Runtime    Last Run
---------------------------------------  -----  ---------  --------  ----------  --------------  -------------------
/opt/airflow/dags/test.py                                         0          -1  0.01s           2026-09-15T21:46:03
/opt/airflow/dags/data_extracter_dag.py                           0          -1  0.01s           2026-09-15T21:46:09
================================================================================
[2026-09-15T21:46:26.704+0000] {manager.py:1016} ERROR - Processor for /opt/airflow/dags/data_extracter_dag.py exited with return code 1.
[2026-09-15T21:46:33.747+0000] {manager.py:1016} ERROR - Processor for /opt/airflow/dags/test.py exited with return code 1.
[2026-09-15T21:46:44.792+0000] {manager.py:878} INFO - 
================================================================================
DAG File Processing Stats

File Path                                PID    Runtime      # DAGs    # Errors  Last Runtime    Last Run
---------------------------------------  -----  ---------  --------  ----------  --------------  -------------------
/opt/airflow/dags/data_extracter_dag.py                           0          -1  0.02s           2026-09-15T21:46:26
/opt/airflow/dags/test.py                                         0          -1  0.01s           2026-09-15T21:46:33
================================================================================
[2026-09-15T21:46:57.093+0000] {manager.py:1016} ERROR - Processor for /opt/airflow/dags/data_extracter_dag.py exited with return code 1.
[2026-09-15T21:47:04.137+0000] {manager.py:1016} ERROR - Processor for /opt/airflow/dags/test.py exited with return code 1.
[2026-09-15T21:47:18.203+0000] {manager.py:878} INFO - 
================================================================================
DAG File Processing Stats

File Path                                PID    Runtime      # DAGs    # Errors  Last Runtime    Last Run
---------------------------------------  -----  ---------  --------  ----------  --------------  -------------------
/opt/airflow/dags/data_extracter_dag.py                           0          -1  0.01s           2026-09-15T21:46:57
/opt/airflow/dags/test.py                                         0          -1  0.01s           2026-09-15T21:47:04
================================================================================
[2026-09-15T21:47:29.369+0000] {manager.py:1016} ERROR - Processor for /opt/airflow/dags/data_extracter_dag.py exited with return code 1.
[2026-09-15T21:47:34.397+0000] {manager.py:1016} ERROR - Processor for /opt/airflow/dags/test.py exited with return code 1.
[2026-09-15T21:47:46.466+0000] {manager.py:1016} ERROR - Processor for /opt/airflow/dags/data_extracter_dag.py exited with return code 1.
[2026-09-15T21:47:48.485+0000] {manager.py:1016} ERROR - Processor for /opt/airflow/dags/data_extracter_dag.py exited with return code 1.
[2026-09-15T21:47:51.498+0000] {manager.py:878} INFO - 
================================================================================
DAG File Processing Stats

File Path                                PID    Runtime      # DAGs    # Errors  Last Runtime    Last Run
---------------------------------------  -----  ---------  --------  ----------  --------------  -------------------
/opt/airflow/dags/data_extracter_dag.py                           0          -1  0.01s           2026-09-15T21:47:48
/opt/airflow/dags/test.py                                         0          -1  0.01s           2026-09-15T21:47:34
================================================================================
[2026-09-15T21:47:55.525+0000] {manager.py:1016} ERROR - Processor for /opt/airflow/dags/data_extracter_dag.py exited with return code 1.
[2026-09-15T21:48:04.870+0000] {manager.py:1016} ERROR - Processor for /opt/airflow/dags/test.py exited with return code 1.
[2026-09-15T21:48:17.940+0000] {manager.py:1016} ERROR - Processor for /opt/airflow/dags/data_extracter_dag.py exited with return code 1.
[2026-09-15T21:48:19.966+0000] {manager.py:1016} ERROR - Processor for /opt/airflow/dags/data_extracter_dag.py exited with return code 1.
[2026-09-15T21:48:24.989+0000] {manager.py:878} INFO - 
================================================================================
DAG File Processing Stats

File Path                                PID    Runtime      # DAGs    # Errors  Last Runtime    Last Run
---------------------------------------  -----  ---------  --------  ----------  --------------  -------------------
/opt/airflow/dags/data_extracter_dag.py                           0          -1  0.01s           2026-09-15T21:48:19
/opt/airflow/dags/test.py                                         0          -1  0.01s           2026-09-15T21:48:04
================================================================================
[2026-09-15T21:48:26.006+0000] {manager.py:1016} ERROR - Processor for /opt/airflow/dags/data_extracter_dag.py exited with return code 1.
[2026-09-15T21:48:36.370+0000] {manager.py:1016} ERROR - Processor for /opt/airflow/dags/test.py exited with return code 1.
[2026-09-15T21:48:38.463+0000] {manager.py:1016} ERROR - Processor for /opt/airflow/dags/data_extracter_dag.py exited with return code 1.
[2026-09-15T21:48:39.474+0000] {manager.py:1016} ERROR - Processor for /opt/airflow/dags/data_extracter_dag.py exited with return code 1.
[2026-09-15T21:48:53.547+0000] {manager.py:1016} ERROR - Processor for /opt/airflow/dags/data_extracter_dag.py exited with return code 1.
[2026-09-15T21:48:54.563+0000] {manager.py:1016} ERROR - Processor for /opt/airflow/dags/data_extracter_dag.py exited with return code 1.
[2026-09-15T21:48:57.583+0000] {manager.py:1016} ERROR - Processor for /opt/airflow/dags/data_extracter_dag.py exited with return code 1.
[2026-09-15T21:48:58.592+0000] {manager.py:878} INFO - 
================================================================================
DAG File Processing Stats

File Path                                  PID  Runtime      # DAGs    # Errors  Last Runtime    Last Run
---------------------------------------  -----  ---------  --------  ----------  --------------  -------------------
/opt/airflow/dags/test.py                                         0          -1  0.02s           2026-09-15T21:48:36
/opt/airflow/dags/data_extracter_dag.py   3402  0.00s             0          -1  0.01s           2026-09-15T21:48:57
================================================================================
[2026-09-15T21:48:58.598+0000] {manager.py:1016} ERROR - Processor for /opt/airflow/dags/data_extracter_dag.py exited with return code 1.
[2026-09-15T21:48:59.617+0000] {manager.py:1016} ERROR - Processor for /opt/airflow/dags/data_extracter_dag.py exited with return code 1.
[2026-09-15T21:49:00.633+0000] {manager.py:1016} ERROR - Processor for /opt/airflow/dags/data_extracter_dag.py exited with return code 1.
[2026-09-15T21:49:01.652+0000] {manager.py:1016} ERROR - Processor for /opt/airflow/dags/data_extracter_dag.py exited with return code 1.
[2026-09-15T21:49:02.666+0000] {manager.py:1016} ERROR - Processor for /opt/airflow/dags/data_extracter_dag.py exited with return code 1.
[2026-09-15T21:49:09.020+0000] {manager.py:1016} ERROR - Processor for /opt/airflow/dags/test.py exited with return code 1.
[2026-09-15T21:49:10.041+0000] {manager.py:1016} ERROR - Processor for /opt/airflow/dags/data_extracter_dag.py exited with return code 1.
[2026-09-15T21:49:12.065+0000] {manager.py:1016} ERROR - Processor for /opt/airflow/dags/data_extracter_dag.py exited with return code 1.
[2026-09-15T21:49:16.095+0000] {manager.py:1016} ERROR - Processor for /opt/airflow/dags/data_extracter_dag.py exited with return code 1.
[2026-09-15T21:49:30.158+0000] {manager.py:737} INFO - Searching for files in /opt/airflow/dags
[2026-09-15T21:49:30.159+0000] {manager.py:740} INFO - There are 2 files in /opt/airflow/dags
[2026-09-15T21:49:32.176+0000] {manager.py:878} INFO - 
================================================================================
DAG File Processing Stats

File Path                                PID    Runtime      # DAGs    # Errors  Last Runtime    Last Run
---------------------------------------  -----  ---------  --------  ----------  --------------  -------------------
/opt/airflow/dags/test.py                                         0          -1  0.02s           2026-09-15T21:49:09
/opt/airflow/dags/data_extracter_dag.py                           0          -1  0.01s           2026-09-15T21:49:16
================================================================================
[2026-09-15T21:49:34.199+0000] {manager.py:1016} ERROR - Processor for /opt/airflow/dags/data_extracter_dag.py exited with return code 1.
[2026-09-15T21:49:40.065+0000] {manager.py:1016} ERROR - Processor for /opt/airflow/dags/test.py exited with return code 1.
[2026-09-15T21:49:45.745+0000] {manager.py:1016} ERROR - Processor for /opt/airflow/dags/data_extracter_dag.py exited with return code 1.
[2026-09-15T21:49:48.779+0000] {manager.py:1016} ERROR - Processor for /opt/airflow/dags/data_extracter_dag.py exited with return code 1.
[2026-09-15T21:49:50.796+0000] {manager.py:1016} ERROR - Processor for /opt/airflow/dags/data_extracter_dag.py exited with return code 1.
[2026-09-15T21:49:51.812+0000] {manager.py:1016} ERROR - Processor for /opt/airflow/dags/data_extracter_dag.py exited with return code 1.
[2026-09-15T21:49:54.842+0000] {manager.py:1016} ERROR - Processor for /opt/airflow/dags/data_extracter_dag.py exited with return code 1.
[2026-09-15T21:50:00.879+0000] {manager.py:1016} ERROR - Processor for /opt/airflow/dags/data_extracter_dag.py exited with return code 1.
[2026-09-15T21:50:01.893+0000] {manager.py:1016} ERROR - Processor for /opt/airflow/dags/data_extracter_dag.py exited with return code 1.
[2026-09-15T21:50:03.904+0000] {manager.py:878} INFO - 
================================================================================
DAG File Processing Stats

File Path                                PID    Runtime      # DAGs    # Errors  Last Runtime    Last Run
---------------------------------------  -----  ---------  --------  ----------  --------------  -------------------
/opt/airflow/dags/test.py                                         0          -1  0.01s           2026-09-15T21:49:40
/opt/airflow/dags/data_extracter_dag.py                           0          -1  0.01s           2026-09-15T21:50:01
================================================================================
[2026-09-15T21:50:05.935+0000] {manager.py:1016} ERROR - Processor for /opt/airflow/dags/data_extracter_dag.py exited with return code 1.
[2026-09-15T21:50:07.955+0000] {manager.py:1016} ERROR - Processor for /opt/airflow/dags/data_extracter_dag.py exited with return code 1.
[2026-09-15T21:50:15.759+0000] {manager.py:1016} ERROR - Processor for /opt/airflow/dags/data_extracter_dag.py exited with return code 1.
[2026-09-15T21:50:15.761+0000] {manager.py:1016} ERROR - Processor for /opt/airflow/dags/test.py exited with return code 1.
[2026-09-15T21:50:16.778+0000] {manager.py:1016} ERROR - Processor for /opt/airflow/dags/data_extracter_dag.py exited with return code 1.
[2026-09-15T21:50:18.802+0000] {manager.py:1016} ERROR - Processor for /opt/airflow/dags/data_extracter_dag.py exited with return code 1.
[2026-09-15T21:50:20.824+0000] {manager.py:1016} ERROR - Processor for /opt/airflow/dags/data_extracter_dag.py exited with return code 1.
[2026-09-15T21:50:22.840+0000] {manager.py:1016} ERROR - Processor for /opt/airflow/dags/data_extracter_dag.py exited with return code 1.
[2026-09-15T21:50:31.883+0000] {manager.py:1016} ERROR - Processor for /opt/airflow/dags/data_extracter_dag.py exited with return code 1.
[2026-09-15T21:50:38.921+0000] {manager.py:878} INFO - 
================================================================================
DAG File Processing Stats

File Path                                PID    Runtime      # DAGs    # Errors  Last Runtime    Last Run
---------------------------------------  -----  ---------  --------  ----------  --------------  -------------------
/opt/airflow/dags/data_extracter_dag.py                           0          -1  0.01s           2026-09-15T21:50:31
/opt/airflow/dags/test.py                                         0          -1  0.01s           2026-09-15T21:50:15
================================================================================
[2026-09-15T21:50:43.974+0000] {manager.py:1016} ERROR - Processor for /opt/airflow/dags/data_extracter_dag.py exited with return code 1.
[2026-09-15T21:50:46.665+0000] {manager.py:1016} ERROR - Processor for /opt/airflow/dags/test.py exited with return code 1.
[2026-09-15T21:51:14.798+0000] {manager.py:878} INFO - 
================================================================================
DAG File Processing Stats

File Path                                  PID  Runtime      # DAGs    # Errors  Last Runtime    Last Run
---------------------------------------  -----  ---------  --------  ----------  --------------  -------------------
/opt/airflow/dags/data_extracter_dag.py   3455  0.00s             0          -1  0.02s           2026-09-15T21:50:43
/opt/airflow/dags/test.py                                         0          -1  0.01s           2026-09-15T21:50:46
================================================================================
[2026-09-15T21:51:14.803+0000] {manager.py:1016} ERROR - Processor for /opt/airflow/dags/data_extracter_dag.py exited with return code 1.
[2026-09-15T21:51:16.817+0000] {manager.py:1016} ERROR - Processor for /opt/airflow/dags/test.py exited with return code 1.
[2026-09-15T21:51:45.599+0000] {manager.py:1016} ERROR - Processor for /opt/airflow/dags/data_extracter_dag.py exited with return code 1.
[2026-09-15T21:51:46.606+0000] {manager.py:878} INFO - 
================================================================================
DAG File Processing Stats

File Path                                PID    Runtime      # DAGs    # Errors  Last Runtime    Last Run
---------------------------------------  -----  ---------  --------  ----------  --------------  -------------------
/opt/airflow/dags/data_extracter_dag.py                           0          -1  0.01s           2026-09-15T21:51:45
/opt/airflow/dags/test.py                                         0          -1  0.01s           2026-09-15T21:51:16
================================================================================
[2026-09-15T21:51:47.632+0000] {manager.py:1016} ERROR - Processor for /opt/airflow/dags/test.py exited with return code 1.
[2026-09-15T21:52:15.906+0000] {manager.py:1016} ERROR - Processor for /opt/airflow/dags/data_extracter_dag.py exited with return code 1.
[2026-09-15T21:52:17.923+0000] {manager.py:878} INFO - 
================================================================================
DAG File Processing Stats

File Path                                  PID  Runtime      # DAGs    # Errors  Last Runtime    Last Run
---------------------------------------  -----  ---------  --------  ----------  --------------  -------------------
/opt/airflow/dags/data_extracter_dag.py                           0          -1  0.02s           2026-09-15T21:52:15
/opt/airflow/dags/test.py                 3472  0.01s             0          -1  0.02s           2026-09-15T21:51:47
================================================================================
[2026-09-15T21:52:17.930+0000] {manager.py:1016} ERROR - Processor for /opt/airflow/dags/test.py exited with return code 1.
[2026-09-15T21:52:46.365+0000] {manager.py:1016} ERROR - Processor for /opt/airflow/dags/data_extracter_dag.py exited with return code 1.
[2026-09-15T21:52:48.385+0000] {manager.py:1016} ERROR - Processor for /opt/airflow/dags/test.py exited with return code 1.
[2026-09-15T21:52:50.396+0000] {manager.py:878} INFO - 
================================================================================
DAG File Processing Stats

File Path                                PID    Runtime      # DAGs    # Errors  Last Runtime    Last Run
---------------------------------------  -----  ---------  --------  ----------  --------------  -------------------
/opt/airflow/dags/data_extracter_dag.py                           0          -1  0.03s           2026-09-15T21:52:46
/opt/airflow/dags/test.py                                         0          -1  0.01s           2026-09-15T21:52:48
================================================================================
[2026-09-15T21:53:16.805+0000] {manager.py:1016} ERROR - Processor for /opt/airflow/dags/data_extracter_dag.py exited with return code 1.
[2026-09-15T21:53:18.826+0000] {manager.py:1016} ERROR - Processor for /opt/airflow/dags/test.py exited with return code 1.
[2026-09-15T21:53:22.851+0000] {manager.py:878} INFO - 
================================================================================
DAG File Processing Stats

File Path                                PID    Runtime      # DAGs    # Errors  Last Runtime    Last Run
---------------------------------------  -----  ---------  --------  ----------  --------------  -------------------
/opt/airflow/dags/data_extracter_dag.py                           0          -1  0.02s           2026-09-15T21:53:16
/opt/airflow/dags/test.py                                         0          -1  0.01s           2026-09-15T21:53:18
================================================================================
[2026-09-15T21:53:47.354+0000] {manager.py:1016} ERROR - Processor for /opt/airflow/dags/data_extracter_dag.py exited with return code 1.
[2026-09-15T21:53:49.373+0000] {manager.py:1016} ERROR - Processor for /opt/airflow/dags/test.py exited with return code 1.
[2026-09-15T21:53:55.401+0000] {manager.py:878} INFO - 
================================================================================
DAG File Processing Stats

File Path                                PID    Runtime      # DAGs    # Errors  Last Runtime    Last Run
---------------------------------------  -----  ---------  --------  ----------  --------------  -------------------
/opt/airflow/dags/test.py                                         0          -1  0.01s           2026-09-15T21:53:49
/opt/airflow/dags/data_extracter_dag.py                           0          -1  0.01s           2026-09-15T21:53:47
================================================================================
[2026-09-15T21:54:17.645+0000] {manager.py:1016} ERROR - Processor for /opt/airflow/dags/data_extracter_dag.py exited with return code 1.
[2026-09-15T21:54:19.665+0000] {manager.py:1016} ERROR - Processor for /opt/airflow/dags/test.py exited with return code 1.
[2026-09-15T21:54:28.705+0000] {manager.py:878} INFO - 
================================================================================
DAG File Processing Stats

File Path                                PID    Runtime      # DAGs    # Errors  Last Runtime    Last Run
---------------------------------------  -----  ---------  --------  ----------  --------------  -------------------
/opt/airflow/dags/data_extracter_dag.py                           0          -1  0.01s           2026-09-15T21:54:17
/opt/airflow/dags/test.py                                         0          -1  0.01s           2026-09-15T21:54:19
================================================================================
[2026-09-15T21:54:30.717+0000] {manager.py:737} INFO - Searching for files in /opt/airflow/dags
[2026-09-15T21:54:30.719+0000] {manager.py:740} INFO - There are 2 files in /opt/airflow/dags
[2026-09-15T21:54:48.412+0000] {manager.py:1016} ERROR - Processor for /opt/airflow/dags/data_extracter_dag.py exited with return code 1.
[2026-09-15T21:54:50.433+0000] {manager.py:1016} ERROR - Processor for /opt/airflow/dags/test.py exited with return code 1.
[2026-09-15T21:55:01.491+0000] {manager.py:878} INFO - 
================================================================================
DAG File Processing Stats

File Path                                PID    Runtime      # DAGs    # Errors  Last Runtime    Last Run
---------------------------------------  -----  ---------  --------  ----------  --------------  -------------------
/opt/airflow/dags/test.py                                         0          -1  0.01s           2026-09-15T21:54:50
/opt/airflow/dags/data_extracter_dag.py                           0          -1  0.01s           2026-09-15T21:54:48
================================================================================
[2026-09-15T21:55:18.448+0000] {manager.py:1016} ERROR - Processor for /opt/airflow/dags/data_extracter_dag.py exited with return code 1.
[2026-09-15T21:55:20.467+0000] {manager.py:1016} ERROR - Processor for /opt/airflow/dags/test.py exited with return code 1.
[2026-09-15T21:55:34.530+0000] {manager.py:878} INFO - 
================================================================================
DAG File Processing Stats

File Path                                PID    Runtime      # DAGs    # Errors  Last Runtime    Last Run
---------------------------------------  -----  ---------  --------  ----------  --------------  -------------------
/opt/airflow/dags/data_extracter_dag.py                           0          -1  0.02s           2026-09-15T21:55:18
/opt/airflow/dags/test.py                                         0          -1  0.01s           2026-09-15T21:55:20
================================================================================
[2026-09-15T21:55:48.647+0000] {manager.py:1016} ERROR - Processor for /opt/airflow/dags/data_extracter_dag.py exited with return code 1.
[2026-09-15T21:55:50.674+0000] {manager.py:1016} ERROR - Processor for /opt/airflow/dags/test.py exited with return code 1.
[2026-09-15T21:56:07.756+0000] {manager.py:878} INFO - 
================================================================================
DAG File Processing Stats

File Path                                PID    Runtime      # DAGs    # Errors  Last Runtime    Last Run
---------------------------------------  -----  ---------  --------  ----------  --------------  -------------------
/opt/airflow/dags/test.py                                         0          -1  0.01s           2026-09-15T21:55:50
/opt/airflow/dags/data_extracter_dag.py                           0          -1  0.01s           2026-09-15T21:55:48
================================================================================
[2026-09-15T21:56:11.791+0000] {manager.py:1016} ERROR - Processor for /opt/airflow/dags/data_extracter_dag.py exited with return code 1.
[2026-09-15T21:56:18.638+0000] {manager.py:1016} ERROR - Processor for /opt/airflow/dags/data_extracter_dag.py exited with return code 1.
[2026-09-15T21:56:21.665+0000] {manager.py:1016} ERROR - Processor for /opt/airflow/dags/test.py exited with return code 1.
[2026-09-15T21:56:24.697+0000] {manager.py:1016} ERROR - Processor for /opt/airflow/dags/data_extracter_dag.py exited with return code 1.
[2026-09-15T21:56:40.774+0000] {manager.py:878} INFO - 
================================================================================
DAG File Processing Stats

File Path                                PID    Runtime      # DAGs    # Errors  Last Runtime    Last Run
---------------------------------------  -----  ---------  --------  ----------  --------------  -------------------
/opt/airflow/dags/test.py                                         0          -1  0.02s           2026-09-15T21:56:21
/opt/airflow/dags/data_extracter_dag.py                           0          -1  0.01s           2026-09-15T21:56:24
================================================================================
[2026-09-15T21:56:51.773+0000] {manager.py:1016} ERROR - Processor for /opt/airflow/dags/test.py exited with return code 1.
[2026-09-15T21:56:54.802+0000] {manager.py:1016} ERROR - Processor for /opt/airflow/dags/data_extracter_dag.py exited with return code 1.
[2026-09-15T21:57:04.856+0000] {manager.py:1016} ERROR - Processor for /opt/airflow/dags/data_extracter_dag.py exited with return code 1.
[2026-09-15T21:57:08.883+0000] {manager.py:1016} ERROR - Processor for /opt/airflow/dags/data_extracter_dag.py exited with return code 1.
[2026-09-15T21:57:13.900+0000] {manager.py:878} INFO - 
================================================================================
DAG File Processing Stats

File Path                                PID    Runtime      # DAGs    # Errors  Last Runtime    Last Run
---------------------------------------  -----  ---------  --------  ----------  --------------  -------------------
/opt/airflow/dags/test.py                                         0          -1  0.01s           2026-09-15T21:56:51
/opt/airflow/dags/data_extracter_dag.py                           0          -1  0.01s           2026-09-15T21:57:08
================================================================================
[2026-09-15T21:57:15.935+0000] {manager.py:1016} ERROR - Processor for /opt/airflow/dags/data_extracter_dag.py exited with return code 1.
[2026-09-15T21:57:21.825+0000] {manager.py:1016} ERROR - Processor for /opt/airflow/dags/data_extracter_dag.py exited with return code 1.
[2026-09-15T21:57:21.839+0000] {manager.py:1016} ERROR - Processor for /opt/airflow/dags/test.py exited with return code 1.
[2026-09-15T21:57:22.852+0000] {manager.py:1016} ERROR - Processor for /opt/airflow/dags/data_extracter_dag.py exited with return code 1.
[2026-09-15T21:57:32.915+0000] {manager.py:1016} ERROR - Processor for /opt/airflow/dags/data_extracter_dag.py exited with return code 1.
[2026-09-15T21:57:36.944+0000] {manager.py:1016} ERROR - Processor for /opt/airflow/dags/data_extracter_dag.py exited with return code 1.
[2026-09-15T21:57:46.979+0000] {manager.py:878} INFO - 
================================================================================
DAG File Processing Stats

File Path                                PID    Runtime      # DAGs    # Errors  Last Runtime    Last Run
---------------------------------------  -----  ---------  --------  ----------  --------------  -------------------
/opt/airflow/dags/test.py                                         0          -1  0.02s           2026-09-15T21:57:21
/opt/airflow/dags/data_extracter_dag.py                           0          -1  0.01s           2026-09-15T21:57:36
================================================================================
[2026-09-15T21:57:54.080+0000] {manager.py:1016} ERROR - Processor for /opt/airflow/dags/test.py exited with return code 1.
[2026-09-15T21:58:07.159+0000] {manager.py:1016} ERROR - Processor for /opt/airflow/dags/data_extracter_dag.py exited with return code 1.
[2026-09-15T21:58:20.218+0000] {manager.py:878} INFO - 
================================================================================
DAG File Processing Stats

File Path                                PID    Runtime      # DAGs    # Errors  Last Runtime    Last Run
---------------------------------------  -----  ---------  --------  ----------  --------------  -------------------
/opt/airflow/dags/test.py                                         0          -1  0.01s           2026-09-15T21:57:54
/opt/airflow/dags/data_extracter_dag.py                           0          -1  0.01s           2026-09-15T21:58:07
================================================================================
[2026-09-15T21:58:27.404+0000] {manager.py:1016} ERROR - Processor for /opt/airflow/dags/test.py exited with return code 1.
[2026-09-15T21:58:37.453+0000] {manager.py:1016} ERROR - Processor for /opt/airflow/dags/data_extracter_dag.py exited with return code 1.
[2026-09-15T21:58:53.523+0000] {manager.py:878} INFO - 
================================================================================
DAG File Processing Stats

File Path                                PID    Runtime      # DAGs    # Errors  Last Runtime    Last Run
---------------------------------------  -----  ---------  --------  ----------  --------------  -------------------
/opt/airflow/dags/data_extracter_dag.py                           0          -1  0.01s           2026-09-15T21:58:37
/opt/airflow/dags/test.py                                         0          -1  0.01s           2026-09-15T21:58:27
================================================================================
[2026-09-15T21:59:00.656+0000] {manager.py:1016} ERROR - Processor for /opt/airflow/dags/test.py exited with return code 1.
[2026-09-15T21:59:07.703+0000] {manager.py:1016} ERROR - Processor for /opt/airflow/dags/data_extracter_dag.py exited with return code 1.
[2026-09-15T21:59:13.746+0000] {manager.py:1016} ERROR - Processor for /opt/airflow/dags/data_extracter_dag.py exited with return code 1.
[2026-09-15T21:59:14.765+0000] {manager.py:1016} ERROR - Processor for /opt/airflow/dags/data_extracter_dag.py exited with return code 1.
[2026-09-15T21:59:26.834+0000] {manager.py:878} INFO - 
================================================================================
DAG File Processing Stats

File Path                                PID    Runtime      # DAGs    # Errors  Last Runtime    Last Run
---------------------------------------  -----  ---------  --------  ----------  --------------  -------------------
/opt/airflow/dags/test.py                                         0          -1  0.02s           2026-09-15T21:59:00
/opt/airflow/dags/data_extracter_dag.py                           0          -1  0.01s           2026-09-15T21:59:14
================================================================================
[2026-09-15T21:59:33.938+0000] {manager.py:737} INFO - Searching for files in /opt/airflow/dags
[2026-09-15T21:59:33.941+0000] {manager.py:740} INFO - There are 2 files in /opt/airflow/dags
[2026-09-15T21:59:33.964+0000] {manager.py:1016} ERROR - Processor for /opt/airflow/dags/test.py exited with return code 1.
[2026-09-15T21:59:45.032+0000] {manager.py:1016} ERROR - Processor for /opt/airflow/dags/data_extracter_dag.py exited with return code 1.
[2026-09-15T22:00:00.105+0000] {manager.py:878} INFO - 
================================================================================
DAG File Processing Stats

File Path                                PID    Runtime      # DAGs    # Errors  Last Runtime    Last Run
---------------------------------------  -----  ---------  --------  ----------  --------------  -------------------
/opt/airflow/dags/test.py                                         0          -1  0.01s           2026-09-15T21:59:33
/opt/airflow/dags/data_extracter_dag.py                           0          -1  0.01s           2026-09-15T21:59:45
================================================================================
[2026-09-15T22:00:07.259+0000] {manager.py:1016} ERROR - Processor for /opt/airflow/dags/test.py exited with return code 1.
[2026-09-15T22:00:15.312+0000] {manager.py:1016} ERROR - Processor for /opt/airflow/dags/data_extracter_dag.py exited with return code 1.
[2026-09-15T22:00:25.370+0000] {manager.py:1016} ERROR - Processor for /opt/airflow/dags/data_extracter_dag.py exited with return code 1.
[2026-09-15T22:00:28.394+0000] {manager.py:1016} ERROR - Processor for /opt/airflow/dags/data_extracter_dag.py exited with return code 1.
[2026-09-15T22:00:29.409+0000] {manager.py:1016} ERROR - Processor for /opt/airflow/dags/data_extracter_dag.py exited with return code 1.
[2026-09-15T22:00:31.428+0000] {manager.py:1016} ERROR - Processor for /opt/airflow/dags/data_extracter_dag.py exited with return code 1.
[2026-09-15T22:00:33.430+0000] {manager.py:878} INFO - 
================================================================================
DAG File Processing Stats

File Path                                PID    Runtime      # DAGs    # Errors  Last Runtime    Last Run
---------------------------------------  -----  ---------  --------  ----------  --------------  -------------------
/opt/airflow/dags/test.py                                         0          -1  0.01s           2026-09-15T22:00:07
/opt/airflow/dags/data_extracter_dag.py                           0          -1  0.01s           2026-09-15T22:00:31
================================================================================
[2026-09-15T22:00:39.601+0000] {manager.py:1016} ERROR - Processor for /opt/airflow/dags/data_extracter_dag.py exited with return code 1.
[2026-09-15T22:00:39.602+0000] {manager.py:1016} ERROR - Processor for /opt/airflow/dags/test.py exited with return code 1.
[2026-09-15T22:00:40.619+0000] {manager.py:1016} ERROR - Processor for /opt/airflow/dags/data_extracter_dag.py exited with return code 1.
[2026-09-15T22:00:41.634+0000] {manager.py:1016} ERROR - Processor for /opt/airflow/dags/data_extracter_dag.py exited with return code 1.
[2026-09-15T22:00:42.647+0000] {manager.py:1016} ERROR - Processor for /opt/airflow/dags/data_extracter_dag.py exited with return code 1.
[2026-09-15T22:00:48.690+0000] {manager.py:1016} ERROR - Processor for /opt/airflow/dags/data_extracter_dag.py exited with return code 1.
[2026-09-15T22:00:50.712+0000] {manager.py:1016} ERROR - Processor for /opt/airflow/dags/data_extracter_dag.py exited with return code 1.
[2026-09-15T22:00:54.742+0000] {manager.py:1016} ERROR - Processor for /opt/airflow/dags/data_extracter_dag.py exited with return code 1.
[2026-09-15T22:00:57.763+0000] {manager.py:1016} ERROR - Processor for /opt/airflow/dags/data_extracter_dag.py exited with return code 1.
[2026-09-15T22:01:00.788+0000] {manager.py:1016} ERROR - Processor for /opt/airflow/dags/data_extracter_dag.py exited with return code 1.
[2026-09-15T22:01:01.804+0000] {manager.py:1016} ERROR - Processor for /opt/airflow/dags/data_extracter_dag.py exited with return code 1.
[2026-09-15T22:01:03.827+0000] {manager.py:1016} ERROR - Processor for /opt/airflow/dags/data_extracter_dag.py exited with return code 1.
[2026-09-15T22:01:06.837+0000] {manager.py:878} INFO - 
================================================================================
DAG File Processing Stats

File Path                                PID    Runtime      # DAGs    # Errors  Last Runtime    Last Run
---------------------------------------  -----  ---------  --------  ----------  --------------  -------------------
/opt/airflow/dags/test.py                                         0          -1  0.02s           2026-09-15T22:00:39
/opt/airflow/dags/data_extracter_dag.py                           0          -1  0.01s           2026-09-15T22:01:03
================================================================================
[2026-09-15T22:01:13.128+0000] {manager.py:1016} ERROR - Processor for /opt/airflow/dags/test.py exited with return code 1.
[2026-09-15T22:01:20.172+0000] {manager.py:1016} ERROR - Processor for /opt/airflow/dags/data_extracter_dag.py exited with return code 1.
[2026-09-15T22:01:34.253+0000] {manager.py:1016} ERROR - Processor for /opt/airflow/dags/data_extracter_dag.py exited with return code 1.
[2026-09-15T22:01:35.268+0000] {manager.py:1016} ERROR - Processor for /opt/airflow/dags/data_extracter_dag.py exited with return code 1.
[2026-09-15T22:01:38.308+0000] {manager.py:1016} ERROR - Processor for /opt/airflow/dags/data_extracter_dag.py exited with return code 1.
[2026-09-15T22:01:40.320+0000] {manager.py:878} INFO - 
================================================================================
DAG File Processing Stats

File Path                                  PID  Runtime      # DAGs    # Errors  Last Runtime    Last Run
---------------------------------------  -----  ---------  --------  ----------  --------------  -------------------
/opt/airflow/dags/data_extracter_dag.py   3637  0.00s             0          -1  0.02s           2026-09-15T22:01:38
/opt/airflow/dags/test.py                                         0          -1  0.01s           2026-09-15T22:01:13
================================================================================
[2026-09-15T22:01:40.326+0000] {manager.py:1016} ERROR - Processor for /opt/airflow/dags/data_extracter_dag.py exited with return code 1.
[2026-09-15T22:01:46.639+0000] {manager.py:1016} ERROR - Processor for /opt/airflow/dags/data_extracter_dag.py exited with return code 1.
[2026-09-15T22:01:46.658+0000] {manager.py:1016} ERROR - Processor for /opt/airflow/dags/test.py exited with return code 1.
[2026-09-15T22:01:48.684+0000] {manager.py:1016} ERROR - Processor for /opt/airflow/dags/data_extracter_dag.py exited with return code 1.
[2026-09-15T22:01:54.717+0000] {manager.py:1016} ERROR - Processor for /opt/airflow/dags/data_extracter_dag.py exited with return code 1.
[2026-09-15T22:01:58.756+0000] {manager.py:1016} ERROR - Processor for /opt/airflow/dags/data_extracter_dag.py exited with return code 1.
[2026-09-15T22:02:13.812+0000] {manager.py:878} INFO - 
================================================================================
DAG File Processing Stats

File Path                                PID    Runtime      # DAGs    # Errors  Last Runtime    Last Run
---------------------------------------  -----  ---------  --------  ----------  --------------  -------------------
/opt/airflow/dags/test.py                                         0          -1  0.04s           2026-09-15T22:01:46
/opt/airflow/dags/data_extracter_dag.py                           0          -1  0.02s           2026-09-15T22:01:58
================================================================================
[2026-09-15T22:02:19.172+0000] {manager.py:1016} ERROR - Processor for /opt/airflow/dags/test.py exited with return code 1.
[2026-09-15T22:02:29.218+0000] {manager.py:1016} ERROR - Processor for /opt/airflow/dags/data_extracter_dag.py exited with return code 1.
[2026-09-15T22:02:30.233+0000] {manager.py:1016} ERROR - Processor for /opt/airflow/dags/data_extracter_dag.py exited with return code 1.
[2026-09-15T22:02:31.252+0000] {manager.py:1016} ERROR - Processor for /opt/airflow/dags/data_extracter_dag.py exited with return code 1.
[2026-09-15T22:02:34.256+0000] {manager.py:1016} ERROR - Processor for /opt/airflow/dags/data_extracter_dag.py exited with return code 1.
[2026-09-15T22:02:35.275+0000] {manager.py:1016} ERROR - Processor for /opt/airflow/dags/data_extracter_dag.py exited with return code 1.
[2026-09-15T22:02:38.297+0000] {manager.py:1016} ERROR - Processor for /opt/airflow/dags/data_extracter_dag.py exited with return code 1.
[2026-09-15T22:02:44.339+0000] {manager.py:1016} ERROR - Processor for /opt/airflow/dags/data_extracter_dag.py exited with return code 1.
[2026-09-15T22:02:46.349+0000] {manager.py:1016} ERROR - Processor for /opt/airflow/dags/data_extracter_dag.py exited with return code 1.
[2026-09-15T22:02:47.353+0000] {manager.py:878} INFO - 
================================================================================
DAG File Processing Stats

File Path                                PID    Runtime      # DAGs    # Errors  Last Runtime    Last Run
---------------------------------------  -----  ---------  --------  ----------  --------------  -------------------
/opt/airflow/dags/test.py                                         0          -1  0.01s           2026-09-15T22:02:19
/opt/airflow/dags/data_extracter_dag.py                           0          -1  0.01s           2026-09-15T22:02:46
================================================================================
[2026-09-15T22:02:52.705+0000] {manager.py:1016} ERROR - Processor for /opt/airflow/dags/data_extracter_dag.py exited with return code 1.
[2026-09-15T22:02:52.713+0000] {manager.py:1016} ERROR - Processor for /opt/airflow/dags/test.py exited with return code 1.
[2026-09-15T22:02:54.733+0000] {manager.py:1016} ERROR - Processor for /opt/airflow/dags/data_extracter_dag.py exited with return code 1.
[2026-09-15T22:02:56.743+0000] {manager.py:1016} ERROR - Processor for /opt/airflow/dags/data_extracter_dag.py exited with return code 1.
[2026-09-15T22:03:00.772+0000] {manager.py:1016} ERROR - Processor for /opt/airflow/dags/data_extracter_dag.py exited with return code 1.
[2026-09-15T22:03:01.790+0000] {manager.py:1016} ERROR - Processor for /opt/airflow/dags/data_extracter_dag.py exited with return code 1.
[2026-09-15T22:03:02.807+0000] {manager.py:1016} ERROR - Processor for /opt/airflow/dags/data_extracter_dag.py exited with return code 1.
[2026-09-15T22:03:07.837+0000] {manager.py:1016} ERROR - Processor for /opt/airflow/dags/data_extracter_dag.py exited with return code 1.
[2026-09-15T22:03:20.892+0000] {manager.py:878} INFO - 
================================================================================
DAG File Processing Stats

File Path                                  PID  Runtime      # DAGs    # Errors  Last Runtime    Last Run
---------------------------------------  -----  ---------  --------  ----------  --------------  -------------------
/opt/airflow/dags/test.py                                         0          -1  0.01s           2026-09-15T22:02:52
/opt/airflow/dags/data_extracter_dag.py   3678  0.00s             0          -1  0.01s           2026-09-15T22:03:07
================================================================================
[2026-09-15T22:03:20.901+0000] {manager.py:1016} ERROR - Processor for /opt/airflow/dags/data_extracter_dag.py exited with return code 1.
[2026-09-15T22:03:26.063+0000] {manager.py:1016} ERROR - Processor for /opt/airflow/dags/test.py exited with return code 1.
[2026-09-15T22:03:27.079+0000] {manager.py:1016} ERROR - Processor for /opt/airflow/dags/data_extracter_dag.py exited with return code 1.
[2026-09-15T22:03:29.101+0000] {manager.py:1016} ERROR - Processor for /opt/airflow/dags/data_extracter_dag.py exited with return code 1.
[2026-09-15T22:03:35.135+0000] {manager.py:1016} ERROR - Processor for /opt/airflow/dags/data_extracter_dag.py exited with return code 1.
[2026-09-15T22:03:39.164+0000] {manager.py:1016} ERROR - Processor for /opt/airflow/dags/data_extracter_dag.py exited with return code 1.
[2026-09-15T22:03:42.188+0000] {manager.py:1016} ERROR - Processor for /opt/airflow/dags/data_extracter_dag.py exited with return code 1.
[2026-09-15T22:03:53.243+0000] {manager.py:1016} ERROR - Processor for /opt/airflow/dags/data_extracter_dag.py exited with return code 1.
[2026-09-15T22:03:54.248+0000] {manager.py:878} INFO - 
================================================================================
DAG File Processing Stats

File Path                                PID    Runtime      # DAGs    # Errors  Last Runtime    Last Run
---------------------------------------  -----  ---------  --------  ----------  --------------  -------------------
/opt/airflow/dags/test.py                                         0          -1  0.01s           2026-09-15T22:03:26
/opt/airflow/dags/data_extracter_dag.py                           0          -1  0.01s           2026-09-15T22:03:53
================================================================================
[2026-09-15T22:03:59.482+0000] {manager.py:1016} ERROR - Processor for /opt/airflow/dags/test.py exited with return code 1.
[2026-09-15T22:04:23.599+0000] {manager.py:1016} ERROR - Processor for /opt/airflow/dags/data_extracter_dag.py exited with return code 1.
[2026-09-15T22:04:27.613+0000] {manager.py:878} INFO - 
================================================================================
DAG File Processing Stats

File Path                                  PID  Runtime      # DAGs    # Errors  Last Runtime    Last Run
---------------------------------------  -----  ---------  --------  ----------  --------------  -------------------
/opt/airflow/dags/data_extracter_dag.py   3700  0.00s             0          -1  0.02s           2026-09-15T22:04:23
/opt/airflow/dags/test.py                                         0          -1  0.01s           2026-09-15T22:03:59
================================================================================
[2026-09-15T22:04:27.619+0000] {manager.py:1016} ERROR - Processor for /opt/airflow/dags/data_extracter_dag.py exited with return code 1.
[2026-09-15T22:04:32.760+0000] {manager.py:1016} ERROR - Processor for /opt/airflow/dags/test.py exited with return code 1.
[2026-09-15T22:04:33.772+0000] {manager.py:1016} ERROR - Processor for /opt/airflow/dags/data_extracter_dag.py exited with return code 1.
[2026-09-15T22:04:34.776+0000] {manager.py:737} INFO - Searching for files in /opt/airflow/dags
[2026-09-15T22:04:34.778+0000] {manager.py:740} INFO - There are 2 files in /opt/airflow/dags
[2026-09-15T22:04:34.801+0000] {manager.py:1016} ERROR - Processor for /opt/airflow/dags/data_extracter_dag.py exited with return code 1.
[2026-09-15T22:04:37.828+0000] {manager.py:1016} ERROR - Processor for /opt/airflow/dags/data_extracter_dag.py exited with return code 1.
[2026-09-15T22:04:41.864+0000] {manager.py:1016} ERROR - Processor for /opt/airflow/dags/data_extracter_dag.py exited with return code 1.
[2026-09-15T22:04:42.880+0000] {manager.py:1016} ERROR - Processor for /opt/airflow/dags/data_extracter_dag.py exited with return code 1.
[2026-09-15T22:04:51.938+0000] {manager.py:1016} ERROR - Processor for /opt/airflow/dags/data_extracter_dag.py exited with return code 1.
[2026-09-15T22:04:56.969+0000] {manager.py:1016} ERROR - Processor for /opt/airflow/dags/data_extracter_dag.py exited with return code 1.
[2026-09-15T22:05:00.992+0000] {manager.py:878} INFO - 
================================================================================
DAG File Processing Stats

File Path                                  PID  Runtime      # DAGs    # Errors  Last Runtime    Last Run
---------------------------------------  -----  ---------  --------  ----------  --------------  -------------------
/opt/airflow/dags/test.py                                         0          -1  0.02s           2026-09-15T22:04:32
/opt/airflow/dags/data_extracter_dag.py   3715  0.00s             0          -1  0.01s           2026-09-15T22:04:56
================================================================================
[2026-09-15T22:05:00.999+0000] {manager.py:1016} ERROR - Processor for /opt/airflow/dags/data_extracter_dag.py exited with return code 1.
[2026-09-15T22:05:05.215+0000] {manager.py:1016} ERROR - Processor for /opt/airflow/dags/test.py exited with return code 1.
[2026-09-15T22:05:09.246+0000] {manager.py:1016} ERROR - Processor for /opt/airflow/dags/data_extracter_dag.py exited with return code 1.
[2026-09-15T22:05:10.260+0000] {manager.py:1016} ERROR - Processor for /opt/airflow/dags/data_extracter_dag.py exited with return code 1.
[2026-09-15T22:05:34.380+0000] {manager.py:878} INFO - 
================================================================================
DAG File Processing Stats

File Path                                PID    Runtime      # DAGs    # Errors  Last Runtime    Last Run
---------------------------------------  -----  ---------  --------  ----------  --------------  -------------------
/opt/airflow/dags/test.py                                         0          -1  0.01s           2026-09-15T22:05:05
/opt/airflow/dags/data_extracter_dag.py                           0          -1  0.01s           2026-09-15T22:05:10
================================================================================
[2026-09-15T22:05:38.595+0000] {manager.py:1016} ERROR - Processor for /opt/airflow/dags/test.py exited with return code 1.
[2026-09-15T22:05:40.613+0000] {manager.py:1016} ERROR - Processor for /opt/airflow/dags/data_extracter_dag.py exited with return code 1.
[2026-09-15T22:06:07.727+0000] {manager.py:878} INFO - 
================================================================================
DAG File Processing Stats

File Path                                PID    Runtime      # DAGs    # Errors  Last Runtime    Last Run
---------------------------------------  -----  ---------  --------  ----------  --------------  -------------------
/opt/airflow/dags/test.py                                         0          -1  0.03s           2026-09-15T22:05:38
/opt/airflow/dags/data_extracter_dag.py                           0          -1  0.01s           2026-09-15T22:05:40
================================================================================
[2026-09-15T22:06:12.024+0000] {manager.py:1016} ERROR - Processor for /opt/airflow/dags/data_extracter_dag.py exited with return code 1.
[2026-09-15T22:06:12.025+0000] {manager.py:1016} ERROR - Processor for /opt/airflow/dags/test.py exited with return code 1.
[2026-09-15T22:06:41.159+0000] {manager.py:878} INFO - 
================================================================================
DAG File Processing Stats

File Path                                PID    Runtime      # DAGs    # Errors  Last Runtime    Last Run
---------------------------------------  -----  ---------  --------  ----------  --------------  -------------------
/opt/airflow/dags/data_extracter_dag.py                           0          -1  0.02s           2026-09-15T22:06:12
/opt/airflow/dags/test.py                                         0          -1  0.01s           2026-09-15T22:06:12
================================================================================
[2026-09-15T22:06:45.237+0000] {manager.py:1016} ERROR - Processor for /opt/airflow/dags/data_extracter_dag.py exited with return code 1.
[2026-09-15T22:06:45.238+0000] {manager.py:1016} ERROR - Processor for /opt/airflow/dags/test.py exited with return code 1.
[2026-09-15T22:07:14.373+0000] {manager.py:878} INFO - 
================================================================================
DAG File Processing Stats

File Path                                PID    Runtime      # DAGs    # Errors  Last Runtime    Last Run
---------------------------------------  -----  ---------  --------  ----------  --------------  -------------------
/opt/airflow/dags/data_extracter_dag.py                           0          -1  0.02s           2026-09-15T22:06:45
/opt/airflow/dags/test.py                                         0          -1  0.01s           2026-09-15T22:06:45
================================================================================
[2026-09-15T22:07:18.672+0000] {manager.py:1016} ERROR - Processor for /opt/airflow/dags/data_extracter_dag.py exited with return code 1.
[2026-09-15T22:07:18.676+0000] {manager.py:1016} ERROR - Processor for /opt/airflow/dags/test.py exited with return code 1.
[2026-09-15T22:07:47.816+0000] {manager.py:878} INFO - 
================================================================================
DAG File Processing Stats

File Path                                PID    Runtime      # DAGs    # Errors  Last Runtime    Last Run
---------------------------------------  -----  ---------  --------  ----------  --------------  -------------------
/opt/airflow/dags/data_extracter_dag.py                           0          -1  0.02s           2026-09-15T22:07:18
/opt/airflow/dags/test.py                                         0          -1  0.02s           2026-09-15T22:07:18
================================================================================
[2026-09-15T22:07:52.089+0000] {manager.py:1016} ERROR - Processor for /opt/airflow/dags/data_extracter_dag.py exited with return code 1.
[2026-09-15T22:07:52.097+0000] {manager.py:1016} ERROR - Processor for /opt/airflow/dags/test.py exited with return code 1.
[2026-09-15T22:08:22.156+0000] {manager.py:878} INFO - 
================================================================================
DAG File Processing Stats

File Path                                  PID  Runtime      # DAGs    # Errors  Last Runtime    Last Run
---------------------------------------  -----  ---------  --------  ----------  --------------  -------------------
/opt/airflow/dags/test.py                 3767  0.00s             0          -1  0.01s           2026-09-15T22:07:52
/opt/airflow/dags/data_extracter_dag.py   3766  0.01s             0          -1  0.01s           2026-09-15T22:07:52
================================================================================
[2026-09-15T22:08:22.157+0000] {manager.py:1016} ERROR - Processor for /opt/airflow/dags/data_extracter_dag.py exited with return code 1.
[2026-09-15T22:08:22.162+0000] {manager.py:1016} ERROR - Processor for /opt/airflow/dags/test.py exited with return code 1.
[2026-09-15T22:08:52.624+0000] {manager.py:1016} ERROR - Processor for /opt/airflow/dags/data_extracter_dag.py exited with return code 1.
[2026-09-15T22:08:52.626+0000] {manager.py:1016} ERROR - Processor for /opt/airflow/dags/test.py exited with return code 1.
[2026-09-15T22:08:57.944+0000] {manager.py:878} INFO - 
================================================================================
DAG File Processing Stats

File Path                                PID    Runtime      # DAGs    # Errors  Last Runtime    Last Run
---------------------------------------  -----  ---------  --------  ----------  --------------  -------------------
/opt/airflow/dags/data_extracter_dag.py                           0          -1  0.01s           2026-09-15T22:08:52
/opt/airflow/dags/test.py                                         0          -1  0.01s           2026-09-15T22:08:52
================================================================================
[2026-09-15T22:09:23.056+0000] {manager.py:1016} ERROR - Processor for /opt/airflow/dags/data_extracter_dag.py exited with return code 1.
[2026-09-15T22:09:23.063+0000] {manager.py:1016} ERROR - Processor for /opt/airflow/dags/test.py exited with return code 1.
[2026-09-15T22:09:31.288+0000] {manager.py:878} INFO - 
================================================================================
DAG File Processing Stats

File Path                                PID    Runtime      # DAGs    # Errors  Last Runtime    Last Run
---------------------------------------  -----  ---------  --------  ----------  --------------  -------------------
/opt/airflow/dags/data_extracter_dag.py                           0          -1  0.01s           2026-09-15T22:09:23
/opt/airflow/dags/test.py                                         0          -1  0.01s           2026-09-15T22:09:23
================================================================================
[2026-09-15T22:09:35.309+0000] {manager.py:737} INFO - Searching for files in /opt/airflow/dags
[2026-09-15T22:09:35.311+0000] {manager.py:740} INFO - There are 2 files in /opt/airflow/dags
[2026-09-15T22:09:49.395+0000] {manager.py:1016} ERROR - Processor for /opt/airflow/dags/data_extracter_dag.py exited with return code 1.
[2026-09-15T22:09:50.406+0000] {manager.py:1016} ERROR - Processor for /opt/airflow/dags/data_extracter_dag.py exited with return code 1.
[2026-09-15T22:09:52.425+0000] {manager.py:1016} ERROR - Processor for /opt/airflow/dags/data_extracter_dag.py exited with return code 1.
[2026-09-15T22:09:53.441+0000] {manager.py:1016} ERROR - Processor for /opt/airflow/dags/test.py exited with return code 1.
[2026-09-15T22:09:58.478+0000] {manager.py:1016} ERROR - Processor for /opt/airflow/dags/data_extracter_dag.py exited with return code 1.
[2026-09-15T22:10:04.750+0000] {manager.py:878} INFO - 
================================================================================
DAG File Processing Stats

File Path                                PID    Runtime      # DAGs    # Errors  Last Runtime    Last Run
---------------------------------------  -----  ---------  --------  ----------  --------------  -------------------
/opt/airflow/dags/data_extracter_dag.py                           0          -1  0.01s           2026-09-15T22:09:58
/opt/airflow/dags/test.py                                         0          -1  0.01s           2026-09-15T22:09:53
================================================================================
[2026-09-15T22:10:08.780+0000] {manager.py:1016} ERROR - Processor for /opt/airflow/dags/data_extracter_dag.py exited with return code 1.
[2026-09-15T22:10:11.801+0000] {manager.py:1016} ERROR - Processor for /opt/airflow/dags/data_extracter_dag.py exited with return code 1.
[2026-09-15T22:10:23.986+0000] {manager.py:1016} ERROR - Processor for /opt/airflow/dags/test.py exited with return code 1.
[2026-09-15T22:10:30.005+0000] {manager.py:1016} ERROR - Processor for /opt/airflow/dags/data_extracter_dag.py exited with return code 1.
[2026-09-15T22:10:38.211+0000] {manager.py:878} INFO - 
================================================================================
DAG File Processing Stats

File Path                                PID    Runtime      # DAGs    # Errors  Last Runtime    Last Run
---------------------------------------  -----  ---------  --------  ----------  --------------  -------------------
/opt/airflow/dags/test.py                                         0          -1  0.11s           2026-09-15T22:10:23
/opt/airflow/dags/data_extracter_dag.py                           0          -1  0.01s           2026-09-15T22:10:30
================================================================================
[2026-09-15T22:10:39.230+0000] {manager.py:1016} ERROR - Processor for /opt/airflow/dags/data_extracter_dag.py exited with return code 1.
[2026-09-15T22:10:40.242+0000] {manager.py:1016} ERROR - Processor for /opt/airflow/dags/data_extracter_dag.py exited with return code 1.
[2026-09-15T22:10:54.316+0000] {manager.py:1016} ERROR - Processor for /opt/airflow/dags/test.py exited with return code 1.
[2026-09-15T22:11:11.562+0000] {manager.py:878} INFO - 
================================================================================
DAG File Processing Stats

File Path                                  PID  Runtime      # DAGs    # Errors  Last Runtime    Last Run
---------------------------------------  -----  ---------  --------  ----------  --------------  -------------------
/opt/airflow/dags/test.py                                         0          -1  0.01s           2026-09-15T22:10:54
/opt/airflow/dags/data_extracter_dag.py   3820  0.00s             0          -1  0.01s           2026-09-15T22:10:40
================================================================================
[2026-09-15T22:11:11.571+0000] {manager.py:1016} ERROR - Processor for /opt/airflow/dags/data_extracter_dag.py exited with return code 1.
[2026-09-15T22:11:24.639+0000] {manager.py:1016} ERROR - Processor for /opt/airflow/dags/test.py exited with return code 1.
[2026-09-15T22:11:41.724+0000] {manager.py:1016} ERROR - Processor for /opt/airflow/dags/data_extracter_dag.py exited with return code 1.
[2026-09-15T22:11:42.727+0000] {manager.py:878} INFO - 
================================================================================
DAG File Processing Stats

File Path                                PID    Runtime      # DAGs    # Errors  Last Runtime    Last Run
---------------------------------------  -----  ---------  --------  ----------  --------------  -------------------
/opt/airflow/dags/test.py                                         0          -1  0.01s           2026-09-15T22:11:24
/opt/airflow/dags/data_extracter_dag.py                           0          -1  0.01s           2026-09-15T22:11:41
================================================================================
[2026-09-15T22:11:54.718+0000] {manager.py:452} INFO - Exiting gracefully upon receiving signal 15
[2026-09-15T22:12:52.453+0000] {manager.py:470} INFO - Processing files using up to 2 processes at a time 
[2026-09-15T22:12:52.454+0000] {manager.py:471} INFO - Process each file at most once every 30 seconds
[2026-09-15T22:12:52.454+0000] {manager.py:472} INFO - Checking for new files in /opt/airflow/dags every 300 seconds
[2026-09-15T22:12:52.454+0000] {manager.py:737} INFO - Searching for files in /opt/airflow/dags
[2026-09-15T22:12:52.456+0000] {manager.py:740} INFO - There are 1 files in /opt/airflow/dags
[2026-09-15T22:12:52.591+0000] {manager.py:878} INFO - 
================================================================================
DAG File Processing Stats

File Path                                  PID  Runtime      # DAGs    # Errors  Last Runtime    Last Run
---------------------------------------  -----  ---------  --------  ----------  --------------  ----------
/opt/airflow/dags/data_extracter_dag.py     48  0.05s             0           0
================================================================================
[2026-09-15T22:13:25.354+0000] {manager.py:878} INFO - 
================================================================================
DAG File Processing Stats

File Path                                PID    Runtime      # DAGs    # Errors  Last Runtime    Last Run
---------------------------------------  -----  ---------  --------  ----------  --------------  -------------------
/opt/airflow/dags/data_extracter_dag.py                           1           0  0.41s           2026-09-15T22:13:23
================================================================================
[2026-09-15T22:13:57.782+0000] {manager.py:878} INFO - 
================================================================================
DAG File Processing Stats

File Path                                PID    Runtime      # DAGs    # Errors  Last Runtime    Last Run
---------------------------------------  -----  ---------  --------  ----------  --------------  -------------------
/opt/airflow/dags/data_extracter_dag.py                           1           0  0.12s           2026-09-15T22:13:53
================================================================================
[2026-09-15T22:14:28.232+0000] {manager.py:878} INFO - 
================================================================================
DAG File Processing Stats

File Path                                PID    Runtime      # DAGs    # Errors  Last Runtime    Last Run
---------------------------------------  -----  ---------  --------  ----------  --------------  -------------------
/opt/airflow/dags/data_extracter_dag.py                           1           0  0.10s           2026-09-15T22:14:24
================================================================================
[2026-09-15T22:15:02.911+0000] {manager.py:878} INFO - 
================================================================================
DAG File Processing Stats

File Path                                PID    Runtime      # DAGs    # Errors  Last Runtime    Last Run
---------------------------------------  -----  ---------  --------  ----------  --------------  -------------------
/opt/airflow/dags/data_extracter_dag.py                           1           0  0.10s           2026-09-15T22:14:54
================================================================================
[2026-09-15T22:15:36.383+0000] {manager.py:878} INFO - 
================================================================================
DAG File Processing Stats

File Path                                PID    Runtime      # DAGs    # Errors  Last Runtime    Last Run
---------------------------------------  -----  ---------  --------  ----------  --------------  -------------------
/opt/airflow/dags/data_extracter_dag.py                           1           0  0.09s           2026-09-15T22:15:25
================================================================================
[2026-09-15T22:16:09.118+0000] {manager.py:878} INFO - 
================================================================================
DAG File Processing Stats

File Path                                PID    Runtime      # DAGs    # Errors  Last Runtime    Last Run
---------------------------------------  -----  ---------  --------  ----------  --------------  -------------------
/opt/airflow/dags/data_extracter_dag.py                           1           0  0.18s           2026-09-15T22:15:55
================================================================================
[2026-09-15T22:16:41.965+0000] {manager.py:878} INFO - 
================================================================================
DAG File Processing Stats

File Path                                PID    Runtime      # DAGs    # Errors  Last Runtime    Last Run
---------------------------------------  -----  ---------  --------  ----------  --------------  -------------------
/opt/airflow/dags/data_extracter_dag.py                           1           0  0.12s           2026-09-15T22:16:26
================================================================================
[2026-09-16T08:27:46.889+0000] {manager.py:470} INFO - Processing files using up to 2 processes at a time 
[2026-09-16T08:27:46.890+0000] {manager.py:471} INFO - Process each file at most once every 30 seconds
[2026-09-16T08:27:46.890+0000] {manager.py:472} INFO - Checking for new files in /opt/airflow/dags every 300 seconds
[2026-09-16T08:27:46.890+0000] {manager.py:737} INFO - Searching for files in /opt/airflow/dags
[2026-09-16T08:27:46.893+0000] {manager.py:740} INFO - There are 1 files in /opt/airflow/dags
[2026-09-16T08:27:47.058+0000] {manager.py:878} INFO - 
================================================================================
DAG File Processing Stats

File Path                                  PID  Runtime      # DAGs    # Errors  Last Runtime    Last Run
---------------------------------------  -----  ---------  --------  ----------  --------------  ----------
/opt/airflow/dags/data_extracter_dag.py     42  0.04s             0           0
================================================================================
[2026-09-16T08:28:19.558+0000] {manager.py:878} INFO - 
================================================================================
DAG File Processing Stats

File Path                                PID    Runtime      # DAGs    # Errors  Last Runtime    Last Run
---------------------------------------  -----  ---------  --------  ----------  --------------  -------------------
/opt/airflow/dags/data_extracter_dag.py                           1           0  0.13s           2026-09-16T08:28:17
================================================================================
[2026-09-16T08:28:51.947+0000] {manager.py:878} INFO - 
================================================================================
DAG File Processing Stats

File Path                                PID    Runtime      # DAGs    # Errors  Last Runtime    Last Run
---------------------------------------  -----  ---------  --------  ----------  --------------  -------------------
/opt/airflow/dags/data_extracter_dag.py                           1           0  0.10s           2026-09-16T08:28:48
================================================================================
[2026-09-16T08:29:24.563+0000] {manager.py:878} INFO - 
================================================================================
DAG File Processing Stats

File Path                                PID    Runtime      # DAGs    # Errors  Last Runtime    Last Run
---------------------------------------  -----  ---------  --------  ----------  --------------  -------------------
/opt/airflow/dags/data_extracter_dag.py                           1           0  0.10s           2026-09-16T08:29:18
================================================================================
[2026-09-16T08:29:57.064+0000] {manager.py:878} INFO - 
================================================================================
DAG File Processing Stats

File Path                                PID    Runtime      # DAGs    # Errors  Last Runtime    Last Run
---------------------------------------  -----  ---------  --------  ----------  --------------  -------------------
/opt/airflow/dags/data_extracter_dag.py                           1           0  0.09s           2026-09-16T08:29:49
================================================================================
[2026-09-16T08:30:29.564+0000] {manager.py:878} INFO - 
================================================================================
DAG File Processing Stats

File Path                                PID    Runtime      # DAGs    # Errors  Last Runtime    Last Run
---------------------------------------  -----  ---------  --------  ----------  --------------  -------------------
/opt/airflow/dags/data_extracter_dag.py                           1           0  0.11s           2026-09-16T08:30:19
================================================================================
[2026-09-16T08:31:02.342+0000] {manager.py:878} INFO - 
================================================================================
DAG File Processing Stats

File Path                                PID    Runtime      # DAGs    # Errors  Last Runtime    Last Run
---------------------------------------  -----  ---------  --------  ----------  --------------  -------------------
/opt/airflow/dags/data_extracter_dag.py                           1           0  0.10s           2026-09-16T08:30:50
================================================================================
[2026-09-16T08:31:34.923+0000] {manager.py:878} INFO - 
================================================================================
DAG File Processing Stats

File Path                                PID    Runtime      # DAGs    # Errors  Last Runtime    Last Run
---------------------------------------  -----  ---------  --------  ----------  --------------  -------------------
/opt/airflow/dags/data_extracter_dag.py                           1           0  0.10s           2026-09-16T08:31:20
================================================================================
[2026-09-16T08:32:07.522+0000] {manager.py:878} INFO - 
================================================================================
DAG File Processing Stats

File Path                                PID    Runtime      # DAGs    # Errors  Last Runtime    Last Run
---------------------------------------  -----  ---------  --------  ----------  --------------  -------------------
/opt/airflow/dags/data_extracter_dag.py                           1           0  0.12s           2026-09-16T08:31:51
================================================================================
[2026-09-16T08:32:39.968+0000] {manager.py:878} INFO - 
================================================================================
DAG File Processing Stats

File Path                                PID    Runtime      # DAGs    # Errors  Last Runtime    Last Run
---------------------------------------  -----  ---------  --------  ----------  --------------  -------------------
/opt/airflow/dags/data_extracter_dag.py                           1           0  0.10s           2026-09-16T08:32:21
================================================================================
[2026-09-16T08:32:47.003+0000] {manager.py:737} INFO - Searching for files in /opt/airflow/dags
[2026-09-16T08:32:47.005+0000] {manager.py:740} INFO - There are 1 files in /opt/airflow/dags
[2026-09-16T08:33:12.872+0000] {manager.py:878} INFO - 
================================================================================
DAG File Processing Stats

File Path                                PID    Runtime      # DAGs    # Errors  Last Runtime    Last Run
---------------------------------------  -----  ---------  --------  ----------  --------------  -------------------
/opt/airflow/dags/data_extracter_dag.py                           1           0  0.11s           2026-09-16T08:32:52
================================================================================
[2026-09-16T08:33:45.398+0000] {manager.py:878} INFO - 
================================================================================
DAG File Processing Stats

File Path                                PID    Runtime      # DAGs    # Errors  Last Runtime    Last Run
---------------------------------------  -----  ---------  --------  ----------  --------------  -------------------
/opt/airflow/dags/data_extracter_dag.py                           1           0  0.10s           2026-09-16T08:33:24
================================================================================
[2026-09-16T08:34:17.898+0000] {manager.py:878} INFO - 
================================================================================
DAG File Processing Stats

File Path                                PID    Runtime      # DAGs    # Errors  Last Runtime    Last Run
---------------------------------------  -----  ---------  --------  ----------  --------------  -------------------
/opt/airflow/dags/data_extracter_dag.py                           1           0  0.11s           2026-09-16T08:33:56
================================================================================
[2026-09-16T08:34:50.519+0000] {manager.py:878} INFO - 
================================================================================
DAG File Processing Stats

File Path                                PID    Runtime      # DAGs    # Errors  Last Runtime    Last Run
---------------------------------------  -----  ---------  --------  ----------  --------------  -------------------
/opt/airflow/dags/data_extracter_dag.py                           1           0  0.10s           2026-09-16T08:34:29
================================================================================
[2026-09-16T08:35:23.079+0000] {manager.py:878} INFO - 
================================================================================
DAG File Processing Stats

File Path                                PID    Runtime      # DAGs    # Errors  Last Runtime    Last Run
---------------------------------------  -----  ---------  --------  ----------  --------------  -------------------
/opt/airflow/dags/data_extracter_dag.py                           1           0  0.57s           2026-09-16T08:35:01
================================================================================
[2026-09-16T08:35:55.650+0000] {manager.py:878} INFO - 
================================================================================
DAG File Processing Stats

File Path                                PID    Runtime      # DAGs    # Errors  Last Runtime    Last Run
---------------------------------------  -----  ---------  --------  ----------  --------------  -------------------
/opt/airflow/dags/data_extracter_dag.py                           1           0  0.15s           2026-09-16T08:35:33
================================================================================
[2026-09-16T08:36:28.318+0000] {manager.py:878} INFO - 
================================================================================
DAG File Processing Stats

File Path                                PID    Runtime      # DAGs    # Errors  Last Runtime    Last Run
---------------------------------------  -----  ---------  --------  ----------  --------------  -------------------
/opt/airflow/dags/data_extracter_dag.py                           1           0  0.09s           2026-09-16T08:36:06
================================================================================
[2026-09-16T08:37:00.883+0000] {manager.py:878} INFO - 
================================================================================
DAG File Processing Stats

File Path                                PID    Runtime      # DAGs    # Errors  Last Runtime    Last Run
---------------------------------------  -----  ---------  --------  ----------  --------------  -------------------
/opt/airflow/dags/data_extracter_dag.py                           1           0  0.11s           2026-09-16T08:36:38
================================================================================
[2026-09-16T08:37:33.462+0000] {manager.py:452} INFO - Exiting gracefully upon receiving signal 15
[2026-09-16T08:38:07.854+0000] {manager.py:470} INFO - Processing files using up to 2 processes at a time 
[2026-09-16T08:38:07.856+0000] {manager.py:471} INFO - Process each file at most once every 30 seconds
[2026-09-16T08:38:07.856+0000] {manager.py:472} INFO - Checking for new files in /opt/airflow/dags every 300 seconds
[2026-09-16T08:38:07.857+0000] {manager.py:737} INFO - Searching for files in /opt/airflow/dags
[2026-09-16T08:38:07.859+0000] {manager.py:740} INFO - There are 1 files in /opt/airflow/dags
[2026-09-16T08:38:07.997+0000] {manager.py:878} INFO - 
================================================================================
DAG File Processing Stats

File Path                                  PID  Runtime      # DAGs    # Errors  Last Runtime    Last Run
---------------------------------------  -----  ---------  --------  ----------  --------------  ----------
/opt/airflow/dags/data_extracter_dag.py     48  0.04s             0           0
================================================================================
[2026-09-16T08:38:40.625+0000] {manager.py:878} INFO - 
================================================================================
DAG File Processing Stats

File Path                                PID    Runtime      # DAGs    # Errors  Last Runtime    Last Run
---------------------------------------  -----  ---------  --------  ----------  --------------  -------------------
/opt/airflow/dags/data_extracter_dag.py                           1           0  0.15s           2026-09-16T08:38:38
================================================================================
[2026-09-16T08:39:13.057+0000] {manager.py:878} INFO - 
================================================================================
DAG File Processing Stats

File Path                                PID    Runtime      # DAGs    # Errors  Last Runtime    Last Run
---------------------------------------  -----  ---------  --------  ----------  --------------  -------------------
/opt/airflow/dags/data_extracter_dag.py                           1           0  0.10s           2026-09-16T08:39:09
================================================================================
[2026-09-16T08:39:45.973+0000] {manager.py:878} INFO - 
================================================================================
DAG File Processing Stats

File Path                                PID    Runtime      # DAGs    # Errors  Last Runtime    Last Run
---------------------------------------  -----  ---------  --------  ----------  --------------  -------------------
/opt/airflow/dags/data_extracter_dag.py                           1           0  0.10s           2026-09-16T08:39:39
================================================================================
[2026-09-16T08:40:18.532+0000] {manager.py:878} INFO - 
================================================================================
DAG File Processing Stats

File Path                                PID    Runtime      # DAGs    # Errors  Last Runtime    Last Run
---------------------------------------  -----  ---------  --------  ----------  --------------  -------------------
/opt/airflow/dags/data_extracter_dag.py                           1           0  0.11s           2026-09-16T08:40:10
================================================================================
[2026-09-16T08:40:51.155+0000] {manager.py:878} INFO - 
================================================================================
DAG File Processing Stats

File Path                                PID    Runtime      # DAGs    # Errors  Last Runtime    Last Run
---------------------------------------  -----  ---------  --------  ----------  --------------  -------------------
/opt/airflow/dags/data_extracter_dag.py                           1           0  0.16s           2026-09-16T08:40:41
================================================================================
[2026-09-16T08:41:24.063+0000] {manager.py:878} INFO - 
================================================================================
DAG File Processing Stats

File Path                                PID    Runtime      # DAGs    # Errors  Last Runtime    Last Run
---------------------------------------  -----  ---------  --------  ----------  --------------  -------------------
/opt/airflow/dags/data_extracter_dag.py                           1           0  0.09s           2026-09-16T08:41:12
================================================================================
[2026-09-16T08:41:56.699+0000] {manager.py:878} INFO - 
================================================================================
DAG File Processing Stats

File Path                                PID    Runtime      # DAGs    # Errors  Last Runtime    Last Run
---------------------------------------  -----  ---------  --------  ----------  --------------  -------------------
/opt/airflow/dags/data_extracter_dag.py                           1           0  0.09s           2026-09-16T08:41:42
================================================================================
[2026-09-16T08:42:29.359+0000] {manager.py:878} INFO - 
================================================================================
DAG File Processing Stats

File Path                                PID    Runtime      # DAGs    # Errors  Last Runtime    Last Run
---------------------------------------  -----  ---------  --------  ----------  --------------  -------------------
/opt/airflow/dags/data_extracter_dag.py                           1           0  0.09s           2026-09-16T08:42:13
================================================================================
[2026-09-16T08:43:01.964+0000] {manager.py:878} INFO - 
================================================================================
DAG File Processing Stats

File Path                                PID    Runtime      # DAGs    # Errors  Last Runtime    Last Run
---------------------------------------  -----  ---------  --------  ----------  --------------  -------------------
/opt/airflow/dags/data_extracter_dag.py                           1           0  0.10s           2026-09-16T08:42:43
================================================================================
[2026-09-16T08:43:08.420+0000] {manager.py:737} INFO - Searching for files in /opt/airflow/dags
[2026-09-16T08:43:08.422+0000] {manager.py:740} INFO - There are 1 files in /opt/airflow/dags
[2026-09-16T08:43:34.618+0000] {manager.py:878} INFO - 
================================================================================
DAG File Processing Stats

File Path                                PID    Runtime      # DAGs    # Errors  Last Runtime    Last Run
---------------------------------------  -----  ---------  --------  ----------  --------------  -------------------
/opt/airflow/dags/data_extracter_dag.py                           1           0  0.11s           2026-09-16T08:43:14
================================================================================
[2026-09-16T08:44:07.390+0000] {manager.py:878} INFO - 
================================================================================
DAG File Processing Stats

File Path                                PID    Runtime      # DAGs    # Errors  Last Runtime    Last Run
---------------------------------------  -----  ---------  --------  ----------  --------------  -------------------
/opt/airflow/dags/data_extracter_dag.py                           1           0  0.11s           2026-09-16T08:43:45
================================================================================
[2026-09-16T08:44:40.037+0000] {manager.py:878} INFO - 
================================================================================
DAG File Processing Stats

File Path                                PID    Runtime      # DAGs    # Errors  Last Runtime    Last Run
---------------------------------------  -----  ---------  --------  ----------  --------------  -------------------
/opt/airflow/dags/data_extracter_dag.py                           1           0  0.10s           2026-09-16T08:44:15
================================================================================
[2026-09-16T08:45:12.665+0000] {manager.py:878} INFO - 
================================================================================
DAG File Processing Stats

File Path                                PID    Runtime      # DAGs    # Errors  Last Runtime    Last Run
---------------------------------------  -----  ---------  --------  ----------  --------------  -------------------
/opt/airflow/dags/data_extracter_dag.py                           1           0  0.12s           2026-09-16T08:44:46
================================================================================
[2026-09-16T08:45:45.417+0000] {manager.py:878} INFO - 
================================================================================
DAG File Processing Stats

File Path                                PID    Runtime      # DAGs    # Errors  Last Runtime    Last Run
---------------------------------------  -----  ---------  --------  ----------  --------------  -------------------
/opt/airflow/dags/data_extracter_dag.py                           1           0  0.10s           2026-09-16T08:45:18
================================================================================
[2026-09-16T08:46:18.063+0000] {manager.py:878} INFO - 
================================================================================
DAG File Processing Stats

File Path                                PID    Runtime      # DAGs    # Errors  Last Runtime    Last Run
---------------------------------------  -----  ---------  --------  ----------  --------------  -------------------
/opt/airflow/dags/data_extracter_dag.py                           1           0  0.09s           2026-09-16T08:45:50
================================================================================
[2026-09-16T08:46:50.796+0000] {manager.py:878} INFO - 
================================================================================
DAG File Processing Stats

File Path                                PID    Runtime      # DAGs    # Errors  Last Runtime    Last Run
---------------------------------------  -----  ---------  --------  ----------  --------------  -------------------
/opt/airflow/dags/data_extracter_dag.py                           1           0  0.09s           2026-09-16T08:46:23
================================================================================
[2026-09-16T08:47:23.330+0000] {manager.py:878} INFO - 
================================================================================
DAG File Processing Stats

File Path                                PID    Runtime      # DAGs    # Errors  Last Runtime    Last Run
---------------------------------------  -----  ---------  --------  ----------  --------------  -------------------
/opt/airflow/dags/data_extracter_dag.py                           1           0  0.11s           2026-09-16T08:46:56
================================================================================
[2026-09-16T08:47:55.774+0000] {manager.py:878} INFO - 
================================================================================
DAG File Processing Stats

File Path                                PID    Runtime      # DAGs    # Errors  Last Runtime    Last Run
---------------------------------------  -----  ---------  --------  ----------  --------------  -------------------
/opt/airflow/dags/data_extracter_dag.py                           1           0  0.11s           2026-09-16T08:47:27
================================================================================
[2026-09-16T08:48:08.554+0000] {manager.py:737} INFO - Searching for files in /opt/airflow/dags
[2026-09-16T08:48:08.556+0000] {manager.py:740} INFO - There are 1 files in /opt/airflow/dags
[2026-09-16T08:48:28.660+0000] {manager.py:878} INFO - 
================================================================================
DAG File Processing Stats

File Path                                PID    Runtime      # DAGs    # Errors  Last Runtime    Last Run
---------------------------------------  -----  ---------  --------  ----------  --------------  -------------------
/opt/airflow/dags/data_extracter_dag.py                           1           0  0.09s           2026-09-16T08:48:00
================================================================================
[2026-09-16T08:49:01.283+0000] {manager.py:878} INFO - 
================================================================================
DAG File Processing Stats

File Path                                PID    Runtime      # DAGs    # Errors  Last Runtime    Last Run
---------------------------------------  -----  ---------  --------  ----------  --------------  -------------------
/opt/airflow/dags/data_extracter_dag.py                           1           0  0.09s           2026-09-16T08:48:33
================================================================================
[2026-09-16T08:49:33.836+0000] {manager.py:878} INFO - 
================================================================================
DAG File Processing Stats

File Path                                PID    Runtime      # DAGs    # Errors  Last Runtime    Last Run
---------------------------------------  -----  ---------  --------  ----------  --------------  -------------------
/opt/airflow/dags/data_extracter_dag.py                           1           0  0.12s           2026-09-16T08:49:05
================================================================================
[2026-09-16T08:50:06.466+0000] {manager.py:878} INFO - 
================================================================================
DAG File Processing Stats

File Path                                PID    Runtime      # DAGs    # Errors  Last Runtime    Last Run
---------------------------------------  -----  ---------  --------  ----------  --------------  -------------------
/opt/airflow/dags/data_extracter_dag.py                           1           0  0.09s           2026-09-16T08:49:38
================================================================================
[2026-09-16T08:50:39.077+0000] {manager.py:878} INFO - 
================================================================================
DAG File Processing Stats

File Path                                PID    Runtime      # DAGs    # Errors  Last Runtime    Last Run
---------------------------------------  -----  ---------  --------  ----------  --------------  -------------------
/opt/airflow/dags/data_extracter_dag.py                           1           0  0.09s           2026-09-16T08:50:11
================================================================================
[2026-09-16T08:51:11.715+0000] {manager.py:878} INFO - 
================================================================================
DAG File Processing Stats

File Path                                PID    Runtime      # DAGs    # Errors  Last Runtime    Last Run
---------------------------------------  -----  ---------  --------  ----------  --------------  -------------------
/opt/airflow/dags/data_extracter_dag.py                           1           0  0.09s           2026-09-16T08:50:42
================================================================================
[2026-09-16T08:51:44.295+0000] {manager.py:878} INFO - 
================================================================================
DAG File Processing Stats

File Path                                PID    Runtime      # DAGs    # Errors  Last Runtime    Last Run
---------------------------------------  -----  ---------  --------  ----------  --------------  -------------------
/opt/airflow/dags/data_extracter_dag.py                           1           0  0.10s           2026-09-16T08:51:15
================================================================================
[2026-09-16T08:52:16.923+0000] {manager.py:878} INFO - 
================================================================================
DAG File Processing Stats

File Path                                PID    Runtime      # DAGs    # Errors  Last Runtime    Last Run
---------------------------------------  -----  ---------  --------  ----------  --------------  -------------------
/opt/airflow/dags/data_extracter_dag.py                           1           0  0.10s           2026-09-16T08:51:47
================================================================================
[2026-09-16T08:52:49.509+0000] {manager.py:878} INFO - 
================================================================================
DAG File Processing Stats

File Path                                PID    Runtime      # DAGs    # Errors  Last Runtime    Last Run
---------------------------------------  -----  ---------  --------  ----------  --------------  -------------------
/opt/airflow/dags/data_extracter_dag.py                           1           0  0.10s           2026-09-16T08:52:20
================================================================================
[2026-09-16T08:53:09.068+0000] {manager.py:737} INFO - Searching for files in /opt/airflow/dags
[2026-09-16T08:53:09.069+0000] {manager.py:740} INFO - There are 1 files in /opt/airflow/dags
[2026-09-16T08:53:24.547+0000] {manager.py:878} INFO - 
================================================================================
DAG File Processing Stats

File Path                                  PID  Runtime      # DAGs    # Errors  Last Runtime    Last Run
---------------------------------------  -----  ---------  --------  ----------  --------------  -------------------
/opt/airflow/dags/data_extracter_dag.py    245  0.00s             1           0  0.10s           2026-09-16T08:52:53
================================================================================
[2026-09-16T08:53:57.111+0000] {manager.py:878} INFO - 
================================================================================
DAG File Processing Stats

File Path                                  PID  Runtime      # DAGs    # Errors  Last Runtime    Last Run
---------------------------------------  -----  ---------  --------  ----------  --------------  -------------------
/opt/airflow/dags/data_extracter_dag.py    252  0.00s             1           0  0.10s           2026-09-16T08:53:24
================================================================================
[2026-09-16T08:59:34.058+0000] {manager.py:737} INFO - Searching for files in /opt/airflow/dags
[2026-09-16T08:59:34.060+0000] {manager.py:740} INFO - There are 1 files in /opt/airflow/dags
[2026-09-16T08:59:51.203+0000] {manager.py:878} INFO - 
================================================================================
DAG File Processing Stats

File Path                                PID    Runtime      # DAGs    # Errors  Last Runtime    Last Run
---------------------------------------  -----  ---------  --------  ----------  --------------  -------------------
/opt/airflow/dags/data_extracter_dag.py                           1           0  0.12s           2026-09-16T08:59:34
================================================================================
[2026-09-16T09:00:23.481+0000] {manager.py:878} INFO - 
================================================================================
DAG File Processing Stats

File Path                                PID    Runtime      # DAGs    # Errors  Last Runtime    Last Run
---------------------------------------  -----  ---------  --------  ----------  --------------  -------------------
/opt/airflow/dags/data_extracter_dag.py                           1           0  0.10s           2026-09-16T09:00:04
================================================================================
[2026-09-16T09:00:55.750+0000] {manager.py:878} INFO - 
================================================================================
DAG File Processing Stats

File Path                                PID    Runtime      # DAGs    # Errors  Last Runtime    Last Run
---------------------------------------  -----  ---------  --------  ----------  --------------  -------------------
/opt/airflow/dags/data_extracter_dag.py                           1           0  0.09s           2026-09-16T09:00:34
================================================================================
[2026-09-16T09:01:28.052+0000] {manager.py:878} INFO - 
================================================================================
DAG File Processing Stats

File Path                                PID    Runtime      # DAGs    # Errors  Last Runtime    Last Run
---------------------------------------  -----  ---------  --------  ----------  --------------  -------------------
/opt/airflow/dags/data_extracter_dag.py                           1           0  0.10s           2026-09-16T09:01:04
================================================================================
[2026-09-16T09:02:00.295+0000] {manager.py:878} INFO - 
================================================================================
DAG File Processing Stats

File Path                                PID    Runtime      # DAGs    # Errors  Last Runtime    Last Run
---------------------------------------  -----  ---------  --------  ----------  --------------  -------------------
/opt/airflow/dags/data_extracter_dag.py                           1           0  0.10s           2026-09-16T09:01:35
================================================================================
[2026-09-16T09:02:32.917+0000] {manager.py:878} INFO - 
================================================================================
DAG File Processing Stats

File Path                                PID    Runtime      # DAGs    # Errors  Last Runtime    Last Run
---------------------------------------  -----  ---------  --------  ----------  --------------  -------------------
/opt/airflow/dags/data_extracter_dag.py                           1           0  0.09s           2026-09-16T09:02:05
================================================================================
[2026-09-16T09:03:05.263+0000] {manager.py:878} INFO - 
================================================================================
DAG File Processing Stats

File Path                                PID    Runtime      # DAGs    # Errors  Last Runtime    Last Run
---------------------------------------  -----  ---------  --------  ----------  --------------  -------------------
/opt/airflow/dags/data_extracter_dag.py                           1           0  0.10s           2026-09-16T09:02:36
================================================================================
[2026-09-16T09:03:37.976+0000] {manager.py:878} INFO - 
================================================================================
DAG File Processing Stats

File Path                                PID    Runtime      # DAGs    # Errors  Last Runtime    Last Run
---------------------------------------  -----  ---------  --------  ----------  --------------  -------------------
/opt/airflow/dags/data_extracter_dag.py                           1           0  0.12s           2026-09-16T09:03:37
================================================================================
[2026-09-16T09:04:10.541+0000] {manager.py:878} INFO - 
================================================================================
DAG File Processing Stats

File Path                                PID    Runtime      # DAGs    # Errors  Last Runtime    Last Run
---------------------------------------  -----  ---------  --------  ----------  --------------  -------------------
/opt/airflow/dags/data_extracter_dag.py                           1           0  0.11s           2026-09-16T09:04:08
================================================================================
[2026-09-16T09:04:34.665+0000] {manager.py:737} INFO - Searching for files in /opt/airflow/dags
[2026-09-16T09:04:34.666+0000] {manager.py:740} INFO - There are 1 files in /opt/airflow/dags
[2026-09-16T09:04:43.200+0000] {manager.py:878} INFO - 
================================================================================
DAG File Processing Stats

File Path                                PID    Runtime      # DAGs    # Errors  Last Runtime    Last Run
---------------------------------------  -----  ---------  --------  ----------  --------------  -------------------
/opt/airflow/dags/data_extracter_dag.py                           1           0  0.12s           2026-09-16T09:04:41
================================================================================
[2026-09-16T09:05:15.665+0000] {manager.py:878} INFO - 
================================================================================
DAG File Processing Stats

File Path                                PID    Runtime      # DAGs    # Errors  Last Runtime    Last Run
---------------------------------------  -----  ---------  --------  ----------  --------------  -------------------
/opt/airflow/dags/data_extracter_dag.py                           1           0  0.09s           2026-09-16T09:05:13
================================================================================
[2026-09-16T09:05:48.537+0000] {manager.py:878} INFO - 
================================================================================
DAG File Processing Stats

File Path                                PID    Runtime      # DAGs    # Errors  Last Runtime    Last Run
---------------------------------------  -----  ---------  --------  ----------  --------------  -------------------
/opt/airflow/dags/data_extracter_dag.py                           1           0  0.10s           2026-09-16T09:05:46
================================================================================
[2026-09-16T09:06:21.093+0000] {manager.py:878} INFO - 
================================================================================
DAG File Processing Stats

File Path                                PID    Runtime      # DAGs    # Errors  Last Runtime    Last Run
---------------------------------------  -----  ---------  --------  ----------  --------------  -------------------
/opt/airflow/dags/data_extracter_dag.py                           1           0  0.11s           2026-09-16T09:06:19
================================================================================
[2026-09-16T09:06:53.618+0000] {manager.py:878} INFO - 
================================================================================
DAG File Processing Stats

File Path                                PID    Runtime      # DAGs    # Errors  Last Runtime    Last Run
---------------------------------------  -----  ---------  --------  ----------  --------------  -------------------
/opt/airflow/dags/data_extracter_dag.py                           1           0  0.11s           2026-09-16T09:06:50
================================================================================
[2026-09-16T09:07:26.231+0000] {manager.py:878} INFO - 
================================================================================
DAG File Processing Stats

File Path                                PID    Runtime      # DAGs    # Errors  Last Runtime    Last Run
---------------------------------------  -----  ---------  --------  ----------  --------------  -------------------
/opt/airflow/dags/data_extracter_dag.py                           1           0  0.10s           2026-09-16T09:07:23
================================================================================
[2026-09-16T09:07:58.888+0000] {manager.py:878} INFO - 
================================================================================
DAG File Processing Stats

File Path                                PID    Runtime      # DAGs    # Errors  Last Runtime    Last Run
---------------------------------------  -----  ---------  --------  ----------  --------------  -------------------
/opt/airflow/dags/data_extracter_dag.py                           1           0  0.10s           2026-09-16T09:07:55
================================================================================
[2026-09-16T09:08:31.615+0000] {manager.py:878} INFO - 
================================================================================
DAG File Processing Stats

File Path                                PID    Runtime      # DAGs    # Errors  Last Runtime    Last Run
---------------------------------------  -----  ---------  --------  ----------  --------------  -------------------
/opt/airflow/dags/data_extracter_dag.py                           1           0  0.10s           2026-09-16T09:08:28
================================================================================
[2026-09-16T09:09:04.189+0000] {manager.py:878} INFO - 
================================================================================
DAG File Processing Stats

File Path                                PID    Runtime      # DAGs    # Errors  Last Runtime    Last Run
---------------------------------------  -----  ---------  --------  ----------  --------------  -------------------
/opt/airflow/dags/data_extracter_dag.py                           1           0  0.09s           2026-09-16T09:09:01
================================================================================
[2026-09-16T09:09:34.756+0000] {manager.py:737} INFO - Searching for files in /opt/airflow/dags
[2026-09-16T09:09:34.758+0000] {manager.py:740} INFO - There are 1 files in /opt/airflow/dags
[2026-09-16T09:09:36.780+0000] {manager.py:878} INFO - 
================================================================================
DAG File Processing Stats

File Path                                PID    Runtime      # DAGs    # Errors  Last Runtime    Last Run
---------------------------------------  -----  ---------  --------  ----------  --------------  -------------------
/opt/airflow/dags/data_extracter_dag.py                           1           0  0.09s           2026-09-16T09:09:32
================================================================================
[2026-09-16T09:10:09.561+0000] {manager.py:878} INFO - 
================================================================================
DAG File Processing Stats

File Path                                PID    Runtime      # DAGs    # Errors  Last Runtime    Last Run
---------------------------------------  -----  ---------  --------  ----------  --------------  -------------------
/opt/airflow/dags/data_extracter_dag.py                           1           0  0.09s           2026-09-16T09:10:05
================================================================================
[2026-09-16T09:10:42.210+0000] {manager.py:878} INFO - 
================================================================================
DAG File Processing Stats

File Path                                PID    Runtime      # DAGs    # Errors  Last Runtime    Last Run
---------------------------------------  -----  ---------  --------  ----------  --------------  -------------------
/opt/airflow/dags/data_extracter_dag.py                           1           0  0.09s           2026-09-16T09:10:38
================================================================================
[2026-09-16T09:11:14.865+0000] {manager.py:878} INFO - 
================================================================================
DAG File Processing Stats

File Path                                PID    Runtime      # DAGs    # Errors  Last Runtime    Last Run
---------------------------------------  -----  ---------  --------  ----------  --------------  -------------------
/opt/airflow/dags/data_extracter_dag.py                           1           0  0.09s           2026-09-16T09:11:10
================================================================================
[2026-09-16T09:11:47.364+0000] {manager.py:878} INFO - 
================================================================================
DAG File Processing Stats

File Path                                PID    Runtime      # DAGs    # Errors  Last Runtime    Last Run
---------------------------------------  -----  ---------  --------  ----------  --------------  -------------------
/opt/airflow/dags/data_extracter_dag.py                           1           0  0.09s           2026-09-16T09:11:43
================================================================================
[2026-09-16T09:12:20.218+0000] {manager.py:878} INFO - 
================================================================================
DAG File Processing Stats

File Path                                PID    Runtime      # DAGs    # Errors  Last Runtime    Last Run
---------------------------------------  -----  ---------  --------  ----------  --------------  -------------------
/opt/airflow/dags/data_extracter_dag.py                           1           0  0.09s           2026-09-16T09:12:15
================================================================================
[2026-09-16T09:12:52.842+0000] {manager.py:878} INFO - 
================================================================================
DAG File Processing Stats

File Path                                PID    Runtime      # DAGs    # Errors  Last Runtime    Last Run
---------------------------------------  -----  ---------  --------  ----------  --------------  -------------------
/opt/airflow/dags/data_extracter_dag.py                           1           0  0.10s           2026-09-16T09:12:47
================================================================================
[2026-09-16T09:13:25.430+0000] {manager.py:878} INFO - 
================================================================================
DAG File Processing Stats

File Path                                PID    Runtime      # DAGs    # Errors  Last Runtime    Last Run
---------------------------------------  -----  ---------  --------  ----------  --------------  -------------------
/opt/airflow/dags/data_extracter_dag.py                           1           0  0.09s           2026-09-16T09:13:20
================================================================================
[2026-09-16T09:13:58.356+0000] {manager.py:878} INFO - 
================================================================================
DAG File Processing Stats

File Path                                PID    Runtime      # DAGs    # Errors  Last Runtime    Last Run
---------------------------------------  -----  ---------  --------  ----------  --------------  -------------------
/opt/airflow/dags/data_extracter_dag.py                           1           0  0.10s           2026-09-16T09:13:53
================================================================================
[2026-09-16T09:14:31.021+0000] {manager.py:878} INFO - 
================================================================================
DAG File Processing Stats

File Path                                PID    Runtime      # DAGs    # Errors  Last Runtime    Last Run
---------------------------------------  -----  ---------  --------  ----------  --------------  -------------------
/opt/airflow/dags/data_extracter_dag.py                           1           0  0.10s           2026-09-16T09:14:26
================================================================================
[2026-09-16T09:14:35.045+0000] {manager.py:737} INFO - Searching for files in /opt/airflow/dags
[2026-09-16T09:14:35.047+0000] {manager.py:740} INFO - There are 1 files in /opt/airflow/dags
[2026-09-16T09:15:03.621+0000] {manager.py:878} INFO - 
================================================================================
DAG File Processing Stats

File Path                                PID    Runtime      # DAGs    # Errors  Last Runtime    Last Run
---------------------------------------  -----  ---------  --------  ----------  --------------  -------------------
/opt/airflow/dags/data_extracter_dag.py                           1           0  0.10s           2026-09-16T09:14:57
================================================================================
[2026-09-16T09:15:36.331+0000] {manager.py:878} INFO - 
================================================================================
DAG File Processing Stats

File Path                                PID    Runtime      # DAGs    # Errors  Last Runtime    Last Run
---------------------------------------  -----  ---------  --------  ----------  --------------  -------------------
/opt/airflow/dags/data_extracter_dag.py                           1           0  0.09s           2026-09-16T09:15:30
================================================================================
[2026-09-16T09:16:09.000+0000] {manager.py:878} INFO - 
================================================================================
DAG File Processing Stats

File Path                                PID    Runtime      # DAGs    # Errors  Last Runtime    Last Run
---------------------------------------  -----  ---------  --------  ----------  --------------  -------------------
/opt/airflow/dags/data_extracter_dag.py                           1           0  0.12s           2026-09-16T09:16:03
================================================================================
[2026-09-16T09:16:41.673+0000] {manager.py:878} INFO - 
================================================================================
DAG File Processing Stats

File Path                                PID    Runtime      # DAGs    # Errors  Last Runtime    Last Run
---------------------------------------  -----  ---------  --------  ----------  --------------  -------------------
/opt/airflow/dags/data_extracter_dag.py                           1           0  0.08s           2026-09-16T09:16:35
================================================================================
[2026-09-16T09:17:14.370+0000] {manager.py:878} INFO - 
================================================================================
DAG File Processing Stats

File Path                                PID    Runtime      # DAGs    # Errors  Last Runtime    Last Run
---------------------------------------  -----  ---------  --------  ----------  --------------  -------------------
/opt/airflow/dags/data_extracter_dag.py                           1           0  0.10s           2026-09-16T09:17:08
================================================================================
[2026-09-16T09:17:46.972+0000] {manager.py:878} INFO - 
================================================================================
DAG File Processing Stats

File Path                                PID    Runtime      # DAGs    # Errors  Last Runtime    Last Run
---------------------------------------  -----  ---------  --------  ----------  --------------  -------------------
/opt/airflow/dags/data_extracter_dag.py                           1           0  0.08s           2026-09-16T09:17:41
================================================================================
[2026-09-16T09:18:19.728+0000] {manager.py:878} INFO - 
================================================================================
DAG File Processing Stats

File Path                                PID    Runtime      # DAGs    # Errors  Last Runtime    Last Run
---------------------------------------  -----  ---------  --------  ----------  --------------  -------------------
/opt/airflow/dags/data_extracter_dag.py                           1           0  0.10s           2026-09-16T09:18:12
================================================================================
[2026-09-16T09:18:52.391+0000] {manager.py:878} INFO - 
================================================================================
DAG File Processing Stats

File Path                                PID    Runtime      # DAGs    # Errors  Last Runtime    Last Run
---------------------------------------  -----  ---------  --------  ----------  --------------  -------------------
/opt/airflow/dags/data_extracter_dag.py                           1           0  0.09s           2026-09-16T09:18:45
================================================================================
[2026-09-16T09:19:25.030+0000] {manager.py:878} INFO - 
================================================================================
DAG File Processing Stats

File Path                                PID    Runtime      # DAGs    # Errors  Last Runtime    Last Run
---------------------------------------  -----  ---------  --------  ----------  --------------  -------------------
/opt/airflow/dags/data_extracter_dag.py                           1           0  0.08s           2026-09-16T09:19:18
================================================================================
[2026-09-16T09:19:35.087+0000] {manager.py:737} INFO - Searching for files in /opt/airflow/dags
[2026-09-16T09:19:35.090+0000] {manager.py:740} INFO - There are 1 files in /opt/airflow/dags
[2026-09-16T09:19:57.525+0000] {manager.py:878} INFO - 
================================================================================
DAG File Processing Stats

File Path                                PID    Runtime      # DAGs    # Errors  Last Runtime    Last Run
---------------------------------------  -----  ---------  --------  ----------  --------------  -------------------
/opt/airflow/dags/data_extracter_dag.py                           1           0  0.09s           2026-09-16T09:19:50
================================================================================
[2026-09-16T09:20:29.973+0000] {manager.py:878} INFO - 
================================================================================
DAG File Processing Stats

File Path                                PID    Runtime      # DAGs    # Errors  Last Runtime    Last Run
---------------------------------------  -----  ---------  --------  ----------  --------------  -------------------
/opt/airflow/dags/data_extracter_dag.py                           1           0  0.10s           2026-09-16T09:20:22
================================================================================
[2026-09-16T09:21:02.803+0000] {manager.py:878} INFO - 
================================================================================
DAG File Processing Stats

File Path                                PID    Runtime      # DAGs    # Errors  Last Runtime    Last Run
---------------------------------------  -----  ---------  --------  ----------  --------------  -------------------
/opt/airflow/dags/data_extracter_dag.py                           1           0  0.10s           2026-09-16T09:20:54
================================================================================
[2026-09-16T09:21:35.264+0000] {manager.py:878} INFO - 
================================================================================
DAG File Processing Stats

File Path                                PID    Runtime      # DAGs    # Errors  Last Runtime    Last Run
---------------------------------------  -----  ---------  --------  ----------  --------------  -------------------
/opt/airflow/dags/data_extracter_dag.py                           1           0  0.10s           2026-09-16T09:21:27
================================================================================
[2026-09-16T09:22:07.719+0000] {manager.py:878} INFO - 
================================================================================
DAG File Processing Stats

File Path                                PID    Runtime      # DAGs    # Errors  Last Runtime    Last Run
---------------------------------------  -----  ---------  --------  ----------  --------------  -------------------
/opt/airflow/dags/data_extracter_dag.py                           1           0  0.17s           2026-09-16T09:21:59
================================================================================
[2026-09-16T09:26:01.666+0000] {manager.py:737} INFO - Searching for files in /opt/airflow/dags
[2026-09-16T09:26:01.667+0000] {manager.py:740} INFO - There are 1 files in /opt/airflow/dags
[2026-09-16T09:47:14.188+0000] {manager.py:737} INFO - Searching for files in /opt/airflow/dags
[2026-09-16T09:47:14.192+0000] {manager.py:740} INFO - There are 1 files in /opt/airflow/dags
[2026-09-16T09:47:31.322+0000] {manager.py:878} INFO - 
================================================================================
DAG File Processing Stats

File Path                                PID    Runtime      # DAGs    # Errors  Last Runtime    Last Run
---------------------------------------  -----  ---------  --------  ----------  --------------  -------------------
/opt/airflow/dags/data_extracter_dag.py                           1           0  0.15s           2026-09-16T09:47:14
================================================================================
[2026-09-16T09:48:03.749+0000] {manager.py:878} INFO - 
================================================================================
DAG File Processing Stats

File Path                                PID    Runtime      # DAGs    # Errors  Last Runtime    Last Run
---------------------------------------  -----  ---------  --------  ----------  --------------  -------------------
/opt/airflow/dags/data_extracter_dag.py                           1           0  0.12s           2026-09-16T09:47:44
================================================================================
[2026-09-16T09:48:36.030+0000] {manager.py:878} INFO - 
================================================================================
DAG File Processing Stats

File Path                                PID    Runtime      # DAGs    # Errors  Last Runtime    Last Run
---------------------------------------  -----  ---------  --------  ----------  --------------  -------------------
/opt/airflow/dags/data_extracter_dag.py                           1           0  0.10s           2026-09-16T09:48:14
================================================================================
[2026-09-16T09:49:08.207+0000] {manager.py:878} INFO - 
================================================================================
DAG File Processing Stats

File Path                                PID    Runtime      # DAGs    # Errors  Last Runtime    Last Run
---------------------------------------  -----  ---------  --------  ----------  --------------  -------------------
/opt/airflow/dags/data_extracter_dag.py                           1           0  0.09s           2026-09-16T09:48:45
================================================================================
[2026-09-16T09:49:40.728+0000] {manager.py:878} INFO - 
================================================================================
DAG File Processing Stats

File Path                                PID    Runtime      # DAGs    # Errors  Last Runtime    Last Run
---------------------------------------  -----  ---------  --------  ----------  --------------  -------------------
/opt/airflow/dags/data_extracter_dag.py                           1           0  0.10s           2026-09-16T09:49:15
================================================================================
[2026-09-16T09:50:13.261+0000] {manager.py:878} INFO - 
================================================================================
DAG File Processing Stats

File Path                                PID    Runtime      # DAGs    # Errors  Last Runtime    Last Run
---------------------------------------  -----  ---------  --------  ----------  --------------  -------------------
/opt/airflow/dags/data_extracter_dag.py                           1           0  0.10s           2026-09-16T09:49:45
================================================================================
[2026-09-16T09:50:45.672+0000] {manager.py:878} INFO - 
================================================================================
DAG File Processing Stats

File Path                                PID    Runtime      # DAGs    # Errors  Last Runtime    Last Run
---------------------------------------  -----  ---------  --------  ----------  --------------  -------------------
/opt/airflow/dags/data_extracter_dag.py                           1           0  0.08s           2026-09-16T09:50:16
================================================================================
[2026-09-16T09:51:18.279+0000] {manager.py:878} INFO - 
================================================================================
DAG File Processing Stats

File Path                                PID    Runtime      # DAGs    # Errors  Last Runtime    Last Run
---------------------------------------  -----  ---------  --------  ----------  --------------  -------------------
/opt/airflow/dags/data_extracter_dag.py                           1           0  0.08s           2026-09-16T09:51:17
================================================================================
[2026-09-16T09:51:50.941+0000] {manager.py:878} INFO - 
================================================================================
DAG File Processing Stats

File Path                                PID    Runtime      # DAGs    # Errors  Last Runtime    Last Run
---------------------------------------  -----  ---------  --------  ----------  --------------  -------------------
/opt/airflow/dags/data_extracter_dag.py                           1           0  0.08s           2026-09-16T09:51:47
================================================================================
[2026-09-16T09:52:14.412+0000] {manager.py:737} INFO - Searching for files in /opt/airflow/dags
[2026-09-16T09:52:14.414+0000] {manager.py:740} INFO - There are 1 files in /opt/airflow/dags
[2026-09-16T09:52:23.494+0000] {manager.py:878} INFO - 
================================================================================
DAG File Processing Stats

File Path                                PID    Runtime      # DAGs    # Errors  Last Runtime    Last Run
---------------------------------------  -----  ---------  --------  ----------  --------------  -------------------
/opt/airflow/dags/data_extracter_dag.py                           1           0  0.09s           2026-09-16T09:52:18
================================================================================
[2026-09-16T09:52:56.015+0000] {manager.py:878} INFO - 
================================================================================
DAG File Processing Stats

File Path                                PID    Runtime      # DAGs    # Errors  Last Runtime    Last Run
---------------------------------------  -----  ---------  --------  ----------  --------------  -------------------
/opt/airflow/dags/data_extracter_dag.py                           1           0  0.09s           2026-09-16T09:52:49
================================================================================
[2026-09-16T09:53:28.598+0000] {manager.py:878} INFO - 
================================================================================
DAG File Processing Stats

File Path                                PID    Runtime      # DAGs    # Errors  Last Runtime    Last Run
---------------------------------------  -----  ---------  --------  ----------  --------------  -------------------
/opt/airflow/dags/data_extracter_dag.py                           1           0  0.10s           2026-09-16T09:53:19
================================================================================
[2026-09-16T09:54:01.256+0000] {manager.py:878} INFO - 
================================================================================
DAG File Processing Stats

File Path                                PID    Runtime      # DAGs    # Errors  Last Runtime    Last Run
---------------------------------------  -----  ---------  --------  ----------  --------------  -------------------
/opt/airflow/dags/data_extracter_dag.py                           1           0  0.10s           2026-09-16T09:53:50
================================================================================
[2026-09-16T09:54:33.812+0000] {manager.py:878} INFO - 
================================================================================
DAG File Processing Stats

File Path                                PID    Runtime      # DAGs    # Errors  Last Runtime    Last Run
---------------------------------------  -----  ---------  --------  ----------  --------------  -------------------
/opt/airflow/dags/data_extracter_dag.py                           1           0  0.09s           2026-09-16T09:54:22
================================================================================
[2026-09-16T10:30:02.137+0000] {manager.py:737} INFO - Searching for files in /opt/airflow/dags
[2026-09-16T10:30:02.139+0000] {manager.py:740} INFO - There are 1 files in /opt/airflow/dags
[2026-09-16T10:30:24.868+0000] {manager.py:878} INFO - 
================================================================================
DAG File Processing Stats

File Path                                PID    Runtime      # DAGs    # Errors  Last Runtime    Last Run
---------------------------------------  -----  ---------  --------  ----------  --------------  -------------------
/opt/airflow/dags/data_extracter_dag.py                           1           0  0.52s           2026-09-16T10:30:02
================================================================================
[2026-09-16T10:30:56.949+0000] {manager.py:878} INFO - 
================================================================================
DAG File Processing Stats

File Path                                PID    Runtime      # DAGs    # Errors  Last Runtime    Last Run
---------------------------------------  -----  ---------  --------  ----------  --------------  -------------------
/opt/airflow/dags/data_extracter_dag.py                           1           0  0.69s           2026-09-16T10:30:33
================================================================================
[2026-09-16T10:31:29.967+0000] {manager.py:878} INFO - 
================================================================================
DAG File Processing Stats

File Path                                PID    Runtime      # DAGs    # Errors  Last Runtime    Last Run
---------------------------------------  -----  ---------  --------  ----------  --------------  -------------------
/opt/airflow/dags/data_extracter_dag.py                           1           0  0.14s           2026-09-16T10:31:03
================================================================================
[2026-09-16T10:32:02.310+0000] {manager.py:878} INFO - 
================================================================================
DAG File Processing Stats

File Path                                PID    Runtime      # DAGs    # Errors  Last Runtime    Last Run
---------------------------------------  -----  ---------  --------  ----------  --------------  -------------------
/opt/airflow/dags/data_extracter_dag.py                           1           0  0.09s           2026-09-16T10:31:34
================================================================================
[2026-09-16T10:32:34.913+0000] {manager.py:878} INFO - 
================================================================================
DAG File Processing Stats

File Path                                  PID  Runtime      # DAGs    # Errors  Last Runtime    Last Run
---------------------------------------  -----  ---------  --------  ----------  --------------  -------------------
/opt/airflow/dags/data_extracter_dag.py    690  0.00s             1           0  0.13s           2026-09-16T10:32:04
================================================================================
[2026-09-16T10:33:07.725+0000] {manager.py:878} INFO - 
================================================================================
DAG File Processing Stats

File Path                                PID    Runtime      # DAGs    # Errors  Last Runtime    Last Run
---------------------------------------  -----  ---------  --------  ----------  --------------  -------------------
/opt/airflow/dags/data_extracter_dag.py                           1           0  0.14s           2026-09-16T10:33:05
================================================================================
[2026-09-16T10:33:40.308+0000] {manager.py:878} INFO - 
================================================================================
DAG File Processing Stats

File Path                                PID    Runtime      # DAGs    # Errors  Last Runtime    Last Run
---------------------------------------  -----  ---------  --------  ----------  --------------  -------------------
/opt/airflow/dags/data_extracter_dag.py                           1           0  0.11s           2026-09-16T10:33:36
================================================================================
[2026-09-16T10:34:12.874+0000] {manager.py:878} INFO - 
================================================================================
DAG File Processing Stats

File Path                                PID    Runtime      # DAGs    # Errors  Last Runtime    Last Run
---------------------------------------  -----  ---------  --------  ----------  --------------  -------------------
/opt/airflow/dags/data_extracter_dag.py                           1           0  0.12s           2026-09-16T10:34:06
================================================================================
[2026-09-16T10:34:45.500+0000] {manager.py:878} INFO - 
================================================================================
DAG File Processing Stats

File Path                                PID    Runtime      # DAGs    # Errors  Last Runtime    Last Run
---------------------------------------  -----  ---------  --------  ----------  --------------  -------------------
/opt/airflow/dags/data_extracter_dag.py                           1           0  0.12s           2026-09-16T10:34:37
================================================================================
[2026-09-16T10:35:05.141+0000] {manager.py:737} INFO - Searching for files in /opt/airflow/dags
[2026-09-16T10:35:05.143+0000] {manager.py:740} INFO - There are 1 files in /opt/airflow/dags
[2026-09-16T10:35:18.244+0000] {manager.py:878} INFO - 
================================================================================
DAG File Processing Stats

File Path                                PID    Runtime      # DAGs    # Errors  Last Runtime    Last Run
---------------------------------------  -----  ---------  --------  ----------  --------------  -------------------
/opt/airflow/dags/data_extracter_dag.py                           1           0  0.12s           2026-09-16T10:35:08
================================================================================
[2026-09-16T10:35:50.857+0000] {manager.py:878} INFO - 
================================================================================
DAG File Processing Stats

File Path                                PID    Runtime      # DAGs    # Errors  Last Runtime    Last Run
---------------------------------------  -----  ---------  --------  ----------  --------------  -------------------
/opt/airflow/dags/data_extracter_dag.py                           1           0  0.14s           2026-09-16T10:35:38
================================================================================
[2026-09-16T10:36:23.385+0000] {manager.py:878} INFO - 
================================================================================
DAG File Processing Stats

File Path                                PID    Runtime      # DAGs    # Errors  Last Runtime    Last Run
---------------------------------------  -----  ---------  --------  ----------  --------------  -------------------
/opt/airflow/dags/data_extracter_dag.py                           1           0  0.11s           2026-09-16T10:36:09
================================================================================
[2026-09-16T10:36:55.772+0000] {manager.py:878} INFO - 
================================================================================
DAG File Processing Stats

File Path                                PID    Runtime      # DAGs    # Errors  Last Runtime    Last Run
---------------------------------------  -----  ---------  --------  ----------  --------------  -------------------
/opt/airflow/dags/data_extracter_dag.py                           1           0  0.10s           2026-09-16T10:36:41
================================================================================
[2026-09-16T10:37:28.580+0000] {manager.py:878} INFO - 
================================================================================
DAG File Processing Stats

File Path                                PID    Runtime      # DAGs    # Errors  Last Runtime    Last Run
---------------------------------------  -----  ---------  --------  ----------  --------------  -------------------
/opt/airflow/dags/data_extracter_dag.py                           1           0  0.13s           2026-09-16T10:37:14
================================================================================
[2026-09-16T10:38:01.045+0000] {manager.py:878} INFO - 
================================================================================
DAG File Processing Stats

File Path                                PID    Runtime      # DAGs    # Errors  Last Runtime    Last Run
---------------------------------------  -----  ---------  --------  ----------  --------------  -------------------
/opt/airflow/dags/data_extracter_dag.py                           1           0  0.11s           2026-09-16T10:37:45
================================================================================
[2026-09-16T10:38:33.481+0000] {manager.py:878} INFO - 
================================================================================
DAG File Processing Stats

File Path                                PID    Runtime      # DAGs    # Errors  Last Runtime    Last Run
---------------------------------------  -----  ---------  --------  ----------  --------------  -------------------
/opt/airflow/dags/data_extracter_dag.py                           1           0  0.15s           2026-09-16T10:38:18
================================================================================
[2026-09-16T10:39:06.055+0000] {manager.py:878} INFO - 
================================================================================
DAG File Processing Stats

File Path                                PID    Runtime      # DAGs    # Errors  Last Runtime    Last Run
---------------------------------------  -----  ---------  --------  ----------  --------------  -------------------
/opt/airflow/dags/data_extracter_dag.py                           1           0  0.13s           2026-09-16T10:38:50
================================================================================
[2026-09-16T10:39:38.550+0000] {manager.py:878} INFO - 
================================================================================
DAG File Processing Stats

File Path                                PID    Runtime      # DAGs    # Errors  Last Runtime    Last Run
---------------------------------------  -----  ---------  --------  ----------  --------------  -------------------
/opt/airflow/dags/data_extracter_dag.py                           1           0  0.14s           2026-09-16T10:39:23
================================================================================
[2026-09-16T10:40:05.210+0000] {manager.py:737} INFO - Searching for files in /opt/airflow/dags
[2026-09-16T10:40:05.214+0000] {manager.py:740} INFO - There are 1 files in /opt/airflow/dags
[2026-09-16T10:40:11.136+0000] {manager.py:878} INFO - 
================================================================================
DAG File Processing Stats

File Path                                PID    Runtime      # DAGs    # Errors  Last Runtime    Last Run
---------------------------------------  -----  ---------  --------  ----------  --------------  -------------------
/opt/airflow/dags/data_extracter_dag.py                           1           0  0.13s           2026-09-16T10:39:55
================================================================================
[2026-09-16T10:40:43.615+0000] {manager.py:878} INFO - 
================================================================================
DAG File Processing Stats

File Path                                PID    Runtime      # DAGs    # Errors  Last Runtime    Last Run
---------------------------------------  -----  ---------  --------  ----------  --------------  -------------------
/opt/airflow/dags/data_extracter_dag.py                           1           0  0.11s           2026-09-16T10:40:27
================================================================================
[2026-09-16T10:41:16.182+0000] {manager.py:878} INFO - 
================================================================================
DAG File Processing Stats

File Path                                PID    Runtime      # DAGs    # Errors  Last Runtime    Last Run
---------------------------------------  -----  ---------  --------  ----------  --------------  -------------------
/opt/airflow/dags/data_extracter_dag.py                           1           0  0.13s           2026-09-16T10:41:00
================================================================================
[2026-09-16T10:41:48.687+0000] {manager.py:878} INFO - 
================================================================================
DAG File Processing Stats

File Path                                PID    Runtime      # DAGs    # Errors  Last Runtime    Last Run
---------------------------------------  -----  ---------  --------  ----------  --------------  -------------------
/opt/airflow/dags/data_extracter_dag.py                           1           0  0.12s           2026-09-16T10:41:32
================================================================================
[2026-09-16T10:42:21.251+0000] {manager.py:878} INFO - 
================================================================================
DAG File Processing Stats

File Path                                PID    Runtime      # DAGs    # Errors  Last Runtime    Last Run
---------------------------------------  -----  ---------  --------  ----------  --------------  -------------------
/opt/airflow/dags/data_extracter_dag.py                           1           0  0.12s           2026-09-16T10:42:05
================================================================================
[2026-09-16T10:42:53.767+0000] {manager.py:878} INFO - 
================================================================================
DAG File Processing Stats

File Path                                PID    Runtime      # DAGs    # Errors  Last Runtime    Last Run
---------------------------------------  -----  ---------  --------  ----------  --------------  -------------------
/opt/airflow/dags/data_extracter_dag.py                           1           0  0.11s           2026-09-16T10:42:36
================================================================================
[2026-09-16T10:43:26.328+0000] {manager.py:878} INFO - 
================================================================================
DAG File Processing Stats

File Path                                PID    Runtime      # DAGs    # Errors  Last Runtime    Last Run
---------------------------------------  -----  ---------  --------  ----------  --------------  -------------------
/opt/airflow/dags/data_extracter_dag.py                           1           0  0.14s           2026-09-16T10:43:09
================================================================================
[2026-09-16T10:43:58.851+0000] {manager.py:878} INFO - 
================================================================================
DAG File Processing Stats

File Path                                PID    Runtime      # DAGs    # Errors  Last Runtime    Last Run
---------------------------------------  -----  ---------  --------  ----------  --------------  -------------------
/opt/airflow/dags/data_extracter_dag.py                           1           0  0.13s           2026-09-16T10:43:41
================================================================================
[2026-09-16T10:44:31.348+0000] {manager.py:878} INFO - 
================================================================================
DAG File Processing Stats

File Path                                PID    Runtime      # DAGs    # Errors  Last Runtime    Last Run
---------------------------------------  -----  ---------  --------  ----------  --------------  -------------------
/opt/airflow/dags/data_extracter_dag.py                           1           0  0.20s           2026-09-16T10:44:14
================================================================================
[2026-09-16T10:45:03.964+0000] {manager.py:878} INFO - 
================================================================================
DAG File Processing Stats

File Path                                PID    Runtime      # DAGs    # Errors  Last Runtime    Last Run
---------------------------------------  -----  ---------  --------  ----------  --------------  -------------------
/opt/airflow/dags/data_extracter_dag.py                           1           0  0.11s           2026-09-16T10:44:45
================================================================================
[2026-09-16T10:45:05.976+0000] {manager.py:737} INFO - Searching for files in /opt/airflow/dags
[2026-09-16T10:45:05.978+0000] {manager.py:740} INFO - There are 1 files in /opt/airflow/dags
[2026-09-16T10:45:36.315+0000] {manager.py:878} INFO - 
================================================================================
DAG File Processing Stats

File Path                                PID    Runtime      # DAGs    # Errors  Last Runtime    Last Run
---------------------------------------  -----  ---------  --------  ----------  --------------  -------------------
/opt/airflow/dags/data_extracter_dag.py                           1           0  0.12s           2026-09-16T10:45:18
================================================================================
[2026-09-16T10:46:08.872+0000] {manager.py:878} INFO - 
================================================================================
DAG File Processing Stats

File Path                                PID    Runtime      # DAGs    # Errors  Last Runtime    Last Run
---------------------------------------  -----  ---------  --------  ----------  --------------  -------------------
/opt/airflow/dags/data_extracter_dag.py                           1           0  0.11s           2026-09-16T10:45:50
================================================================================
[2026-09-16T10:46:41.955+0000] {manager.py:878} INFO - 
================================================================================
DAG File Processing Stats

File Path                                PID    Runtime      # DAGs    # Errors  Last Runtime    Last Run
---------------------------------------  -----  ---------  --------  ----------  --------------  -------------------
/opt/airflow/dags/data_extracter_dag.py                           1           0  0.12s           2026-09-16T10:46:23
================================================================================
[2026-09-16T10:47:14.529+0000] {manager.py:878} INFO - 
================================================================================
DAG File Processing Stats

File Path                                PID    Runtime      # DAGs    # Errors  Last Runtime    Last Run
---------------------------------------  -----  ---------  --------  ----------  --------------  -------------------
/opt/airflow/dags/data_extracter_dag.py                           1           0  0.13s           2026-09-16T10:46:56
================================================================================
[2026-09-16T10:47:47.113+0000] {manager.py:878} INFO - 
================================================================================
DAG File Processing Stats

File Path                                PID    Runtime      # DAGs    # Errors  Last Runtime    Last Run
---------------------------------------  -----  ---------  --------  ----------  --------------  -------------------
/opt/airflow/dags/data_extracter_dag.py                           1           0  0.12s           2026-09-16T10:47:28
================================================================================
[2026-09-16T10:48:19.900+0000] {manager.py:878} INFO - 
================================================================================
DAG File Processing Stats

File Path                                PID    Runtime      # DAGs    # Errors  Last Runtime    Last Run
---------------------------------------  -----  ---------  --------  ----------  --------------  -------------------
/opt/airflow/dags/data_extracter_dag.py                           1           0  0.12s           2026-09-16T10:48:00
================================================================================
[2026-09-16T10:48:52.487+0000] {manager.py:878} INFO - 
================================================================================
DAG File Processing Stats

File Path                                PID    Runtime      # DAGs    # Errors  Last Runtime    Last Run
---------------------------------------  -----  ---------  --------  ----------  --------------  -------------------
/opt/airflow/dags/data_extracter_dag.py                           1           0  0.13s           2026-09-16T10:48:33
================================================================================
[2026-09-16T10:49:25.058+0000] {manager.py:878} INFO - 
================================================================================
DAG File Processing Stats

File Path                                PID    Runtime      # DAGs    # Errors  Last Runtime    Last Run
---------------------------------------  -----  ---------  --------  ----------  --------------  -------------------
/opt/airflow/dags/data_extracter_dag.py                           1           0  0.14s           2026-09-16T10:49:06
================================================================================
[2026-09-16T10:49:57.880+0000] {manager.py:878} INFO - 
================================================================================
DAG File Processing Stats

File Path                                PID    Runtime      # DAGs    # Errors  Last Runtime    Last Run
---------------------------------------  -----  ---------  --------  ----------  --------------  -------------------
/opt/airflow/dags/data_extracter_dag.py                           1           0  0.12s           2026-09-16T10:49:37
================================================================================
[2026-09-16T10:50:06.029+0000] {manager.py:737} INFO - Searching for files in /opt/airflow/dags
[2026-09-16T10:50:06.032+0000] {manager.py:740} INFO - There are 1 files in /opt/airflow/dags
[2026-09-16T10:50:31.014+0000] {manager.py:878} INFO - 
================================================================================
DAG File Processing Stats

File Path                                PID    Runtime      # DAGs    # Errors  Last Runtime    Last Run
---------------------------------------  -----  ---------  --------  ----------  --------------  -------------------
/opt/airflow/dags/data_extracter_dag.py                           1           0  0.12s           2026-09-16T10:50:10
================================================================================
[2026-09-16T10:51:04.021+0000] {manager.py:878} INFO - 
================================================================================
DAG File Processing Stats

File Path                                PID    Runtime      # DAGs    # Errors  Last Runtime    Last Run
---------------------------------------  -----  ---------  --------  ----------  --------------  -------------------
/opt/airflow/dags/data_extracter_dag.py                           1           0  0.13s           2026-09-16T10:50:44
================================================================================
[2026-09-16T10:51:37.219+0000] {manager.py:878} INFO - 
================================================================================
DAG File Processing Stats

File Path                                PID    Runtime      # DAGs    # Errors  Last Runtime    Last Run
---------------------------------------  -----  ---------  --------  ----------  --------------  -------------------
/opt/airflow/dags/data_extracter_dag.py                           1           0  0.14s           2026-09-16T10:51:17
================================================================================
[2026-09-16T10:52:10.319+0000] {manager.py:878} INFO - 
================================================================================
DAG File Processing Stats

File Path                                PID    Runtime      # DAGs    # Errors  Last Runtime    Last Run
---------------------------------------  -----  ---------  --------  ----------  --------------  -------------------
/opt/airflow/dags/data_extracter_dag.py                           1           0  0.11s           2026-09-16T10:51:50
================================================================================
[2026-09-16T10:52:43.541+0000] {manager.py:878} INFO - 
================================================================================
DAG File Processing Stats

File Path                                PID    Runtime      # DAGs    # Errors  Last Runtime    Last Run
---------------------------------------  -----  ---------  --------  ----------  --------------  -------------------
/opt/airflow/dags/data_extracter_dag.py                           1           0  0.13s           2026-09-16T10:52:22
================================================================================
[2026-09-16T10:53:16.219+0000] {manager.py:878} INFO - 
================================================================================
DAG File Processing Stats

File Path                                PID    Runtime      # DAGs    # Errors  Last Runtime    Last Run
---------------------------------------  -----  ---------  --------  ----------  --------------  -------------------
/opt/airflow/dags/data_extracter_dag.py                           1           0  0.11s           2026-09-16T10:52:55
================================================================================
[2026-09-16T10:53:48.999+0000] {manager.py:878} INFO - 
================================================================================
DAG File Processing Stats

File Path                                PID    Runtime      # DAGs    # Errors  Last Runtime    Last Run
---------------------------------------  -----  ---------  --------  ----------  --------------  -------------------
/opt/airflow/dags/data_extracter_dag.py                           1           0  0.09s           2026-09-16T10:53:27
================================================================================
[2026-09-16T10:54:21.879+0000] {manager.py:878} INFO - 
================================================================================
DAG File Processing Stats

File Path                                PID    Runtime      # DAGs    # Errors  Last Runtime    Last Run
---------------------------------------  -----  ---------  --------  ----------  --------------  -------------------
/opt/airflow/dags/data_extracter_dag.py                           1           0  0.12s           2026-09-16T10:54:00
================================================================================
[2026-09-16T10:54:54.720+0000] {manager.py:878} INFO - 
================================================================================
DAG File Processing Stats

File Path                                PID    Runtime      # DAGs    # Errors  Last Runtime    Last Run
---------------------------------------  -----  ---------  --------  ----------  --------------  -------------------
/opt/airflow/dags/data_extracter_dag.py                           1           0  0.09s           2026-09-16T10:54:33
================================================================================
[2026-09-16T10:55:06.394+0000] {manager.py:737} INFO - Searching for files in /opt/airflow/dags
[2026-09-16T10:55:06.396+0000] {manager.py:740} INFO - There are 1 files in /opt/airflow/dags
[2026-09-16T10:55:27.511+0000] {manager.py:878} INFO - 
================================================================================
DAG File Processing Stats

File Path                                PID    Runtime      # DAGs    # Errors  Last Runtime    Last Run
---------------------------------------  -----  ---------  --------  ----------  --------------  -------------------
/opt/airflow/dags/data_extracter_dag.py                           1           0  0.10s           2026-09-16T10:55:05
================================================================================
[2026-09-16T12:47:55.457+0000] {manager.py:737} INFO - Searching for files in /opt/airflow/dags
[2026-09-16T12:47:55.466+0000] {manager.py:740} INFO - There are 1 files in /opt/airflow/dags
[2026-09-16T12:48:17.719+0000] {manager.py:878} INFO - 
================================================================================
DAG File Processing Stats

File Path                                PID    Runtime      # DAGs    # Errors  Last Runtime    Last Run
---------------------------------------  -----  ---------  --------  ----------  --------------  -------------------
/opt/airflow/dags/data_extracter_dag.py                           1           0  0.52s           2026-09-16T12:47:56
================================================================================
[2026-09-16T12:48:48.368+0000] {manager.py:878} INFO - 
================================================================================
DAG File Processing Stats

File Path                                PID    Runtime      # DAGs    # Errors  Last Runtime    Last Run
---------------------------------------  -----  ---------  --------  ----------  --------------  -------------------
/opt/airflow/dags/data_extracter_dag.py                           1           0  0.15s           2026-09-16T12:48:26
================================================================================
[2026-09-16T12:49:20.512+0000] {manager.py:878} INFO - 
================================================================================
DAG File Processing Stats

File Path                                PID    Runtime      # DAGs    # Errors  Last Runtime    Last Run
---------------------------------------  -----  ---------  --------  ----------  --------------  -------------------
/opt/airflow/dags/data_extracter_dag.py                           1           0  0.14s           2026-09-16T12:48:56
================================================================================
[2026-09-16T12:49:50.714+0000] {manager.py:878} INFO - 
================================================================================
DAG File Processing Stats

File Path                                PID    Runtime      # DAGs    # Errors  Last Runtime    Last Run
---------------------------------------  -----  ---------  --------  ----------  --------------  -------------------
/opt/airflow/dags/data_extracter_dag.py                           1           0  0.15s           2026-09-16T12:49:27
================================================================================
[2026-09-16T12:50:23.180+0000] {manager.py:878} INFO - 
================================================================================
DAG File Processing Stats

File Path                                PID    Runtime      # DAGs    # Errors  Last Runtime    Last Run
---------------------------------------  -----  ---------  --------  ----------  --------------  -------------------
/opt/airflow/dags/data_extracter_dag.py                           1           0  0.12s           2026-09-16T12:50:00
================================================================================
[2026-09-16T12:50:53.330+0000] {manager.py:878} INFO - 
================================================================================
DAG File Processing Stats

File Path                                PID    Runtime      # DAGs    # Errors  Last Runtime    Last Run
---------------------------------------  -----  ---------  --------  ----------  --------------  -------------------
/opt/airflow/dags/data_extracter_dag.py                           1           0  0.12s           2026-09-16T12:50:30
================================================================================
[2026-09-16T12:51:25.973+0000] {manager.py:878} INFO - 
================================================================================
DAG File Processing Stats

File Path                                PID    Runtime      # DAGs    # Errors  Last Runtime    Last Run
---------------------------------------  -----  ---------  --------  ----------  --------------  -------------------
/opt/airflow/dags/data_extracter_dag.py                           1           0  0.11s           2026-09-16T12:51:01
================================================================================
[2026-09-16T12:51:57.336+0000] {manager.py:878} INFO - 
================================================================================
DAG File Processing Stats

File Path                                PID    Runtime      # DAGs    # Errors  Last Runtime    Last Run
---------------------------------------  -----  ---------  --------  ----------  --------------  -------------------
/opt/airflow/dags/data_extracter_dag.py                           1           0  0.10s           2026-09-16T12:51:33
================================================================================
[2026-09-16T12:52:29.940+0000] {manager.py:878} INFO - 
================================================================================
DAG File Processing Stats

File Path                                PID    Runtime      # DAGs    # Errors  Last Runtime    Last Run
---------------------------------------  -----  ---------  --------  ----------  --------------  -------------------
/opt/airflow/dags/data_extracter_dag.py                           1           0  0.10s           2026-09-16T12:52:03
================================================================================
[2026-09-16T12:52:55.561+0000] {manager.py:737} INFO - Searching for files in /opt/airflow/dags
[2026-09-16T12:52:55.562+0000] {manager.py:740} INFO - There are 1 files in /opt/airflow/dags
[2026-09-16T12:53:00.596+0000] {manager.py:878} INFO - 
================================================================================
DAG File Processing Stats

File Path                                PID    Runtime      # DAGs    # Errors  Last Runtime    Last Run
---------------------------------------  -----  ---------  --------  ----------  --------------  -------------------
/opt/airflow/dags/data_extracter_dag.py                           1           0  0.15s           2026-09-16T12:52:34
================================================================================
[2026-09-16T12:53:32.952+0000] {manager.py:878} INFO - 
================================================================================
DAG File Processing Stats

File Path                                PID    Runtime      # DAGs    # Errors  Last Runtime    Last Run
---------------------------------------  -----  ---------  --------  ----------  --------------  -------------------
/opt/airflow/dags/data_extracter_dag.py                           1           0  0.11s           2026-09-16T12:53:04
================================================================================
[2026-09-16T12:54:05.366+0000] {manager.py:878} INFO - 
================================================================================
DAG File Processing Stats

File Path                                  PID  Runtime      # DAGs    # Errors  Last Runtime    Last Run
---------------------------------------  -----  ---------  --------  ----------  --------------  -------------------
/opt/airflow/dags/data_extracter_dag.py   1070  0.01s             1           0  0.17s           2026-09-16T12:53:35
================================================================================
[2026-09-16T12:54:37.654+0000] {manager.py:878} INFO - 
================================================================================
DAG File Processing Stats

File Path                                PID    Runtime      # DAGs    # Errors  Last Runtime    Last Run
---------------------------------------  -----  ---------  --------  ----------  --------------  -------------------
/opt/airflow/dags/data_extracter_dag.py                           1           0  0.10s           2026-09-16T12:54:35
================================================================================
[2026-09-16T12:55:10.197+0000] {manager.py:878} INFO - 
================================================================================
DAG File Processing Stats

File Path                                PID    Runtime      # DAGs    # Errors  Last Runtime    Last Run
---------------------------------------  -----  ---------  --------  ----------  --------------  -------------------
/opt/airflow/dags/data_extracter_dag.py                           1           0  0.09s           2026-09-16T12:55:06
================================================================================
[2026-09-16T12:55:42.597+0000] {manager.py:878} INFO - 
================================================================================
DAG File Processing Stats

File Path                                PID    Runtime      # DAGs    # Errors  Last Runtime    Last Run
---------------------------------------  -----  ---------  --------  ----------  --------------  -------------------
/opt/airflow/dags/data_extracter_dag.py                           1           0  0.10s           2026-09-16T12:55:36
================================================================================
[2026-09-16T12:56:15.182+0000] {manager.py:878} INFO - 
================================================================================
DAG File Processing Stats

File Path                                PID    Runtime      # DAGs    # Errors  Last Runtime    Last Run
---------------------------------------  -----  ---------  --------  ----------  --------------  -------------------
/opt/airflow/dags/data_extracter_dag.py                           1           0  0.10s           2026-09-16T12:56:07
================================================================================
[2026-09-16T12:56:47.498+0000] {manager.py:878} INFO - 
================================================================================
DAG File Processing Stats

File Path                                PID    Runtime      # DAGs    # Errors  Last Runtime    Last Run
---------------------------------------  -----  ---------  --------  ----------  --------------  -------------------
/opt/airflow/dags/data_extracter_dag.py                           1           0  0.10s           2026-09-16T12:56:37
================================================================================
[2026-09-16T12:57:20.270+0000] {manager.py:878} INFO - 
================================================================================
DAG File Processing Stats

File Path                                PID    Runtime      # DAGs    # Errors  Last Runtime    Last Run
---------------------------------------  -----  ---------  --------  ----------  --------------  -------------------
/opt/airflow/dags/data_extracter_dag.py                           1           0  0.10s           2026-09-16T12:57:08
================================================================================
[2026-09-16T12:57:52.730+0000] {manager.py:878} INFO - 
================================================================================
DAG File Processing Stats

File Path                                PID    Runtime      # DAGs    # Errors  Last Runtime    Last Run
---------------------------------------  -----  ---------  --------  ----------  --------------  -------------------
/opt/airflow/dags/data_extracter_dag.py                           1           0  0.15s           2026-09-16T12:57:38
================================================================================
[2026-09-16T12:57:55.747+0000] {manager.py:737} INFO - Searching for files in /opt/airflow/dags
[2026-09-16T12:57:55.750+0000] {manager.py:740} INFO - There are 1 files in /opt/airflow/dags
[2026-09-16T12:58:25.180+0000] {manager.py:878} INFO - 
================================================================================
DAG File Processing Stats

File Path                                PID    Runtime      # DAGs    # Errors  Last Runtime    Last Run
---------------------------------------  -----  ---------  --------  ----------  --------------  -------------------
/opt/airflow/dags/data_extracter_dag.py                           1           0  0.12s           2026-09-16T12:58:09
================================================================================
[2026-09-16T12:58:57.769+0000] {manager.py:878} INFO - 
================================================================================
DAG File Processing Stats

File Path                                PID    Runtime      # DAGs    # Errors  Last Runtime    Last Run
---------------------------------------  -----  ---------  --------  ----------  --------------  -------------------
/opt/airflow/dags/data_extracter_dag.py                           1           0  0.11s           2026-09-16T12:58:39
================================================================================
[2026-09-16T12:59:30.311+0000] {manager.py:878} INFO - 
================================================================================
DAG File Processing Stats

File Path                                PID    Runtime      # DAGs    # Errors  Last Runtime    Last Run
---------------------------------------  -----  ---------  --------  ----------  --------------  -------------------
/opt/airflow/dags/data_extracter_dag.py                           1           0  0.10s           2026-09-16T12:59:10
================================================================================
[2026-09-16T13:00:02.866+0000] {manager.py:878} INFO - 
================================================================================
DAG File Processing Stats

File Path                                PID    Runtime      # DAGs    # Errors  Last Runtime    Last Run
---------------------------------------  -----  ---------  --------  ----------  --------------  -------------------
/opt/airflow/dags/data_extracter_dag.py                           1           0  0.12s           2026-09-16T12:59:40
================================================================================
[2026-09-16T13:00:35.311+0000] {manager.py:878} INFO - 
================================================================================
DAG File Processing Stats

File Path                                PID    Runtime      # DAGs    # Errors  Last Runtime    Last Run
---------------------------------------  -----  ---------  --------  ----------  --------------  -------------------
/opt/airflow/dags/data_extracter_dag.py                           1           0  0.12s           2026-09-16T13:00:11
================================================================================
[2026-09-16T13:01:07.749+0000] {manager.py:878} INFO - 
================================================================================
DAG File Processing Stats

File Path                                PID    Runtime      # DAGs    # Errors  Last Runtime    Last Run
---------------------------------------  -----  ---------  --------  ----------  --------------  -------------------
/opt/airflow/dags/data_extracter_dag.py                           1           0  0.11s           2026-09-16T13:00:41
================================================================================
[2026-09-16T13:01:40.335+0000] {manager.py:878} INFO - 
================================================================================
DAG File Processing Stats

File Path                                PID    Runtime      # DAGs    # Errors  Last Runtime    Last Run
---------------------------------------  -----  ---------  --------  ----------  --------------  -------------------
/opt/airflow/dags/data_extracter_dag.py                           1           0  0.10s           2026-09-16T13:01:12
================================================================================
[2026-09-16T13:02:12.875+0000] {manager.py:878} INFO - 
================================================================================
DAG File Processing Stats

File Path                                PID    Runtime      # DAGs    # Errors  Last Runtime    Last Run
---------------------------------------  -----  ---------  --------  ----------  --------------  -------------------
/opt/airflow/dags/data_extracter_dag.py                           1           0  0.10s           2026-09-16T13:01:44
================================================================================
[2026-09-16T13:02:45.329+0000] {manager.py:878} INFO - 
================================================================================
DAG File Processing Stats

File Path                                PID    Runtime      # DAGs    # Errors  Last Runtime    Last Run
---------------------------------------  -----  ---------  --------  ----------  --------------  -------------------
/opt/airflow/dags/data_extracter_dag.py                           1           0  0.12s           2026-09-16T13:02:17
================================================================================
[2026-09-16T13:02:56.413+0000] {manager.py:737} INFO - Searching for files in /opt/airflow/dags
[2026-09-16T13:02:56.414+0000] {manager.py:740} INFO - There are 1 files in /opt/airflow/dags
[2026-09-16T13:03:17.544+0000] {manager.py:878} INFO - 
================================================================================
DAG File Processing Stats

File Path                                PID    Runtime      # DAGs    # Errors  Last Runtime    Last Run
---------------------------------------  -----  ---------  --------  ----------  --------------  -------------------
/opt/airflow/dags/data_extracter_dag.py                           1           0  0.14s           2026-09-16T13:02:49
================================================================================
[2026-09-16T13:03:50.340+0000] {manager.py:878} INFO - 
================================================================================
DAG File Processing Stats

File Path                                PID    Runtime      # DAGs    # Errors  Last Runtime    Last Run
---------------------------------------  -----  ---------  --------  ----------  --------------  -------------------
/opt/airflow/dags/data_extracter_dag.py                           1           0  0.33s           2026-09-16T13:03:21
================================================================================
[2026-09-16T13:04:22.687+0000] {manager.py:878} INFO - 
================================================================================
DAG File Processing Stats

File Path                                PID    Runtime      # DAGs    # Errors  Last Runtime    Last Run
---------------------------------------  -----  ---------  --------  ----------  --------------  -------------------
/opt/airflow/dags/data_extracter_dag.py                           1           0  0.11s           2026-09-16T13:03:53
================================================================================
[2026-09-16T13:04:55.121+0000] {manager.py:878} INFO - 
================================================================================
DAG File Processing Stats

File Path                                PID    Runtime      # DAGs    # Errors  Last Runtime    Last Run
---------------------------------------  -----  ---------  --------  ----------  --------------  -------------------
/opt/airflow/dags/data_extracter_dag.py                           1           0  0.13s           2026-09-16T13:04:26
================================================================================
[2026-09-16T13:05:27.544+0000] {manager.py:878} INFO - 
================================================================================
DAG File Processing Stats

File Path                                PID    Runtime      # DAGs    # Errors  Last Runtime    Last Run
---------------------------------------  -----  ---------  --------  ----------  --------------  -------------------
/opt/airflow/dags/data_extracter_dag.py                           1           0  0.10s           2026-09-16T13:04:58
================================================================================
[2026-09-16T13:06:02.205+0000] {manager.py:878} INFO - 
================================================================================
DAG File Processing Stats

File Path                                  PID  Runtime      # DAGs    # Errors  Last Runtime    Last Run
---------------------------------------  -----  ---------  --------  ----------  --------------  -------------------
/opt/airflow/dags/data_extracter_dag.py   1225  0.01s             1           0  0.10s           2026-09-16T13:05:29
================================================================================
[2026-09-16T13:06:34.723+0000] {manager.py:878} INFO - 
================================================================================
DAG File Processing Stats

File Path                                  PID  Runtime      # DAGs    # Errors  Last Runtime    Last Run
---------------------------------------  -----  ---------  --------  ----------  --------------  -------------------
/opt/airflow/dags/data_extracter_dag.py   1232  0.01s             1           0  0.11s           2026-09-16T13:06:02
================================================================================
[2026-09-16T13:07:07.115+0000] {manager.py:878} INFO - 
================================================================================
DAG File Processing Stats

File Path                                  PID  Runtime      # DAGs    # Errors  Last Runtime    Last Run
---------------------------------------  -----  ---------  --------  ----------  --------------  -------------------
/opt/airflow/dags/data_extracter_dag.py   1239  0.00s             1           0  0.12s           2026-09-16T13:06:34
================================================================================
[2026-09-16T13:07:39.536+0000] {manager.py:878} INFO - 
================================================================================
DAG File Processing Stats

File Path                                  PID  Runtime      # DAGs    # Errors  Last Runtime    Last Run
---------------------------------------  -----  ---------  --------  ----------  --------------  -------------------
/opt/airflow/dags/data_extracter_dag.py   1246  0.01s             1           0  0.10s           2026-09-16T13:07:07
================================================================================
[2026-09-16T13:07:56.623+0000] {manager.py:737} INFO - Searching for files in /opt/airflow/dags
[2026-09-16T13:07:56.625+0000] {manager.py:740} INFO - There are 1 files in /opt/airflow/dags
[2026-09-16T13:08:12.047+0000] {manager.py:878} INFO - 
================================================================================
DAG File Processing Stats

File Path                                PID    Runtime      # DAGs    # Errors  Last Runtime    Last Run
---------------------------------------  -----  ---------  --------  ----------  --------------  -------------------
/opt/airflow/dags/data_extracter_dag.py                           1           0  0.10s           2026-09-16T13:08:11
================================================================================
[2026-09-16T13:08:44.501+0000] {manager.py:878} INFO - 
================================================================================
DAG File Processing Stats

File Path                                PID    Runtime      # DAGs    # Errors  Last Runtime    Last Run
---------------------------------------  -----  ---------  --------  ----------  --------------  -------------------
/opt/airflow/dags/data_extracter_dag.py                           1           0  0.11s           2026-09-16T13:08:43
================================================================================
[2026-09-16T13:09:16.924+0000] {manager.py:878} INFO - 
================================================================================
DAG File Processing Stats

File Path                                PID    Runtime      # DAGs    # Errors  Last Runtime    Last Run
---------------------------------------  -----  ---------  --------  ----------  --------------  -------------------
/opt/airflow/dags/data_extracter_dag.py                           1           0  0.10s           2026-09-16T13:09:16
================================================================================
[2026-09-16T13:09:49.385+0000] {manager.py:878} INFO - 
================================================================================
DAG File Processing Stats

File Path                                PID    Runtime      # DAGs    # Errors  Last Runtime    Last Run
---------------------------------------  -----  ---------  --------  ----------  --------------  -------------------
/opt/airflow/dags/data_extracter_dag.py                           1           0  0.11s           2026-09-16T13:09:48
================================================================================
[2026-09-16T13:10:21.783+0000] {manager.py:878} INFO - 
================================================================================
DAG File Processing Stats

File Path                                PID    Runtime      # DAGs    # Errors  Last Runtime    Last Run
---------------------------------------  -----  ---------  --------  ----------  --------------  -------------------
/opt/airflow/dags/data_extracter_dag.py                           1           0  0.10s           2026-09-16T13:10:20
================================================================================
[2026-09-16T13:10:53.845+0000] {manager.py:878} INFO - 
================================================================================
DAG File Processing Stats

File Path                                PID    Runtime      # DAGs    # Errors  Last Runtime    Last Run
---------------------------------------  -----  ---------  --------  ----------  --------------  -------------------
/opt/airflow/dags/data_extracter_dag.py                           1           0  0.12s           2026-09-16T13:10:51
================================================================================
[2026-09-16T13:32:32.061+0000] {manager.py:737} INFO - Searching for files in /opt/airflow/dags
[2026-09-16T13:32:32.064+0000] {manager.py:740} INFO - There are 1 files in /opt/airflow/dags
[2026-09-16T13:33:00.010+0000] {manager.py:878} INFO - 
================================================================================
DAG File Processing Stats

File Path                                PID    Runtime      # DAGs    # Errors  Last Runtime    Last Run
---------------------------------------  -----  ---------  --------  ----------  --------------  -------------------
/opt/airflow/dags/data_extracter_dag.py                           1           0  0.92s           2026-09-16T13:32:33
================================================================================
[2026-09-16T13:33:31.875+0000] {manager.py:878} INFO - 
================================================================================
DAG File Processing Stats

File Path                                PID    Runtime      # DAGs    # Errors  Last Runtime    Last Run
---------------------------------------  -----  ---------  --------  ----------  --------------  -------------------
/opt/airflow/dags/data_extracter_dag.py                           1           0  0.11s           2026-09-16T13:33:03
================================================================================
[2026-09-16T13:34:04.294+0000] {manager.py:878} INFO - 
================================================================================
DAG File Processing Stats

File Path                                  PID  Runtime      # DAGs    # Errors  Last Runtime    Last Run
---------------------------------------  -----  ---------  --------  ----------  --------------  -------------------
/opt/airflow/dags/data_extracter_dag.py   1311  0.01s             1           0  0.09s           2026-09-16T13:33:33
================================================================================
[2026-09-16T13:34:36.792+0000] {manager.py:878} INFO - 
================================================================================
DAG File Processing Stats

File Path                                PID    Runtime      # DAGs    # Errors  Last Runtime    Last Run
---------------------------------------  -----  ---------  --------  ----------  --------------  -------------------
/opt/airflow/dags/data_extracter_dag.py                           1           0  0.16s           2026-09-16T13:34:34
================================================================================
[2026-09-16T13:35:09.411+0000] {manager.py:878} INFO - 
================================================================================
DAG File Processing Stats

File Path                                PID    Runtime      # DAGs    # Errors  Last Runtime    Last Run
---------------------------------------  -----  ---------  --------  ----------  --------------  -------------------
/opt/airflow/dags/data_extracter_dag.py                           1           0  0.12s           2026-09-16T13:35:06
================================================================================
[2026-09-16T13:35:41.982+0000] {manager.py:878} INFO - 
================================================================================
DAG File Processing Stats

File Path                                PID    Runtime      # DAGs    # Errors  Last Runtime    Last Run
---------------------------------------  -----  ---------  --------  ----------  --------------  -------------------
/opt/airflow/dags/data_extracter_dag.py                           1           0  0.16s           2026-09-16T13:35:39
================================================================================
[2026-09-16T13:36:14.418+0000] {manager.py:878} INFO - 
================================================================================
DAG File Processing Stats

File Path                                PID    Runtime      # DAGs    # Errors  Last Runtime    Last Run
---------------------------------------  -----  ---------  --------  ----------  --------------  -------------------
/opt/airflow/dags/data_extracter_dag.py                           1           0  0.13s           2026-09-16T13:36:11
================================================================================
[2026-09-16T13:36:46.827+0000] {manager.py:878} INFO - 
================================================================================
DAG File Processing Stats

File Path                                PID    Runtime      # DAGs    # Errors  Last Runtime    Last Run
---------------------------------------  -----  ---------  --------  ----------  --------------  -------------------
/opt/airflow/dags/data_extracter_dag.py                           1           0  0.40s           2026-09-16T13:36:44
================================================================================
[2026-09-16T13:37:19.410+0000] {manager.py:878} INFO - 
================================================================================
DAG File Processing Stats

File Path                                PID    Runtime      # DAGs    # Errors  Last Runtime    Last Run
---------------------------------------  -----  ---------  --------  ----------  --------------  -------------------
/opt/airflow/dags/data_extracter_dag.py                           1           0  0.11s           2026-09-16T13:37:15
================================================================================
[2026-09-16T13:37:32.477+0000] {manager.py:737} INFO - Searching for files in /opt/airflow/dags
[2026-09-16T13:37:32.479+0000] {manager.py:740} INFO - There are 1 files in /opt/airflow/dags
[2026-09-16T13:37:52.003+0000] {manager.py:878} INFO - 
================================================================================
DAG File Processing Stats

File Path                                PID    Runtime      # DAGs    # Errors  Last Runtime    Last Run
---------------------------------------  -----  ---------  --------  ----------  --------------  -------------------
/opt/airflow/dags/data_extracter_dag.py                           1           0  0.10s           2026-09-16T13:37:48
================================================================================
[2026-09-16T13:38:24.404+0000] {manager.py:878} INFO - 
================================================================================
DAG File Processing Stats

File Path                                PID    Runtime      # DAGs    # Errors  Last Runtime    Last Run
---------------------------------------  -----  ---------  --------  ----------  --------------  -------------------
/opt/airflow/dags/data_extracter_dag.py                           1           0  0.10s           2026-09-16T13:38:20
================================================================================
[2026-09-16T13:38:56.827+0000] {manager.py:878} INFO - 
================================================================================
DAG File Processing Stats

File Path                                PID    Runtime      # DAGs    # Errors  Last Runtime    Last Run
---------------------------------------  -----  ---------  --------  ----------  --------------  -------------------
/opt/airflow/dags/data_extracter_dag.py                           1           0  0.15s           2026-09-16T13:38:52
================================================================================
[2026-09-16T13:39:29.376+0000] {manager.py:878} INFO - 
================================================================================
DAG File Processing Stats

File Path                                PID    Runtime      # DAGs    # Errors  Last Runtime    Last Run
---------------------------------------  -----  ---------  --------  ----------  --------------  -------------------
/opt/airflow/dags/data_extracter_dag.py                           1           0  0.10s           2026-09-16T13:39:25
================================================================================
[2026-09-16T13:40:01.879+0000] {manager.py:878} INFO - 
================================================================================
DAG File Processing Stats

File Path                                PID    Runtime      # DAGs    # Errors  Last Runtime    Last Run
---------------------------------------  -----  ---------  --------  ----------  --------------  -------------------
/opt/airflow/dags/data_extracter_dag.py                           1           0  0.10s           2026-09-16T13:39:56
================================================================================
[2026-09-16T13:40:33.970+0000] {manager.py:878} INFO - 
================================================================================
DAG File Processing Stats

File Path                                PID    Runtime      # DAGs    # Errors  Last Runtime    Last Run
---------------------------------------  -----  ---------  --------  ----------  --------------  -------------------
/opt/airflow/dags/data_extracter_dag.py                           1           0  0.08s           2026-09-16T13:40:28
================================================================================
[2026-09-16T13:41:06.433+0000] {manager.py:878} INFO - 
================================================================================
DAG File Processing Stats

File Path                                PID    Runtime      # DAGs    # Errors  Last Runtime    Last Run
---------------------------------------  -----  ---------  --------  ----------  --------------  -------------------
/opt/airflow/dags/data_extracter_dag.py                           1           0  0.10s           2026-09-16T13:41:01
================================================================================
[2026-09-16T13:41:38.641+0000] {manager.py:878} INFO - 
================================================================================
DAG File Processing Stats

File Path                                PID    Runtime      # DAGs    # Errors  Last Runtime    Last Run
---------------------------------------  -----  ---------  --------  ----------  --------------  -------------------
/opt/airflow/dags/data_extracter_dag.py                           1           0  0.09s           2026-09-16T13:41:33
================================================================================
[2026-09-16T13:42:10.871+0000] {manager.py:878} INFO - 
================================================================================
DAG File Processing Stats

File Path                                PID    Runtime      # DAGs    # Errors  Last Runtime    Last Run
---------------------------------------  -----  ---------  --------  ----------  --------------  -------------------
/opt/airflow/dags/data_extracter_dag.py                           1           0  0.11s           2026-09-16T13:42:05
================================================================================
[2026-09-16T13:42:32.987+0000] {manager.py:737} INFO - Searching for files in /opt/airflow/dags
[2026-09-16T13:42:32.988+0000] {manager.py:740} INFO - There are 1 files in /opt/airflow/dags
[2026-09-16T13:42:43.148+0000] {manager.py:878} INFO - 
================================================================================
DAG File Processing Stats

File Path                                PID    Runtime      # DAGs    # Errors  Last Runtime    Last Run
---------------------------------------  -----  ---------  --------  ----------  --------------  -------------------
/opt/airflow/dags/data_extracter_dag.py                           1           0  0.10s           2026-09-16T13:42:37
================================================================================
[2026-09-16T13:43:15.486+0000] {manager.py:878} INFO - 
================================================================================
DAG File Processing Stats

File Path                                PID    Runtime      # DAGs    # Errors  Last Runtime    Last Run
---------------------------------------  -----  ---------  --------  ----------  --------------  -------------------
/opt/airflow/dags/data_extracter_dag.py                           1           0  0.10s           2026-09-16T13:43:09
================================================================================
[2026-09-16T13:43:47.767+0000] {manager.py:878} INFO - 
================================================================================
DAG File Processing Stats

File Path                                PID    Runtime      # DAGs    # Errors  Last Runtime    Last Run
---------------------------------------  -----  ---------  --------  ----------  --------------  -------------------
/opt/airflow/dags/data_extracter_dag.py                           1           0  0.09s           2026-09-16T13:43:41
================================================================================
[2026-09-16T13:44:43.111+0000] {manager.py:878} INFO - 
================================================================================
DAG File Processing Stats

File Path                                PID    Runtime      # DAGs    # Errors  Last Runtime    Last Run
---------------------------------------  -----  ---------  --------  ----------  --------------  -------------------
/opt/airflow/dags/data_extracter_dag.py                           1           0  0.10s           2026-09-16T13:44:35
================================================================================
[2026-09-16T13:45:14.012+0000] {manager.py:878} INFO - 
================================================================================
DAG File Processing Stats

File Path                                PID    Runtime      # DAGs    # Errors  Last Runtime    Last Run
---------------------------------------  -----  ---------  --------  ----------  --------------  -------------------
/opt/airflow/dags/data_extracter_dag.py                           1           0  0.12s           2026-09-16T13:45:05
================================================================================
[2026-09-16T13:45:46.174+0000] {manager.py:878} INFO - 
================================================================================
DAG File Processing Stats

File Path                                PID    Runtime      # DAGs    # Errors  Last Runtime    Last Run
---------------------------------------  -----  ---------  --------  ----------  --------------  -------------------
/opt/airflow/dags/data_extracter_dag.py                           1           0  0.11s           2026-09-16T13:45:36
================================================================================
[2026-09-16T13:46:17.506+0000] {manager.py:878} INFO - 
================================================================================
DAG File Processing Stats

File Path                                PID    Runtime      # DAGs    # Errors  Last Runtime    Last Run
---------------------------------------  -----  ---------  --------  ----------  --------------  -------------------
/opt/airflow/dags/data_extracter_dag.py                           1           0  0.09s           2026-09-16T13:46:06
================================================================================
[2026-09-16T13:46:49.695+0000] {manager.py:878} INFO - 
================================================================================
DAG File Processing Stats

File Path                                PID    Runtime      # DAGs    # Errors  Last Runtime    Last Run
---------------------------------------  -----  ---------  --------  ----------  --------------  -------------------
/opt/airflow/dags/data_extracter_dag.py                           1           0  0.10s           2026-09-16T13:46:36
================================================================================
[2026-09-16T13:47:22.064+0000] {manager.py:878} INFO - 
================================================================================
DAG File Processing Stats

File Path                                PID    Runtime      # DAGs    # Errors  Last Runtime    Last Run
---------------------------------------  -----  ---------  --------  ----------  --------------  -------------------
/opt/airflow/dags/data_extracter_dag.py                           1           0  0.10s           2026-09-16T13:47:06
================================================================================
[2026-09-16T13:47:33.115+0000] {manager.py:737} INFO - Searching for files in /opt/airflow/dags
[2026-09-16T13:47:33.117+0000] {manager.py:740} INFO - There are 1 files in /opt/airflow/dags
[2026-09-16T13:47:54.137+0000] {manager.py:878} INFO - 
================================================================================
DAG File Processing Stats

File Path                                PID    Runtime      # DAGs    # Errors  Last Runtime    Last Run
---------------------------------------  -----  ---------  --------  ----------  --------------  -------------------
/opt/airflow/dags/data_extracter_dag.py                           1           0  0.13s           2026-09-16T13:47:37
================================================================================
[2026-09-16T13:48:26.632+0000] {manager.py:878} INFO - 
================================================================================
DAG File Processing Stats

File Path                                PID    Runtime      # DAGs    # Errors  Last Runtime    Last Run
---------------------------------------  -----  ---------  --------  ----------  --------------  -------------------
/opt/airflow/dags/data_extracter_dag.py                           1           0  0.10s           2026-09-16T13:48:07
================================================================================
[2026-09-16T13:48:59.112+0000] {manager.py:878} INFO - 
================================================================================
DAG File Processing Stats

File Path                                PID    Runtime      # DAGs    # Errors  Last Runtime    Last Run
---------------------------------------  -----  ---------  --------  ----------  --------------  -------------------
/opt/airflow/dags/data_extracter_dag.py                           1           0  0.10s           2026-09-16T13:48:37
================================================================================
[2026-09-16T13:49:57.119+0000] {manager.py:470} INFO - Processing files using up to 2 processes at a time 
[2026-09-16T13:49:57.120+0000] {manager.py:471} INFO - Process each file at most once every 30 seconds
[2026-09-16T13:49:57.120+0000] {manager.py:472} INFO - Checking for new files in /opt/airflow/dags every 300 seconds
[2026-09-16T13:49:57.120+0000] {manager.py:737} INFO - Searching for files in /opt/airflow/dags
[2026-09-16T13:49:57.121+0000] {manager.py:740} INFO - There are 1 files in /opt/airflow/dags
[2026-09-16T13:49:57.283+0000] {manager.py:878} INFO - 
================================================================================
DAG File Processing Stats

File Path                                  PID  Runtime      # DAGs    # Errors  Last Runtime    Last Run
---------------------------------------  -----  ---------  --------  ----------  --------------  ----------
/opt/airflow/dags/data_extracter_dag.py     48  0.05s             0           0
================================================================================
[2026-09-16T13:50:30.107+0000] {manager.py:878} INFO - 
================================================================================
DAG File Processing Stats

File Path                                PID    Runtime      # DAGs    # Errors  Last Runtime    Last Run
---------------------------------------  -----  ---------  --------  ----------  --------------  -------------------
/opt/airflow/dags/data_extracter_dag.py                           1           0  0.47s           2026-09-16T13:50:28
================================================================================
[2026-09-16T13:50:56.562+0000] {manager.py:452} INFO - Exiting gracefully upon receiving signal 15
[2026-09-16T13:51:47.169+0000] {manager.py:470} INFO - Processing files using up to 2 processes at a time 
[2026-09-16T13:51:47.170+0000] {manager.py:471} INFO - Process each file at most once every 30 seconds
[2026-09-16T13:51:47.170+0000] {manager.py:472} INFO - Checking for new files in /opt/airflow/dags every 300 seconds
[2026-09-16T13:51:47.171+0000] {manager.py:737} INFO - Searching for files in /opt/airflow/dags
[2026-09-16T13:51:47.172+0000] {manager.py:740} INFO - There are 1 files in /opt/airflow/dags
[2026-09-16T13:51:47.305+0000] {manager.py:878} INFO - 
================================================================================
DAG File Processing Stats

File Path                                  PID  Runtime      # DAGs    # Errors  Last Runtime    Last Run
---------------------------------------  -----  ---------  --------  ----------  --------------  ----------
/opt/airflow/dags/data_extracter_dag.py     48  0.05s             0           0
================================================================================
[2026-09-16T13:52:19.775+0000] {manager.py:878} INFO - 
================================================================================
DAG File Processing Stats

File Path                                PID    Runtime      # DAGs    # Errors  Last Runtime    Last Run
---------------------------------------  -----  ---------  --------  ----------  --------------  -------------------
/opt/airflow/dags/data_extracter_dag.py                           1           0  0.12s           2026-09-16T13:52:17
================================================================================
[2026-09-16T13:52:52.434+0000] {manager.py:878} INFO - 
================================================================================
DAG File Processing Stats

File Path                                PID    Runtime      # DAGs    # Errors  Last Runtime    Last Run
---------------------------------------  -----  ---------  --------  ----------  --------------  -------------------
/opt/airflow/dags/data_extracter_dag.py                           1           0  0.11s           2026-09-16T13:52:48
================================================================================
[2026-09-16T13:53:24.644+0000] {manager.py:878} INFO - 
================================================================================
DAG File Processing Stats

File Path                                PID    Runtime      # DAGs    # Errors  Last Runtime    Last Run
---------------------------------------  -----  ---------  --------  ----------  --------------  -------------------
/opt/airflow/dags/data_extracter_dag.py                           1           0  0.10s           2026-09-16T13:53:18
================================================================================
[2026-09-16T13:53:56.986+0000] {manager.py:878} INFO - 
================================================================================
DAG File Processing Stats

File Path                                PID    Runtime      # DAGs    # Errors  Last Runtime    Last Run
---------------------------------------  -----  ---------  --------  ----------  --------------  -------------------
/opt/airflow/dags/data_extracter_dag.py                           1           0  0.10s           2026-09-16T13:53:48
================================================================================
[2026-09-16T13:54:29.315+0000] {manager.py:878} INFO - 
================================================================================
DAG File Processing Stats

File Path                                PID    Runtime      # DAGs    # Errors  Last Runtime    Last Run
---------------------------------------  -----  ---------  --------  ----------  --------------  -------------------
/opt/airflow/dags/data_extracter_dag.py                           1           0  0.11s           2026-09-16T13:54:19
================================================================================
[2026-09-16T13:55:01.674+0000] {manager.py:878} INFO - 
================================================================================
DAG File Processing Stats

File Path                                PID    Runtime      # DAGs    # Errors  Last Runtime    Last Run
---------------------------------------  -----  ---------  --------  ----------  --------------  -------------------
/opt/airflow/dags/data_extracter_dag.py                           1           0  0.09s           2026-09-16T13:54:49
================================================================================
[2026-09-16T13:55:33.979+0000] {manager.py:878} INFO - 
================================================================================
DAG File Processing Stats

File Path                                PID    Runtime      # DAGs    # Errors  Last Runtime    Last Run
---------------------------------------  -----  ---------  --------  ----------  --------------  -------------------
/opt/airflow/dags/data_extracter_dag.py                           1           0  0.10s           2026-09-16T13:55:19
================================================================================
[2026-09-16T13:56:06.350+0000] {manager.py:878} INFO - 
================================================================================
DAG File Processing Stats

File Path                                PID    Runtime      # DAGs    # Errors  Last Runtime    Last Run
---------------------------------------  -----  ---------  --------  ----------  --------------  -------------------
/opt/airflow/dags/data_extracter_dag.py                           1           0  0.09s           2026-09-16T13:55:50
================================================================================
[2026-09-16T13:56:38.682+0000] {manager.py:878} INFO - 
================================================================================
DAG File Processing Stats

File Path                                PID    Runtime      # DAGs    # Errors  Last Runtime    Last Run
---------------------------------------  -----  ---------  --------  ----------  --------------  -------------------
/opt/airflow/dags/data_extracter_dag.py                           1           0  0.09s           2026-09-16T13:56:21
================================================================================
[2026-09-16T13:56:47.736+0000] {manager.py:737} INFO - Searching for files in /opt/airflow/dags
[2026-09-16T13:56:47.738+0000] {manager.py:740} INFO - There are 1 files in /opt/airflow/dags
[2026-09-16T13:57:11.046+0000] {manager.py:878} INFO - 
================================================================================
DAG File Processing Stats

File Path                                PID    Runtime      # DAGs    # Errors  Last Runtime    Last Run
---------------------------------------  -----  ---------  --------  ----------  --------------  -------------------
/opt/airflow/dags/data_extracter_dag.py                           1           0  0.09s           2026-09-16T13:56:54
================================================================================
[2026-09-16T13:57:43.357+0000] {manager.py:878} INFO - 
================================================================================
DAG File Processing Stats

File Path                                PID    Runtime      # DAGs    # Errors  Last Runtime    Last Run
---------------------------------------  -----  ---------  --------  ----------  --------------  -------------------
/opt/airflow/dags/data_extracter_dag.py                           1           0  0.10s           2026-09-16T13:57:26
================================================================================
[2026-09-16T13:58:15.718+0000] {manager.py:878} INFO - 
================================================================================
DAG File Processing Stats

File Path                                PID    Runtime      # DAGs    # Errors  Last Runtime    Last Run
---------------------------------------  -----  ---------  --------  ----------  --------------  -------------------
/opt/airflow/dags/data_extracter_dag.py                           1           0  0.11s           2026-09-16T13:57:58
================================================================================
[2026-09-16T13:58:47.999+0000] {manager.py:878} INFO - 
================================================================================
DAG File Processing Stats

File Path                                PID    Runtime      # DAGs    # Errors  Last Runtime    Last Run
---------------------------------------  -----  ---------  --------  ----------  --------------  -------------------
/opt/airflow/dags/data_extracter_dag.py                           1           0  0.12s           2026-09-16T13:58:31
================================================================================
[2026-09-16T13:59:20.377+0000] {manager.py:878} INFO - 
================================================================================
DAG File Processing Stats

File Path                                PID    Runtime      # DAGs    # Errors  Last Runtime    Last Run
---------------------------------------  -----  ---------  --------  ----------  --------------  -------------------
/opt/airflow/dags/data_extracter_dag.py                           1           0  0.12s           2026-09-16T13:59:02
================================================================================
[2026-09-16T13:59:52.660+0000] {manager.py:878} INFO - 
================================================================================
DAG File Processing Stats

File Path                                PID    Runtime      # DAGs    # Errors  Last Runtime    Last Run
---------------------------------------  -----  ---------  --------  ----------  --------------  -------------------
/opt/airflow/dags/data_extracter_dag.py                           1           0  0.09s           2026-09-16T13:59:34
================================================================================
[2026-09-16T14:00:25.435+0000] {manager.py:878} INFO - 
================================================================================
DAG File Processing Stats

File Path                                PID    Runtime      # DAGs    # Errors  Last Runtime    Last Run
---------------------------------------  -----  ---------  --------  ----------  --------------  -------------------
/opt/airflow/dags/data_extracter_dag.py                           1           0  0.09s           2026-09-16T14:00:07
================================================================================
[2026-09-16T14:00:57.199+0000] {manager.py:878} INFO - 
================================================================================
DAG File Processing Stats

File Path                                PID    Runtime      # DAGs    # Errors  Last Runtime    Last Run
---------------------------------------  -----  ---------  --------  ----------  --------------  -------------------
/opt/airflow/dags/data_extracter_dag.py                           1           0  0.09s           2026-09-16T14:00:39
================================================================================
[2026-09-16T14:01:29.657+0000] {manager.py:878} INFO - 
================================================================================
DAG File Processing Stats

File Path                                PID    Runtime      # DAGs    # Errors  Last Runtime    Last Run
---------------------------------------  -----  ---------  --------  ----------  --------------  -------------------
/opt/airflow/dags/data_extracter_dag.py                           1           0  0.12s           2026-09-16T14:01:11
================================================================================
[2026-09-16T14:01:48.151+0000] {manager.py:737} INFO - Searching for files in /opt/airflow/dags
[2026-09-16T14:01:48.152+0000] {manager.py:740} INFO - There are 1 files in /opt/airflow/dags
[2026-09-16T14:02:02.224+0000] {manager.py:878} INFO - 
================================================================================
DAG File Processing Stats

File Path                                PID    Runtime      # DAGs    # Errors  Last Runtime    Last Run
---------------------------------------  -----  ---------  --------  ----------  --------------  -------------------
/opt/airflow/dags/data_extracter_dag.py                           1           0  0.10s           2026-09-16T14:01:43
================================================================================
[2026-09-16T14:02:34.741+0000] {manager.py:878} INFO - 
================================================================================
DAG File Processing Stats

File Path                                PID    Runtime      # DAGs    # Errors  Last Runtime    Last Run
---------------------------------------  -----  ---------  --------  ----------  --------------  -------------------
/opt/airflow/dags/data_extracter_dag.py                           1           0  0.10s           2026-09-16T14:02:15
================================================================================
[2026-09-16T14:03:07.416+0000] {manager.py:878} INFO - 
================================================================================
DAG File Processing Stats

File Path                                PID    Runtime      # DAGs    # Errors  Last Runtime    Last Run
---------------------------------------  -----  ---------  --------  ----------  --------------  -------------------
/opt/airflow/dags/data_extracter_dag.py                           1           0  0.11s           2026-09-16T14:02:48
================================================================================
[2026-09-16T14:03:39.907+0000] {manager.py:878} INFO - 
================================================================================
DAG File Processing Stats

File Path                                PID    Runtime      # DAGs    # Errors  Last Runtime    Last Run
---------------------------------------  -----  ---------  --------  ----------  --------------  -------------------
/opt/airflow/dags/data_extracter_dag.py                           1           0  0.11s           2026-09-16T14:03:20
================================================================================
[2026-09-16T14:03:41.835+0000] {manager.py:452} INFO - Exiting gracefully upon receiving signal 15
[2026-09-16T14:04:33.248+0000] {manager.py:470} INFO - Processing files using up to 2 processes at a time 
[2026-09-16T14:04:33.249+0000] {manager.py:471} INFO - Process each file at most once every 30 seconds
[2026-09-16T14:04:33.250+0000] {manager.py:472} INFO - Checking for new files in /opt/airflow/dags every 300 seconds
[2026-09-16T14:04:33.250+0000] {manager.py:737} INFO - Searching for files in /opt/airflow/dags
[2026-09-16T14:04:33.252+0000] {manager.py:740} INFO - There are 1 files in /opt/airflow/dags
[2026-09-16T14:04:33.392+0000] {manager.py:878} INFO - 
================================================================================
DAG File Processing Stats

File Path                                  PID  Runtime      # DAGs    # Errors  Last Runtime    Last Run
---------------------------------------  -----  ---------  --------  ----------  --------------  ----------
/opt/airflow/dags/data_extracter_dag.py     48  0.05s             0           0
================================================================================
[2026-09-16T14:05:05.855+0000] {manager.py:878} INFO - 
================================================================================
DAG File Processing Stats

File Path                                PID    Runtime      # DAGs    # Errors  Last Runtime    Last Run
---------------------------------------  -----  ---------  --------  ----------  --------------  -------------------
/opt/airflow/dags/data_extracter_dag.py                           1           0  0.10s           2026-09-16T14:05:03
================================================================================
[2026-09-16T14:05:38.220+0000] {manager.py:878} INFO - 
================================================================================
DAG File Processing Stats

File Path                                PID    Runtime      # DAGs    # Errors  Last Runtime    Last Run
---------------------------------------  -----  ---------  --------  ----------  --------------  -------------------
/opt/airflow/dags/data_extracter_dag.py                           1           0  0.10s           2026-09-16T14:05:34
================================================================================
[2026-09-16T14:06:10.659+0000] {manager.py:878} INFO - 
================================================================================
DAG File Processing Stats

File Path                                PID    Runtime      # DAGs    # Errors  Last Runtime    Last Run
---------------------------------------  -----  ---------  --------  ----------  --------------  -------------------
/opt/airflow/dags/data_extracter_dag.py                           1           0  0.13s           2026-09-16T14:06:04
================================================================================
[2026-09-16T14:06:43.256+0000] {manager.py:878} INFO - 
================================================================================
DAG File Processing Stats

File Path                                PID    Runtime      # DAGs    # Errors  Last Runtime    Last Run
---------------------------------------  -----  ---------  --------  ----------  --------------  -------------------
/opt/airflow/dags/data_extracter_dag.py                           1           0  0.11s           2026-09-16T14:06:35
================================================================================
[2026-09-16T14:07:15.840+0000] {manager.py:878} INFO - 
================================================================================
DAG File Processing Stats

File Path                                PID    Runtime      # DAGs    # Errors  Last Runtime    Last Run
---------------------------------------  -----  ---------  --------  ----------  --------------  -------------------
/opt/airflow/dags/data_extracter_dag.py                           1           0  0.10s           2026-09-16T14:07:06
================================================================================
[2026-09-16T14:07:48.411+0000] {manager.py:878} INFO - 
================================================================================
DAG File Processing Stats

File Path                                PID    Runtime      # DAGs    # Errors  Last Runtime    Last Run
---------------------------------------  -----  ---------  --------  ----------  --------------  -------------------
/opt/airflow/dags/data_extracter_dag.py                           1           0  0.10s           2026-09-16T14:07:39
================================================================================
[2026-09-16T14:08:20.804+0000] {manager.py:878} INFO - 
================================================================================
DAG File Processing Stats

File Path                                PID    Runtime      # DAGs    # Errors  Last Runtime    Last Run
---------------------------------------  -----  ---------  --------  ----------  --------------  -------------------
/opt/airflow/dags/data_extracter_dag.py                           1           0  0.14s           2026-09-16T14:08:11
================================================================================
[2026-09-16T14:08:53.414+0000] {manager.py:878} INFO - 
================================================================================
DAG File Processing Stats

File Path                                PID    Runtime      # DAGs    # Errors  Last Runtime    Last Run
---------------------------------------  -----  ---------  --------  ----------  --------------  -------------------
/opt/airflow/dags/data_extracter_dag.py                           1           0  0.11s           2026-09-16T14:08:43
================================================================================
[2026-09-16T14:09:26.090+0000] {manager.py:878} INFO - 
================================================================================
DAG File Processing Stats

File Path                                PID    Runtime      # DAGs    # Errors  Last Runtime    Last Run
---------------------------------------  -----  ---------  --------  ----------  --------------  -------------------
/opt/airflow/dags/data_extracter_dag.py                           1           0  0.13s           2026-09-16T14:09:16
================================================================================
[2026-09-16T14:09:32.340+0000] {manager.py:452} INFO - Exiting gracefully upon receiving signal 15
[2026-09-16T14:10:26.349+0000] {manager.py:470} INFO - Processing files using up to 2 processes at a time 
[2026-09-16T14:10:26.350+0000] {manager.py:471} INFO - Process each file at most once every 30 seconds
[2026-09-16T14:10:26.351+0000] {manager.py:472} INFO - Checking for new files in /opt/airflow/dags every 300 seconds
[2026-09-16T14:10:26.351+0000] {manager.py:737} INFO - Searching for files in /opt/airflow/dags
[2026-09-16T14:10:26.354+0000] {manager.py:740} INFO - There are 1 files in /opt/airflow/dags
[2026-09-16T14:10:26.485+0000] {manager.py:878} INFO - 
================================================================================
DAG File Processing Stats

File Path                                  PID  Runtime      # DAGs    # Errors  Last Runtime    Last Run
---------------------------------------  -----  ---------  --------  ----------  --------------  ----------
/opt/airflow/dags/data_extracter_dag.py     48  0.04s             0           0
================================================================================
[2026-09-16T14:10:58.990+0000] {manager.py:878} INFO - 
================================================================================
DAG File Processing Stats

File Path                                PID    Runtime      # DAGs    # Errors  Last Runtime    Last Run
---------------------------------------  -----  ---------  --------  ----------  --------------  -------------------
/opt/airflow/dags/data_extracter_dag.py                           1           0  0.11s           2026-09-16T14:10:57
================================================================================
[2026-09-16T14:11:31.767+0000] {manager.py:878} INFO - 
================================================================================
DAG File Processing Stats

File Path                                PID    Runtime      # DAGs    # Errors  Last Runtime    Last Run
---------------------------------------  -----  ---------  --------  ----------  --------------  -------------------
/opt/airflow/dags/data_extracter_dag.py                           1           0  0.11s           2026-09-16T14:11:27
================================================================================
[2026-09-16T14:12:04.105+0000] {manager.py:878} INFO - 
================================================================================
DAG File Processing Stats

File Path                                PID    Runtime      # DAGs    # Errors  Last Runtime    Last Run
---------------------------------------  -----  ---------  --------  ----------  --------------  -------------------
/opt/airflow/dags/data_extracter_dag.py                           1           0  0.09s           2026-09-16T14:11:58
================================================================================
[2026-09-16T14:12:36.544+0000] {manager.py:878} INFO - 
================================================================================
DAG File Processing Stats

File Path                                PID    Runtime      # DAGs    # Errors  Last Runtime    Last Run
---------------------------------------  -----  ---------  --------  ----------  --------------  -------------------
/opt/airflow/dags/data_extracter_dag.py                           1           0  0.10s           2026-09-16T14:12:29
================================================================================
[2026-09-16T14:13:08.972+0000] {manager.py:878} INFO - 
================================================================================
DAG File Processing Stats

File Path                                PID    Runtime      # DAGs    # Errors  Last Runtime    Last Run
---------------------------------------  -----  ---------  --------  ----------  --------------  -------------------
/opt/airflow/dags/data_extracter_dag.py                           1           0  0.10s           2026-09-16T14:13:02
================================================================================
[2026-09-16T14:13:41.444+0000] {manager.py:878} INFO - 
================================================================================
DAG File Processing Stats

File Path                                PID    Runtime      # DAGs    # Errors  Last Runtime    Last Run
---------------------------------------  -----  ---------  --------  ----------  --------------  -------------------
/opt/airflow/dags/data_extracter_dag.py                           1           0  0.10s           2026-09-16T14:13:34
================================================================================
[2026-09-16T14:14:13.858+0000] {manager.py:878} INFO - 
================================================================================
DAG File Processing Stats

File Path                                PID    Runtime      # DAGs    # Errors  Last Runtime    Last Run
---------------------------------------  -----  ---------  --------  ----------  --------------  -------------------
/opt/airflow/dags/data_extracter_dag.py                           1           0  0.09s           2026-09-16T14:14:06
================================================================================
[2026-09-16T14:14:46.324+0000] {manager.py:878} INFO - 
================================================================================
DAG File Processing Stats

File Path                                PID    Runtime      # DAGs    # Errors  Last Runtime    Last Run
---------------------------------------  -----  ---------  --------  ----------  --------------  -------------------
/opt/airflow/dags/data_extracter_dag.py                           1           0  0.15s           2026-09-16T14:14:39
================================================================================
[2026-09-16T14:15:18.817+0000] {manager.py:878} INFO - 
================================================================================
DAG File Processing Stats

File Path                                PID    Runtime      # DAGs    # Errors  Last Runtime    Last Run
---------------------------------------  -----  ---------  --------  ----------  --------------  -------------------
/opt/airflow/dags/data_extracter_dag.py                           1           0  0.11s           2026-09-16T14:15:10
================================================================================
[2026-09-16T14:15:26.857+0000] {manager.py:737} INFO - Searching for files in /opt/airflow/dags
[2026-09-16T14:15:26.860+0000] {manager.py:740} INFO - There are 1 files in /opt/airflow/dags
[2026-09-16T14:15:51.268+0000] {manager.py:878} INFO - 
================================================================================
DAG File Processing Stats

File Path                                PID    Runtime      # DAGs    # Errors  Last Runtime    Last Run
---------------------------------------  -----  ---------  --------  ----------  --------------  -------------------
/opt/airflow/dags/data_extracter_dag.py                           1           0  0.11s           2026-09-16T14:15:43
================================================================================
[2026-09-16T14:16:23.773+0000] {manager.py:878} INFO - 
================================================================================
DAG File Processing Stats

File Path                                PID    Runtime      # DAGs    # Errors  Last Runtime    Last Run
---------------------------------------  -----  ---------  --------  ----------  --------------  -------------------
/opt/airflow/dags/data_extracter_dag.py                           1           0  0.10s           2026-09-16T14:16:15
================================================================================
[2026-09-16T14:16:56.202+0000] {manager.py:878} INFO - 
================================================================================
DAG File Processing Stats

File Path                                PID    Runtime      # DAGs    # Errors  Last Runtime    Last Run
---------------------------------------  -----  ---------  --------  ----------  --------------  -------------------
/opt/airflow/dags/data_extracter_dag.py                           1           0  0.10s           2026-09-16T14:16:48
================================================================================
[2026-09-16T14:17:28.685+0000] {manager.py:878} INFO - 
================================================================================
DAG File Processing Stats

File Path                                PID    Runtime      # DAGs    # Errors  Last Runtime    Last Run
---------------------------------------  -----  ---------  --------  ----------  --------------  -------------------
/opt/airflow/dags/data_extracter_dag.py                           1           0  0.09s           2026-09-16T14:17:20
================================================================================
[2026-09-16T14:18:01.133+0000] {manager.py:878} INFO - 
================================================================================
DAG File Processing Stats

File Path                                PID    Runtime      # DAGs    # Errors  Last Runtime    Last Run
---------------------------------------  -----  ---------  --------  ----------  --------------  -------------------
/opt/airflow/dags/data_extracter_dag.py                           1           0  0.10s           2026-09-16T14:17:53
================================================================================
[2026-09-16T14:18:33.546+0000] {manager.py:878} INFO - 
================================================================================
DAG File Processing Stats

File Path                                PID    Runtime      # DAGs    # Errors  Last Runtime    Last Run
---------------------------------------  -----  ---------  --------  ----------  --------------  -------------------
/opt/airflow/dags/data_extracter_dag.py                           1           0  0.10s           2026-09-16T14:18:24
================================================================================
[2026-09-16T14:19:05.793+0000] {manager.py:878} INFO - 
================================================================================
DAG File Processing Stats

File Path                                PID    Runtime      # DAGs    # Errors  Last Runtime    Last Run
---------------------------------------  -----  ---------  --------  ----------  --------------  -------------------
/opt/airflow/dags/data_extracter_dag.py                           1           0  0.08s           2026-09-16T14:18:56
================================================================================
[2026-09-16T14:19:38.537+0000] {manager.py:878} INFO - 
================================================================================
DAG File Processing Stats

File Path                                PID    Runtime      # DAGs    # Errors  Last Runtime    Last Run
---------------------------------------  -----  ---------  --------  ----------  --------------  -------------------
/opt/airflow/dags/data_extracter_dag.py                           1           0  0.10s           2026-09-16T14:19:29
================================================================================
[2026-09-16T14:20:11.530+0000] {manager.py:878} INFO - 
================================================================================
DAG File Processing Stats

File Path                                PID    Runtime      # DAGs    # Errors  Last Runtime    Last Run
---------------------------------------  -----  ---------  --------  ----------  --------------  -------------------
/opt/airflow/dags/data_extracter_dag.py                           1           0  0.09s           2026-09-16T14:20:02
================================================================================
[2026-09-16T14:20:27.624+0000] {manager.py:737} INFO - Searching for files in /opt/airflow/dags
[2026-09-16T14:20:27.625+0000] {manager.py:740} INFO - There are 1 files in /opt/airflow/dags
[2026-09-16T14:20:43.983+0000] {manager.py:878} INFO - 
================================================================================
DAG File Processing Stats

File Path                                PID    Runtime      # DAGs    # Errors  Last Runtime    Last Run
---------------------------------------  -----  ---------  --------  ----------  --------------  -------------------
/opt/airflow/dags/data_extracter_dag.py                           1           0  0.09s           2026-09-16T14:20:34
================================================================================
[2026-09-16T14:21:16.682+0000] {manager.py:878} INFO - 
================================================================================
DAG File Processing Stats

File Path                                PID    Runtime      # DAGs    # Errors  Last Runtime    Last Run
---------------------------------------  -----  ---------  --------  ----------  --------------  -------------------
/opt/airflow/dags/data_extracter_dag.py                           1           0  0.10s           2026-09-16T14:21:06
================================================================================
[2026-09-16T14:21:49.470+0000] {manager.py:878} INFO - 
================================================================================
DAG File Processing Stats

File Path                                PID    Runtime      # DAGs    # Errors  Last Runtime    Last Run
---------------------------------------  -----  ---------  --------  ----------  --------------  -------------------
/opt/airflow/dags/data_extracter_dag.py                           1           0  0.09s           2026-09-16T14:21:39
================================================================================
[2026-09-16T14:21:57.243+0000] {manager.py:452} INFO - Exiting gracefully upon receiving signal 15
[2026-09-16T14:22:52.138+0000] {manager.py:470} INFO - Processing files using up to 2 processes at a time 
[2026-09-16T14:22:52.139+0000] {manager.py:471} INFO - Process each file at most once every 30 seconds
[2026-09-16T14:22:52.140+0000] {manager.py:472} INFO - Checking for new files in /opt/airflow/dags every 300 seconds
[2026-09-16T14:22:52.140+0000] {manager.py:737} INFO - Searching for files in /opt/airflow/dags
[2026-09-16T14:22:52.141+0000] {manager.py:740} INFO - There are 1 files in /opt/airflow/dags
[2026-09-16T14:22:52.253+0000] {manager.py:878} INFO - 
================================================================================
DAG File Processing Stats

File Path                                  PID  Runtime      # DAGs    # Errors  Last Runtime    Last Run
---------------------------------------  -----  ---------  --------  ----------  --------------  ----------
/opt/airflow/dags/data_extracter_dag.py     49  0.04s             0           0
================================================================================
[2026-09-16T14:23:24.754+0000] {manager.py:878} INFO - 
================================================================================
DAG File Processing Stats

File Path                                PID    Runtime      # DAGs    # Errors  Last Runtime    Last Run
---------------------------------------  -----  ---------  --------  ----------  --------------  -------------------
/opt/airflow/dags/data_extracter_dag.py                           1           0  0.12s           2026-09-16T14:23:22
================================================================================
[2026-09-16T14:23:57.827+0000] {manager.py:878} INFO - 
================================================================================
DAG File Processing Stats

File Path                                PID    Runtime      # DAGs    # Errors  Last Runtime    Last Run
---------------------------------------  -----  ---------  --------  ----------  --------------  -------------------
/opt/airflow/dags/data_extracter_dag.py                           1           0  0.16s           2026-09-16T14:23:53
================================================================================
[2026-09-16T14:24:30.413+0000] {manager.py:878} INFO - 
================================================================================
DAG File Processing Stats

File Path                                PID    Runtime      # DAGs    # Errors  Last Runtime    Last Run
---------------------------------------  -----  ---------  --------  ----------  --------------  -------------------
/opt/airflow/dags/data_extracter_dag.py                           1           0  0.09s           2026-09-16T14:24:24
================================================================================
[2026-09-16T14:25:03.014+0000] {manager.py:878} INFO - 
================================================================================
DAG File Processing Stats

File Path                                PID    Runtime      # DAGs    # Errors  Last Runtime    Last Run
---------------------------------------  -----  ---------  --------  ----------  --------------  -------------------
/opt/airflow/dags/data_extracter_dag.py                           1           0  0.10s           2026-09-16T14:24:55
================================================================================
[2026-09-16T14:25:35.820+0000] {manager.py:878} INFO - 
================================================================================
DAG File Processing Stats

File Path                                PID    Runtime      # DAGs    # Errors  Last Runtime    Last Run
---------------------------------------  -----  ---------  --------  ----------  --------------  -------------------
/opt/airflow/dags/data_extracter_dag.py                           1           0  0.09s           2026-09-16T14:25:26
================================================================================
[2026-09-16T14:26:08.670+0000] {manager.py:878} INFO - 
================================================================================
DAG File Processing Stats

File Path                                PID    Runtime      # DAGs    # Errors  Last Runtime    Last Run
---------------------------------------  -----  ---------  --------  ----------  --------------  -------------------
/opt/airflow/dags/data_extracter_dag.py                           1           0  0.10s           2026-09-16T14:25:59
================================================================================
[2026-09-16T14:26:41.334+0000] {manager.py:878} INFO - 
================================================================================
DAG File Processing Stats

File Path                                PID    Runtime      # DAGs    # Errors  Last Runtime    Last Run
---------------------------------------  -----  ---------  --------  ----------  --------------  -------------------
/opt/airflow/dags/data_extracter_dag.py                           1           0  0.11s           2026-09-16T14:26:32
================================================================================
[2026-09-16T14:27:13.979+0000] {manager.py:878} INFO - 
================================================================================
DAG File Processing Stats

File Path                                PID    Runtime      # DAGs    # Errors  Last Runtime    Last Run
---------------------------------------  -----  ---------  --------  ----------  --------------  -------------------
/opt/airflow/dags/data_extracter_dag.py                           1           0  0.09s           2026-09-16T14:27:05
================================================================================
[2026-09-16T14:27:46.753+0000] {manager.py:878} INFO - 
================================================================================
DAG File Processing Stats

File Path                                PID    Runtime      # DAGs    # Errors  Last Runtime    Last Run
---------------------------------------  -----  ---------  --------  ----------  --------------  -------------------
/opt/airflow/dags/data_extracter_dag.py                           1           0  0.11s           2026-09-16T14:27:37
================================================================================
[2026-09-16T14:27:52.778+0000] {manager.py:737} INFO - Searching for files in /opt/airflow/dags
[2026-09-16T14:27:52.780+0000] {manager.py:740} INFO - There are 1 files in /opt/airflow/dags
[2026-09-16T14:28:19.583+0000] {manager.py:878} INFO - 
================================================================================
DAG File Processing Stats

File Path                                PID    Runtime      # DAGs    # Errors  Last Runtime    Last Run
---------------------------------------  -----  ---------  --------  ----------  --------------  -------------------
/opt/airflow/dags/data_extracter_dag.py                           1           0  0.11s           2026-09-16T14:28:09
================================================================================
[2026-09-16T14:28:52.241+0000] {manager.py:878} INFO - 
================================================================================
DAG File Processing Stats

File Path                                PID    Runtime      # DAGs    # Errors  Last Runtime    Last Run
---------------------------------------  -----  ---------  --------  ----------  --------------  -------------------
/opt/airflow/dags/data_extracter_dag.py                           1           0  0.08s           2026-09-16T14:28:42
================================================================================
[2026-09-16T14:29:24.937+0000] {manager.py:878} INFO - 
================================================================================
DAG File Processing Stats

File Path                                PID    Runtime      # DAGs    # Errors  Last Runtime    Last Run
---------------------------------------  -----  ---------  --------  ----------  --------------  -------------------
/opt/airflow/dags/data_extracter_dag.py                           1           0  0.12s           2026-09-16T14:29:14
================================================================================
[2026-09-16T14:29:57.703+0000] {manager.py:878} INFO - 
================================================================================
DAG File Processing Stats

File Path                                PID    Runtime      # DAGs    # Errors  Last Runtime    Last Run
---------------------------------------  -----  ---------  --------  ----------  --------------  -------------------
/opt/airflow/dags/data_extracter_dag.py                           1           0  0.12s           2026-09-16T14:29:47
================================================================================
[2026-09-16T14:30:30.524+0000] {manager.py:878} INFO - 
================================================================================
DAG File Processing Stats

File Path                                PID    Runtime      # DAGs    # Errors  Last Runtime    Last Run
---------------------------------------  -----  ---------  --------  ----------  --------------  -------------------
/opt/airflow/dags/data_extracter_dag.py                           1           0  0.27s           2026-09-16T14:30:08
================================================================================
[2026-09-16T14:49:28.638+0000] {manager.py:737} INFO - Searching for files in /opt/airflow/dags
[2026-09-16T14:49:28.641+0000] {manager.py:740} INFO - There are 1 files in /opt/airflow/dags
[2026-09-16T14:50:35.827+0000] {manager.py:878} INFO - 
================================================================================
DAG File Processing Stats

File Path                                PID    Runtime      # DAGs    # Errors  Last Runtime    Last Run
---------------------------------------  -----  ---------  --------  ----------  --------------  -------------------
/opt/airflow/dags/data_extracter_dag.py                           1           0  0.58s           2026-09-16T14:50:13
================================================================================
[2026-09-16T14:51:08.710+0000] {manager.py:878} INFO - 
================================================================================
DAG File Processing Stats

File Path                                PID    Runtime      # DAGs    # Errors  Last Runtime    Last Run
---------------------------------------  -----  ---------  --------  ----------  --------------  -------------------
/opt/airflow/dags/data_extracter_dag.py                           1           0  0.09s           2026-09-16T14:50:43
================================================================================
[2026-09-16T14:51:41.267+0000] {manager.py:878} INFO - 
================================================================================
DAG File Processing Stats

File Path                                PID    Runtime      # DAGs    # Errors  Last Runtime    Last Run
---------------------------------------  -----  ---------  --------  ----------  --------------  -------------------
/opt/airflow/dags/data_extracter_dag.py                           1           0  0.09s           2026-09-16T14:51:13
================================================================================
[2026-09-16T14:52:13.998+0000] {manager.py:878} INFO - 
================================================================================
DAG File Processing Stats

File Path                                PID    Runtime      # DAGs    # Errors  Last Runtime    Last Run
---------------------------------------  -----  ---------  --------  ----------  --------------  -------------------
/opt/airflow/dags/data_extracter_dag.py                           1           0  0.12s           2026-09-16T14:51:44
================================================================================
[2026-09-16T14:52:46.710+0000] {manager.py:878} INFO - 
================================================================================
DAG File Processing Stats

File Path                                PID    Runtime      # DAGs    # Errors  Last Runtime    Last Run
---------------------------------------  -----  ---------  --------  ----------  --------------  -------------------
/opt/airflow/dags/data_extracter_dag.py                           1           0  0.10s           2026-09-16T14:52:45
================================================================================
[2026-09-16T14:53:19.765+0000] {manager.py:878} INFO - 
================================================================================
DAG File Processing Stats

File Path                                PID    Runtime      # DAGs    # Errors  Last Runtime    Last Run
---------------------------------------  -----  ---------  --------  ----------  --------------  -------------------
/opt/airflow/dags/data_extracter_dag.py                           1           0  0.11s           2026-09-16T14:53:16
================================================================================
[2026-09-16T14:53:52.711+0000] {manager.py:878} INFO - 
================================================================================
DAG File Processing Stats

File Path                                PID    Runtime      # DAGs    # Errors  Last Runtime    Last Run
---------------------------------------  -----  ---------  --------  ----------  --------------  -------------------
/opt/airflow/dags/data_extracter_dag.py                           1           0  0.12s           2026-09-16T14:53:47
================================================================================
[2026-09-16T14:54:25.443+0000] {manager.py:878} INFO - 
================================================================================
DAG File Processing Stats

File Path                                PID    Runtime      # DAGs    # Errors  Last Runtime    Last Run
---------------------------------------  -----  ---------  --------  ----------  --------------  -------------------
/opt/airflow/dags/data_extracter_dag.py                           1           0  0.11s           2026-09-16T14:54:18
================================================================================
[2026-09-16T14:54:29.464+0000] {manager.py:737} INFO - Searching for files in /opt/airflow/dags
[2026-09-16T14:54:29.469+0000] {manager.py:740} INFO - There are 1 files in /opt/airflow/dags
[2026-09-16T14:54:58.181+0000] {manager.py:878} INFO - 
================================================================================
DAG File Processing Stats

File Path                                PID    Runtime      # DAGs    # Errors  Last Runtime    Last Run
---------------------------------------  -----  ---------  --------  ----------  --------------  -------------------
/opt/airflow/dags/data_extracter_dag.py                           1           0  0.31s           2026-09-16T14:54:49
================================================================================
[2026-09-16T14:55:31.072+0000] {manager.py:878} INFO - 
================================================================================
DAG File Processing Stats

File Path                                PID    Runtime      # DAGs    # Errors  Last Runtime    Last Run
---------------------------------------  -----  ---------  --------  ----------  --------------  -------------------
/opt/airflow/dags/data_extracter_dag.py                           1           0  0.09s           2026-09-16T14:55:20
================================================================================
[2026-09-16T14:56:04.146+0000] {manager.py:878} INFO - 
================================================================================
DAG File Processing Stats

File Path                                PID    Runtime      # DAGs    # Errors  Last Runtime    Last Run
---------------------------------------  -----  ---------  --------  ----------  --------------  -------------------
/opt/airflow/dags/data_extracter_dag.py                           1           0  0.10s           2026-09-16T14:55:51
================================================================================
[2026-09-16T14:56:36.843+0000] {manager.py:878} INFO - 
================================================================================
DAG File Processing Stats

File Path                                PID    Runtime      # DAGs    # Errors  Last Runtime    Last Run
---------------------------------------  -----  ---------  --------  ----------  --------------  -------------------
/opt/airflow/dags/data_extracter_dag.py                           1           0  0.10s           2026-09-16T14:56:23
================================================================================
[2026-09-16T14:57:09.661+0000] {manager.py:878} INFO - 
================================================================================
DAG File Processing Stats

File Path                                PID    Runtime      # DAGs    # Errors  Last Runtime    Last Run
---------------------------------------  -----  ---------  --------  ----------  --------------  -------------------
/opt/airflow/dags/data_extracter_dag.py                           1           0  0.14s           2026-09-16T14:56:56
================================================================================
[2026-09-16T14:57:12.432+0000] {manager.py:452} INFO - Exiting gracefully upon receiving signal 15
[2026-09-16T14:58:05.961+0000] {manager.py:470} INFO - Processing files using up to 2 processes at a time 
[2026-09-16T14:58:05.961+0000] {manager.py:471} INFO - Process each file at most once every 30 seconds
[2026-09-16T14:58:05.962+0000] {manager.py:472} INFO - Checking for new files in /opt/airflow/dags every 300 seconds
[2026-09-16T14:58:05.962+0000] {manager.py:737} INFO - Searching for files in /opt/airflow/dags
[2026-09-16T14:58:05.963+0000] {manager.py:740} INFO - There are 1 files in /opt/airflow/dags
[2026-09-16T14:58:06.076+0000] {manager.py:878} INFO - 
================================================================================
DAG File Processing Stats

File Path                                  PID  Runtime      # DAGs    # Errors  Last Runtime    Last Run
---------------------------------------  -----  ---------  --------  ----------  --------------  ----------
/opt/airflow/dags/data_extracter_dag.py     50  0.04s             0           0
================================================================================
[2026-09-16T14:58:38.791+0000] {manager.py:878} INFO - 
================================================================================
DAG File Processing Stats

File Path                                PID    Runtime      # DAGs    # Errors  Last Runtime    Last Run
---------------------------------------  -----  ---------  --------  ----------  --------------  -------------------
/opt/airflow/dags/data_extracter_dag.py                           1           0  0.09s           2026-09-16T14:58:36
================================================================================
[2026-09-16T14:59:11.635+0000] {manager.py:878} INFO - 
================================================================================
DAG File Processing Stats

File Path                                PID    Runtime      # DAGs    # Errors  Last Runtime    Last Run
---------------------------------------  -----  ---------  --------  ----------  --------------  -------------------
/opt/airflow/dags/data_extracter_dag.py                           1           0  0.11s           2026-09-16T14:59:07
================================================================================
[2026-09-16T14:59:44.500+0000] {manager.py:878} INFO - 
================================================================================
DAG File Processing Stats

File Path                                PID    Runtime      # DAGs    # Errors  Last Runtime    Last Run
---------------------------------------  -----  ---------  --------  ----------  --------------  -------------------
/opt/airflow/dags/data_extracter_dag.py                           1           0  0.10s           2026-09-16T14:59:39
================================================================================
[2026-09-16T15:00:17.433+0000] {manager.py:878} INFO - 
================================================================================
DAG File Processing Stats

File Path                                PID    Runtime      # DAGs    # Errors  Last Runtime    Last Run
---------------------------------------  -----  ---------  --------  ----------  --------------  -------------------
/opt/airflow/dags/data_extracter_dag.py                           1           0  0.72s           2026-09-16T15:00:16
================================================================================
[2026-09-16T15:00:50.262+0000] {manager.py:878} INFO - 
================================================================================
DAG File Processing Stats

File Path                                PID    Runtime      # DAGs    # Errors  Last Runtime    Last Run
---------------------------------------  -----  ---------  --------  ----------  --------------  -------------------
/opt/airflow/dags/data_extracter_dag.py                           1           0  0.12s           2026-09-16T15:00:47
================================================================================
[2026-09-16T15:01:23.076+0000] {manager.py:878} INFO - 
================================================================================
DAG File Processing Stats

File Path                                PID    Runtime      # DAGs    # Errors  Last Runtime    Last Run
---------------------------------------  -----  ---------  --------  ----------  --------------  -------------------
/opt/airflow/dags/data_extracter_dag.py                           1           0  0.09s           2026-09-16T15:01:18
================================================================================
[2026-09-16T15:01:56.016+0000] {manager.py:878} INFO - 
================================================================================
DAG File Processing Stats

File Path                                PID    Runtime      # DAGs    # Errors  Last Runtime    Last Run
---------------------------------------  -----  ---------  --------  ----------  --------------  -------------------
/opt/airflow/dags/data_extracter_dag.py                           1           0  0.09s           2026-09-16T15:01:51
================================================================================
[2026-09-16T15:02:28.981+0000] {manager.py:878} INFO - 
================================================================================
DAG File Processing Stats

File Path                                PID    Runtime      # DAGs    # Errors  Last Runtime    Last Run
---------------------------------------  -----  ---------  --------  ----------  --------------  -------------------
/opt/airflow/dags/data_extracter_dag.py                           1           0  0.09s           2026-09-16T15:02:24
================================================================================
[2026-09-16T15:03:01.913+0000] {manager.py:878} INFO - 
================================================================================
DAG File Processing Stats

File Path                                PID    Runtime      # DAGs    # Errors  Last Runtime    Last Run
---------------------------------------  -----  ---------  --------  ----------  --------------  -------------------
/opt/airflow/dags/data_extracter_dag.py                           1           0  0.10s           2026-09-16T15:02:55
================================================================================
[2026-09-16T15:03:06.940+0000] {manager.py:737} INFO - Searching for files in /opt/airflow/dags
[2026-09-16T15:03:06.946+0000] {manager.py:740} INFO - There are 1 files in /opt/airflow/dags
[2026-09-16T15:03:34.781+0000] {manager.py:878} INFO - 
================================================================================
DAG File Processing Stats

File Path                                PID    Runtime      # DAGs    # Errors  Last Runtime    Last Run
---------------------------------------  -----  ---------  --------  ----------  --------------  -------------------
/opt/airflow/dags/data_extracter_dag.py                           1           0  0.09s           2026-09-16T15:03:28
================================================================================
[2026-09-16T15:04:07.732+0000] {manager.py:878} INFO - 
================================================================================
DAG File Processing Stats

File Path                                PID    Runtime      # DAGs    # Errors  Last Runtime    Last Run
---------------------------------------  -----  ---------  --------  ----------  --------------  -------------------
/opt/airflow/dags/data_extracter_dag.py                           1           0  0.09s           2026-09-16T15:04:01
================================================================================
[2026-09-16T15:04:40.631+0000] {manager.py:878} INFO - 
================================================================================
DAG File Processing Stats

File Path                                PID    Runtime      # DAGs    # Errors  Last Runtime    Last Run
---------------------------------------  -----  ---------  --------  ----------  --------------  -------------------
/opt/airflow/dags/data_extracter_dag.py                           1           0  0.09s           2026-09-16T15:04:34
================================================================================
[2026-09-16T15:05:13.646+0000] {manager.py:878} INFO - 
================================================================================
DAG File Processing Stats

File Path                                PID    Runtime      # DAGs    # Errors  Last Runtime    Last Run
---------------------------------------  -----  ---------  --------  ----------  --------------  -------------------
/opt/airflow/dags/data_extracter_dag.py                           1           0  0.08s           2026-09-16T15:05:07
================================================================================
[2026-09-16T15:05:46.478+0000] {manager.py:878} INFO - 
================================================================================
DAG File Processing Stats

File Path                                PID    Runtime      # DAGs    # Errors  Last Runtime    Last Run
---------------------------------------  -----  ---------  --------  ----------  --------------  -------------------
/opt/airflow/dags/data_extracter_dag.py                           1           0  0.13s           2026-09-16T15:05:40
================================================================================
[2026-09-16T15:11:51.616+0000] {manager.py:737} INFO - Searching for files in /opt/airflow/dags
[2026-09-16T15:11:51.618+0000] {manager.py:740} INFO - There are 1 files in /opt/airflow/dags
[2026-09-16T15:11:58.759+0000] {manager.py:878} INFO - 
================================================================================
DAG File Processing Stats

File Path                                PID    Runtime      # DAGs    # Errors  Last Runtime    Last Run
---------------------------------------  -----  ---------  --------  ----------  --------------  -------------------
/opt/airflow/dags/data_extracter_dag.py                           1           0  0.42s           2026-09-16T15:11:52
================================================================================
[2026-09-16T15:12:31.148+0000] {manager.py:878} INFO - 
================================================================================
DAG File Processing Stats

File Path                                PID    Runtime      # DAGs    # Errors  Last Runtime    Last Run
---------------------------------------  -----  ---------  --------  ----------  --------------  -------------------
/opt/airflow/dags/data_extracter_dag.py                           1           0  0.11s           2026-09-16T15:12:24
================================================================================
[2026-09-16T15:13:03.730+0000] {manager.py:878} INFO - 
================================================================================
DAG File Processing Stats

File Path                                PID    Runtime      # DAGs    # Errors  Last Runtime    Last Run
---------------------------------------  -----  ---------  --------  ----------  --------------  -------------------
/opt/airflow/dags/data_extracter_dag.py                           1           0  0.13s           2026-09-16T15:12:42
================================================================================
[2026-09-16T15:13:36.518+0000] {manager.py:878} INFO - 
================================================================================
DAG File Processing Stats

File Path                                PID    Runtime      # DAGs    # Errors  Last Runtime    Last Run
---------------------------------------  -----  ---------  --------  ----------  --------------  -------------------
/opt/airflow/dags/data_extracter_dag.py                           1           0  0.09s           2026-09-16T15:13:12
================================================================================
[2026-09-16T15:14:09.516+0000] {manager.py:878} INFO - 
================================================================================
DAG File Processing Stats

File Path                                PID    Runtime      # DAGs    # Errors  Last Runtime    Last Run
---------------------------------------  -----  ---------  --------  ----------  --------------  -------------------
/opt/airflow/dags/data_extracter_dag.py                           1           0  0.09s           2026-09-16T15:13:43
================================================================================
[2026-09-16T15:14:42.415+0000] {manager.py:878} INFO - 
================================================================================
DAG File Processing Stats

File Path                                PID    Runtime      # DAGs    # Errors  Last Runtime    Last Run
---------------------------------------  -----  ---------  --------  ----------  --------------  -------------------
/opt/airflow/dags/data_extracter_dag.py                           1           0  0.09s           2026-09-16T15:14:14
================================================================================
[2026-09-16T15:15:15.741+0000] {manager.py:878} INFO - 
================================================================================
DAG File Processing Stats

File Path                                PID    Runtime      # DAGs    # Errors  Last Runtime    Last Run
---------------------------------------  -----  ---------  --------  ----------  --------------  -------------------
/opt/airflow/dags/data_extracter_dag.py                           1           0  0.12s           2026-09-16T15:15:00
================================================================================
[2026-09-16T15:15:48.983+0000] {manager.py:878} INFO - 
================================================================================
DAG File Processing Stats

File Path                                PID    Runtime      # DAGs    # Errors  Last Runtime    Last Run
---------------------------------------  -----  ---------  --------  ----------  --------------  -------------------
/opt/airflow/dags/data_extracter_dag.py                           1           0  0.09s           2026-09-16T15:15:30
================================================================================
[2026-09-16T15:16:21.930+0000] {manager.py:878} INFO - 
================================================================================
DAG File Processing Stats

File Path                                PID    Runtime      # DAGs    # Errors  Last Runtime    Last Run
---------------------------------------  -----  ---------  --------  ----------  --------------  -------------------
/opt/airflow/dags/data_extracter_dag.py                           1           0  0.16s           2026-09-16T15:16:01
================================================================================
[2026-09-16T15:16:52.253+0000] {manager.py:737} INFO - Searching for files in /opt/airflow/dags
[2026-09-16T15:16:52.254+0000] {manager.py:740} INFO - There are 1 files in /opt/airflow/dags
[2026-09-16T15:16:55.328+0000] {manager.py:878} INFO - 
================================================================================
DAG File Processing Stats

File Path                                PID    Runtime      # DAGs    # Errors  Last Runtime    Last Run
---------------------------------------  -----  ---------  --------  ----------  --------------  -------------------
/opt/airflow/dags/data_extracter_dag.py                           1           0  0.10s           2026-09-16T15:16:54
================================================================================
[2026-09-16T15:17:28.420+0000] {manager.py:878} INFO - 
================================================================================
DAG File Processing Stats

File Path                                PID    Runtime      # DAGs    # Errors  Last Runtime    Last Run
---------------------------------------  -----  ---------  --------  ----------  --------------  -------------------
/opt/airflow/dags/data_extracter_dag.py                           1           0  0.12s           2026-09-16T15:17:15
================================================================================
[2026-09-16T15:18:01.700+0000] {manager.py:878} INFO - 
================================================================================
DAG File Processing Stats

File Path                                PID    Runtime      # DAGs    # Errors  Last Runtime    Last Run
---------------------------------------  -----  ---------  --------  ----------  --------------  -------------------
/opt/airflow/dags/data_extracter_dag.py                           1           0  0.15s           2026-09-16T15:17:55
================================================================================
[2026-09-16T15:18:35.160+0000] {manager.py:878} INFO - 
================================================================================
DAG File Processing Stats

File Path                                PID    Runtime      # DAGs    # Errors  Last Runtime    Last Run
---------------------------------------  -----  ---------  --------  ----------  --------------  -------------------
/opt/airflow/dags/data_extracter_dag.py                           1           0  0.13s           2026-09-16T15:18:31
================================================================================
[2026-09-16T15:19:08.413+0000] {manager.py:878} INFO - 
================================================================================
DAG File Processing Stats

File Path                                PID    Runtime      # DAGs    # Errors  Last Runtime    Last Run
---------------------------------------  -----  ---------  --------  ----------  --------------  -------------------
/opt/airflow/dags/data_extracter_dag.py                           1           0  0.11s           2026-09-16T15:19:01
================================================================================
[2026-09-16T15:19:41.526+0000] {manager.py:878} INFO - 
================================================================================
DAG File Processing Stats

File Path                                PID    Runtime      # DAGs    # Errors  Last Runtime    Last Run
---------------------------------------  -----  ---------  --------  ----------  --------------  -------------------
/opt/airflow/dags/data_extracter_dag.py                           1           0  0.11s           2026-09-16T15:19:31
================================================================================
[2026-09-16T15:20:14.541+0000] {manager.py:878} INFO - 
================================================================================
DAG File Processing Stats

File Path                                PID    Runtime      # DAGs    # Errors  Last Runtime    Last Run
---------------------------------------  -----  ---------  --------  ----------  --------------  -------------------
/opt/airflow/dags/data_extracter_dag.py                           1           0  0.10s           2026-09-16T15:20:04
================================================================================
[2026-09-16T15:20:47.625+0000] {manager.py:878} INFO - 
================================================================================
DAG File Processing Stats

File Path                                PID    Runtime      # DAGs    # Errors  Last Runtime    Last Run
---------------------------------------  -----  ---------  --------  ----------  --------------  -------------------
/opt/airflow/dags/data_extracter_dag.py                           1           0  0.09s           2026-09-16T15:20:36
================================================================================
[2026-09-16T15:21:20.752+0000] {manager.py:878} INFO - 
================================================================================
DAG File Processing Stats

File Path                                PID    Runtime      # DAGs    # Errors  Last Runtime    Last Run
---------------------------------------  -----  ---------  --------  ----------  --------------  -------------------
/opt/airflow/dags/data_extracter_dag.py                           1           0  0.09s           2026-09-16T15:21:09
================================================================================
[2026-09-16T15:21:53.029+0000] {manager.py:737} INFO - Searching for files in /opt/airflow/dags
[2026-09-16T15:21:53.030+0000] {manager.py:740} INFO - There are 1 files in /opt/airflow/dags
[2026-09-16T15:21:54.041+0000] {manager.py:878} INFO - 
================================================================================
DAG File Processing Stats

File Path                                PID    Runtime      # DAGs    # Errors  Last Runtime    Last Run
---------------------------------------  -----  ---------  --------  ----------  --------------  -------------------
/opt/airflow/dags/data_extracter_dag.py                           1           0  0.15s           2026-09-16T15:21:51
================================================================================
[2026-09-16T15:22:27.377+0000] {manager.py:878} INFO - 
================================================================================
DAG File Processing Stats

File Path                                PID    Runtime      # DAGs    # Errors  Last Runtime    Last Run
---------------------------------------  -----  ---------  --------  ----------  --------------  -------------------
/opt/airflow/dags/data_extracter_dag.py                           1           0  0.18s           2026-09-16T15:22:21
================================================================================
[2026-09-16T15:23:00.582+0000] {manager.py:878} INFO - 
================================================================================
DAG File Processing Stats

File Path                                PID    Runtime      # DAGs    # Errors  Last Runtime    Last Run
---------------------------------------  -----  ---------  --------  ----------  --------------  -------------------
/opt/airflow/dags/data_extracter_dag.py                           1           0  0.31s           2026-09-16T15:22:51
================================================================================
[2026-09-16T15:23:33.971+0000] {manager.py:878} INFO - 
================================================================================
DAG File Processing Stats

File Path                                PID    Runtime      # DAGs    # Errors  Last Runtime    Last Run
---------------------------------------  -----  ---------  --------  ----------  --------------  -------------------
/opt/airflow/dags/data_extracter_dag.py                           1           0  0.13s           2026-09-16T15:23:22
================================================================================
[2026-09-16T15:24:07.138+0000] {manager.py:878} INFO - 
================================================================================
DAG File Processing Stats

File Path                                PID    Runtime      # DAGs    # Errors  Last Runtime    Last Run
---------------------------------------  -----  ---------  --------  ----------  --------------  -------------------
/opt/airflow/dags/data_extracter_dag.py                           1           0  0.11s           2026-09-16T15:23:54
================================================================================
[2026-09-16T15:24:40.475+0000] {manager.py:878} INFO - 
================================================================================
DAG File Processing Stats

File Path                                PID    Runtime      # DAGs    # Errors  Last Runtime    Last Run
---------------------------------------  -----  ---------  --------  ----------  --------------  -------------------
/opt/airflow/dags/data_extracter_dag.py                           1           0  0.09s           2026-09-16T15:24:27
================================================================================
[2026-09-16T15:25:13.578+0000] {manager.py:878} INFO - 
================================================================================
DAG File Processing Stats

File Path                                PID    Runtime      # DAGs    # Errors  Last Runtime    Last Run
---------------------------------------  -----  ---------  --------  ----------  --------------  -------------------
/opt/airflow/dags/data_extracter_dag.py                           1           0  0.09s           2026-09-16T15:25:00
================================================================================
[2026-09-16T15:25:46.908+0000] {manager.py:878} INFO - 
================================================================================
DAG File Processing Stats

File Path                                PID    Runtime      # DAGs    # Errors  Last Runtime    Last Run
---------------------------------------  -----  ---------  --------  ----------  --------------  -------------------
/opt/airflow/dags/data_extracter_dag.py                           1           0  0.11s           2026-09-16T15:25:33
================================================================================
[2026-09-16T15:26:19.887+0000] {manager.py:878} INFO - 
================================================================================
DAG File Processing Stats

File Path                                PID    Runtime      # DAGs    # Errors  Last Runtime    Last Run
---------------------------------------  -----  ---------  --------  ----------  --------------  -------------------
/opt/airflow/dags/data_extracter_dag.py                           1           0  0.11s           2026-09-16T15:26:06
================================================================================
[2026-09-16T15:26:53.138+0000] {manager.py:737} INFO - Searching for files in /opt/airflow/dags
[2026-09-16T15:26:53.140+0000] {manager.py:740} INFO - There are 1 files in /opt/airflow/dags
[2026-09-16T15:26:53.147+0000] {manager.py:878} INFO - 
================================================================================
DAG File Processing Stats

File Path                                PID    Runtime      # DAGs    # Errors  Last Runtime    Last Run
---------------------------------------  -----  ---------  --------  ----------  --------------  -------------------
/opt/airflow/dags/data_extracter_dag.py                           1           0  0.09s           2026-09-16T15:26:46
================================================================================
[2026-09-16T15:27:26.249+0000] {manager.py:878} INFO - 
================================================================================
DAG File Processing Stats

File Path                                PID    Runtime      # DAGs    # Errors  Last Runtime    Last Run
---------------------------------------  -----  ---------  --------  ----------  --------------  -------------------
/opt/airflow/dags/data_extracter_dag.py                           1           0  0.09s           2026-09-16T15:27:16
================================================================================
[2026-09-16T15:27:59.374+0000] {manager.py:878} INFO - 
================================================================================
DAG File Processing Stats

File Path                                PID    Runtime      # DAGs    # Errors  Last Runtime    Last Run
---------------------------------------  -----  ---------  --------  ----------  --------------  -------------------
/opt/airflow/dags/data_extracter_dag.py                           1           0  0.10s           2026-09-16T15:27:46
================================================================================
[2026-09-16T15:28:32.479+0000] {manager.py:878} INFO - 
================================================================================
DAG File Processing Stats

File Path                                PID    Runtime      # DAGs    # Errors  Last Runtime    Last Run
---------------------------------------  -----  ---------  --------  ----------  --------------  -------------------
/opt/airflow/dags/data_extracter_dag.py                           1           0  0.09s           2026-09-16T15:28:18
================================================================================
[2026-09-16T15:29:05.598+0000] {manager.py:878} INFO - 
================================================================================
DAG File Processing Stats

File Path                                PID    Runtime      # DAGs    # Errors  Last Runtime    Last Run
---------------------------------------  -----  ---------  --------  ----------  --------------  -------------------
/opt/airflow/dags/data_extracter_dag.py                           1           0  0.10s           2026-09-16T15:28:51
================================================================================
[2026-09-16T15:29:38.738+0000] {manager.py:878} INFO - 
================================================================================
DAG File Processing Stats

File Path                                PID    Runtime      # DAGs    # Errors  Last Runtime    Last Run
---------------------------------------  -----  ---------  --------  ----------  --------------  -------------------
/opt/airflow/dags/data_extracter_dag.py                           1           0  0.11s           2026-09-16T15:29:24
================================================================================
[2026-09-16T15:30:11.855+0000] {manager.py:878} INFO - 
================================================================================
DAG File Processing Stats

File Path                                PID    Runtime      # DAGs    # Errors  Last Runtime    Last Run
---------------------------------------  -----  ---------  --------  ----------  --------------  -------------------
/opt/airflow/dags/data_extracter_dag.py                           1           0  0.09s           2026-09-16T15:29:56
================================================================================
[2026-09-16T15:30:44.951+0000] {manager.py:878} INFO - 
================================================================================
DAG File Processing Stats

File Path                                PID    Runtime      # DAGs    # Errors  Last Runtime    Last Run
---------------------------------------  -----  ---------  --------  ----------  --------------  -------------------
/opt/airflow/dags/data_extracter_dag.py                           1           0  0.08s           2026-09-16T15:30:29
================================================================================
[2026-09-16T15:31:18.090+0000] {manager.py:878} INFO - 
================================================================================
DAG File Processing Stats

File Path                                PID    Runtime      # DAGs    # Errors  Last Runtime    Last Run
---------------------------------------  -----  ---------  --------  ----------  --------------  -------------------
/opt/airflow/dags/data_extracter_dag.py                           1           0  0.11s           2026-09-16T15:31:03
================================================================================
[2026-09-16T15:31:51.218+0000] {manager.py:878} INFO - 
================================================================================
DAG File Processing Stats

File Path                                PID    Runtime      # DAGs    # Errors  Last Runtime    Last Run
---------------------------------------  -----  ---------  --------  ----------  --------------  -------------------
/opt/airflow/dags/data_extracter_dag.py                           1           0  0.10s           2026-09-16T15:31:36
================================================================================
[2026-09-16T15:31:53.227+0000] {manager.py:737} INFO - Searching for files in /opt/airflow/dags
[2026-09-16T15:31:53.231+0000] {manager.py:740} INFO - There are 1 files in /opt/airflow/dags
[2026-09-16T15:32:24.315+0000] {manager.py:878} INFO - 
================================================================================
DAG File Processing Stats

File Path                                PID    Runtime      # DAGs    # Errors  Last Runtime    Last Run
---------------------------------------  -----  ---------  --------  ----------  --------------  -------------------
/opt/airflow/dags/data_extracter_dag.py                           1           0  0.12s           2026-09-16T15:32:09
================================================================================
[2026-09-16T15:32:57.477+0000] {manager.py:878} INFO - 
================================================================================
DAG File Processing Stats

File Path                                PID    Runtime      # DAGs    # Errors  Last Runtime    Last Run
---------------------------------------  -----  ---------  --------  ----------  --------------  -------------------
/opt/airflow/dags/data_extracter_dag.py                           1           0  0.14s           2026-09-16T15:32:47
================================================================================
[2026-09-16T15:33:30.723+0000] {manager.py:878} INFO - 
================================================================================
DAG File Processing Stats

File Path                                PID    Runtime      # DAGs    # Errors  Last Runtime    Last Run
---------------------------------------  -----  ---------  --------  ----------  --------------  -------------------
/opt/airflow/dags/data_extracter_dag.py                           1           0  0.10s           2026-09-16T15:33:17
================================================================================
[2026-09-16T15:34:03.921+0000] {manager.py:878} INFO - 
================================================================================
DAG File Processing Stats

File Path                                PID    Runtime      # DAGs    # Errors  Last Runtime    Last Run
---------------------------------------  -----  ---------  --------  ----------  --------------  -------------------
/opt/airflow/dags/data_extracter_dag.py                           1           0  0.11s           2026-09-16T15:33:47
================================================================================
[2026-09-16T15:34:37.026+0000] {manager.py:878} INFO - 
================================================================================
DAG File Processing Stats

File Path                                PID    Runtime      # DAGs    # Errors  Last Runtime    Last Run
---------------------------------------  -----  ---------  --------  ----------  --------------  -------------------
/opt/airflow/dags/data_extracter_dag.py                           1           0  0.11s           2026-09-16T15:34:21
================================================================================
[2026-09-16T15:35:10.516+0000] {manager.py:878} INFO - 
================================================================================
DAG File Processing Stats

File Path                                PID    Runtime      # DAGs    # Errors  Last Runtime    Last Run
---------------------------------------  -----  ---------  --------  ----------  --------------  -------------------
/opt/airflow/dags/data_extracter_dag.py                           0           1  0.06s           2026-09-16T15:35:02
================================================================================
[2026-09-16T15:35:43.780+0000] {manager.py:878} INFO - 
================================================================================
DAG File Processing Stats

File Path                                  PID  Runtime      # DAGs    # Errors  Last Runtime    Last Run
---------------------------------------  -----  ---------  --------  ----------  --------------  -------------------
/opt/airflow/dags/data_extracter_dag.py    505  0.01s             1           0  0.15s           2026-09-16T15:35:41
================================================================================
[2026-09-16T15:36:16.998+0000] {manager.py:878} INFO - 
================================================================================
DAG File Processing Stats

File Path                                PID    Runtime      # DAGs    # Errors  Last Runtime    Last Run
---------------------------------------  -----  ---------  --------  ----------  --------------  -------------------
/opt/airflow/dags/data_extracter_dag.py                           1           0  0.09s           2026-09-16T15:35:48
================================================================================
[2026-09-16T15:36:50.407+0000] {manager.py:878} INFO - 
================================================================================
DAG File Processing Stats

File Path                                PID    Runtime      # DAGs    # Errors  Last Runtime    Last Run
---------------------------------------  -----  ---------  --------  ----------  --------------  -------------------
/opt/airflow/dags/data_extracter_dag.py                           1           0  0.12s           2026-09-16T15:36:38
================================================================================
[2026-09-16T15:36:53.426+0000] {manager.py:737} INFO - Searching for files in /opt/airflow/dags
[2026-09-16T15:36:53.430+0000] {manager.py:740} INFO - There are 1 files in /opt/airflow/dags
[2026-09-16T15:37:23.575+0000] {manager.py:878} INFO - 
================================================================================
DAG File Processing Stats

File Path                                PID    Runtime      # DAGs    # Errors  Last Runtime    Last Run
---------------------------------------  -----  ---------  --------  ----------  --------------  -------------------
/opt/airflow/dags/data_extracter_dag.py                           1           0  0.14s           2026-09-16T15:37:08
================================================================================
[2026-09-16T15:37:56.803+0000] {manager.py:878} INFO - 
================================================================================
DAG File Processing Stats

File Path                                PID    Runtime      # DAGs    # Errors  Last Runtime    Last Run
---------------------------------------  -----  ---------  --------  ----------  --------------  -------------------
/opt/airflow/dags/data_extracter_dag.py                           1           0  0.10s           2026-09-16T15:37:38
================================================================================
[2026-09-16T15:38:30.008+0000] {manager.py:878} INFO - 
================================================================================
DAG File Processing Stats

File Path                                PID    Runtime      # DAGs    # Errors  Last Runtime    Last Run
---------------------------------------  -----  ---------  --------  ----------  --------------  -------------------
/opt/airflow/dags/data_extracter_dag.py                           1           0  0.11s           2026-09-16T15:38:11
================================================================================
[2026-09-16T15:39:03.259+0000] {manager.py:878} INFO - 
================================================================================
DAG File Processing Stats

File Path                                PID    Runtime      # DAGs    # Errors  Last Runtime    Last Run
---------------------------------------  -----  ---------  --------  ----------  --------------  -------------------
/opt/airflow/dags/data_extracter_dag.py                           1           0  0.11s           2026-09-16T15:38:44
================================================================================
[2026-09-16T15:39:36.300+0000] {manager.py:878} INFO - 
================================================================================
DAG File Processing Stats

File Path                                PID    Runtime      # DAGs    # Errors  Last Runtime    Last Run
---------------------------------------  -----  ---------  --------  ----------  --------------  -------------------
/opt/airflow/dags/data_extracter_dag.py                           1           0  0.11s           2026-09-16T15:39:17
================================================================================
[2026-09-16T15:40:09.602+0000] {manager.py:878} INFO - 
================================================================================
DAG File Processing Stats

File Path                                PID    Runtime      # DAGs    # Errors  Last Runtime    Last Run
---------------------------------------  -----  ---------  --------  ----------  --------------  -------------------
/opt/airflow/dags/data_extracter_dag.py                           0           1  0.06s           2026-09-16T15:39:55
================================================================================
[2026-09-16T15:40:42.735+0000] {manager.py:878} INFO - 
================================================================================
DAG File Processing Stats

File Path                                PID    Runtime      # DAGs    # Errors  Last Runtime    Last Run
---------------------------------------  -----  ---------  --------  ----------  --------------  -------------------
/opt/airflow/dags/data_extracter_dag.py                           0           1  0.06s           2026-09-16T15:40:25
================================================================================
[2026-09-16T15:41:15.991+0000] {manager.py:878} INFO - 
================================================================================
DAG File Processing Stats

File Path                                PID    Runtime      # DAGs    # Errors  Last Runtime    Last Run
---------------------------------------  -----  ---------  --------  ----------  --------------  -------------------
/opt/airflow/dags/data_extracter_dag.py                           0           1  0.08s           2026-09-16T15:41:07
================================================================================
[2026-09-16T15:41:49.136+0000] {manager.py:878} INFO - 
================================================================================
DAG File Processing Stats

File Path                                PID    Runtime      # DAGs    # Errors  Last Runtime    Last Run
---------------------------------------  -----  ---------  --------  ----------  --------------  -------------------
/opt/airflow/dags/data_extracter_dag.py                           0           1  0.09s           2026-09-16T15:41:34
================================================================================
[2026-09-16T15:41:54.161+0000] {manager.py:737} INFO - Searching for files in /opt/airflow/dags
[2026-09-16T15:41:54.162+0000] {manager.py:740} INFO - There are 1 files in /opt/airflow/dags
[2026-09-16T15:42:22.517+0000] {manager.py:878} INFO - 
================================================================================
DAG File Processing Stats

File Path                                PID    Runtime      # DAGs    # Errors  Last Runtime    Last Run
---------------------------------------  -----  ---------  --------  ----------  --------------  -------------------
/opt/airflow/dags/data_extracter_dag.py                           0           1  0.06s           2026-09-16T15:42:17
================================================================================
[2026-09-16T15:42:55.700+0000] {manager.py:878} INFO - 
================================================================================
DAG File Processing Stats

File Path                                PID    Runtime      # DAGs    # Errors  Last Runtime    Last Run
---------------------------------------  -----  ---------  --------  ----------  --------------  -------------------
/opt/airflow/dags/data_extracter_dag.py                           0           1  0.09s           2026-09-16T15:42:53
================================================================================
[2026-09-16T15:43:28.838+0000] {manager.py:878} INFO - 
================================================================================
DAG File Processing Stats

File Path                                PID    Runtime      # DAGs    # Errors  Last Runtime    Last Run
---------------------------------------  -----  ---------  --------  ----------  --------------  -------------------
/opt/airflow/dags/data_extracter_dag.py                           0           1  0.05s           2026-09-16T15:43:23
================================================================================
[2026-09-16T15:44:01.915+0000] {manager.py:878} INFO - 
================================================================================
DAG File Processing Stats

File Path                                PID    Runtime      # DAGs    # Errors  Last Runtime    Last Run
---------------------------------------  -----  ---------  --------  ----------  --------------  -------------------
/opt/airflow/dags/data_extracter_dag.py                           1           0  0.34s           2026-09-16T15:43:33
================================================================================
[2026-09-16T15:44:35.126+0000] {manager.py:878} INFO - 
================================================================================
DAG File Processing Stats

File Path                                  PID  Runtime      # DAGs    # Errors  Last Runtime    Last Run
---------------------------------------  -----  ---------  --------  ----------  --------------  -------------------
/opt/airflow/dags/data_extracter_dag.py    642  0.01s             1           0  0.12s           2026-09-16T15:44:34
================================================================================
[2026-09-16T15:45:08.328+0000] {manager.py:878} INFO - 
================================================================================
DAG File Processing Stats

File Path                                PID    Runtime      # DAGs    # Errors  Last Runtime    Last Run
---------------------------------------  -----  ---------  --------  ----------  --------------  -------------------
/opt/airflow/dags/data_extracter_dag.py                           1           0  0.11s           2026-09-16T15:45:05
================================================================================
[2026-09-16T15:45:41.476+0000] {manager.py:878} INFO - 
================================================================================
DAG File Processing Stats

File Path                                PID    Runtime      # DAGs    # Errors  Last Runtime    Last Run
---------------------------------------  -----  ---------  --------  ----------  --------------  -------------------
/opt/airflow/dags/data_extracter_dag.py                           1           0  0.14s           2026-09-16T15:45:35
================================================================================
[2026-09-16T15:46:14.609+0000] {manager.py:878} INFO - 
================================================================================
DAG File Processing Stats

File Path                                PID    Runtime      # DAGs    # Errors  Last Runtime    Last Run
---------------------------------------  -----  ---------  --------  ----------  --------------  -------------------
/opt/airflow/dags/data_extracter_dag.py                           1           0  0.24s           2026-09-16T15:46:06
================================================================================
[2026-09-16T15:46:47.816+0000] {manager.py:878} INFO - 
================================================================================
DAG File Processing Stats

File Path                                PID    Runtime      # DAGs    # Errors  Last Runtime    Last Run
---------------------------------------  -----  ---------  --------  ----------  --------------  -------------------
/opt/airflow/dags/data_extracter_dag.py                           1           0  0.17s           2026-09-16T15:46:36
================================================================================
[2026-09-16T15:46:57.808+0000] {manager.py:737} INFO - Searching for files in /opt/airflow/dags
[2026-09-16T15:46:57.811+0000] {manager.py:740} INFO - There are 2 files in /opt/airflow/dags
[2026-09-16T15:47:21.029+0000] {manager.py:878} INFO - 
================================================================================
DAG File Processing Stats

File Path                                PID    Runtime      # DAGs    # Errors  Last Runtime    Last Run
---------------------------------------  -----  ---------  --------  ----------  --------------  -------------------
/opt/airflow/dags/data_extracter_dag.py                           1           0  0.45s           2026-09-16T15:47:07
/opt/airflow/dags/data_staging_dag.py                             0           1  0.07s           2026-09-16T15:46:57
================================================================================
[2026-09-16T15:47:54.234+0000] {manager.py:878} INFO - 
================================================================================
DAG File Processing Stats

File Path                                PID    Runtime      # DAGs    # Errors  Last Runtime    Last Run
---------------------------------------  -----  ---------  --------  ----------  --------------  -------------------
/opt/airflow/dags/data_extracter_dag.py                           1           0  0.15s           2026-09-16T15:47:38
/opt/airflow/dags/data_staging_dag.py                             0           1  0.06s           2026-09-16T15:47:31
================================================================================
[2026-09-16T15:48:27.323+0000] {manager.py:878} INFO - 
================================================================================
DAG File Processing Stats

File Path                                PID    Runtime      # DAGs    # Errors  Last Runtime    Last Run
---------------------------------------  -----  ---------  --------  ----------  --------------  -------------------
/opt/airflow/dags/data_extracter_dag.py                           1           0  0.13s           2026-09-16T15:48:09
/opt/airflow/dags/data_staging_dag.py                             0           1  0.06s           2026-09-16T15:48:25
================================================================================
[2026-09-16T15:49:00.505+0000] {manager.py:878} INFO - 
================================================================================
DAG File Processing Stats

File Path                                  PID  Runtime      # DAGs    # Errors  Last Runtime    Last Run
---------------------------------------  -----  ---------  --------  ----------  --------------  -------------------
/opt/airflow/dags/data_extracter_dag.py                           1           0  0.12s           2026-09-16T15:48:39
/opt/airflow/dags/data_staging_dag.py      705  0.01s             0           1  0.06s           2026-09-16T15:48:30
================================================================================
[2026-09-16T15:49:33.892+0000] {manager.py:878} INFO - 
================================================================================
DAG File Processing Stats

File Path                                PID    Runtime      # DAGs    # Errors  Last Runtime    Last Run
---------------------------------------  -----  ---------  --------  ----------  --------------  -------------------
/opt/airflow/dags/data_extracter_dag.py                           1           0  0.12s           2026-09-16T15:49:09
/opt/airflow/dags/data_staging_dag.py                             0           1  0.05s           2026-09-16T15:49:17
================================================================================
[2026-09-16T15:50:07.050+0000] {manager.py:878} INFO - 
================================================================================
DAG File Processing Stats

File Path                                PID    Runtime      # DAGs    # Errors  Last Runtime    Last Run
---------------------------------------  -----  ---------  --------  ----------  --------------  -------------------
/opt/airflow/dags/data_extracter_dag.py                           1           0  0.18s           2026-09-16T15:49:43
/opt/airflow/dags/data_staging_dag.py                             0           1  0.05s           2026-09-16T15:49:48
================================================================================
[2026-09-16T15:50:40.210+0000] {manager.py:878} INFO - 
================================================================================
DAG File Processing Stats

File Path                                PID    Runtime      # DAGs    # Errors  Last Runtime    Last Run
---------------------------------------  -----  ---------  --------  ----------  --------------  -------------------
/opt/airflow/dags/data_extracter_dag.py                           1           0  0.12s           2026-09-16T15:50:16
/opt/airflow/dags/data_staging_dag.py                             0           1  0.06s           2026-09-16T15:50:18
================================================================================
[2026-09-16T15:51:13.454+0000] {manager.py:878} INFO - 
================================================================================
DAG File Processing Stats

File Path                                PID    Runtime      # DAGs    # Errors  Last Runtime    Last Run
---------------------------------------  -----  ---------  --------  ----------  --------------  -------------------
/opt/airflow/dags/data_extracter_dag.py                           1           0  0.14s           2026-09-16T15:50:48
/opt/airflow/dags/data_staging_dag.py                             0           1  0.08s           2026-09-16T15:50:48
================================================================================
[2026-09-16T15:51:46.640+0000] {manager.py:878} INFO - 
================================================================================
DAG File Processing Stats

File Path                                PID    Runtime      # DAGs    # Errors  Last Runtime    Last Run
---------------------------------------  -----  ---------  --------  ----------  --------------  -------------------
/opt/airflow/dags/data_extracter_dag.py                           1           0  0.12s           2026-09-16T15:51:21
/opt/airflow/dags/data_staging_dag.py                             0           1  0.07s           2026-09-16T15:51:21
================================================================================
[2026-09-16T15:51:57.823+0000] {manager.py:737} INFO - Searching for files in /opt/airflow/dags
[2026-09-16T15:51:57.828+0000] {manager.py:740} INFO - There are 2 files in /opt/airflow/dags
[2026-09-16T15:52:19.867+0000] {manager.py:878} INFO - 
================================================================================
DAG File Processing Stats

File Path                                PID    Runtime      # DAGs    # Errors  Last Runtime    Last Run
---------------------------------------  -----  ---------  --------  ----------  --------------  -------------------
/opt/airflow/dags/data_extracter_dag.py                           1           0  0.13s           2026-09-16T15:51:54
/opt/airflow/dags/data_staging_dag.py                             0           1  0.07s           2026-09-16T15:51:54
================================================================================
[2026-09-16T15:52:52.959+0000] {manager.py:878} INFO - 
================================================================================
DAG File Processing Stats

File Path                                PID    Runtime      # DAGs    # Errors  Last Runtime    Last Run
---------------------------------------  -----  ---------  --------  ----------  --------------  -------------------
/opt/airflow/dags/data_extracter_dag.py                           1           0  0.12s           2026-09-16T15:52:27
/opt/airflow/dags/data_staging_dag.py                             0           1  0.07s           2026-09-16T15:52:27
================================================================================
[2026-09-16T15:53:26.113+0000] {manager.py:878} INFO - 
================================================================================
DAG File Processing Stats

File Path                                PID    Runtime      # DAGs    # Errors  Last Runtime    Last Run
---------------------------------------  -----  ---------  --------  ----------  --------------  -------------------
/opt/airflow/dags/data_extracter_dag.py                           1           0  0.12s           2026-09-16T15:53:01
/opt/airflow/dags/data_staging_dag.py                             0           1  0.07s           2026-09-16T15:53:00
================================================================================
[2026-09-16T15:53:59.371+0000] {manager.py:878} INFO - 
================================================================================
DAG File Processing Stats

File Path                                PID    Runtime      # DAGs    # Errors  Last Runtime    Last Run
---------------------------------------  -----  ---------  --------  ----------  --------------  -------------------
/opt/airflow/dags/data_extracter_dag.py                           1           0  0.16s           2026-09-16T15:53:33
/opt/airflow/dags/data_staging_dag.py                             0           1  0.09s           2026-09-16T15:53:33
================================================================================
[2026-09-16T15:54:32.523+0000] {manager.py:878} INFO - 
================================================================================
DAG File Processing Stats

File Path                                PID    Runtime      # DAGs    # Errors  Last Runtime    Last Run
---------------------------------------  -----  ---------  --------  ----------  --------------  -------------------
/opt/airflow/dags/data_extracter_dag.py                           1           0  0.12s           2026-09-16T15:54:06
/opt/airflow/dags/data_staging_dag.py                             0           1  0.07s           2026-09-16T15:54:06
================================================================================
[2026-09-16T15:55:05.654+0000] {manager.py:878} INFO - 
================================================================================
DAG File Processing Stats

File Path                                PID    Runtime      # DAGs    # Errors  Last Runtime    Last Run
---------------------------------------  -----  ---------  --------  ----------  --------------  -------------------
/opt/airflow/dags/data_extracter_dag.py                           1           0  0.13s           2026-09-16T15:54:39
/opt/airflow/dags/data_staging_dag.py                             0           1  0.08s           2026-09-16T15:54:39
================================================================================
[2026-09-16T15:55:38.842+0000] {manager.py:878} INFO - 
================================================================================
DAG File Processing Stats

File Path                                PID    Runtime      # DAGs    # Errors  Last Runtime    Last Run
---------------------------------------  -----  ---------  --------  ----------  --------------  -------------------
/opt/airflow/dags/data_extracter_dag.py                           1           0  0.25s           2026-09-16T15:55:12
/opt/airflow/dags/data_staging_dag.py                             0           1  0.09s           2026-09-16T15:55:12
================================================================================
[2026-09-16T15:56:12.052+0000] {manager.py:878} INFO - 
================================================================================
DAG File Processing Stats

File Path                                PID    Runtime      # DAGs    # Errors  Last Runtime    Last Run
---------------------------------------  -----  ---------  --------  ----------  --------------  -------------------
/opt/airflow/dags/data_extracter_dag.py                           1           0  0.13s           2026-09-16T15:55:44
/opt/airflow/dags/data_staging_dag.py                             0           1  0.07s           2026-09-16T15:55:44
================================================================================
[2026-09-16T15:56:45.213+0000] {manager.py:878} INFO - 
================================================================================
DAG File Processing Stats

File Path                                PID    Runtime      # DAGs    # Errors  Last Runtime    Last Run
---------------------------------------  -----  ---------  --------  ----------  --------------  -------------------
/opt/airflow/dags/data_extracter_dag.py                           1           0  0.13s           2026-09-16T15:56:18
/opt/airflow/dags/data_staging_dag.py                             0           1  0.07s           2026-09-16T15:56:18
================================================================================
[2026-09-16T15:56:58.427+0000] {manager.py:737} INFO - Searching for files in /opt/airflow/dags
[2026-09-16T15:56:58.431+0000] {manager.py:740} INFO - There are 2 files in /opt/airflow/dags
[2026-09-16T15:57:18.564+0000] {manager.py:878} INFO - 
================================================================================
DAG File Processing Stats

File Path                                PID    Runtime      # DAGs    # Errors  Last Runtime    Last Run
---------------------------------------  -----  ---------  --------  ----------  --------------  -------------------
/opt/airflow/dags/data_extracter_dag.py                           1           0  0.15s           2026-09-16T15:56:51
/opt/airflow/dags/data_staging_dag.py                             0           1  0.10s           2026-09-16T15:56:51
================================================================================
[2026-09-16T15:57:51.717+0000] {manager.py:878} INFO - 
================================================================================
DAG File Processing Stats

File Path                                PID    Runtime      # DAGs    # Errors  Last Runtime    Last Run
---------------------------------------  -----  ---------  --------  ----------  --------------  -------------------
/opt/airflow/dags/data_extracter_dag.py                           1           0  0.15s           2026-09-16T15:57:24
/opt/airflow/dags/data_staging_dag.py                             0           1  0.08s           2026-09-16T15:57:24
================================================================================
[2026-09-16T15:58:24.906+0000] {manager.py:878} INFO - 
================================================================================
DAG File Processing Stats

File Path                                PID    Runtime      # DAGs    # Errors  Last Runtime    Last Run
---------------------------------------  -----  ---------  --------  ----------  --------------  -------------------
/opt/airflow/dags/data_extracter_dag.py                           1           0  0.14s           2026-09-16T15:57:56
/opt/airflow/dags/data_staging_dag.py                             0           1  0.07s           2026-09-16T15:57:56
================================================================================
[2026-09-16T15:58:58.068+0000] {manager.py:878} INFO - 
================================================================================
DAG File Processing Stats

File Path                                PID    Runtime      # DAGs    # Errors  Last Runtime    Last Run
---------------------------------------  -----  ---------  --------  ----------  --------------  -------------------
/opt/airflow/dags/data_extracter_dag.py                           1           0  0.14s           2026-09-16T15:58:30
/opt/airflow/dags/data_staging_dag.py                             0           1  0.08s           2026-09-16T15:58:29
================================================================================
[2026-09-16T15:59:31.276+0000] {manager.py:878} INFO - 
================================================================================
DAG File Processing Stats

File Path                                PID    Runtime      # DAGs    # Errors  Last Runtime    Last Run
---------------------------------------  -----  ---------  --------  ----------  --------------  -------------------
/opt/airflow/dags/data_extracter_dag.py                           1           0  0.12s           2026-09-16T15:59:03
/opt/airflow/dags/data_staging_dag.py                             0           1  0.07s           2026-09-16T15:59:03
================================================================================
[2026-09-16T16:00:04.578+0000] {manager.py:878} INFO - 
================================================================================
DAG File Processing Stats

File Path                                PID    Runtime      # DAGs    # Errors  Last Runtime    Last Run
---------------------------------------  -----  ---------  --------  ----------  --------------  -------------------
/opt/airflow/dags/data_extracter_dag.py                           1           0  0.30s           2026-09-16T15:59:36
/opt/airflow/dags/data_staging_dag.py                             0           1  0.18s           2026-09-16T15:59:36
================================================================================
[2026-09-16T16:00:37.778+0000] {manager.py:878} INFO - 
================================================================================
DAG File Processing Stats

File Path                                PID    Runtime      # DAGs    # Errors  Last Runtime    Last Run
---------------------------------------  -----  ---------  --------  ----------  --------------  -------------------
/opt/airflow/dags/data_extracter_dag.py                           1           0  0.14s           2026-09-16T16:00:08
/opt/airflow/dags/data_staging_dag.py                             0           1  0.07s           2026-09-16T16:00:08
================================================================================
[2026-09-16T16:01:10.939+0000] {manager.py:878} INFO - 
================================================================================
DAG File Processing Stats

File Path                                PID    Runtime      # DAGs    # Errors  Last Runtime    Last Run
---------------------------------------  -----  ---------  --------  ----------  --------------  -------------------
/opt/airflow/dags/data_extracter_dag.py                           1           0  0.13s           2026-09-16T16:00:41
/opt/airflow/dags/data_staging_dag.py                             0           1  0.07s           2026-09-16T16:00:41
================================================================================
[2026-09-16T16:01:44.166+0000] {manager.py:878} INFO - 
================================================================================
DAG File Processing Stats

File Path                                PID    Runtime      # DAGs    # Errors  Last Runtime    Last Run
---------------------------------------  -----  ---------  --------  ----------  --------------  -------------------
/opt/airflow/dags/data_extracter_dag.py                           1           0  0.11s           2026-09-16T16:01:15
/opt/airflow/dags/data_staging_dag.py                             0           1  0.07s           2026-09-16T16:01:14
================================================================================
[2026-09-16T16:01:59.269+0000] {manager.py:737} INFO - Searching for files in /opt/airflow/dags
[2026-09-16T16:01:59.271+0000] {manager.py:740} INFO - There are 2 files in /opt/airflow/dags
[2026-09-16T16:02:20.324+0000] {manager.py:878} INFO - 
================================================================================
DAG File Processing Stats

File Path                                  PID  Runtime      # DAGs    # Errors  Last Runtime    Last Run
---------------------------------------  -----  ---------  --------  ----------  --------------  -------------------
/opt/airflow/dags/data_extracter_dag.py    902  0.01s             1           0  0.13s           2026-09-16T16:01:48
/opt/airflow/dags/data_staging_dag.py      901  0.02s             0           1  0.06s           2026-09-16T16:01:48
================================================================================
[2026-09-16T16:02:53.505+0000] {manager.py:878} INFO - 
================================================================================
DAG File Processing Stats

File Path                                  PID  Runtime      # DAGs    # Errors  Last Runtime    Last Run
---------------------------------------  -----  ---------  --------  ----------  --------------  -------------------
/opt/airflow/dags/data_extracter_dag.py    910  0.01s             1           0  0.13s           2026-09-16T16:02:20
/opt/airflow/dags/data_staging_dag.py      909  0.02s             0           1  0.06s           2026-09-16T16:02:20
================================================================================
[2026-09-16T16:03:26.736+0000] {manager.py:878} INFO - 
================================================================================
DAG File Processing Stats

File Path                                  PID  Runtime      # DAGs    # Errors  Last Runtime    Last Run
---------------------------------------  -----  ---------  --------  ----------  --------------  -------------------
/opt/airflow/dags/data_extracter_dag.py    918  0.01s             1           0  0.15s           2026-09-16T16:02:53
/opt/airflow/dags/data_staging_dag.py      917  0.01s             0           1  0.07s           2026-09-16T16:02:53
================================================================================
[2026-09-16T16:03:59.937+0000] {manager.py:878} INFO - 
================================================================================
DAG File Processing Stats

File Path                                  PID  Runtime      # DAGs    # Errors  Last Runtime    Last Run
---------------------------------------  -----  ---------  --------  ----------  --------------  -------------------
/opt/airflow/dags/data_extracter_dag.py    927  0.01s             1           0  0.12s           2026-09-16T16:03:26
/opt/airflow/dags/data_staging_dag.py      926  0.02s             0           1  0.07s           2026-09-16T16:03:26
================================================================================
[2026-09-16T16:04:33.132+0000] {manager.py:878} INFO - 
================================================================================
DAG File Processing Stats

File Path                                PID    Runtime      # DAGs    # Errors  Last Runtime    Last Run
---------------------------------------  -----  ---------  --------  ----------  --------------  -------------------
/opt/airflow/dags/data_extracter_dag.py                           1           0  0.11s           2026-09-16T16:04:32
/opt/airflow/dags/data_staging_dag.py                             0           1  0.07s           2026-09-16T16:04:32
================================================================================
[2026-09-16T16:05:06.307+0000] {manager.py:878} INFO - 
================================================================================
DAG File Processing Stats

File Path                                PID    Runtime      # DAGs    # Errors  Last Runtime    Last Run
---------------------------------------  -----  ---------  --------  ----------  --------------  -------------------
/opt/airflow/dags/data_extracter_dag.py                           1           0  0.12s           2026-09-16T16:05:05
/opt/airflow/dags/data_staging_dag.py                             0           1  0.06s           2026-09-16T16:05:05
================================================================================
[2026-09-16T16:05:39.513+0000] {manager.py:878} INFO - 
================================================================================
DAG File Processing Stats

File Path                                PID    Runtime      # DAGs    # Errors  Last Runtime    Last Run
---------------------------------------  -----  ---------  --------  ----------  --------------  -------------------
/opt/airflow/dags/data_extracter_dag.py                           1           0  0.12s           2026-09-16T16:05:38
/opt/airflow/dags/data_staging_dag.py                             0           1  0.07s           2026-09-16T16:05:38
================================================================================
[2026-09-16T16:06:12.675+0000] {manager.py:878} INFO - 
================================================================================
DAG File Processing Stats

File Path                                PID    Runtime      # DAGs    # Errors  Last Runtime    Last Run
---------------------------------------  -----  ---------  --------  ----------  --------------  -------------------
/opt/airflow/dags/data_extracter_dag.py                           1           0  0.11s           2026-09-16T16:06:11
/opt/airflow/dags/data_staging_dag.py                             0           1  0.06s           2026-09-16T16:06:11
================================================================================
[2026-09-16T16:06:45.953+0000] {manager.py:878} INFO - 
================================================================================
DAG File Processing Stats

File Path                                PID    Runtime      # DAGs    # Errors  Last Runtime    Last Run
---------------------------------------  -----  ---------  --------  ----------  --------------  -------------------
/opt/airflow/dags/data_extracter_dag.py                           1           0  0.15s           2026-09-16T16:06:44
/opt/airflow/dags/data_staging_dag.py                             0           1  0.08s           2026-09-16T16:06:43
================================================================================
[2026-09-16T16:07:00.033+0000] {manager.py:737} INFO - Searching for files in /opt/airflow/dags
[2026-09-16T16:07:00.035+0000] {manager.py:740} INFO - There are 2 files in /opt/airflow/dags
[2026-09-16T16:07:19.103+0000] {manager.py:878} INFO - 
================================================================================
DAG File Processing Stats

File Path                                PID    Runtime      # DAGs    # Errors  Last Runtime    Last Run
---------------------------------------  -----  ---------  --------  ----------  --------------  -------------------
/opt/airflow/dags/data_extracter_dag.py                           1           0  0.12s           2026-09-16T16:07:17
/opt/airflow/dags/data_staging_dag.py                             0           1  0.07s           2026-09-16T16:07:17
================================================================================
[2026-09-16T16:12:32.722+0000] {manager.py:737} INFO - Searching for files in /opt/airflow/dags
[2026-09-16T16:12:32.731+0000] {manager.py:740} INFO - There are 2 files in /opt/airflow/dags
[2026-09-16T16:12:34.608+0000] {manager.py:878} INFO - 
================================================================================
DAG File Processing Stats

File Path                                PID    Runtime      # DAGs    # Errors  Last Runtime    Last Run
---------------------------------------  -----  ---------  --------  ----------  --------------  -------------------
/opt/airflow/dags/data_extracter_dag.py                           1           0  0.85s           2026-09-16T16:12:33
/opt/airflow/dags/data_staging_dag.py                             0           1  0.60s           2026-09-16T16:12:33
================================================================================
[2026-09-16T16:13:07.108+0000] {manager.py:878} INFO - 
================================================================================
DAG File Processing Stats

File Path                                PID    Runtime      # DAGs    # Errors  Last Runtime    Last Run
---------------------------------------  -----  ---------  --------  ----------  --------------  -------------------
/opt/airflow/dags/data_extracter_dag.py                           1           0  0.14s           2026-09-16T16:13:05
/opt/airflow/dags/data_staging_dag.py                             0           1  0.08s           2026-09-16T16:13:05
================================================================================
[2026-09-16T16:13:39.644+0000] {manager.py:878} INFO - 
================================================================================
DAG File Processing Stats

File Path                                PID    Runtime      # DAGs    # Errors  Last Runtime    Last Run
---------------------------------------  -----  ---------  --------  ----------  --------------  -------------------
/opt/airflow/dags/data_extracter_dag.py                           1           0  0.12s           2026-09-16T16:13:37
/opt/airflow/dags/data_staging_dag.py                             0           1  0.07s           2026-09-16T16:13:37
================================================================================
[2026-09-16T16:14:12.673+0000] {manager.py:878} INFO - 
================================================================================
DAG File Processing Stats

File Path                                PID    Runtime      # DAGs    # Errors  Last Runtime    Last Run
---------------------------------------  -----  ---------  --------  ----------  --------------  -------------------
/opt/airflow/dags/data_extracter_dag.py                           1           0  0.15s           2026-09-16T16:14:09
/opt/airflow/dags/data_staging_dag.py                             0           1  0.08s           2026-09-16T16:14:09
================================================================================
[2026-09-16T16:14:45.612+0000] {manager.py:878} INFO - 
================================================================================
DAG File Processing Stats

File Path                                PID    Runtime      # DAGs    # Errors  Last Runtime    Last Run
---------------------------------------  -----  ---------  --------  ----------  --------------  -------------------
/opt/airflow/dags/data_extracter_dag.py                           1           0  0.12s           2026-09-16T16:14:42
/opt/airflow/dags/data_staging_dag.py                             0           1  0.07s           2026-09-16T16:14:42
================================================================================
[2026-09-16T16:15:18.544+0000] {manager.py:878} INFO - 
================================================================================
DAG File Processing Stats

File Path                                PID    Runtime      # DAGs    # Errors  Last Runtime    Last Run
---------------------------------------  -----  ---------  --------  ----------  --------------  -------------------
/opt/airflow/dags/data_extracter_dag.py                           1           0  0.12s           2026-09-16T16:15:15
/opt/airflow/dags/data_staging_dag.py                             0           1  0.06s           2026-09-16T16:15:15
================================================================================
[2026-09-16T16:15:51.670+0000] {manager.py:878} INFO - 
================================================================================
DAG File Processing Stats

File Path                                PID    Runtime      # DAGs    # Errors  Last Runtime    Last Run
---------------------------------------  -----  ---------  --------  ----------  --------------  -------------------
/opt/airflow/dags/data_extracter_dag.py                           1           0  0.13s           2026-09-16T16:15:48
/opt/airflow/dags/data_staging_dag.py                             0           1  0.07s           2026-09-16T16:15:48
================================================================================
[2026-09-16T16:16:24.960+0000] {manager.py:878} INFO - 
================================================================================
DAG File Processing Stats

File Path                                PID    Runtime      # DAGs    # Errors  Last Runtime    Last Run
---------------------------------------  -----  ---------  --------  ----------  --------------  -------------------
/opt/airflow/dags/data_extracter_dag.py                           1           0  0.13s           2026-09-16T16:16:21
/opt/airflow/dags/data_staging_dag.py                             0           1  0.06s           2026-09-16T16:16:20
================================================================================
[2026-09-16T16:16:58.039+0000] {manager.py:878} INFO - 
================================================================================
DAG File Processing Stats

File Path                                PID    Runtime      # DAGs    # Errors  Last Runtime    Last Run
---------------------------------------  -----  ---------  --------  ----------  --------------  -------------------
/opt/airflow/dags/data_extracter_dag.py                           1           0  0.12s           2026-09-16T16:16:54
/opt/airflow/dags/data_staging_dag.py                             0           1  0.07s           2026-09-16T16:16:54
================================================================================
[2026-09-16T16:17:31.240+0000] {manager.py:878} INFO - 
================================================================================
DAG File Processing Stats

File Path                                PID    Runtime      # DAGs    # Errors  Last Runtime    Last Run
---------------------------------------  -----  ---------  --------  ----------  --------------  -------------------
/opt/airflow/dags/data_extracter_dag.py                           1           0  0.13s           2026-09-16T16:17:27
/opt/airflow/dags/data_staging_dag.py                             0           1  0.07s           2026-09-16T16:17:27
================================================================================
[2026-09-16T16:17:33.251+0000] {manager.py:737} INFO - Searching for files in /opt/airflow/dags
[2026-09-16T16:17:33.253+0000] {manager.py:740} INFO - There are 2 files in /opt/airflow/dags
[2026-09-16T16:21:38.293+0000] {manager.py:878} INFO - 
================================================================================
DAG File Processing Stats

File Path                                PID    Runtime      # DAGs    # Errors  Last Runtime    Last Run
---------------------------------------  -----  ---------  --------  ----------  --------------  -------------------
/opt/airflow/dags/data_extracter_dag.py                           1           0  0.41s           2026-09-16T16:21:09
/opt/airflow/dags/data_staging_dag.py                             0           1  0.25s           2026-09-16T16:21:09
================================================================================
[2026-09-16T16:22:09.048+0000] {manager.py:878} INFO - 
================================================================================
DAG File Processing Stats

File Path                                PID    Runtime      # DAGs    # Errors  Last Runtime    Last Run
---------------------------------------  -----  ---------  --------  ----------  --------------  -------------------
/opt/airflow/dags/data_extracter_dag.py                           1           0  0.18s           2026-09-16T16:21:39
/opt/airflow/dags/data_staging_dag.py                             0           1  0.09s           2026-09-16T16:21:39
================================================================================
[2026-09-16T16:22:33.267+0000] {manager.py:737} INFO - Searching for files in /opt/airflow/dags
[2026-09-16T16:22:33.271+0000] {manager.py:740} INFO - There are 2 files in /opt/airflow/dags
[2026-09-16T16:22:41.565+0000] {manager.py:878} INFO - 
================================================================================
DAG File Processing Stats

File Path                                PID    Runtime      # DAGs    # Errors  Last Runtime    Last Run
---------------------------------------  -----  ---------  --------  ----------  --------------  -------------------
/opt/airflow/dags/data_extracter_dag.py                           1           0  0.17s           2026-09-16T16:22:40
/opt/airflow/dags/data_staging_dag.py                             0           1  0.09s           2026-09-16T16:22:40
================================================================================
[2026-09-16T16:23:13.266+0000] {manager.py:878} INFO - 
================================================================================
DAG File Processing Stats

File Path                                PID    Runtime      # DAGs    # Errors  Last Runtime    Last Run
---------------------------------------  -----  ---------  --------  ----------  --------------  -------------------
/opt/airflow/dags/data_extracter_dag.py                           1           0  0.12s           2026-09-16T16:23:11
/opt/airflow/dags/data_staging_dag.py                             0           1  0.07s           2026-09-16T16:23:11
================================================================================
[2026-09-16T16:23:45.556+0000] {manager.py:878} INFO - 
================================================================================
DAG File Processing Stats

File Path                                PID    Runtime      # DAGs    # Errors  Last Runtime    Last Run
---------------------------------------  -----  ---------  --------  ----------  --------------  -------------------
/opt/airflow/dags/data_extracter_dag.py                           1           0  0.16s           2026-09-16T16:23:41
/opt/airflow/dags/data_staging_dag.py                             0           1  0.09s           2026-09-16T16:23:41
================================================================================
[2026-09-16T16:24:17.826+0000] {manager.py:878} INFO - 
================================================================================
DAG File Processing Stats

File Path                                PID    Runtime      # DAGs    # Errors  Last Runtime    Last Run
---------------------------------------  -----  ---------  --------  ----------  --------------  -------------------
/opt/airflow/dags/data_extracter_dag.py                           1           0  0.13s           2026-09-16T16:24:11
/opt/airflow/dags/data_staging_dag.py                             0           1  0.07s           2026-09-16T16:24:11
================================================================================
[2026-09-16T16:24:49.943+0000] {manager.py:878} INFO - 
================================================================================
DAG File Processing Stats

File Path                                PID    Runtime      # DAGs    # Errors  Last Runtime    Last Run
---------------------------------------  -----  ---------  --------  ----------  --------------  -------------------
/opt/airflow/dags/data_extracter_dag.py                           1           0  0.14s           2026-09-16T16:24:43
/opt/airflow/dags/data_staging_dag.py                             0           1  0.08s           2026-09-16T16:24:43
================================================================================
[2026-09-16T16:25:22.066+0000] {manager.py:878} INFO - 
================================================================================
DAG File Processing Stats

File Path                                PID    Runtime      # DAGs    # Errors  Last Runtime    Last Run
---------------------------------------  -----  ---------  --------  ----------  --------------  -------------------
/opt/airflow/dags/data_extracter_dag.py                           1           0  0.13s           2026-09-16T16:25:16
/opt/airflow/dags/data_staging_dag.py                             0           1  0.06s           2026-09-16T16:25:16
================================================================================
[2026-09-16T16:25:54.438+0000] {manager.py:878} INFO - 
================================================================================
DAG File Processing Stats

File Path                                PID    Runtime      # DAGs    # Errors  Last Runtime    Last Run
---------------------------------------  -----  ---------  --------  ----------  --------------  -------------------
/opt/airflow/dags/data_extracter_dag.py                           1           0  0.13s           2026-09-16T16:25:47
/opt/airflow/dags/data_staging_dag.py                             0           1  0.07s           2026-09-16T16:25:47
================================================================================
[2026-09-16T16:26:25.085+0000] {manager.py:878} INFO - 
================================================================================
DAG File Processing Stats

File Path                                PID    Runtime      # DAGs    # Errors  Last Runtime    Last Run
---------------------------------------  -----  ---------  --------  ----------  --------------  -------------------
/opt/airflow/dags/data_extracter_dag.py                           1           0  0.11s           2026-09-16T16:26:18
/opt/airflow/dags/data_staging_dag.py                             0           1  0.06s           2026-09-16T16:26:18
================================================================================
[2026-09-16T16:26:59.189+0000] {manager.py:878} INFO - 
================================================================================
DAG File Processing Stats

File Path                                PID    Runtime      # DAGs    # Errors  Last Runtime    Last Run
---------------------------------------  -----  ---------  --------  ----------  --------------  -------------------
/opt/airflow/dags/data_extracter_dag.py                           1           0  0.12s           2026-09-16T16:26:49
/opt/airflow/dags/data_staging_dag.py                             0           1  0.07s           2026-09-16T16:26:48
================================================================================
[2026-09-16T16:34:21.241+0000] {manager.py:737} INFO - Searching for files in /opt/airflow/dags
[2026-09-16T16:34:21.243+0000] {manager.py:740} INFO - There are 2 files in /opt/airflow/dags
[2026-09-16T17:24:26.900+0000] {manager.py:737} INFO - Searching for files in /opt/airflow/dags
[2026-09-16T17:24:26.908+0000] {manager.py:740} INFO - There are 2 files in /opt/airflow/dags
[2026-09-16T22:37:52.019+0000] {manager.py:737} INFO - Searching for files in /opt/airflow/dags
[2026-09-16T22:37:52.023+0000] {manager.py:740} INFO - There are 2 files in /opt/airflow/dags
[2026-09-16T22:37:54.980+0000] {manager.py:878} INFO - 
================================================================================
DAG File Processing Stats

File Path                                PID    Runtime      # DAGs    # Errors  Last Runtime    Last Run
---------------------------------------  -----  ---------  --------  ----------  --------------  -------------------
/opt/airflow/dags/data_staging_dag.py                             0           1  0.85s           2026-09-16T22:37:52
/opt/airflow/dags/data_extracter_dag.py                           1           0  0.83s           2026-09-16T22:37:52
================================================================================
[2026-09-16T22:38:25.653+0000] {manager.py:878} INFO - 
================================================================================
DAG File Processing Stats

File Path                                  PID  Runtime      # DAGs    # Errors  Last Runtime    Last Run
---------------------------------------  -----  ---------  --------  ----------  --------------  -------------------
/opt/airflow/dags/data_staging_dag.py     1166  2.38s             0           1  0.85s           2026-09-16T22:37:52
/opt/airflow/dags/data_extracter_dag.py   1167  2.18s             1           0  0.83s           2026-09-16T22:37:52
================================================================================
[2026-09-16T22:38:55.980+0000] {manager.py:878} INFO - 
================================================================================
DAG File Processing Stats

File Path                                PID    Runtime      # DAGs    # Errors  Last Runtime    Last Run
---------------------------------------  -----  ---------  --------  ----------  --------------  -------------------
/opt/airflow/dags/data_extracter_dag.py                           1           0  2.85s           2026-09-16T22:38:26
/opt/airflow/dags/data_staging_dag.py                             0           1  2.45s           2026-09-16T22:38:25
================================================================================
[2026-09-16T22:39:26.600+0000] {manager.py:878} INFO - 
================================================================================
DAG File Processing Stats

File Path                                  PID  Runtime      # DAGs    # Errors  Last Runtime    Last Run
---------------------------------------  -----  ---------  --------  ----------  --------------  -------------------
/opt/airflow/dags/data_extracter_dag.py                           1           0  0.36s           2026-09-16T22:38:56
/opt/airflow/dags/data_staging_dag.py     1182  0.01s             0           1  0.18s           2026-09-16T22:38:56
================================================================================
[2026-09-16T22:39:56.194+0000] {manager.py:878} INFO - 
================================================================================
DAG File Processing Stats

File Path                                PID    Runtime      # DAGs    # Errors  Last Runtime    Last Run
---------------------------------------  -----  ---------  --------  ----------  --------------  -------------------
/opt/airflow/dags/data_extracter_dag.py                           1           0  0.11s           2026-09-16T22:39:27
/opt/airflow/dags/data_staging_dag.py                             0           1  0.06s           2026-09-16T22:39:26
================================================================================
[2026-09-16T22:40:27.479+0000] {manager.py:878} INFO - 
================================================================================
DAG File Processing Stats

File Path                                PID    Runtime      # DAGs    # Errors  Last Runtime    Last Run
---------------------------------------  -----  ---------  --------  ----------  --------------  -------------------
/opt/airflow/dags/data_extracter_dag.py                           1           0  3.49s           2026-09-16T22:40:01
/opt/airflow/dags/data_staging_dag.py                             0           1  1.93s           2026-09-16T22:39:59
================================================================================
[2026-09-16T22:40:57.886+0000] {manager.py:878} INFO - 
================================================================================
DAG File Processing Stats

File Path                                PID    Runtime      # DAGs    # Errors  Last Runtime    Last Run
---------------------------------------  -----  ---------  --------  ----------  --------------  -------------------
/opt/airflow/dags/data_extracter_dag.py                           1           0  0.11s           2026-09-16T22:40:32
/opt/airflow/dags/data_staging_dag.py                             0           1  0.09s           2026-09-16T22:40:29
================================================================================
[2026-09-16T22:41:28.184+0000] {manager.py:878} INFO - 
================================================================================
DAG File Processing Stats

File Path                                PID    Runtime      # DAGs    # Errors  Last Runtime    Last Run
---------------------------------------  -----  ---------  --------  ----------  --------------  -------------------
/opt/airflow/dags/data_extracter_dag.py                           1           0  0.12s           2026-09-16T22:41:03
/opt/airflow/dags/data_staging_dag.py                             0           1  0.06s           2026-09-16T22:40:59
================================================================================
[2026-09-16T22:41:58.443+0000] {manager.py:878} INFO - 
================================================================================
DAG File Processing Stats

File Path                                PID    Runtime      # DAGs    # Errors  Last Runtime    Last Run
---------------------------------------  -----  ---------  --------  ----------  --------------  -------------------
/opt/airflow/dags/data_extracter_dag.py                           1           0  0.53s           2026-09-16T22:41:33
/opt/airflow/dags/data_staging_dag.py                             0           1  0.07s           2026-09-16T22:41:30
================================================================================
[2026-09-16T22:42:28.690+0000] {manager.py:878} INFO - 
================================================================================
DAG File Processing Stats

File Path                                PID    Runtime      # DAGs    # Errors  Last Runtime    Last Run
---------------------------------------  -----  ---------  --------  ----------  --------------  -------------------
/opt/airflow/dags/data_extracter_dag.py                           1           0  0.17s           2026-09-16T22:42:04
/opt/airflow/dags/data_staging_dag.py                             0           1  0.06s           2026-09-16T22:42:00
================================================================================
[2026-09-16T22:42:52.919+0000] {manager.py:737} INFO - Searching for files in /opt/airflow/dags
[2026-09-16T22:42:52.924+0000] {manager.py:740} INFO - There are 2 files in /opt/airflow/dags
[2026-09-16T22:42:58.965+0000] {manager.py:878} INFO - 
================================================================================
DAG File Processing Stats

File Path                                PID    Runtime      # DAGs    # Errors  Last Runtime    Last Run
---------------------------------------  -----  ---------  --------  ----------  --------------  -------------------
/opt/airflow/dags/data_extracter_dag.py                           1           0  0.10s           2026-09-16T22:42:34
/opt/airflow/dags/data_staging_dag.py                             0           1  0.07s           2026-09-16T22:42:30
================================================================================
[2026-09-16T22:43:29.224+0000] {manager.py:878} INFO - 
================================================================================
DAG File Processing Stats

File Path                                PID    Runtime      # DAGs    # Errors  Last Runtime    Last Run
---------------------------------------  -----  ---------  --------  ----------  --------------  -------------------
/opt/airflow/dags/data_extracter_dag.py                           1           0  0.11s           2026-09-16T22:43:05
/opt/airflow/dags/data_staging_dag.py                             0           1  0.07s           2026-09-16T22:43:01
================================================================================
[2026-09-16T22:43:59.452+0000] {manager.py:878} INFO - 
================================================================================
DAG File Processing Stats

File Path                                PID    Runtime      # DAGs    # Errors  Last Runtime    Last Run
---------------------------------------  -----  ---------  --------  ----------  --------------  -------------------
/opt/airflow/dags/data_extracter_dag.py                           1           0  0.12s           2026-09-16T22:43:35
/opt/airflow/dags/data_staging_dag.py                             0           1  0.06s           2026-09-16T22:43:31
================================================================================
[2026-09-16T22:44:29.643+0000] {manager.py:878} INFO - 
================================================================================
DAG File Processing Stats

File Path                                PID    Runtime      # DAGs    # Errors  Last Runtime    Last Run
---------------------------------------  -----  ---------  --------  ----------  --------------  -------------------
/opt/airflow/dags/data_extracter_dag.py                           1           0  0.38s           2026-09-16T22:44:05
/opt/airflow/dags/data_staging_dag.py                             0           1  0.07s           2026-09-16T22:44:01
================================================================================
[2026-09-16T22:44:59.851+0000] {manager.py:878} INFO - 
================================================================================
DAG File Processing Stats

File Path                                PID    Runtime      # DAGs    # Errors  Last Runtime    Last Run
---------------------------------------  -----  ---------  --------  ----------  --------------  -------------------
/opt/airflow/dags/data_extracter_dag.py                           1           0  0.10s           2026-09-16T22:44:36
/opt/airflow/dags/data_staging_dag.py                             0           1  0.05s           2026-09-16T22:44:31
================================================================================
[2026-09-16T22:45:30.168+0000] {manager.py:878} INFO - 
================================================================================
DAG File Processing Stats

File Path                                PID    Runtime      # DAGs    # Errors  Last Runtime    Last Run
---------------------------------------  -----  ---------  --------  ----------  --------------  -------------------
/opt/airflow/dags/data_extracter_dag.py                           1           0  0.19s           2026-09-16T22:45:07
/opt/airflow/dags/data_staging_dag.py                             0           1  0.10s           2026-09-16T22:45:01
================================================================================
[2026-09-16T22:46:00.537+0000] {manager.py:878} INFO - 
================================================================================
DAG File Processing Stats

File Path                                PID    Runtime      # DAGs    # Errors  Last Runtime    Last Run
---------------------------------------  -----  ---------  --------  ----------  --------------  -------------------
/opt/airflow/dags/data_extracter_dag.py                           1           0  0.18s           2026-09-16T22:45:37
/opt/airflow/dags/data_staging_dag.py                             0           1  0.12s           2026-09-16T22:45:32
================================================================================
[2026-09-16T22:46:30.910+0000] {manager.py:878} INFO - 
================================================================================
DAG File Processing Stats

File Path                                PID    Runtime      # DAGs    # Errors  Last Runtime    Last Run
---------------------------------------  -----  ---------  --------  ----------  --------------  -------------------
/opt/airflow/dags/data_extracter_dag.py                           1           0  0.20s           2026-09-16T22:46:07
/opt/airflow/dags/data_staging_dag.py                             0           1  0.11s           2026-09-16T22:46:02
================================================================================
[2026-09-16T22:47:01.249+0000] {manager.py:878} INFO - 
================================================================================
DAG File Processing Stats

File Path                                PID    Runtime      # DAGs    # Errors  Last Runtime    Last Run
---------------------------------------  -----  ---------  --------  ----------  --------------  -------------------
/opt/airflow/dags/data_extracter_dag.py                           1           0  0.19s           2026-09-16T22:46:38
/opt/airflow/dags/data_staging_dag.py                             0           1  0.11s           2026-09-16T22:46:33
================================================================================
[2026-09-16T22:47:31.576+0000] {manager.py:878} INFO - 
================================================================================
DAG File Processing Stats

File Path                                PID    Runtime      # DAGs    # Errors  Last Runtime    Last Run
---------------------------------------  -----  ---------  --------  ----------  --------------  -------------------
/opt/airflow/dags/data_extracter_dag.py                           1           0  0.15s           2026-09-16T22:47:08
/opt/airflow/dags/data_staging_dag.py                             0           1  0.10s           2026-09-16T22:47:03
================================================================================
[2026-09-16T22:47:52.944+0000] {manager.py:737} INFO - Searching for files in /opt/airflow/dags
[2026-09-16T22:47:52.948+0000] {manager.py:740} INFO - There are 2 files in /opt/airflow/dags
[2026-09-16T22:48:01.894+0000] {manager.py:878} INFO - 
================================================================================
DAG File Processing Stats

File Path                                PID    Runtime      # DAGs    # Errors  Last Runtime    Last Run
---------------------------------------  -----  ---------  --------  ----------  --------------  -------------------
/opt/airflow/dags/data_extracter_dag.py                           1           0  0.21s           2026-09-16T22:47:38
/opt/airflow/dags/data_staging_dag.py                             0           1  0.08s           2026-09-16T22:47:33
================================================================================
[2026-09-17T00:40:28.540+0000] {manager.py:737} INFO - Searching for files in /opt/airflow/dags
[2026-09-17T00:40:28.550+0000] {manager.py:740} INFO - There are 2 files in /opt/airflow/dags
[2026-09-17T05:37:26.388+0000] {manager.py:737} INFO - Searching for files in /opt/airflow/dags
[2026-09-17T05:37:26.391+0000] {manager.py:740} INFO - There are 2 files in /opt/airflow/dags
[2026-09-17T05:37:34.871+0000] {manager.py:878} INFO - 
================================================================================
DAG File Processing Stats

File Path                                PID    Runtime      # DAGs    # Errors  Last Runtime    Last Run
---------------------------------------  -----  ---------  --------  ----------  --------------  -------------------
/opt/airflow/dags/data_staging_dag.py                             0           1  0.40s           2026-09-17T05:37:26
/opt/airflow/dags/data_extracter_dag.py                           1           0  0.38s           2026-09-17T05:37:26
================================================================================
[2026-09-17T05:38:05.092+0000] {manager.py:878} INFO - 
================================================================================
DAG File Processing Stats

File Path                                PID    Runtime      # DAGs    # Errors  Last Runtime    Last Run
---------------------------------------  -----  ---------  --------  ----------  --------------  -------------------
/opt/airflow/dags/data_extracter_dag.py                           1           0  0.14s           2026-09-17T05:37:57
/opt/airflow/dags/data_staging_dag.py                             0           1  0.07s           2026-09-17T05:37:57
================================================================================
[2026-09-17T05:38:35.323+0000] {manager.py:878} INFO - 
================================================================================
DAG File Processing Stats

File Path                                PID    Runtime      # DAGs    # Errors  Last Runtime    Last Run
---------------------------------------  -----  ---------  --------  ----------  --------------  -------------------
/opt/airflow/dags/data_extracter_dag.py                           1           0  0.14s           2026-09-17T05:38:27
/opt/airflow/dags/data_staging_dag.py                             0           1  0.08s           2026-09-17T05:38:27
================================================================================
[2026-09-17T05:39:05.501+0000] {manager.py:878} INFO - 
================================================================================
DAG File Processing Stats

File Path                                PID    Runtime      # DAGs    # Errors  Last Runtime    Last Run
---------------------------------------  -----  ---------  --------  ----------  --------------  -------------------
/opt/airflow/dags/data_extracter_dag.py                           1           0  0.11s           2026-09-17T05:38:57
/opt/airflow/dags/data_staging_dag.py                             0           1  0.06s           2026-09-17T05:38:57
================================================================================
[2026-09-17T05:39:35.713+0000] {manager.py:878} INFO - 
================================================================================
DAG File Processing Stats

File Path                                PID    Runtime      # DAGs    # Errors  Last Runtime    Last Run
---------------------------------------  -----  ---------  --------  ----------  --------------  -------------------
/opt/airflow/dags/data_extracter_dag.py                           1           0  0.10s           2026-09-17T05:39:27
/opt/airflow/dags/data_staging_dag.py                             0           1  0.05s           2026-09-17T05:39:27
================================================================================
[2026-09-17T05:40:05.928+0000] {manager.py:878} INFO - 
================================================================================
DAG File Processing Stats

File Path                                PID    Runtime      # DAGs    # Errors  Last Runtime    Last Run
---------------------------------------  -----  ---------  --------  ----------  --------------  -------------------
/opt/airflow/dags/data_extracter_dag.py                           1           0  0.11s           2026-09-17T05:39:57
/opt/airflow/dags/data_staging_dag.py                             0           1  0.06s           2026-09-17T05:39:57
================================================================================
[2026-09-17T05:40:36.156+0000] {manager.py:878} INFO - 
================================================================================
DAG File Processing Stats

File Path                                PID    Runtime      # DAGs    # Errors  Last Runtime    Last Run
---------------------------------------  -----  ---------  --------  ----------  --------------  -------------------
/opt/airflow/dags/data_extracter_dag.py                           1           0  0.10s           2026-09-17T05:40:28
/opt/airflow/dags/data_staging_dag.py                             0           1  0.05s           2026-09-17T05:40:28
================================================================================
[2026-09-17T05:41:06.386+0000] {manager.py:878} INFO - 
================================================================================
DAG File Processing Stats

File Path                                PID    Runtime      # DAGs    # Errors  Last Runtime    Last Run
---------------------------------------  -----  ---------  --------  ----------  --------------  -------------------
/opt/airflow/dags/data_extracter_dag.py                           1           0  0.11s           2026-09-17T05:40:58
/opt/airflow/dags/data_staging_dag.py                             0           1  0.06s           2026-09-17T05:40:58
================================================================================
[2026-09-17T05:41:36.611+0000] {manager.py:878} INFO - 
================================================================================
DAG File Processing Stats

File Path                                PID    Runtime      # DAGs    # Errors  Last Runtime    Last Run
---------------------------------------  -----  ---------  --------  ----------  --------------  -------------------
/opt/airflow/dags/data_extracter_dag.py                           1           0  0.10s           2026-09-17T05:41:28
/opt/airflow/dags/data_staging_dag.py                             0           1  0.06s           2026-09-17T05:41:28
================================================================================
[2026-09-17T05:42:06.835+0000] {manager.py:878} INFO - 
================================================================================
DAG File Processing Stats

File Path                                PID    Runtime      # DAGs    # Errors  Last Runtime    Last Run
---------------------------------------  -----  ---------  --------  ----------  --------------  -------------------
/opt/airflow/dags/data_extracter_dag.py                           1           0  0.10s           2026-09-17T05:41:58
/opt/airflow/dags/data_staging_dag.py                             0           1  0.05s           2026-09-17T05:41:58
================================================================================
[2026-09-17T05:42:26.933+0000] {manager.py:737} INFO - Searching for files in /opt/airflow/dags
[2026-09-17T05:42:26.934+0000] {manager.py:740} INFO - There are 2 files in /opt/airflow/dags
[2026-09-17T05:42:37.068+0000] {manager.py:878} INFO - 
================================================================================
DAG File Processing Stats

File Path                                PID    Runtime      # DAGs    # Errors  Last Runtime    Last Run
---------------------------------------  -----  ---------  --------  ----------  --------------  -------------------
/opt/airflow/dags/data_extracter_dag.py                           1           0  0.13s           2026-09-17T05:42:29
/opt/airflow/dags/data_staging_dag.py                             0           1  0.07s           2026-09-17T05:42:29
================================================================================
[2026-09-17T05:43:07.292+0000] {manager.py:878} INFO - 
================================================================================
DAG File Processing Stats

File Path                                PID    Runtime      # DAGs    # Errors  Last Runtime    Last Run
---------------------------------------  -----  ---------  --------  ----------  --------------  -------------------
/opt/airflow/dags/data_extracter_dag.py                           1           0  0.11s           2026-09-17T05:42:59
/opt/airflow/dags/data_staging_dag.py                             0           1  0.06s           2026-09-17T05:42:59
================================================================================
[2026-09-17T05:43:37.510+0000] {manager.py:878} INFO - 
================================================================================
DAG File Processing Stats

File Path                                PID    Runtime      # DAGs    # Errors  Last Runtime    Last Run
---------------------------------------  -----  ---------  --------  ----------  --------------  -------------------
/opt/airflow/dags/data_extracter_dag.py                           1           0  0.10s           2026-09-17T05:43:29
/opt/airflow/dags/data_staging_dag.py                             0           1  0.05s           2026-09-17T05:43:29
================================================================================
[2026-09-17T05:44:07.741+0000] {manager.py:878} INFO - 
================================================================================
DAG File Processing Stats

File Path                                PID    Runtime      # DAGs    # Errors  Last Runtime    Last Run
---------------------------------------  -----  ---------  --------  ----------  --------------  -------------------
/opt/airflow/dags/data_extracter_dag.py                           1           0  0.10s           2026-09-17T05:43:59
/opt/airflow/dags/data_staging_dag.py                             0           1  0.06s           2026-09-17T05:43:59
================================================================================
[2026-09-17T05:44:37.953+0000] {manager.py:878} INFO - 
================================================================================
DAG File Processing Stats

File Path                                PID    Runtime      # DAGs    # Errors  Last Runtime    Last Run
---------------------------------------  -----  ---------  --------  ----------  --------------  -------------------
/opt/airflow/dags/data_extracter_dag.py                           1           0  0.10s           2026-09-17T05:44:29
/opt/airflow/dags/data_staging_dag.py                             0           1  0.05s           2026-09-17T05:44:29
================================================================================
[2026-09-17T05:45:10.310+0000] {manager.py:878} INFO - 
================================================================================
DAG File Processing Stats

File Path                                PID    Runtime      # DAGs    # Errors  Last Runtime    Last Run
---------------------------------------  -----  ---------  --------  ----------  --------------  -------------------
/opt/airflow/dags/data_extracter_dag.py                           1           0  0.10s           2026-09-17T05:45:00
/opt/airflow/dags/data_staging_dag.py                             0           1  0.05s           2026-09-17T05:45:00
================================================================================
[2026-09-17T05:45:42.189+0000] {manager.py:878} INFO - 
================================================================================
DAG File Processing Stats

File Path                                PID    Runtime      # DAGs    # Errors  Last Runtime    Last Run
---------------------------------------  -----  ---------  --------  ----------  --------------  -------------------
/opt/airflow/dags/data_extracter_dag.py                           1           0  0.10s           2026-09-17T05:45:31
/opt/airflow/dags/data_staging_dag.py                             0           1  0.06s           2026-09-17T05:45:31
================================================================================
[2026-09-17T05:46:14.513+0000] {manager.py:878} INFO - 
================================================================================
DAG File Processing Stats

File Path                                PID    Runtime      # DAGs    # Errors  Last Runtime    Last Run
---------------------------------------  -----  ---------  --------  ----------  --------------  -------------------
/opt/airflow/dags/data_extracter_dag.py                           1           0  0.10s           2026-09-17T05:46:01
/opt/airflow/dags/data_staging_dag.py                             0           1  0.05s           2026-09-17T05:46:01
================================================================================
[2026-09-17T05:46:46.744+0000] {manager.py:878} INFO - 
================================================================================
DAG File Processing Stats

File Path                                PID    Runtime      # DAGs    # Errors  Last Runtime    Last Run
---------------------------------------  -----  ---------  --------  ----------  --------------  -------------------
/opt/airflow/dags/data_extracter_dag.py                           1           0  0.10s           2026-09-17T05:46:32
/opt/airflow/dags/data_staging_dag.py                             0           1  0.06s           2026-09-17T05:46:32
================================================================================
[2026-09-17T05:47:19.022+0000] {manager.py:878} INFO - 
================================================================================
DAG File Processing Stats

File Path                                PID    Runtime      # DAGs    # Errors  Last Runtime    Last Run
---------------------------------------  -----  ---------  --------  ----------  --------------  -------------------
/opt/airflow/dags/data_extracter_dag.py                           1           0  0.09s           2026-09-17T05:47:04
/opt/airflow/dags/data_staging_dag.py                             0           1  0.05s           2026-09-17T05:47:04
================================================================================
[2026-09-17T05:47:27.061+0000] {manager.py:737} INFO - Searching for files in /opt/airflow/dags
[2026-09-17T05:47:27.064+0000] {manager.py:740} INFO - There are 2 files in /opt/airflow/dags
[2026-09-17T05:47:51.328+0000] {manager.py:878} INFO - 
================================================================================
DAG File Processing Stats

File Path                                PID    Runtime      # DAGs    # Errors  Last Runtime    Last Run
---------------------------------------  -----  ---------  --------  ----------  --------------  -------------------
/opt/airflow/dags/data_extracter_dag.py                           1           0  0.12s           2026-09-17T05:47:36
/opt/airflow/dags/data_staging_dag.py                             0           1  0.07s           2026-09-17T05:47:36
================================================================================
[2026-09-17T05:48:23.648+0000] {manager.py:878} INFO - 
================================================================================
DAG File Processing Stats

File Path                                PID    Runtime      # DAGs    # Errors  Last Runtime    Last Run
---------------------------------------  -----  ---------  --------  ----------  --------------  -------------------
/opt/airflow/dags/data_extracter_dag.py                           1           0  0.11s           2026-09-17T05:48:08
/opt/airflow/dags/data_staging_dag.py                             0           1  0.05s           2026-09-17T05:48:08
================================================================================
[2026-09-17T05:48:56.034+0000] {manager.py:878} INFO - 
================================================================================
DAG File Processing Stats

File Path                                PID    Runtime      # DAGs    # Errors  Last Runtime    Last Run
---------------------------------------  -----  ---------  --------  ----------  --------------  -------------------
/opt/airflow/dags/data_extracter_dag.py                           1           0  0.09s           2026-09-17T05:48:40
/opt/airflow/dags/data_staging_dag.py                             0           1  0.05s           2026-09-17T05:48:40
================================================================================
[2026-09-17T05:49:28.417+0000] {manager.py:878} INFO - 
================================================================================
DAG File Processing Stats

File Path                                PID    Runtime      # DAGs    # Errors  Last Runtime    Last Run
---------------------------------------  -----  ---------  --------  ----------  --------------  -------------------
/opt/airflow/dags/data_extracter_dag.py                           1           0  0.09s           2026-09-17T05:49:13
/opt/airflow/dags/data_staging_dag.py                             0           1  0.05s           2026-09-17T05:49:13
================================================================================
[2026-09-17T05:50:00.830+0000] {manager.py:878} INFO - 
================================================================================
DAG File Processing Stats

File Path                                PID    Runtime      # DAGs    # Errors  Last Runtime    Last Run
---------------------------------------  -----  ---------  --------  ----------  --------------  -------------------
/opt/airflow/dags/data_extracter_dag.py                           1           0  0.09s           2026-09-17T05:49:44
/opt/airflow/dags/data_staging_dag.py                             0           1  0.05s           2026-09-17T05:49:44
================================================================================
[2026-09-17T05:50:33.214+0000] {manager.py:878} INFO - 
================================================================================
DAG File Processing Stats

File Path                                PID    Runtime      # DAGs    # Errors  Last Runtime    Last Run
---------------------------------------  -----  ---------  --------  ----------  --------------  -------------------
/opt/airflow/dags/data_extracter_dag.py                           1           0  0.11s           2026-09-17T05:50:17
/opt/airflow/dags/data_staging_dag.py                             0           1  0.07s           2026-09-17T05:50:17
================================================================================
[2026-09-17T05:51:05.644+0000] {manager.py:878} INFO - 
================================================================================
DAG File Processing Stats

File Path                                PID    Runtime      # DAGs    # Errors  Last Runtime    Last Run
---------------------------------------  -----  ---------  --------  ----------  --------------  -------------------
/opt/airflow/dags/data_extracter_dag.py                           1           0  0.12s           2026-09-17T05:50:49
/opt/airflow/dags/data_staging_dag.py                             0           1  0.07s           2026-09-17T05:50:49
================================================================================
[2026-09-17T05:51:38.222+0000] {manager.py:878} INFO - 
================================================================================
DAG File Processing Stats

File Path                                PID    Runtime      # DAGs    # Errors  Last Runtime    Last Run
---------------------------------------  -----  ---------  --------  ----------  --------------  -------------------
/opt/airflow/dags/data_extracter_dag.py                           1           0  0.11s           2026-09-17T05:51:22
/opt/airflow/dags/data_staging_dag.py                             0           1  0.07s           2026-09-17T05:51:22
================================================================================
[2026-09-17T05:52:10.553+0000] {manager.py:878} INFO - 
================================================================================
DAG File Processing Stats

File Path                                PID    Runtime      # DAGs    # Errors  Last Runtime    Last Run
---------------------------------------  -----  ---------  --------  ----------  --------------  -------------------
/opt/airflow/dags/data_extracter_dag.py                           1           0  0.09s           2026-09-17T05:51:54
/opt/airflow/dags/data_staging_dag.py                             0           1  0.05s           2026-09-17T05:51:54
================================================================================
[2026-09-17T05:52:27.964+0000] {manager.py:737} INFO - Searching for files in /opt/airflow/dags
[2026-09-17T05:52:27.967+0000] {manager.py:740} INFO - There are 2 files in /opt/airflow/dags
[2026-09-17T05:52:43.060+0000] {manager.py:878} INFO - 
================================================================================
DAG File Processing Stats

File Path                                PID    Runtime      # DAGs    # Errors  Last Runtime    Last Run
---------------------------------------  -----  ---------  --------  ----------  --------------  -------------------
/opt/airflow/dags/data_extracter_dag.py                           1           0  0.11s           2026-09-17T05:52:27
/opt/airflow/dags/data_staging_dag.py                             0           1  0.06s           2026-09-17T05:52:26
================================================================================
[2026-09-17T05:53:15.532+0000] {manager.py:878} INFO - 
================================================================================
DAG File Processing Stats

File Path                                PID    Runtime      # DAGs    # Errors  Last Runtime    Last Run
---------------------------------------  -----  ---------  --------  ----------  --------------  -------------------
/opt/airflow/dags/data_extracter_dag.py                           1           0  0.10s           2026-09-17T05:52:58
/opt/airflow/dags/data_staging_dag.py                             0           1  0.06s           2026-09-17T05:52:58
================================================================================
[2026-09-17T05:53:48.322+0000] {manager.py:878} INFO - 
================================================================================
DAG File Processing Stats

File Path                                PID    Runtime      # DAGs    # Errors  Last Runtime    Last Run
---------------------------------------  -----  ---------  --------  ----------  --------------  -------------------
/opt/airflow/dags/data_extracter_dag.py                           1           0  0.10s           2026-09-17T05:53:31
/opt/airflow/dags/data_staging_dag.py                             0           1  0.05s           2026-09-17T05:53:31
================================================================================
[2026-09-17T05:54:21.041+0000] {manager.py:878} INFO - 
================================================================================
DAG File Processing Stats

File Path                                PID    Runtime      # DAGs    # Errors  Last Runtime    Last Run
---------------------------------------  -----  ---------  --------  ----------  --------------  -------------------
/opt/airflow/dags/data_extracter_dag.py                           1           0  0.09s           2026-09-17T05:54:04
/opt/airflow/dags/data_staging_dag.py                             0           1  0.05s           2026-09-17T05:54:03
================================================================================
[2026-09-17T05:54:53.467+0000] {manager.py:878} INFO - 
================================================================================
DAG File Processing Stats

File Path                                PID    Runtime      # DAGs    # Errors  Last Runtime    Last Run
---------------------------------------  -----  ---------  --------  ----------  --------------  -------------------
/opt/airflow/dags/data_extracter_dag.py                           1           0  0.09s           2026-09-17T05:54:36
/opt/airflow/dags/data_staging_dag.py                             0           1  0.05s           2026-09-17T05:54:36
================================================================================
[2026-09-17T05:55:26.110+0000] {manager.py:878} INFO - 
================================================================================
DAG File Processing Stats

File Path                                PID    Runtime      # DAGs    # Errors  Last Runtime    Last Run
---------------------------------------  -----  ---------  --------  ----------  --------------  -------------------
/opt/airflow/dags/data_extracter_dag.py                           1           0  0.09s           2026-09-17T05:55:08
/opt/airflow/dags/data_staging_dag.py                             0           1  0.05s           2026-09-17T05:55:08
================================================================================
[2026-09-17T05:55:58.646+0000] {manager.py:878} INFO - 
================================================================================
DAG File Processing Stats

File Path                                PID    Runtime      # DAGs    # Errors  Last Runtime    Last Run
---------------------------------------  -----  ---------  --------  ----------  --------------  -------------------
/opt/airflow/dags/data_extracter_dag.py                           1           0  0.09s           2026-09-17T05:55:40
/opt/airflow/dags/data_staging_dag.py                             0           1  0.06s           2026-09-17T05:55:40
================================================================================
[2026-09-17T05:56:31.703+0000] {manager.py:878} INFO - 
================================================================================
DAG File Processing Stats

File Path                                PID    Runtime      # DAGs    # Errors  Last Runtime    Last Run
---------------------------------------  -----  ---------  --------  ----------  --------------  -------------------
/opt/airflow/dags/data_extracter_dag.py                           1           0  0.09s           2026-09-17T05:56:13
/opt/airflow/dags/data_staging_dag.py                             0           1  0.05s           2026-09-17T05:56:13
================================================================================
[2026-09-17T05:57:04.475+0000] {manager.py:878} INFO - 
================================================================================
DAG File Processing Stats

File Path                                PID    Runtime      # DAGs    # Errors  Last Runtime    Last Run
---------------------------------------  -----  ---------  --------  ----------  --------------  -------------------
/opt/airflow/dags/data_extracter_dag.py                           1           0  0.09s           2026-09-17T05:56:46
/opt/airflow/dags/data_staging_dag.py                             0           1  0.05s           2026-09-17T05:56:46
================================================================================
[2026-09-17T05:57:28.475+0000] {manager.py:737} INFO - Searching for files in /opt/airflow/dags
[2026-09-17T05:57:28.476+0000] {manager.py:740} INFO - There are 2 files in /opt/airflow/dags
[2026-09-17T05:57:37.534+0000] {manager.py:878} INFO - 
================================================================================
DAG File Processing Stats

File Path                                PID    Runtime      # DAGs    # Errors  Last Runtime    Last Run
---------------------------------------  -----  ---------  --------  ----------  --------------  -------------------
/opt/airflow/dags/data_extracter_dag.py                           1           0  0.09s           2026-09-17T05:57:19
/opt/airflow/dags/data_staging_dag.py                             0           1  0.04s           2026-09-17T05:57:19
================================================================================
[2026-09-17T05:58:10.567+0000] {manager.py:878} INFO - 
================================================================================
DAG File Processing Stats

File Path                                PID    Runtime      # DAGs    # Errors  Last Runtime    Last Run
---------------------------------------  -----  ---------  --------  ----------  --------------  -------------------
/opt/airflow/dags/data_extracter_dag.py                           1           0  0.09s           2026-09-17T05:57:52
/opt/airflow/dags/data_staging_dag.py                             0           1  0.05s           2026-09-17T05:57:52
================================================================================
[2026-09-17T05:58:43.765+0000] {manager.py:878} INFO - 
================================================================================
DAG File Processing Stats

File Path                                PID    Runtime      # DAGs    # Errors  Last Runtime    Last Run
---------------------------------------  -----  ---------  --------  ----------  --------------  -------------------
/opt/airflow/dags/data_staging_dag.py                             1           0  0.95s           2026-09-17T05:58:35
/opt/airflow/dags/data_extracter_dag.py                           1           0  0.09s           2026-09-17T05:58:24
================================================================================
[2026-09-17T05:59:16.900+0000] {manager.py:878} INFO - 
================================================================================
DAG File Processing Stats

File Path                                PID    Runtime      # DAGs    # Errors  Last Runtime    Last Run
---------------------------------------  -----  ---------  --------  ----------  --------------  -------------------
/opt/airflow/dags/data_extracter_dag.py                           1           0  0.12s           2026-09-17T05:58:57
/opt/airflow/dags/data_staging_dag.py                             1           0  0.10s           2026-09-17T05:59:05
================================================================================
[2026-09-17T05:59:50.192+0000] {manager.py:878} INFO - 
================================================================================
DAG File Processing Stats

File Path                                PID    Runtime      # DAGs    # Errors  Last Runtime    Last Run
---------------------------------------  -----  ---------  --------  ----------  --------------  -------------------
/opt/airflow/dags/data_staging_dag.py                             1           0  0.09s           2026-09-17T05:59:43
/opt/airflow/dags/data_extracter_dag.py                           1           0  0.08s           2026-09-17T05:59:31
================================================================================
[2026-09-17T06:00:23.514+0000] {manager.py:878} INFO - 
================================================================================
DAG File Processing Stats

File Path                                PID    Runtime      # DAGs    # Errors  Last Runtime    Last Run
---------------------------------------  -----  ---------  --------  ----------  --------------  -------------------
/opt/airflow/dags/data_staging_dag.py                             1           0  0.11s           2026-09-17T06:00:03
/opt/airflow/dags/data_extracter_dag.py                           1           0  0.10s           2026-09-17T06:00:03
================================================================================
[2026-09-17T06:00:56.794+0000] {manager.py:878} INFO - 
================================================================================
DAG File Processing Stats

File Path                                PID    Runtime      # DAGs    # Errors  Last Runtime    Last Run
---------------------------------------  -----  ---------  --------  ----------  --------------  -------------------
/opt/airflow/dags/data_staging_dag.py                             1           0  0.12s           2026-09-17T06:00:36
/opt/airflow/dags/data_extracter_dag.py                           1           0  0.11s           2026-09-17T06:00:36
================================================================================
[2026-09-17T06:01:30.093+0000] {manager.py:878} INFO - 
================================================================================
DAG File Processing Stats

File Path                                PID    Runtime      # DAGs    # Errors  Last Runtime    Last Run
---------------------------------------  -----  ---------  --------  ----------  --------------  -------------------
/opt/airflow/dags/data_staging_dag.py                             1           0  0.11s           2026-09-17T06:01:10
/opt/airflow/dags/data_extracter_dag.py                           1           0  0.09s           2026-09-17T06:01:10
================================================================================
[2026-09-17T06:02:03.459+0000] {manager.py:878} INFO - 
================================================================================
DAG File Processing Stats

File Path                                  PID  Runtime      # DAGs    # Errors  Last Runtime    Last Run
---------------------------------------  -----  ---------  --------  ----------  --------------  -------------------
/opt/airflow/dags/data_staging_dag.py     1710  0.00s             1           0  0.12s           2026-09-17T06:01:56
/opt/airflow/dags/data_extracter_dag.py                           1           0  0.09s           2026-09-17T06:01:43
================================================================================
[2026-09-17T06:02:28.823+0000] {manager.py:737} INFO - Searching for files in /opt/airflow/dags
[2026-09-17T06:02:28.824+0000] {manager.py:740} INFO - There are 2 files in /opt/airflow/dags
[2026-09-17T06:02:36.979+0000] {manager.py:878} INFO - 
================================================================================
DAG File Processing Stats

File Path                                PID    Runtime      # DAGs    # Errors  Last Runtime    Last Run
---------------------------------------  -----  ---------  --------  ----------  --------------  -------------------
/opt/airflow/dags/data_staging_dag.py                             1           0  0.26s           2026-09-17T06:02:29
/opt/airflow/dags/data_extracter_dag.py                           1           0  0.10s           2026-09-17T06:02:15
================================================================================
[2026-09-17T06:03:10.357+0000] {manager.py:878} INFO - 
================================================================================
DAG File Processing Stats

File Path                                PID    Runtime      # DAGs    # Errors  Last Runtime    Last Run
---------------------------------------  -----  ---------  --------  ----------  --------------  -------------------
/opt/airflow/dags/data_staging_dag.py                             1           0  0.15s           2026-09-17T06:02:42
/opt/airflow/dags/data_extracter_dag.py                           1           0  0.11s           2026-09-17T06:02:49
================================================================================
[2026-09-17T06:03:43.765+0000] {manager.py:878} INFO - 
================================================================================
DAG File Processing Stats

File Path                                PID    Runtime      # DAGs    # Errors  Last Runtime    Last Run
---------------------------------------  -----  ---------  --------  ----------  --------------  -------------------
/opt/airflow/dags/data_staging_dag.py                             1           0  0.10s           2026-09-17T06:03:42
/opt/airflow/dags/data_extracter_dag.py                           1           0  0.10s           2026-09-17T06:03:22
================================================================================
[2026-09-17T06:04:17.265+0000] {manager.py:878} INFO - 
================================================================================
DAG File Processing Stats

File Path                                PID    Runtime      # DAGs    # Errors  Last Runtime    Last Run
---------------------------------------  -----  ---------  --------  ----------  --------------  -------------------
/opt/airflow/dags/data_extracter_dag.py                           1           0  2.26s           2026-09-17T06:03:55
/opt/airflow/dags/data_staging_dag.py                             1           0  0.13s           2026-09-17T06:03:51
================================================================================
[2026-09-17T06:04:50.704+0000] {manager.py:878} INFO - 
================================================================================
DAG File Processing Stats

File Path                                PID    Runtime      # DAGs    # Errors  Last Runtime    Last Run
---------------------------------------  -----  ---------  --------  ----------  --------------  -------------------
/opt/airflow/dags/data_extracter_dag.py                           1           0  0.10s           2026-09-17T06:04:28
/opt/airflow/dags/data_staging_dag.py                             1           0  0.09s           2026-09-17T06:04:21
================================================================================
[2026-09-17T06:05:24.197+0000] {manager.py:878} INFO - 
================================================================================
DAG File Processing Stats

File Path                                PID    Runtime      # DAGs    # Errors  Last Runtime    Last Run
---------------------------------------  -----  ---------  --------  ----------  --------------  -------------------
/opt/airflow/dags/data_staging_dag.py                             1           0  0.09s           2026-09-17T06:05:06
/opt/airflow/dags/data_extracter_dag.py                           1           0  0.09s           2026-09-17T06:05:01
================================================================================
[2026-09-17T06:05:57.679+0000] {manager.py:878} INFO - 
================================================================================
DAG File Processing Stats

File Path                                PID    Runtime      # DAGs    # Errors  Last Runtime    Last Run
---------------------------------------  -----  ---------  --------  ----------  --------------  -------------------
/opt/airflow/dags/data_staging_dag.py                             1           0  0.43s           2026-09-17T06:05:49
/opt/airflow/dags/data_extracter_dag.py                           1           0  0.09s           2026-09-17T06:05:35
================================================================================
[2026-09-17T06:06:30.940+0000] {manager.py:878} INFO - 
================================================================================
DAG File Processing Stats

File Path                                PID    Runtime      # DAGs    # Errors  Last Runtime    Last Run
---------------------------------------  -----  ---------  --------  ----------  --------------  -------------------
/opt/airflow/dags/data_extracter_dag.py                           1           0  0.11s           2026-09-17T06:06:07
/opt/airflow/dags/data_staging_dag.py                             0           1  0.05s           2026-09-17T06:06:26
================================================================================
[2026-09-17T06:07:04.451+0000] {manager.py:878} INFO - 
================================================================================
DAG File Processing Stats

File Path                                PID    Runtime      # DAGs    # Errors  Last Runtime    Last Run
---------------------------------------  -----  ---------  --------  ----------  --------------  -------------------
/opt/airflow/dags/data_extracter_dag.py                           1           0  0.10s           2026-09-17T06:06:41
/opt/airflow/dags/data_staging_dag.py                             0           1  0.05s           2026-09-17T06:06:54
================================================================================
[2026-09-17T06:07:29.757+0000] {manager.py:737} INFO - Searching for files in /opt/airflow/dags
[2026-09-17T06:07:29.759+0000] {manager.py:740} INFO - There are 2 files in /opt/airflow/dags
[2026-09-17T06:07:37.862+0000] {manager.py:878} INFO - 
================================================================================
DAG File Processing Stats

File Path                                PID    Runtime      # DAGs    # Errors  Last Runtime    Last Run
---------------------------------------  -----  ---------  --------  ----------  --------------  -------------------
/opt/airflow/dags/data_extracter_dag.py                           1           0  0.09s           2026-09-17T06:07:14
/opt/airflow/dags/data_staging_dag.py                             0           1  0.05s           2026-09-17T06:07:32
================================================================================
[2026-09-17T06:08:11.244+0000] {manager.py:878} INFO - 
================================================================================
DAG File Processing Stats

File Path                                PID    Runtime      # DAGs    # Errors  Last Runtime    Last Run
---------------------------------------  -----  ---------  --------  ----------  --------------  -------------------
/opt/airflow/dags/data_extracter_dag.py                           1           0  0.13s           2026-09-17T06:07:48
/opt/airflow/dags/data_staging_dag.py                             0           1  0.05s           2026-09-17T06:08:03
================================================================================
[2026-09-17T06:08:44.516+0000] {manager.py:878} INFO - 
================================================================================
DAG File Processing Stats

File Path                                PID    Runtime      # DAGs    # Errors  Last Runtime    Last Run
---------------------------------------  -----  ---------  --------  ----------  --------------  -------------------
/opt/airflow/dags/data_extracter_dag.py                           1           0  0.12s           2026-09-17T06:08:20
/opt/airflow/dags/data_staging_dag.py                             0           1  0.05s           2026-09-17T06:08:33
================================================================================
[2026-09-17T06:09:18.003+0000] {manager.py:878} INFO - 
================================================================================
DAG File Processing Stats

File Path                                PID    Runtime      # DAGs    # Errors  Last Runtime    Last Run
---------------------------------------  -----  ---------  --------  ----------  --------------  -------------------
/opt/airflow/dags/data_extracter_dag.py                           1           0  0.09s           2026-09-17T06:08:53
/opt/airflow/dags/data_staging_dag.py                             0           1  0.06s           2026-09-17T06:09:15
================================================================================
[2026-09-17T06:09:51.486+0000] {manager.py:878} INFO - 
================================================================================
DAG File Processing Stats

File Path                                PID    Runtime      # DAGs    # Errors  Last Runtime    Last Run
---------------------------------------  -----  ---------  --------  ----------  --------------  -------------------
/opt/airflow/dags/data_extracter_dag.py                           1           0  0.12s           2026-09-17T06:09:27
/opt/airflow/dags/data_staging_dag.py                             0           1  0.05s           2026-09-17T06:09:50
================================================================================
[2026-09-17T06:10:24.861+0000] {manager.py:878} INFO - 
================================================================================
DAG File Processing Stats

File Path                                PID    Runtime      # DAGs    # Errors  Last Runtime    Last Run
---------------------------------------  -----  ---------  --------  ----------  --------------  -------------------
/opt/airflow/dags/data_extracter_dag.py                           1           0  0.09s           2026-09-17T06:10:00
/opt/airflow/dags/data_staging_dag.py                             0           1  0.05s           2026-09-17T06:10:15
================================================================================
[2026-09-17T06:10:58.187+0000] {manager.py:878} INFO - 
================================================================================
DAG File Processing Stats

File Path                                PID    Runtime      # DAGs    # Errors  Last Runtime    Last Run
---------------------------------------  -----  ---------  --------  ----------  --------------  -------------------
/opt/airflow/dags/data_extracter_dag.py                           1           0  0.09s           2026-09-17T06:10:34
/opt/airflow/dags/data_staging_dag.py                             0           1  0.05s           2026-09-17T06:10:39
================================================================================
[2026-09-17T06:11:31.726+0000] {manager.py:878} INFO - 
================================================================================
DAG File Processing Stats

File Path                                PID    Runtime      # DAGs    # Errors  Last Runtime    Last Run
---------------------------------------  -----  ---------  --------  ----------  --------------  -------------------
/opt/airflow/dags/data_extracter_dag.py                           1           0  0.10s           2026-09-17T06:11:06
/opt/airflow/dags/data_staging_dag.py                             0           1  0.05s           2026-09-17T06:11:28
================================================================================
[2026-09-17T06:12:05.179+0000] {manager.py:878} INFO - 
================================================================================
DAG File Processing Stats

File Path                                PID    Runtime      # DAGs    # Errors  Last Runtime    Last Run
---------------------------------------  -----  ---------  --------  ----------  --------------  -------------------
/opt/airflow/dags/data_extracter_dag.py                           1           0  0.09s           2026-09-17T06:11:40
/opt/airflow/dags/data_staging_dag.py                             0           1  0.06s           2026-09-17T06:11:58
================================================================================
[2026-09-17T06:12:30.533+0000] {manager.py:737} INFO - Searching for files in /opt/airflow/dags
[2026-09-17T06:12:30.534+0000] {manager.py:740} INFO - There are 2 files in /opt/airflow/dags
[2026-09-17T06:12:38.633+0000] {manager.py:878} INFO - 
================================================================================
DAG File Processing Stats

File Path                                PID    Runtime      # DAGs    # Errors  Last Runtime    Last Run
---------------------------------------  -----  ---------  --------  ----------  --------------  -------------------
/opt/airflow/dags/data_extracter_dag.py                           1           0  0.11s           2026-09-17T06:12:13
/opt/airflow/dags/data_staging_dag.py                             0           1  0.05s           2026-09-17T06:12:37
================================================================================
[2026-09-17T06:13:11.838+0000] {manager.py:878} INFO - 
================================================================================
DAG File Processing Stats

File Path                                PID    Runtime      # DAGs    # Errors  Last Runtime    Last Run
---------------------------------------  -----  ---------  --------  ----------  --------------  -------------------
/opt/airflow/dags/data_extracter_dag.py                           1           0  0.08s           2026-09-17T06:12:46
/opt/airflow/dags/data_staging_dag.py                             0           1  0.04s           2026-09-17T06:13:07
================================================================================
[2026-09-17T06:13:45.428+0000] {manager.py:878} INFO - 
================================================================================
DAG File Processing Stats

File Path                                PID    Runtime      # DAGs    # Errors  Last Runtime    Last Run
---------------------------------------  -----  ---------  --------  ----------  --------------  -------------------
/opt/airflow/dags/data_extracter_dag.py                           1           0  2.19s           2026-09-17T06:13:19
/opt/airflow/dags/data_staging_dag.py                             0           1  0.05s           2026-09-17T06:13:38
================================================================================
[2026-09-17T06:14:18.982+0000] {manager.py:878} INFO - 
================================================================================
DAG File Processing Stats

File Path                                PID    Runtime      # DAGs    # Errors  Last Runtime    Last Run
---------------------------------------  -----  ---------  --------  ----------  --------------  -------------------
/opt/airflow/dags/data_extracter_dag.py                           1           0  0.12s           2026-09-17T06:13:52
/opt/airflow/dags/data_staging_dag.py                             0           1  0.05s           2026-09-17T06:14:10
================================================================================
[2026-09-17T06:14:52.560+0000] {manager.py:878} INFO - 
================================================================================
DAG File Processing Stats

File Path                                PID    Runtime      # DAGs    # Errors  Last Runtime    Last Run
---------------------------------------  -----  ---------  --------  ----------  --------------  -------------------
/opt/airflow/dags/data_extracter_dag.py                           1           0  0.09s           2026-09-17T06:14:26
/opt/airflow/dags/data_staging_dag.py                             0           1  0.05s           2026-09-17T06:14:48
================================================================================
[2026-09-17T06:15:26.040+0000] {manager.py:878} INFO - 
================================================================================
DAG File Processing Stats

File Path                                PID    Runtime      # DAGs    # Errors  Last Runtime    Last Run
---------------------------------------  -----  ---------  --------  ----------  --------------  -------------------
/opt/airflow/dags/data_extracter_dag.py                           1           0  2.20s           2026-09-17T06:14:58
/opt/airflow/dags/data_staging_dag.py                             0           1  0.05s           2026-09-17T06:15:04
================================================================================
[2026-09-17T06:15:59.499+0000] {manager.py:878} INFO - 
================================================================================
DAG File Processing Stats

File Path                                PID    Runtime      # DAGs    # Errors  Last Runtime    Last Run
---------------------------------------  -----  ---------  --------  ----------  --------------  -------------------
/opt/airflow/dags/data_extracter_dag.py                           1           0  0.10s           2026-09-17T06:15:32
/opt/airflow/dags/data_staging_dag.py                             0           1  0.05s           2026-09-17T06:15:35
================================================================================
[2026-09-17T06:16:32.892+0000] {manager.py:878} INFO - 
================================================================================
DAG File Processing Stats

File Path                                PID    Runtime      # DAGs    # Errors  Last Runtime    Last Run
---------------------------------------  -----  ---------  --------  ----------  --------------  -------------------
/opt/airflow/dags/data_extracter_dag.py                           1           0  0.10s           2026-09-17T06:16:05
/opt/airflow/dags/data_staging_dag.py                             0           1  0.05s           2026-09-17T06:16:05
================================================================================
[2026-09-17T06:17:06.382+0000] {manager.py:878} INFO - 
================================================================================
DAG File Processing Stats

File Path                                PID    Runtime      # DAGs    # Errors  Last Runtime    Last Run
---------------------------------------  -----  ---------  --------  ----------  --------------  -------------------
/opt/airflow/dags/data_extracter_dag.py                           1           0  0.09s           2026-09-17T06:16:39
/opt/airflow/dags/data_staging_dag.py                             0           1  0.05s           2026-09-17T06:16:51
================================================================================
[2026-09-17T06:17:30.724+0000] {manager.py:737} INFO - Searching for files in /opt/airflow/dags
[2026-09-17T06:17:30.726+0000] {manager.py:740} INFO - There are 2 files in /opt/airflow/dags
[2026-09-17T06:17:39.797+0000] {manager.py:878} INFO - 
================================================================================
DAG File Processing Stats

File Path                                PID    Runtime      # DAGs    # Errors  Last Runtime    Last Run
---------------------------------------  -----  ---------  --------  ----------  --------------  -------------------
/opt/airflow/dags/data_extracter_dag.py                           1           0  0.11s           2026-09-17T06:17:12
/opt/airflow/dags/data_staging_dag.py                             0           1  0.06s           2026-09-17T06:17:31
================================================================================
[2026-09-17T06:18:13.463+0000] {manager.py:878} INFO - 
================================================================================
DAG File Processing Stats

File Path                                PID    Runtime      # DAGs    # Errors  Last Runtime    Last Run
---------------------------------------  -----  ---------  --------  ----------  --------------  -------------------
/opt/airflow/dags/data_extracter_dag.py                           1           0  0.10s           2026-09-17T06:17:45
/opt/airflow/dags/data_staging_dag.py                             0           1  0.05s           2026-09-17T06:18:04
================================================================================
[2026-09-17T06:18:46.973+0000] {manager.py:878} INFO - 
================================================================================
DAG File Processing Stats

File Path                                PID    Runtime      # DAGs    # Errors  Last Runtime    Last Run
---------------------------------------  -----  ---------  --------  ----------  --------------  -------------------
/opt/airflow/dags/data_extracter_dag.py                           1           0  0.08s           2026-09-17T06:18:18
/opt/airflow/dags/data_staging_dag.py                             0           1  0.06s           2026-09-17T06:18:37
================================================================================
[2026-09-17T06:19:20.353+0000] {manager.py:878} INFO - 
================================================================================
DAG File Processing Stats

File Path                                PID    Runtime      # DAGs    # Errors  Last Runtime    Last Run
---------------------------------------  -----  ---------  --------  ----------  --------------  -------------------
/opt/airflow/dags/data_extracter_dag.py                           1           0  0.09s           2026-09-17T06:18:52
/opt/airflow/dags/data_staging_dag.py                             0           1  0.05s           2026-09-17T06:19:06
================================================================================
[2026-09-17T06:19:53.873+0000] {manager.py:878} INFO - 
================================================================================
DAG File Processing Stats

File Path                                PID    Runtime      # DAGs    # Errors  Last Runtime    Last Run
---------------------------------------  -----  ---------  --------  ----------  --------------  -------------------
/opt/airflow/dags/data_extracter_dag.py                           1           0  0.08s           2026-09-17T06:19:25
/opt/airflow/dags/data_staging_dag.py                             0           1  0.06s           2026-09-17T06:19:43
================================================================================
[2026-09-17T06:20:27.324+0000] {manager.py:878} INFO - 
================================================================================
DAG File Processing Stats

File Path                                PID    Runtime      # DAGs    # Errors  Last Runtime    Last Run
---------------------------------------  -----  ---------  --------  ----------  --------------  -------------------
/opt/airflow/dags/data_extracter_dag.py                           1           0  0.09s           2026-09-17T06:19:58
/opt/airflow/dags/data_staging_dag.py                             0           1  0.05s           2026-09-17T06:20:08
================================================================================
[2026-09-17T06:21:00.749+0000] {manager.py:878} INFO - 
================================================================================
DAG File Processing Stats

File Path                                PID    Runtime      # DAGs    # Errors  Last Runtime    Last Run
---------------------------------------  -----  ---------  --------  ----------  --------------  -------------------
/opt/airflow/dags/data_extracter_dag.py                           1           0  0.12s           2026-09-17T06:20:31
/opt/airflow/dags/data_staging_dag.py                             1           0  0.09s           2026-09-17T06:20:59
================================================================================
[2026-09-17T06:21:37.706+0000] {manager.py:878} INFO - 
================================================================================
DAG File Processing Stats

File Path                                  PID  Runtime      # DAGs    # Errors  Last Runtime    Last Run
---------------------------------------  -----  ---------  --------  ----------  --------------  -------------------
/opt/airflow/dags/data_extracter_dag.py   2061  0.00s             1           0  0.13s           2026-09-17T06:21:05
/opt/airflow/dags/data_staging_dag.py     2060  0.01s             0           1  0.06s           2026-09-17T06:21:31
================================================================================
[2026-09-17T06:22:11.361+0000] {manager.py:878} INFO - 
================================================================================
DAG File Processing Stats

File Path                                  PID  Runtime      # DAGs    # Errors  Last Runtime    Last Run
---------------------------------------  -----  ---------  --------  ----------  --------------  -------------------
/opt/airflow/dags/data_extracter_dag.py   2078  0.00s             1           0  0.09s           2026-09-17T06:21:37
/opt/airflow/dags/data_staging_dag.py                             0           1  0.04s           2026-09-17T06:22:04
================================================================================
[2026-09-17T06:22:31.641+0000] {manager.py:737} INFO - Searching for files in /opt/airflow/dags
[2026-09-17T06:22:31.642+0000] {manager.py:740} INFO - There are 2 files in /opt/airflow/dags
[2026-09-17T06:22:44.940+0000] {manager.py:878} INFO - 
================================================================================
DAG File Processing Stats

File Path                                  PID  Runtime      # DAGs    # Errors  Last Runtime    Last Run
---------------------------------------  -----  ---------  --------  ----------  --------------  -------------------
/opt/airflow/dags/data_extracter_dag.py   2092  0.01s             1           0  0.08s           2026-09-17T06:22:11
/opt/airflow/dags/data_staging_dag.py                             0           1  0.05s           2026-09-17T06:22:36
================================================================================
[2026-09-17T06:23:18.334+0000] {manager.py:878} INFO - 
================================================================================
DAG File Processing Stats

File Path                                PID    Runtime      # DAGs    # Errors  Last Runtime    Last Run
---------------------------------------  -----  ---------  --------  ----------  --------------  -------------------
/opt/airflow/dags/data_extracter_dag.py                           1           0  0.09s           2026-09-17T06:23:17
/opt/airflow/dags/data_staging_dag.py                             0           1  0.05s           2026-09-17T06:23:00
================================================================================
[2026-09-17T06:23:51.989+0000] {manager.py:878} INFO - 
================================================================================
DAG File Processing Stats

File Path                                PID    Runtime      # DAGs    # Errors  Last Runtime    Last Run
---------------------------------------  -----  ---------  --------  ----------  --------------  -------------------
/opt/airflow/dags/data_extracter_dag.py                           1           0  0.09s           2026-09-17T06:23:51
/opt/airflow/dags/data_staging_dag.py                             0           1  0.05s           2026-09-17T06:23:46
================================================================================
[2026-09-17T06:24:23.473+0000] {manager.py:878} INFO - 
================================================================================
DAG File Processing Stats

File Path                                PID    Runtime      # DAGs    # Errors  Last Runtime    Last Run
---------------------------------------  -----  ---------  --------  ----------  --------------  -------------------
/opt/airflow/dags/data_extracter_dag.py                           1           0  0.10s           2026-09-17T06:24:22
/opt/airflow/dags/data_staging_dag.py                             0           1  0.06s           2026-09-17T06:24:10
================================================================================
[2026-09-17T06:24:58.558+0000] {manager.py:878} INFO - 
================================================================================
DAG File Processing Stats

File Path                                PID    Runtime      # DAGs    # Errors  Last Runtime    Last Run
---------------------------------------  -----  ---------  --------  ----------  --------------  -------------------
/opt/airflow/dags/data_extracter_dag.py                           1           0  0.09s           2026-09-17T06:24:53
/opt/airflow/dags/data_staging_dag.py                             0           1  0.06s           2026-09-17T06:24:41
================================================================================
[2026-09-17T06:25:32.120+0000] {manager.py:878} INFO - 
================================================================================
DAG File Processing Stats

File Path                                PID    Runtime      # DAGs    # Errors  Last Runtime    Last Run
---------------------------------------  -----  ---------  --------  ----------  --------------  -------------------
/opt/airflow/dags/data_extracter_dag.py                           1           0  0.11s           2026-09-17T06:25:23
/opt/airflow/dags/data_staging_dag.py                             0           1  0.07s           2026-09-17T06:25:22
================================================================================
[2026-09-17T06:26:05.698+0000] {manager.py:878} INFO - 
================================================================================
DAG File Processing Stats

File Path                                PID    Runtime      # DAGs    # Errors  Last Runtime    Last Run
---------------------------------------  -----  ---------  --------  ----------  --------------  -------------------
/opt/airflow/dags/data_extracter_dag.py                           1           0  0.11s           2026-09-17T06:25:54
/opt/airflow/dags/data_staging_dag.py                             0           1  0.05s           2026-09-17T06:25:39
================================================================================
[2026-09-17T06:26:39.245+0000] {manager.py:878} INFO - 
================================================================================
DAG File Processing Stats

File Path                                PID    Runtime      # DAGs    # Errors  Last Runtime    Last Run
---------------------------------------  -----  ---------  --------  ----------  --------------  -------------------
/opt/airflow/dags/data_extracter_dag.py                           1           0  0.09s           2026-09-17T06:26:24
/opt/airflow/dags/data_staging_dag.py                             0           1  0.05s           2026-09-17T06:26:09
================================================================================
[2026-09-17T06:27:12.651+0000] {manager.py:878} INFO - 
================================================================================
DAG File Processing Stats

File Path                                PID    Runtime      # DAGs    # Errors  Last Runtime    Last Run
---------------------------------------  -----  ---------  --------  ----------  --------------  -------------------
/opt/airflow/dags/data_extracter_dag.py                           1           0  0.09s           2026-09-17T06:26:55
/opt/airflow/dags/data_staging_dag.py                             0           1  0.05s           2026-09-17T06:27:10
================================================================================
[2026-09-17T06:27:31.797+0000] {manager.py:737} INFO - Searching for files in /opt/airflow/dags
[2026-09-17T06:27:31.801+0000] {manager.py:740} INFO - There are 2 files in /opt/airflow/dags
[2026-09-17T06:27:46.049+0000] {manager.py:878} INFO - 
================================================================================
DAG File Processing Stats

File Path                                PID    Runtime      # DAGs    # Errors  Last Runtime    Last Run
---------------------------------------  -----  ---------  --------  ----------  --------------  -------------------
/opt/airflow/dags/data_extracter_dag.py                           1           0  0.12s           2026-09-17T06:27:25
/opt/airflow/dags/data_staging_dag.py                             0           1  0.05s           2026-09-17T06:27:43
================================================================================
[2026-09-17T06:28:19.475+0000] {manager.py:878} INFO - 
================================================================================
DAG File Processing Stats

File Path                                PID    Runtime      # DAGs    # Errors  Last Runtime    Last Run
---------------------------------------  -----  ---------  --------  ----------  --------------  -------------------
/opt/airflow/dags/data_extracter_dag.py                           1           0  0.08s           2026-09-17T06:27:56
/opt/airflow/dags/data_staging_dag.py                             0           1  0.05s           2026-09-17T06:28:16
================================================================================
[2026-09-17T06:36:13.627+0000] {manager.py:737} INFO - Searching for files in /opt/airflow/dags
[2026-09-17T06:36:13.631+0000] {manager.py:740} INFO - There are 2 files in /opt/airflow/dags
[2026-09-17T07:58:54.799+0000] {manager.py:737} INFO - Searching for files in /opt/airflow/dags
[2026-09-17T07:58:54.801+0000] {manager.py:740} INFO - There are 2 files in /opt/airflow/dags
[2026-09-17T07:59:06.587+0000] {manager.py:878} INFO - 
================================================================================
DAG File Processing Stats

File Path                                PID    Runtime      # DAGs    # Errors  Last Runtime    Last Run
---------------------------------------  -----  ---------  --------  ----------  --------------  -------------------
/opt/airflow/dags/data_extracter_dag.py                           1           0  1.22s           2026-09-17T07:58:56
/opt/airflow/dags/data_staging_dag.py                             0           1  0.51s           2026-09-17T07:58:55
================================================================================
[2026-09-17T07:59:41.003+0000] {manager.py:878} INFO - 
================================================================================
DAG File Processing Stats

File Path                                PID    Runtime      # DAGs    # Errors  Last Runtime    Last Run
---------------------------------------  -----  ---------  --------  ----------  --------------  -------------------
/opt/airflow/dags/data_extracter_dag.py                           1           0  0.22s           2026-09-17T07:59:26
/opt/airflow/dags/data_staging_dag.py                             0           1  0.06s           2026-09-17T07:59:25
================================================================================
[2026-09-17T08:00:14.413+0000] {manager.py:878} INFO - 
================================================================================
DAG File Processing Stats

File Path                                PID    Runtime      # DAGs    # Errors  Last Runtime    Last Run
---------------------------------------  -----  ---------  --------  ----------  --------------  -------------------
/opt/airflow/dags/data_extracter_dag.py                           1           0  0.19s           2026-09-17T07:59:57
/opt/airflow/dags/data_staging_dag.py                             0           1  0.09s           2026-09-17T07:59:56
================================================================================
[2026-09-17T08:00:46.878+0000] {manager.py:878} INFO - 
================================================================================
DAG File Processing Stats

File Path                                PID    Runtime      # DAGs    # Errors  Last Runtime    Last Run
---------------------------------------  -----  ---------  --------  ----------  --------------  -------------------
/opt/airflow/dags/data_extracter_dag.py                           1           0  0.09s           2026-09-17T08:00:27
/opt/airflow/dags/data_staging_dag.py                             0           1  0.05s           2026-09-17T08:00:26
================================================================================
[2026-09-17T08:01:20.027+0000] {manager.py:878} INFO - 
================================================================================
DAG File Processing Stats

File Path                                PID    Runtime      # DAGs    # Errors  Last Runtime    Last Run
---------------------------------------  -----  ---------  --------  ----------  --------------  -------------------
/opt/airflow/dags/data_extracter_dag.py                           1           0  0.20s           2026-09-17T08:00:58
/opt/airflow/dags/data_staging_dag.py                             0           1  0.05s           2026-09-17T08:00:56
================================================================================
[2026-09-17T08:01:53.285+0000] {manager.py:878} INFO - 
================================================================================
DAG File Processing Stats

File Path                                PID    Runtime      # DAGs    # Errors  Last Runtime    Last Run
---------------------------------------  -----  ---------  --------  ----------  --------------  -------------------
/opt/airflow/dags/data_extracter_dag.py                           1           0  0.19s           2026-09-17T08:01:29
/opt/airflow/dags/data_staging_dag.py                             0           1  0.05s           2026-09-17T08:01:27
================================================================================
[2026-09-17T08:02:26.408+0000] {manager.py:878} INFO - 
================================================================================
DAG File Processing Stats

File Path                                PID    Runtime      # DAGs    # Errors  Last Runtime    Last Run
---------------------------------------  -----  ---------  --------  ----------  --------------  -------------------
/opt/airflow/dags/data_extracter_dag.py                           1           0  0.09s           2026-09-17T08:01:59
/opt/airflow/dags/data_staging_dag.py                             0           1  0.05s           2026-09-17T08:01:57
================================================================================
[2026-09-17T08:02:59.749+0000] {manager.py:878} INFO - 
================================================================================
DAG File Processing Stats

File Path                                  PID  Runtime      # DAGs    # Errors  Last Runtime    Last Run
---------------------------------------  -----  ---------  --------  ----------  --------------  -------------------
/opt/airflow/dags/data_extracter_dag.py   2256  0.00s             1           0  0.09s           2026-09-17T08:02:29
/opt/airflow/dags/data_staging_dag.py                             0           1  0.06s           2026-09-17T08:02:57
================================================================================
[2026-09-17T08:03:32.674+0000] {manager.py:878} INFO - 
================================================================================
DAG File Processing Stats

File Path                                PID    Runtime      # DAGs    # Errors  Last Runtime    Last Run
---------------------------------------  -----  ---------  --------  ----------  --------------  -------------------
/opt/airflow/dags/data_extracter_dag.py                           1           0  0.22s           2026-09-17T08:03:30
/opt/airflow/dags/data_staging_dag.py                             0           1  0.06s           2026-09-17T08:03:28
================================================================================
[2026-09-17T08:03:54.950+0000] {manager.py:737} INFO - Searching for files in /opt/airflow/dags
[2026-09-17T08:03:54.952+0000] {manager.py:740} INFO - There are 2 files in /opt/airflow/dags
[2026-09-17T08:04:05.938+0000] {manager.py:878} INFO - 
================================================================================
DAG File Processing Stats

File Path                                PID    Runtime      # DAGs    # Errors  Last Runtime    Last Run
---------------------------------------  -----  ---------  --------  ----------  --------------  -------------------
/opt/airflow/dags/data_extracter_dag.py                           1           0  0.08s           2026-09-17T08:04:00
/opt/airflow/dags/data_staging_dag.py                             0           1  0.05s           2026-09-17T08:03:59
================================================================================
[2026-09-17T08:04:39.148+0000] {manager.py:878} INFO - 
================================================================================
DAG File Processing Stats

File Path                                PID    Runtime      # DAGs    # Errors  Last Runtime    Last Run
---------------------------------------  -----  ---------  --------  ----------  --------------  -------------------
/opt/airflow/dags/data_extracter_dag.py                           1           0  0.09s           2026-09-17T08:04:33
/opt/airflow/dags/data_staging_dag.py                             0           1  0.06s           2026-09-17T08:04:33
================================================================================
[2026-09-17T08:05:12.229+0000] {manager.py:878} INFO - 
================================================================================
DAG File Processing Stats

File Path                                PID    Runtime      # DAGs    # Errors  Last Runtime    Last Run
---------------------------------------  -----  ---------  --------  ----------  --------------  -------------------
/opt/airflow/dags/data_extracter_dag.py                           1           0  0.26s           2026-09-17T08:05:06
/opt/airflow/dags/data_staging_dag.py                             0           1  0.06s           2026-09-17T08:05:06
================================================================================
[2026-09-17T08:05:45.257+0000] {manager.py:878} INFO - 
================================================================================
DAG File Processing Stats

File Path                                PID    Runtime      # DAGs    # Errors  Last Runtime    Last Run
---------------------------------------  -----  ---------  --------  ----------  --------------  -------------------
/opt/airflow/dags/data_extracter_dag.py                           1           0  0.09s           2026-09-17T08:05:39
/opt/airflow/dags/data_staging_dag.py                             0           1  0.06s           2026-09-17T08:05:39
================================================================================
[2026-09-17T08:06:18.422+0000] {manager.py:878} INFO - 
================================================================================
DAG File Processing Stats

File Path                                PID    Runtime      # DAGs    # Errors  Last Runtime    Last Run
---------------------------------------  -----  ---------  --------  ----------  --------------  -------------------
/opt/airflow/dags/data_extracter_dag.py                           1           0  0.09s           2026-09-17T08:06:12
/opt/airflow/dags/data_staging_dag.py                             0           1  0.05s           2026-09-17T08:06:12
================================================================================
[2026-09-17T08:06:51.615+0000] {manager.py:878} INFO - 
================================================================================
DAG File Processing Stats

File Path                                PID    Runtime      # DAGs    # Errors  Last Runtime    Last Run
---------------------------------------  -----  ---------  --------  ----------  --------------  -------------------
/opt/airflow/dags/data_extracter_dag.py                           1           0  0.19s           2026-09-17T08:06:44
/opt/airflow/dags/data_staging_dag.py                             0           1  0.05s           2026-09-17T08:06:44
================================================================================
[2026-09-17T08:07:24.726+0000] {manager.py:878} INFO - 
================================================================================
DAG File Processing Stats

File Path                                PID    Runtime      # DAGs    # Errors  Last Runtime    Last Run
---------------------------------------  -----  ---------  --------  ----------  --------------  -------------------
/opt/airflow/dags/data_extracter_dag.py                           1           0  0.19s           2026-09-17T08:07:17
/opt/airflow/dags/data_staging_dag.py                             0           1  0.06s           2026-09-17T08:07:17
================================================================================
[2026-09-17T08:07:57.943+0000] {manager.py:878} INFO - 
================================================================================
DAG File Processing Stats

File Path                                PID    Runtime      # DAGs    # Errors  Last Runtime    Last Run
---------------------------------------  -----  ---------  --------  ----------  --------------  -------------------
/opt/airflow/dags/data_extracter_dag.py                           1           0  0.09s           2026-09-17T08:07:50
/opt/airflow/dags/data_staging_dag.py                             0           1  0.07s           2026-09-17T08:07:56
================================================================================
[2026-09-17T08:08:31.065+0000] {manager.py:878} INFO - 
================================================================================
DAG File Processing Stats

File Path                                PID    Runtime      # DAGs    # Errors  Last Runtime    Last Run
---------------------------------------  -----  ---------  --------  ----------  --------------  -------------------
/opt/airflow/dags/data_extracter_dag.py                           1           0  0.09s           2026-09-17T08:08:24
/opt/airflow/dags/data_staging_dag.py                             0           1  0.05s           2026-09-17T08:08:27
================================================================================
[2026-09-17T08:08:56.168+0000] {manager.py:737} INFO - Searching for files in /opt/airflow/dags
[2026-09-17T08:08:56.170+0000] {manager.py:740} INFO - There are 2 files in /opt/airflow/dags
[2026-09-17T08:09:04.244+0000] {manager.py:878} INFO - 
================================================================================
DAG File Processing Stats

File Path                                PID    Runtime      # DAGs    # Errors  Last Runtime    Last Run
---------------------------------------  -----  ---------  --------  ----------  --------------  -------------------
/opt/airflow/dags/data_extracter_dag.py                           1           0  0.14s           2026-09-17T08:08:56
/opt/airflow/dags/data_staging_dag.py                             0           1  0.05s           2026-09-17T08:08:57
================================================================================
[2026-09-17T08:09:37.402+0000] {manager.py:878} INFO - 
================================================================================
DAG File Processing Stats

File Path                                PID    Runtime      # DAGs    # Errors  Last Runtime    Last Run
---------------------------------------  -----  ---------  --------  ----------  --------------  -------------------
/opt/airflow/dags/data_extracter_dag.py                           1           0  0.09s           2026-09-17T08:09:29
/opt/airflow/dags/data_staging_dag.py                             0           1  0.05s           2026-09-17T08:09:29
================================================================================
[2026-09-17T08:10:10.498+0000] {manager.py:878} INFO - 
================================================================================
DAG File Processing Stats

File Path                                PID    Runtime      # DAGs    # Errors  Last Runtime    Last Run
---------------------------------------  -----  ---------  --------  ----------  --------------  -------------------
/opt/airflow/dags/data_extracter_dag.py                           1           0  0.09s           2026-09-17T08:10:02
/opt/airflow/dags/data_staging_dag.py                             0           1  0.06s           2026-09-17T08:10:02
================================================================================
[2026-09-17T08:10:43.654+0000] {manager.py:878} INFO - 
================================================================================
DAG File Processing Stats

File Path                                PID    Runtime      # DAGs    # Errors  Last Runtime    Last Run
---------------------------------------  -----  ---------  --------  ----------  --------------  -------------------
/opt/airflow/dags/data_extracter_dag.py                           1           0  0.08s           2026-09-17T08:10:35
/opt/airflow/dags/data_staging_dag.py                             0           1  0.05s           2026-09-17T08:10:35
================================================================================
[2026-09-17T08:11:16.788+0000] {manager.py:878} INFO - 
================================================================================
DAG File Processing Stats

File Path                                PID    Runtime      # DAGs    # Errors  Last Runtime    Last Run
---------------------------------------  -----  ---------  --------  ----------  --------------  -------------------
/opt/airflow/dags/data_extracter_dag.py                           1           0  0.09s           2026-09-17T08:11:08
/opt/airflow/dags/data_staging_dag.py                             0           1  0.05s           2026-09-17T08:11:08
================================================================================
[2026-09-17T08:11:49.973+0000] {manager.py:878} INFO - 
================================================================================
DAG File Processing Stats

File Path                                PID    Runtime      # DAGs    # Errors  Last Runtime    Last Run
---------------------------------------  -----  ---------  --------  ----------  --------------  -------------------
/opt/airflow/dags/data_extracter_dag.py                           1           0  0.09s           2026-09-17T08:11:40
/opt/airflow/dags/data_staging_dag.py                             0           1  0.05s           2026-09-17T08:11:40
================================================================================
[2026-09-17T08:12:23.285+0000] {manager.py:878} INFO - 
================================================================================
DAG File Processing Stats

File Path                                PID    Runtime      # DAGs    # Errors  Last Runtime    Last Run
---------------------------------------  -----  ---------  --------  ----------  --------------  -------------------
/opt/airflow/dags/data_extracter_dag.py                           1           0  0.09s           2026-09-17T08:12:14
/opt/airflow/dags/data_staging_dag.py                             0           1  0.05s           2026-09-17T08:12:14
================================================================================
[2026-09-17T08:12:56.425+0000] {manager.py:878} INFO - 
================================================================================
DAG File Processing Stats

File Path                                PID    Runtime      # DAGs    # Errors  Last Runtime    Last Run
---------------------------------------  -----  ---------  --------  ----------  --------------  -------------------
/opt/airflow/dags/data_extracter_dag.py                           1           0  0.09s           2026-09-17T08:12:47
/opt/airflow/dags/data_staging_dag.py                             0           1  0.05s           2026-09-17T08:12:47
================================================================================
[2026-09-17T08:13:29.655+0000] {manager.py:878} INFO - 
================================================================================
DAG File Processing Stats

File Path                                PID    Runtime      # DAGs    # Errors  Last Runtime    Last Run
---------------------------------------  -----  ---------  --------  ----------  --------------  -------------------
/opt/airflow/dags/data_extracter_dag.py                           1           0  0.09s           2026-09-17T08:13:20
/opt/airflow/dags/data_staging_dag.py                             0           1  0.05s           2026-09-17T08:13:20
================================================================================
[2026-09-17T08:13:56.829+0000] {manager.py:737} INFO - Searching for files in /opt/airflow/dags
[2026-09-17T08:13:56.831+0000] {manager.py:740} INFO - There are 2 files in /opt/airflow/dags
[2026-09-17T08:14:02.863+0000] {manager.py:878} INFO - 
================================================================================
DAG File Processing Stats

File Path                                PID    Runtime      # DAGs    # Errors  Last Runtime    Last Run
---------------------------------------  -----  ---------  --------  ----------  --------------  -------------------
/opt/airflow/dags/data_extracter_dag.py                           1           0  0.11s           2026-09-17T08:13:53
/opt/airflow/dags/data_staging_dag.py                             0           1  0.06s           2026-09-17T08:13:53
================================================================================
[2026-09-17T08:14:36.056+0000] {manager.py:878} INFO - 
================================================================================
DAG File Processing Stats

File Path                                PID    Runtime      # DAGs    # Errors  Last Runtime    Last Run
---------------------------------------  -----  ---------  --------  ----------  --------------  -------------------
/opt/airflow/dags/data_extracter_dag.py                           1           0  0.09s           2026-09-17T08:14:26
/opt/airflow/dags/data_staging_dag.py                             0           1  0.05s           2026-09-17T08:14:26
================================================================================
[2026-09-17T08:15:09.292+0000] {manager.py:878} INFO - 
================================================================================
DAG File Processing Stats

File Path                                PID    Runtime      # DAGs    # Errors  Last Runtime    Last Run
---------------------------------------  -----  ---------  --------  ----------  --------------  -------------------
/opt/airflow/dags/data_extracter_dag.py                           1           0  0.11s           2026-09-17T08:14:59
/opt/airflow/dags/data_staging_dag.py                             0           1  0.07s           2026-09-17T08:14:59
================================================================================
[2026-09-17T08:17:20.847+0000] {manager.py:878} INFO - 
================================================================================
DAG File Processing Stats

File Path                                PID    Runtime      # DAGs    # Errors  Last Runtime    Last Run
---------------------------------------  -----  ---------  --------  ----------  --------------  -------------------
/opt/airflow/dags/data_extracter_dag.py                           1           0  0.09s           2026-09-17T08:17:09
/opt/airflow/dags/data_staging_dag.py                             0           1  0.06s           2026-09-17T08:17:09
================================================================================
[2026-09-17T08:17:53.386+0000] {manager.py:878} INFO - 
================================================================================
DAG File Processing Stats

File Path                                PID    Runtime      # DAGs    # Errors  Last Runtime    Last Run
---------------------------------------  -----  ---------  --------  ----------  --------------  -------------------
/opt/airflow/dags/data_extracter_dag.py                           1           0  0.13s           2026-09-17T08:17:40
/opt/airflow/dags/data_staging_dag.py                             0           1  0.06s           2026-09-17T08:17:39
================================================================================
[2026-09-17T08:18:26.540+0000] {manager.py:878} INFO - 
================================================================================
DAG File Processing Stats

File Path                                PID    Runtime      # DAGs    # Errors  Last Runtime    Last Run
---------------------------------------  -----  ---------  --------  ----------  --------------  -------------------
/opt/airflow/dags/data_extracter_dag.py                           1           0  0.09s           2026-09-17T08:18:10
/opt/airflow/dags/data_staging_dag.py                             0           1  0.05s           2026-09-17T08:18:10
================================================================================
[2026-09-17T08:40:33.789+0000] {manager.py:737} INFO - Searching for files in /opt/airflow/dags
[2026-09-17T08:40:33.804+0000] {manager.py:740} INFO - There are 2 files in /opt/airflow/dags
[2026-09-17T08:40:40.177+0000] {manager.py:878} INFO - 
================================================================================
DAG File Processing Stats

File Path                                PID    Runtime      # DAGs    # Errors  Last Runtime    Last Run
---------------------------------------  -----  ---------  --------  ----------  --------------  -------------------
/opt/airflow/dags/data_extracter_dag.py                           1           0  0.50s           2026-09-17T08:40:34
/opt/airflow/dags/data_staging_dag.py                             0           1  0.25s           2026-09-17T08:40:34
================================================================================
[2026-09-17T08:41:12.296+0000] {manager.py:878} INFO - 
================================================================================
DAG File Processing Stats

File Path                                PID    Runtime      # DAGs    # Errors  Last Runtime    Last Run
---------------------------------------  -----  ---------  --------  ----------  --------------  -------------------
/opt/airflow/dags/data_extracter_dag.py                           1           0  0.09s           2026-09-17T08:41:05
/opt/airflow/dags/data_staging_dag.py                             0           1  0.05s           2026-09-17T08:41:04
================================================================================
[2026-09-17T08:41:44.681+0000] {manager.py:878} INFO - 
================================================================================
DAG File Processing Stats

File Path                                PID    Runtime      # DAGs    # Errors  Last Runtime    Last Run
---------------------------------------  -----  ---------  --------  ----------  --------------  -------------------
/opt/airflow/dags/data_extracter_dag.py                           1           0  0.09s           2026-09-17T08:41:35
/opt/airflow/dags/data_staging_dag.py                             0           1  0.05s           2026-09-17T08:41:34
================================================================================
[2026-09-17T08:42:17.473+0000] {manager.py:878} INFO - 
================================================================================
DAG File Processing Stats

File Path                                PID    Runtime      # DAGs    # Errors  Last Runtime    Last Run
---------------------------------------  -----  ---------  --------  ----------  --------------  -------------------
/opt/airflow/dags/data_extracter_dag.py                           1           0  0.09s           2026-09-17T08:42:06
/opt/airflow/dags/data_staging_dag.py                             0           1  0.05s           2026-09-17T08:42:05
================================================================================
[2026-09-17T08:42:50.529+0000] {manager.py:878} INFO - 
================================================================================
DAG File Processing Stats

File Path                                PID    Runtime      # DAGs    # Errors  Last Runtime    Last Run
---------------------------------------  -----  ---------  --------  ----------  --------------  -------------------
/opt/airflow/dags/data_extracter_dag.py                           1           0  0.10s           2026-09-17T08:42:38
/opt/airflow/dags/data_staging_dag.py                             0           1  0.06s           2026-09-17T08:42:38
================================================================================
[2026-09-17T08:43:23.341+0000] {manager.py:878} INFO - 
================================================================================
DAG File Processing Stats

File Path                                PID    Runtime      # DAGs    # Errors  Last Runtime    Last Run
---------------------------------------  -----  ---------  --------  ----------  --------------  -------------------
/opt/airflow/dags/data_extracter_dag.py                           1           0  0.19s           2026-09-17T08:43:11
/opt/airflow/dags/data_staging_dag.py                             0           1  0.09s           2026-09-17T08:43:11
================================================================================
[2026-09-17T08:43:56.249+0000] {manager.py:878} INFO - 
================================================================================
DAG File Processing Stats

File Path                                PID    Runtime      # DAGs    # Errors  Last Runtime    Last Run
---------------------------------------  -----  ---------  --------  ----------  --------------  -------------------
/opt/airflow/dags/data_extracter_dag.py                           1           0  0.09s           2026-09-17T08:43:44
/opt/airflow/dags/data_staging_dag.py                             0           1  0.05s           2026-09-17T08:43:44
================================================================================
[2026-09-17T08:44:29.522+0000] {manager.py:878} INFO - 
================================================================================
DAG File Processing Stats

File Path                                PID    Runtime      # DAGs    # Errors  Last Runtime    Last Run
---------------------------------------  -----  ---------  --------  ----------  --------------  -------------------
/opt/airflow/dags/data_extracter_dag.py                           1           0  0.08s           2026-09-17T08:44:16
/opt/airflow/dags/data_staging_dag.py                             0           1  0.05s           2026-09-17T08:44:16
================================================================================
[2026-09-17T08:45:02.611+0000] {manager.py:878} INFO - 
================================================================================
DAG File Processing Stats

File Path                                PID    Runtime      # DAGs    # Errors  Last Runtime    Last Run
---------------------------------------  -----  ---------  --------  ----------  --------------  -------------------
/opt/airflow/dags/data_extracter_dag.py                           1           0  0.08s           2026-09-17T08:44:49
/opt/airflow/dags/data_staging_dag.py                             0           1  0.05s           2026-09-17T08:44:49
================================================================================
[2026-09-17T08:45:33.951+0000] {manager.py:737} INFO - Searching for files in /opt/airflow/dags
[2026-09-17T08:45:33.953+0000] {manager.py:740} INFO - There are 2 files in /opt/airflow/dags
[2026-09-17T08:45:35.976+0000] {manager.py:878} INFO - 
================================================================================
DAG File Processing Stats

File Path                                PID    Runtime      # DAGs    # Errors  Last Runtime    Last Run
---------------------------------------  -----  ---------  --------  ----------  --------------  -------------------
/opt/airflow/dags/data_extracter_dag.py                           1           0  0.11s           2026-09-17T08:45:22
/opt/airflow/dags/data_staging_dag.py                             0           1  0.07s           2026-09-17T08:45:22
================================================================================
[2026-09-17T08:46:08.812+0000] {manager.py:878} INFO - 
================================================================================
DAG File Processing Stats

File Path                                PID    Runtime      # DAGs    # Errors  Last Runtime    Last Run
---------------------------------------  -----  ---------  --------  ----------  --------------  -------------------
/opt/airflow/dags/data_extracter_dag.py                           1           0  0.09s           2026-09-17T08:45:55
/opt/airflow/dags/data_staging_dag.py                             0           1  0.05s           2026-09-17T08:45:55
================================================================================
[2026-09-17T08:46:41.849+0000] {manager.py:878} INFO - 
================================================================================
DAG File Processing Stats

File Path                                PID    Runtime      # DAGs    # Errors  Last Runtime    Last Run
---------------------------------------  -----  ---------  --------  ----------  --------------  -------------------
/opt/airflow/dags/data_extracter_dag.py                           1           0  0.09s           2026-09-17T08:46:28
/opt/airflow/dags/data_staging_dag.py                             0           1  0.05s           2026-09-17T08:46:28
================================================================================
[2026-09-17T08:47:14.997+0000] {manager.py:878} INFO - 
================================================================================
DAG File Processing Stats

File Path                                PID    Runtime      # DAGs    # Errors  Last Runtime    Last Run
---------------------------------------  -----  ---------  --------  ----------  --------------  -------------------
/opt/airflow/dags/data_extracter_dag.py                           1           0  0.08s           2026-09-17T08:47:00
/opt/airflow/dags/data_staging_dag.py                             0           1  0.05s           2026-09-17T08:47:00
================================================================================
[2026-09-17T08:47:48.002+0000] {manager.py:878} INFO - 
================================================================================
DAG File Processing Stats

File Path                                PID    Runtime      # DAGs    # Errors  Last Runtime    Last Run
---------------------------------------  -----  ---------  --------  ----------  --------------  -------------------
/opt/airflow/dags/data_extracter_dag.py                           1           0  0.09s           2026-09-17T08:47:33
/opt/airflow/dags/data_staging_dag.py                             0           1  0.05s           2026-09-17T08:47:33
================================================================================
[2026-09-17T08:48:20.986+0000] {manager.py:878} INFO - 
================================================================================
DAG File Processing Stats

File Path                                PID    Runtime      # DAGs    # Errors  Last Runtime    Last Run
---------------------------------------  -----  ---------  --------  ----------  --------------  -------------------
/opt/airflow/dags/data_extracter_dag.py                           1           0  0.08s           2026-09-17T08:48:06
/opt/airflow/dags/data_staging_dag.py                             0           1  0.05s           2026-09-17T08:48:06
================================================================================
[2026-09-17T08:48:54.079+0000] {manager.py:878} INFO - 
================================================================================
DAG File Processing Stats

File Path                                PID    Runtime      # DAGs    # Errors  Last Runtime    Last Run
---------------------------------------  -----  ---------  --------  ----------  --------------  -------------------
/opt/airflow/dags/data_extracter_dag.py                           1           0  0.09s           2026-09-17T08:48:40
/opt/airflow/dags/data_staging_dag.py                             0           1  0.05s           2026-09-17T08:48:40
================================================================================
[2026-09-17T08:49:27.228+0000] {manager.py:878} INFO - 
================================================================================
DAG File Processing Stats

File Path                                PID    Runtime      # DAGs    # Errors  Last Runtime    Last Run
---------------------------------------  -----  ---------  --------  ----------  --------------  -------------------
/opt/airflow/dags/data_extracter_dag.py                           1           0  0.09s           2026-09-17T08:49:12
/opt/airflow/dags/data_staging_dag.py                             0           1  0.05s           2026-09-17T08:49:12
================================================================================
[2026-09-17T08:50:00.267+0000] {manager.py:878} INFO - 
================================================================================
DAG File Processing Stats

File Path                                PID    Runtime      # DAGs    # Errors  Last Runtime    Last Run
---------------------------------------  -----  ---------  --------  ----------  --------------  -------------------
/opt/airflow/dags/data_extracter_dag.py                           1           0  0.08s           2026-09-17T08:49:45
/opt/airflow/dags/data_staging_dag.py                             0           1  0.05s           2026-09-17T08:49:45
================================================================================
[2026-09-17T08:50:33.316+0000] {manager.py:878} INFO - 
================================================================================
DAG File Processing Stats

File Path                                PID    Runtime      # DAGs    # Errors  Last Runtime    Last Run
---------------------------------------  -----  ---------  --------  ----------  --------------  -------------------
/opt/airflow/dags/data_extracter_dag.py                           1           0  0.09s           2026-09-17T08:50:18
/opt/airflow/dags/data_staging_dag.py                             0           1  0.05s           2026-09-17T08:50:18
================================================================================
[2026-09-17T08:50:34.322+0000] {manager.py:737} INFO - Searching for files in /opt/airflow/dags
[2026-09-17T08:50:34.325+0000] {manager.py:740} INFO - There are 2 files in /opt/airflow/dags
[2026-09-17T08:51:06.541+0000] {manager.py:878} INFO - 
================================================================================
DAG File Processing Stats

File Path                                PID    Runtime      # DAGs    # Errors  Last Runtime    Last Run
---------------------------------------  -----  ---------  --------  ----------  --------------  -------------------
/opt/airflow/dags/data_extracter_dag.py                           1           0  0.11s           2026-09-17T08:50:51
/opt/airflow/dags/data_staging_dag.py                             0           1  0.06s           2026-09-17T08:50:51
================================================================================
[2026-09-17T08:51:39.718+0000] {manager.py:878} INFO - 
================================================================================
DAG File Processing Stats

File Path                                PID    Runtime      # DAGs    # Errors  Last Runtime    Last Run
---------------------------------------  -----  ---------  --------  ----------  --------------  -------------------
/opt/airflow/dags/data_extracter_dag.py                           1           0  0.10s           2026-09-17T08:51:24
/opt/airflow/dags/data_staging_dag.py                             0           1  0.06s           2026-09-17T08:51:24
================================================================================
[2026-09-17T08:52:12.804+0000] {manager.py:878} INFO - 
================================================================================
DAG File Processing Stats

File Path                                PID    Runtime      # DAGs    # Errors  Last Runtime    Last Run
---------------------------------------  -----  ---------  --------  ----------  --------------  -------------------
/opt/airflow/dags/data_extracter_dag.py                           1           0  0.09s           2026-09-17T08:51:56
/opt/airflow/dags/data_staging_dag.py                             0           1  0.05s           2026-09-17T08:51:56
================================================================================
[2026-09-17T08:52:45.869+0000] {manager.py:878} INFO - 
================================================================================
DAG File Processing Stats

File Path                                PID    Runtime      # DAGs    # Errors  Last Runtime    Last Run
---------------------------------------  -----  ---------  --------  ----------  --------------  -------------------
/opt/airflow/dags/data_extracter_dag.py                           1           0  0.08s           2026-09-17T08:52:29
/opt/airflow/dags/data_staging_dag.py                             0           1  0.05s           2026-09-17T08:52:29
================================================================================
[2026-09-17T08:53:18.964+0000] {manager.py:878} INFO - 
================================================================================
DAG File Processing Stats

File Path                                PID    Runtime      # DAGs    # Errors  Last Runtime    Last Run
---------------------------------------  -----  ---------  --------  ----------  --------------  -------------------
/opt/airflow/dags/data_extracter_dag.py                           1           0  0.08s           2026-09-17T08:53:02
/opt/airflow/dags/data_staging_dag.py                             0           1  0.05s           2026-09-17T08:53:02
================================================================================
[2026-09-17T08:53:52.180+0000] {manager.py:878} INFO - 
================================================================================
DAG File Processing Stats

File Path                                PID    Runtime      # DAGs    # Errors  Last Runtime    Last Run
---------------------------------------  -----  ---------  --------  ----------  --------------  -------------------
/opt/airflow/dags/data_extracter_dag.py                           1           0  0.09s           2026-09-17T08:53:36
/opt/airflow/dags/data_staging_dag.py                             0           1  0.06s           2026-09-17T08:53:36
================================================================================
[2026-09-17T08:54:25.330+0000] {manager.py:878} INFO - 
================================================================================
DAG File Processing Stats

File Path                                PID    Runtime      # DAGs    # Errors  Last Runtime    Last Run
---------------------------------------  -----  ---------  --------  ----------  --------------  -------------------
/opt/airflow/dags/data_extracter_dag.py                           1           0  0.17s           2026-09-17T08:54:09
/opt/airflow/dags/data_staging_dag.py                             0           1  0.10s           2026-09-17T08:54:09
================================================================================
[2026-09-17T08:54:58.632+0000] {manager.py:878} INFO - 
================================================================================
DAG File Processing Stats

File Path                                PID    Runtime      # DAGs    # Errors  Last Runtime    Last Run
---------------------------------------  -----  ---------  --------  ----------  --------------  -------------------
/opt/airflow/dags/data_extracter_dag.py                           1           0  0.10s           2026-09-17T08:54:41
/opt/airflow/dags/data_staging_dag.py                             0           1  0.06s           2026-09-17T08:54:41
================================================================================
[2026-09-17T08:55:31.665+0000] {manager.py:878} INFO - 
================================================================================
DAG File Processing Stats

File Path                                PID    Runtime      # DAGs    # Errors  Last Runtime    Last Run
---------------------------------------  -----  ---------  --------  ----------  --------------  -------------------
/opt/airflow/dags/data_extracter_dag.py                           1           0  0.10s           2026-09-17T08:55:14
/opt/airflow/dags/data_staging_dag.py                             0           1  0.06s           2026-09-17T08:55:14
================================================================================
[2026-09-17T08:55:34.681+0000] {manager.py:737} INFO - Searching for files in /opt/airflow/dags
[2026-09-17T08:55:34.686+0000] {manager.py:740} INFO - There are 2 files in /opt/airflow/dags
[2026-09-17T08:56:04.877+0000] {manager.py:878} INFO - 
================================================================================
DAG File Processing Stats

File Path                                PID    Runtime      # DAGs    # Errors  Last Runtime    Last Run
---------------------------------------  -----  ---------  --------  ----------  --------------  -------------------
/opt/airflow/dags/data_extracter_dag.py                           1           0  0.12s           2026-09-17T08:55:47
/opt/airflow/dags/data_staging_dag.py                             0           1  0.06s           2026-09-17T08:55:47
================================================================================
[2026-09-17T08:56:38.074+0000] {manager.py:878} INFO - 
================================================================================
DAG File Processing Stats

File Path                                PID    Runtime      # DAGs    # Errors  Last Runtime    Last Run
---------------------------------------  -----  ---------  --------  ----------  --------------  -------------------
/opt/airflow/dags/data_extracter_dag.py                           1           0  0.10s           2026-09-17T08:56:21
/opt/airflow/dags/data_staging_dag.py                             0           1  0.06s           2026-09-17T08:56:20
================================================================================
[2026-09-17T08:57:11.199+0000] {manager.py:878} INFO - 
================================================================================
DAG File Processing Stats

File Path                                PID    Runtime      # DAGs    # Errors  Last Runtime    Last Run
---------------------------------------  -----  ---------  --------  ----------  --------------  -------------------
/opt/airflow/dags/data_extracter_dag.py                           1           0  0.09s           2026-09-17T08:56:53
/opt/airflow/dags/data_staging_dag.py                             0           1  0.05s           2026-09-17T08:56:53
================================================================================
[2026-09-17T08:57:44.416+0000] {manager.py:878} INFO - 
================================================================================
DAG File Processing Stats

File Path                                PID    Runtime      # DAGs    # Errors  Last Runtime    Last Run
---------------------------------------  -----  ---------  --------  ----------  --------------  -------------------
/opt/airflow/dags/data_staging_dag.py                             1           0  0.25s           2026-09-17T08:57:33
/opt/airflow/dags/data_extracter_dag.py                           1           0  0.10s           2026-09-17T08:57:26
================================================================================
[2026-09-17T08:58:17.879+0000] {manager.py:878} INFO - 
================================================================================
DAG File Processing Stats

File Path                                PID    Runtime      # DAGs    # Errors  Last Runtime    Last Run
---------------------------------------  -----  ---------  --------  ----------  --------------  -------------------
/opt/airflow/dags/data_extracter_dag.py                           1           0  0.09s           2026-09-17T08:57:59
/opt/airflow/dags/data_staging_dag.py                             1           0  0.09s           2026-09-17T08:57:51
================================================================================
[2026-09-17T08:58:51.206+0000] {manager.py:878} INFO - 
================================================================================
DAG File Processing Stats

File Path                                PID    Runtime      # DAGs    # Errors  Last Runtime    Last Run
---------------------------------------  -----  ---------  --------  ----------  --------------  -------------------
/opt/airflow/dags/data_extracter_dag.py                           1           0  0.09s           2026-09-17T08:58:32
/opt/airflow/dags/data_staging_dag.py                             1           0  0.09s           2026-09-17T08:58:40
================================================================================
[2026-09-17T08:59:24.375+0000] {manager.py:878} INFO - 
================================================================================
DAG File Processing Stats

File Path                                  PID  Runtime      # DAGs    # Errors  Last Runtime    Last Run
---------------------------------------  -----  ---------  --------  ----------  --------------  -------------------
/opt/airflow/dags/data_staging_dag.py     2746  0.00s             1           0  0.13s           2026-09-17T08:59:10
/opt/airflow/dags/data_extracter_dag.py                           1           0  0.12s           2026-09-17T08:59:05
================================================================================
[2026-09-17T08:59:57.775+0000] {manager.py:878} INFO - 
================================================================================
DAG File Processing Stats

File Path                                  PID  Runtime      # DAGs    # Errors  Last Runtime    Last Run
---------------------------------------  -----  ---------  --------  ----------  --------------  -------------------
/opt/airflow/dags/data_staging_dag.py     2759  0.00s             1           0  0.13s           2026-09-17T08:59:54
/opt/airflow/dags/data_extracter_dag.py                           1           0  0.09s           2026-09-17T08:59:38
================================================================================
[2026-09-17T09:00:31.159+0000] {manager.py:878} INFO - 
================================================================================
DAG File Processing Stats

File Path                                PID    Runtime      # DAGs    # Errors  Last Runtime    Last Run
---------------------------------------  -----  ---------  --------  ----------  --------------  -------------------
/opt/airflow/dags/data_staging_dag.py                             1           0  0.09s           2026-09-17T09:00:21
/opt/airflow/dags/data_extracter_dag.py                           1           0  0.09s           2026-09-17T09:00:11
================================================================================
[2026-09-17T09:00:35.176+0000] {manager.py:737} INFO - Searching for files in /opt/airflow/dags
[2026-09-17T09:00:35.177+0000] {manager.py:740} INFO - There are 2 files in /opt/airflow/dags
[2026-09-17T09:01:04.469+0000] {manager.py:878} INFO - 
================================================================================
DAG File Processing Stats

File Path                                PID    Runtime      # DAGs    # Errors  Last Runtime    Last Run
---------------------------------------  -----  ---------  --------  ----------  --------------  -------------------
/opt/airflow/dags/data_staging_dag.py                             1           0  0.12s           2026-09-17T09:00:56
/opt/airflow/dags/data_extracter_dag.py                           1           0  0.11s           2026-09-17T09:00:44
================================================================================
[2026-09-17T09:01:37.819+0000] {manager.py:878} INFO - 
================================================================================
DAG File Processing Stats

File Path                                PID    Runtime      # DAGs    # Errors  Last Runtime    Last Run
---------------------------------------  -----  ---------  --------  ----------  --------------  -------------------
/opt/airflow/dags/data_extracter_dag.py                           1           0  0.10s           2026-09-17T09:01:17
/opt/airflow/dags/data_staging_dag.py                             1           0  0.08s           2026-09-17T09:01:28
================================================================================
[2026-09-17T09:02:11.203+0000] {manager.py:878} INFO - 
================================================================================
DAG File Processing Stats

File Path                                PID    Runtime      # DAGs    # Errors  Last Runtime    Last Run
---------------------------------------  -----  ---------  --------  ----------  --------------  -------------------
/opt/airflow/dags/data_staging_dag.py                             1           0  0.18s           2026-09-17T09:02:03
/opt/airflow/dags/data_extracter_dag.py                           1           0  0.10s           2026-09-17T09:01:49
================================================================================
[2026-09-17T09:02:44.410+0000] {manager.py:878} INFO - 
================================================================================
DAG File Processing Stats

File Path                                PID    Runtime      # DAGs    # Errors  Last Runtime    Last Run
---------------------------------------  -----  ---------  --------  ----------  --------------  -------------------
/opt/airflow/dags/data_extracter_dag.py                           1           0  0.09s           2026-09-17T09:02:23
/opt/airflow/dags/data_staging_dag.py                             1           0  0.08s           2026-09-17T09:02:19
================================================================================
[2026-09-17T09:03:17.597+0000] {manager.py:878} INFO - 
================================================================================
DAG File Processing Stats

File Path                                PID    Runtime      # DAGs    # Errors  Last Runtime    Last Run
---------------------------------------  -----  ---------  --------  ----------  --------------  -------------------
/opt/airflow/dags/data_staging_dag.py                             1           0  0.15s           2026-09-17T09:02:49
/opt/airflow/dags/data_extracter_dag.py                           1           0  0.08s           2026-09-17T09:02:56
================================================================================
[2026-09-17T09:03:50.751+0000] {manager.py:878} INFO - 
================================================================================
DAG File Processing Stats

File Path                                  PID  Runtime      # DAGs    # Errors  Last Runtime    Last Run
---------------------------------------  -----  ---------  --------  ----------  --------------  -------------------
/opt/airflow/dags/data_staging_dag.py     2828  0.00s             1           0  0.24s           2026-09-17T09:03:19
/opt/airflow/dags/data_extracter_dag.py                           1           0  0.10s           2026-09-17T09:03:28
================================================================================
[2026-09-17T09:04:24.054+0000] {manager.py:878} INFO - 
================================================================================
DAG File Processing Stats

File Path                                PID    Runtime      # DAGs    # Errors  Last Runtime    Last Run
---------------------------------------  -----  ---------  --------  ----------  --------------  -------------------
/opt/airflow/dags/data_extracter_dag.py                           1           0  0.11s           2026-09-17T09:04:01
/opt/airflow/dags/data_staging_dag.py                             1           0  0.10s           2026-09-17T09:04:21
================================================================================
[2026-09-17T09:04:57.316+0000] {manager.py:878} INFO - 
================================================================================
DAG File Processing Stats

File Path                                PID    Runtime      # DAGs    # Errors  Last Runtime    Last Run
---------------------------------------  -----  ---------  --------  ----------  --------------  -------------------
/opt/airflow/dags/data_staging_dag.py                             1           0  0.11s           2026-09-17T09:04:51
/opt/airflow/dags/data_extracter_dag.py                           1           0  0.09s           2026-09-17T09:04:35
================================================================================
[2026-09-17T09:05:30.534+0000] {manager.py:878} INFO - 
================================================================================
DAG File Processing Stats

File Path                                PID    Runtime      # DAGs    # Errors  Last Runtime    Last Run
---------------------------------------  -----  ---------  --------  ----------  --------------  -------------------
/opt/airflow/dags/data_staging_dag.py                             1           0  0.10s           2026-09-17T09:05:21
/opt/airflow/dags/data_extracter_dag.py                           1           0  0.09s           2026-09-17T09:05:08
================================================================================
[2026-09-17T09:05:35.560+0000] {manager.py:737} INFO - Searching for files in /opt/airflow/dags
[2026-09-17T09:05:35.561+0000] {manager.py:740} INFO - There are 2 files in /opt/airflow/dags
[2026-09-17T09:06:03.811+0000] {manager.py:878} INFO - 
================================================================================
DAG File Processing Stats

File Path                                PID    Runtime      # DAGs    # Errors  Last Runtime    Last Run
---------------------------------------  -----  ---------  --------  ----------  --------------  -------------------
/opt/airflow/dags/data_extracter_dag.py                           1           0  0.11s           2026-09-17T09:05:41
/opt/airflow/dags/data_staging_dag.py                             1           0  0.11s           2026-09-17T09:05:51
================================================================================
[2026-09-17T09:06:37.079+0000] {manager.py:878} INFO - 
================================================================================
DAG File Processing Stats

File Path                                PID    Runtime      # DAGs    # Errors  Last Runtime    Last Run
---------------------------------------  -----  ---------  --------  ----------  --------------  -------------------
/opt/airflow/dags/data_extracter_dag.py                           1           0  0.10s           2026-09-17T09:06:13
/opt/airflow/dags/data_staging_dag.py                             1           0  0.10s           2026-09-17T09:06:22
================================================================================
[2026-09-17T09:07:10.395+0000] {manager.py:878} INFO - 
================================================================================
DAG File Processing Stats

File Path                                PID    Runtime      # DAGs    # Errors  Last Runtime    Last Run
---------------------------------------  -----  ---------  --------  ----------  --------------  -------------------
/opt/airflow/dags/data_staging_dag.py                             1           0  0.14s           2026-09-17T09:06:52
/opt/airflow/dags/data_extracter_dag.py                           1           0  0.08s           2026-09-17T09:06:47
================================================================================
[2026-09-17T09:07:43.804+0000] {manager.py:878} INFO - 
================================================================================
DAG File Processing Stats

File Path                                PID    Runtime      # DAGs    # Errors  Last Runtime    Last Run
---------------------------------------  -----  ---------  --------  ----------  --------------  -------------------
/opt/airflow/dags/data_extracter_dag.py                           1           0  0.12s           2026-09-17T09:07:20
/opt/airflow/dags/data_staging_dag.py                             1           0  0.09s           2026-09-17T09:07:22
================================================================================
[2026-09-17T09:08:17.020+0000] {manager.py:878} INFO - 
================================================================================
DAG File Processing Stats

File Path                                PID    Runtime      # DAGs    # Errors  Last Runtime    Last Run
---------------------------------------  -----  ---------  --------  ----------  --------------  -------------------
/opt/airflow/dags/data_staging_dag.py                             1           0  0.10s           2026-09-17T09:07:53
/opt/airflow/dags/data_extracter_dag.py                           1           0  0.09s           2026-09-17T09:07:53
================================================================================
[2026-09-17T09:08:50.139+0000] {manager.py:878} INFO - 
================================================================================
DAG File Processing Stats

File Path                                PID    Runtime      # DAGs    # Errors  Last Runtime    Last Run
---------------------------------------  -----  ---------  --------  ----------  --------------  -------------------
/opt/airflow/dags/data_staging_dag.py                             1           0  0.11s           2026-09-17T09:08:26
/opt/airflow/dags/data_extracter_dag.py                           1           0  0.11s           2026-09-17T09:08:26
================================================================================
[2026-09-17T09:09:23.425+0000] {manager.py:878} INFO - 
================================================================================
DAG File Processing Stats

File Path                                PID    Runtime      # DAGs    # Errors  Last Runtime    Last Run
---------------------------------------  -----  ---------  --------  ----------  --------------  -------------------
/opt/airflow/dags/data_staging_dag.py                             1           0  0.11s           2026-09-17T09:08:59
/opt/airflow/dags/data_extracter_dag.py                           1           0  0.10s           2026-09-17T09:08:59
================================================================================
[2026-09-17T09:09:56.663+0000] {manager.py:878} INFO - 
================================================================================
DAG File Processing Stats

File Path                                PID    Runtime      # DAGs    # Errors  Last Runtime    Last Run
---------------------------------------  -----  ---------  --------  ----------  --------------  -------------------
/opt/airflow/dags/data_staging_dag.py                             1           0  0.11s           2026-09-17T09:09:32
/opt/airflow/dags/data_extracter_dag.py                           1           0  0.10s           2026-09-17T09:09:32
================================================================================
[2026-09-17T09:10:29.879+0000] {manager.py:878} INFO - 
================================================================================
DAG File Processing Stats

File Path                                PID    Runtime      # DAGs    # Errors  Last Runtime    Last Run
---------------------------------------  -----  ---------  --------  ----------  --------------  -------------------
/opt/airflow/dags/data_staging_dag.py                             1           0  0.11s           2026-09-17T09:10:05
/opt/airflow/dags/data_extracter_dag.py                           1           0  0.10s           2026-09-17T09:10:05
================================================================================
[2026-09-17T09:10:38.895+0000] {manager.py:737} INFO - Searching for files in /opt/airflow/dags
[2026-09-17T09:10:38.897+0000] {manager.py:740} INFO - There are 2 files in /opt/airflow/dags
[2026-09-17T09:11:03.039+0000] {manager.py:878} INFO - 
================================================================================
DAG File Processing Stats

File Path                                PID    Runtime      # DAGs    # Errors  Last Runtime    Last Run
---------------------------------------  -----  ---------  --------  ----------  --------------  -------------------
/opt/airflow/dags/data_staging_dag.py                             1           0  0.11s           2026-09-17T09:10:39
/opt/airflow/dags/data_extracter_dag.py                           1           0  0.11s           2026-09-17T09:10:39
================================================================================
[2026-09-17T09:11:36.322+0000] {manager.py:878} INFO - 
================================================================================
DAG File Processing Stats

File Path                                PID    Runtime      # DAGs    # Errors  Last Runtime    Last Run
---------------------------------------  -----  ---------  --------  ----------  --------------  -------------------
/opt/airflow/dags/data_staging_dag.py                             1           0  0.11s           2026-09-17T09:11:11
/opt/airflow/dags/data_extracter_dag.py                           1           0  0.10s           2026-09-17T09:11:11
================================================================================
[2026-09-17T09:12:09.510+0000] {manager.py:878} INFO - 
================================================================================
DAG File Processing Stats

File Path                                PID    Runtime      # DAGs    # Errors  Last Runtime    Last Run
---------------------------------------  -----  ---------  --------  ----------  --------------  -------------------
/opt/airflow/dags/data_staging_dag.py                             1           0  0.11s           2026-09-17T09:11:44
/opt/airflow/dags/data_extracter_dag.py                           1           0  0.10s           2026-09-17T09:11:44
================================================================================
[2026-09-17T09:12:42.799+0000] {manager.py:878} INFO - 
================================================================================
DAG File Processing Stats

File Path                                PID    Runtime      # DAGs    # Errors  Last Runtime    Last Run
---------------------------------------  -----  ---------  --------  ----------  --------------  -------------------
/opt/airflow/dags/data_staging_dag.py                             1           0  0.13s           2026-09-17T09:12:17
/opt/airflow/dags/data_extracter_dag.py                           1           0  0.11s           2026-09-17T09:12:17
================================================================================
[2026-09-17T09:13:15.978+0000] {manager.py:878} INFO - 
================================================================================
DAG File Processing Stats

File Path                                PID    Runtime      # DAGs    # Errors  Last Runtime    Last Run
---------------------------------------  -----  ---------  --------  ----------  --------------  -------------------
/opt/airflow/dags/data_staging_dag.py                             1           0  0.11s           2026-09-17T09:12:50
/opt/airflow/dags/data_extracter_dag.py                           1           0  0.10s           2026-09-17T09:12:50
================================================================================
[2026-09-17T09:13:49.257+0000] {manager.py:878} INFO - 
================================================================================
DAG File Processing Stats

File Path                                PID    Runtime      # DAGs    # Errors  Last Runtime    Last Run
---------------------------------------  -----  ---------  --------  ----------  --------------  -------------------
/opt/airflow/dags/data_staging_dag.py                             1           0  0.11s           2026-09-17T09:13:24
/opt/airflow/dags/data_extracter_dag.py                           1           0  0.10s           2026-09-17T09:13:24
================================================================================
[2026-09-17T09:14:22.691+0000] {manager.py:878} INFO - 
================================================================================
DAG File Processing Stats

File Path                                PID    Runtime      # DAGs    # Errors  Last Runtime    Last Run
---------------------------------------  -----  ---------  --------  ----------  --------------  -------------------
/opt/airflow/dags/data_staging_dag.py                             1           0  0.13s           2026-09-17T09:13:56
/opt/airflow/dags/data_extracter_dag.py                           1           0  0.11s           2026-09-17T09:13:56
================================================================================
[2026-09-17T09:14:55.933+0000] {manager.py:878} INFO - 
================================================================================
DAG File Processing Stats

File Path                                PID    Runtime      # DAGs    # Errors  Last Runtime    Last Run
---------------------------------------  -----  ---------  --------  ----------  --------------  -------------------
/opt/airflow/dags/data_staging_dag.py                             1           0  0.12s           2026-09-17T09:14:29
/opt/airflow/dags/data_extracter_dag.py                           1           0  0.11s           2026-09-17T09:14:29
================================================================================
[2026-09-17T09:15:29.222+0000] {manager.py:878} INFO - 
================================================================================
DAG File Processing Stats

File Path                                PID    Runtime      # DAGs    # Errors  Last Runtime    Last Run
---------------------------------------  -----  ---------  --------  ----------  --------------  -------------------
/opt/airflow/dags/data_staging_dag.py                             1           0  0.11s           2026-09-17T09:15:03
/opt/airflow/dags/data_extracter_dag.py                           1           0  0.10s           2026-09-17T09:15:03
================================================================================
[2026-09-17T09:15:39.431+0000] {manager.py:737} INFO - Searching for files in /opt/airflow/dags
[2026-09-17T09:15:39.433+0000] {manager.py:740} INFO - There are 2 files in /opt/airflow/dags
[2026-09-17T09:16:02.543+0000] {manager.py:878} INFO - 
================================================================================
DAG File Processing Stats

File Path                                PID    Runtime      # DAGs    # Errors  Last Runtime    Last Run
---------------------------------------  -----  ---------  --------  ----------  --------------  -------------------
/opt/airflow/dags/data_staging_dag.py                             1           0  0.10s           2026-09-17T09:15:36
/opt/airflow/dags/data_extracter_dag.py                           1           0  0.09s           2026-09-17T09:15:36
================================================================================
[2026-09-17T09:16:35.850+0000] {manager.py:878} INFO - 
================================================================================
DAG File Processing Stats

File Path                                PID    Runtime      # DAGs    # Errors  Last Runtime    Last Run
---------------------------------------  -----  ---------  --------  ----------  --------------  -------------------
/opt/airflow/dags/data_staging_dag.py                             1           0  0.12s           2026-09-17T09:16:25
/opt/airflow/dags/data_extracter_dag.py                           1           0  0.11s           2026-09-17T09:16:09
================================================================================
[2026-09-17T09:17:09.076+0000] {manager.py:878} INFO - 
================================================================================
DAG File Processing Stats

File Path                                PID    Runtime      # DAGs    # Errors  Last Runtime    Last Run
---------------------------------------  -----  ---------  --------  ----------  --------------  -------------------
/opt/airflow/dags/data_staging_dag.py                             1           0  0.13s           2026-09-17T09:16:56
/opt/airflow/dags/data_extracter_dag.py                           1           0  0.10s           2026-09-17T09:16:41
================================================================================
[2026-09-17T09:17:42.342+0000] {manager.py:878} INFO - 
================================================================================
DAG File Processing Stats

File Path                                PID    Runtime      # DAGs    # Errors  Last Runtime    Last Run
---------------------------------------  -----  ---------  --------  ----------  --------------  -------------------
/opt/airflow/dags/data_staging_dag.py                             1           0  0.13s           2026-09-17T09:17:26
/opt/airflow/dags/data_extracter_dag.py                           1           0  0.10s           2026-09-17T09:17:15
================================================================================
[2026-09-17T09:18:15.678+0000] {manager.py:878} INFO - 
================================================================================
DAG File Processing Stats

File Path                                PID    Runtime      # DAGs    # Errors  Last Runtime    Last Run
---------------------------------------  -----  ---------  --------  ----------  --------------  -------------------
/opt/airflow/dags/data_staging_dag.py                             1           0  0.12s           2026-09-17T09:18:14
/opt/airflow/dags/data_extracter_dag.py                           1           0  0.10s           2026-09-17T09:17:48
================================================================================
[2026-09-17T09:18:49.043+0000] {manager.py:878} INFO - 
================================================================================
DAG File Processing Stats

File Path                                PID    Runtime      # DAGs    # Errors  Last Runtime    Last Run
---------------------------------------  -----  ---------  --------  ----------  --------------  -------------------
/opt/airflow/dags/data_extracter_dag.py                           1           0  0.10s           2026-09-17T09:18:20
/opt/airflow/dags/data_staging_dag.py                             1           0  0.10s           2026-09-17T09:18:45
================================================================================
[2026-09-17T09:19:22.367+0000] {manager.py:878} INFO - 
================================================================================
DAG File Processing Stats

File Path                                PID    Runtime      # DAGs    # Errors  Last Runtime    Last Run
---------------------------------------  -----  ---------  --------  ----------  --------------  -------------------
/opt/airflow/dags/data_staging_dag.py                             1           0  0.10s           2026-09-17T09:19:15
/opt/airflow/dags/data_extracter_dag.py                           1           0  0.08s           2026-09-17T09:18:54
================================================================================
[2026-09-17T09:19:55.648+0000] {manager.py:878} INFO - 
================================================================================
DAG File Processing Stats

File Path                                PID    Runtime      # DAGs    # Errors  Last Runtime    Last Run
---------------------------------------  -----  ---------  --------  ----------  --------------  -------------------
/opt/airflow/dags/data_staging_dag.py                             1           0  0.11s           2026-09-17T09:19:45
/opt/airflow/dags/data_extracter_dag.py                           1           0  0.09s           2026-09-17T09:19:27
================================================================================
[2026-09-17T09:20:28.925+0000] {manager.py:878} INFO - 
================================================================================
DAG File Processing Stats

File Path                                PID    Runtime      # DAGs    # Errors  Last Runtime    Last Run
---------------------------------------  -----  ---------  --------  ----------  --------------  -------------------
/opt/airflow/dags/data_staging_dag.py                             1           0  0.10s           2026-09-17T09:20:15
/opt/airflow/dags/data_extracter_dag.py                           1           0  0.09s           2026-09-17T09:20:00
================================================================================
[2026-09-17T09:20:40.094+0000] {manager.py:737} INFO - Searching for files in /opt/airflow/dags
[2026-09-17T09:20:40.095+0000] {manager.py:740} INFO - There are 2 files in /opt/airflow/dags
[2026-09-17T09:21:02.295+0000] {manager.py:878} INFO - 
================================================================================
DAG File Processing Stats

File Path                                PID    Runtime      # DAGs    # Errors  Last Runtime    Last Run
---------------------------------------  -----  ---------  --------  ----------  --------------  -------------------
/opt/airflow/dags/data_extracter_dag.py                           1           0  0.11s           2026-09-17T09:20:33
/opt/airflow/dags/data_staging_dag.py                             1           0  0.10s           2026-09-17T09:20:46
================================================================================
[2026-09-17T09:21:35.624+0000] {manager.py:878} INFO - 
================================================================================
DAG File Processing Stats

File Path                                PID    Runtime      # DAGs    # Errors  Last Runtime    Last Run
---------------------------------------  -----  ---------  --------  ----------  --------------  -------------------
/opt/airflow/dags/data_staging_dag.py                             1           0  0.11s           2026-09-17T09:21:16
/opt/airflow/dags/data_extracter_dag.py                           1           0  0.08s           2026-09-17T09:21:06
================================================================================
[2026-09-17T09:22:08.902+0000] {manager.py:878} INFO - 
================================================================================
DAG File Processing Stats

File Path                                PID    Runtime      # DAGs    # Errors  Last Runtime    Last Run
---------------------------------------  -----  ---------  --------  ----------  --------------  -------------------
/opt/airflow/dags/data_staging_dag.py                             1           0  0.10s           2026-09-17T09:21:46
/opt/airflow/dags/data_extracter_dag.py                           1           0  0.09s           2026-09-17T09:21:39
================================================================================
[2026-09-17T09:22:42.263+0000] {manager.py:878} INFO - 
================================================================================
DAG File Processing Stats

File Path                                PID    Runtime      # DAGs    # Errors  Last Runtime    Last Run
---------------------------------------  -----  ---------  --------  ----------  --------------  -------------------
/opt/airflow/dags/data_staging_dag.py                             1           0  0.11s           2026-09-17T09:22:17
/opt/airflow/dags/data_extracter_dag.py                           1           0  0.09s           2026-09-17T09:22:13
================================================================================
[2026-09-17T09:23:18.602+0000] {manager.py:878} INFO - 
================================================================================
DAG File Processing Stats

File Path                                  PID  Runtime      # DAGs    # Errors  Last Runtime    Last Run
---------------------------------------  -----  ---------  --------  ----------  --------------  -------------------
/opt/airflow/dags/data_extracter_dag.py   3121  0.00s             1           0  0.10s           2026-09-17T09:22:46
/opt/airflow/dags/data_staging_dag.py     3120  0.01s             1           0  0.09s           2026-09-17T09:22:47
================================================================================
[2026-09-17T09:23:51.939+0000] {manager.py:878} INFO - 
================================================================================
DAG File Processing Stats

File Path                                  PID  Runtime      # DAGs    # Errors  Last Runtime    Last Run
---------------------------------------  -----  ---------  --------  ----------  --------------  -------------------
/opt/airflow/dags/data_extracter_dag.py   3129  0.00s             1           0  0.10s           2026-09-17T09:23:18
/opt/airflow/dags/data_staging_dag.py                             1           0  0.09s           2026-09-17T09:23:25
================================================================================
[2026-09-17T09:24:25.265+0000] {manager.py:878} INFO - 
================================================================================
DAG File Processing Stats

File Path                                  PID  Runtime      # DAGs    # Errors  Last Runtime    Last Run
---------------------------------------  -----  ---------  --------  ----------  --------------  -------------------
/opt/airflow/dags/data_extracter_dag.py   3137  0.00s             1           0  0.10s           2026-09-17T09:23:52
/opt/airflow/dags/data_staging_dag.py                             1           0  0.10s           2026-09-17T09:23:56
================================================================================
[2026-09-17T09:24:58.670+0000] {manager.py:878} INFO - 
================================================================================
DAG File Processing Stats

File Path                                  PID  Runtime      # DAGs    # Errors  Last Runtime    Last Run
---------------------------------------  -----  ---------  --------  ----------  --------------  -------------------
/opt/airflow/dags/data_staging_dag.py     3145  0.02s             1           0  0.10s           2026-09-17T09:24:26
/opt/airflow/dags/data_extracter_dag.py   3146  0.01s             1           0  0.09s           2026-09-17T09:24:25
================================================================================
[2026-09-17T09:25:31.992+0000] {manager.py:878} INFO - 
================================================================================
DAG File Processing Stats

File Path                                PID    Runtime      # DAGs    # Errors  Last Runtime    Last Run
---------------------------------------  -----  ---------  --------  ----------  --------------  -------------------
/opt/airflow/dags/data_staging_dag.py                             1           0  0.12s           2026-09-17T09:25:31
/opt/airflow/dags/data_extracter_dag.py                           1           0  0.11s           2026-09-17T09:25:31
================================================================================
[2026-09-17T09:25:40.123+0000] {manager.py:737} INFO - Searching for files in /opt/airflow/dags
[2026-09-17T09:25:40.125+0000] {manager.py:740} INFO - There are 2 files in /opt/airflow/dags
[2026-09-17T09:52:28.905+0000] {manager.py:737} INFO - Searching for files in /opt/airflow/dags
[2026-09-17T09:52:28.906+0000] {manager.py:740} INFO - There are 2 files in /opt/airflow/dags
[2026-09-17T09:52:37.624+0000] {manager.py:878} INFO - 
================================================================================
DAG File Processing Stats

File Path                                PID    Runtime      # DAGs    # Errors  Last Runtime    Last Run
---------------------------------------  -----  ---------  --------  ----------  --------------  -------------------
/opt/airflow/dags/data_staging_dag.py                             1           0  0.11s           2026-09-17T09:52:29
/opt/airflow/dags/data_extracter_dag.py                           1           0  0.10s           2026-09-17T09:52:29
================================================================================
[2026-09-17T09:53:10.439+0000] {manager.py:878} INFO - 
================================================================================
DAG File Processing Stats

File Path                                PID    Runtime      # DAGs    # Errors  Last Runtime    Last Run
---------------------------------------  -----  ---------  --------  ----------  --------------  -------------------
/opt/airflow/dags/data_staging_dag.py                             1           0  0.12s           2026-09-17T09:52:59
/opt/airflow/dags/data_extracter_dag.py                           1           0  0.10s           2026-09-17T09:52:59
================================================================================
[2026-09-17T09:53:43.361+0000] {manager.py:878} INFO - 
================================================================================
DAG File Processing Stats

File Path                                PID    Runtime      # DAGs    # Errors  Last Runtime    Last Run
---------------------------------------  -----  ---------  --------  ----------  --------------  -------------------
/opt/airflow/dags/data_staging_dag.py                             1           0  0.11s           2026-09-17T09:53:30
/opt/airflow/dags/data_extracter_dag.py                           1           0  0.10s           2026-09-17T09:53:30
================================================================================
[2026-09-17T09:54:16.113+0000] {manager.py:878} INFO - 
================================================================================
DAG File Processing Stats

File Path                                PID    Runtime      # DAGs    # Errors  Last Runtime    Last Run
---------------------------------------  -----  ---------  --------  ----------  --------------  -------------------
/opt/airflow/dags/data_staging_dag.py                             1           0  0.10s           2026-09-17T09:54:01
/opt/airflow/dags/data_extracter_dag.py                           1           0  0.10s           2026-09-17T09:54:01
================================================================================
[2026-09-17T09:54:49.020+0000] {manager.py:878} INFO - 
================================================================================
DAG File Processing Stats

File Path                                PID    Runtime      # DAGs    # Errors  Last Runtime    Last Run
---------------------------------------  -----  ---------  --------  ----------  --------------  -------------------
/opt/airflow/dags/data_staging_dag.py                             1           0  0.11s           2026-09-17T09:54:32
/opt/airflow/dags/data_extracter_dag.py                           1           0  0.10s           2026-09-17T09:54:32
================================================================================
[2026-09-17T09:55:21.575+0000] {manager.py:878} INFO - 
================================================================================
DAG File Processing Stats

File Path                                PID    Runtime      # DAGs    # Errors  Last Runtime    Last Run
---------------------------------------  -----  ---------  --------  ----------  --------------  -------------------
/opt/airflow/dags/data_staging_dag.py                             1           0  0.11s           2026-09-17T09:55:03
/opt/airflow/dags/data_extracter_dag.py                           1           0  0.10s           2026-09-17T09:55:03
================================================================================
[2026-09-17T09:55:54.121+0000] {manager.py:878} INFO - 
================================================================================
DAG File Processing Stats

File Path                                PID    Runtime      # DAGs    # Errors  Last Runtime    Last Run
---------------------------------------  -----  ---------  --------  ----------  --------------  -------------------
/opt/airflow/dags/data_staging_dag.py                             1           0  0.12s           2026-09-17T09:55:33
/opt/airflow/dags/data_extracter_dag.py                           1           0  0.11s           2026-09-17T09:55:33
================================================================================
[2026-09-17T09:56:26.831+0000] {manager.py:878} INFO - 
================================================================================
DAG File Processing Stats

File Path                                PID    Runtime      # DAGs    # Errors  Last Runtime    Last Run
---------------------------------------  -----  ---------  --------  ----------  --------------  -------------------
/opt/airflow/dags/data_extracter_dag.py                           1           0  0.14s           2026-09-17T09:56:04
/opt/airflow/dags/data_staging_dag.py                             1           0  0.11s           2026-09-17T09:56:18
================================================================================
[2026-09-17T09:56:59.587+0000] {manager.py:878} INFO - 
================================================================================
DAG File Processing Stats

File Path                                PID    Runtime      # DAGs    # Errors  Last Runtime    Last Run
---------------------------------------  -----  ---------  --------  ----------  --------------  -------------------
/opt/airflow/dags/data_extracter_dag.py                           1           0  0.13s           2026-09-17T09:56:35
/opt/airflow/dags/data_staging_dag.py                             1           0  0.13s           2026-09-17T09:56:38
================================================================================
[2026-09-17T09:57:29.146+0000] {manager.py:737} INFO - Searching for files in /opt/airflow/dags
[2026-09-17T09:57:29.148+0000] {manager.py:740} INFO - There are 2 files in /opt/airflow/dags
[2026-09-17T09:57:32.175+0000] {manager.py:878} INFO - 
================================================================================
DAG File Processing Stats

File Path                                PID    Runtime      # DAGs    # Errors  Last Runtime    Last Run
---------------------------------------  -----  ---------  --------  ----------  --------------  -------------------
/opt/airflow/dags/data_staging_dag.py                             1           0  0.12s           2026-09-17T09:57:08
/opt/airflow/dags/data_extracter_dag.py                           1           0  0.10s           2026-09-17T09:57:05
================================================================================
[2026-09-17T09:58:04.722+0000] {manager.py:878} INFO - 
================================================================================
DAG File Processing Stats

File Path                                PID    Runtime      # DAGs    # Errors  Last Runtime    Last Run
---------------------------------------  -----  ---------  --------  ----------  --------------  -------------------
/opt/airflow/dags/data_staging_dag.py                             1           0  0.12s           2026-09-17T09:57:39
/opt/airflow/dags/data_extracter_dag.py                           1           0  0.09s           2026-09-17T09:57:36
================================================================================
[2026-09-17T09:58:37.336+0000] {manager.py:878} INFO - 
================================================================================
DAG File Processing Stats

File Path                                  PID  Runtime      # DAGs    # Errors  Last Runtime    Last Run
---------------------------------------  -----  ---------  --------  ----------  --------------  -------------------
/opt/airflow/dags/data_staging_dag.py                             1           0  0.10s           2026-09-17T09:58:09
/opt/airflow/dags/data_extracter_dag.py   3264  0.00s             1           0  0.08s           2026-09-17T09:58:06
================================================================================
[2026-09-17T09:59:10.075+0000] {manager.py:878} INFO - 
================================================================================
DAG File Processing Stats

File Path                                PID    Runtime      # DAGs    # Errors  Last Runtime    Last Run
---------------------------------------  -----  ---------  --------  ----------  --------------  -------------------
/opt/airflow/dags/data_staging_dag.py                             1           0  0.11s           2026-09-17T09:58:40
/opt/airflow/dags/data_extracter_dag.py                           1           0  0.09s           2026-09-17T09:59:08
================================================================================
[2026-09-17T09:59:42.747+0000] {manager.py:878} INFO - 
================================================================================
DAG File Processing Stats

File Path                                PID    Runtime      # DAGs    # Errors  Last Runtime    Last Run
---------------------------------------  -----  ---------  --------  ----------  --------------  -------------------
/opt/airflow/dags/data_staging_dag.py                             1           0  0.11s           2026-09-17T09:59:41
/opt/airflow/dags/data_extracter_dag.py                           1           0  0.09s           2026-09-17T09:59:38
================================================================================
[2026-09-17T10:00:15.302+0000] {manager.py:878} INFO - 
================================================================================
DAG File Processing Stats

File Path                                PID    Runtime      # DAGs    # Errors  Last Runtime    Last Run
---------------------------------------  -----  ---------  --------  ----------  --------------  -------------------
/opt/airflow/dags/data_staging_dag.py                             1           0  0.11s           2026-09-17T10:00:12
/opt/airflow/dags/data_extracter_dag.py                           1           0  0.08s           2026-09-17T10:00:11
================================================================================
[2026-09-17T10:00:47.946+0000] {manager.py:878} INFO - 
================================================================================
DAG File Processing Stats

File Path                                PID    Runtime      # DAGs    # Errors  Last Runtime    Last Run
---------------------------------------  -----  ---------  --------  ----------  --------------  -------------------
/opt/airflow/dags/data_staging_dag.py                             1           0  0.12s           2026-09-17T10:00:42
/opt/airflow/dags/data_extracter_dag.py                           1           0  0.11s           2026-09-17T10:00:42
================================================================================
[2026-09-17T10:01:20.850+0000] {manager.py:878} INFO - 
================================================================================
DAG File Processing Stats

File Path                                PID    Runtime      # DAGs    # Errors  Last Runtime    Last Run
---------------------------------------  -----  ---------  --------  ----------  --------------  -------------------
/opt/airflow/dags/data_staging_dag.py                             1           0  0.11s           2026-09-17T10:01:19
/opt/airflow/dags/data_extracter_dag.py                           1           0  0.11s           2026-09-17T10:01:15
================================================================================
[2026-09-17T10:01:53.648+0000] {manager.py:878} INFO - 
================================================================================
DAG File Processing Stats

File Path                                PID    Runtime      # DAGs    # Errors  Last Runtime    Last Run
---------------------------------------  -----  ---------  --------  ----------  --------------  -------------------
/opt/airflow/dags/data_staging_dag.py                             1           0  0.11s           2026-09-17T10:01:29
/opt/airflow/dags/data_extracter_dag.py                           1           0  0.10s           2026-09-17T10:01:47
================================================================================
[2026-09-17T10:02:26.952+0000] {manager.py:878} INFO - 
================================================================================
DAG File Processing Stats

File Path                                PID    Runtime      # DAGs    # Errors  Last Runtime    Last Run
---------------------------------------  -----  ---------  --------  ----------  --------------  -------------------
/opt/airflow/dags/data_extracter_dag.py                           1           0  0.10s           2026-09-17T10:02:20
/opt/airflow/dags/data_staging_dag.py                             1           0  0.09s           2026-09-17T10:01:59
================================================================================
[2026-09-17T10:02:29.964+0000] {manager.py:737} INFO - Searching for files in /opt/airflow/dags
[2026-09-17T10:02:29.966+0000] {manager.py:740} INFO - There are 2 files in /opt/airflow/dags
[2026-09-17T10:02:59.662+0000] {manager.py:878} INFO - 
================================================================================
DAG File Processing Stats

File Path                                PID    Runtime      # DAGs    # Errors  Last Runtime    Last Run
---------------------------------------  -----  ---------  --------  ----------  --------------  -------------------
/opt/airflow/dags/data_extracter_dag.py                           1           0  0.12s           2026-09-17T10:02:53
/opt/airflow/dags/data_staging_dag.py                             1           0  0.11s           2026-09-17T10:02:30
================================================================================
[2026-09-17T10:03:32.219+0000] {manager.py:878} INFO - 
================================================================================
DAG File Processing Stats

File Path                                PID    Runtime      # DAGs    # Errors  Last Runtime    Last Run
---------------------------------------  -----  ---------  --------  ----------  --------------  -------------------
/opt/airflow/dags/data_staging_dag.py                             1           0  0.11s           2026-09-17T10:03:31
/opt/airflow/dags/data_extracter_dag.py                           1           0  0.10s           2026-09-17T10:03:26
================================================================================
[2026-09-17T10:04:05.121+0000] {manager.py:878} INFO - 
================================================================================
DAG File Processing Stats

File Path                                PID    Runtime      # DAGs    # Errors  Last Runtime    Last Run
---------------------------------------  -----  ---------  --------  ----------  --------------  -------------------
/opt/airflow/dags/data_staging_dag.py                             1           0  0.09s           2026-09-17T10:04:02
/opt/airflow/dags/data_extracter_dag.py                           1           0  0.09s           2026-09-17T10:03:58
================================================================================
[2026-09-17T10:04:37.751+0000] {manager.py:878} INFO - 
================================================================================
DAG File Processing Stats

File Path                                PID    Runtime      # DAGs    # Errors  Last Runtime    Last Run
---------------------------------------  -----  ---------  --------  ----------  --------------  -------------------
/opt/airflow/dags/data_staging_dag.py                             1           0  0.12s           2026-09-17T10:04:32
/opt/airflow/dags/data_extracter_dag.py                           1           0  0.10s           2026-09-17T10:04:30
================================================================================
[2026-09-17T10:05:10.530+0000] {manager.py:878} INFO - 
================================================================================
DAG File Processing Stats

File Path                                PID    Runtime      # DAGs    # Errors  Last Runtime    Last Run
---------------------------------------  -----  ---------  --------  ----------  --------------  -------------------
/opt/airflow/dags/data_staging_dag.py                             1           0  0.11s           2026-09-17T10:05:03
/opt/airflow/dags/data_extracter_dag.py                           1           0  0.10s           2026-09-17T10:05:03
================================================================================
[2026-09-17T10:05:43.353+0000] {manager.py:878} INFO - 
================================================================================
DAG File Processing Stats

File Path                                PID    Runtime      # DAGs    # Errors  Last Runtime    Last Run
---------------------------------------  -----  ---------  --------  ----------  --------------  -------------------
/opt/airflow/dags/data_staging_dag.py                             1           0  0.11s           2026-09-17T10:05:36
/opt/airflow/dags/data_extracter_dag.py                           1           0  0.10s           2026-09-17T10:05:36
================================================================================
[2026-09-17T10:06:16.399+0000] {manager.py:878} INFO - 
================================================================================
DAG File Processing Stats

File Path                                PID    Runtime      # DAGs    # Errors  Last Runtime    Last Run
---------------------------------------  -----  ---------  --------  ----------  --------------  -------------------
/opt/airflow/dags/data_staging_dag.py                             1           0  0.11s           2026-09-17T10:06:08
/opt/airflow/dags/data_extracter_dag.py                           1           0  0.10s           2026-09-17T10:06:08
================================================================================
[2026-09-17T10:06:49.239+0000] {manager.py:878} INFO - 
================================================================================
DAG File Processing Stats

File Path                                PID    Runtime      # DAGs    # Errors  Last Runtime    Last Run
---------------------------------------  -----  ---------  --------  ----------  --------------  -------------------
/opt/airflow/dags/data_staging_dag.py                             1           0  0.10s           2026-09-17T10:06:41
/opt/airflow/dags/data_extracter_dag.py                           1           0  0.09s           2026-09-17T10:06:41
================================================================================
[2026-09-17T10:07:22.203+0000] {manager.py:878} INFO - 
================================================================================
DAG File Processing Stats

File Path                                PID    Runtime      # DAGs    # Errors  Last Runtime    Last Run
---------------------------------------  -----  ---------  --------  ----------  --------------  -------------------
/opt/airflow/dags/data_staging_dag.py                             1           0  0.12s           2026-09-17T10:07:14
/opt/airflow/dags/data_extracter_dag.py                           1           0  0.11s           2026-09-17T10:07:14
================================================================================
[2026-09-17T10:07:30.236+0000] {manager.py:737} INFO - Searching for files in /opt/airflow/dags
[2026-09-17T10:07:30.239+0000] {manager.py:740} INFO - There are 2 files in /opt/airflow/dags
[2026-09-17T10:07:55.003+0000] {manager.py:878} INFO - 
================================================================================
DAG File Processing Stats

File Path                                PID    Runtime      # DAGs    # Errors  Last Runtime    Last Run
---------------------------------------  -----  ---------  --------  ----------  --------------  -------------------
/opt/airflow/dags/data_staging_dag.py                             1           0  0.11s           2026-09-17T10:07:47
/opt/airflow/dags/data_extracter_dag.py                           1           0  0.10s           2026-09-17T10:07:47
================================================================================
[2026-09-17T10:08:27.813+0000] {manager.py:878} INFO - 
================================================================================
DAG File Processing Stats

File Path                                PID    Runtime      # DAGs    # Errors  Last Runtime    Last Run
---------------------------------------  -----  ---------  --------  ----------  --------------  -------------------
/opt/airflow/dags/data_staging_dag.py                             1           0  0.11s           2026-09-17T10:08:19
/opt/airflow/dags/data_extracter_dag.py                           1           0  0.10s           2026-09-17T10:08:19
================================================================================
[2026-09-17T10:09:00.633+0000] {manager.py:878} INFO - 
================================================================================
DAG File Processing Stats

File Path                                PID    Runtime      # DAGs    # Errors  Last Runtime    Last Run
---------------------------------------  -----  ---------  --------  ----------  --------------  -------------------
/opt/airflow/dags/data_staging_dag.py                             1           0  0.12s           2026-09-17T10:08:51
/opt/airflow/dags/data_extracter_dag.py                           1           0  0.11s           2026-09-17T10:08:51
================================================================================
[2026-09-17T10:09:33.906+0000] {manager.py:878} INFO - 
================================================================================
DAG File Processing Stats

File Path                                PID    Runtime      # DAGs    # Errors  Last Runtime    Last Run
---------------------------------------  -----  ---------  --------  ----------  --------------  -------------------
/opt/airflow/dags/data_staging_dag.py                             1           0  0.12s           2026-09-17T10:09:24
/opt/airflow/dags/data_extracter_dag.py                           1           0  0.12s           2026-09-17T10:09:24
================================================================================
[2026-09-17T10:10:07.090+0000] {manager.py:878} INFO - 
================================================================================
DAG File Processing Stats

File Path                                PID    Runtime      # DAGs    # Errors  Last Runtime    Last Run
---------------------------------------  -----  ---------  --------  ----------  --------------  -------------------
/opt/airflow/dags/data_staging_dag.py                             1           0  0.11s           2026-09-17T10:09:58
/opt/airflow/dags/data_extracter_dag.py                           1           0  0.10s           2026-09-17T10:09:58
================================================================================
[2026-09-17T10:10:40.024+0000] {manager.py:878} INFO - 
================================================================================
DAG File Processing Stats

File Path                                PID    Runtime      # DAGs    # Errors  Last Runtime    Last Run
---------------------------------------  -----  ---------  --------  ----------  --------------  -------------------
/opt/airflow/dags/data_staging_dag.py                             1           0  0.12s           2026-09-17T10:10:31
/opt/airflow/dags/data_extracter_dag.py                           1           0  0.11s           2026-09-17T10:10:31
================================================================================
[2026-09-17T10:11:13.339+0000] {manager.py:878} INFO - 
================================================================================
DAG File Processing Stats

File Path                                PID    Runtime      # DAGs    # Errors  Last Runtime    Last Run
---------------------------------------  -----  ---------  --------  ----------  --------------  -------------------
/opt/airflow/dags/data_staging_dag.py                             1           0  0.12s           2026-09-17T10:11:04
/opt/airflow/dags/data_extracter_dag.py                           1           0  0.10s           2026-09-17T10:11:04
================================================================================
[2026-09-17T10:11:46.602+0000] {manager.py:878} INFO - 
================================================================================
DAG File Processing Stats

File Path                                PID    Runtime      # DAGs    # Errors  Last Runtime    Last Run
---------------------------------------  -----  ---------  --------  ----------  --------------  -------------------
/opt/airflow/dags/data_staging_dag.py                             1           0  0.12s           2026-09-17T10:11:36
/opt/airflow/dags/data_extracter_dag.py                           1           0  0.11s           2026-09-17T10:11:36
================================================================================
