[2026-09-16T08:27:47.039+0000] {processor.py:161} INFO - Started process (PID=42) to work on /opt/airflow/dags/data_extracter_dag.py
[2026-09-16T08:27:47.040+0000] {processor.py:830} INFO - Processing file /opt/airflow/dags/data_extracter_dag.py for tasks to queue
[2026-09-16T08:27:47.042+0000] {logging_mixin.py:188} INFO - [2026-09-16T08:27:47.041+0000] {dagbag.py:545} INFO - Filling up the DagBag from /opt/airflow/dags/data_extracter_dag.py
[2026-09-16T08:27:47.062+0000] {processor.py:840} INFO - DAG(s) 'data_extraction' retrieved from /opt/airflow/dags/data_extracter_dag.py
[2026-09-16T08:27:47.112+0000] {logging_mixin.py:188} INFO - [2026-09-16T08:27:47.112+0000] {dag.py:3096} INFO - Sync 1 DAGs
[2026-09-16T08:27:47.130+0000] {logging_mixin.py:188} INFO - [2026-09-16T08:27:47.130+0000] {dag.py:3954} INFO - Setting next_dagrun for data_extraction to None, run_after=None
[2026-09-16T08:27:47.158+0000] {processor.py:183} INFO - Processing /opt/airflow/dags/data_extracter_dag.py took 0.132 seconds
[2026-09-16T08:28:17.476+0000] {processor.py:161} INFO - Started process (PID=48) to work on /opt/airflow/dags/data_extracter_dag.py
[2026-09-16T08:28:17.478+0000] {processor.py:830} INFO - Processing file /opt/airflow/dags/data_extracter_dag.py for tasks to queue
[2026-09-16T08:28:17.480+0000] {logging_mixin.py:188} INFO - [2026-09-16T08:28:17.480+0000] {dagbag.py:545} INFO - Filling up the DagBag from /opt/airflow/dags/data_extracter_dag.py
[2026-09-16T08:28:17.498+0000] {processor.py:840} INFO - DAG(s) 'data_extraction' retrieved from /opt/airflow/dags/data_extracter_dag.py
[2026-09-16T08:28:17.537+0000] {logging_mixin.py:188} INFO - [2026-09-16T08:28:17.537+0000] {dag.py:3096} INFO - Sync 1 DAGs
[2026-09-16T08:28:17.551+0000] {logging_mixin.py:188} INFO - [2026-09-16T08:28:17.551+0000] {dag.py:3954} INFO - Setting next_dagrun for data_extraction to None, run_after=None
[2026-09-16T08:28:17.573+0000] {processor.py:183} INFO - Processing /opt/airflow/dags/data_extracter_dag.py took 0.109 seconds
[2026-09-16T08:28:47.929+0000] {processor.py:161} INFO - Started process (PID=55) to work on /opt/airflow/dags/data_extracter_dag.py
[2026-09-16T08:28:47.934+0000] {processor.py:830} INFO - Processing file /opt/airflow/dags/data_extracter_dag.py for tasks to queue
[2026-09-16T08:28:47.936+0000] {logging_mixin.py:188} INFO - [2026-09-16T08:28:47.936+0000] {dagbag.py:545} INFO - Filling up the DagBag from /opt/airflow/dags/data_extracter_dag.py
[2026-09-16T08:28:47.948+0000] {processor.py:840} INFO - DAG(s) 'data_extraction' retrieved from /opt/airflow/dags/data_extracter_dag.py
[2026-09-16T08:28:47.979+0000] {logging_mixin.py:188} INFO - [2026-09-16T08:28:47.979+0000] {dag.py:3096} INFO - Sync 1 DAGs
[2026-09-16T08:28:47.992+0000] {logging_mixin.py:188} INFO - [2026-09-16T08:28:47.991+0000] {dag.py:3954} INFO - Setting next_dagrun for data_extraction to None, run_after=None
[2026-09-16T08:28:48.014+0000] {processor.py:183} INFO - Processing /opt/airflow/dags/data_extracter_dag.py took 0.094 seconds
[2026-09-16T08:29:18.491+0000] {processor.py:161} INFO - Started process (PID=62) to work on /opt/airflow/dags/data_extracter_dag.py
[2026-09-16T08:29:18.494+0000] {processor.py:830} INFO - Processing file /opt/airflow/dags/data_extracter_dag.py for tasks to queue
[2026-09-16T08:29:18.496+0000] {logging_mixin.py:188} INFO - [2026-09-16T08:29:18.496+0000] {dagbag.py:545} INFO - Filling up the DagBag from /opt/airflow/dags/data_extracter_dag.py
[2026-09-16T08:29:18.510+0000] {processor.py:840} INFO - DAG(s) 'data_extraction' retrieved from /opt/airflow/dags/data_extracter_dag.py
[2026-09-16T08:29:18.542+0000] {logging_mixin.py:188} INFO - [2026-09-16T08:29:18.542+0000] {dag.py:3096} INFO - Sync 1 DAGs
[2026-09-16T08:29:18.554+0000] {logging_mixin.py:188} INFO - [2026-09-16T08:29:18.554+0000] {dag.py:3954} INFO - Setting next_dagrun for data_extraction to None, run_after=None
[2026-09-16T08:29:18.576+0000] {processor.py:183} INFO - Processing /opt/airflow/dags/data_extracter_dag.py took 0.093 seconds
[2026-09-16T08:29:49.022+0000] {processor.py:161} INFO - Started process (PID=69) to work on /opt/airflow/dags/data_extracter_dag.py
[2026-09-16T08:29:49.023+0000] {processor.py:830} INFO - Processing file /opt/airflow/dags/data_extracter_dag.py for tasks to queue
[2026-09-16T08:29:49.025+0000] {logging_mixin.py:188} INFO - [2026-09-16T08:29:49.024+0000] {dagbag.py:545} INFO - Filling up the DagBag from /opt/airflow/dags/data_extracter_dag.py
[2026-09-16T08:29:49.038+0000] {processor.py:840} INFO - DAG(s) 'data_extraction' retrieved from /opt/airflow/dags/data_extracter_dag.py
[2026-09-16T08:29:49.071+0000] {logging_mixin.py:188} INFO - [2026-09-16T08:29:49.071+0000] {dag.py:3096} INFO - Sync 1 DAGs
[2026-09-16T08:29:49.084+0000] {logging_mixin.py:188} INFO - [2026-09-16T08:29:49.083+0000] {dag.py:3954} INFO - Setting next_dagrun for data_extraction to None, run_after=None
[2026-09-16T08:29:49.101+0000] {processor.py:183} INFO - Processing /opt/airflow/dags/data_extracter_dag.py took 0.084 seconds
[2026-09-16T08:30:19.465+0000] {processor.py:161} INFO - Started process (PID=76) to work on /opt/airflow/dags/data_extracter_dag.py
[2026-09-16T08:30:19.467+0000] {processor.py:830} INFO - Processing file /opt/airflow/dags/data_extracter_dag.py for tasks to queue
[2026-09-16T08:30:19.470+0000] {logging_mixin.py:188} INFO - [2026-09-16T08:30:19.469+0000] {dagbag.py:545} INFO - Filling up the DagBag from /opt/airflow/dags/data_extracter_dag.py
[2026-09-16T08:30:19.488+0000] {processor.py:840} INFO - DAG(s) 'data_extraction' retrieved from /opt/airflow/dags/data_extracter_dag.py
[2026-09-16T08:30:19.520+0000] {logging_mixin.py:188} INFO - [2026-09-16T08:30:19.520+0000] {dag.py:3096} INFO - Sync 1 DAGs
[2026-09-16T08:30:19.533+0000] {logging_mixin.py:188} INFO - [2026-09-16T08:30:19.532+0000] {dag.py:3954} INFO - Setting next_dagrun for data_extraction to None, run_after=None
[2026-09-16T08:30:19.556+0000] {processor.py:183} INFO - Processing /opt/airflow/dags/data_extracter_dag.py took 0.100 seconds
[2026-09-16T08:30:50.276+0000] {processor.py:161} INFO - Started process (PID=83) to work on /opt/airflow/dags/data_extracter_dag.py
[2026-09-16T08:30:50.281+0000] {processor.py:830} INFO - Processing file /opt/airflow/dags/data_extracter_dag.py for tasks to queue
[2026-09-16T08:30:50.282+0000] {logging_mixin.py:188} INFO - [2026-09-16T08:30:50.282+0000] {dagbag.py:545} INFO - Filling up the DagBag from /opt/airflow/dags/data_extracter_dag.py
[2026-09-16T08:30:50.296+0000] {processor.py:840} INFO - DAG(s) 'data_extraction' retrieved from /opt/airflow/dags/data_extracter_dag.py
[2026-09-16T08:30:50.324+0000] {logging_mixin.py:188} INFO - [2026-09-16T08:30:50.324+0000] {dag.py:3096} INFO - Sync 1 DAGs
[2026-09-16T08:30:50.335+0000] {logging_mixin.py:188} INFO - [2026-09-16T08:30:50.335+0000] {dag.py:3954} INFO - Setting next_dagrun for data_extraction to None, run_after=None
[2026-09-16T08:30:50.357+0000] {processor.py:183} INFO - Processing /opt/airflow/dags/data_extracter_dag.py took 0.087 seconds
[2026-09-16T08:31:20.813+0000] {processor.py:161} INFO - Started process (PID=90) to work on /opt/airflow/dags/data_extracter_dag.py
[2026-09-16T08:31:20.818+0000] {processor.py:830} INFO - Processing file /opt/airflow/dags/data_extracter_dag.py for tasks to queue
[2026-09-16T08:31:20.819+0000] {logging_mixin.py:188} INFO - [2026-09-16T08:31:20.819+0000] {dagbag.py:545} INFO - Filling up the DagBag from /opt/airflow/dags/data_extracter_dag.py
[2026-09-16T08:31:20.831+0000] {processor.py:840} INFO - DAG(s) 'data_extraction' retrieved from /opt/airflow/dags/data_extracter_dag.py
[2026-09-16T08:31:20.860+0000] {logging_mixin.py:188} INFO - [2026-09-16T08:31:20.860+0000] {dag.py:3096} INFO - Sync 1 DAGs
[2026-09-16T08:31:20.872+0000] {logging_mixin.py:188} INFO - [2026-09-16T08:31:20.871+0000] {dag.py:3954} INFO - Setting next_dagrun for data_extraction to None, run_after=None
[2026-09-16T08:31:20.891+0000] {processor.py:183} INFO - Processing /opt/airflow/dags/data_extracter_dag.py took 0.085 seconds
[2026-09-16T08:31:51.438+0000] {processor.py:161} INFO - Started process (PID=97) to work on /opt/airflow/dags/data_extracter_dag.py
[2026-09-16T08:31:51.443+0000] {processor.py:830} INFO - Processing file /opt/airflow/dags/data_extracter_dag.py for tasks to queue
[2026-09-16T08:31:51.445+0000] {logging_mixin.py:188} INFO - [2026-09-16T08:31:51.445+0000] {dagbag.py:545} INFO - Filling up the DagBag from /opt/airflow/dags/data_extracter_dag.py
[2026-09-16T08:31:51.460+0000] {processor.py:840} INFO - DAG(s) 'data_extraction' retrieved from /opt/airflow/dags/data_extracter_dag.py
[2026-09-16T08:31:51.497+0000] {logging_mixin.py:188} INFO - [2026-09-16T08:31:51.497+0000] {dag.py:3096} INFO - Sync 1 DAGs
[2026-09-16T08:31:51.514+0000] {logging_mixin.py:188} INFO - [2026-09-16T08:31:51.513+0000] {dag.py:3954} INFO - Setting next_dagrun for data_extraction to None, run_after=None
[2026-09-16T08:31:51.538+0000] {processor.py:183} INFO - Processing /opt/airflow/dags/data_extracter_dag.py took 0.108 seconds
[2026-09-16T08:32:21.817+0000] {processor.py:161} INFO - Started process (PID=104) to work on /opt/airflow/dags/data_extracter_dag.py
[2026-09-16T08:32:21.822+0000] {processor.py:830} INFO - Processing file /opt/airflow/dags/data_extracter_dag.py for tasks to queue
[2026-09-16T08:32:21.824+0000] {logging_mixin.py:188} INFO - [2026-09-16T08:32:21.824+0000] {dagbag.py:545} INFO - Filling up the DagBag from /opt/airflow/dags/data_extracter_dag.py
[2026-09-16T08:32:21.836+0000] {processor.py:840} INFO - DAG(s) 'data_extraction' retrieved from /opt/airflow/dags/data_extracter_dag.py
[2026-09-16T08:32:21.865+0000] {logging_mixin.py:188} INFO - [2026-09-16T08:32:21.865+0000] {dag.py:3096} INFO - Sync 1 DAGs
[2026-09-16T08:32:21.875+0000] {logging_mixin.py:188} INFO - [2026-09-16T08:32:21.875+0000] {dag.py:3954} INFO - Setting next_dagrun for data_extraction to None, run_after=None
[2026-09-16T08:32:21.895+0000] {processor.py:183} INFO - Processing /opt/airflow/dags/data_extracter_dag.py took 0.083 seconds
[2026-09-16T08:32:52.773+0000] {processor.py:161} INFO - Started process (PID=111) to work on /opt/airflow/dags/data_extracter_dag.py
[2026-09-16T08:32:52.778+0000] {processor.py:830} INFO - Processing file /opt/airflow/dags/data_extracter_dag.py for tasks to queue
[2026-09-16T08:32:52.781+0000] {logging_mixin.py:188} INFO - [2026-09-16T08:32:52.781+0000] {dagbag.py:545} INFO - Filling up the DagBag from /opt/airflow/dags/data_extracter_dag.py
[2026-09-16T08:32:52.796+0000] {processor.py:840} INFO - DAG(s) 'data_extraction' retrieved from /opt/airflow/dags/data_extracter_dag.py
[2026-09-16T08:32:52.826+0000] {logging_mixin.py:188} INFO - [2026-09-16T08:32:52.825+0000] {dag.py:3096} INFO - Sync 1 DAGs
[2026-09-16T08:32:52.839+0000] {logging_mixin.py:188} INFO - [2026-09-16T08:32:52.838+0000] {dag.py:3954} INFO - Setting next_dagrun for data_extraction to None, run_after=None
[2026-09-16T08:32:52.860+0000] {processor.py:183} INFO - Processing /opt/airflow/dags/data_extracter_dag.py took 0.093 seconds
[2026-09-16T08:33:24.240+0000] {processor.py:161} INFO - Started process (PID=119) to work on /opt/airflow/dags/data_extracter_dag.py
[2026-09-16T08:33:24.245+0000] {processor.py:830} INFO - Processing file /opt/airflow/dags/data_extracter_dag.py for tasks to queue
[2026-09-16T08:33:24.247+0000] {logging_mixin.py:188} INFO - [2026-09-16T08:33:24.246+0000] {dagbag.py:545} INFO - Filling up the DagBag from /opt/airflow/dags/data_extracter_dag.py
[2026-09-16T08:33:24.260+0000] {processor.py:840} INFO - DAG(s) 'data_extraction' retrieved from /opt/airflow/dags/data_extracter_dag.py
[2026-09-16T08:33:24.292+0000] {logging_mixin.py:188} INFO - [2026-09-16T08:33:24.291+0000] {dag.py:3096} INFO - Sync 1 DAGs
[2026-09-16T08:33:24.304+0000] {logging_mixin.py:188} INFO - [2026-09-16T08:33:24.303+0000] {dag.py:3954} INFO - Setting next_dagrun for data_extraction to None, run_after=None
[2026-09-16T08:33:24.324+0000] {processor.py:183} INFO - Processing /opt/airflow/dags/data_extracter_dag.py took 0.089 seconds
[2026-09-16T08:33:56.804+0000] {processor.py:161} INFO - Started process (PID=126) to work on /opt/airflow/dags/data_extracter_dag.py
[2026-09-16T08:33:56.809+0000] {processor.py:830} INFO - Processing file /opt/airflow/dags/data_extracter_dag.py for tasks to queue
[2026-09-16T08:33:56.811+0000] {logging_mixin.py:188} INFO - [2026-09-16T08:33:56.810+0000] {dagbag.py:545} INFO - Filling up the DagBag from /opt/airflow/dags/data_extracter_dag.py
[2026-09-16T08:33:56.828+0000] {processor.py:840} INFO - DAG(s) 'data_extraction' retrieved from /opt/airflow/dags/data_extracter_dag.py
[2026-09-16T08:33:56.863+0000] {logging_mixin.py:188} INFO - [2026-09-16T08:33:56.862+0000] {dag.py:3096} INFO - Sync 1 DAGs
[2026-09-16T08:33:56.875+0000] {logging_mixin.py:188} INFO - [2026-09-16T08:33:56.875+0000] {dag.py:3954} INFO - Setting next_dagrun for data_extraction to None, run_after=None
[2026-09-16T08:33:56.900+0000] {processor.py:183} INFO - Processing /opt/airflow/dags/data_extracter_dag.py took 0.102 seconds
[2026-09-16T08:34:29.358+0000] {processor.py:161} INFO - Started process (PID=133) to work on /opt/airflow/dags/data_extracter_dag.py
[2026-09-16T08:34:29.363+0000] {processor.py:830} INFO - Processing file /opt/airflow/dags/data_extracter_dag.py for tasks to queue
[2026-09-16T08:34:29.365+0000] {logging_mixin.py:188} INFO - [2026-09-16T08:34:29.365+0000] {dagbag.py:545} INFO - Filling up the DagBag from /opt/airflow/dags/data_extracter_dag.py
[2026-09-16T08:34:29.378+0000] {processor.py:840} INFO - DAG(s) 'data_extraction' retrieved from /opt/airflow/dags/data_extracter_dag.py
[2026-09-16T08:34:29.409+0000] {logging_mixin.py:188} INFO - [2026-09-16T08:34:29.408+0000] {dag.py:3096} INFO - Sync 1 DAGs
[2026-09-16T08:34:29.419+0000] {logging_mixin.py:188} INFO - [2026-09-16T08:34:29.419+0000] {dag.py:3954} INFO - Setting next_dagrun for data_extraction to None, run_after=None
[2026-09-16T08:34:29.441+0000] {processor.py:183} INFO - Processing /opt/airflow/dags/data_extracter_dag.py took 0.089 seconds
[2026-09-16T08:35:00.983+0000] {processor.py:161} INFO - Started process (PID=141) to work on /opt/airflow/dags/data_extracter_dag.py
[2026-09-16T08:35:01.252+0000] {processor.py:830} INFO - Processing file /opt/airflow/dags/data_extracter_dag.py for tasks to queue
[2026-09-16T08:35:01.254+0000] {logging_mixin.py:188} INFO - [2026-09-16T08:35:01.254+0000] {dagbag.py:545} INFO - Filling up the DagBag from /opt/airflow/dags/data_extracter_dag.py
[2026-09-16T08:35:01.268+0000] {processor.py:840} INFO - DAG(s) 'data_extraction' retrieved from /opt/airflow/dags/data_extracter_dag.py
[2026-09-16T08:35:01.297+0000] {logging_mixin.py:188} INFO - [2026-09-16T08:35:01.297+0000] {dag.py:3096} INFO - Sync 1 DAGs
[2026-09-16T08:35:01.308+0000] {logging_mixin.py:188} INFO - [2026-09-16T08:35:01.308+0000] {dag.py:3954} INFO - Setting next_dagrun for data_extraction to None, run_after=None
[2026-09-16T08:35:01.535+0000] {processor.py:183} INFO - Processing /opt/airflow/dags/data_extracter_dag.py took 0.559 seconds
[2026-09-16T08:35:33.554+0000] {processor.py:161} INFO - Started process (PID=148) to work on /opt/airflow/dags/data_extracter_dag.py
[2026-09-16T08:35:33.562+0000] {processor.py:830} INFO - Processing file /opt/airflow/dags/data_extracter_dag.py for tasks to queue
[2026-09-16T08:35:33.564+0000] {logging_mixin.py:188} INFO - [2026-09-16T08:35:33.564+0000] {dagbag.py:545} INFO - Filling up the DagBag from /opt/airflow/dags/data_extracter_dag.py
[2026-09-16T08:35:33.584+0000] {processor.py:840} INFO - DAG(s) 'data_extraction' retrieved from /opt/airflow/dags/data_extracter_dag.py
[2026-09-16T08:35:33.628+0000] {logging_mixin.py:188} INFO - [2026-09-16T08:35:33.628+0000] {dag.py:3096} INFO - Sync 1 DAGs
[2026-09-16T08:35:33.645+0000] {logging_mixin.py:188} INFO - [2026-09-16T08:35:33.645+0000] {dag.py:3954} INFO - Setting next_dagrun for data_extraction to None, run_after=None
[2026-09-16T08:35:33.675+0000] {processor.py:183} INFO - Processing /opt/airflow/dags/data_extracter_dag.py took 0.134 seconds
[2026-09-16T08:36:06.220+0000] {processor.py:161} INFO - Started process (PID=155) to work on /opt/airflow/dags/data_extracter_dag.py
[2026-09-16T08:36:06.225+0000] {processor.py:830} INFO - Processing file /opt/airflow/dags/data_extracter_dag.py for tasks to queue
[2026-09-16T08:36:06.227+0000] {logging_mixin.py:188} INFO - [2026-09-16T08:36:06.227+0000] {dagbag.py:545} INFO - Filling up the DagBag from /opt/airflow/dags/data_extracter_dag.py
[2026-09-16T08:36:06.239+0000] {processor.py:840} INFO - DAG(s) 'data_extraction' retrieved from /opt/airflow/dags/data_extracter_dag.py
[2026-09-16T08:36:06.267+0000] {logging_mixin.py:188} INFO - [2026-09-16T08:36:06.267+0000] {dag.py:3096} INFO - Sync 1 DAGs
[2026-09-16T08:36:06.278+0000] {logging_mixin.py:188} INFO - [2026-09-16T08:36:06.278+0000] {dag.py:3954} INFO - Setting next_dagrun for data_extraction to None, run_after=None
[2026-09-16T08:36:06.299+0000] {processor.py:183} INFO - Processing /opt/airflow/dags/data_extracter_dag.py took 0.083 seconds
[2026-09-16T08:36:38.701+0000] {processor.py:161} INFO - Started process (PID=162) to work on /opt/airflow/dags/data_extracter_dag.py
[2026-09-16T08:36:38.706+0000] {processor.py:830} INFO - Processing file /opt/airflow/dags/data_extracter_dag.py for tasks to queue
[2026-09-16T08:36:38.708+0000] {logging_mixin.py:188} INFO - [2026-09-16T08:36:38.708+0000] {dagbag.py:545} INFO - Filling up the DagBag from /opt/airflow/dags/data_extracter_dag.py
[2026-09-16T08:36:38.723+0000] {processor.py:840} INFO - DAG(s) 'data_extraction' retrieved from /opt/airflow/dags/data_extracter_dag.py
[2026-09-16T08:36:38.757+0000] {logging_mixin.py:188} INFO - [2026-09-16T08:36:38.756+0000] {dag.py:3096} INFO - Sync 1 DAGs
[2026-09-16T08:36:38.769+0000] {logging_mixin.py:188} INFO - [2026-09-16T08:36:38.769+0000] {dag.py:3954} INFO - Setting next_dagrun for data_extraction to None, run_after=None
[2026-09-16T08:36:38.794+0000] {processor.py:183} INFO - Processing /opt/airflow/dags/data_extracter_dag.py took 0.098 seconds
[2026-09-16T08:37:11.535+0000] {processor.py:161} INFO - Started process (PID=169) to work on /opt/airflow/dags/data_extracter_dag.py
[2026-09-16T08:37:11.537+0000] {processor.py:830} INFO - Processing file /opt/airflow/dags/data_extracter_dag.py for tasks to queue
[2026-09-16T08:37:11.539+0000] {logging_mixin.py:188} INFO - [2026-09-16T08:37:11.539+0000] {dagbag.py:545} INFO - Filling up the DagBag from /opt/airflow/dags/data_extracter_dag.py
[2026-09-16T08:37:11.552+0000] {processor.py:840} INFO - DAG(s) 'data_extraction' retrieved from /opt/airflow/dags/data_extracter_dag.py
[2026-09-16T08:37:11.579+0000] {logging_mixin.py:188} INFO - [2026-09-16T08:37:11.579+0000] {dag.py:3096} INFO - Sync 1 DAGs
[2026-09-16T08:37:11.590+0000] {logging_mixin.py:188} INFO - [2026-09-16T08:37:11.589+0000] {dag.py:3954} INFO - Setting next_dagrun for data_extraction to None, run_after=None
[2026-09-16T08:37:11.609+0000] {processor.py:183} INFO - Processing /opt/airflow/dags/data_extracter_dag.py took 0.080 seconds
[2026-09-16T08:38:07.970+0000] {processor.py:161} INFO - Started process (PID=48) to work on /opt/airflow/dags/data_extracter_dag.py
[2026-09-16T08:38:07.972+0000] {processor.py:830} INFO - Processing file /opt/airflow/dags/data_extracter_dag.py for tasks to queue
[2026-09-16T08:38:07.974+0000] {logging_mixin.py:188} INFO - [2026-09-16T08:38:07.974+0000] {dagbag.py:545} INFO - Filling up the DagBag from /opt/airflow/dags/data_extracter_dag.py
[2026-09-16T08:38:08.001+0000] {processor.py:840} INFO - DAG(s) 'data_extraction' retrieved from /opt/airflow/dags/data_extracter_dag.py
[2026-09-16T08:38:08.215+0000] {logging_mixin.py:188} INFO - [2026-09-16T08:38:08.215+0000] {dag.py:3096} INFO - Sync 1 DAGs
[2026-09-16T08:38:08.224+0000] {logging_mixin.py:188} INFO - [2026-09-16T08:38:08.224+0000] {dag.py:3954} INFO - Setting next_dagrun for data_extraction to None, run_after=None
[2026-09-16T08:38:08.243+0000] {processor.py:183} INFO - Processing /opt/airflow/dags/data_extracter_dag.py took 0.281 seconds
[2026-09-16T08:38:38.626+0000] {processor.py:161} INFO - Started process (PID=55) to work on /opt/airflow/dags/data_extracter_dag.py
[2026-09-16T08:38:38.631+0000] {processor.py:830} INFO - Processing file /opt/airflow/dags/data_extracter_dag.py for tasks to queue
[2026-09-16T08:38:38.633+0000] {logging_mixin.py:188} INFO - [2026-09-16T08:38:38.633+0000] {dagbag.py:545} INFO - Filling up the DagBag from /opt/airflow/dags/data_extracter_dag.py
[2026-09-16T08:38:38.671+0000] {processor.py:840} INFO - DAG(s) 'data_extraction' retrieved from /opt/airflow/dags/data_extracter_dag.py
[2026-09-16T08:38:38.706+0000] {logging_mixin.py:188} INFO - [2026-09-16T08:38:38.706+0000] {dag.py:3096} INFO - Sync 1 DAGs
[2026-09-16T08:38:38.734+0000] {logging_mixin.py:188} INFO - [2026-09-16T08:38:38.733+0000] {dag.py:3954} INFO - Setting next_dagrun for data_extraction to None, run_after=None
[2026-09-16T08:38:38.753+0000] {processor.py:183} INFO - Processing /opt/airflow/dags/data_extracter_dag.py took 0.135 seconds
[2026-09-16T08:39:09.051+0000] {processor.py:161} INFO - Started process (PID=62) to work on /opt/airflow/dags/data_extracter_dag.py
[2026-09-16T08:39:09.052+0000] {processor.py:830} INFO - Processing file /opt/airflow/dags/data_extracter_dag.py for tasks to queue
[2026-09-16T08:39:09.054+0000] {logging_mixin.py:188} INFO - [2026-09-16T08:39:09.054+0000] {dagbag.py:545} INFO - Filling up the DagBag from /opt/airflow/dags/data_extracter_dag.py
[2026-09-16T08:39:09.069+0000] {processor.py:840} INFO - DAG(s) 'data_extraction' retrieved from /opt/airflow/dags/data_extracter_dag.py
[2026-09-16T08:39:09.098+0000] {logging_mixin.py:188} INFO - [2026-09-16T08:39:09.098+0000] {dag.py:3096} INFO - Sync 1 DAGs
[2026-09-16T08:39:09.108+0000] {logging_mixin.py:188} INFO - [2026-09-16T08:39:09.108+0000] {dag.py:3954} INFO - Setting next_dagrun for data_extraction to None, run_after=None
[2026-09-16T08:39:09.129+0000] {processor.py:183} INFO - Processing /opt/airflow/dags/data_extracter_dag.py took 0.085 seconds
[2026-09-16T08:39:39.874+0000] {processor.py:161} INFO - Started process (PID=69) to work on /opt/airflow/dags/data_extracter_dag.py
[2026-09-16T08:39:39.879+0000] {processor.py:830} INFO - Processing file /opt/airflow/dags/data_extracter_dag.py for tasks to queue
[2026-09-16T08:39:39.881+0000] {logging_mixin.py:188} INFO - [2026-09-16T08:39:39.881+0000] {dagbag.py:545} INFO - Filling up the DagBag from /opt/airflow/dags/data_extracter_dag.py
[2026-09-16T08:39:39.894+0000] {processor.py:840} INFO - DAG(s) 'data_extraction' retrieved from /opt/airflow/dags/data_extracter_dag.py
[2026-09-16T08:39:39.923+0000] {logging_mixin.py:188} INFO - [2026-09-16T08:39:39.923+0000] {dag.py:3096} INFO - Sync 1 DAGs
[2026-09-16T08:39:39.933+0000] {logging_mixin.py:188} INFO - [2026-09-16T08:39:39.932+0000] {dag.py:3954} INFO - Setting next_dagrun for data_extraction to None, run_after=None
[2026-09-16T08:39:39.951+0000] {processor.py:183} INFO - Processing /opt/airflow/dags/data_extracter_dag.py took 0.084 seconds
[2026-09-16T08:40:10.491+0000] {processor.py:161} INFO - Started process (PID=76) to work on /opt/airflow/dags/data_extracter_dag.py
[2026-09-16T08:40:10.496+0000] {processor.py:830} INFO - Processing file /opt/airflow/dags/data_extracter_dag.py for tasks to queue
[2026-09-16T08:40:10.498+0000] {logging_mixin.py:188} INFO - [2026-09-16T08:40:10.498+0000] {dagbag.py:545} INFO - Filling up the DagBag from /opt/airflow/dags/data_extracter_dag.py
[2026-09-16T08:40:10.512+0000] {processor.py:840} INFO - DAG(s) 'data_extraction' retrieved from /opt/airflow/dags/data_extracter_dag.py
[2026-09-16T08:40:10.542+0000] {logging_mixin.py:188} INFO - [2026-09-16T08:40:10.542+0000] {dag.py:3096} INFO - Sync 1 DAGs
[2026-09-16T08:40:10.552+0000] {logging_mixin.py:188} INFO - [2026-09-16T08:40:10.552+0000] {dag.py:3954} INFO - Setting next_dagrun for data_extraction to None, run_after=None
[2026-09-16T08:40:10.578+0000] {processor.py:183} INFO - Processing /opt/airflow/dags/data_extracter_dag.py took 0.095 seconds
[2026-09-16T08:40:41.047+0000] {processor.py:161} INFO - Started process (PID=83) to work on /opt/airflow/dags/data_extracter_dag.py
[2026-09-16T08:40:41.052+0000] {processor.py:830} INFO - Processing file /opt/airflow/dags/data_extracter_dag.py for tasks to queue
[2026-09-16T08:40:41.054+0000] {logging_mixin.py:188} INFO - [2026-09-16T08:40:41.054+0000] {dagbag.py:545} INFO - Filling up the DagBag from /opt/airflow/dags/data_extracter_dag.py
[2026-09-16T08:40:41.093+0000] {processor.py:840} INFO - DAG(s) 'data_extraction' retrieved from /opt/airflow/dags/data_extracter_dag.py
[2026-09-16T08:40:41.124+0000] {logging_mixin.py:188} INFO - [2026-09-16T08:40:41.124+0000] {dag.py:3096} INFO - Sync 1 DAGs
[2026-09-16T08:40:41.152+0000] {logging_mixin.py:188} INFO - [2026-09-16T08:40:41.152+0000] {dag.py:3954} INFO - Setting next_dagrun for data_extraction to None, run_after=None
[2026-09-16T08:40:41.179+0000] {processor.py:183} INFO - Processing /opt/airflow/dags/data_extracter_dag.py took 0.139 seconds
[2026-09-16T08:41:11.955+0000] {processor.py:161} INFO - Started process (PID=90) to work on /opt/airflow/dags/data_extracter_dag.py
[2026-09-16T08:41:11.960+0000] {processor.py:830} INFO - Processing file /opt/airflow/dags/data_extracter_dag.py for tasks to queue
[2026-09-16T08:41:11.961+0000] {logging_mixin.py:188} INFO - [2026-09-16T08:41:11.961+0000] {dagbag.py:545} INFO - Filling up the DagBag from /opt/airflow/dags/data_extracter_dag.py
[2026-09-16T08:41:11.972+0000] {processor.py:840} INFO - DAG(s) 'data_extraction' retrieved from /opt/airflow/dags/data_extracter_dag.py
[2026-09-16T08:41:11.999+0000] {logging_mixin.py:188} INFO - [2026-09-16T08:41:11.999+0000] {dag.py:3096} INFO - Sync 1 DAGs
[2026-09-16T08:41:12.010+0000] {logging_mixin.py:188} INFO - [2026-09-16T08:41:12.010+0000] {dag.py:3954} INFO - Setting next_dagrun for data_extraction to None, run_after=None
[2026-09-16T08:41:12.026+0000] {processor.py:183} INFO - Processing /opt/airflow/dags/data_extracter_dag.py took 0.077 seconds
[2026-09-16T08:41:42.629+0000] {processor.py:161} INFO - Started process (PID=97) to work on /opt/airflow/dags/data_extracter_dag.py
[2026-09-16T08:41:42.631+0000] {processor.py:830} INFO - Processing file /opt/airflow/dags/data_extracter_dag.py for tasks to queue
[2026-09-16T08:41:42.632+0000] {logging_mixin.py:188} INFO - [2026-09-16T08:41:42.632+0000] {dagbag.py:545} INFO - Filling up the DagBag from /opt/airflow/dags/data_extracter_dag.py
[2026-09-16T08:41:42.644+0000] {processor.py:840} INFO - DAG(s) 'data_extraction' retrieved from /opt/airflow/dags/data_extracter_dag.py
[2026-09-16T08:41:42.670+0000] {logging_mixin.py:188} INFO - [2026-09-16T08:41:42.670+0000] {dag.py:3096} INFO - Sync 1 DAGs
[2026-09-16T08:41:42.681+0000] {logging_mixin.py:188} INFO - [2026-09-16T08:41:42.680+0000] {dag.py:3954} INFO - Setting next_dagrun for data_extraction to None, run_after=None
[2026-09-16T08:41:42.702+0000] {processor.py:183} INFO - Processing /opt/airflow/dags/data_extracter_dag.py took 0.078 seconds
[2026-09-16T08:42:13.217+0000] {processor.py:161} INFO - Started process (PID=104) to work on /opt/airflow/dags/data_extracter_dag.py
[2026-09-16T08:42:13.221+0000] {processor.py:830} INFO - Processing file /opt/airflow/dags/data_extracter_dag.py for tasks to queue
[2026-09-16T08:42:13.223+0000] {logging_mixin.py:188} INFO - [2026-09-16T08:42:13.223+0000] {dagbag.py:545} INFO - Filling up the DagBag from /opt/airflow/dags/data_extracter_dag.py
[2026-09-16T08:42:13.233+0000] {processor.py:840} INFO - DAG(s) 'data_extraction' retrieved from /opt/airflow/dags/data_extracter_dag.py
[2026-09-16T08:42:13.262+0000] {logging_mixin.py:188} INFO - [2026-09-16T08:42:13.262+0000] {dag.py:3096} INFO - Sync 1 DAGs
[2026-09-16T08:42:13.273+0000] {logging_mixin.py:188} INFO - [2026-09-16T08:42:13.272+0000] {dag.py:3954} INFO - Setting next_dagrun for data_extraction to None, run_after=None
[2026-09-16T08:42:13.291+0000] {processor.py:183} INFO - Processing /opt/airflow/dags/data_extracter_dag.py took 0.080 seconds
[2026-09-16T08:42:43.881+0000] {processor.py:161} INFO - Started process (PID=111) to work on /opt/airflow/dags/data_extracter_dag.py
[2026-09-16T08:42:43.885+0000] {processor.py:830} INFO - Processing file /opt/airflow/dags/data_extracter_dag.py for tasks to queue
[2026-09-16T08:42:43.887+0000] {logging_mixin.py:188} INFO - [2026-09-16T08:42:43.887+0000] {dagbag.py:545} INFO - Filling up the DagBag from /opt/airflow/dags/data_extracter_dag.py
[2026-09-16T08:42:43.900+0000] {processor.py:840} INFO - DAG(s) 'data_extraction' retrieved from /opt/airflow/dags/data_extracter_dag.py
[2026-09-16T08:42:43.927+0000] {logging_mixin.py:188} INFO - [2026-09-16T08:42:43.927+0000] {dag.py:3096} INFO - Sync 1 DAGs
[2026-09-16T08:42:43.937+0000] {logging_mixin.py:188} INFO - [2026-09-16T08:42:43.937+0000] {dag.py:3954} INFO - Setting next_dagrun for data_extraction to None, run_after=None
[2026-09-16T08:42:43.958+0000] {processor.py:183} INFO - Processing /opt/airflow/dags/data_extracter_dag.py took 0.083 seconds
[2026-09-16T08:43:14.494+0000] {processor.py:161} INFO - Started process (PID=118) to work on /opt/airflow/dags/data_extracter_dag.py
[2026-09-16T08:43:14.499+0000] {processor.py:830} INFO - Processing file /opt/airflow/dags/data_extracter_dag.py for tasks to queue
[2026-09-16T08:43:14.501+0000] {logging_mixin.py:188} INFO - [2026-09-16T08:43:14.501+0000] {dagbag.py:545} INFO - Filling up the DagBag from /opt/airflow/dags/data_extracter_dag.py
[2026-09-16T08:43:14.514+0000] {processor.py:840} INFO - DAG(s) 'data_extraction' retrieved from /opt/airflow/dags/data_extracter_dag.py
[2026-09-16T08:43:14.543+0000] {logging_mixin.py:188} INFO - [2026-09-16T08:43:14.543+0000] {dag.py:3096} INFO - Sync 1 DAGs
[2026-09-16T08:43:14.556+0000] {logging_mixin.py:188} INFO - [2026-09-16T08:43:14.555+0000] {dag.py:3954} INFO - Setting next_dagrun for data_extraction to None, run_after=None
[2026-09-16T08:43:14.580+0000] {processor.py:183} INFO - Processing /opt/airflow/dags/data_extracter_dag.py took 0.094 seconds
[2026-09-16T08:43:45.252+0000] {processor.py:161} INFO - Started process (PID=125) to work on /opt/airflow/dags/data_extracter_dag.py
[2026-09-16T08:43:45.257+0000] {processor.py:830} INFO - Processing file /opt/airflow/dags/data_extracter_dag.py for tasks to queue
[2026-09-16T08:43:45.259+0000] {logging_mixin.py:188} INFO - [2026-09-16T08:43:45.259+0000] {dagbag.py:545} INFO - Filling up the DagBag from /opt/airflow/dags/data_extracter_dag.py
[2026-09-16T08:43:45.272+0000] {processor.py:840} INFO - DAG(s) 'data_extraction' retrieved from /opt/airflow/dags/data_extracter_dag.py
[2026-09-16T08:43:45.304+0000] {logging_mixin.py:188} INFO - [2026-09-16T08:43:45.304+0000] {dag.py:3096} INFO - Sync 1 DAGs
[2026-09-16T08:43:45.316+0000] {logging_mixin.py:188} INFO - [2026-09-16T08:43:45.316+0000] {dag.py:3954} INFO - Setting next_dagrun for data_extraction to None, run_after=None
[2026-09-16T08:43:45.339+0000] {processor.py:183} INFO - Processing /opt/airflow/dags/data_extracter_dag.py took 0.092 seconds
[2026-09-16T08:44:15.885+0000] {processor.py:161} INFO - Started process (PID=132) to work on /opt/airflow/dags/data_extracter_dag.py
[2026-09-16T08:44:15.890+0000] {processor.py:830} INFO - Processing file /opt/airflow/dags/data_extracter_dag.py for tasks to queue
[2026-09-16T08:44:15.892+0000] {logging_mixin.py:188} INFO - [2026-09-16T08:44:15.891+0000] {dagbag.py:545} INFO - Filling up the DagBag from /opt/airflow/dags/data_extracter_dag.py
[2026-09-16T08:44:15.905+0000] {processor.py:840} INFO - DAG(s) 'data_extraction' retrieved from /opt/airflow/dags/data_extracter_dag.py
[2026-09-16T08:44:15.933+0000] {logging_mixin.py:188} INFO - [2026-09-16T08:44:15.933+0000] {dag.py:3096} INFO - Sync 1 DAGs
[2026-09-16T08:44:15.944+0000] {logging_mixin.py:188} INFO - [2026-09-16T08:44:15.943+0000] {dag.py:3954} INFO - Setting next_dagrun for data_extraction to None, run_after=None
[2026-09-16T08:44:15.963+0000] {processor.py:183} INFO - Processing /opt/airflow/dags/data_extracter_dag.py took 0.084 seconds
[2026-09-16T08:44:46.513+0000] {processor.py:161} INFO - Started process (PID=139) to work on /opt/airflow/dags/data_extracter_dag.py
[2026-09-16T08:44:46.514+0000] {processor.py:830} INFO - Processing file /opt/airflow/dags/data_extracter_dag.py for tasks to queue
[2026-09-16T08:44:46.516+0000] {logging_mixin.py:188} INFO - [2026-09-16T08:44:46.516+0000] {dagbag.py:545} INFO - Filling up the DagBag from /opt/airflow/dags/data_extracter_dag.py
[2026-09-16T08:44:46.530+0000] {processor.py:840} INFO - DAG(s) 'data_extraction' retrieved from /opt/airflow/dags/data_extracter_dag.py
[2026-09-16T08:44:46.570+0000] {logging_mixin.py:188} INFO - [2026-09-16T08:44:46.569+0000] {dag.py:3096} INFO - Sync 1 DAGs
[2026-09-16T08:44:46.586+0000] {logging_mixin.py:188} INFO - [2026-09-16T08:44:46.586+0000] {dag.py:3954} INFO - Setting next_dagrun for data_extraction to None, run_after=None
[2026-09-16T08:44:46.615+0000] {processor.py:183} INFO - Processing /opt/airflow/dags/data_extracter_dag.py took 0.107 seconds
[2026-09-16T08:45:18.240+0000] {processor.py:161} INFO - Started process (PID=146) to work on /opt/airflow/dags/data_extracter_dag.py
[2026-09-16T08:45:18.245+0000] {processor.py:830} INFO - Processing file /opt/airflow/dags/data_extracter_dag.py for tasks to queue
[2026-09-16T08:45:18.247+0000] {logging_mixin.py:188} INFO - [2026-09-16T08:45:18.247+0000] {dagbag.py:545} INFO - Filling up the DagBag from /opt/airflow/dags/data_extracter_dag.py
[2026-09-16T08:45:18.259+0000] {processor.py:840} INFO - DAG(s) 'data_extraction' retrieved from /opt/airflow/dags/data_extracter_dag.py
[2026-09-16T08:45:18.287+0000] {logging_mixin.py:188} INFO - [2026-09-16T08:45:18.287+0000] {dag.py:3096} INFO - Sync 1 DAGs
[2026-09-16T08:45:18.297+0000] {logging_mixin.py:188} INFO - [2026-09-16T08:45:18.297+0000] {dag.py:3954} INFO - Setting next_dagrun for data_extraction to None, run_after=None
[2026-09-16T08:45:18.317+0000] {processor.py:183} INFO - Processing /opt/airflow/dags/data_extracter_dag.py took 0.084 seconds
[2026-09-16T08:45:50.921+0000] {processor.py:161} INFO - Started process (PID=153) to work on /opt/airflow/dags/data_extracter_dag.py
[2026-09-16T08:45:50.926+0000] {processor.py:830} INFO - Processing file /opt/airflow/dags/data_extracter_dag.py for tasks to queue
[2026-09-16T08:45:50.927+0000] {logging_mixin.py:188} INFO - [2026-09-16T08:45:50.927+0000] {dagbag.py:545} INFO - Filling up the DagBag from /opt/airflow/dags/data_extracter_dag.py
[2026-09-16T08:45:50.938+0000] {processor.py:840} INFO - DAG(s) 'data_extraction' retrieved from /opt/airflow/dags/data_extracter_dag.py
[2026-09-16T08:45:50.963+0000] {logging_mixin.py:188} INFO - [2026-09-16T08:45:50.963+0000] {dag.py:3096} INFO - Sync 1 DAGs
[2026-09-16T08:45:50.973+0000] {logging_mixin.py:188} INFO - [2026-09-16T08:45:50.973+0000] {dag.py:3954} INFO - Setting next_dagrun for data_extraction to None, run_after=None
[2026-09-16T08:45:50.995+0000] {processor.py:183} INFO - Processing /opt/airflow/dags/data_extracter_dag.py took 0.079 seconds
[2026-09-16T08:46:23.612+0000] {processor.py:161} INFO - Started process (PID=160) to work on /opt/airflow/dags/data_extracter_dag.py
[2026-09-16T08:46:23.614+0000] {processor.py:830} INFO - Processing file /opt/airflow/dags/data_extracter_dag.py for tasks to queue
[2026-09-16T08:46:23.615+0000] {logging_mixin.py:188} INFO - [2026-09-16T08:46:23.615+0000] {dagbag.py:545} INFO - Filling up the DagBag from /opt/airflow/dags/data_extracter_dag.py
[2026-09-16T08:46:23.627+0000] {processor.py:840} INFO - DAG(s) 'data_extraction' retrieved from /opt/airflow/dags/data_extracter_dag.py
[2026-09-16T08:46:23.656+0000] {logging_mixin.py:188} INFO - [2026-09-16T08:46:23.656+0000] {dag.py:3096} INFO - Sync 1 DAGs
[2026-09-16T08:46:23.667+0000] {logging_mixin.py:188} INFO - [2026-09-16T08:46:23.667+0000] {dag.py:3954} INFO - Setting next_dagrun for data_extraction to None, run_after=None
[2026-09-16T08:46:23.687+0000] {processor.py:183} INFO - Processing /opt/airflow/dags/data_extracter_dag.py took 0.081 seconds
[2026-09-16T08:46:56.180+0000] {processor.py:161} INFO - Started process (PID=167) to work on /opt/airflow/dags/data_extracter_dag.py
[2026-09-16T08:46:56.185+0000] {processor.py:830} INFO - Processing file /opt/airflow/dags/data_extracter_dag.py for tasks to queue
[2026-09-16T08:46:56.187+0000] {logging_mixin.py:188} INFO - [2026-09-16T08:46:56.186+0000] {dagbag.py:545} INFO - Filling up the DagBag from /opt/airflow/dags/data_extracter_dag.py
[2026-09-16T08:46:56.206+0000] {processor.py:840} INFO - DAG(s) 'data_extraction' retrieved from /opt/airflow/dags/data_extracter_dag.py
[2026-09-16T08:46:56.235+0000] {logging_mixin.py:188} INFO - [2026-09-16T08:46:56.235+0000] {dag.py:3096} INFO - Sync 1 DAGs
[2026-09-16T08:46:56.245+0000] {logging_mixin.py:188} INFO - [2026-09-16T08:46:56.245+0000] {dag.py:3954} INFO - Setting next_dagrun for data_extraction to None, run_after=None
[2026-09-16T08:46:56.268+0000] {processor.py:183} INFO - Processing /opt/airflow/dags/data_extracter_dag.py took 0.094 seconds
[2026-09-16T08:47:27.661+0000] {processor.py:161} INFO - Started process (PID=174) to work on /opt/airflow/dags/data_extracter_dag.py
[2026-09-16T08:47:27.666+0000] {processor.py:830} INFO - Processing file /opt/airflow/dags/data_extracter_dag.py for tasks to queue
[2026-09-16T08:47:27.667+0000] {logging_mixin.py:188} INFO - [2026-09-16T08:47:27.667+0000] {dagbag.py:545} INFO - Filling up the DagBag from /opt/airflow/dags/data_extracter_dag.py
[2026-09-16T08:47:27.682+0000] {processor.py:840} INFO - DAG(s) 'data_extraction' retrieved from /opt/airflow/dags/data_extracter_dag.py
[2026-09-16T08:47:27.717+0000] {logging_mixin.py:188} INFO - [2026-09-16T08:47:27.717+0000] {dag.py:3096} INFO - Sync 1 DAGs
[2026-09-16T08:47:27.729+0000] {logging_mixin.py:188} INFO - [2026-09-16T08:47:27.729+0000] {dag.py:3954} INFO - Setting next_dagrun for data_extraction to None, run_after=None
[2026-09-16T08:47:27.753+0000] {processor.py:183} INFO - Processing /opt/airflow/dags/data_extracter_dag.py took 0.098 seconds
[2026-09-16T08:48:00.513+0000] {processor.py:161} INFO - Started process (PID=181) to work on /opt/airflow/dags/data_extracter_dag.py
[2026-09-16T08:48:00.518+0000] {processor.py:830} INFO - Processing file /opt/airflow/dags/data_extracter_dag.py for tasks to queue
[2026-09-16T08:48:00.520+0000] {logging_mixin.py:188} INFO - [2026-09-16T08:48:00.519+0000] {dagbag.py:545} INFO - Filling up the DagBag from /opt/airflow/dags/data_extracter_dag.py
[2026-09-16T08:48:00.531+0000] {processor.py:840} INFO - DAG(s) 'data_extraction' retrieved from /opt/airflow/dags/data_extracter_dag.py
[2026-09-16T08:48:00.558+0000] {logging_mixin.py:188} INFO - [2026-09-16T08:48:00.558+0000] {dag.py:3096} INFO - Sync 1 DAGs
[2026-09-16T08:48:00.568+0000] {logging_mixin.py:188} INFO - [2026-09-16T08:48:00.567+0000] {dag.py:3954} INFO - Setting next_dagrun for data_extraction to None, run_after=None
[2026-09-16T08:48:00.588+0000] {processor.py:183} INFO - Processing /opt/airflow/dags/data_extracter_dag.py took 0.080 seconds
[2026-09-16T08:48:33.099+0000] {processor.py:161} INFO - Started process (PID=188) to work on /opt/airflow/dags/data_extracter_dag.py
[2026-09-16T08:48:33.104+0000] {processor.py:830} INFO - Processing file /opt/airflow/dags/data_extracter_dag.py for tasks to queue
[2026-09-16T08:48:33.105+0000] {logging_mixin.py:188} INFO - [2026-09-16T08:48:33.105+0000] {dagbag.py:545} INFO - Filling up the DagBag from /opt/airflow/dags/data_extracter_dag.py
[2026-09-16T08:48:33.115+0000] {processor.py:840} INFO - DAG(s) 'data_extraction' retrieved from /opt/airflow/dags/data_extracter_dag.py
[2026-09-16T08:48:33.141+0000] {logging_mixin.py:188} INFO - [2026-09-16T08:48:33.141+0000] {dag.py:3096} INFO - Sync 1 DAGs
[2026-09-16T08:48:33.150+0000] {logging_mixin.py:188} INFO - [2026-09-16T08:48:33.149+0000] {dag.py:3954} INFO - Setting next_dagrun for data_extraction to None, run_after=None
[2026-09-16T08:48:33.168+0000] {processor.py:183} INFO - Processing /opt/airflow/dags/data_extracter_dag.py took 0.075 seconds
[2026-09-16T08:49:05.700+0000] {processor.py:161} INFO - Started process (PID=195) to work on /opt/airflow/dags/data_extracter_dag.py
[2026-09-16T08:49:05.706+0000] {processor.py:830} INFO - Processing file /opt/airflow/dags/data_extracter_dag.py for tasks to queue
[2026-09-16T08:49:05.708+0000] {logging_mixin.py:188} INFO - [2026-09-16T08:49:05.708+0000] {dagbag.py:545} INFO - Filling up the DagBag from /opt/airflow/dags/data_extracter_dag.py
[2026-09-16T08:49:05.727+0000] {processor.py:840} INFO - DAG(s) 'data_extraction' retrieved from /opt/airflow/dags/data_extracter_dag.py
[2026-09-16T08:49:05.758+0000] {logging_mixin.py:188} INFO - [2026-09-16T08:49:05.758+0000] {dag.py:3096} INFO - Sync 1 DAGs
[2026-09-16T08:49:05.770+0000] {logging_mixin.py:188} INFO - [2026-09-16T08:49:05.770+0000] {dag.py:3954} INFO - Setting next_dagrun for data_extraction to None, run_after=None
[2026-09-16T08:49:05.793+0000] {processor.py:183} INFO - Processing /opt/airflow/dags/data_extracter_dag.py took 0.103 seconds
[2026-09-16T08:49:38.252+0000] {processor.py:161} INFO - Started process (PID=202) to work on /opt/airflow/dags/data_extracter_dag.py
[2026-09-16T08:49:38.256+0000] {processor.py:830} INFO - Processing file /opt/airflow/dags/data_extracter_dag.py for tasks to queue
[2026-09-16T08:49:38.258+0000] {logging_mixin.py:188} INFO - [2026-09-16T08:49:38.258+0000] {dagbag.py:545} INFO - Filling up the DagBag from /opt/airflow/dags/data_extracter_dag.py
[2026-09-16T08:49:38.269+0000] {processor.py:840} INFO - DAG(s) 'data_extraction' retrieved from /opt/airflow/dags/data_extracter_dag.py
[2026-09-16T08:49:38.296+0000] {logging_mixin.py:188} INFO - [2026-09-16T08:49:38.296+0000] {dag.py:3096} INFO - Sync 1 DAGs
[2026-09-16T08:49:38.307+0000] {logging_mixin.py:188} INFO - [2026-09-16T08:49:38.306+0000] {dag.py:3954} INFO - Setting next_dagrun for data_extraction to None, run_after=None
[2026-09-16T08:49:38.327+0000] {processor.py:183} INFO - Processing /opt/airflow/dags/data_extracter_dag.py took 0.081 seconds
[2026-09-16T08:50:10.925+0000] {processor.py:161} INFO - Started process (PID=209) to work on /opt/airflow/dags/data_extracter_dag.py
[2026-09-16T08:50:10.929+0000] {processor.py:830} INFO - Processing file /opt/airflow/dags/data_extracter_dag.py for tasks to queue
[2026-09-16T08:50:10.931+0000] {logging_mixin.py:188} INFO - [2026-09-16T08:50:10.931+0000] {dagbag.py:545} INFO - Filling up the DagBag from /opt/airflow/dags/data_extracter_dag.py
[2026-09-16T08:50:10.943+0000] {processor.py:840} INFO - DAG(s) 'data_extraction' retrieved from /opt/airflow/dags/data_extracter_dag.py
[2026-09-16T08:50:10.970+0000] {logging_mixin.py:188} INFO - [2026-09-16T08:50:10.970+0000] {dag.py:3096} INFO - Sync 1 DAGs
[2026-09-16T08:50:10.980+0000] {logging_mixin.py:188} INFO - [2026-09-16T08:50:10.980+0000] {dag.py:3954} INFO - Setting next_dagrun for data_extraction to None, run_after=None
[2026-09-16T08:50:11.000+0000] {processor.py:183} INFO - Processing /opt/airflow/dags/data_extracter_dag.py took 0.081 seconds
[2026-09-16T08:50:42.518+0000] {processor.py:161} INFO - Started process (PID=210) to work on /opt/airflow/dags/data_extracter_dag.py
[2026-09-16T08:50:42.523+0000] {processor.py:830} INFO - Processing file /opt/airflow/dags/data_extracter_dag.py for tasks to queue
[2026-09-16T08:50:42.525+0000] {logging_mixin.py:188} INFO - [2026-09-16T08:50:42.524+0000] {dagbag.py:545} INFO - Filling up the DagBag from /opt/airflow/dags/data_extracter_dag.py
[2026-09-16T08:50:42.535+0000] {processor.py:840} INFO - DAG(s) 'data_extraction' retrieved from /opt/airflow/dags/data_extracter_dag.py
[2026-09-16T08:50:42.564+0000] {logging_mixin.py:188} INFO - [2026-09-16T08:50:42.563+0000] {dag.py:3096} INFO - Sync 1 DAGs
[2026-09-16T08:50:42.574+0000] {logging_mixin.py:188} INFO - [2026-09-16T08:50:42.574+0000] {dag.py:3954} INFO - Setting next_dagrun for data_extraction to None, run_after=None
[2026-09-16T08:50:42.593+0000] {processor.py:183} INFO - Processing /opt/airflow/dags/data_extracter_dag.py took 0.081 seconds
[2026-09-16T08:51:15.144+0000] {processor.py:161} INFO - Started process (PID=217) to work on /opt/airflow/dags/data_extracter_dag.py
[2026-09-16T08:51:15.149+0000] {processor.py:830} INFO - Processing file /opt/airflow/dags/data_extracter_dag.py for tasks to queue
[2026-09-16T08:51:15.150+0000] {logging_mixin.py:188} INFO - [2026-09-16T08:51:15.150+0000] {dagbag.py:545} INFO - Filling up the DagBag from /opt/airflow/dags/data_extracter_dag.py
[2026-09-16T08:51:15.161+0000] {processor.py:840} INFO - DAG(s) 'data_extraction' retrieved from /opt/airflow/dags/data_extracter_dag.py
[2026-09-16T08:51:15.193+0000] {logging_mixin.py:188} INFO - [2026-09-16T08:51:15.193+0000] {dag.py:3096} INFO - Sync 1 DAGs
[2026-09-16T08:51:15.203+0000] {logging_mixin.py:188} INFO - [2026-09-16T08:51:15.203+0000] {dag.py:3954} INFO - Setting next_dagrun for data_extraction to None, run_after=None
[2026-09-16T08:51:15.223+0000] {processor.py:183} INFO - Processing /opt/airflow/dags/data_extracter_dag.py took 0.084 seconds
[2026-09-16T08:51:47.711+0000] {processor.py:161} INFO - Started process (PID=230) to work on /opt/airflow/dags/data_extracter_dag.py
[2026-09-16T08:51:47.715+0000] {processor.py:830} INFO - Processing file /opt/airflow/dags/data_extracter_dag.py for tasks to queue
[2026-09-16T08:51:47.717+0000] {logging_mixin.py:188} INFO - [2026-09-16T08:51:47.717+0000] {dagbag.py:545} INFO - Filling up the DagBag from /opt/airflow/dags/data_extracter_dag.py
[2026-09-16T08:51:47.729+0000] {processor.py:840} INFO - DAG(s) 'data_extraction' retrieved from /opt/airflow/dags/data_extracter_dag.py
[2026-09-16T08:51:47.758+0000] {logging_mixin.py:188} INFO - [2026-09-16T08:51:47.758+0000] {dag.py:3096} INFO - Sync 1 DAGs
[2026-09-16T08:51:47.769+0000] {logging_mixin.py:188} INFO - [2026-09-16T08:51:47.769+0000] {dag.py:3954} INFO - Setting next_dagrun for data_extraction to None, run_after=None
[2026-09-16T08:51:47.787+0000] {processor.py:183} INFO - Processing /opt/airflow/dags/data_extracter_dag.py took 0.083 seconds
[2026-09-16T08:52:20.370+0000] {processor.py:161} INFO - Started process (PID=237) to work on /opt/airflow/dags/data_extracter_dag.py
[2026-09-16T08:52:20.374+0000] {processor.py:830} INFO - Processing file /opt/airflow/dags/data_extracter_dag.py for tasks to queue
[2026-09-16T08:52:20.376+0000] {logging_mixin.py:188} INFO - [2026-09-16T08:52:20.376+0000] {dagbag.py:545} INFO - Filling up the DagBag from /opt/airflow/dags/data_extracter_dag.py
[2026-09-16T08:52:20.389+0000] {processor.py:840} INFO - DAG(s) 'data_extraction' retrieved from /opt/airflow/dags/data_extracter_dag.py
[2026-09-16T08:52:20.416+0000] {logging_mixin.py:188} INFO - [2026-09-16T08:52:20.416+0000] {dag.py:3096} INFO - Sync 1 DAGs
[2026-09-16T08:52:20.426+0000] {logging_mixin.py:188} INFO - [2026-09-16T08:52:20.425+0000] {dag.py:3954} INFO - Setting next_dagrun for data_extraction to None, run_after=None
[2026-09-16T08:52:20.449+0000] {processor.py:183} INFO - Processing /opt/airflow/dags/data_extracter_dag.py took 0.084 seconds
[2026-09-16T08:52:52.949+0000] {processor.py:161} INFO - Started process (PID=244) to work on /opt/airflow/dags/data_extracter_dag.py
[2026-09-16T08:52:52.951+0000] {processor.py:830} INFO - Processing file /opt/airflow/dags/data_extracter_dag.py for tasks to queue
[2026-09-16T08:52:52.952+0000] {logging_mixin.py:188} INFO - [2026-09-16T08:52:52.952+0000] {dagbag.py:545} INFO - Filling up the DagBag from /opt/airflow/dags/data_extracter_dag.py
[2026-09-16T08:52:52.964+0000] {processor.py:840} INFO - DAG(s) 'data_extraction' retrieved from /opt/airflow/dags/data_extracter_dag.py
[2026-09-16T08:52:52.995+0000] {logging_mixin.py:188} INFO - [2026-09-16T08:52:52.995+0000] {dag.py:3096} INFO - Sync 1 DAGs
[2026-09-16T08:52:53.008+0000] {logging_mixin.py:188} INFO - [2026-09-16T08:52:53.008+0000] {dag.py:3954} INFO - Setting next_dagrun for data_extraction to None, run_after=None
[2026-09-16T08:52:53.026+0000] {processor.py:183} INFO - Processing /opt/airflow/dags/data_extracter_dag.py took 0.083 seconds
[2026-09-16T08:53:24.554+0000] {processor.py:161} INFO - Started process (PID=245) to work on /opt/airflow/dags/data_extracter_dag.py
[2026-09-16T08:53:24.555+0000] {processor.py:830} INFO - Processing file /opt/airflow/dags/data_extracter_dag.py for tasks to queue
[2026-09-16T08:53:24.557+0000] {logging_mixin.py:188} INFO - [2026-09-16T08:53:24.556+0000] {dagbag.py:545} INFO - Filling up the DagBag from /opt/airflow/dags/data_extracter_dag.py
[2026-09-16T08:53:24.569+0000] {processor.py:840} INFO - DAG(s) 'data_extraction' retrieved from /opt/airflow/dags/data_extracter_dag.py
[2026-09-16T08:53:24.599+0000] {logging_mixin.py:188} INFO - [2026-09-16T08:53:24.599+0000] {dag.py:3096} INFO - Sync 1 DAGs
[2026-09-16T08:53:24.611+0000] {logging_mixin.py:188} INFO - [2026-09-16T08:53:24.611+0000] {dag.py:3954} INFO - Setting next_dagrun for data_extraction to None, run_after=None
[2026-09-16T08:53:24.636+0000] {processor.py:183} INFO - Processing /opt/airflow/dags/data_extracter_dag.py took 0.088 seconds
[2026-09-16T08:53:57.118+0000] {processor.py:161} INFO - Started process (PID=252) to work on /opt/airflow/dags/data_extracter_dag.py
[2026-09-16T08:53:57.119+0000] {processor.py:830} INFO - Processing file /opt/airflow/dags/data_extracter_dag.py for tasks to queue
[2026-09-16T08:53:57.122+0000] {logging_mixin.py:188} INFO - [2026-09-16T08:53:57.121+0000] {dagbag.py:545} INFO - Filling up the DagBag from /opt/airflow/dags/data_extracter_dag.py
[2026-09-16T08:53:57.135+0000] {processor.py:840} INFO - DAG(s) 'data_extraction' retrieved from /opt/airflow/dags/data_extracter_dag.py
[2026-09-16T08:53:57.164+0000] {logging_mixin.py:188} INFO - [2026-09-16T08:53:57.163+0000] {dag.py:3096} INFO - Sync 1 DAGs
[2026-09-16T08:53:57.175+0000] {logging_mixin.py:188} INFO - [2026-09-16T08:53:57.174+0000] {dag.py:3954} INFO - Setting next_dagrun for data_extraction to None, run_after=None
[2026-09-16T08:53:57.192+0000] {processor.py:183} INFO - Processing /opt/airflow/dags/data_extracter_dag.py took 0.080 seconds
[2026-09-16T08:59:34.086+0000] {processor.py:161} INFO - Started process (PID=259) to work on /opt/airflow/dags/data_extracter_dag.py
[2026-09-16T08:59:34.087+0000] {processor.py:830} INFO - Processing file /opt/airflow/dags/data_extracter_dag.py for tasks to queue
[2026-09-16T08:59:34.088+0000] {logging_mixin.py:188} INFO - [2026-09-16T08:59:34.088+0000] {dagbag.py:545} INFO - Filling up the DagBag from /opt/airflow/dags/data_extracter_dag.py
[2026-09-16T08:59:34.103+0000] {processor.py:840} INFO - DAG(s) 'data_extraction' retrieved from /opt/airflow/dags/data_extracter_dag.py
[2026-09-16T08:59:34.141+0000] {logging_mixin.py:188} INFO - [2026-09-16T08:59:34.141+0000] {dag.py:3096} INFO - Sync 1 DAGs
[2026-09-16T08:59:34.157+0000] {logging_mixin.py:188} INFO - [2026-09-16T08:59:34.157+0000] {dag.py:3954} INFO - Setting next_dagrun for data_extraction to None, run_after=None
[2026-09-16T08:59:34.180+0000] {processor.py:183} INFO - Processing /opt/airflow/dags/data_extracter_dag.py took 0.102 seconds
[2026-09-16T09:00:04.287+0000] {processor.py:161} INFO - Started process (PID=266) to work on /opt/airflow/dags/data_extracter_dag.py
[2026-09-16T09:00:04.288+0000] {processor.py:830} INFO - Processing file /opt/airflow/dags/data_extracter_dag.py for tasks to queue
[2026-09-16T09:00:04.290+0000] {logging_mixin.py:188} INFO - [2026-09-16T09:00:04.290+0000] {dagbag.py:545} INFO - Filling up the DagBag from /opt/airflow/dags/data_extracter_dag.py
[2026-09-16T09:00:04.305+0000] {processor.py:840} INFO - DAG(s) 'data_extraction' retrieved from /opt/airflow/dags/data_extracter_dag.py
[2026-09-16T09:00:04.333+0000] {logging_mixin.py:188} INFO - [2026-09-16T09:00:04.333+0000] {dag.py:3096} INFO - Sync 1 DAGs
[2026-09-16T09:00:04.348+0000] {logging_mixin.py:188} INFO - [2026-09-16T09:00:04.348+0000] {dag.py:3954} INFO - Setting next_dagrun for data_extraction to None, run_after=None
[2026-09-16T09:00:04.370+0000] {processor.py:183} INFO - Processing /opt/airflow/dags/data_extracter_dag.py took 0.088 seconds
[2026-09-16T09:00:34.563+0000] {processor.py:161} INFO - Started process (PID=273) to work on /opt/airflow/dags/data_extracter_dag.py
[2026-09-16T09:00:34.568+0000] {processor.py:830} INFO - Processing file /opt/airflow/dags/data_extracter_dag.py for tasks to queue
[2026-09-16T09:00:34.569+0000] {logging_mixin.py:188} INFO - [2026-09-16T09:00:34.569+0000] {dagbag.py:545} INFO - Filling up the DagBag from /opt/airflow/dags/data_extracter_dag.py
[2026-09-16T09:00:34.582+0000] {processor.py:840} INFO - DAG(s) 'data_extraction' retrieved from /opt/airflow/dags/data_extracter_dag.py
[2026-09-16T09:00:34.610+0000] {logging_mixin.py:188} INFO - [2026-09-16T09:00:34.610+0000] {dag.py:3096} INFO - Sync 1 DAGs
[2026-09-16T09:00:34.620+0000] {logging_mixin.py:188} INFO - [2026-09-16T09:00:34.620+0000] {dag.py:3954} INFO - Setting next_dagrun for data_extraction to None, run_after=None
[2026-09-16T09:00:34.639+0000] {processor.py:183} INFO - Processing /opt/airflow/dags/data_extracter_dag.py took 0.082 seconds
[2026-09-16T09:01:04.804+0000] {processor.py:161} INFO - Started process (PID=280) to work on /opt/airflow/dags/data_extracter_dag.py
[2026-09-16T09:01:04.809+0000] {processor.py:830} INFO - Processing file /opt/airflow/dags/data_extracter_dag.py for tasks to queue
[2026-09-16T09:01:04.812+0000] {logging_mixin.py:188} INFO - [2026-09-16T09:01:04.811+0000] {dagbag.py:545} INFO - Filling up the DagBag from /opt/airflow/dags/data_extracter_dag.py
[2026-09-16T09:01:04.825+0000] {processor.py:840} INFO - DAG(s) 'data_extraction' retrieved from /opt/airflow/dags/data_extracter_dag.py
[2026-09-16T09:01:04.853+0000] {logging_mixin.py:188} INFO - [2026-09-16T09:01:04.853+0000] {dag.py:3096} INFO - Sync 1 DAGs
[2026-09-16T09:01:04.863+0000] {logging_mixin.py:188} INFO - [2026-09-16T09:01:04.863+0000] {dag.py:3954} INFO - Setting next_dagrun for data_extraction to None, run_after=None
[2026-09-16T09:01:04.883+0000] {processor.py:183} INFO - Processing /opt/airflow/dags/data_extracter_dag.py took 0.084 seconds
[2026-09-16T09:01:35.101+0000] {processor.py:161} INFO - Started process (PID=287) to work on /opt/airflow/dags/data_extracter_dag.py
[2026-09-16T09:01:35.106+0000] {processor.py:830} INFO - Processing file /opt/airflow/dags/data_extracter_dag.py for tasks to queue
[2026-09-16T09:01:35.108+0000] {logging_mixin.py:188} INFO - [2026-09-16T09:01:35.108+0000] {dagbag.py:545} INFO - Filling up the DagBag from /opt/airflow/dags/data_extracter_dag.py
[2026-09-16T09:01:35.119+0000] {processor.py:840} INFO - DAG(s) 'data_extraction' retrieved from /opt/airflow/dags/data_extracter_dag.py
[2026-09-16T09:01:35.152+0000] {logging_mixin.py:188} INFO - [2026-09-16T09:01:35.152+0000] {dag.py:3096} INFO - Sync 1 DAGs
[2026-09-16T09:01:35.163+0000] {logging_mixin.py:188} INFO - [2026-09-16T09:01:35.163+0000] {dag.py:3954} INFO - Setting next_dagrun for data_extraction to None, run_after=None
[2026-09-16T09:01:35.182+0000] {processor.py:183} INFO - Processing /opt/airflow/dags/data_extracter_dag.py took 0.086 seconds
[2026-09-16T09:02:05.347+0000] {processor.py:161} INFO - Started process (PID=294) to work on /opt/airflow/dags/data_extracter_dag.py
[2026-09-16T09:02:05.348+0000] {processor.py:830} INFO - Processing file /opt/airflow/dags/data_extracter_dag.py for tasks to queue
[2026-09-16T09:02:05.350+0000] {logging_mixin.py:188} INFO - [2026-09-16T09:02:05.350+0000] {dagbag.py:545} INFO - Filling up the DagBag from /opt/airflow/dags/data_extracter_dag.py
[2026-09-16T09:02:05.360+0000] {processor.py:840} INFO - DAG(s) 'data_extraction' retrieved from /opt/airflow/dags/data_extracter_dag.py
[2026-09-16T09:02:05.388+0000] {logging_mixin.py:188} INFO - [2026-09-16T09:02:05.388+0000] {dag.py:3096} INFO - Sync 1 DAGs
[2026-09-16T09:02:05.398+0000] {logging_mixin.py:188} INFO - [2026-09-16T09:02:05.398+0000] {dag.py:3954} INFO - Setting next_dagrun for data_extraction to None, run_after=None
[2026-09-16T09:02:05.418+0000] {processor.py:183} INFO - Processing /opt/airflow/dags/data_extracter_dag.py took 0.077 seconds
[2026-09-16T09:02:35.959+0000] {processor.py:161} INFO - Started process (PID=301) to work on /opt/airflow/dags/data_extracter_dag.py
[2026-09-16T09:02:35.965+0000] {processor.py:830} INFO - Processing file /opt/airflow/dags/data_extracter_dag.py for tasks to queue
[2026-09-16T09:02:35.967+0000] {logging_mixin.py:188} INFO - [2026-09-16T09:02:35.967+0000] {dagbag.py:545} INFO - Filling up the DagBag from /opt/airflow/dags/data_extracter_dag.py
[2026-09-16T09:02:35.981+0000] {processor.py:840} INFO - DAG(s) 'data_extraction' retrieved from /opt/airflow/dags/data_extracter_dag.py
[2026-09-16T09:02:36.011+0000] {logging_mixin.py:188} INFO - [2026-09-16T09:02:36.011+0000] {dag.py:3096} INFO - Sync 1 DAGs
[2026-09-16T09:02:36.021+0000] {logging_mixin.py:188} INFO - [2026-09-16T09:02:36.020+0000] {dag.py:3954} INFO - Setting next_dagrun for data_extraction to None, run_after=None
[2026-09-16T09:02:36.043+0000] {processor.py:183} INFO - Processing /opt/airflow/dags/data_extracter_dag.py took 0.091 seconds
[2026-09-16T09:03:06.281+0000] {processor.py:161} INFO - Started process (PID=308) to work on /opt/airflow/dags/data_extracter_dag.py
[2026-09-16T09:03:06.282+0000] {processor.py:830} INFO - Processing file /opt/airflow/dags/data_extracter_dag.py for tasks to queue
[2026-09-16T09:03:06.283+0000] {logging_mixin.py:188} INFO - [2026-09-16T09:03:06.283+0000] {dagbag.py:545} INFO - Filling up the DagBag from /opt/airflow/dags/data_extracter_dag.py
[2026-09-16T09:03:06.294+0000] {processor.py:840} INFO - DAG(s) 'data_extraction' retrieved from /opt/airflow/dags/data_extracter_dag.py
[2026-09-16T09:03:06.323+0000] {logging_mixin.py:188} INFO - [2026-09-16T09:03:06.323+0000] {dag.py:3096} INFO - Sync 1 DAGs
[2026-09-16T09:03:06.334+0000] {logging_mixin.py:188} INFO - [2026-09-16T09:03:06.333+0000] {dag.py:3954} INFO - Setting next_dagrun for data_extraction to None, run_after=None
[2026-09-16T09:03:06.349+0000] {processor.py:183} INFO - Processing /opt/airflow/dags/data_extracter_dag.py took 0.074 seconds
[2026-09-16T09:03:36.924+0000] {processor.py:161} INFO - Started process (PID=309) to work on /opt/airflow/dags/data_extracter_dag.py
[2026-09-16T09:03:36.930+0000] {processor.py:830} INFO - Processing file /opt/airflow/dags/data_extracter_dag.py for tasks to queue
[2026-09-16T09:03:36.932+0000] {logging_mixin.py:188} INFO - [2026-09-16T09:03:36.932+0000] {dagbag.py:545} INFO - Filling up the DagBag from /opt/airflow/dags/data_extracter_dag.py
[2026-09-16T09:03:36.949+0000] {processor.py:840} INFO - DAG(s) 'data_extraction' retrieved from /opt/airflow/dags/data_extracter_dag.py
[2026-09-16T09:03:36.984+0000] {logging_mixin.py:188} INFO - [2026-09-16T09:03:36.984+0000] {dag.py:3096} INFO - Sync 1 DAGs
[2026-09-16T09:03:36.996+0000] {logging_mixin.py:188} INFO - [2026-09-16T09:03:36.995+0000] {dag.py:3954} INFO - Setting next_dagrun for data_extraction to None, run_after=None
[2026-09-16T09:03:37.016+0000] {processor.py:183} INFO - Processing /opt/airflow/dags/data_extracter_dag.py took 0.101 seconds
[2026-09-16T09:04:08.507+0000] {processor.py:161} INFO - Started process (PID=316) to work on /opt/airflow/dags/data_extracter_dag.py
[2026-09-16T09:04:08.512+0000] {processor.py:830} INFO - Processing file /opt/airflow/dags/data_extracter_dag.py for tasks to queue
[2026-09-16T09:04:08.514+0000] {logging_mixin.py:188} INFO - [2026-09-16T09:04:08.514+0000] {dagbag.py:545} INFO - Filling up the DagBag from /opt/airflow/dags/data_extracter_dag.py
[2026-09-16T09:04:08.531+0000] {processor.py:840} INFO - DAG(s) 'data_extraction' retrieved from /opt/airflow/dags/data_extracter_dag.py
[2026-09-16T09:04:08.567+0000] {logging_mixin.py:188} INFO - [2026-09-16T09:04:08.567+0000] {dag.py:3096} INFO - Sync 1 DAGs
[2026-09-16T09:04:08.580+0000] {logging_mixin.py:188} INFO - [2026-09-16T09:04:08.580+0000] {dag.py:3954} INFO - Setting next_dagrun for data_extraction to None, run_after=None
[2026-09-16T09:04:08.598+0000] {processor.py:183} INFO - Processing /opt/airflow/dags/data_extracter_dag.py took 0.098 seconds
[2026-09-16T09:04:41.149+0000] {processor.py:161} INFO - Started process (PID=323) to work on /opt/airflow/dags/data_extracter_dag.py
[2026-09-16T09:04:41.154+0000] {processor.py:830} INFO - Processing file /opt/airflow/dags/data_extracter_dag.py for tasks to queue
[2026-09-16T09:04:41.156+0000] {logging_mixin.py:188} INFO - [2026-09-16T09:04:41.155+0000] {dagbag.py:545} INFO - Filling up the DagBag from /opt/airflow/dags/data_extracter_dag.py
[2026-09-16T09:04:41.170+0000] {processor.py:840} INFO - DAG(s) 'data_extraction' retrieved from /opt/airflow/dags/data_extracter_dag.py
[2026-09-16T09:04:41.202+0000] {logging_mixin.py:188} INFO - [2026-09-16T09:04:41.202+0000] {dag.py:3096} INFO - Sync 1 DAGs
[2026-09-16T09:04:41.226+0000] {logging_mixin.py:188} INFO - [2026-09-16T09:04:41.226+0000] {dag.py:3954} INFO - Setting next_dagrun for data_extraction to None, run_after=None
[2026-09-16T09:04:41.250+0000] {processor.py:183} INFO - Processing /opt/airflow/dags/data_extracter_dag.py took 0.108 seconds
[2026-09-16T09:05:13.611+0000] {processor.py:161} INFO - Started process (PID=330) to work on /opt/airflow/dags/data_extracter_dag.py
[2026-09-16T09:05:13.616+0000] {processor.py:830} INFO - Processing file /opt/airflow/dags/data_extracter_dag.py for tasks to queue
[2026-09-16T09:05:13.618+0000] {logging_mixin.py:188} INFO - [2026-09-16T09:05:13.618+0000] {dagbag.py:545} INFO - Filling up the DagBag from /opt/airflow/dags/data_extracter_dag.py
[2026-09-16T09:05:13.630+0000] {processor.py:840} INFO - DAG(s) 'data_extraction' retrieved from /opt/airflow/dags/data_extracter_dag.py
[2026-09-16T09:05:13.658+0000] {logging_mixin.py:188} INFO - [2026-09-16T09:05:13.658+0000] {dag.py:3096} INFO - Sync 1 DAGs
[2026-09-16T09:05:13.669+0000] {logging_mixin.py:188} INFO - [2026-09-16T09:05:13.668+0000] {dag.py:3954} INFO - Setting next_dagrun for data_extraction to None, run_after=None
[2026-09-16T09:05:13.687+0000] {processor.py:183} INFO - Processing /opt/airflow/dags/data_extracter_dag.py took 0.082 seconds
[2026-09-16T09:05:46.528+0000] {processor.py:161} INFO - Started process (PID=337) to work on /opt/airflow/dags/data_extracter_dag.py
[2026-09-16T09:05:46.533+0000] {processor.py:830} INFO - Processing file /opt/airflow/dags/data_extracter_dag.py for tasks to queue
[2026-09-16T09:05:46.535+0000] {logging_mixin.py:188} INFO - [2026-09-16T09:05:46.535+0000] {dagbag.py:545} INFO - Filling up the DagBag from /opt/airflow/dags/data_extracter_dag.py
[2026-09-16T09:05:46.548+0000] {processor.py:840} INFO - DAG(s) 'data_extraction' retrieved from /opt/airflow/dags/data_extracter_dag.py
[2026-09-16T09:05:46.577+0000] {logging_mixin.py:188} INFO - [2026-09-16T09:05:46.577+0000] {dag.py:3096} INFO - Sync 1 DAGs
[2026-09-16T09:05:46.588+0000] {logging_mixin.py:188} INFO - [2026-09-16T09:05:46.588+0000] {dag.py:3954} INFO - Setting next_dagrun for data_extraction to None, run_after=None
[2026-09-16T09:05:46.609+0000] {processor.py:183} INFO - Processing /opt/airflow/dags/data_extracter_dag.py took 0.087 seconds
[2026-09-16T09:06:19.039+0000] {processor.py:161} INFO - Started process (PID=344) to work on /opt/airflow/dags/data_extracter_dag.py
[2026-09-16T09:06:19.041+0000] {processor.py:830} INFO - Processing file /opt/airflow/dags/data_extracter_dag.py for tasks to queue
[2026-09-16T09:06:19.044+0000] {logging_mixin.py:188} INFO - [2026-09-16T09:06:19.044+0000] {dagbag.py:545} INFO - Filling up the DagBag from /opt/airflow/dags/data_extracter_dag.py
[2026-09-16T09:06:19.064+0000] {processor.py:840} INFO - DAG(s) 'data_extraction' retrieved from /opt/airflow/dags/data_extracter_dag.py
[2026-09-16T09:06:19.094+0000] {logging_mixin.py:188} INFO - [2026-09-16T09:06:19.094+0000] {dag.py:3096} INFO - Sync 1 DAGs
[2026-09-16T09:06:19.104+0000] {logging_mixin.py:188} INFO - [2026-09-16T09:06:19.104+0000] {dag.py:3954} INFO - Setting next_dagrun for data_extraction to None, run_after=None
[2026-09-16T09:06:19.124+0000] {processor.py:183} INFO - Processing /opt/airflow/dags/data_extracter_dag.py took 0.092 seconds
[2026-09-16T09:06:50.604+0000] {processor.py:161} INFO - Started process (PID=351) to work on /opt/airflow/dags/data_extracter_dag.py
[2026-09-16T09:06:50.608+0000] {processor.py:830} INFO - Processing file /opt/airflow/dags/data_extracter_dag.py for tasks to queue
[2026-09-16T09:06:50.610+0000] {logging_mixin.py:188} INFO - [2026-09-16T09:06:50.610+0000] {dagbag.py:545} INFO - Filling up the DagBag from /opt/airflow/dags/data_extracter_dag.py
[2026-09-16T09:06:50.622+0000] {processor.py:840} INFO - DAG(s) 'data_extraction' retrieved from /opt/airflow/dags/data_extracter_dag.py
[2026-09-16T09:06:50.657+0000] {logging_mixin.py:188} INFO - [2026-09-16T09:06:50.657+0000] {dag.py:3096} INFO - Sync 1 DAGs
[2026-09-16T09:06:50.669+0000] {logging_mixin.py:188} INFO - [2026-09-16T09:06:50.669+0000] {dag.py:3954} INFO - Setting next_dagrun for data_extraction to None, run_after=None
[2026-09-16T09:06:50.694+0000] {processor.py:183} INFO - Processing /opt/airflow/dags/data_extracter_dag.py took 0.097 seconds
[2026-09-16T09:07:23.163+0000] {processor.py:161} INFO - Started process (PID=358) to work on /opt/airflow/dags/data_extracter_dag.py
[2026-09-16T09:07:23.164+0000] {processor.py:830} INFO - Processing file /opt/airflow/dags/data_extracter_dag.py for tasks to queue
[2026-09-16T09:07:23.166+0000] {logging_mixin.py:188} INFO - [2026-09-16T09:07:23.166+0000] {dagbag.py:545} INFO - Filling up the DagBag from /opt/airflow/dags/data_extracter_dag.py
[2026-09-16T09:07:23.180+0000] {processor.py:840} INFO - DAG(s) 'data_extraction' retrieved from /opt/airflow/dags/data_extracter_dag.py
[2026-09-16T09:07:23.210+0000] {logging_mixin.py:188} INFO - [2026-09-16T09:07:23.210+0000] {dag.py:3096} INFO - Sync 1 DAGs
[2026-09-16T09:07:23.222+0000] {logging_mixin.py:188} INFO - [2026-09-16T09:07:23.222+0000] {dag.py:3954} INFO - Setting next_dagrun for data_extraction to None, run_after=None
[2026-09-16T09:07:23.245+0000] {processor.py:183} INFO - Processing /opt/airflow/dags/data_extracter_dag.py took 0.088 seconds
[2026-09-16T09:07:55.873+0000] {processor.py:161} INFO - Started process (PID=366) to work on /opt/airflow/dags/data_extracter_dag.py
[2026-09-16T09:07:55.878+0000] {processor.py:830} INFO - Processing file /opt/airflow/dags/data_extracter_dag.py for tasks to queue
[2026-09-16T09:07:55.880+0000] {logging_mixin.py:188} INFO - [2026-09-16T09:07:55.880+0000] {dagbag.py:545} INFO - Filling up the DagBag from /opt/airflow/dags/data_extracter_dag.py
[2026-09-16T09:07:55.892+0000] {processor.py:840} INFO - DAG(s) 'data_extraction' retrieved from /opt/airflow/dags/data_extracter_dag.py
[2026-09-16T09:07:55.919+0000] {logging_mixin.py:188} INFO - [2026-09-16T09:07:55.919+0000] {dag.py:3096} INFO - Sync 1 DAGs
[2026-09-16T09:07:55.929+0000] {logging_mixin.py:188} INFO - [2026-09-16T09:07:55.929+0000] {dag.py:3954} INFO - Setting next_dagrun for data_extraction to None, run_after=None
[2026-09-16T09:07:55.949+0000] {processor.py:183} INFO - Processing /opt/airflow/dags/data_extracter_dag.py took 0.082 seconds
[2026-09-16T09:08:28.553+0000] {processor.py:161} INFO - Started process (PID=373) to work on /opt/airflow/dags/data_extracter_dag.py
[2026-09-16T09:08:28.553+0000] {processor.py:830} INFO - Processing file /opt/airflow/dags/data_extracter_dag.py for tasks to queue
[2026-09-16T09:08:28.555+0000] {logging_mixin.py:188} INFO - [2026-09-16T09:08:28.555+0000] {dagbag.py:545} INFO - Filling up the DagBag from /opt/airflow/dags/data_extracter_dag.py
[2026-09-16T09:08:28.569+0000] {processor.py:840} INFO - DAG(s) 'data_extraction' retrieved from /opt/airflow/dags/data_extracter_dag.py
[2026-09-16T09:08:28.602+0000] {logging_mixin.py:188} INFO - [2026-09-16T09:08:28.602+0000] {dag.py:3096} INFO - Sync 1 DAGs
[2026-09-16T09:08:28.614+0000] {logging_mixin.py:188} INFO - [2026-09-16T09:08:28.613+0000] {dag.py:3954} INFO - Setting next_dagrun for data_extraction to None, run_after=None
[2026-09-16T09:08:28.637+0000] {processor.py:183} INFO - Processing /opt/airflow/dags/data_extracter_dag.py took 0.090 seconds
[2026-09-16T09:09:01.171+0000] {processor.py:161} INFO - Started process (PID=380) to work on /opt/airflow/dags/data_extracter_dag.py
[2026-09-16T09:09:01.175+0000] {processor.py:830} INFO - Processing file /opt/airflow/dags/data_extracter_dag.py for tasks to queue
[2026-09-16T09:09:01.177+0000] {logging_mixin.py:188} INFO - [2026-09-16T09:09:01.177+0000] {dagbag.py:545} INFO - Filling up the DagBag from /opt/airflow/dags/data_extracter_dag.py
[2026-09-16T09:09:01.190+0000] {processor.py:840} INFO - DAG(s) 'data_extraction' retrieved from /opt/airflow/dags/data_extracter_dag.py
[2026-09-16T09:09:01.216+0000] {logging_mixin.py:188} INFO - [2026-09-16T09:09:01.216+0000] {dag.py:3096} INFO - Sync 1 DAGs
[2026-09-16T09:09:01.226+0000] {logging_mixin.py:188} INFO - [2026-09-16T09:09:01.225+0000] {dag.py:3954} INFO - Setting next_dagrun for data_extraction to None, run_after=None
[2026-09-16T09:09:01.245+0000] {processor.py:183} INFO - Processing /opt/airflow/dags/data_extracter_dag.py took 0.080 seconds
[2026-09-16T09:09:32.712+0000] {processor.py:161} INFO - Started process (PID=387) to work on /opt/airflow/dags/data_extracter_dag.py
[2026-09-16T09:09:32.713+0000] {processor.py:830} INFO - Processing file /opt/airflow/dags/data_extracter_dag.py for tasks to queue
[2026-09-16T09:09:32.715+0000] {logging_mixin.py:188} INFO - [2026-09-16T09:09:32.714+0000] {dagbag.py:545} INFO - Filling up the DagBag from /opt/airflow/dags/data_extracter_dag.py
[2026-09-16T09:09:32.727+0000] {processor.py:840} INFO - DAG(s) 'data_extraction' retrieved from /opt/airflow/dags/data_extracter_dag.py
[2026-09-16T09:09:32.755+0000] {logging_mixin.py:188} INFO - [2026-09-16T09:09:32.755+0000] {dag.py:3096} INFO - Sync 1 DAGs
[2026-09-16T09:09:32.766+0000] {logging_mixin.py:188} INFO - [2026-09-16T09:09:32.765+0000] {dag.py:3954} INFO - Setting next_dagrun for data_extraction to None, run_after=None
[2026-09-16T09:09:32.782+0000] {processor.py:183} INFO - Processing /opt/airflow/dags/data_extracter_dag.py took 0.075 seconds
[2026-09-16T09:10:05.542+0000] {processor.py:161} INFO - Started process (PID=394) to work on /opt/airflow/dags/data_extracter_dag.py
[2026-09-16T09:10:05.547+0000] {processor.py:830} INFO - Processing file /opt/airflow/dags/data_extracter_dag.py for tasks to queue
[2026-09-16T09:10:05.549+0000] {logging_mixin.py:188} INFO - [2026-09-16T09:10:05.549+0000] {dagbag.py:545} INFO - Filling up the DagBag from /opt/airflow/dags/data_extracter_dag.py
[2026-09-16T09:10:05.562+0000] {processor.py:840} INFO - DAG(s) 'data_extraction' retrieved from /opt/airflow/dags/data_extracter_dag.py
[2026-09-16T09:10:05.589+0000] {logging_mixin.py:188} INFO - [2026-09-16T09:10:05.589+0000] {dag.py:3096} INFO - Sync 1 DAGs
[2026-09-16T09:10:05.599+0000] {logging_mixin.py:188} INFO - [2026-09-16T09:10:05.599+0000] {dag.py:3954} INFO - Setting next_dagrun for data_extraction to None, run_after=None
[2026-09-16T09:10:05.618+0000] {processor.py:183} INFO - Processing /opt/airflow/dags/data_extracter_dag.py took 0.081 seconds
[2026-09-16T09:10:38.135+0000] {processor.py:161} INFO - Started process (PID=401) to work on /opt/airflow/dags/data_extracter_dag.py
[2026-09-16T09:10:38.136+0000] {processor.py:830} INFO - Processing file /opt/airflow/dags/data_extracter_dag.py for tasks to queue
[2026-09-16T09:10:38.138+0000] {logging_mixin.py:188} INFO - [2026-09-16T09:10:38.138+0000] {dagbag.py:545} INFO - Filling up the DagBag from /opt/airflow/dags/data_extracter_dag.py
[2026-09-16T09:10:38.150+0000] {processor.py:840} INFO - DAG(s) 'data_extraction' retrieved from /opt/airflow/dags/data_extracter_dag.py
[2026-09-16T09:10:38.178+0000] {logging_mixin.py:188} INFO - [2026-09-16T09:10:38.177+0000] {dag.py:3096} INFO - Sync 1 DAGs
[2026-09-16T09:10:38.188+0000] {logging_mixin.py:188} INFO - [2026-09-16T09:10:38.188+0000] {dag.py:3954} INFO - Setting next_dagrun for data_extraction to None, run_after=None
[2026-09-16T09:10:38.207+0000] {processor.py:183} INFO - Processing /opt/airflow/dags/data_extracter_dag.py took 0.077 seconds
[2026-09-16T09:11:10.844+0000] {processor.py:161} INFO - Started process (PID=408) to work on /opt/airflow/dags/data_extracter_dag.py
[2026-09-16T09:11:10.849+0000] {processor.py:830} INFO - Processing file /opt/airflow/dags/data_extracter_dag.py for tasks to queue
[2026-09-16T09:11:10.851+0000] {logging_mixin.py:188} INFO - [2026-09-16T09:11:10.851+0000] {dagbag.py:545} INFO - Filling up the DagBag from /opt/airflow/dags/data_extracter_dag.py
[2026-09-16T09:11:10.863+0000] {processor.py:840} INFO - DAG(s) 'data_extraction' retrieved from /opt/airflow/dags/data_extracter_dag.py
[2026-09-16T09:11:10.890+0000] {logging_mixin.py:188} INFO - [2026-09-16T09:11:10.890+0000] {dag.py:3096} INFO - Sync 1 DAGs
[2026-09-16T09:11:10.900+0000] {logging_mixin.py:188} INFO - [2026-09-16T09:11:10.900+0000] {dag.py:3954} INFO - Setting next_dagrun for data_extraction to None, run_after=None
[2026-09-16T09:11:10.919+0000] {processor.py:183} INFO - Processing /opt/airflow/dags/data_extracter_dag.py took 0.080 seconds
[2026-09-16T09:11:43.306+0000] {processor.py:161} INFO - Started process (PID=415) to work on /opt/airflow/dags/data_extracter_dag.py
[2026-09-16T09:11:43.307+0000] {processor.py:830} INFO - Processing file /opt/airflow/dags/data_extracter_dag.py for tasks to queue
[2026-09-16T09:11:43.308+0000] {logging_mixin.py:188} INFO - [2026-09-16T09:11:43.308+0000] {dagbag.py:545} INFO - Filling up the DagBag from /opt/airflow/dags/data_extracter_dag.py
[2026-09-16T09:11:43.320+0000] {processor.py:840} INFO - DAG(s) 'data_extraction' retrieved from /opt/airflow/dags/data_extracter_dag.py
[2026-09-16T09:11:43.349+0000] {logging_mixin.py:188} INFO - [2026-09-16T09:11:43.349+0000] {dag.py:3096} INFO - Sync 1 DAGs
[2026-09-16T09:11:43.360+0000] {logging_mixin.py:188} INFO - [2026-09-16T09:11:43.360+0000] {dag.py:3954} INFO - Setting next_dagrun for data_extraction to None, run_after=None
[2026-09-16T09:11:43.377+0000] {processor.py:183} INFO - Processing /opt/airflow/dags/data_extracter_dag.py took 0.076 seconds
[2026-09-16T09:12:15.184+0000] {processor.py:161} INFO - Started process (PID=422) to work on /opt/airflow/dags/data_extracter_dag.py
[2026-09-16T09:12:15.189+0000] {processor.py:830} INFO - Processing file /opt/airflow/dags/data_extracter_dag.py for tasks to queue
[2026-09-16T09:12:15.191+0000] {logging_mixin.py:188} INFO - [2026-09-16T09:12:15.190+0000] {dagbag.py:545} INFO - Filling up the DagBag from /opt/airflow/dags/data_extracter_dag.py
[2026-09-16T09:12:15.203+0000] {processor.py:840} INFO - DAG(s) 'data_extraction' retrieved from /opt/airflow/dags/data_extracter_dag.py
[2026-09-16T09:12:15.230+0000] {logging_mixin.py:188} INFO - [2026-09-16T09:12:15.230+0000] {dag.py:3096} INFO - Sync 1 DAGs
[2026-09-16T09:12:15.240+0000] {logging_mixin.py:188} INFO - [2026-09-16T09:12:15.240+0000] {dag.py:3954} INFO - Setting next_dagrun for data_extraction to None, run_after=None
[2026-09-16T09:12:15.260+0000] {processor.py:183} INFO - Processing /opt/airflow/dags/data_extracter_dag.py took 0.081 seconds
[2026-09-16T09:12:47.773+0000] {processor.py:161} INFO - Started process (PID=429) to work on /opt/airflow/dags/data_extracter_dag.py
[2026-09-16T09:12:47.778+0000] {processor.py:830} INFO - Processing file /opt/airflow/dags/data_extracter_dag.py for tasks to queue
[2026-09-16T09:12:47.779+0000] {logging_mixin.py:188} INFO - [2026-09-16T09:12:47.779+0000] {dagbag.py:545} INFO - Filling up the DagBag from /opt/airflow/dags/data_extracter_dag.py
[2026-09-16T09:12:47.793+0000] {processor.py:840} INFO - DAG(s) 'data_extraction' retrieved from /opt/airflow/dags/data_extracter_dag.py
[2026-09-16T09:12:47.823+0000] {logging_mixin.py:188} INFO - [2026-09-16T09:12:47.822+0000] {dag.py:3096} INFO - Sync 1 DAGs
[2026-09-16T09:12:47.833+0000] {logging_mixin.py:188} INFO - [2026-09-16T09:12:47.833+0000] {dag.py:3954} INFO - Setting next_dagrun for data_extraction to None, run_after=None
[2026-09-16T09:12:47.852+0000] {processor.py:183} INFO - Processing /opt/airflow/dags/data_extracter_dag.py took 0.084 seconds
[2026-09-16T09:13:20.395+0000] {processor.py:161} INFO - Started process (PID=436) to work on /opt/airflow/dags/data_extracter_dag.py
[2026-09-16T09:13:20.400+0000] {processor.py:830} INFO - Processing file /opt/airflow/dags/data_extracter_dag.py for tasks to queue
[2026-09-16T09:13:20.401+0000] {logging_mixin.py:188} INFO - [2026-09-16T09:13:20.401+0000] {dagbag.py:545} INFO - Filling up the DagBag from /opt/airflow/dags/data_extracter_dag.py
[2026-09-16T09:13:20.413+0000] {processor.py:840} INFO - DAG(s) 'data_extraction' retrieved from /opt/airflow/dags/data_extracter_dag.py
[2026-09-16T09:13:20.440+0000] {logging_mixin.py:188} INFO - [2026-09-16T09:13:20.439+0000] {dag.py:3096} INFO - Sync 1 DAGs
[2026-09-16T09:13:20.450+0000] {logging_mixin.py:188} INFO - [2026-09-16T09:13:20.449+0000] {dag.py:3954} INFO - Setting next_dagrun for data_extraction to None, run_after=None
[2026-09-16T09:13:20.470+0000] {processor.py:183} INFO - Processing /opt/airflow/dags/data_extracter_dag.py took 0.080 seconds
[2026-09-16T09:13:53.296+0000] {processor.py:161} INFO - Started process (PID=443) to work on /opt/airflow/dags/data_extracter_dag.py
[2026-09-16T09:13:53.298+0000] {processor.py:830} INFO - Processing file /opt/airflow/dags/data_extracter_dag.py for tasks to queue
[2026-09-16T09:13:53.299+0000] {logging_mixin.py:188} INFO - [2026-09-16T09:13:53.299+0000] {dagbag.py:545} INFO - Filling up the DagBag from /opt/airflow/dags/data_extracter_dag.py
[2026-09-16T09:13:53.311+0000] {processor.py:840} INFO - DAG(s) 'data_extraction' retrieved from /opt/airflow/dags/data_extracter_dag.py
[2026-09-16T09:13:53.342+0000] {logging_mixin.py:188} INFO - [2026-09-16T09:13:53.342+0000] {dag.py:3096} INFO - Sync 1 DAGs
[2026-09-16T09:13:53.353+0000] {logging_mixin.py:188} INFO - [2026-09-16T09:13:53.353+0000] {dag.py:3954} INFO - Setting next_dagrun for data_extraction to None, run_after=None
[2026-09-16T09:13:53.374+0000] {processor.py:183} INFO - Processing /opt/airflow/dags/data_extracter_dag.py took 0.084 seconds
[2026-09-16T09:14:25.982+0000] {processor.py:161} INFO - Started process (PID=450) to work on /opt/airflow/dags/data_extracter_dag.py
[2026-09-16T09:14:25.983+0000] {processor.py:830} INFO - Processing file /opt/airflow/dags/data_extracter_dag.py for tasks to queue
[2026-09-16T09:14:25.985+0000] {logging_mixin.py:188} INFO - [2026-09-16T09:14:25.985+0000] {dagbag.py:545} INFO - Filling up the DagBag from /opt/airflow/dags/data_extracter_dag.py
[2026-09-16T09:14:25.998+0000] {processor.py:840} INFO - DAG(s) 'data_extraction' retrieved from /opt/airflow/dags/data_extracter_dag.py
[2026-09-16T09:14:26.028+0000] {logging_mixin.py:188} INFO - [2026-09-16T09:14:26.028+0000] {dag.py:3096} INFO - Sync 1 DAGs
[2026-09-16T09:14:26.040+0000] {logging_mixin.py:188} INFO - [2026-09-16T09:14:26.039+0000] {dag.py:3954} INFO - Setting next_dagrun for data_extraction to None, run_after=None
[2026-09-16T09:14:26.061+0000] {processor.py:183} INFO - Processing /opt/airflow/dags/data_extracter_dag.py took 0.085 seconds
[2026-09-16T09:14:57.603+0000] {processor.py:161} INFO - Started process (PID=457) to work on /opt/airflow/dags/data_extracter_dag.py
[2026-09-16T09:14:57.604+0000] {processor.py:830} INFO - Processing file /opt/airflow/dags/data_extracter_dag.py for tasks to queue
[2026-09-16T09:14:57.607+0000] {logging_mixin.py:188} INFO - [2026-09-16T09:14:57.606+0000] {dagbag.py:545} INFO - Filling up the DagBag from /opt/airflow/dags/data_extracter_dag.py
[2026-09-16T09:14:57.624+0000] {processor.py:840} INFO - DAG(s) 'data_extraction' retrieved from /opt/airflow/dags/data_extracter_dag.py
[2026-09-16T09:14:57.653+0000] {logging_mixin.py:188} INFO - [2026-09-16T09:14:57.653+0000] {dag.py:3096} INFO - Sync 1 DAGs
[2026-09-16T09:14:57.663+0000] {logging_mixin.py:188} INFO - [2026-09-16T09:14:57.663+0000] {dag.py:3954} INFO - Setting next_dagrun for data_extraction to None, run_after=None
[2026-09-16T09:14:57.685+0000] {processor.py:183} INFO - Processing /opt/airflow/dags/data_extracter_dag.py took 0.091 seconds
[2026-09-16T09:15:30.225+0000] {processor.py:161} INFO - Started process (PID=464) to work on /opt/airflow/dags/data_extracter_dag.py
[2026-09-16T09:15:30.227+0000] {processor.py:830} INFO - Processing file /opt/airflow/dags/data_extracter_dag.py for tasks to queue
[2026-09-16T09:15:30.229+0000] {logging_mixin.py:188} INFO - [2026-09-16T09:15:30.229+0000] {dagbag.py:545} INFO - Filling up the DagBag from /opt/airflow/dags/data_extracter_dag.py
[2026-09-16T09:15:30.242+0000] {processor.py:840} INFO - DAG(s) 'data_extraction' retrieved from /opt/airflow/dags/data_extracter_dag.py
[2026-09-16T09:15:30.271+0000] {logging_mixin.py:188} INFO - [2026-09-16T09:15:30.271+0000] {dag.py:3096} INFO - Sync 1 DAGs
[2026-09-16T09:15:30.281+0000] {logging_mixin.py:188} INFO - [2026-09-16T09:15:30.281+0000] {dag.py:3954} INFO - Setting next_dagrun for data_extraction to None, run_after=None
[2026-09-16T09:15:30.302+0000] {processor.py:183} INFO - Processing /opt/airflow/dags/data_extracter_dag.py took 0.082 seconds
[2026-09-16T09:16:02.976+0000] {processor.py:161} INFO - Started process (PID=471) to work on /opt/airflow/dags/data_extracter_dag.py
[2026-09-16T09:16:02.982+0000] {processor.py:830} INFO - Processing file /opt/airflow/dags/data_extracter_dag.py for tasks to queue
[2026-09-16T09:16:02.984+0000] {logging_mixin.py:188} INFO - [2026-09-16T09:16:02.984+0000] {dagbag.py:545} INFO - Filling up the DagBag from /opt/airflow/dags/data_extracter_dag.py
[2026-09-16T09:16:02.999+0000] {processor.py:840} INFO - DAG(s) 'data_extraction' retrieved from /opt/airflow/dags/data_extracter_dag.py
[2026-09-16T09:16:03.033+0000] {logging_mixin.py:188} INFO - [2026-09-16T09:16:03.032+0000] {dag.py:3096} INFO - Sync 1 DAGs
[2026-09-16T09:16:03.046+0000] {logging_mixin.py:188} INFO - [2026-09-16T09:16:03.046+0000] {dag.py:3954} INFO - Setting next_dagrun for data_extraction to None, run_after=None
[2026-09-16T09:16:03.071+0000] {processor.py:183} INFO - Processing /opt/airflow/dags/data_extracter_dag.py took 0.102 seconds
[2026-09-16T09:16:35.647+0000] {processor.py:161} INFO - Started process (PID=478) to work on /opt/airflow/dags/data_extracter_dag.py
[2026-09-16T09:16:35.648+0000] {processor.py:830} INFO - Processing file /opt/airflow/dags/data_extracter_dag.py for tasks to queue
[2026-09-16T09:16:35.650+0000] {logging_mixin.py:188} INFO - [2026-09-16T09:16:35.649+0000] {dagbag.py:545} INFO - Filling up the DagBag from /opt/airflow/dags/data_extracter_dag.py
[2026-09-16T09:16:35.660+0000] {processor.py:840} INFO - DAG(s) 'data_extraction' retrieved from /opt/airflow/dags/data_extracter_dag.py
[2026-09-16T09:16:35.685+0000] {logging_mixin.py:188} INFO - [2026-09-16T09:16:35.685+0000] {dag.py:3096} INFO - Sync 1 DAGs
[2026-09-16T09:16:35.694+0000] {logging_mixin.py:188} INFO - [2026-09-16T09:16:35.694+0000] {dag.py:3954} INFO - Setting next_dagrun for data_extraction to None, run_after=None
[2026-09-16T09:16:35.713+0000] {processor.py:183} INFO - Processing /opt/airflow/dags/data_extracter_dag.py took 0.072 seconds
[2026-09-16T09:17:08.293+0000] {processor.py:161} INFO - Started process (PID=485) to work on /opt/airflow/dags/data_extracter_dag.py
[2026-09-16T09:17:08.293+0000] {processor.py:830} INFO - Processing file /opt/airflow/dags/data_extracter_dag.py for tasks to queue
[2026-09-16T09:17:08.295+0000] {logging_mixin.py:188} INFO - [2026-09-16T09:17:08.295+0000] {dagbag.py:545} INFO - Filling up the DagBag from /opt/airflow/dags/data_extracter_dag.py
[2026-09-16T09:17:08.307+0000] {processor.py:840} INFO - DAG(s) 'data_extraction' retrieved from /opt/airflow/dags/data_extracter_dag.py
[2026-09-16T09:17:08.335+0000] {logging_mixin.py:188} INFO - [2026-09-16T09:17:08.334+0000] {dag.py:3096} INFO - Sync 1 DAGs
[2026-09-16T09:17:08.347+0000] {logging_mixin.py:188} INFO - [2026-09-16T09:17:08.347+0000] {dag.py:3954} INFO - Setting next_dagrun for data_extraction to None, run_after=None
[2026-09-16T09:17:08.371+0000] {processor.py:183} INFO - Processing /opt/airflow/dags/data_extracter_dag.py took 0.085 seconds
[2026-09-16T09:17:40.931+0000] {processor.py:161} INFO - Started process (PID=492) to work on /opt/airflow/dags/data_extracter_dag.py
[2026-09-16T09:17:40.932+0000] {processor.py:830} INFO - Processing file /opt/airflow/dags/data_extracter_dag.py for tasks to queue
[2026-09-16T09:17:40.934+0000] {logging_mixin.py:188} INFO - [2026-09-16T09:17:40.933+0000] {dagbag.py:545} INFO - Filling up the DagBag from /opt/airflow/dags/data_extracter_dag.py
[2026-09-16T09:17:40.944+0000] {processor.py:840} INFO - DAG(s) 'data_extraction' retrieved from /opt/airflow/dags/data_extracter_dag.py
[2026-09-16T09:17:40.968+0000] {logging_mixin.py:188} INFO - [2026-09-16T09:17:40.968+0000] {dag.py:3096} INFO - Sync 1 DAGs
[2026-09-16T09:17:40.977+0000] {logging_mixin.py:188} INFO - [2026-09-16T09:17:40.977+0000] {dag.py:3954} INFO - Setting next_dagrun for data_extraction to None, run_after=None
[2026-09-16T09:17:40.995+0000] {processor.py:183} INFO - Processing /opt/airflow/dags/data_extracter_dag.py took 0.069 seconds
[2026-09-16T09:18:12.651+0000] {processor.py:161} INFO - Started process (PID=499) to work on /opt/airflow/dags/data_extracter_dag.py
[2026-09-16T09:18:12.651+0000] {processor.py:830} INFO - Processing file /opt/airflow/dags/data_extracter_dag.py for tasks to queue
[2026-09-16T09:18:12.653+0000] {logging_mixin.py:188} INFO - [2026-09-16T09:18:12.653+0000] {dagbag.py:545} INFO - Filling up the DagBag from /opt/airflow/dags/data_extracter_dag.py
[2026-09-16T09:18:12.665+0000] {processor.py:840} INFO - DAG(s) 'data_extraction' retrieved from /opt/airflow/dags/data_extracter_dag.py
[2026-09-16T09:18:12.700+0000] {logging_mixin.py:188} INFO - [2026-09-16T09:18:12.700+0000] {dag.py:3096} INFO - Sync 1 DAGs
[2026-09-16T09:18:12.711+0000] {logging_mixin.py:188} INFO - [2026-09-16T09:18:12.711+0000] {dag.py:3954} INFO - Setting next_dagrun for data_extraction to None, run_after=None
[2026-09-16T09:18:12.728+0000] {processor.py:183} INFO - Processing /opt/airflow/dags/data_extracter_dag.py took 0.086 seconds
[2026-09-16T09:18:45.332+0000] {processor.py:161} INFO - Started process (PID=506) to work on /opt/airflow/dags/data_extracter_dag.py
[2026-09-16T09:18:45.337+0000] {processor.py:830} INFO - Processing file /opt/airflow/dags/data_extracter_dag.py for tasks to queue
[2026-09-16T09:18:45.338+0000] {logging_mixin.py:188} INFO - [2026-09-16T09:18:45.338+0000] {dagbag.py:545} INFO - Filling up the DagBag from /opt/airflow/dags/data_extracter_dag.py
[2026-09-16T09:18:45.349+0000] {processor.py:840} INFO - DAG(s) 'data_extraction' retrieved from /opt/airflow/dags/data_extracter_dag.py
[2026-09-16T09:18:45.375+0000] {logging_mixin.py:188} INFO - [2026-09-16T09:18:45.374+0000] {dag.py:3096} INFO - Sync 1 DAGs
[2026-09-16T09:18:45.384+0000] {logging_mixin.py:188} INFO - [2026-09-16T09:18:45.383+0000] {dag.py:3954} INFO - Setting next_dagrun for data_extraction to None, run_after=None
[2026-09-16T09:18:45.402+0000] {processor.py:183} INFO - Processing /opt/airflow/dags/data_extracter_dag.py took 0.076 seconds
[2026-09-16T09:19:17.960+0000] {processor.py:161} INFO - Started process (PID=513) to work on /opt/airflow/dags/data_extracter_dag.py
[2026-09-16T09:19:17.961+0000] {processor.py:830} INFO - Processing file /opt/airflow/dags/data_extracter_dag.py for tasks to queue
[2026-09-16T09:19:17.962+0000] {logging_mixin.py:188} INFO - [2026-09-16T09:19:17.962+0000] {dagbag.py:545} INFO - Filling up the DagBag from /opt/airflow/dags/data_extracter_dag.py
[2026-09-16T09:19:17.975+0000] {processor.py:840} INFO - DAG(s) 'data_extraction' retrieved from /opt/airflow/dags/data_extracter_dag.py
[2026-09-16T09:19:18.001+0000] {logging_mixin.py:188} INFO - [2026-09-16T09:19:18.001+0000] {dag.py:3096} INFO - Sync 1 DAGs
[2026-09-16T09:19:18.010+0000] {logging_mixin.py:188} INFO - [2026-09-16T09:19:18.010+0000] {dag.py:3954} INFO - Setting next_dagrun for data_extraction to None, run_after=None
[2026-09-16T09:19:18.026+0000] {processor.py:183} INFO - Processing /opt/airflow/dags/data_extracter_dag.py took 0.071 seconds
[2026-09-16T09:19:50.481+0000] {processor.py:161} INFO - Started process (PID=520) to work on /opt/airflow/dags/data_extracter_dag.py
[2026-09-16T09:19:50.482+0000] {processor.py:830} INFO - Processing file /opt/airflow/dags/data_extracter_dag.py for tasks to queue
[2026-09-16T09:19:50.484+0000] {logging_mixin.py:188} INFO - [2026-09-16T09:19:50.483+0000] {dagbag.py:545} INFO - Filling up the DagBag from /opt/airflow/dags/data_extracter_dag.py
[2026-09-16T09:19:50.499+0000] {processor.py:840} INFO - DAG(s) 'data_extraction' retrieved from /opt/airflow/dags/data_extracter_dag.py
[2026-09-16T09:19:50.525+0000] {logging_mixin.py:188} INFO - [2026-09-16T09:19:50.525+0000] {dag.py:3096} INFO - Sync 1 DAGs
[2026-09-16T09:19:50.535+0000] {logging_mixin.py:188} INFO - [2026-09-16T09:19:50.535+0000] {dag.py:3954} INFO - Setting next_dagrun for data_extraction to None, run_after=None
[2026-09-16T09:19:50.554+0000] {processor.py:183} INFO - Processing /opt/airflow/dags/data_extracter_dag.py took 0.080 seconds
[2026-09-16T09:20:22.893+0000] {processor.py:161} INFO - Started process (PID=527) to work on /opt/airflow/dags/data_extracter_dag.py
[2026-09-16T09:20:22.894+0000] {processor.py:830} INFO - Processing file /opt/airflow/dags/data_extracter_dag.py for tasks to queue
[2026-09-16T09:20:22.896+0000] {logging_mixin.py:188} INFO - [2026-09-16T09:20:22.895+0000] {dagbag.py:545} INFO - Filling up the DagBag from /opt/airflow/dags/data_extracter_dag.py
[2026-09-16T09:20:22.908+0000] {processor.py:840} INFO - DAG(s) 'data_extraction' retrieved from /opt/airflow/dags/data_extracter_dag.py
[2026-09-16T09:20:22.940+0000] {logging_mixin.py:188} INFO - [2026-09-16T09:20:22.939+0000] {dag.py:3096} INFO - Sync 1 DAGs
[2026-09-16T09:20:22.951+0000] {logging_mixin.py:188} INFO - [2026-09-16T09:20:22.951+0000] {dag.py:3954} INFO - Setting next_dagrun for data_extraction to None, run_after=None
[2026-09-16T09:20:22.972+0000] {processor.py:183} INFO - Processing /opt/airflow/dags/data_extracter_dag.py took 0.087 seconds
[2026-09-16T09:20:54.776+0000] {processor.py:161} INFO - Started process (PID=534) to work on /opt/airflow/dags/data_extracter_dag.py
[2026-09-16T09:20:54.777+0000] {processor.py:830} INFO - Processing file /opt/airflow/dags/data_extracter_dag.py for tasks to queue
[2026-09-16T09:20:54.779+0000] {logging_mixin.py:188} INFO - [2026-09-16T09:20:54.779+0000] {dagbag.py:545} INFO - Filling up the DagBag from /opt/airflow/dags/data_extracter_dag.py
[2026-09-16T09:20:54.795+0000] {processor.py:840} INFO - DAG(s) 'data_extraction' retrieved from /opt/airflow/dags/data_extracter_dag.py
[2026-09-16T09:20:54.823+0000] {logging_mixin.py:188} INFO - [2026-09-16T09:20:54.822+0000] {dag.py:3096} INFO - Sync 1 DAGs
[2026-09-16T09:20:54.833+0000] {logging_mixin.py:188} INFO - [2026-09-16T09:20:54.833+0000] {dag.py:3954} INFO - Setting next_dagrun for data_extraction to None, run_after=None
[2026-09-16T09:20:54.852+0000] {processor.py:183} INFO - Processing /opt/airflow/dags/data_extracter_dag.py took 0.083 seconds
[2026-09-16T09:21:27.187+0000] {processor.py:161} INFO - Started process (PID=541) to work on /opt/airflow/dags/data_extracter_dag.py
[2026-09-16T09:21:27.188+0000] {processor.py:830} INFO - Processing file /opt/airflow/dags/data_extracter_dag.py for tasks to queue
[2026-09-16T09:21:27.191+0000] {logging_mixin.py:188} INFO - [2026-09-16T09:21:27.191+0000] {dagbag.py:545} INFO - Filling up the DagBag from /opt/airflow/dags/data_extracter_dag.py
[2026-09-16T09:21:27.207+0000] {processor.py:840} INFO - DAG(s) 'data_extraction' retrieved from /opt/airflow/dags/data_extracter_dag.py
[2026-09-16T09:21:27.236+0000] {logging_mixin.py:188} INFO - [2026-09-16T09:21:27.236+0000] {dag.py:3096} INFO - Sync 1 DAGs
[2026-09-16T09:21:27.246+0000] {logging_mixin.py:188} INFO - [2026-09-16T09:21:27.246+0000] {dag.py:3954} INFO - Setting next_dagrun for data_extraction to None, run_after=None
[2026-09-16T09:21:27.264+0000] {processor.py:183} INFO - Processing /opt/airflow/dags/data_extracter_dag.py took 0.084 seconds
[2026-09-16T09:21:59.691+0000] {processor.py:161} INFO - Started process (PID=548) to work on /opt/airflow/dags/data_extracter_dag.py
[2026-09-16T09:21:59.693+0000] {processor.py:830} INFO - Processing file /opt/airflow/dags/data_extracter_dag.py for tasks to queue
[2026-09-16T09:21:59.696+0000] {logging_mixin.py:188} INFO - [2026-09-16T09:21:59.695+0000] {dagbag.py:545} INFO - Filling up the DagBag from /opt/airflow/dags/data_extracter_dag.py
[2026-09-16T09:21:59.722+0000] {processor.py:840} INFO - DAG(s) 'data_extraction' retrieved from /opt/airflow/dags/data_extracter_dag.py
[2026-09-16T09:21:59.773+0000] {logging_mixin.py:188} INFO - [2026-09-16T09:21:59.772+0000] {dag.py:3096} INFO - Sync 1 DAGs
[2026-09-16T09:21:59.791+0000] {logging_mixin.py:188} INFO - [2026-09-16T09:21:59.791+0000] {dag.py:3954} INFO - Setting next_dagrun for data_extraction to None, run_after=None
[2026-09-16T09:21:59.827+0000] {processor.py:183} INFO - Processing /opt/airflow/dags/data_extracter_dag.py took 0.146 seconds
[2026-09-16T09:26:01.691+0000] {processor.py:161} INFO - Started process (PID=555) to work on /opt/airflow/dags/data_extracter_dag.py
[2026-09-16T09:26:01.692+0000] {processor.py:830} INFO - Processing file /opt/airflow/dags/data_extracter_dag.py for tasks to queue
[2026-09-16T09:26:01.694+0000] {logging_mixin.py:188} INFO - [2026-09-16T09:26:01.693+0000] {dagbag.py:545} INFO - Filling up the DagBag from /opt/airflow/dags/data_extracter_dag.py
[2026-09-16T09:26:01.710+0000] {processor.py:840} INFO - DAG(s) 'data_extraction' retrieved from /opt/airflow/dags/data_extracter_dag.py
[2026-09-16T09:26:01.741+0000] {logging_mixin.py:188} INFO - [2026-09-16T09:26:01.741+0000] {dag.py:3096} INFO - Sync 1 DAGs
[2026-09-16T09:26:01.750+0000] {logging_mixin.py:188} INFO - [2026-09-16T09:26:01.750+0000] {dag.py:3954} INFO - Setting next_dagrun for data_extraction to None, run_after=None
[2026-09-16T09:26:01.768+0000] {processor.py:183} INFO - Processing /opt/airflow/dags/data_extracter_dag.py took 0.084 seconds
[2026-09-16T09:47:14.236+0000] {processor.py:161} INFO - Started process (PID=556) to work on /opt/airflow/dags/data_extracter_dag.py
[2026-09-16T09:47:14.237+0000] {processor.py:830} INFO - Processing file /opt/airflow/dags/data_extracter_dag.py for tasks to queue
[2026-09-16T09:47:14.240+0000] {logging_mixin.py:188} INFO - [2026-09-16T09:47:14.239+0000] {dagbag.py:545} INFO - Filling up the DagBag from /opt/airflow/dags/data_extracter_dag.py
[2026-09-16T09:47:14.267+0000] {processor.py:840} INFO - DAG(s) 'data_extraction' retrieved from /opt/airflow/dags/data_extracter_dag.py
[2026-09-16T09:47:14.316+0000] {logging_mixin.py:188} INFO - [2026-09-16T09:47:14.315+0000] {dag.py:3096} INFO - Sync 1 DAGs
[2026-09-16T09:47:14.334+0000] {logging_mixin.py:188} INFO - [2026-09-16T09:47:14.334+0000] {dag.py:3954} INFO - Setting next_dagrun for data_extraction to None, run_after=None
[2026-09-16T09:47:14.355+0000] {processor.py:183} INFO - Processing /opt/airflow/dags/data_extracter_dag.py took 0.130 seconds
[2026-09-16T09:47:44.411+0000] {processor.py:161} INFO - Started process (PID=563) to work on /opt/airflow/dags/data_extracter_dag.py
[2026-09-16T09:47:44.416+0000] {processor.py:830} INFO - Processing file /opt/airflow/dags/data_extracter_dag.py for tasks to queue
[2026-09-16T09:47:44.418+0000] {logging_mixin.py:188} INFO - [2026-09-16T09:47:44.418+0000] {dagbag.py:545} INFO - Filling up the DagBag from /opt/airflow/dags/data_extracter_dag.py
[2026-09-16T09:47:44.430+0000] {processor.py:840} INFO - DAG(s) 'data_extraction' retrieved from /opt/airflow/dags/data_extracter_dag.py
[2026-09-16T09:47:44.463+0000] {logging_mixin.py:188} INFO - [2026-09-16T09:47:44.462+0000] {dag.py:3096} INFO - Sync 1 DAGs
[2026-09-16T09:47:44.477+0000] {logging_mixin.py:188} INFO - [2026-09-16T09:47:44.476+0000] {dag.py:3954} INFO - Setting next_dagrun for data_extraction to None, run_after=None
[2026-09-16T09:47:44.505+0000] {processor.py:183} INFO - Processing /opt/airflow/dags/data_extracter_dag.py took 0.102 seconds
[2026-09-16T09:48:14.819+0000] {processor.py:161} INFO - Started process (PID=570) to work on /opt/airflow/dags/data_extracter_dag.py
[2026-09-16T09:48:14.820+0000] {processor.py:830} INFO - Processing file /opt/airflow/dags/data_extracter_dag.py for tasks to queue
[2026-09-16T09:48:14.821+0000] {logging_mixin.py:188} INFO - [2026-09-16T09:48:14.821+0000] {dagbag.py:545} INFO - Filling up the DagBag from /opt/airflow/dags/data_extracter_dag.py
[2026-09-16T09:48:14.835+0000] {processor.py:840} INFO - DAG(s) 'data_extraction' retrieved from /opt/airflow/dags/data_extracter_dag.py
[2026-09-16T09:48:14.865+0000] {logging_mixin.py:188} INFO - [2026-09-16T09:48:14.864+0000] {dag.py:3096} INFO - Sync 1 DAGs
[2026-09-16T09:48:14.878+0000] {logging_mixin.py:188} INFO - [2026-09-16T09:48:14.877+0000] {dag.py:3954} INFO - Setting next_dagrun for data_extraction to None, run_after=None
[2026-09-16T09:48:14.902+0000] {processor.py:183} INFO - Processing /opt/airflow/dags/data_extracter_dag.py took 0.089 seconds
[2026-09-16T09:48:45.097+0000] {processor.py:161} INFO - Started process (PID=577) to work on /opt/airflow/dags/data_extracter_dag.py
[2026-09-16T09:48:45.101+0000] {processor.py:830} INFO - Processing file /opt/airflow/dags/data_extracter_dag.py for tasks to queue
[2026-09-16T09:48:45.103+0000] {logging_mixin.py:188} INFO - [2026-09-16T09:48:45.103+0000] {dagbag.py:545} INFO - Filling up the DagBag from /opt/airflow/dags/data_extracter_dag.py
[2026-09-16T09:48:45.114+0000] {processor.py:840} INFO - DAG(s) 'data_extraction' retrieved from /opt/airflow/dags/data_extracter_dag.py
[2026-09-16T09:48:45.142+0000] {logging_mixin.py:188} INFO - [2026-09-16T09:48:45.141+0000] {dag.py:3096} INFO - Sync 1 DAGs
[2026-09-16T09:48:45.152+0000] {logging_mixin.py:188} INFO - [2026-09-16T09:48:45.152+0000] {dag.py:3954} INFO - Setting next_dagrun for data_extraction to None, run_after=None
[2026-09-16T09:48:45.171+0000] {processor.py:183} INFO - Processing /opt/airflow/dags/data_extracter_dag.py took 0.080 seconds
[2026-09-16T09:49:15.257+0000] {processor.py:161} INFO - Started process (PID=584) to work on /opt/airflow/dags/data_extracter_dag.py
[2026-09-16T09:49:15.257+0000] {processor.py:830} INFO - Processing file /opt/airflow/dags/data_extracter_dag.py for tasks to queue
[2026-09-16T09:49:15.259+0000] {logging_mixin.py:188} INFO - [2026-09-16T09:49:15.259+0000] {dagbag.py:545} INFO - Filling up the DagBag from /opt/airflow/dags/data_extracter_dag.py
[2026-09-16T09:49:15.271+0000] {processor.py:840} INFO - DAG(s) 'data_extraction' retrieved from /opt/airflow/dags/data_extracter_dag.py
[2026-09-16T09:49:15.301+0000] {logging_mixin.py:188} INFO - [2026-09-16T09:49:15.300+0000] {dag.py:3096} INFO - Sync 1 DAGs
[2026-09-16T09:49:15.311+0000] {logging_mixin.py:188} INFO - [2026-09-16T09:49:15.311+0000] {dag.py:3954} INFO - Setting next_dagrun for data_extraction to None, run_after=None
[2026-09-16T09:49:15.333+0000] {processor.py:183} INFO - Processing /opt/airflow/dags/data_extracter_dag.py took 0.082 seconds
[2026-09-16T09:49:45.765+0000] {processor.py:161} INFO - Started process (PID=591) to work on /opt/airflow/dags/data_extracter_dag.py
[2026-09-16T09:49:45.770+0000] {processor.py:830} INFO - Processing file /opt/airflow/dags/data_extracter_dag.py for tasks to queue
[2026-09-16T09:49:45.772+0000] {logging_mixin.py:188} INFO - [2026-09-16T09:49:45.771+0000] {dagbag.py:545} INFO - Filling up the DagBag from /opt/airflow/dags/data_extracter_dag.py
[2026-09-16T09:49:45.782+0000] {processor.py:840} INFO - DAG(s) 'data_extraction' retrieved from /opt/airflow/dags/data_extracter_dag.py
[2026-09-16T09:49:45.812+0000] {logging_mixin.py:188} INFO - [2026-09-16T09:49:45.812+0000] {dag.py:3096} INFO - Sync 1 DAGs
[2026-09-16T09:49:45.824+0000] {logging_mixin.py:188} INFO - [2026-09-16T09:49:45.823+0000] {dag.py:3954} INFO - Setting next_dagrun for data_extraction to None, run_after=None
[2026-09-16T09:49:45.843+0000] {processor.py:183} INFO - Processing /opt/airflow/dags/data_extracter_dag.py took 0.083 seconds
[2026-09-16T09:50:16.296+0000] {processor.py:161} INFO - Started process (PID=598) to work on /opt/airflow/dags/data_extracter_dag.py
[2026-09-16T09:50:16.297+0000] {processor.py:830} INFO - Processing file /opt/airflow/dags/data_extracter_dag.py for tasks to queue
[2026-09-16T09:50:16.298+0000] {logging_mixin.py:188} INFO - [2026-09-16T09:50:16.298+0000] {dagbag.py:545} INFO - Filling up the DagBag from /opt/airflow/dags/data_extracter_dag.py
[2026-09-16T09:50:16.309+0000] {processor.py:840} INFO - DAG(s) 'data_extraction' retrieved from /opt/airflow/dags/data_extracter_dag.py
[2026-09-16T09:50:16.337+0000] {logging_mixin.py:188} INFO - [2026-09-16T09:50:16.337+0000] {dag.py:3096} INFO - Sync 1 DAGs
[2026-09-16T09:50:16.345+0000] {logging_mixin.py:188} INFO - [2026-09-16T09:50:16.345+0000] {dag.py:3954} INFO - Setting next_dagrun for data_extraction to None, run_after=None
[2026-09-16T09:50:16.363+0000] {processor.py:183} INFO - Processing /opt/airflow/dags/data_extracter_dag.py took 0.072 seconds
[2026-09-16T09:50:46.690+0000] {processor.py:161} INFO - Started process (PID=605) to work on /opt/airflow/dags/data_extracter_dag.py
[2026-09-16T09:50:46.695+0000] {processor.py:830} INFO - Processing file /opt/airflow/dags/data_extracter_dag.py for tasks to queue
[2026-09-16T09:50:46.696+0000] {logging_mixin.py:188} INFO - [2026-09-16T09:50:46.696+0000] {dagbag.py:545} INFO - Filling up the DagBag from /opt/airflow/dags/data_extracter_dag.py
[2026-09-16T09:50:46.706+0000] {processor.py:840} INFO - DAG(s) 'data_extraction' retrieved from /opt/airflow/dags/data_extracter_dag.py
[2026-09-16T09:50:46.735+0000] {logging_mixin.py:188} INFO - [2026-09-16T09:50:46.735+0000] {dag.py:3096} INFO - Sync 1 DAGs
[2026-09-16T09:50:46.745+0000] {logging_mixin.py:188} INFO - [2026-09-16T09:50:46.745+0000] {dag.py:3954} INFO - Setting next_dagrun for data_extraction to None, run_after=None
[2026-09-16T09:50:46.764+0000] {processor.py:183} INFO - Processing /opt/airflow/dags/data_extracter_dag.py took 0.080 seconds
[2026-09-16T09:51:17.277+0000] {processor.py:161} INFO - Started process (PID=612) to work on /opt/airflow/dags/data_extracter_dag.py
[2026-09-16T09:51:17.278+0000] {processor.py:830} INFO - Processing file /opt/airflow/dags/data_extracter_dag.py for tasks to queue
[2026-09-16T09:51:17.280+0000] {logging_mixin.py:188} INFO - [2026-09-16T09:51:17.279+0000] {dagbag.py:545} INFO - Filling up the DagBag from /opt/airflow/dags/data_extracter_dag.py
[2026-09-16T09:51:17.290+0000] {processor.py:840} INFO - DAG(s) 'data_extraction' retrieved from /opt/airflow/dags/data_extracter_dag.py
[2026-09-16T09:51:17.315+0000] {logging_mixin.py:188} INFO - [2026-09-16T09:51:17.315+0000] {dag.py:3096} INFO - Sync 1 DAGs
[2026-09-16T09:51:17.324+0000] {logging_mixin.py:188} INFO - [2026-09-16T09:51:17.324+0000] {dag.py:3954} INFO - Setting next_dagrun for data_extraction to None, run_after=None
[2026-09-16T09:51:17.343+0000] {processor.py:183} INFO - Processing /opt/airflow/dags/data_extracter_dag.py took 0.070 seconds
[2026-09-16T09:51:47.868+0000] {processor.py:161} INFO - Started process (PID=619) to work on /opt/airflow/dags/data_extracter_dag.py
[2026-09-16T09:51:47.870+0000] {processor.py:830} INFO - Processing file /opt/airflow/dags/data_extracter_dag.py for tasks to queue
[2026-09-16T09:51:47.871+0000] {logging_mixin.py:188} INFO - [2026-09-16T09:51:47.871+0000] {dagbag.py:545} INFO - Filling up the DagBag from /opt/airflow/dags/data_extracter_dag.py
[2026-09-16T09:51:47.881+0000] {processor.py:840} INFO - DAG(s) 'data_extraction' retrieved from /opt/airflow/dags/data_extracter_dag.py
[2026-09-16T09:51:47.906+0000] {logging_mixin.py:188} INFO - [2026-09-16T09:51:47.906+0000] {dag.py:3096} INFO - Sync 1 DAGs
[2026-09-16T09:51:47.915+0000] {logging_mixin.py:188} INFO - [2026-09-16T09:51:47.915+0000] {dag.py:3954} INFO - Setting next_dagrun for data_extraction to None, run_after=None
[2026-09-16T09:51:47.935+0000] {processor.py:183} INFO - Processing /opt/airflow/dags/data_extracter_dag.py took 0.072 seconds
[2026-09-16T09:52:18.470+0000] {processor.py:161} INFO - Started process (PID=626) to work on /opt/airflow/dags/data_extracter_dag.py
[2026-09-16T09:52:18.471+0000] {processor.py:830} INFO - Processing file /opt/airflow/dags/data_extracter_dag.py for tasks to queue
[2026-09-16T09:52:18.472+0000] {logging_mixin.py:188} INFO - [2026-09-16T09:52:18.472+0000] {dagbag.py:545} INFO - Filling up the DagBag from /opt/airflow/dags/data_extracter_dag.py
[2026-09-16T09:52:18.486+0000] {processor.py:840} INFO - DAG(s) 'data_extraction' retrieved from /opt/airflow/dags/data_extracter_dag.py
[2026-09-16T09:52:18.512+0000] {logging_mixin.py:188} INFO - [2026-09-16T09:52:18.512+0000] {dag.py:3096} INFO - Sync 1 DAGs
[2026-09-16T09:52:18.522+0000] {logging_mixin.py:188} INFO - [2026-09-16T09:52:18.521+0000] {dag.py:3954} INFO - Setting next_dagrun for data_extraction to None, run_after=None
[2026-09-16T09:52:18.542+0000] {processor.py:183} INFO - Processing /opt/airflow/dags/data_extracter_dag.py took 0.079 seconds
[2026-09-16T09:52:48.923+0000] {processor.py:161} INFO - Started process (PID=627) to work on /opt/airflow/dags/data_extracter_dag.py
[2026-09-16T09:52:48.928+0000] {processor.py:830} INFO - Processing file /opt/airflow/dags/data_extracter_dag.py for tasks to queue
[2026-09-16T09:52:48.930+0000] {logging_mixin.py:188} INFO - [2026-09-16T09:52:48.930+0000] {dagbag.py:545} INFO - Filling up the DagBag from /opt/airflow/dags/data_extracter_dag.py
[2026-09-16T09:52:48.942+0000] {processor.py:840} INFO - DAG(s) 'data_extraction' retrieved from /opt/airflow/dags/data_extracter_dag.py
[2026-09-16T09:52:48.970+0000] {logging_mixin.py:188} INFO - [2026-09-16T09:52:48.970+0000] {dag.py:3096} INFO - Sync 1 DAGs
[2026-09-16T09:52:48.980+0000] {logging_mixin.py:188} INFO - [2026-09-16T09:52:48.980+0000] {dag.py:3954} INFO - Setting next_dagrun for data_extraction to None, run_after=None
[2026-09-16T09:52:48.999+0000] {processor.py:183} INFO - Processing /opt/airflow/dags/data_extracter_dag.py took 0.082 seconds
[2026-09-16T09:53:19.558+0000] {processor.py:161} INFO - Started process (PID=634) to work on /opt/airflow/dags/data_extracter_dag.py
[2026-09-16T09:53:19.559+0000] {processor.py:830} INFO - Processing file /opt/airflow/dags/data_extracter_dag.py for tasks to queue
[2026-09-16T09:53:19.561+0000] {logging_mixin.py:188} INFO - [2026-09-16T09:53:19.561+0000] {dagbag.py:545} INFO - Filling up the DagBag from /opt/airflow/dags/data_extracter_dag.py
[2026-09-16T09:53:19.577+0000] {processor.py:840} INFO - DAG(s) 'data_extraction' retrieved from /opt/airflow/dags/data_extracter_dag.py
[2026-09-16T09:53:19.604+0000] {logging_mixin.py:188} INFO - [2026-09-16T09:53:19.604+0000] {dag.py:3096} INFO - Sync 1 DAGs
[2026-09-16T09:53:19.614+0000] {logging_mixin.py:188} INFO - [2026-09-16T09:53:19.614+0000] {dag.py:3954} INFO - Setting next_dagrun for data_extraction to None, run_after=None
[2026-09-16T09:53:19.635+0000] {processor.py:183} INFO - Processing /opt/airflow/dags/data_extracter_dag.py took 0.086 seconds
[2026-09-16T09:53:50.154+0000] {processor.py:161} INFO - Started process (PID=641) to work on /opt/airflow/dags/data_extracter_dag.py
[2026-09-16T09:53:50.159+0000] {processor.py:830} INFO - Processing file /opt/airflow/dags/data_extracter_dag.py for tasks to queue
[2026-09-16T09:53:50.161+0000] {logging_mixin.py:188} INFO - [2026-09-16T09:53:50.160+0000] {dagbag.py:545} INFO - Filling up the DagBag from /opt/airflow/dags/data_extracter_dag.py
[2026-09-16T09:53:50.173+0000] {processor.py:840} INFO - DAG(s) 'data_extraction' retrieved from /opt/airflow/dags/data_extracter_dag.py
[2026-09-16T09:53:50.204+0000] {logging_mixin.py:188} INFO - [2026-09-16T09:53:50.204+0000] {dag.py:3096} INFO - Sync 1 DAGs
[2026-09-16T09:53:50.214+0000] {logging_mixin.py:188} INFO - [2026-09-16T09:53:50.213+0000] {dag.py:3954} INFO - Setting next_dagrun for data_extraction to None, run_after=None
[2026-09-16T09:53:50.233+0000] {processor.py:183} INFO - Processing /opt/airflow/dags/data_extracter_dag.py took 0.087 seconds
[2026-09-16T09:54:22.756+0000] {processor.py:161} INFO - Started process (PID=648) to work on /opt/airflow/dags/data_extracter_dag.py
[2026-09-16T09:54:22.757+0000] {processor.py:830} INFO - Processing file /opt/airflow/dags/data_extracter_dag.py for tasks to queue
[2026-09-16T09:54:22.759+0000] {logging_mixin.py:188} INFO - [2026-09-16T09:54:22.759+0000] {dagbag.py:545} INFO - Filling up the DagBag from /opt/airflow/dags/data_extracter_dag.py
[2026-09-16T09:54:22.772+0000] {processor.py:840} INFO - DAG(s) 'data_extraction' retrieved from /opt/airflow/dags/data_extracter_dag.py
[2026-09-16T09:54:22.797+0000] {logging_mixin.py:188} INFO - [2026-09-16T09:54:22.796+0000] {dag.py:3096} INFO - Sync 1 DAGs
[2026-09-16T09:54:22.805+0000] {logging_mixin.py:188} INFO - [2026-09-16T09:54:22.805+0000] {dag.py:3954} INFO - Setting next_dagrun for data_extraction to None, run_after=None
[2026-09-16T09:54:22.827+0000] {processor.py:183} INFO - Processing /opt/airflow/dags/data_extracter_dag.py took 0.077 seconds
[2026-09-16T10:30:02.283+0000] {processor.py:161} INFO - Started process (PID=655) to work on /opt/airflow/dags/data_extracter_dag.py
[2026-09-16T10:30:02.286+0000] {processor.py:830} INFO - Processing file /opt/airflow/dags/data_extracter_dag.py for tasks to queue
[2026-09-16T10:30:02.300+0000] {logging_mixin.py:188} INFO - [2026-09-16T10:30:02.294+0000] {dagbag.py:545} INFO - Filling up the DagBag from /opt/airflow/dags/data_extracter_dag.py
[2026-09-16T10:30:02.375+0000] {processor.py:840} INFO - DAG(s) 'data_extraction' retrieved from /opt/airflow/dags/data_extracter_dag.py
[2026-09-16T10:30:02.509+0000] {logging_mixin.py:188} INFO - [2026-09-16T10:30:02.508+0000] {dag.py:3096} INFO - Sync 1 DAGs
[2026-09-16T10:30:02.585+0000] {logging_mixin.py:188} INFO - [2026-09-16T10:30:02.585+0000] {dag.py:3954} INFO - Setting next_dagrun for data_extraction to None, run_after=None
[2026-09-16T10:30:02.677+0000] {processor.py:183} INFO - Processing /opt/airflow/dags/data_extracter_dag.py took 0.426 seconds
[2026-09-16T10:30:32.986+0000] {processor.py:161} INFO - Started process (PID=662) to work on /opt/airflow/dags/data_extracter_dag.py
[2026-09-16T10:30:32.995+0000] {processor.py:830} INFO - Processing file /opt/airflow/dags/data_extracter_dag.py for tasks to queue
[2026-09-16T10:30:33.004+0000] {logging_mixin.py:188} INFO - [2026-09-16T10:30:33.003+0000] {dagbag.py:545} INFO - Filling up the DagBag from /opt/airflow/dags/data_extracter_dag.py
[2026-09-16T10:30:33.072+0000] {processor.py:840} INFO - DAG(s) 'data_extraction' retrieved from /opt/airflow/dags/data_extracter_dag.py
[2026-09-16T10:30:33.281+0000] {logging_mixin.py:188} INFO - [2026-09-16T10:30:33.281+0000] {dag.py:3096} INFO - Sync 1 DAGs
[2026-09-16T10:30:33.497+0000] {logging_mixin.py:188} INFO - [2026-09-16T10:30:33.497+0000] {dag.py:3954} INFO - Setting next_dagrun for data_extraction to None, run_after=None
[2026-09-16T10:30:33.566+0000] {processor.py:183} INFO - Processing /opt/airflow/dags/data_extracter_dag.py took 0.617 seconds
[2026-09-16T10:31:03.659+0000] {processor.py:161} INFO - Started process (PID=669) to work on /opt/airflow/dags/data_extracter_dag.py
[2026-09-16T10:31:03.660+0000] {processor.py:830} INFO - Processing file /opt/airflow/dags/data_extracter_dag.py for tasks to queue
[2026-09-16T10:31:03.662+0000] {logging_mixin.py:188} INFO - [2026-09-16T10:31:03.662+0000] {dagbag.py:545} INFO - Filling up the DagBag from /opt/airflow/dags/data_extracter_dag.py
[2026-09-16T10:31:03.675+0000] {processor.py:840} INFO - DAG(s) 'data_extraction' retrieved from /opt/airflow/dags/data_extracter_dag.py
[2026-09-16T10:31:03.720+0000] {logging_mixin.py:188} INFO - [2026-09-16T10:31:03.720+0000] {dag.py:3096} INFO - Sync 1 DAGs
[2026-09-16T10:31:03.748+0000] {logging_mixin.py:188} INFO - [2026-09-16T10:31:03.747+0000] {dag.py:3954} INFO - Setting next_dagrun for data_extraction to None, run_after=None
[2026-09-16T10:31:03.770+0000] {processor.py:183} INFO - Processing /opt/airflow/dags/data_extracter_dag.py took 0.120 seconds
[2026-09-16T10:31:34.008+0000] {processor.py:161} INFO - Started process (PID=676) to work on /opt/airflow/dags/data_extracter_dag.py
[2026-09-16T10:31:34.013+0000] {processor.py:830} INFO - Processing file /opt/airflow/dags/data_extracter_dag.py for tasks to queue
[2026-09-16T10:31:34.015+0000] {logging_mixin.py:188} INFO - [2026-09-16T10:31:34.015+0000] {dagbag.py:545} INFO - Filling up the DagBag from /opt/airflow/dags/data_extracter_dag.py
[2026-09-16T10:31:34.027+0000] {processor.py:840} INFO - DAG(s) 'data_extraction' retrieved from /opt/airflow/dags/data_extracter_dag.py
[2026-09-16T10:31:34.052+0000] {logging_mixin.py:188} INFO - [2026-09-16T10:31:34.052+0000] {dag.py:3096} INFO - Sync 1 DAGs
[2026-09-16T10:31:34.062+0000] {logging_mixin.py:188} INFO - [2026-09-16T10:31:34.062+0000] {dag.py:3954} INFO - Setting next_dagrun for data_extraction to None, run_after=None
[2026-09-16T10:31:34.081+0000] {processor.py:183} INFO - Processing /opt/airflow/dags/data_extracter_dag.py took 0.078 seconds
[2026-09-16T10:32:04.346+0000] {processor.py:161} INFO - Started process (PID=683) to work on /opt/airflow/dags/data_extracter_dag.py
[2026-09-16T10:32:04.347+0000] {processor.py:830} INFO - Processing file /opt/airflow/dags/data_extracter_dag.py for tasks to queue
[2026-09-16T10:32:04.348+0000] {logging_mixin.py:188} INFO - [2026-09-16T10:32:04.348+0000] {dagbag.py:545} INFO - Filling up the DagBag from /opt/airflow/dags/data_extracter_dag.py
[2026-09-16T10:32:04.370+0000] {processor.py:840} INFO - DAG(s) 'data_extraction' retrieved from /opt/airflow/dags/data_extracter_dag.py
[2026-09-16T10:32:04.418+0000] {logging_mixin.py:188} INFO - [2026-09-16T10:32:04.418+0000] {dag.py:3096} INFO - Sync 1 DAGs
[2026-09-16T10:32:04.432+0000] {logging_mixin.py:188} INFO - [2026-09-16T10:32:04.431+0000] {dag.py:3954} INFO - Setting next_dagrun for data_extraction to None, run_after=None
[2026-09-16T10:32:04.456+0000] {processor.py:183} INFO - Processing /opt/airflow/dags/data_extracter_dag.py took 0.119 seconds
[2026-09-16T10:32:34.921+0000] {processor.py:161} INFO - Started process (PID=690) to work on /opt/airflow/dags/data_extracter_dag.py
[2026-09-16T10:32:34.925+0000] {processor.py:830} INFO - Processing file /opt/airflow/dags/data_extracter_dag.py for tasks to queue
[2026-09-16T10:32:34.927+0000] {logging_mixin.py:188} INFO - [2026-09-16T10:32:34.927+0000] {dagbag.py:545} INFO - Filling up the DagBag from /opt/airflow/dags/data_extracter_dag.py
[2026-09-16T10:32:34.941+0000] {processor.py:840} INFO - DAG(s) 'data_extraction' retrieved from /opt/airflow/dags/data_extracter_dag.py
[2026-09-16T10:32:34.976+0000] {logging_mixin.py:188} INFO - [2026-09-16T10:32:34.976+0000] {dag.py:3096} INFO - Sync 1 DAGs
[2026-09-16T10:32:34.988+0000] {logging_mixin.py:188} INFO - [2026-09-16T10:32:34.988+0000] {dag.py:3954} INFO - Setting next_dagrun for data_extraction to None, run_after=None
[2026-09-16T10:32:35.011+0000] {processor.py:183} INFO - Processing /opt/airflow/dags/data_extracter_dag.py took 0.098 seconds
[2026-09-16T10:33:05.689+0000] {processor.py:161} INFO - Started process (PID=697) to work on /opt/airflow/dags/data_extracter_dag.py
[2026-09-16T10:33:05.690+0000] {processor.py:830} INFO - Processing file /opt/airflow/dags/data_extracter_dag.py for tasks to queue
[2026-09-16T10:33:05.693+0000] {logging_mixin.py:188} INFO - [2026-09-16T10:33:05.693+0000] {dagbag.py:545} INFO - Filling up the DagBag from /opt/airflow/dags/data_extracter_dag.py
[2026-09-16T10:33:05.713+0000] {processor.py:840} INFO - DAG(s) 'data_extraction' retrieved from /opt/airflow/dags/data_extracter_dag.py
[2026-09-16T10:33:05.752+0000] {logging_mixin.py:188} INFO - [2026-09-16T10:33:05.751+0000] {dag.py:3096} INFO - Sync 1 DAGs
[2026-09-16T10:33:05.770+0000] {logging_mixin.py:188} INFO - [2026-09-16T10:33:05.769+0000] {dag.py:3954} INFO - Setting next_dagrun for data_extraction to None, run_after=None
[2026-09-16T10:33:05.800+0000] {processor.py:183} INFO - Processing /opt/airflow/dags/data_extracter_dag.py took 0.120 seconds
[2026-09-16T10:33:36.219+0000] {processor.py:161} INFO - Started process (PID=704) to work on /opt/airflow/dags/data_extracter_dag.py
[2026-09-16T10:33:36.224+0000] {processor.py:830} INFO - Processing file /opt/airflow/dags/data_extracter_dag.py for tasks to queue
[2026-09-16T10:33:36.226+0000] {logging_mixin.py:188} INFO - [2026-09-16T10:33:36.226+0000] {dagbag.py:545} INFO - Filling up the DagBag from /opt/airflow/dags/data_extracter_dag.py
[2026-09-16T10:33:36.239+0000] {processor.py:840} INFO - DAG(s) 'data_extraction' retrieved from /opt/airflow/dags/data_extracter_dag.py
[2026-09-16T10:33:36.267+0000] {logging_mixin.py:188} INFO - [2026-09-16T10:33:36.266+0000] {dag.py:3096} INFO - Sync 1 DAGs
[2026-09-16T10:33:36.282+0000] {logging_mixin.py:188} INFO - [2026-09-16T10:33:36.282+0000] {dag.py:3954} INFO - Setting next_dagrun for data_extraction to None, run_after=None
[2026-09-16T10:33:36.305+0000] {processor.py:183} INFO - Processing /opt/airflow/dags/data_extracter_dag.py took 0.091 seconds
[2026-09-16T10:34:06.834+0000] {processor.py:161} INFO - Started process (PID=711) to work on /opt/airflow/dags/data_extracter_dag.py
[2026-09-16T10:34:06.835+0000] {processor.py:830} INFO - Processing file /opt/airflow/dags/data_extracter_dag.py for tasks to queue
[2026-09-16T10:34:06.837+0000] {logging_mixin.py:188} INFO - [2026-09-16T10:34:06.836+0000] {dagbag.py:545} INFO - Filling up the DagBag from /opt/airflow/dags/data_extracter_dag.py
[2026-09-16T10:34:06.851+0000] {processor.py:840} INFO - DAG(s) 'data_extraction' retrieved from /opt/airflow/dags/data_extracter_dag.py
[2026-09-16T10:34:06.886+0000] {logging_mixin.py:188} INFO - [2026-09-16T10:34:06.886+0000] {dag.py:3096} INFO - Sync 1 DAGs
[2026-09-16T10:34:06.903+0000] {logging_mixin.py:188} INFO - [2026-09-16T10:34:06.902+0000] {dag.py:3954} INFO - Setting next_dagrun for data_extraction to None, run_after=None
[2026-09-16T10:34:06.926+0000] {processor.py:183} INFO - Processing /opt/airflow/dags/data_extracter_dag.py took 0.100 seconds
[2026-09-16T10:34:37.385+0000] {processor.py:161} INFO - Started process (PID=718) to work on /opt/airflow/dags/data_extracter_dag.py
[2026-09-16T10:34:37.390+0000] {processor.py:830} INFO - Processing file /opt/airflow/dags/data_extracter_dag.py for tasks to queue
[2026-09-16T10:34:37.393+0000] {logging_mixin.py:188} INFO - [2026-09-16T10:34:37.392+0000] {dagbag.py:545} INFO - Filling up the DagBag from /opt/airflow/dags/data_extracter_dag.py
[2026-09-16T10:34:37.409+0000] {processor.py:840} INFO - DAG(s) 'data_extraction' retrieved from /opt/airflow/dags/data_extracter_dag.py
[2026-09-16T10:34:37.445+0000] {logging_mixin.py:188} INFO - [2026-09-16T10:34:37.445+0000] {dag.py:3096} INFO - Sync 1 DAGs
[2026-09-16T10:34:37.458+0000] {logging_mixin.py:188} INFO - [2026-09-16T10:34:37.458+0000] {dag.py:3954} INFO - Setting next_dagrun for data_extraction to None, run_after=None
[2026-09-16T10:34:37.482+0000] {processor.py:183} INFO - Processing /opt/airflow/dags/data_extracter_dag.py took 0.105 seconds
[2026-09-16T10:35:08.191+0000] {processor.py:161} INFO - Started process (PID=719) to work on /opt/airflow/dags/data_extracter_dag.py
[2026-09-16T10:35:08.192+0000] {processor.py:830} INFO - Processing file /opt/airflow/dags/data_extracter_dag.py for tasks to queue
[2026-09-16T10:35:08.194+0000] {logging_mixin.py:188} INFO - [2026-09-16T10:35:08.194+0000] {dagbag.py:545} INFO - Filling up the DagBag from /opt/airflow/dags/data_extracter_dag.py
[2026-09-16T10:35:08.209+0000] {processor.py:840} INFO - DAG(s) 'data_extraction' retrieved from /opt/airflow/dags/data_extracter_dag.py
[2026-09-16T10:35:08.245+0000] {logging_mixin.py:188} INFO - [2026-09-16T10:35:08.245+0000] {dag.py:3096} INFO - Sync 1 DAGs
[2026-09-16T10:35:08.257+0000] {logging_mixin.py:188} INFO - [2026-09-16T10:35:08.257+0000] {dag.py:3954} INFO - Setting next_dagrun for data_extraction to None, run_after=None
[2026-09-16T10:35:08.283+0000] {processor.py:183} INFO - Processing /opt/airflow/dags/data_extracter_dag.py took 0.100 seconds
[2026-09-16T10:35:38.730+0000] {processor.py:161} INFO - Started process (PID=727) to work on /opt/airflow/dags/data_extracter_dag.py
[2026-09-16T10:35:38.736+0000] {processor.py:830} INFO - Processing file /opt/airflow/dags/data_extracter_dag.py for tasks to queue
[2026-09-16T10:35:38.738+0000] {logging_mixin.py:188} INFO - [2026-09-16T10:35:38.738+0000] {dagbag.py:545} INFO - Filling up the DagBag from /opt/airflow/dags/data_extracter_dag.py
[2026-09-16T10:35:38.757+0000] {processor.py:840} INFO - DAG(s) 'data_extraction' retrieved from /opt/airflow/dags/data_extracter_dag.py
[2026-09-16T10:35:38.802+0000] {logging_mixin.py:188} INFO - [2026-09-16T10:35:38.801+0000] {dag.py:3096} INFO - Sync 1 DAGs
[2026-09-16T10:35:38.819+0000] {logging_mixin.py:188} INFO - [2026-09-16T10:35:38.819+0000] {dag.py:3954} INFO - Setting next_dagrun for data_extraction to None, run_after=None
[2026-09-16T10:35:38.843+0000] {processor.py:183} INFO - Processing /opt/airflow/dags/data_extracter_dag.py took 0.124 seconds
[2026-09-16T10:36:09.278+0000] {processor.py:161} INFO - Started process (PID=734) to work on /opt/airflow/dags/data_extracter_dag.py
[2026-09-16T10:36:09.279+0000] {processor.py:830} INFO - Processing file /opt/airflow/dags/data_extracter_dag.py for tasks to queue
[2026-09-16T10:36:09.281+0000] {logging_mixin.py:188} INFO - [2026-09-16T10:36:09.281+0000] {dagbag.py:545} INFO - Filling up the DagBag from /opt/airflow/dags/data_extracter_dag.py
[2026-09-16T10:36:09.300+0000] {processor.py:840} INFO - DAG(s) 'data_extraction' retrieved from /opt/airflow/dags/data_extracter_dag.py
[2026-09-16T10:36:09.330+0000] {logging_mixin.py:188} INFO - [2026-09-16T10:36:09.330+0000] {dag.py:3096} INFO - Sync 1 DAGs
[2026-09-16T10:36:09.344+0000] {logging_mixin.py:188} INFO - [2026-09-16T10:36:09.343+0000] {dag.py:3954} INFO - Setting next_dagrun for data_extraction to None, run_after=None
[2026-09-16T10:36:09.370+0000] {processor.py:183} INFO - Processing /opt/airflow/dags/data_extracter_dag.py took 0.098 seconds
[2026-09-16T10:36:41.654+0000] {processor.py:161} INFO - Started process (PID=741) to work on /opt/airflow/dags/data_extracter_dag.py
[2026-09-16T10:36:41.655+0000] {processor.py:830} INFO - Processing file /opt/airflow/dags/data_extracter_dag.py for tasks to queue
[2026-09-16T10:36:41.658+0000] {logging_mixin.py:188} INFO - [2026-09-16T10:36:41.657+0000] {dagbag.py:545} INFO - Filling up the DagBag from /opt/airflow/dags/data_extracter_dag.py
[2026-09-16T10:36:41.668+0000] {processor.py:840} INFO - DAG(s) 'data_extraction' retrieved from /opt/airflow/dags/data_extracter_dag.py
[2026-09-16T10:36:41.702+0000] {logging_mixin.py:188} INFO - [2026-09-16T10:36:41.702+0000] {dag.py:3096} INFO - Sync 1 DAGs
[2026-09-16T10:36:41.711+0000] {logging_mixin.py:188} INFO - [2026-09-16T10:36:41.711+0000] {dag.py:3954} INFO - Setting next_dagrun for data_extraction to None, run_after=None
[2026-09-16T10:36:41.732+0000] {processor.py:183} INFO - Processing /opt/airflow/dags/data_extracter_dag.py took 0.084 seconds
[2026-09-16T10:37:14.490+0000] {processor.py:161} INFO - Started process (PID=748) to work on /opt/airflow/dags/data_extracter_dag.py
[2026-09-16T10:37:14.492+0000] {processor.py:830} INFO - Processing file /opt/airflow/dags/data_extracter_dag.py for tasks to queue
[2026-09-16T10:37:14.494+0000] {logging_mixin.py:188} INFO - [2026-09-16T10:37:14.493+0000] {dagbag.py:545} INFO - Filling up the DagBag from /opt/airflow/dags/data_extracter_dag.py
[2026-09-16T10:37:14.508+0000] {processor.py:840} INFO - DAG(s) 'data_extraction' retrieved from /opt/airflow/dags/data_extracter_dag.py
[2026-09-16T10:37:14.537+0000] {logging_mixin.py:188} INFO - [2026-09-16T10:37:14.537+0000] {dag.py:3096} INFO - Sync 1 DAGs
[2026-09-16T10:37:14.550+0000] {logging_mixin.py:188} INFO - [2026-09-16T10:37:14.550+0000] {dag.py:3954} INFO - Setting next_dagrun for data_extraction to None, run_after=None
[2026-09-16T10:37:14.595+0000] {processor.py:183} INFO - Processing /opt/airflow/dags/data_extracter_dag.py took 0.110 seconds
[2026-09-16T10:37:45.878+0000] {processor.py:161} INFO - Started process (PID=755) to work on /opt/airflow/dags/data_extracter_dag.py
[2026-09-16T10:37:45.878+0000] {processor.py:830} INFO - Processing file /opt/airflow/dags/data_extracter_dag.py for tasks to queue
[2026-09-16T10:37:45.880+0000] {logging_mixin.py:188} INFO - [2026-09-16T10:37:45.880+0000] {dagbag.py:545} INFO - Filling up the DagBag from /opt/airflow/dags/data_extracter_dag.py
[2026-09-16T10:37:45.892+0000] {processor.py:840} INFO - DAG(s) 'data_extraction' retrieved from /opt/airflow/dags/data_extracter_dag.py
[2026-09-16T10:37:45.928+0000] {logging_mixin.py:188} INFO - [2026-09-16T10:37:45.927+0000] {dag.py:3096} INFO - Sync 1 DAGs
[2026-09-16T10:37:45.940+0000] {logging_mixin.py:188} INFO - [2026-09-16T10:37:45.940+0000] {dag.py:3954} INFO - Setting next_dagrun for data_extraction to None, run_after=None
[2026-09-16T10:37:45.967+0000] {processor.py:183} INFO - Processing /opt/airflow/dags/data_extracter_dag.py took 0.096 seconds
[2026-09-16T10:38:18.411+0000] {processor.py:161} INFO - Started process (PID=762) to work on /opt/airflow/dags/data_extracter_dag.py
[2026-09-16T10:38:18.413+0000] {processor.py:830} INFO - Processing file /opt/airflow/dags/data_extracter_dag.py for tasks to queue
[2026-09-16T10:38:18.416+0000] {logging_mixin.py:188} INFO - [2026-09-16T10:38:18.416+0000] {dagbag.py:545} INFO - Filling up the DagBag from /opt/airflow/dags/data_extracter_dag.py
[2026-09-16T10:38:18.435+0000] {processor.py:840} INFO - DAG(s) 'data_extraction' retrieved from /opt/airflow/dags/data_extracter_dag.py
[2026-09-16T10:38:18.478+0000] {logging_mixin.py:188} INFO - [2026-09-16T10:38:18.477+0000] {dag.py:3096} INFO - Sync 1 DAGs
[2026-09-16T10:38:18.492+0000] {logging_mixin.py:188} INFO - [2026-09-16T10:38:18.491+0000] {dag.py:3954} INFO - Setting next_dagrun for data_extraction to None, run_after=None
[2026-09-16T10:38:18.526+0000] {processor.py:183} INFO - Processing /opt/airflow/dags/data_extracter_dag.py took 0.129 seconds
[2026-09-16T10:38:50.861+0000] {processor.py:161} INFO - Started process (PID=769) to work on /opt/airflow/dags/data_extracter_dag.py
[2026-09-16T10:38:50.862+0000] {processor.py:830} INFO - Processing file /opt/airflow/dags/data_extracter_dag.py for tasks to queue
[2026-09-16T10:38:50.865+0000] {logging_mixin.py:188} INFO - [2026-09-16T10:38:50.864+0000] {dagbag.py:545} INFO - Filling up the DagBag from /opt/airflow/dags/data_extracter_dag.py
[2026-09-16T10:38:50.881+0000] {processor.py:840} INFO - DAG(s) 'data_extraction' retrieved from /opt/airflow/dags/data_extracter_dag.py
[2026-09-16T10:38:50.925+0000] {logging_mixin.py:188} INFO - [2026-09-16T10:38:50.925+0000] {dag.py:3096} INFO - Sync 1 DAGs
[2026-09-16T10:38:50.936+0000] {logging_mixin.py:188} INFO - [2026-09-16T10:38:50.936+0000] {dag.py:3954} INFO - Setting next_dagrun for data_extraction to None, run_after=None
[2026-09-16T10:38:50.963+0000] {processor.py:183} INFO - Processing /opt/airflow/dags/data_extracter_dag.py took 0.111 seconds
[2026-09-16T10:39:23.476+0000] {processor.py:161} INFO - Started process (PID=776) to work on /opt/airflow/dags/data_extracter_dag.py
[2026-09-16T10:39:23.481+0000] {processor.py:830} INFO - Processing file /opt/airflow/dags/data_extracter_dag.py for tasks to queue
[2026-09-16T10:39:23.483+0000] {logging_mixin.py:188} INFO - [2026-09-16T10:39:23.483+0000] {dagbag.py:545} INFO - Filling up the DagBag from /opt/airflow/dags/data_extracter_dag.py
[2026-09-16T10:39:23.499+0000] {processor.py:840} INFO - DAG(s) 'data_extraction' retrieved from /opt/airflow/dags/data_extracter_dag.py
[2026-09-16T10:39:23.535+0000] {logging_mixin.py:188} INFO - [2026-09-16T10:39:23.535+0000] {dag.py:3096} INFO - Sync 1 DAGs
[2026-09-16T10:39:23.551+0000] {logging_mixin.py:188} INFO - [2026-09-16T10:39:23.550+0000] {dag.py:3954} INFO - Setting next_dagrun for data_extraction to None, run_after=None
[2026-09-16T10:39:23.586+0000] {processor.py:183} INFO - Processing /opt/airflow/dags/data_extracter_dag.py took 0.118 seconds
[2026-09-16T10:39:55.060+0000] {processor.py:161} INFO - Started process (PID=783) to work on /opt/airflow/dags/data_extracter_dag.py
[2026-09-16T10:39:55.061+0000] {processor.py:830} INFO - Processing file /opt/airflow/dags/data_extracter_dag.py for tasks to queue
[2026-09-16T10:39:55.064+0000] {logging_mixin.py:188} INFO - [2026-09-16T10:39:55.063+0000] {dagbag.py:545} INFO - Filling up the DagBag from /opt/airflow/dags/data_extracter_dag.py
[2026-09-16T10:39:55.083+0000] {processor.py:840} INFO - DAG(s) 'data_extraction' retrieved from /opt/airflow/dags/data_extracter_dag.py
[2026-09-16T10:39:55.121+0000] {logging_mixin.py:188} INFO - [2026-09-16T10:39:55.121+0000] {dag.py:3096} INFO - Sync 1 DAGs
[2026-09-16T10:39:55.133+0000] {logging_mixin.py:188} INFO - [2026-09-16T10:39:55.133+0000] {dag.py:3954} INFO - Setting next_dagrun for data_extraction to None, run_after=None
[2026-09-16T10:39:55.156+0000] {processor.py:183} INFO - Processing /opt/airflow/dags/data_extracter_dag.py took 0.108 seconds
[2026-09-16T10:40:27.539+0000] {processor.py:161} INFO - Started process (PID=790) to work on /opt/airflow/dags/data_extracter_dag.py
[2026-09-16T10:40:27.541+0000] {processor.py:830} INFO - Processing file /opt/airflow/dags/data_extracter_dag.py for tasks to queue
[2026-09-16T10:40:27.543+0000] {logging_mixin.py:188} INFO - [2026-09-16T10:40:27.543+0000] {dagbag.py:545} INFO - Filling up the DagBag from /opt/airflow/dags/data_extracter_dag.py
[2026-09-16T10:40:27.556+0000] {processor.py:840} INFO - DAG(s) 'data_extraction' retrieved from /opt/airflow/dags/data_extracter_dag.py
[2026-09-16T10:40:27.590+0000] {logging_mixin.py:188} INFO - [2026-09-16T10:40:27.590+0000] {dag.py:3096} INFO - Sync 1 DAGs
[2026-09-16T10:40:27.602+0000] {logging_mixin.py:188} INFO - [2026-09-16T10:40:27.602+0000] {dag.py:3954} INFO - Setting next_dagrun for data_extraction to None, run_after=None
[2026-09-16T10:40:27.630+0000] {processor.py:183} INFO - Processing /opt/airflow/dags/data_extracter_dag.py took 0.097 seconds
[2026-09-16T10:41:00.014+0000] {processor.py:161} INFO - Started process (PID=797) to work on /opt/airflow/dags/data_extracter_dag.py
[2026-09-16T10:41:00.015+0000] {processor.py:830} INFO - Processing file /opt/airflow/dags/data_extracter_dag.py for tasks to queue
[2026-09-16T10:41:00.017+0000] {logging_mixin.py:188} INFO - [2026-09-16T10:41:00.017+0000] {dagbag.py:545} INFO - Filling up the DagBag from /opt/airflow/dags/data_extracter_dag.py
[2026-09-16T10:41:00.032+0000] {processor.py:840} INFO - DAG(s) 'data_extraction' retrieved from /opt/airflow/dags/data_extracter_dag.py
[2026-09-16T10:41:00.084+0000] {logging_mixin.py:188} INFO - [2026-09-16T10:41:00.083+0000] {dag.py:3096} INFO - Sync 1 DAGs
[2026-09-16T10:41:00.100+0000] {logging_mixin.py:188} INFO - [2026-09-16T10:41:00.099+0000] {dag.py:3954} INFO - Setting next_dagrun for data_extraction to None, run_after=None
[2026-09-16T10:41:00.122+0000] {processor.py:183} INFO - Processing /opt/airflow/dags/data_extracter_dag.py took 0.115 seconds
[2026-09-16T10:41:32.598+0000] {processor.py:161} INFO - Started process (PID=804) to work on /opt/airflow/dags/data_extracter_dag.py
[2026-09-16T10:41:32.600+0000] {processor.py:830} INFO - Processing file /opt/airflow/dags/data_extracter_dag.py for tasks to queue
[2026-09-16T10:41:32.602+0000] {logging_mixin.py:188} INFO - [2026-09-16T10:41:32.602+0000] {dagbag.py:545} INFO - Filling up the DagBag from /opt/airflow/dags/data_extracter_dag.py
[2026-09-16T10:41:32.616+0000] {processor.py:840} INFO - DAG(s) 'data_extraction' retrieved from /opt/airflow/dags/data_extracter_dag.py
[2026-09-16T10:41:32.648+0000] {logging_mixin.py:188} INFO - [2026-09-16T10:41:32.647+0000] {dag.py:3096} INFO - Sync 1 DAGs
[2026-09-16T10:41:32.659+0000] {logging_mixin.py:188} INFO - [2026-09-16T10:41:32.658+0000] {dag.py:3954} INFO - Setting next_dagrun for data_extraction to None, run_after=None
[2026-09-16T10:41:32.685+0000] {processor.py:183} INFO - Processing /opt/airflow/dags/data_extracter_dag.py took 0.095 seconds
[2026-09-16T10:42:05.090+0000] {processor.py:161} INFO - Started process (PID=811) to work on /opt/airflow/dags/data_extracter_dag.py
[2026-09-16T10:42:05.092+0000] {processor.py:830} INFO - Processing file /opt/airflow/dags/data_extracter_dag.py for tasks to queue
[2026-09-16T10:42:05.094+0000] {logging_mixin.py:188} INFO - [2026-09-16T10:42:05.093+0000] {dagbag.py:545} INFO - Filling up the DagBag from /opt/airflow/dags/data_extracter_dag.py
[2026-09-16T10:42:05.106+0000] {processor.py:840} INFO - DAG(s) 'data_extraction' retrieved from /opt/airflow/dags/data_extracter_dag.py
[2026-09-16T10:42:05.139+0000] {logging_mixin.py:188} INFO - [2026-09-16T10:42:05.139+0000] {dag.py:3096} INFO - Sync 1 DAGs
[2026-09-16T10:42:05.158+0000] {logging_mixin.py:188} INFO - [2026-09-16T10:42:05.158+0000] {dag.py:3954} INFO - Setting next_dagrun for data_extraction to None, run_after=None
[2026-09-16T10:42:05.188+0000] {processor.py:183} INFO - Processing /opt/airflow/dags/data_extracter_dag.py took 0.104 seconds
[2026-09-16T10:42:36.663+0000] {processor.py:161} INFO - Started process (PID=818) to work on /opt/airflow/dags/data_extracter_dag.py
[2026-09-16T10:42:36.664+0000] {processor.py:830} INFO - Processing file /opt/airflow/dags/data_extracter_dag.py for tasks to queue
[2026-09-16T10:42:36.668+0000] {logging_mixin.py:188} INFO - [2026-09-16T10:42:36.666+0000] {dagbag.py:545} INFO - Filling up the DagBag from /opt/airflow/dags/data_extracter_dag.py
[2026-09-16T10:42:36.682+0000] {processor.py:840} INFO - DAG(s) 'data_extraction' retrieved from /opt/airflow/dags/data_extracter_dag.py
[2026-09-16T10:42:36.712+0000] {logging_mixin.py:188} INFO - [2026-09-16T10:42:36.712+0000] {dag.py:3096} INFO - Sync 1 DAGs
[2026-09-16T10:42:36.723+0000] {logging_mixin.py:188} INFO - [2026-09-16T10:42:36.723+0000] {dag.py:3954} INFO - Setting next_dagrun for data_extraction to None, run_after=None
[2026-09-16T10:42:36.750+0000] {processor.py:183} INFO - Processing /opt/airflow/dags/data_extracter_dag.py took 0.096 seconds
[2026-09-16T10:43:09.171+0000] {processor.py:161} INFO - Started process (PID=825) to work on /opt/airflow/dags/data_extracter_dag.py
[2026-09-16T10:43:09.176+0000] {processor.py:830} INFO - Processing file /opt/airflow/dags/data_extracter_dag.py for tasks to queue
[2026-09-16T10:43:09.178+0000] {logging_mixin.py:188} INFO - [2026-09-16T10:43:09.178+0000] {dagbag.py:545} INFO - Filling up the DagBag from /opt/airflow/dags/data_extracter_dag.py
[2026-09-16T10:43:09.197+0000] {processor.py:840} INFO - DAG(s) 'data_extraction' retrieved from /opt/airflow/dags/data_extracter_dag.py
[2026-09-16T10:43:09.252+0000] {logging_mixin.py:188} INFO - [2026-09-16T10:43:09.252+0000] {dag.py:3096} INFO - Sync 1 DAGs
[2026-09-16T10:43:09.266+0000] {logging_mixin.py:188} INFO - [2026-09-16T10:43:09.266+0000] {dag.py:3954} INFO - Setting next_dagrun for data_extraction to None, run_after=None
[2026-09-16T10:43:09.287+0000] {processor.py:183} INFO - Processing /opt/airflow/dags/data_extracter_dag.py took 0.121 seconds
[2026-09-16T10:43:41.754+0000] {processor.py:161} INFO - Started process (PID=832) to work on /opt/airflow/dags/data_extracter_dag.py
[2026-09-16T10:43:41.756+0000] {processor.py:830} INFO - Processing file /opt/airflow/dags/data_extracter_dag.py for tasks to queue
[2026-09-16T10:43:41.759+0000] {logging_mixin.py:188} INFO - [2026-09-16T10:43:41.759+0000] {dagbag.py:545} INFO - Filling up the DagBag from /opt/airflow/dags/data_extracter_dag.py
[2026-09-16T10:43:41.772+0000] {processor.py:840} INFO - DAG(s) 'data_extraction' retrieved from /opt/airflow/dags/data_extracter_dag.py
[2026-09-16T10:43:41.804+0000] {logging_mixin.py:188} INFO - [2026-09-16T10:43:41.803+0000] {dag.py:3096} INFO - Sync 1 DAGs
[2026-09-16T10:43:41.817+0000] {logging_mixin.py:188} INFO - [2026-09-16T10:43:41.817+0000] {dag.py:3954} INFO - Setting next_dagrun for data_extraction to None, run_after=None
[2026-09-16T10:43:41.842+0000] {processor.py:183} INFO - Processing /opt/airflow/dags/data_extracter_dag.py took 0.101 seconds
[2026-09-16T10:44:14.242+0000] {processor.py:161} INFO - Started process (PID=839) to work on /opt/airflow/dags/data_extracter_dag.py
[2026-09-16T10:44:14.247+0000] {processor.py:830} INFO - Processing file /opt/airflow/dags/data_extracter_dag.py for tasks to queue
[2026-09-16T10:44:14.251+0000] {logging_mixin.py:188} INFO - [2026-09-16T10:44:14.250+0000] {dagbag.py:545} INFO - Filling up the DagBag from /opt/airflow/dags/data_extracter_dag.py
[2026-09-16T10:44:14.291+0000] {processor.py:840} INFO - DAG(s) 'data_extraction' retrieved from /opt/airflow/dags/data_extracter_dag.py
[2026-09-16T10:44:14.341+0000] {logging_mixin.py:188} INFO - [2026-09-16T10:44:14.340+0000] {dag.py:3096} INFO - Sync 1 DAGs
[2026-09-16T10:44:14.355+0000] {logging_mixin.py:188} INFO - [2026-09-16T10:44:14.355+0000] {dag.py:3954} INFO - Setting next_dagrun for data_extraction to None, run_after=None
[2026-09-16T10:44:14.392+0000] {processor.py:183} INFO - Processing /opt/airflow/dags/data_extracter_dag.py took 0.163 seconds
[2026-09-16T10:44:45.876+0000] {processor.py:161} INFO - Started process (PID=846) to work on /opt/airflow/dags/data_extracter_dag.py
[2026-09-16T10:44:45.877+0000] {processor.py:830} INFO - Processing file /opt/airflow/dags/data_extracter_dag.py for tasks to queue
[2026-09-16T10:44:45.878+0000] {logging_mixin.py:188} INFO - [2026-09-16T10:44:45.878+0000] {dagbag.py:545} INFO - Filling up the DagBag from /opt/airflow/dags/data_extracter_dag.py
[2026-09-16T10:44:45.891+0000] {processor.py:840} INFO - DAG(s) 'data_extraction' retrieved from /opt/airflow/dags/data_extracter_dag.py
[2026-09-16T10:44:45.923+0000] {logging_mixin.py:188} INFO - [2026-09-16T10:44:45.923+0000] {dag.py:3096} INFO - Sync 1 DAGs
[2026-09-16T10:44:45.935+0000] {logging_mixin.py:188} INFO - [2026-09-16T10:44:45.935+0000] {dag.py:3954} INFO - Setting next_dagrun for data_extraction to None, run_after=None
[2026-09-16T10:44:45.960+0000] {processor.py:183} INFO - Processing /opt/airflow/dags/data_extracter_dag.py took 0.092 seconds
[2026-09-16T10:45:18.162+0000] {processor.py:161} INFO - Started process (PID=853) to work on /opt/airflow/dags/data_extracter_dag.py
[2026-09-16T10:45:18.167+0000] {processor.py:830} INFO - Processing file /opt/airflow/dags/data_extracter_dag.py for tasks to queue
[2026-09-16T10:45:18.170+0000] {logging_mixin.py:188} INFO - [2026-09-16T10:45:18.169+0000] {dagbag.py:545} INFO - Filling up the DagBag from /opt/airflow/dags/data_extracter_dag.py
[2026-09-16T10:45:18.183+0000] {processor.py:840} INFO - DAG(s) 'data_extraction' retrieved from /opt/airflow/dags/data_extracter_dag.py
[2026-09-16T10:45:18.218+0000] {logging_mixin.py:188} INFO - [2026-09-16T10:45:18.218+0000] {dag.py:3096} INFO - Sync 1 DAGs
[2026-09-16T10:45:18.230+0000] {logging_mixin.py:188} INFO - [2026-09-16T10:45:18.230+0000] {dag.py:3954} INFO - Setting next_dagrun for data_extraction to None, run_after=None
[2026-09-16T10:45:18.254+0000] {processor.py:183} INFO - Processing /opt/airflow/dags/data_extracter_dag.py took 0.099 seconds
[2026-09-16T10:45:50.764+0000] {processor.py:161} INFO - Started process (PID=860) to work on /opt/airflow/dags/data_extracter_dag.py
[2026-09-16T10:45:50.765+0000] {processor.py:830} INFO - Processing file /opt/airflow/dags/data_extracter_dag.py for tasks to queue
[2026-09-16T10:45:50.767+0000] {logging_mixin.py:188} INFO - [2026-09-16T10:45:50.766+0000] {dagbag.py:545} INFO - Filling up the DagBag from /opt/airflow/dags/data_extracter_dag.py
[2026-09-16T10:45:50.780+0000] {processor.py:840} INFO - DAG(s) 'data_extraction' retrieved from /opt/airflow/dags/data_extracter_dag.py
[2026-09-16T10:45:50.813+0000] {logging_mixin.py:188} INFO - [2026-09-16T10:45:50.813+0000] {dag.py:3096} INFO - Sync 1 DAGs
[2026-09-16T10:45:50.823+0000] {logging_mixin.py:188} INFO - [2026-09-16T10:45:50.823+0000] {dag.py:3954} INFO - Setting next_dagrun for data_extraction to None, run_after=None
[2026-09-16T10:45:50.850+0000] {processor.py:183} INFO - Processing /opt/airflow/dags/data_extracter_dag.py took 0.092 seconds
[2026-09-16T10:46:23.814+0000] {processor.py:161} INFO - Started process (PID=867) to work on /opt/airflow/dags/data_extracter_dag.py
[2026-09-16T10:46:23.819+0000] {processor.py:830} INFO - Processing file /opt/airflow/dags/data_extracter_dag.py for tasks to queue
[2026-09-16T10:46:23.821+0000] {logging_mixin.py:188} INFO - [2026-09-16T10:46:23.820+0000] {dagbag.py:545} INFO - Filling up the DagBag from /opt/airflow/dags/data_extracter_dag.py
[2026-09-16T10:46:23.834+0000] {processor.py:840} INFO - DAG(s) 'data_extraction' retrieved from /opt/airflow/dags/data_extracter_dag.py
[2026-09-16T10:46:23.868+0000] {logging_mixin.py:188} INFO - [2026-09-16T10:46:23.867+0000] {dag.py:3096} INFO - Sync 1 DAGs
[2026-09-16T10:46:23.879+0000] {logging_mixin.py:188} INFO - [2026-09-16T10:46:23.879+0000] {dag.py:3954} INFO - Setting next_dagrun for data_extraction to None, run_after=None
[2026-09-16T10:46:23.906+0000] {processor.py:183} INFO - Processing /opt/airflow/dags/data_extracter_dag.py took 0.099 seconds
[2026-09-16T10:46:56.391+0000] {processor.py:161} INFO - Started process (PID=874) to work on /opt/airflow/dags/data_extracter_dag.py
[2026-09-16T10:46:56.392+0000] {processor.py:830} INFO - Processing file /opt/airflow/dags/data_extracter_dag.py for tasks to queue
[2026-09-16T10:46:56.394+0000] {logging_mixin.py:188} INFO - [2026-09-16T10:46:56.394+0000] {dagbag.py:545} INFO - Filling up the DagBag from /opt/airflow/dags/data_extracter_dag.py
[2026-09-16T10:46:56.411+0000] {processor.py:840} INFO - DAG(s) 'data_extraction' retrieved from /opt/airflow/dags/data_extracter_dag.py
[2026-09-16T10:46:56.450+0000] {logging_mixin.py:188} INFO - [2026-09-16T10:46:56.450+0000] {dag.py:3096} INFO - Sync 1 DAGs
[2026-09-16T10:46:56.464+0000] {logging_mixin.py:188} INFO - [2026-09-16T10:46:56.463+0000] {dag.py:3954} INFO - Setting next_dagrun for data_extraction to None, run_after=None
[2026-09-16T10:46:56.491+0000] {processor.py:183} INFO - Processing /opt/airflow/dags/data_extracter_dag.py took 0.110 seconds
[2026-09-16T10:47:27.967+0000] {processor.py:161} INFO - Started process (PID=881) to work on /opt/airflow/dags/data_extracter_dag.py
[2026-09-16T10:47:27.972+0000] {processor.py:830} INFO - Processing file /opt/airflow/dags/data_extracter_dag.py for tasks to queue
[2026-09-16T10:47:27.974+0000] {logging_mixin.py:188} INFO - [2026-09-16T10:47:27.973+0000] {dagbag.py:545} INFO - Filling up the DagBag from /opt/airflow/dags/data_extracter_dag.py
[2026-09-16T10:47:27.986+0000] {processor.py:840} INFO - DAG(s) 'data_extraction' retrieved from /opt/airflow/dags/data_extracter_dag.py
[2026-09-16T10:47:28.022+0000] {logging_mixin.py:188} INFO - [2026-09-16T10:47:28.022+0000] {dag.py:3096} INFO - Sync 1 DAGs
[2026-09-16T10:47:28.032+0000] {logging_mixin.py:188} INFO - [2026-09-16T10:47:28.032+0000] {dag.py:3954} INFO - Setting next_dagrun for data_extraction to None, run_after=None
[2026-09-16T10:47:28.059+0000] {processor.py:183} INFO - Processing /opt/airflow/dags/data_extracter_dag.py took 0.101 seconds
[2026-09-16T10:48:00.782+0000] {processor.py:161} INFO - Started process (PID=888) to work on /opt/airflow/dags/data_extracter_dag.py
[2026-09-16T10:48:00.783+0000] {processor.py:830} INFO - Processing file /opt/airflow/dags/data_extracter_dag.py for tasks to queue
[2026-09-16T10:48:00.787+0000] {logging_mixin.py:188} INFO - [2026-09-16T10:48:00.786+0000] {dagbag.py:545} INFO - Filling up the DagBag from /opt/airflow/dags/data_extracter_dag.py
[2026-09-16T10:48:00.803+0000] {processor.py:840} INFO - DAG(s) 'data_extraction' retrieved from /opt/airflow/dags/data_extracter_dag.py
[2026-09-16T10:48:00.834+0000] {logging_mixin.py:188} INFO - [2026-09-16T10:48:00.834+0000] {dag.py:3096} INFO - Sync 1 DAGs
[2026-09-16T10:48:00.845+0000] {logging_mixin.py:188} INFO - [2026-09-16T10:48:00.845+0000] {dag.py:3954} INFO - Setting next_dagrun for data_extraction to None, run_after=None
[2026-09-16T10:48:00.875+0000] {processor.py:183} INFO - Processing /opt/airflow/dags/data_extracter_dag.py took 0.099 seconds
[2026-09-16T10:48:33.359+0000] {processor.py:161} INFO - Started process (PID=895) to work on /opt/airflow/dags/data_extracter_dag.py
[2026-09-16T10:48:33.365+0000] {processor.py:830} INFO - Processing file /opt/airflow/dags/data_extracter_dag.py for tasks to queue
[2026-09-16T10:48:33.368+0000] {logging_mixin.py:188} INFO - [2026-09-16T10:48:33.368+0000] {dagbag.py:545} INFO - Filling up the DagBag from /opt/airflow/dags/data_extracter_dag.py
[2026-09-16T10:48:33.386+0000] {processor.py:840} INFO - DAG(s) 'data_extraction' retrieved from /opt/airflow/dags/data_extracter_dag.py
[2026-09-16T10:48:33.424+0000] {logging_mixin.py:188} INFO - [2026-09-16T10:48:33.423+0000] {dag.py:3096} INFO - Sync 1 DAGs
[2026-09-16T10:48:33.437+0000] {logging_mixin.py:188} INFO - [2026-09-16T10:48:33.437+0000] {dag.py:3954} INFO - Setting next_dagrun for data_extraction to None, run_after=None
[2026-09-16T10:48:33.464+0000] {processor.py:183} INFO - Processing /opt/airflow/dags/data_extracter_dag.py took 0.115 seconds
[2026-09-16T10:49:05.945+0000] {processor.py:161} INFO - Started process (PID=902) to work on /opt/airflow/dags/data_extracter_dag.py
[2026-09-16T10:49:05.946+0000] {processor.py:830} INFO - Processing file /opt/airflow/dags/data_extracter_dag.py for tasks to queue
[2026-09-16T10:49:05.949+0000] {logging_mixin.py:188} INFO - [2026-09-16T10:49:05.948+0000] {dagbag.py:545} INFO - Filling up the DagBag from /opt/airflow/dags/data_extracter_dag.py
[2026-09-16T10:49:05.964+0000] {processor.py:840} INFO - DAG(s) 'data_extraction' retrieved from /opt/airflow/dags/data_extracter_dag.py
[2026-09-16T10:49:06.009+0000] {logging_mixin.py:188} INFO - [2026-09-16T10:49:06.009+0000] {dag.py:3096} INFO - Sync 1 DAGs
[2026-09-16T10:49:06.028+0000] {logging_mixin.py:188} INFO - [2026-09-16T10:49:06.028+0000] {dag.py:3954} INFO - Setting next_dagrun for data_extraction to None, run_after=None
[2026-09-16T10:49:06.056+0000] {processor.py:183} INFO - Processing /opt/airflow/dags/data_extracter_dag.py took 0.119 seconds
[2026-09-16T10:49:37.780+0000] {processor.py:161} INFO - Started process (PID=910) to work on /opt/airflow/dags/data_extracter_dag.py
[2026-09-16T10:49:37.785+0000] {processor.py:830} INFO - Processing file /opt/airflow/dags/data_extracter_dag.py for tasks to queue
[2026-09-16T10:49:37.787+0000] {logging_mixin.py:188} INFO - [2026-09-16T10:49:37.787+0000] {dagbag.py:545} INFO - Filling up the DagBag from /opt/airflow/dags/data_extracter_dag.py
[2026-09-16T10:49:37.801+0000] {processor.py:840} INFO - DAG(s) 'data_extraction' retrieved from /opt/airflow/dags/data_extracter_dag.py
[2026-09-16T10:49:37.837+0000] {logging_mixin.py:188} INFO - [2026-09-16T10:49:37.837+0000] {dag.py:3096} INFO - Sync 1 DAGs
[2026-09-16T10:49:37.852+0000] {logging_mixin.py:188} INFO - [2026-09-16T10:49:37.852+0000] {dag.py:3954} INFO - Setting next_dagrun for data_extraction to None, run_after=None
[2026-09-16T10:49:37.876+0000] {processor.py:183} INFO - Processing /opt/airflow/dags/data_extracter_dag.py took 0.102 seconds
[2026-09-16T10:50:10.804+0000] {processor.py:161} INFO - Started process (PID=917) to work on /opt/airflow/dags/data_extracter_dag.py
[2026-09-16T10:50:10.805+0000] {processor.py:830} INFO - Processing file /opt/airflow/dags/data_extracter_dag.py for tasks to queue
[2026-09-16T10:50:10.807+0000] {logging_mixin.py:188} INFO - [2026-09-16T10:50:10.807+0000] {dagbag.py:545} INFO - Filling up the DagBag from /opt/airflow/dags/data_extracter_dag.py
[2026-09-16T10:50:10.825+0000] {processor.py:840} INFO - DAG(s) 'data_extraction' retrieved from /opt/airflow/dags/data_extracter_dag.py
[2026-09-16T10:50:10.857+0000] {logging_mixin.py:188} INFO - [2026-09-16T10:50:10.857+0000] {dag.py:3096} INFO - Sync 1 DAGs
[2026-09-16T10:50:10.874+0000] {logging_mixin.py:188} INFO - [2026-09-16T10:50:10.874+0000] {dag.py:3954} INFO - Setting next_dagrun for data_extraction to None, run_after=None
[2026-09-16T10:50:10.905+0000] {processor.py:183} INFO - Processing /opt/airflow/dags/data_extracter_dag.py took 0.106 seconds
[2026-09-16T10:50:43.914+0000] {processor.py:161} INFO - Started process (PID=924) to work on /opt/airflow/dags/data_extracter_dag.py
[2026-09-16T10:50:43.920+0000] {processor.py:830} INFO - Processing file /opt/airflow/dags/data_extracter_dag.py for tasks to queue
[2026-09-16T10:50:43.922+0000] {logging_mixin.py:188} INFO - [2026-09-16T10:50:43.921+0000] {dagbag.py:545} INFO - Filling up the DagBag from /opt/airflow/dags/data_extracter_dag.py
[2026-09-16T10:50:43.938+0000] {processor.py:840} INFO - DAG(s) 'data_extraction' retrieved from /opt/airflow/dags/data_extracter_dag.py
[2026-09-16T10:50:43.976+0000] {logging_mixin.py:188} INFO - [2026-09-16T10:50:43.975+0000] {dag.py:3096} INFO - Sync 1 DAGs
[2026-09-16T10:50:43.989+0000] {logging_mixin.py:188} INFO - [2026-09-16T10:50:43.989+0000] {dag.py:3954} INFO - Setting next_dagrun for data_extraction to None, run_after=None
[2026-09-16T10:50:44.016+0000] {processor.py:183} INFO - Processing /opt/airflow/dags/data_extracter_dag.py took 0.110 seconds
[2026-09-16T10:51:17.020+0000] {processor.py:161} INFO - Started process (PID=931) to work on /opt/airflow/dags/data_extracter_dag.py
[2026-09-16T10:51:17.021+0000] {processor.py:830} INFO - Processing file /opt/airflow/dags/data_extracter_dag.py for tasks to queue
[2026-09-16T10:51:17.023+0000] {logging_mixin.py:188} INFO - [2026-09-16T10:51:17.023+0000] {dagbag.py:545} INFO - Filling up the DagBag from /opt/airflow/dags/data_extracter_dag.py
[2026-09-16T10:51:17.045+0000] {processor.py:840} INFO - DAG(s) 'data_extraction' retrieved from /opt/airflow/dags/data_extracter_dag.py
[2026-09-16T10:51:17.086+0000] {logging_mixin.py:188} INFO - [2026-09-16T10:51:17.086+0000] {dag.py:3096} INFO - Sync 1 DAGs
[2026-09-16T10:51:17.104+0000] {logging_mixin.py:188} INFO - [2026-09-16T10:51:17.100+0000] {dag.py:3954} INFO - Setting next_dagrun for data_extraction to None, run_after=None
[2026-09-16T10:51:17.134+0000] {processor.py:183} INFO - Processing /opt/airflow/dags/data_extracter_dag.py took 0.122 seconds
[2026-09-16T10:51:50.209+0000] {processor.py:161} INFO - Started process (PID=938) to work on /opt/airflow/dags/data_extracter_dag.py
[2026-09-16T10:51:50.210+0000] {processor.py:830} INFO - Processing file /opt/airflow/dags/data_extracter_dag.py for tasks to queue
[2026-09-16T10:51:50.212+0000] {logging_mixin.py:188} INFO - [2026-09-16T10:51:50.212+0000] {dagbag.py:545} INFO - Filling up the DagBag from /opt/airflow/dags/data_extracter_dag.py
[2026-09-16T10:51:50.223+0000] {processor.py:840} INFO - DAG(s) 'data_extraction' retrieved from /opt/airflow/dags/data_extracter_dag.py
[2026-09-16T10:51:50.256+0000] {logging_mixin.py:188} INFO - [2026-09-16T10:51:50.256+0000] {dag.py:3096} INFO - Sync 1 DAGs
[2026-09-16T10:51:50.269+0000] {logging_mixin.py:188} INFO - [2026-09-16T10:51:50.269+0000] {dag.py:3954} INFO - Setting next_dagrun for data_extraction to None, run_after=None
[2026-09-16T10:51:50.296+0000] {processor.py:183} INFO - Processing /opt/airflow/dags/data_extracter_dag.py took 0.094 seconds
[2026-09-16T10:52:22.359+0000] {processor.py:161} INFO - Started process (PID=945) to work on /opt/airflow/dags/data_extracter_dag.py
[2026-09-16T10:52:22.360+0000] {processor.py:830} INFO - Processing file /opt/airflow/dags/data_extracter_dag.py for tasks to queue
[2026-09-16T10:52:22.362+0000] {logging_mixin.py:188} INFO - [2026-09-16T10:52:22.362+0000] {dagbag.py:545} INFO - Filling up the DagBag from /opt/airflow/dags/data_extracter_dag.py
[2026-09-16T10:52:22.378+0000] {processor.py:840} INFO - DAG(s) 'data_extraction' retrieved from /opt/airflow/dags/data_extracter_dag.py
[2026-09-16T10:52:22.420+0000] {logging_mixin.py:188} INFO - [2026-09-16T10:52:22.420+0000] {dag.py:3096} INFO - Sync 1 DAGs
[2026-09-16T10:52:22.435+0000] {logging_mixin.py:188} INFO - [2026-09-16T10:52:22.435+0000] {dag.py:3954} INFO - Setting next_dagrun for data_extraction to None, run_after=None
[2026-09-16T10:52:22.463+0000] {processor.py:183} INFO - Processing /opt/airflow/dags/data_extracter_dag.py took 0.112 seconds
[2026-09-16T10:52:55.067+0000] {processor.py:161} INFO - Started process (PID=952) to work on /opt/airflow/dags/data_extracter_dag.py
[2026-09-16T10:52:55.069+0000] {processor.py:830} INFO - Processing file /opt/airflow/dags/data_extracter_dag.py for tasks to queue
[2026-09-16T10:52:55.071+0000] {logging_mixin.py:188} INFO - [2026-09-16T10:52:55.070+0000] {dagbag.py:545} INFO - Filling up the DagBag from /opt/airflow/dags/data_extracter_dag.py
[2026-09-16T10:52:55.083+0000] {processor.py:840} INFO - DAG(s) 'data_extraction' retrieved from /opt/airflow/dags/data_extracter_dag.py
[2026-09-16T10:52:55.116+0000] {logging_mixin.py:188} INFO - [2026-09-16T10:52:55.116+0000] {dag.py:3096} INFO - Sync 1 DAGs
[2026-09-16T10:52:55.127+0000] {logging_mixin.py:188} INFO - [2026-09-16T10:52:55.127+0000] {dag.py:3954} INFO - Setting next_dagrun for data_extraction to None, run_after=None
[2026-09-16T10:52:55.153+0000] {processor.py:183} INFO - Processing /opt/airflow/dags/data_extracter_dag.py took 0.092 seconds
[2026-09-16T10:53:27.863+0000] {processor.py:161} INFO - Started process (PID=959) to work on /opt/airflow/dags/data_extracter_dag.py
[2026-09-16T10:53:27.864+0000] {processor.py:830} INFO - Processing file /opt/airflow/dags/data_extracter_dag.py for tasks to queue
[2026-09-16T10:53:27.865+0000] {logging_mixin.py:188} INFO - [2026-09-16T10:53:27.865+0000] {dagbag.py:545} INFO - Filling up the DagBag from /opt/airflow/dags/data_extracter_dag.py
[2026-09-16T10:53:27.877+0000] {processor.py:840} INFO - DAG(s) 'data_extraction' retrieved from /opt/airflow/dags/data_extracter_dag.py
[2026-09-16T10:53:27.904+0000] {logging_mixin.py:188} INFO - [2026-09-16T10:53:27.904+0000] {dag.py:3096} INFO - Sync 1 DAGs
[2026-09-16T10:53:27.914+0000] {logging_mixin.py:188} INFO - [2026-09-16T10:53:27.914+0000] {dag.py:3954} INFO - Setting next_dagrun for data_extraction to None, run_after=None
[2026-09-16T10:53:27.934+0000] {processor.py:183} INFO - Processing /opt/airflow/dags/data_extracter_dag.py took 0.076 seconds
[2026-09-16T10:54:00.729+0000] {processor.py:161} INFO - Started process (PID=966) to work on /opt/airflow/dags/data_extracter_dag.py
[2026-09-16T10:54:00.734+0000] {processor.py:830} INFO - Processing file /opt/airflow/dags/data_extracter_dag.py for tasks to queue
[2026-09-16T10:54:00.736+0000] {logging_mixin.py:188} INFO - [2026-09-16T10:54:00.736+0000] {dagbag.py:545} INFO - Filling up the DagBag from /opt/airflow/dags/data_extracter_dag.py
[2026-09-16T10:54:00.747+0000] {processor.py:840} INFO - DAG(s) 'data_extraction' retrieved from /opt/airflow/dags/data_extracter_dag.py
[2026-09-16T10:54:00.786+0000] {logging_mixin.py:188} INFO - [2026-09-16T10:54:00.786+0000] {dag.py:3096} INFO - Sync 1 DAGs
[2026-09-16T10:54:00.798+0000] {logging_mixin.py:188} INFO - [2026-09-16T10:54:00.798+0000] {dag.py:3954} INFO - Setting next_dagrun for data_extraction to None, run_after=None
[2026-09-16T10:54:00.824+0000] {processor.py:183} INFO - Processing /opt/airflow/dags/data_extracter_dag.py took 0.101 seconds
[2026-09-16T10:54:33.553+0000] {processor.py:161} INFO - Started process (PID=973) to work on /opt/airflow/dags/data_extracter_dag.py
[2026-09-16T10:54:33.554+0000] {processor.py:830} INFO - Processing file /opt/airflow/dags/data_extracter_dag.py for tasks to queue
[2026-09-16T10:54:33.555+0000] {logging_mixin.py:188} INFO - [2026-09-16T10:54:33.555+0000] {dagbag.py:545} INFO - Filling up the DagBag from /opt/airflow/dags/data_extracter_dag.py
[2026-09-16T10:54:33.566+0000] {processor.py:840} INFO - DAG(s) 'data_extraction' retrieved from /opt/airflow/dags/data_extracter_dag.py
[2026-09-16T10:54:33.594+0000] {logging_mixin.py:188} INFO - [2026-09-16T10:54:33.594+0000] {dag.py:3096} INFO - Sync 1 DAGs
[2026-09-16T10:54:33.603+0000] {logging_mixin.py:188} INFO - [2026-09-16T10:54:33.603+0000] {dag.py:3954} INFO - Setting next_dagrun for data_extraction to None, run_after=None
[2026-09-16T10:54:33.621+0000] {processor.py:183} INFO - Processing /opt/airflow/dags/data_extracter_dag.py took 0.074 seconds
[2026-09-16T10:55:05.395+0000] {processor.py:161} INFO - Started process (PID=980) to work on /opt/airflow/dags/data_extracter_dag.py
[2026-09-16T10:55:05.399+0000] {processor.py:830} INFO - Processing file /opt/airflow/dags/data_extracter_dag.py for tasks to queue
[2026-09-16T10:55:05.401+0000] {logging_mixin.py:188} INFO - [2026-09-16T10:55:05.401+0000] {dagbag.py:545} INFO - Filling up the DagBag from /opt/airflow/dags/data_extracter_dag.py
[2026-09-16T10:55:05.412+0000] {processor.py:840} INFO - DAG(s) 'data_extraction' retrieved from /opt/airflow/dags/data_extracter_dag.py
[2026-09-16T10:55:05.439+0000] {logging_mixin.py:188} INFO - [2026-09-16T10:55:05.439+0000] {dag.py:3096} INFO - Sync 1 DAGs
[2026-09-16T10:55:05.449+0000] {logging_mixin.py:188} INFO - [2026-09-16T10:55:05.449+0000] {dag.py:3954} INFO - Setting next_dagrun for data_extraction to None, run_after=None
[2026-09-16T10:55:05.472+0000] {processor.py:183} INFO - Processing /opt/airflow/dags/data_extracter_dag.py took 0.086 seconds
[2026-09-16T12:47:55.579+0000] {processor.py:161} INFO - Started process (PID=987) to work on /opt/airflow/dags/data_extracter_dag.py
[2026-09-16T12:47:55.591+0000] {processor.py:830} INFO - Processing file /opt/airflow/dags/data_extracter_dag.py for tasks to queue
[2026-09-16T12:47:55.594+0000] {logging_mixin.py:188} INFO - [2026-09-16T12:47:55.593+0000] {dagbag.py:545} INFO - Filling up the DagBag from /opt/airflow/dags/data_extracter_dag.py
[2026-09-16T12:47:55.669+0000] {processor.py:840} INFO - DAG(s) 'data_extraction' retrieved from /opt/airflow/dags/data_extracter_dag.py
[2026-09-16T12:47:55.816+0000] {logging_mixin.py:188} INFO - [2026-09-16T12:47:55.816+0000] {dag.py:3096} INFO - Sync 1 DAGs
[2026-09-16T12:47:55.866+0000] {logging_mixin.py:188} INFO - [2026-09-16T12:47:55.865+0000] {dag.py:3954} INFO - Setting next_dagrun for data_extraction to None, run_after=None
[2026-09-16T12:47:55.949+0000] {processor.py:183} INFO - Processing /opt/airflow/dags/data_extracter_dag.py took 0.400 seconds
[2026-09-16T12:48:26.266+0000] {processor.py:161} INFO - Started process (PID=994) to work on /opt/airflow/dags/data_extracter_dag.py
[2026-09-16T12:48:26.269+0000] {processor.py:830} INFO - Processing file /opt/airflow/dags/data_extracter_dag.py for tasks to queue
[2026-09-16T12:48:26.272+0000] {logging_mixin.py:188} INFO - [2026-09-16T12:48:26.272+0000] {dagbag.py:545} INFO - Filling up the DagBag from /opt/airflow/dags/data_extracter_dag.py
[2026-09-16T12:48:26.294+0000] {processor.py:840} INFO - DAG(s) 'data_extraction' retrieved from /opt/airflow/dags/data_extracter_dag.py
[2026-09-16T12:48:26.331+0000] {logging_mixin.py:188} INFO - [2026-09-16T12:48:26.331+0000] {dag.py:3096} INFO - Sync 1 DAGs
[2026-09-16T12:48:26.350+0000] {logging_mixin.py:188} INFO - [2026-09-16T12:48:26.350+0000] {dag.py:3954} INFO - Setting next_dagrun for data_extraction to None, run_after=None
[2026-09-16T12:48:26.385+0000] {processor.py:183} INFO - Processing /opt/airflow/dags/data_extracter_dag.py took 0.128 seconds
[2026-09-16T12:48:56.441+0000] {processor.py:161} INFO - Started process (PID=1001) to work on /opt/airflow/dags/data_extracter_dag.py
[2026-09-16T12:48:56.443+0000] {processor.py:830} INFO - Processing file /opt/airflow/dags/data_extracter_dag.py for tasks to queue
[2026-09-16T12:48:56.446+0000] {logging_mixin.py:188} INFO - [2026-09-16T12:48:56.446+0000] {dagbag.py:545} INFO - Filling up the DagBag from /opt/airflow/dags/data_extracter_dag.py
[2026-09-16T12:48:56.473+0000] {processor.py:840} INFO - DAG(s) 'data_extraction' retrieved from /opt/airflow/dags/data_extracter_dag.py
[2026-09-16T12:48:56.514+0000] {logging_mixin.py:188} INFO - [2026-09-16T12:48:56.514+0000] {dag.py:3096} INFO - Sync 1 DAGs
[2026-09-16T12:48:56.526+0000] {logging_mixin.py:188} INFO - [2026-09-16T12:48:56.525+0000] {dag.py:3954} INFO - Setting next_dagrun for data_extraction to None, run_after=None
[2026-09-16T12:48:56.545+0000] {processor.py:183} INFO - Processing /opt/airflow/dags/data_extracter_dag.py took 0.126 seconds
[2026-09-16T12:49:27.609+0000] {processor.py:161} INFO - Started process (PID=1008) to work on /opt/airflow/dags/data_extracter_dag.py
[2026-09-16T12:49:27.611+0000] {processor.py:830} INFO - Processing file /opt/airflow/dags/data_extracter_dag.py for tasks to queue
[2026-09-16T12:49:27.615+0000] {logging_mixin.py:188} INFO - [2026-09-16T12:49:27.615+0000] {dagbag.py:545} INFO - Filling up the DagBag from /opt/airflow/dags/data_extracter_dag.py
[2026-09-16T12:49:27.635+0000] {processor.py:840} INFO - DAG(s) 'data_extraction' retrieved from /opt/airflow/dags/data_extracter_dag.py
[2026-09-16T12:49:27.671+0000] {logging_mixin.py:188} INFO - [2026-09-16T12:49:27.671+0000] {dag.py:3096} INFO - Sync 1 DAGs
[2026-09-16T12:49:27.684+0000] {logging_mixin.py:188} INFO - [2026-09-16T12:49:27.684+0000] {dag.py:3954} INFO - Setting next_dagrun for data_extraction to None, run_after=None
[2026-09-16T12:49:27.713+0000] {processor.py:183} INFO - Processing /opt/airflow/dags/data_extracter_dag.py took 0.119 seconds
[2026-09-16T12:49:59.967+0000] {processor.py:161} INFO - Started process (PID=1015) to work on /opt/airflow/dags/data_extracter_dag.py
[2026-09-16T12:49:59.969+0000] {processor.py:830} INFO - Processing file /opt/airflow/dags/data_extracter_dag.py for tasks to queue
[2026-09-16T12:49:59.973+0000] {logging_mixin.py:188} INFO - [2026-09-16T12:49:59.972+0000] {dagbag.py:545} INFO - Filling up the DagBag from /opt/airflow/dags/data_extracter_dag.py
[2026-09-16T12:49:59.990+0000] {processor.py:840} INFO - DAG(s) 'data_extraction' retrieved from /opt/airflow/dags/data_extracter_dag.py
[2026-09-16T12:50:00.019+0000] {logging_mixin.py:188} INFO - [2026-09-16T12:50:00.019+0000] {dag.py:3096} INFO - Sync 1 DAGs
[2026-09-16T12:50:00.035+0000] {logging_mixin.py:188} INFO - [2026-09-16T12:50:00.035+0000] {dag.py:3954} INFO - Setting next_dagrun for data_extraction to None, run_after=None
[2026-09-16T12:50:00.059+0000] {processor.py:183} INFO - Processing /opt/airflow/dags/data_extracter_dag.py took 0.101 seconds
[2026-09-16T12:50:30.224+0000] {processor.py:161} INFO - Started process (PID=1021) to work on /opt/airflow/dags/data_extracter_dag.py
[2026-09-16T12:50:30.225+0000] {processor.py:830} INFO - Processing file /opt/airflow/dags/data_extracter_dag.py for tasks to queue
[2026-09-16T12:50:30.227+0000] {logging_mixin.py:188} INFO - [2026-09-16T12:50:30.226+0000] {dagbag.py:545} INFO - Filling up the DagBag from /opt/airflow/dags/data_extracter_dag.py
[2026-09-16T12:50:30.250+0000] {processor.py:840} INFO - DAG(s) 'data_extraction' retrieved from /opt/airflow/dags/data_extracter_dag.py
[2026-09-16T12:50:30.284+0000] {logging_mixin.py:188} INFO - [2026-09-16T12:50:30.284+0000] {dag.py:3096} INFO - Sync 1 DAGs
[2026-09-16T12:50:30.295+0000] {logging_mixin.py:188} INFO - [2026-09-16T12:50:30.295+0000] {dag.py:3954} INFO - Setting next_dagrun for data_extraction to None, run_after=None
[2026-09-16T12:50:30.314+0000] {processor.py:183} INFO - Processing /opt/airflow/dags/data_extracter_dag.py took 0.108 seconds
[2026-09-16T12:51:01.776+0000] {processor.py:161} INFO - Started process (PID=1028) to work on /opt/airflow/dags/data_extracter_dag.py
[2026-09-16T12:51:01.777+0000] {processor.py:830} INFO - Processing file /opt/airflow/dags/data_extracter_dag.py for tasks to queue
[2026-09-16T12:51:01.780+0000] {logging_mixin.py:188} INFO - [2026-09-16T12:51:01.779+0000] {dagbag.py:545} INFO - Filling up the DagBag from /opt/airflow/dags/data_extracter_dag.py
[2026-09-16T12:51:01.793+0000] {processor.py:840} INFO - DAG(s) 'data_extraction' retrieved from /opt/airflow/dags/data_extracter_dag.py
[2026-09-16T12:51:01.824+0000] {logging_mixin.py:188} INFO - [2026-09-16T12:51:01.824+0000] {dag.py:3096} INFO - Sync 1 DAGs
[2026-09-16T12:51:01.835+0000] {logging_mixin.py:188} INFO - [2026-09-16T12:51:01.834+0000] {dag.py:3954} INFO - Setting next_dagrun for data_extraction to None, run_after=None
[2026-09-16T12:51:01.857+0000] {processor.py:183} INFO - Processing /opt/airflow/dags/data_extracter_dag.py took 0.091 seconds
[2026-09-16T12:51:33.202+0000] {processor.py:161} INFO - Started process (PID=1035) to work on /opt/airflow/dags/data_extracter_dag.py
[2026-09-16T12:51:33.207+0000] {processor.py:830} INFO - Processing file /opt/airflow/dags/data_extracter_dag.py for tasks to queue
[2026-09-16T12:51:33.209+0000] {logging_mixin.py:188} INFO - [2026-09-16T12:51:33.208+0000] {dagbag.py:545} INFO - Filling up the DagBag from /opt/airflow/dags/data_extracter_dag.py
[2026-09-16T12:51:33.221+0000] {processor.py:840} INFO - DAG(s) 'data_extraction' retrieved from /opt/airflow/dags/data_extracter_dag.py
[2026-09-16T12:51:33.247+0000] {logging_mixin.py:188} INFO - [2026-09-16T12:51:33.247+0000] {dag.py:3096} INFO - Sync 1 DAGs
[2026-09-16T12:51:33.258+0000] {logging_mixin.py:188} INFO - [2026-09-16T12:51:33.258+0000] {dag.py:3954} INFO - Setting next_dagrun for data_extraction to None, run_after=None
[2026-09-16T12:51:33.277+0000] {processor.py:183} INFO - Processing /opt/airflow/dags/data_extracter_dag.py took 0.083 seconds
[2026-09-16T12:52:03.883+0000] {processor.py:161} INFO - Started process (PID=1042) to work on /opt/airflow/dags/data_extracter_dag.py
[2026-09-16T12:52:03.884+0000] {processor.py:830} INFO - Processing file /opt/airflow/dags/data_extracter_dag.py for tasks to queue
[2026-09-16T12:52:03.885+0000] {logging_mixin.py:188} INFO - [2026-09-16T12:52:03.885+0000] {dagbag.py:545} INFO - Filling up the DagBag from /opt/airflow/dags/data_extracter_dag.py
[2026-09-16T12:52:03.897+0000] {processor.py:840} INFO - DAG(s) 'data_extraction' retrieved from /opt/airflow/dags/data_extracter_dag.py
[2026-09-16T12:52:03.926+0000] {logging_mixin.py:188} INFO - [2026-09-16T12:52:03.926+0000] {dag.py:3096} INFO - Sync 1 DAGs
[2026-09-16T12:52:03.940+0000] {logging_mixin.py:188} INFO - [2026-09-16T12:52:03.940+0000] {dag.py:3954} INFO - Setting next_dagrun for data_extraction to None, run_after=None
[2026-09-16T12:52:03.959+0000] {processor.py:183} INFO - Processing /opt/airflow/dags/data_extracter_dag.py took 0.083 seconds
[2026-09-16T12:52:34.009+0000] {processor.py:161} INFO - Started process (PID=1049) to work on /opt/airflow/dags/data_extracter_dag.py
[2026-09-16T12:52:34.015+0000] {processor.py:830} INFO - Processing file /opt/airflow/dags/data_extracter_dag.py for tasks to queue
[2026-09-16T12:52:34.019+0000] {logging_mixin.py:188} INFO - [2026-09-16T12:52:34.019+0000] {dagbag.py:545} INFO - Filling up the DagBag from /opt/airflow/dags/data_extracter_dag.py
[2026-09-16T12:52:34.044+0000] {processor.py:840} INFO - DAG(s) 'data_extraction' retrieved from /opt/airflow/dags/data_extracter_dag.py
[2026-09-16T12:52:34.084+0000] {logging_mixin.py:188} INFO - [2026-09-16T12:52:34.084+0000] {dag.py:3096} INFO - Sync 1 DAGs
[2026-09-16T12:52:34.105+0000] {logging_mixin.py:188} INFO - [2026-09-16T12:52:34.105+0000] {dag.py:3954} INFO - Setting next_dagrun for data_extraction to None, run_after=None
[2026-09-16T12:52:34.128+0000] {processor.py:183} INFO - Processing /opt/airflow/dags/data_extracter_dag.py took 0.133 seconds
[2026-09-16T12:53:04.645+0000] {processor.py:161} INFO - Started process (PID=1056) to work on /opt/airflow/dags/data_extracter_dag.py
[2026-09-16T12:53:04.646+0000] {processor.py:830} INFO - Processing file /opt/airflow/dags/data_extracter_dag.py for tasks to queue
[2026-09-16T12:53:04.647+0000] {logging_mixin.py:188} INFO - [2026-09-16T12:53:04.647+0000] {dagbag.py:545} INFO - Filling up the DagBag from /opt/airflow/dags/data_extracter_dag.py
[2026-09-16T12:53:04.662+0000] {processor.py:840} INFO - DAG(s) 'data_extraction' retrieved from /opt/airflow/dags/data_extracter_dag.py
[2026-09-16T12:53:04.697+0000] {logging_mixin.py:188} INFO - [2026-09-16T12:53:04.697+0000] {dag.py:3096} INFO - Sync 1 DAGs
[2026-09-16T12:53:04.708+0000] {logging_mixin.py:188} INFO - [2026-09-16T12:53:04.707+0000] {dag.py:3954} INFO - Setting next_dagrun for data_extraction to None, run_after=None
[2026-09-16T12:53:04.733+0000] {processor.py:183} INFO - Processing /opt/airflow/dags/data_extracter_dag.py took 0.094 seconds
[2026-09-16T12:53:35.031+0000] {processor.py:161} INFO - Started process (PID=1063) to work on /opt/airflow/dags/data_extracter_dag.py
[2026-09-16T12:53:35.036+0000] {processor.py:830} INFO - Processing file /opt/airflow/dags/data_extracter_dag.py for tasks to queue
[2026-09-16T12:53:35.039+0000] {logging_mixin.py:188} INFO - [2026-09-16T12:53:35.038+0000] {dagbag.py:545} INFO - Filling up the DagBag from /opt/airflow/dags/data_extracter_dag.py
[2026-09-16T12:53:35.061+0000] {processor.py:840} INFO - DAG(s) 'data_extraction' retrieved from /opt/airflow/dags/data_extracter_dag.py
[2026-09-16T12:53:35.093+0000] {logging_mixin.py:188} INFO - [2026-09-16T12:53:35.092+0000] {dag.py:3096} INFO - Sync 1 DAGs
[2026-09-16T12:53:35.105+0000] {logging_mixin.py:188} INFO - [2026-09-16T12:53:35.105+0000] {dag.py:3954} INFO - Setting next_dagrun for data_extraction to None, run_after=None
[2026-09-16T12:53:35.126+0000] {processor.py:183} INFO - Processing /opt/airflow/dags/data_extracter_dag.py took 0.124 seconds
[2026-09-16T12:54:05.378+0000] {processor.py:161} INFO - Started process (PID=1070) to work on /opt/airflow/dags/data_extracter_dag.py
[2026-09-16T12:54:05.379+0000] {processor.py:830} INFO - Processing file /opt/airflow/dags/data_extracter_dag.py for tasks to queue
[2026-09-16T12:54:05.382+0000] {logging_mixin.py:188} INFO - [2026-09-16T12:54:05.382+0000] {dagbag.py:545} INFO - Filling up the DagBag from /opt/airflow/dags/data_extracter_dag.py
[2026-09-16T12:54:05.407+0000] {processor.py:840} INFO - DAG(s) 'data_extraction' retrieved from /opt/airflow/dags/data_extracter_dag.py
[2026-09-16T12:54:05.454+0000] {logging_mixin.py:188} INFO - [2026-09-16T12:54:05.454+0000] {dag.py:3096} INFO - Sync 1 DAGs
[2026-09-16T12:54:05.471+0000] {logging_mixin.py:188} INFO - [2026-09-16T12:54:05.471+0000] {dag.py:3954} INFO - Setting next_dagrun for data_extraction to None, run_after=None
[2026-09-16T12:54:05.503+0000] {processor.py:183} INFO - Processing /opt/airflow/dags/data_extracter_dag.py took 0.134 seconds
[2026-09-16T12:54:35.649+0000] {processor.py:161} INFO - Started process (PID=1077) to work on /opt/airflow/dags/data_extracter_dag.py
[2026-09-16T12:54:35.654+0000] {processor.py:830} INFO - Processing file /opt/airflow/dags/data_extracter_dag.py for tasks to queue
[2026-09-16T12:54:35.655+0000] {logging_mixin.py:188} INFO - [2026-09-16T12:54:35.655+0000] {dagbag.py:545} INFO - Filling up the DagBag from /opt/airflow/dags/data_extracter_dag.py
[2026-09-16T12:54:35.668+0000] {processor.py:840} INFO - DAG(s) 'data_extraction' retrieved from /opt/airflow/dags/data_extracter_dag.py
[2026-09-16T12:54:35.698+0000] {logging_mixin.py:188} INFO - [2026-09-16T12:54:35.698+0000] {dag.py:3096} INFO - Sync 1 DAGs
[2026-09-16T12:54:35.709+0000] {logging_mixin.py:188} INFO - [2026-09-16T12:54:35.709+0000] {dag.py:3954} INFO - Setting next_dagrun for data_extraction to None, run_after=None
[2026-09-16T12:54:35.730+0000] {processor.py:183} INFO - Processing /opt/airflow/dags/data_extracter_dag.py took 0.087 seconds
[2026-09-16T12:55:06.119+0000] {processor.py:161} INFO - Started process (PID=1084) to work on /opt/airflow/dags/data_extracter_dag.py
[2026-09-16T12:55:06.120+0000] {processor.py:830} INFO - Processing file /opt/airflow/dags/data_extracter_dag.py for tasks to queue
[2026-09-16T12:55:06.122+0000] {logging_mixin.py:188} INFO - [2026-09-16T12:55:06.122+0000] {dagbag.py:545} INFO - Filling up the DagBag from /opt/airflow/dags/data_extracter_dag.py
[2026-09-16T12:55:06.134+0000] {processor.py:840} INFO - DAG(s) 'data_extraction' retrieved from /opt/airflow/dags/data_extracter_dag.py
[2026-09-16T12:55:06.164+0000] {logging_mixin.py:188} INFO - [2026-09-16T12:55:06.164+0000] {dag.py:3096} INFO - Sync 1 DAGs
[2026-09-16T12:55:06.176+0000] {logging_mixin.py:188} INFO - [2026-09-16T12:55:06.176+0000] {dag.py:3954} INFO - Setting next_dagrun for data_extraction to None, run_after=None
[2026-09-16T12:55:06.195+0000] {processor.py:183} INFO - Processing /opt/airflow/dags/data_extracter_dag.py took 0.082 seconds
[2026-09-16T12:55:36.567+0000] {processor.py:161} INFO - Started process (PID=1091) to work on /opt/airflow/dags/data_extracter_dag.py
[2026-09-16T12:55:36.571+0000] {processor.py:830} INFO - Processing file /opt/airflow/dags/data_extracter_dag.py for tasks to queue
[2026-09-16T12:55:36.573+0000] {logging_mixin.py:188} INFO - [2026-09-16T12:55:36.573+0000] {dagbag.py:545} INFO - Filling up the DagBag from /opt/airflow/dags/data_extracter_dag.py
[2026-09-16T12:55:36.586+0000] {processor.py:840} INFO - DAG(s) 'data_extraction' retrieved from /opt/airflow/dags/data_extracter_dag.py
[2026-09-16T12:55:36.613+0000] {logging_mixin.py:188} INFO - [2026-09-16T12:55:36.613+0000] {dag.py:3096} INFO - Sync 1 DAGs
[2026-09-16T12:55:36.623+0000] {logging_mixin.py:188} INFO - [2026-09-16T12:55:36.623+0000] {dag.py:3954} INFO - Setting next_dagrun for data_extraction to None, run_after=None
[2026-09-16T12:55:36.645+0000] {processor.py:183} INFO - Processing /opt/airflow/dags/data_extracter_dag.py took 0.085 seconds
[2026-09-16T12:56:07.077+0000] {processor.py:161} INFO - Started process (PID=1098) to work on /opt/airflow/dags/data_extracter_dag.py
[2026-09-16T12:56:07.078+0000] {processor.py:830} INFO - Processing file /opt/airflow/dags/data_extracter_dag.py for tasks to queue
[2026-09-16T12:56:07.079+0000] {logging_mixin.py:188} INFO - [2026-09-16T12:56:07.079+0000] {dagbag.py:545} INFO - Filling up the DagBag from /opt/airflow/dags/data_extracter_dag.py
[2026-09-16T12:56:07.092+0000] {processor.py:840} INFO - DAG(s) 'data_extraction' retrieved from /opt/airflow/dags/data_extracter_dag.py
[2026-09-16T12:56:07.121+0000] {logging_mixin.py:188} INFO - [2026-09-16T12:56:07.121+0000] {dag.py:3096} INFO - Sync 1 DAGs
[2026-09-16T12:56:07.131+0000] {logging_mixin.py:188} INFO - [2026-09-16T12:56:07.130+0000] {dag.py:3954} INFO - Setting next_dagrun for data_extraction to None, run_after=None
[2026-09-16T12:56:07.152+0000] {processor.py:183} INFO - Processing /opt/airflow/dags/data_extracter_dag.py took 0.082 seconds
[2026-09-16T12:56:37.449+0000] {processor.py:161} INFO - Started process (PID=1105) to work on /opt/airflow/dags/data_extracter_dag.py
[2026-09-16T12:56:37.454+0000] {processor.py:830} INFO - Processing file /opt/airflow/dags/data_extracter_dag.py for tasks to queue
[2026-09-16T12:56:37.456+0000] {logging_mixin.py:188} INFO - [2026-09-16T12:56:37.456+0000] {dagbag.py:545} INFO - Filling up the DagBag from /opt/airflow/dags/data_extracter_dag.py
[2026-09-16T12:56:37.468+0000] {processor.py:840} INFO - DAG(s) 'data_extraction' retrieved from /opt/airflow/dags/data_extracter_dag.py
[2026-09-16T12:56:37.496+0000] {logging_mixin.py:188} INFO - [2026-09-16T12:56:37.496+0000] {dag.py:3096} INFO - Sync 1 DAGs
[2026-09-16T12:56:37.506+0000] {logging_mixin.py:188} INFO - [2026-09-16T12:56:37.506+0000] {dag.py:3954} INFO - Setting next_dagrun for data_extraction to None, run_after=None
[2026-09-16T12:56:37.525+0000] {processor.py:183} INFO - Processing /opt/airflow/dags/data_extracter_dag.py took 0.082 seconds
[2026-09-16T12:57:08.158+0000] {processor.py:161} INFO - Started process (PID=1112) to work on /opt/airflow/dags/data_extracter_dag.py
[2026-09-16T12:57:08.159+0000] {processor.py:830} INFO - Processing file /opt/airflow/dags/data_extracter_dag.py for tasks to queue
[2026-09-16T12:57:08.161+0000] {logging_mixin.py:188} INFO - [2026-09-16T12:57:08.161+0000] {dagbag.py:545} INFO - Filling up the DagBag from /opt/airflow/dags/data_extracter_dag.py
[2026-09-16T12:57:08.174+0000] {processor.py:840} INFO - DAG(s) 'data_extraction' retrieved from /opt/airflow/dags/data_extracter_dag.py
[2026-09-16T12:57:08.201+0000] {logging_mixin.py:188} INFO - [2026-09-16T12:57:08.201+0000] {dag.py:3096} INFO - Sync 1 DAGs
[2026-09-16T12:57:08.211+0000] {logging_mixin.py:188} INFO - [2026-09-16T12:57:08.211+0000] {dag.py:3954} INFO - Setting next_dagrun for data_extraction to None, run_after=None
[2026-09-16T12:57:08.231+0000] {processor.py:183} INFO - Processing /opt/airflow/dags/data_extracter_dag.py took 0.080 seconds
[2026-09-16T12:57:38.654+0000] {processor.py:161} INFO - Started process (PID=1119) to work on /opt/airflow/dags/data_extracter_dag.py
[2026-09-16T12:57:38.659+0000] {processor.py:830} INFO - Processing file /opt/airflow/dags/data_extracter_dag.py for tasks to queue
[2026-09-16T12:57:38.661+0000] {logging_mixin.py:188} INFO - [2026-09-16T12:57:38.660+0000] {dagbag.py:545} INFO - Filling up the DagBag from /opt/airflow/dags/data_extracter_dag.py
[2026-09-16T12:57:38.674+0000] {processor.py:840} INFO - DAG(s) 'data_extraction' retrieved from /opt/airflow/dags/data_extracter_dag.py
[2026-09-16T12:57:38.712+0000] {logging_mixin.py:188} INFO - [2026-09-16T12:57:38.712+0000] {dag.py:3096} INFO - Sync 1 DAGs
[2026-09-16T12:57:38.744+0000] {logging_mixin.py:188} INFO - [2026-09-16T12:57:38.743+0000] {dag.py:3954} INFO - Setting next_dagrun for data_extraction to None, run_after=None
[2026-09-16T12:57:38.783+0000] {processor.py:183} INFO - Processing /opt/airflow/dags/data_extracter_dag.py took 0.136 seconds
[2026-09-16T12:58:09.115+0000] {processor.py:161} INFO - Started process (PID=1126) to work on /opt/airflow/dags/data_extracter_dag.py
[2026-09-16T12:58:09.116+0000] {processor.py:830} INFO - Processing file /opt/airflow/dags/data_extracter_dag.py for tasks to queue
[2026-09-16T12:58:09.119+0000] {logging_mixin.py:188} INFO - [2026-09-16T12:58:09.118+0000] {dagbag.py:545} INFO - Filling up the DagBag from /opt/airflow/dags/data_extracter_dag.py
[2026-09-16T12:58:09.135+0000] {processor.py:840} INFO - DAG(s) 'data_extraction' retrieved from /opt/airflow/dags/data_extracter_dag.py
[2026-09-16T12:58:09.173+0000] {logging_mixin.py:188} INFO - [2026-09-16T12:58:09.173+0000] {dag.py:3096} INFO - Sync 1 DAGs
[2026-09-16T12:58:09.186+0000] {logging_mixin.py:188} INFO - [2026-09-16T12:58:09.186+0000] {dag.py:3954} INFO - Setting next_dagrun for data_extraction to None, run_after=None
[2026-09-16T12:58:09.210+0000] {processor.py:183} INFO - Processing /opt/airflow/dags/data_extracter_dag.py took 0.102 seconds
[2026-09-16T12:58:39.585+0000] {processor.py:161} INFO - Started process (PID=1127) to work on /opt/airflow/dags/data_extracter_dag.py
[2026-09-16T12:58:39.590+0000] {processor.py:830} INFO - Processing file /opt/airflow/dags/data_extracter_dag.py for tasks to queue
[2026-09-16T12:58:39.593+0000] {logging_mixin.py:188} INFO - [2026-09-16T12:58:39.593+0000] {dagbag.py:545} INFO - Filling up the DagBag from /opt/airflow/dags/data_extracter_dag.py
[2026-09-16T12:58:39.608+0000] {processor.py:840} INFO - DAG(s) 'data_extraction' retrieved from /opt/airflow/dags/data_extracter_dag.py
[2026-09-16T12:58:39.636+0000] {logging_mixin.py:188} INFO - [2026-09-16T12:58:39.636+0000] {dag.py:3096} INFO - Sync 1 DAGs
[2026-09-16T12:58:39.648+0000] {logging_mixin.py:188} INFO - [2026-09-16T12:58:39.648+0000] {dag.py:3954} INFO - Setting next_dagrun for data_extraction to None, run_after=None
[2026-09-16T12:58:39.669+0000] {processor.py:183} INFO - Processing /opt/airflow/dags/data_extracter_dag.py took 0.092 seconds
[2026-09-16T12:59:10.204+0000] {processor.py:161} INFO - Started process (PID=1134) to work on /opt/airflow/dags/data_extracter_dag.py
[2026-09-16T12:59:10.205+0000] {processor.py:830} INFO - Processing file /opt/airflow/dags/data_extracter_dag.py for tasks to queue
[2026-09-16T12:59:10.208+0000] {logging_mixin.py:188} INFO - [2026-09-16T12:59:10.207+0000] {dagbag.py:545} INFO - Filling up the DagBag from /opt/airflow/dags/data_extracter_dag.py
[2026-09-16T12:59:10.220+0000] {processor.py:840} INFO - DAG(s) 'data_extraction' retrieved from /opt/airflow/dags/data_extracter_dag.py
[2026-09-16T12:59:10.249+0000] {logging_mixin.py:188} INFO - [2026-09-16T12:59:10.248+0000] {dag.py:3096} INFO - Sync 1 DAGs
[2026-09-16T12:59:10.259+0000] {logging_mixin.py:188} INFO - [2026-09-16T12:59:10.259+0000] {dag.py:3954} INFO - Setting next_dagrun for data_extraction to None, run_after=None
[2026-09-16T12:59:10.282+0000] {processor.py:183} INFO - Processing /opt/airflow/dags/data_extracter_dag.py took 0.084 seconds
[2026-09-16T12:59:40.694+0000] {processor.py:161} INFO - Started process (PID=1142) to work on /opt/airflow/dags/data_extracter_dag.py
[2026-09-16T12:59:40.696+0000] {processor.py:830} INFO - Processing file /opt/airflow/dags/data_extracter_dag.py for tasks to queue
[2026-09-16T12:59:40.698+0000] {logging_mixin.py:188} INFO - [2026-09-16T12:59:40.698+0000] {dagbag.py:545} INFO - Filling up the DagBag from /opt/airflow/dags/data_extracter_dag.py
[2026-09-16T12:59:40.712+0000] {processor.py:840} INFO - DAG(s) 'data_extraction' retrieved from /opt/airflow/dags/data_extracter_dag.py
[2026-09-16T12:59:40.752+0000] {logging_mixin.py:188} INFO - [2026-09-16T12:59:40.751+0000] {dag.py:3096} INFO - Sync 1 DAGs
[2026-09-16T12:59:40.763+0000] {logging_mixin.py:188} INFO - [2026-09-16T12:59:40.763+0000] {dag.py:3954} INFO - Setting next_dagrun for data_extraction to None, run_after=None
[2026-09-16T12:59:40.787+0000] {processor.py:183} INFO - Processing /opt/airflow/dags/data_extracter_dag.py took 0.101 seconds
[2026-09-16T13:00:11.179+0000] {processor.py:161} INFO - Started process (PID=1149) to work on /opt/airflow/dags/data_extracter_dag.py
[2026-09-16T13:00:11.180+0000] {processor.py:830} INFO - Processing file /opt/airflow/dags/data_extracter_dag.py for tasks to queue
[2026-09-16T13:00:11.184+0000] {logging_mixin.py:188} INFO - [2026-09-16T13:00:11.183+0000] {dagbag.py:545} INFO - Filling up the DagBag from /opt/airflow/dags/data_extracter_dag.py
[2026-09-16T13:00:11.202+0000] {processor.py:840} INFO - DAG(s) 'data_extraction' retrieved from /opt/airflow/dags/data_extracter_dag.py
[2026-09-16T13:00:11.231+0000] {logging_mixin.py:188} INFO - [2026-09-16T13:00:11.231+0000] {dag.py:3096} INFO - Sync 1 DAGs
[2026-09-16T13:00:11.242+0000] {logging_mixin.py:188} INFO - [2026-09-16T13:00:11.242+0000] {dag.py:3954} INFO - Setting next_dagrun for data_extraction to None, run_after=None
[2026-09-16T13:00:11.267+0000] {processor.py:183} INFO - Processing /opt/airflow/dags/data_extracter_dag.py took 0.101 seconds
[2026-09-16T13:00:41.551+0000] {processor.py:161} INFO - Started process (PID=1156) to work on /opt/airflow/dags/data_extracter_dag.py
[2026-09-16T13:00:41.556+0000] {processor.py:830} INFO - Processing file /opt/airflow/dags/data_extracter_dag.py for tasks to queue
[2026-09-16T13:00:41.558+0000] {logging_mixin.py:188} INFO - [2026-09-16T13:00:41.558+0000] {dagbag.py:545} INFO - Filling up the DagBag from /opt/airflow/dags/data_extracter_dag.py
[2026-09-16T13:00:41.570+0000] {processor.py:840} INFO - DAG(s) 'data_extraction' retrieved from /opt/airflow/dags/data_extracter_dag.py
[2026-09-16T13:00:41.607+0000] {logging_mixin.py:188} INFO - [2026-09-16T13:00:41.606+0000] {dag.py:3096} INFO - Sync 1 DAGs
[2026-09-16T13:00:41.618+0000] {logging_mixin.py:188} INFO - [2026-09-16T13:00:41.618+0000] {dag.py:3954} INFO - Setting next_dagrun for data_extraction to None, run_after=None
[2026-09-16T13:00:41.642+0000] {processor.py:183} INFO - Processing /opt/airflow/dags/data_extracter_dag.py took 0.096 seconds
[2026-09-16T13:01:12.177+0000] {processor.py:161} INFO - Started process (PID=1163) to work on /opt/airflow/dags/data_extracter_dag.py
[2026-09-16T13:01:12.178+0000] {processor.py:830} INFO - Processing file /opt/airflow/dags/data_extracter_dag.py for tasks to queue
[2026-09-16T13:01:12.180+0000] {logging_mixin.py:188} INFO - [2026-09-16T13:01:12.180+0000] {dagbag.py:545} INFO - Filling up the DagBag from /opt/airflow/dags/data_extracter_dag.py
[2026-09-16T13:01:12.194+0000] {processor.py:840} INFO - DAG(s) 'data_extraction' retrieved from /opt/airflow/dags/data_extracter_dag.py
[2026-09-16T13:01:12.223+0000] {logging_mixin.py:188} INFO - [2026-09-16T13:01:12.222+0000] {dag.py:3096} INFO - Sync 1 DAGs
[2026-09-16T13:01:12.234+0000] {logging_mixin.py:188} INFO - [2026-09-16T13:01:12.234+0000] {dag.py:3954} INFO - Setting next_dagrun for data_extraction to None, run_after=None
[2026-09-16T13:01:12.252+0000] {processor.py:183} INFO - Processing /opt/airflow/dags/data_extracter_dag.py took 0.082 seconds
[2026-09-16T13:01:44.690+0000] {processor.py:161} INFO - Started process (PID=1170) to work on /opt/airflow/dags/data_extracter_dag.py
[2026-09-16T13:01:44.695+0000] {processor.py:830} INFO - Processing file /opt/airflow/dags/data_extracter_dag.py for tasks to queue
[2026-09-16T13:01:44.696+0000] {logging_mixin.py:188} INFO - [2026-09-16T13:01:44.696+0000] {dagbag.py:545} INFO - Filling up the DagBag from /opt/airflow/dags/data_extracter_dag.py
[2026-09-16T13:01:44.710+0000] {processor.py:840} INFO - DAG(s) 'data_extraction' retrieved from /opt/airflow/dags/data_extracter_dag.py
[2026-09-16T13:01:44.737+0000] {logging_mixin.py:188} INFO - [2026-09-16T13:01:44.737+0000] {dag.py:3096} INFO - Sync 1 DAGs
[2026-09-16T13:01:44.748+0000] {logging_mixin.py:188} INFO - [2026-09-16T13:01:44.748+0000] {dag.py:3954} INFO - Setting next_dagrun for data_extraction to None, run_after=None
[2026-09-16T13:01:44.767+0000] {processor.py:183} INFO - Processing /opt/airflow/dags/data_extracter_dag.py took 0.083 seconds
[2026-09-16T13:02:17.141+0000] {processor.py:161} INFO - Started process (PID=1177) to work on /opt/airflow/dags/data_extracter_dag.py
[2026-09-16T13:02:17.142+0000] {processor.py:830} INFO - Processing file /opt/airflow/dags/data_extracter_dag.py for tasks to queue
[2026-09-16T13:02:17.144+0000] {logging_mixin.py:188} INFO - [2026-09-16T13:02:17.144+0000] {dagbag.py:545} INFO - Filling up the DagBag from /opt/airflow/dags/data_extracter_dag.py
[2026-09-16T13:02:17.161+0000] {processor.py:840} INFO - DAG(s) 'data_extraction' retrieved from /opt/airflow/dags/data_extracter_dag.py
[2026-09-16T13:02:17.195+0000] {logging_mixin.py:188} INFO - [2026-09-16T13:02:17.195+0000] {dag.py:3096} INFO - Sync 1 DAGs
[2026-09-16T13:02:17.209+0000] {logging_mixin.py:188} INFO - [2026-09-16T13:02:17.208+0000] {dag.py:3954} INFO - Setting next_dagrun for data_extraction to None, run_after=None
[2026-09-16T13:02:17.231+0000] {processor.py:183} INFO - Processing /opt/airflow/dags/data_extracter_dag.py took 0.099 seconds
[2026-09-16T13:02:49.358+0000] {processor.py:161} INFO - Started process (PID=1183) to work on /opt/airflow/dags/data_extracter_dag.py
[2026-09-16T13:02:49.361+0000] {processor.py:830} INFO - Processing file /opt/airflow/dags/data_extracter_dag.py for tasks to queue
[2026-09-16T13:02:49.365+0000] {logging_mixin.py:188} INFO - [2026-09-16T13:02:49.364+0000] {dagbag.py:545} INFO - Filling up the DagBag from /opt/airflow/dags/data_extracter_dag.py
[2026-09-16T13:02:49.387+0000] {processor.py:840} INFO - DAG(s) 'data_extraction' retrieved from /opt/airflow/dags/data_extracter_dag.py
[2026-09-16T13:02:49.418+0000] {logging_mixin.py:188} INFO - [2026-09-16T13:02:49.418+0000] {dag.py:3096} INFO - Sync 1 DAGs
[2026-09-16T13:02:49.435+0000] {logging_mixin.py:188} INFO - [2026-09-16T13:02:49.434+0000] {dag.py:3954} INFO - Setting next_dagrun for data_extraction to None, run_after=None
[2026-09-16T13:02:49.455+0000] {processor.py:183} INFO - Processing /opt/airflow/dags/data_extracter_dag.py took 0.111 seconds
[2026-09-16T13:03:21.088+0000] {processor.py:161} INFO - Started process (PID=1190) to work on /opt/airflow/dags/data_extracter_dag.py
[2026-09-16T13:03:21.090+0000] {processor.py:830} INFO - Processing file /opt/airflow/dags/data_extracter_dag.py for tasks to queue
[2026-09-16T13:03:21.093+0000] {logging_mixin.py:188} INFO - [2026-09-16T13:03:21.093+0000] {dagbag.py:545} INFO - Filling up the DagBag from /opt/airflow/dags/data_extracter_dag.py
[2026-09-16T13:03:21.180+0000] {processor.py:840} INFO - DAG(s) 'data_extraction' retrieved from /opt/airflow/dags/data_extracter_dag.py
[2026-09-16T13:03:21.329+0000] {logging_mixin.py:188} INFO - [2026-09-16T13:03:21.328+0000] {dag.py:3096} INFO - Sync 1 DAGs
[2026-09-16T13:03:21.359+0000] {logging_mixin.py:188} INFO - [2026-09-16T13:03:21.359+0000] {dag.py:3954} INFO - Setting next_dagrun for data_extraction to None, run_after=None
[2026-09-16T13:03:21.389+0000] {processor.py:183} INFO - Processing /opt/airflow/dags/data_extracter_dag.py took 0.311 seconds
[2026-09-16T13:03:53.531+0000] {processor.py:161} INFO - Started process (PID=1197) to work on /opt/airflow/dags/data_extracter_dag.py
[2026-09-16T13:03:53.536+0000] {processor.py:830} INFO - Processing file /opt/airflow/dags/data_extracter_dag.py for tasks to queue
[2026-09-16T13:03:53.538+0000] {logging_mixin.py:188} INFO - [2026-09-16T13:03:53.538+0000] {dagbag.py:545} INFO - Filling up the DagBag from /opt/airflow/dags/data_extracter_dag.py
[2026-09-16T13:03:53.549+0000] {processor.py:840} INFO - DAG(s) 'data_extraction' retrieved from /opt/airflow/dags/data_extracter_dag.py
[2026-09-16T13:03:53.580+0000] {logging_mixin.py:188} INFO - [2026-09-16T13:03:53.580+0000] {dag.py:3096} INFO - Sync 1 DAGs
[2026-09-16T13:03:53.592+0000] {logging_mixin.py:188} INFO - [2026-09-16T13:03:53.592+0000] {dag.py:3954} INFO - Setting next_dagrun for data_extraction to None, run_after=None
[2026-09-16T13:03:53.612+0000] {processor.py:183} INFO - Processing /opt/airflow/dags/data_extracter_dag.py took 0.086 seconds
[2026-09-16T13:04:25.906+0000] {processor.py:161} INFO - Started process (PID=1204) to work on /opt/airflow/dags/data_extracter_dag.py
[2026-09-16T13:04:25.907+0000] {processor.py:830} INFO - Processing file /opt/airflow/dags/data_extracter_dag.py for tasks to queue
[2026-09-16T13:04:25.908+0000] {logging_mixin.py:188} INFO - [2026-09-16T13:04:25.908+0000] {dagbag.py:545} INFO - Filling up the DagBag from /opt/airflow/dags/data_extracter_dag.py
[2026-09-16T13:04:25.919+0000] {processor.py:840} INFO - DAG(s) 'data_extraction' retrieved from /opt/airflow/dags/data_extracter_dag.py
[2026-09-16T13:04:25.956+0000] {logging_mixin.py:188} INFO - [2026-09-16T13:04:25.955+0000] {dag.py:3096} INFO - Sync 1 DAGs
[2026-09-16T13:04:25.976+0000] {logging_mixin.py:188} INFO - [2026-09-16T13:04:25.975+0000] {dag.py:3954} INFO - Setting next_dagrun for data_extraction to None, run_after=None
[2026-09-16T13:04:26.006+0000] {processor.py:183} INFO - Processing /opt/airflow/dags/data_extracter_dag.py took 0.108 seconds
[2026-09-16T13:04:58.367+0000] {processor.py:161} INFO - Started process (PID=1211) to work on /opt/airflow/dags/data_extracter_dag.py
[2026-09-16T13:04:58.369+0000] {processor.py:830} INFO - Processing file /opt/airflow/dags/data_extracter_dag.py for tasks to queue
[2026-09-16T13:04:58.371+0000] {logging_mixin.py:188} INFO - [2026-09-16T13:04:58.371+0000] {dagbag.py:545} INFO - Filling up the DagBag from /opt/airflow/dags/data_extracter_dag.py
[2026-09-16T13:04:58.385+0000] {processor.py:840} INFO - DAG(s) 'data_extraction' retrieved from /opt/airflow/dags/data_extracter_dag.py
[2026-09-16T13:04:58.415+0000] {logging_mixin.py:188} INFO - [2026-09-16T13:04:58.414+0000] {dag.py:3096} INFO - Sync 1 DAGs
[2026-09-16T13:04:58.427+0000] {logging_mixin.py:188} INFO - [2026-09-16T13:04:58.427+0000] {dag.py:3954} INFO - Setting next_dagrun for data_extraction to None, run_after=None
[2026-09-16T13:04:58.446+0000] {processor.py:183} INFO - Processing /opt/airflow/dags/data_extracter_dag.py took 0.086 seconds
[2026-09-16T13:05:29.827+0000] {processor.py:161} INFO - Started process (PID=1218) to work on /opt/airflow/dags/data_extracter_dag.py
[2026-09-16T13:05:29.827+0000] {processor.py:830} INFO - Processing file /opt/airflow/dags/data_extracter_dag.py for tasks to queue
[2026-09-16T13:05:29.829+0000] {logging_mixin.py:188} INFO - [2026-09-16T13:05:29.829+0000] {dagbag.py:545} INFO - Filling up the DagBag from /opt/airflow/dags/data_extracter_dag.py
[2026-09-16T13:05:29.845+0000] {processor.py:840} INFO - DAG(s) 'data_extraction' retrieved from /opt/airflow/dags/data_extracter_dag.py
[2026-09-16T13:05:29.877+0000] {logging_mixin.py:188} INFO - [2026-09-16T13:05:29.877+0000] {dag.py:3096} INFO - Sync 1 DAGs
[2026-09-16T13:05:29.887+0000] {logging_mixin.py:188} INFO - [2026-09-16T13:05:29.887+0000] {dag.py:3954} INFO - Setting next_dagrun for data_extraction to None, run_after=None
[2026-09-16T13:05:29.911+0000] {processor.py:183} INFO - Processing /opt/airflow/dags/data_extracter_dag.py took 0.091 seconds
[2026-09-16T13:06:02.213+0000] {processor.py:161} INFO - Started process (PID=1225) to work on /opt/airflow/dags/data_extracter_dag.py
[2026-09-16T13:06:02.214+0000] {processor.py:830} INFO - Processing file /opt/airflow/dags/data_extracter_dag.py for tasks to queue
[2026-09-16T13:06:02.215+0000] {logging_mixin.py:188} INFO - [2026-09-16T13:06:02.215+0000] {dagbag.py:545} INFO - Filling up the DagBag from /opt/airflow/dags/data_extracter_dag.py
[2026-09-16T13:06:02.231+0000] {processor.py:840} INFO - DAG(s) 'data_extraction' retrieved from /opt/airflow/dags/data_extracter_dag.py
[2026-09-16T13:06:02.268+0000] {logging_mixin.py:188} INFO - [2026-09-16T13:06:02.267+0000] {dag.py:3096} INFO - Sync 1 DAGs
[2026-09-16T13:06:02.279+0000] {logging_mixin.py:188} INFO - [2026-09-16T13:06:02.278+0000] {dag.py:3954} INFO - Setting next_dagrun for data_extraction to None, run_after=None
[2026-09-16T13:06:02.303+0000] {processor.py:183} INFO - Processing /opt/airflow/dags/data_extracter_dag.py took 0.097 seconds
[2026-09-16T13:06:34.733+0000] {processor.py:161} INFO - Started process (PID=1232) to work on /opt/airflow/dags/data_extracter_dag.py
[2026-09-16T13:06:34.738+0000] {processor.py:830} INFO - Processing file /opt/airflow/dags/data_extracter_dag.py for tasks to queue
[2026-09-16T13:06:34.739+0000] {logging_mixin.py:188} INFO - [2026-09-16T13:06:34.739+0000] {dagbag.py:545} INFO - Filling up the DagBag from /opt/airflow/dags/data_extracter_dag.py
[2026-09-16T13:06:34.755+0000] {processor.py:840} INFO - DAG(s) 'data_extraction' retrieved from /opt/airflow/dags/data_extracter_dag.py
[2026-09-16T13:06:34.789+0000] {logging_mixin.py:188} INFO - [2026-09-16T13:06:34.789+0000] {dag.py:3096} INFO - Sync 1 DAGs
[2026-09-16T13:06:34.804+0000] {logging_mixin.py:188} INFO - [2026-09-16T13:06:34.804+0000] {dag.py:3954} INFO - Setting next_dagrun for data_extraction to None, run_after=None
[2026-09-16T13:06:34.826+0000] {processor.py:183} INFO - Processing /opt/airflow/dags/data_extracter_dag.py took 0.101 seconds
[2026-09-16T13:07:07.124+0000] {processor.py:161} INFO - Started process (PID=1239) to work on /opt/airflow/dags/data_extracter_dag.py
[2026-09-16T13:07:07.125+0000] {processor.py:830} INFO - Processing file /opt/airflow/dags/data_extracter_dag.py for tasks to queue
[2026-09-16T13:07:07.127+0000] {logging_mixin.py:188} INFO - [2026-09-16T13:07:07.127+0000] {dagbag.py:545} INFO - Filling up the DagBag from /opt/airflow/dags/data_extracter_dag.py
[2026-09-16T13:07:07.140+0000] {processor.py:840} INFO - DAG(s) 'data_extraction' retrieved from /opt/airflow/dags/data_extracter_dag.py
[2026-09-16T13:07:07.174+0000] {logging_mixin.py:188} INFO - [2026-09-16T13:07:07.173+0000] {dag.py:3096} INFO - Sync 1 DAGs
[2026-09-16T13:07:07.184+0000] {logging_mixin.py:188} INFO - [2026-09-16T13:07:07.184+0000] {dag.py:3954} INFO - Setting next_dagrun for data_extraction to None, run_after=None
[2026-09-16T13:07:07.204+0000] {processor.py:183} INFO - Processing /opt/airflow/dags/data_extracter_dag.py took 0.086 seconds
[2026-09-16T13:07:39.556+0000] {processor.py:161} INFO - Started process (PID=1246) to work on /opt/airflow/dags/data_extracter_dag.py
[2026-09-16T13:07:39.572+0000] {processor.py:830} INFO - Processing file /opt/airflow/dags/data_extracter_dag.py for tasks to queue
[2026-09-16T13:07:39.590+0000] {logging_mixin.py:188} INFO - [2026-09-16T13:07:39.583+0000] {dagbag.py:545} INFO - Filling up the DagBag from /opt/airflow/dags/data_extracter_dag.py
[2026-09-16T13:07:39.627+0000] {processor.py:840} INFO - DAG(s) 'data_extraction' retrieved from /opt/airflow/dags/data_extracter_dag.py
[2026-09-16T13:07:39.655+0000] {logging_mixin.py:188} INFO - [2026-09-16T13:07:39.655+0000] {dag.py:3096} INFO - Sync 1 DAGs
[2026-09-16T13:07:39.665+0000] {logging_mixin.py:188} INFO - [2026-09-16T13:07:39.665+0000] {dag.py:3954} INFO - Setting next_dagrun for data_extraction to None, run_after=None
[2026-09-16T13:07:39.687+0000] {processor.py:183} INFO - Processing /opt/airflow/dags/data_extracter_dag.py took 0.150 seconds
[2026-09-16T13:08:11.057+0000] {processor.py:161} INFO - Started process (PID=1253) to work on /opt/airflow/dags/data_extracter_dag.py
[2026-09-16T13:08:11.058+0000] {processor.py:830} INFO - Processing file /opt/airflow/dags/data_extracter_dag.py for tasks to queue
[2026-09-16T13:08:11.060+0000] {logging_mixin.py:188} INFO - [2026-09-16T13:08:11.059+0000] {dagbag.py:545} INFO - Filling up the DagBag from /opt/airflow/dags/data_extracter_dag.py
[2026-09-16T13:08:11.072+0000] {processor.py:840} INFO - DAG(s) 'data_extraction' retrieved from /opt/airflow/dags/data_extracter_dag.py
[2026-09-16T13:08:11.103+0000] {logging_mixin.py:188} INFO - [2026-09-16T13:08:11.103+0000] {dag.py:3096} INFO - Sync 1 DAGs
[2026-09-16T13:08:11.113+0000] {logging_mixin.py:188} INFO - [2026-09-16T13:08:11.113+0000] {dag.py:3954} INFO - Setting next_dagrun for data_extraction to None, run_after=None
[2026-09-16T13:08:11.131+0000] {processor.py:183} INFO - Processing /opt/airflow/dags/data_extracter_dag.py took 0.084 seconds
[2026-09-16T13:08:43.432+0000] {processor.py:161} INFO - Started process (PID=1260) to work on /opt/airflow/dags/data_extracter_dag.py
[2026-09-16T13:08:43.437+0000] {processor.py:830} INFO - Processing file /opt/airflow/dags/data_extracter_dag.py for tasks to queue
[2026-09-16T13:08:43.439+0000] {logging_mixin.py:188} INFO - [2026-09-16T13:08:43.439+0000] {dagbag.py:545} INFO - Filling up the DagBag from /opt/airflow/dags/data_extracter_dag.py
[2026-09-16T13:08:43.450+0000] {processor.py:840} INFO - DAG(s) 'data_extraction' retrieved from /opt/airflow/dags/data_extracter_dag.py
[2026-09-16T13:08:43.483+0000] {logging_mixin.py:188} INFO - [2026-09-16T13:08:43.483+0000] {dag.py:3096} INFO - Sync 1 DAGs
[2026-09-16T13:08:43.495+0000] {logging_mixin.py:188} INFO - [2026-09-16T13:08:43.494+0000] {dag.py:3954} INFO - Setting next_dagrun for data_extraction to None, run_after=None
[2026-09-16T13:08:43.517+0000] {processor.py:183} INFO - Processing /opt/airflow/dags/data_extracter_dag.py took 0.092 seconds
[2026-09-16T13:09:15.918+0000] {processor.py:161} INFO - Started process (PID=1267) to work on /opt/airflow/dags/data_extracter_dag.py
[2026-09-16T13:09:15.919+0000] {processor.py:830} INFO - Processing file /opt/airflow/dags/data_extracter_dag.py for tasks to queue
[2026-09-16T13:09:15.920+0000] {logging_mixin.py:188} INFO - [2026-09-16T13:09:15.920+0000] {dagbag.py:545} INFO - Filling up the DagBag from /opt/airflow/dags/data_extracter_dag.py
[2026-09-16T13:09:15.933+0000] {processor.py:840} INFO - DAG(s) 'data_extraction' retrieved from /opt/airflow/dags/data_extracter_dag.py
[2026-09-16T13:09:15.960+0000] {logging_mixin.py:188} INFO - [2026-09-16T13:09:15.959+0000] {dag.py:3096} INFO - Sync 1 DAGs
[2026-09-16T13:09:15.969+0000] {logging_mixin.py:188} INFO - [2026-09-16T13:09:15.969+0000] {dag.py:3954} INFO - Setting next_dagrun for data_extraction to None, run_after=None
[2026-09-16T13:09:15.993+0000] {processor.py:183} INFO - Processing /opt/airflow/dags/data_extracter_dag.py took 0.080 seconds
[2026-09-16T13:09:48.341+0000] {processor.py:161} INFO - Started process (PID=1274) to work on /opt/airflow/dags/data_extracter_dag.py
[2026-09-16T13:09:48.347+0000] {processor.py:830} INFO - Processing file /opt/airflow/dags/data_extracter_dag.py for tasks to queue
[2026-09-16T13:09:48.350+0000] {logging_mixin.py:188} INFO - [2026-09-16T13:09:48.350+0000] {dagbag.py:545} INFO - Filling up the DagBag from /opt/airflow/dags/data_extracter_dag.py
[2026-09-16T13:09:48.365+0000] {processor.py:840} INFO - DAG(s) 'data_extraction' retrieved from /opt/airflow/dags/data_extracter_dag.py
[2026-09-16T13:09:48.393+0000] {logging_mixin.py:188} INFO - [2026-09-16T13:09:48.392+0000] {dag.py:3096} INFO - Sync 1 DAGs
[2026-09-16T13:09:48.402+0000] {logging_mixin.py:188} INFO - [2026-09-16T13:09:48.401+0000] {dag.py:3954} INFO - Setting next_dagrun for data_extraction to None, run_after=None
[2026-09-16T13:09:48.420+0000] {processor.py:183} INFO - Processing /opt/airflow/dags/data_extracter_dag.py took 0.087 seconds
[2026-09-16T13:10:20.760+0000] {processor.py:161} INFO - Started process (PID=1281) to work on /opt/airflow/dags/data_extracter_dag.py
[2026-09-16T13:10:20.761+0000] {processor.py:830} INFO - Processing file /opt/airflow/dags/data_extracter_dag.py for tasks to queue
[2026-09-16T13:10:20.762+0000] {logging_mixin.py:188} INFO - [2026-09-16T13:10:20.762+0000] {dagbag.py:545} INFO - Filling up the DagBag from /opt/airflow/dags/data_extracter_dag.py
[2026-09-16T13:10:20.776+0000] {processor.py:840} INFO - DAG(s) 'data_extraction' retrieved from /opt/airflow/dags/data_extracter_dag.py
[2026-09-16T13:10:20.807+0000] {logging_mixin.py:188} INFO - [2026-09-16T13:10:20.806+0000] {dag.py:3096} INFO - Sync 1 DAGs
[2026-09-16T13:10:20.817+0000] {logging_mixin.py:188} INFO - [2026-09-16T13:10:20.817+0000] {dag.py:3954} INFO - Setting next_dagrun for data_extraction to None, run_after=None
[2026-09-16T13:10:20.839+0000] {processor.py:183} INFO - Processing /opt/airflow/dags/data_extracter_dag.py took 0.085 seconds
[2026-09-16T13:10:51.774+0000] {processor.py:161} INFO - Started process (PID=1288) to work on /opt/airflow/dags/data_extracter_dag.py
[2026-09-16T13:10:51.779+0000] {processor.py:830} INFO - Processing file /opt/airflow/dags/data_extracter_dag.py for tasks to queue
[2026-09-16T13:10:51.781+0000] {logging_mixin.py:188} INFO - [2026-09-16T13:10:51.781+0000] {dagbag.py:545} INFO - Filling up the DagBag from /opt/airflow/dags/data_extracter_dag.py
[2026-09-16T13:10:51.792+0000] {processor.py:840} INFO - DAG(s) 'data_extraction' retrieved from /opt/airflow/dags/data_extracter_dag.py
[2026-09-16T13:10:51.823+0000] {logging_mixin.py:188} INFO - [2026-09-16T13:10:51.823+0000] {dag.py:3096} INFO - Sync 1 DAGs
[2026-09-16T13:10:51.836+0000] {logging_mixin.py:188} INFO - [2026-09-16T13:10:51.836+0000] {dag.py:3954} INFO - Setting next_dagrun for data_extraction to None, run_after=None
[2026-09-16T13:10:51.855+0000] {processor.py:183} INFO - Processing /opt/airflow/dags/data_extracter_dag.py took 0.091 seconds
[2026-09-16T13:32:32.600+0000] {processor.py:161} INFO - Started process (PID=1289) to work on /opt/airflow/dags/data_extracter_dag.py
[2026-09-16T13:32:32.601+0000] {processor.py:830} INFO - Processing file /opt/airflow/dags/data_extracter_dag.py for tasks to queue
[2026-09-16T13:32:32.622+0000] {logging_mixin.py:188} INFO - [2026-09-16T13:32:32.620+0000] {dagbag.py:545} INFO - Filling up the DagBag from /opt/airflow/dags/data_extracter_dag.py
[2026-09-16T13:32:32.747+0000] {processor.py:840} INFO - DAG(s) 'data_extraction' retrieved from /opt/airflow/dags/data_extracter_dag.py
[2026-09-16T13:32:32.876+0000] {logging_mixin.py:188} INFO - [2026-09-16T13:32:32.876+0000] {dag.py:3096} INFO - Sync 1 DAGs
[2026-09-16T13:32:32.927+0000] {logging_mixin.py:188} INFO - [2026-09-16T13:32:32.920+0000] {dag.py:3954} INFO - Setting next_dagrun for data_extraction to None, run_after=None
[2026-09-16T13:32:32.982+0000] {processor.py:183} INFO - Processing /opt/airflow/dags/data_extracter_dag.py took 0.852 seconds
[2026-09-16T13:33:03.059+0000] {processor.py:161} INFO - Started process (PID=1297) to work on /opt/airflow/dags/data_extracter_dag.py
[2026-09-16T13:33:03.061+0000] {processor.py:830} INFO - Processing file /opt/airflow/dags/data_extracter_dag.py for tasks to queue
[2026-09-16T13:33:03.064+0000] {logging_mixin.py:188} INFO - [2026-09-16T13:33:03.063+0000] {dagbag.py:545} INFO - Filling up the DagBag from /opt/airflow/dags/data_extracter_dag.py
[2026-09-16T13:33:03.076+0000] {processor.py:840} INFO - DAG(s) 'data_extraction' retrieved from /opt/airflow/dags/data_extracter_dag.py
[2026-09-16T13:33:03.106+0000] {logging_mixin.py:188} INFO - [2026-09-16T13:33:03.105+0000] {dag.py:3096} INFO - Sync 1 DAGs
[2026-09-16T13:33:03.115+0000] {logging_mixin.py:188} INFO - [2026-09-16T13:33:03.115+0000] {dag.py:3954} INFO - Setting next_dagrun for data_extraction to None, run_after=None
[2026-09-16T13:33:03.133+0000] {processor.py:183} INFO - Processing /opt/airflow/dags/data_extracter_dag.py took 0.082 seconds
[2026-09-16T13:33:33.915+0000] {processor.py:161} INFO - Started process (PID=1304) to work on /opt/airflow/dags/data_extracter_dag.py
[2026-09-16T13:33:33.916+0000] {processor.py:830} INFO - Processing file /opt/airflow/dags/data_extracter_dag.py for tasks to queue
[2026-09-16T13:33:33.917+0000] {logging_mixin.py:188} INFO - [2026-09-16T13:33:33.917+0000] {dagbag.py:545} INFO - Filling up the DagBag from /opt/airflow/dags/data_extracter_dag.py
[2026-09-16T13:33:33.928+0000] {processor.py:840} INFO - DAG(s) 'data_extraction' retrieved from /opt/airflow/dags/data_extracter_dag.py
[2026-09-16T13:33:33.954+0000] {logging_mixin.py:188} INFO - [2026-09-16T13:33:33.954+0000] {dag.py:3096} INFO - Sync 1 DAGs
[2026-09-16T13:33:33.965+0000] {logging_mixin.py:188} INFO - [2026-09-16T13:33:33.965+0000] {dag.py:3954} INFO - Setting next_dagrun for data_extraction to None, run_after=None
[2026-09-16T13:33:33.986+0000] {processor.py:183} INFO - Processing /opt/airflow/dags/data_extracter_dag.py took 0.076 seconds
[2026-09-16T13:34:04.303+0000] {processor.py:161} INFO - Started process (PID=1311) to work on /opt/airflow/dags/data_extracter_dag.py
[2026-09-16T13:34:04.308+0000] {processor.py:830} INFO - Processing file /opt/airflow/dags/data_extracter_dag.py for tasks to queue
[2026-09-16T13:34:04.310+0000] {logging_mixin.py:188} INFO - [2026-09-16T13:34:04.310+0000] {dagbag.py:545} INFO - Filling up the DagBag from /opt/airflow/dags/data_extracter_dag.py
[2026-09-16T13:34:04.321+0000] {processor.py:840} INFO - DAG(s) 'data_extraction' retrieved from /opt/airflow/dags/data_extracter_dag.py
[2026-09-16T13:34:04.349+0000] {logging_mixin.py:188} INFO - [2026-09-16T13:34:04.349+0000] {dag.py:3096} INFO - Sync 1 DAGs
[2026-09-16T13:34:04.360+0000] {logging_mixin.py:188} INFO - [2026-09-16T13:34:04.360+0000] {dag.py:3954} INFO - Setting next_dagrun for data_extraction to None, run_after=None
[2026-09-16T13:34:04.381+0000] {processor.py:183} INFO - Processing /opt/airflow/dags/data_extracter_dag.py took 0.086 seconds
[2026-09-16T13:34:34.735+0000] {processor.py:161} INFO - Started process (PID=1318) to work on /opt/airflow/dags/data_extracter_dag.py
[2026-09-16T13:34:34.738+0000] {processor.py:830} INFO - Processing file /opt/airflow/dags/data_extracter_dag.py for tasks to queue
[2026-09-16T13:34:34.742+0000] {logging_mixin.py:188} INFO - [2026-09-16T13:34:34.742+0000] {dagbag.py:545} INFO - Filling up the DagBag from /opt/airflow/dags/data_extracter_dag.py
[2026-09-16T13:34:34.773+0000] {processor.py:840} INFO - DAG(s) 'data_extraction' retrieved from /opt/airflow/dags/data_extracter_dag.py
[2026-09-16T13:34:34.814+0000] {logging_mixin.py:188} INFO - [2026-09-16T13:34:34.814+0000] {dag.py:3096} INFO - Sync 1 DAGs
[2026-09-16T13:34:34.827+0000] {logging_mixin.py:188} INFO - [2026-09-16T13:34:34.827+0000] {dag.py:3954} INFO - Setting next_dagrun for data_extraction to None, run_after=None
[2026-09-16T13:34:34.855+0000] {processor.py:183} INFO - Processing /opt/airflow/dags/data_extracter_dag.py took 0.135 seconds
[2026-09-16T13:35:06.362+0000] {processor.py:161} INFO - Started process (PID=1325) to work on /opt/airflow/dags/data_extracter_dag.py
[2026-09-16T13:35:06.367+0000] {processor.py:830} INFO - Processing file /opt/airflow/dags/data_extracter_dag.py for tasks to queue
[2026-09-16T13:35:06.369+0000] {logging_mixin.py:188} INFO - [2026-09-16T13:35:06.368+0000] {dagbag.py:545} INFO - Filling up the DagBag from /opt/airflow/dags/data_extracter_dag.py
[2026-09-16T13:35:06.385+0000] {processor.py:840} INFO - DAG(s) 'data_extraction' retrieved from /opt/airflow/dags/data_extracter_dag.py
[2026-09-16T13:35:06.420+0000] {logging_mixin.py:188} INFO - [2026-09-16T13:35:06.419+0000] {dag.py:3096} INFO - Sync 1 DAGs
[2026-09-16T13:35:06.432+0000] {logging_mixin.py:188} INFO - [2026-09-16T13:35:06.432+0000] {dag.py:3954} INFO - Setting next_dagrun for data_extraction to None, run_after=None
[2026-09-16T13:35:06.462+0000] {processor.py:183} INFO - Processing /opt/airflow/dags/data_extracter_dag.py took 0.108 seconds
[2026-09-16T13:35:38.915+0000] {processor.py:161} INFO - Started process (PID=1332) to work on /opt/airflow/dags/data_extracter_dag.py
[2026-09-16T13:35:38.917+0000] {processor.py:830} INFO - Processing file /opt/airflow/dags/data_extracter_dag.py for tasks to queue
[2026-09-16T13:35:38.921+0000] {logging_mixin.py:188} INFO - [2026-09-16T13:35:38.920+0000] {dagbag.py:545} INFO - Filling up the DagBag from /opt/airflow/dags/data_extracter_dag.py
[2026-09-16T13:35:38.949+0000] {processor.py:840} INFO - DAG(s) 'data_extraction' retrieved from /opt/airflow/dags/data_extracter_dag.py
[2026-09-16T13:35:39.002+0000] {logging_mixin.py:188} INFO - [2026-09-16T13:35:39.002+0000] {dag.py:3096} INFO - Sync 1 DAGs
[2026-09-16T13:35:39.018+0000] {logging_mixin.py:188} INFO - [2026-09-16T13:35:39.017+0000] {dag.py:3954} INFO - Setting next_dagrun for data_extraction to None, run_after=None
[2026-09-16T13:35:39.048+0000] {processor.py:183} INFO - Processing /opt/airflow/dags/data_extracter_dag.py took 0.146 seconds
[2026-09-16T13:36:11.348+0000] {processor.py:161} INFO - Started process (PID=1339) to work on /opt/airflow/dags/data_extracter_dag.py
[2026-09-16T13:36:11.354+0000] {processor.py:830} INFO - Processing file /opt/airflow/dags/data_extracter_dag.py for tasks to queue
[2026-09-16T13:36:11.358+0000] {logging_mixin.py:188} INFO - [2026-09-16T13:36:11.357+0000] {dagbag.py:545} INFO - Filling up the DagBag from /opt/airflow/dags/data_extracter_dag.py
[2026-09-16T13:36:11.375+0000] {processor.py:840} INFO - DAG(s) 'data_extraction' retrieved from /opt/airflow/dags/data_extracter_dag.py
[2026-09-16T13:36:11.416+0000] {logging_mixin.py:188} INFO - [2026-09-16T13:36:11.416+0000] {dag.py:3096} INFO - Sync 1 DAGs
[2026-09-16T13:36:11.429+0000] {logging_mixin.py:188} INFO - [2026-09-16T13:36:11.429+0000] {dag.py:3954} INFO - Setting next_dagrun for data_extraction to None, run_after=None
[2026-09-16T13:36:11.453+0000] {processor.py:183} INFO - Processing /opt/airflow/dags/data_extracter_dag.py took 0.112 seconds
[2026-09-16T13:36:43.822+0000] {processor.py:161} INFO - Started process (PID=1346) to work on /opt/airflow/dags/data_extracter_dag.py
[2026-09-16T13:36:43.824+0000] {processor.py:830} INFO - Processing file /opt/airflow/dags/data_extracter_dag.py for tasks to queue
[2026-09-16T13:36:43.828+0000] {logging_mixin.py:188} INFO - [2026-09-16T13:36:43.827+0000] {dagbag.py:545} INFO - Filling up the DagBag from /opt/airflow/dags/data_extracter_dag.py
[2026-09-16T13:36:44.025+0000] {processor.py:840} INFO - DAG(s) 'data_extraction' retrieved from /opt/airflow/dags/data_extracter_dag.py
[2026-09-16T13:36:44.093+0000] {logging_mixin.py:188} INFO - [2026-09-16T13:36:44.093+0000] {dag.py:3096} INFO - Sync 1 DAGs
[2026-09-16T13:36:44.121+0000] {logging_mixin.py:188} INFO - [2026-09-16T13:36:44.121+0000] {dag.py:3954} INFO - Setting next_dagrun for data_extraction to None, run_after=None
[2026-09-16T13:36:44.166+0000] {processor.py:183} INFO - Processing /opt/airflow/dags/data_extracter_dag.py took 0.366 seconds
[2026-09-16T13:37:15.398+0000] {processor.py:161} INFO - Started process (PID=1354) to work on /opt/airflow/dags/data_extracter_dag.py
[2026-09-16T13:37:15.399+0000] {processor.py:830} INFO - Processing file /opt/airflow/dags/data_extracter_dag.py for tasks to queue
[2026-09-16T13:37:15.401+0000] {logging_mixin.py:188} INFO - [2026-09-16T13:37:15.401+0000] {dagbag.py:545} INFO - Filling up the DagBag from /opt/airflow/dags/data_extracter_dag.py
[2026-09-16T13:37:15.417+0000] {processor.py:840} INFO - DAG(s) 'data_extraction' retrieved from /opt/airflow/dags/data_extracter_dag.py
[2026-09-16T13:37:15.452+0000] {logging_mixin.py:188} INFO - [2026-09-16T13:37:15.451+0000] {dag.py:3096} INFO - Sync 1 DAGs
[2026-09-16T13:37:15.463+0000] {logging_mixin.py:188} INFO - [2026-09-16T13:37:15.463+0000] {dag.py:3954} INFO - Setting next_dagrun for data_extraction to None, run_after=None
[2026-09-16T13:37:15.486+0000] {processor.py:183} INFO - Processing /opt/airflow/dags/data_extracter_dag.py took 0.095 seconds
[2026-09-16T13:37:47.913+0000] {processor.py:161} INFO - Started process (PID=1361) to work on /opt/airflow/dags/data_extracter_dag.py
[2026-09-16T13:37:47.917+0000] {processor.py:830} INFO - Processing file /opt/airflow/dags/data_extracter_dag.py for tasks to queue
[2026-09-16T13:37:47.919+0000] {logging_mixin.py:188} INFO - [2026-09-16T13:37:47.919+0000] {dagbag.py:545} INFO - Filling up the DagBag from /opt/airflow/dags/data_extracter_dag.py
[2026-09-16T13:37:47.930+0000] {processor.py:840} INFO - DAG(s) 'data_extraction' retrieved from /opt/airflow/dags/data_extracter_dag.py
[2026-09-16T13:37:47.958+0000] {logging_mixin.py:188} INFO - [2026-09-16T13:37:47.957+0000] {dag.py:3096} INFO - Sync 1 DAGs
[2026-09-16T13:37:47.971+0000] {logging_mixin.py:188} INFO - [2026-09-16T13:37:47.971+0000] {dag.py:3954} INFO - Setting next_dagrun for data_extraction to None, run_after=None
[2026-09-16T13:37:47.991+0000] {processor.py:183} INFO - Processing /opt/airflow/dags/data_extracter_dag.py took 0.084 seconds
[2026-09-16T13:38:20.383+0000] {processor.py:161} INFO - Started process (PID=1368) to work on /opt/airflow/dags/data_extracter_dag.py
[2026-09-16T13:38:20.384+0000] {processor.py:830} INFO - Processing file /opt/airflow/dags/data_extracter_dag.py for tasks to queue
[2026-09-16T13:38:20.386+0000] {logging_mixin.py:188} INFO - [2026-09-16T13:38:20.386+0000] {dagbag.py:545} INFO - Filling up the DagBag from /opt/airflow/dags/data_extracter_dag.py
[2026-09-16T13:38:20.399+0000] {processor.py:840} INFO - DAG(s) 'data_extraction' retrieved from /opt/airflow/dags/data_extracter_dag.py
[2026-09-16T13:38:20.429+0000] {logging_mixin.py:188} INFO - [2026-09-16T13:38:20.429+0000] {dag.py:3096} INFO - Sync 1 DAGs
[2026-09-16T13:38:20.439+0000] {logging_mixin.py:188} INFO - [2026-09-16T13:38:20.439+0000] {dag.py:3954} INFO - Setting next_dagrun for data_extraction to None, run_after=None
[2026-09-16T13:38:20.456+0000] {processor.py:183} INFO - Processing /opt/airflow/dags/data_extracter_dag.py took 0.082 seconds
[2026-09-16T13:38:52.759+0000] {processor.py:161} INFO - Started process (PID=1375) to work on /opt/airflow/dags/data_extracter_dag.py
[2026-09-16T13:38:52.764+0000] {processor.py:830} INFO - Processing file /opt/airflow/dags/data_extracter_dag.py for tasks to queue
[2026-09-16T13:38:52.769+0000] {logging_mixin.py:188} INFO - [2026-09-16T13:38:52.768+0000] {dagbag.py:545} INFO - Filling up the DagBag from /opt/airflow/dags/data_extracter_dag.py
[2026-09-16T13:38:52.793+0000] {processor.py:840} INFO - DAG(s) 'data_extraction' retrieved from /opt/airflow/dags/data_extracter_dag.py
[2026-09-16T13:38:52.839+0000] {logging_mixin.py:188} INFO - [2026-09-16T13:38:52.838+0000] {dag.py:3096} INFO - Sync 1 DAGs
[2026-09-16T13:38:52.859+0000] {logging_mixin.py:188} INFO - [2026-09-16T13:38:52.859+0000] {dag.py:3954} INFO - Setting next_dagrun for data_extraction to None, run_after=None
[2026-09-16T13:38:52.884+0000] {processor.py:183} INFO - Processing /opt/airflow/dags/data_extracter_dag.py took 0.137 seconds
[2026-09-16T13:39:25.324+0000] {processor.py:161} INFO - Started process (PID=1382) to work on /opt/airflow/dags/data_extracter_dag.py
[2026-09-16T13:39:25.325+0000] {processor.py:830} INFO - Processing file /opt/airflow/dags/data_extracter_dag.py for tasks to queue
[2026-09-16T13:39:25.328+0000] {logging_mixin.py:188} INFO - [2026-09-16T13:39:25.327+0000] {dagbag.py:545} INFO - Filling up the DagBag from /opt/airflow/dags/data_extracter_dag.py
[2026-09-16T13:39:25.342+0000] {processor.py:840} INFO - DAG(s) 'data_extraction' retrieved from /opt/airflow/dags/data_extracter_dag.py
[2026-09-16T13:39:25.373+0000] {logging_mixin.py:188} INFO - [2026-09-16T13:39:25.373+0000] {dag.py:3096} INFO - Sync 1 DAGs
[2026-09-16T13:39:25.382+0000] {logging_mixin.py:188} INFO - [2026-09-16T13:39:25.382+0000] {dag.py:3954} INFO - Setting next_dagrun for data_extraction to None, run_after=None
[2026-09-16T13:39:25.406+0000] {processor.py:183} INFO - Processing /opt/airflow/dags/data_extracter_dag.py took 0.090 seconds
[2026-09-16T13:39:56.819+0000] {processor.py:161} INFO - Started process (PID=1389) to work on /opt/airflow/dags/data_extracter_dag.py
[2026-09-16T13:39:56.821+0000] {processor.py:830} INFO - Processing file /opt/airflow/dags/data_extracter_dag.py for tasks to queue
[2026-09-16T13:39:56.823+0000] {logging_mixin.py:188} INFO - [2026-09-16T13:39:56.823+0000] {dagbag.py:545} INFO - Filling up the DagBag from /opt/airflow/dags/data_extracter_dag.py
[2026-09-16T13:39:56.836+0000] {processor.py:840} INFO - DAG(s) 'data_extraction' retrieved from /opt/airflow/dags/data_extracter_dag.py
[2026-09-16T13:39:56.866+0000] {logging_mixin.py:188} INFO - [2026-09-16T13:39:56.865+0000] {dag.py:3096} INFO - Sync 1 DAGs
[2026-09-16T13:39:56.876+0000] {logging_mixin.py:188} INFO - [2026-09-16T13:39:56.876+0000] {dag.py:3954} INFO - Setting next_dagrun for data_extraction to None, run_after=None
[2026-09-16T13:39:56.897+0000] {processor.py:183} INFO - Processing /opt/airflow/dags/data_extracter_dag.py took 0.084 seconds
[2026-09-16T13:40:28.919+0000] {processor.py:161} INFO - Started process (PID=1396) to work on /opt/airflow/dags/data_extracter_dag.py
[2026-09-16T13:40:28.920+0000] {processor.py:830} INFO - Processing file /opt/airflow/dags/data_extracter_dag.py for tasks to queue
[2026-09-16T13:40:28.921+0000] {logging_mixin.py:188} INFO - [2026-09-16T13:40:28.921+0000] {dagbag.py:545} INFO - Filling up the DagBag from /opt/airflow/dags/data_extracter_dag.py
[2026-09-16T13:40:28.932+0000] {processor.py:840} INFO - DAG(s) 'data_extraction' retrieved from /opt/airflow/dags/data_extracter_dag.py
[2026-09-16T13:40:28.958+0000] {logging_mixin.py:188} INFO - [2026-09-16T13:40:28.958+0000] {dag.py:3096} INFO - Sync 1 DAGs
[2026-09-16T13:40:28.966+0000] {logging_mixin.py:188} INFO - [2026-09-16T13:40:28.966+0000] {dag.py:3954} INFO - Setting next_dagrun for data_extraction to None, run_after=None
[2026-09-16T13:40:28.981+0000] {processor.py:183} INFO - Processing /opt/airflow/dags/data_extracter_dag.py took 0.067 seconds
[2026-09-16T13:41:01.399+0000] {processor.py:161} INFO - Started process (PID=1403) to work on /opt/airflow/dags/data_extracter_dag.py
[2026-09-16T13:41:01.404+0000] {processor.py:830} INFO - Processing file /opt/airflow/dags/data_extracter_dag.py for tasks to queue
[2026-09-16T13:41:01.406+0000] {logging_mixin.py:188} INFO - [2026-09-16T13:41:01.406+0000] {dagbag.py:545} INFO - Filling up the DagBag from /opt/airflow/dags/data_extracter_dag.py
[2026-09-16T13:41:01.417+0000] {processor.py:840} INFO - DAG(s) 'data_extraction' retrieved from /opt/airflow/dags/data_extracter_dag.py
[2026-09-16T13:41:01.445+0000] {logging_mixin.py:188} INFO - [2026-09-16T13:41:01.444+0000] {dag.py:3096} INFO - Sync 1 DAGs
[2026-09-16T13:41:01.456+0000] {logging_mixin.py:188} INFO - [2026-09-16T13:41:01.455+0000] {dag.py:3954} INFO - Setting next_dagrun for data_extraction to None, run_after=None
[2026-09-16T13:41:01.476+0000] {processor.py:183} INFO - Processing /opt/airflow/dags/data_extracter_dag.py took 0.083 seconds
[2026-09-16T13:41:33.555+0000] {processor.py:161} INFO - Started process (PID=1410) to work on /opt/airflow/dags/data_extracter_dag.py
[2026-09-16T13:41:33.556+0000] {processor.py:830} INFO - Processing file /opt/airflow/dags/data_extracter_dag.py for tasks to queue
[2026-09-16T13:41:33.558+0000] {logging_mixin.py:188} INFO - [2026-09-16T13:41:33.557+0000] {dagbag.py:545} INFO - Filling up the DagBag from /opt/airflow/dags/data_extracter_dag.py
[2026-09-16T13:41:33.568+0000] {processor.py:840} INFO - DAG(s) 'data_extraction' retrieved from /opt/airflow/dags/data_extracter_dag.py
[2026-09-16T13:41:33.595+0000] {logging_mixin.py:188} INFO - [2026-09-16T13:41:33.595+0000] {dag.py:3096} INFO - Sync 1 DAGs
[2026-09-16T13:41:33.606+0000] {logging_mixin.py:188} INFO - [2026-09-16T13:41:33.605+0000] {dag.py:3954} INFO - Setting next_dagrun for data_extraction to None, run_after=None
[2026-09-16T13:41:33.625+0000] {processor.py:183} INFO - Processing /opt/airflow/dags/data_extracter_dag.py took 0.076 seconds
[2026-09-16T13:42:05.847+0000] {processor.py:161} INFO - Started process (PID=1417) to work on /opt/airflow/dags/data_extracter_dag.py
[2026-09-16T13:42:05.852+0000] {processor.py:830} INFO - Processing file /opt/airflow/dags/data_extracter_dag.py for tasks to queue
[2026-09-16T13:42:05.853+0000] {logging_mixin.py:188} INFO - [2026-09-16T13:42:05.853+0000] {dagbag.py:545} INFO - Filling up the DagBag from /opt/airflow/dags/data_extracter_dag.py
[2026-09-16T13:42:05.865+0000] {processor.py:840} INFO - DAG(s) 'data_extraction' retrieved from /opt/airflow/dags/data_extracter_dag.py
[2026-09-16T13:42:05.893+0000] {logging_mixin.py:188} INFO - [2026-09-16T13:42:05.892+0000] {dag.py:3096} INFO - Sync 1 DAGs
[2026-09-16T13:42:05.905+0000] {logging_mixin.py:188} INFO - [2026-09-16T13:42:05.905+0000] {dag.py:3954} INFO - Setting next_dagrun for data_extraction to None, run_after=None
[2026-09-16T13:42:05.940+0000] {processor.py:183} INFO - Processing /opt/airflow/dags/data_extracter_dag.py took 0.099 seconds
[2026-09-16T13:42:37.056+0000] {processor.py:161} INFO - Started process (PID=1424) to work on /opt/airflow/dags/data_extracter_dag.py
[2026-09-16T13:42:37.057+0000] {processor.py:830} INFO - Processing file /opt/airflow/dags/data_extracter_dag.py for tasks to queue
[2026-09-16T13:42:37.059+0000] {logging_mixin.py:188} INFO - [2026-09-16T13:42:37.059+0000] {dagbag.py:545} INFO - Filling up the DagBag from /opt/airflow/dags/data_extracter_dag.py
[2026-09-16T13:42:37.077+0000] {processor.py:840} INFO - DAG(s) 'data_extraction' retrieved from /opt/airflow/dags/data_extracter_dag.py
[2026-09-16T13:42:37.104+0000] {logging_mixin.py:188} INFO - [2026-09-16T13:42:37.104+0000] {dag.py:3096} INFO - Sync 1 DAGs
[2026-09-16T13:42:37.114+0000] {logging_mixin.py:188} INFO - [2026-09-16T13:42:37.114+0000] {dag.py:3954} INFO - Setting next_dagrun for data_extraction to None, run_after=None
[2026-09-16T13:42:37.137+0000] {processor.py:183} INFO - Processing /opt/airflow/dags/data_extracter_dag.py took 0.089 seconds
[2026-09-16T13:43:09.458+0000] {processor.py:161} INFO - Started process (PID=1431) to work on /opt/airflow/dags/data_extracter_dag.py
[2026-09-16T13:43:09.463+0000] {processor.py:830} INFO - Processing file /opt/airflow/dags/data_extracter_dag.py for tasks to queue
[2026-09-16T13:43:09.465+0000] {logging_mixin.py:188} INFO - [2026-09-16T13:43:09.465+0000] {dagbag.py:545} INFO - Filling up the DagBag from /opt/airflow/dags/data_extracter_dag.py
[2026-09-16T13:43:09.481+0000] {processor.py:840} INFO - DAG(s) 'data_extraction' retrieved from /opt/airflow/dags/data_extracter_dag.py
[2026-09-16T13:43:09.509+0000] {logging_mixin.py:188} INFO - [2026-09-16T13:43:09.509+0000] {dag.py:3096} INFO - Sync 1 DAGs
[2026-09-16T13:43:09.519+0000] {logging_mixin.py:188} INFO - [2026-09-16T13:43:09.519+0000] {dag.py:3954} INFO - Setting next_dagrun for data_extraction to None, run_after=None
[2026-09-16T13:43:09.540+0000] {processor.py:183} INFO - Processing /opt/airflow/dags/data_extracter_dag.py took 0.088 seconds
[2026-09-16T13:43:41.684+0000] {processor.py:161} INFO - Started process (PID=1438) to work on /opt/airflow/dags/data_extracter_dag.py
[2026-09-16T13:43:41.685+0000] {processor.py:830} INFO - Processing file /opt/airflow/dags/data_extracter_dag.py for tasks to queue
[2026-09-16T13:43:41.686+0000] {logging_mixin.py:188} INFO - [2026-09-16T13:43:41.686+0000] {dagbag.py:545} INFO - Filling up the DagBag from /opt/airflow/dags/data_extracter_dag.py
[2026-09-16T13:43:41.699+0000] {processor.py:840} INFO - DAG(s) 'data_extraction' retrieved from /opt/airflow/dags/data_extracter_dag.py
[2026-09-16T13:43:41.727+0000] {logging_mixin.py:188} INFO - [2026-09-16T13:43:41.727+0000] {dag.py:3096} INFO - Sync 1 DAGs
[2026-09-16T13:43:41.738+0000] {logging_mixin.py:188} INFO - [2026-09-16T13:43:41.738+0000] {dag.py:3954} INFO - Setting next_dagrun for data_extraction to None, run_after=None
[2026-09-16T13:43:41.757+0000] {processor.py:183} INFO - Processing /opt/airflow/dags/data_extracter_dag.py took 0.078 seconds
[2026-09-16T13:44:35.060+0000] {processor.py:161} INFO - Started process (PID=1445) to work on /opt/airflow/dags/data_extracter_dag.py
[2026-09-16T13:44:35.062+0000] {processor.py:830} INFO - Processing file /opt/airflow/dags/data_extracter_dag.py for tasks to queue
[2026-09-16T13:44:35.064+0000] {logging_mixin.py:188} INFO - [2026-09-16T13:44:35.063+0000] {dagbag.py:545} INFO - Filling up the DagBag from /opt/airflow/dags/data_extracter_dag.py
[2026-09-16T13:44:35.076+0000] {processor.py:840} INFO - DAG(s) 'data_extraction' retrieved from /opt/airflow/dags/data_extracter_dag.py
[2026-09-16T13:44:35.107+0000] {logging_mixin.py:188} INFO - [2026-09-16T13:44:35.107+0000] {dag.py:3096} INFO - Sync 1 DAGs
[2026-09-16T13:44:35.118+0000] {logging_mixin.py:188} INFO - [2026-09-16T13:44:35.118+0000] {dag.py:3954} INFO - Setting next_dagrun for data_extraction to None, run_after=None
[2026-09-16T13:44:35.140+0000] {processor.py:183} INFO - Processing /opt/airflow/dags/data_extracter_dag.py took 0.088 seconds
[2026-09-16T13:45:05.242+0000] {processor.py:161} INFO - Started process (PID=1452) to work on /opt/airflow/dags/data_extracter_dag.py
[2026-09-16T13:45:05.244+0000] {processor.py:830} INFO - Processing file /opt/airflow/dags/data_extracter_dag.py for tasks to queue
[2026-09-16T13:45:05.247+0000] {logging_mixin.py:188} INFO - [2026-09-16T13:45:05.246+0000] {dagbag.py:545} INFO - Filling up the DagBag from /opt/airflow/dags/data_extracter_dag.py
[2026-09-16T13:45:05.264+0000] {processor.py:840} INFO - DAG(s) 'data_extraction' retrieved from /opt/airflow/dags/data_extracter_dag.py
[2026-09-16T13:45:05.300+0000] {logging_mixin.py:188} INFO - [2026-09-16T13:45:05.300+0000] {dag.py:3096} INFO - Sync 1 DAGs
[2026-09-16T13:45:05.311+0000] {logging_mixin.py:188} INFO - [2026-09-16T13:45:05.311+0000] {dag.py:3954} INFO - Setting next_dagrun for data_extraction to None, run_after=None
[2026-09-16T13:45:05.334+0000] {processor.py:183} INFO - Processing /opt/airflow/dags/data_extracter_dag.py took 0.102 seconds
[2026-09-16T13:45:36.138+0000] {processor.py:161} INFO - Started process (PID=1459) to work on /opt/airflow/dags/data_extracter_dag.py
[2026-09-16T13:45:36.140+0000] {processor.py:830} INFO - Processing file /opt/airflow/dags/data_extracter_dag.py for tasks to queue
[2026-09-16T13:45:36.143+0000] {logging_mixin.py:188} INFO - [2026-09-16T13:45:36.143+0000] {dagbag.py:545} INFO - Filling up the DagBag from /opt/airflow/dags/data_extracter_dag.py
[2026-09-16T13:45:36.160+0000] {processor.py:840} INFO - DAG(s) 'data_extraction' retrieved from /opt/airflow/dags/data_extracter_dag.py
[2026-09-16T13:45:36.194+0000] {logging_mixin.py:188} INFO - [2026-09-16T13:45:36.194+0000] {dag.py:3096} INFO - Sync 1 DAGs
[2026-09-16T13:45:36.206+0000] {logging_mixin.py:188} INFO - [2026-09-16T13:45:36.206+0000] {dag.py:3954} INFO - Setting next_dagrun for data_extraction to None, run_after=None
[2026-09-16T13:45:36.226+0000] {processor.py:183} INFO - Processing /opt/airflow/dags/data_extracter_dag.py took 0.100 seconds
[2026-09-16T13:46:06.291+0000] {processor.py:161} INFO - Started process (PID=1467) to work on /opt/airflow/dags/data_extracter_dag.py
[2026-09-16T13:46:06.292+0000] {processor.py:830} INFO - Processing file /opt/airflow/dags/data_extracter_dag.py for tasks to queue
[2026-09-16T13:46:06.293+0000] {logging_mixin.py:188} INFO - [2026-09-16T13:46:06.293+0000] {dagbag.py:545} INFO - Filling up the DagBag from /opt/airflow/dags/data_extracter_dag.py
[2026-09-16T13:46:06.305+0000] {processor.py:840} INFO - DAG(s) 'data_extraction' retrieved from /opt/airflow/dags/data_extracter_dag.py
[2026-09-16T13:46:06.334+0000] {logging_mixin.py:188} INFO - [2026-09-16T13:46:06.334+0000] {dag.py:3096} INFO - Sync 1 DAGs
[2026-09-16T13:46:06.345+0000] {logging_mixin.py:188} INFO - [2026-09-16T13:46:06.345+0000] {dag.py:3954} INFO - Setting next_dagrun for data_extraction to None, run_after=None
[2026-09-16T13:46:06.363+0000] {processor.py:183} INFO - Processing /opt/airflow/dags/data_extracter_dag.py took 0.078 seconds
[2026-09-16T13:46:36.604+0000] {processor.py:161} INFO - Started process (PID=1474) to work on /opt/airflow/dags/data_extracter_dag.py
[2026-09-16T13:46:36.609+0000] {processor.py:830} INFO - Processing file /opt/airflow/dags/data_extracter_dag.py for tasks to queue
[2026-09-16T13:46:36.611+0000] {logging_mixin.py:188} INFO - [2026-09-16T13:46:36.610+0000] {dagbag.py:545} INFO - Filling up the DagBag from /opt/airflow/dags/data_extracter_dag.py
[2026-09-16T13:46:36.626+0000] {processor.py:840} INFO - DAG(s) 'data_extraction' retrieved from /opt/airflow/dags/data_extracter_dag.py
[2026-09-16T13:46:36.653+0000] {logging_mixin.py:188} INFO - [2026-09-16T13:46:36.653+0000] {dag.py:3096} INFO - Sync 1 DAGs
[2026-09-16T13:46:36.664+0000] {logging_mixin.py:188} INFO - [2026-09-16T13:46:36.664+0000] {dag.py:3954} INFO - Setting next_dagrun for data_extraction to None, run_after=None
[2026-09-16T13:46:36.683+0000] {processor.py:183} INFO - Processing /opt/airflow/dags/data_extracter_dag.py took 0.084 seconds
[2026-09-16T13:47:06.791+0000] {processor.py:161} INFO - Started process (PID=1481) to work on /opt/airflow/dags/data_extracter_dag.py
[2026-09-16T13:47:06.792+0000] {processor.py:830} INFO - Processing file /opt/airflow/dags/data_extracter_dag.py for tasks to queue
[2026-09-16T13:47:06.794+0000] {logging_mixin.py:188} INFO - [2026-09-16T13:47:06.794+0000] {dagbag.py:545} INFO - Filling up the DagBag from /opt/airflow/dags/data_extracter_dag.py
[2026-09-16T13:47:06.808+0000] {processor.py:840} INFO - DAG(s) 'data_extraction' retrieved from /opt/airflow/dags/data_extracter_dag.py
[2026-09-16T13:47:06.839+0000] {logging_mixin.py:188} INFO - [2026-09-16T13:47:06.839+0000] {dag.py:3096} INFO - Sync 1 DAGs
[2026-09-16T13:47:06.850+0000] {logging_mixin.py:188} INFO - [2026-09-16T13:47:06.850+0000] {dag.py:3954} INFO - Setting next_dagrun for data_extraction to None, run_after=None
[2026-09-16T13:47:06.870+0000] {processor.py:183} INFO - Processing /opt/airflow/dags/data_extracter_dag.py took 0.085 seconds
[2026-09-16T13:47:37.159+0000] {processor.py:161} INFO - Started process (PID=1488) to work on /opt/airflow/dags/data_extracter_dag.py
[2026-09-16T13:47:37.164+0000] {processor.py:830} INFO - Processing file /opt/airflow/dags/data_extracter_dag.py for tasks to queue
[2026-09-16T13:47:37.167+0000] {logging_mixin.py:188} INFO - [2026-09-16T13:47:37.166+0000] {dagbag.py:545} INFO - Filling up the DagBag from /opt/airflow/dags/data_extracter_dag.py
[2026-09-16T13:47:37.185+0000] {processor.py:840} INFO - DAG(s) 'data_extraction' retrieved from /opt/airflow/dags/data_extracter_dag.py
[2026-09-16T13:47:37.223+0000] {logging_mixin.py:188} INFO - [2026-09-16T13:47:37.223+0000] {dag.py:3096} INFO - Sync 1 DAGs
[2026-09-16T13:47:37.238+0000] {logging_mixin.py:188} INFO - [2026-09-16T13:47:37.238+0000] {dag.py:3954} INFO - Setting next_dagrun for data_extraction to None, run_after=None
[2026-09-16T13:47:37.266+0000] {processor.py:183} INFO - Processing /opt/airflow/dags/data_extracter_dag.py took 0.113 seconds
[2026-09-16T13:48:07.309+0000] {processor.py:161} INFO - Started process (PID=1495) to work on /opt/airflow/dags/data_extracter_dag.py
[2026-09-16T13:48:07.310+0000] {processor.py:830} INFO - Processing file /opt/airflow/dags/data_extracter_dag.py for tasks to queue
[2026-09-16T13:48:07.312+0000] {logging_mixin.py:188} INFO - [2026-09-16T13:48:07.312+0000] {dagbag.py:545} INFO - Filling up the DagBag from /opt/airflow/dags/data_extracter_dag.py
[2026-09-16T13:48:07.325+0000] {processor.py:840} INFO - DAG(s) 'data_extraction' retrieved from /opt/airflow/dags/data_extracter_dag.py
[2026-09-16T13:48:07.353+0000] {logging_mixin.py:188} INFO - [2026-09-16T13:48:07.353+0000] {dag.py:3096} INFO - Sync 1 DAGs
[2026-09-16T13:48:07.364+0000] {logging_mixin.py:188} INFO - [2026-09-16T13:48:07.364+0000] {dag.py:3954} INFO - Setting next_dagrun for data_extraction to None, run_after=None
[2026-09-16T13:48:07.386+0000] {processor.py:183} INFO - Processing /opt/airflow/dags/data_extracter_dag.py took 0.085 seconds
[2026-09-16T13:48:37.697+0000] {processor.py:161} INFO - Started process (PID=1502) to work on /opt/airflow/dags/data_extracter_dag.py
[2026-09-16T13:48:37.702+0000] {processor.py:830} INFO - Processing file /opt/airflow/dags/data_extracter_dag.py for tasks to queue
[2026-09-16T13:48:37.704+0000] {logging_mixin.py:188} INFO - [2026-09-16T13:48:37.704+0000] {dagbag.py:545} INFO - Filling up the DagBag from /opt/airflow/dags/data_extracter_dag.py
[2026-09-16T13:48:37.720+0000] {processor.py:840} INFO - DAG(s) 'data_extraction' retrieved from /opt/airflow/dags/data_extracter_dag.py
[2026-09-16T13:48:37.746+0000] {logging_mixin.py:188} INFO - [2026-09-16T13:48:37.746+0000] {dag.py:3096} INFO - Sync 1 DAGs
[2026-09-16T13:48:37.756+0000] {logging_mixin.py:188} INFO - [2026-09-16T13:48:37.756+0000] {dag.py:3954} INFO - Setting next_dagrun for data_extraction to None, run_after=None
[2026-09-16T13:48:37.778+0000] {processor.py:183} INFO - Processing /opt/airflow/dags/data_extracter_dag.py took 0.087 seconds
[2026-09-16T13:49:57.247+0000] {processor.py:161} INFO - Started process (PID=48) to work on /opt/airflow/dags/data_extracter_dag.py
[2026-09-16T13:49:57.249+0000] {processor.py:830} INFO - Processing file /opt/airflow/dags/data_extracter_dag.py for tasks to queue
[2026-09-16T13:49:57.252+0000] {logging_mixin.py:188} INFO - [2026-09-16T13:49:57.252+0000] {dagbag.py:545} INFO - Filling up the DagBag from /opt/airflow/dags/data_extracter_dag.py
[2026-09-16T13:49:57.289+0000] {processor.py:840} INFO - DAG(s) 'data_extraction' retrieved from /opt/airflow/dags/data_extracter_dag.py
[2026-09-16T13:49:57.547+0000] {logging_mixin.py:188} INFO - [2026-09-16T13:49:57.546+0000] {override.py:1829} INFO - Created Permission View: can edit on DAG:data_extraction
[2026-09-16T13:49:57.560+0000] {logging_mixin.py:188} INFO - [2026-09-16T13:49:57.559+0000] {override.py:1829} INFO - Created Permission View: can read on DAG:data_extraction
[2026-09-16T13:49:57.569+0000] {logging_mixin.py:188} INFO - [2026-09-16T13:49:57.569+0000] {override.py:1829} INFO - Created Permission View: can delete on DAG:data_extraction
[2026-09-16T13:49:57.569+0000] {logging_mixin.py:188} INFO - [2026-09-16T13:49:57.569+0000] {dag.py:3096} INFO - Sync 1 DAGs
[2026-09-16T13:49:57.582+0000] {logging_mixin.py:188} INFO - [2026-09-16T13:49:57.581+0000] {dag.py:3118} INFO - Creating ORM DAG for data_extraction
[2026-09-16T13:49:57.583+0000] {logging_mixin.py:188} INFO - [2026-09-16T13:49:57.582+0000] {dag.py:3954} INFO - Setting next_dagrun for data_extraction to None, run_after=None
[2026-09-16T13:49:57.601+0000] {processor.py:183} INFO - Processing /opt/airflow/dags/data_extracter_dag.py took 0.366 seconds
[2026-09-16T13:50:27.850+0000] {processor.py:161} INFO - Started process (PID=55) to work on /opt/airflow/dags/data_extracter_dag.py
[2026-09-16T13:50:27.852+0000] {processor.py:830} INFO - Processing file /opt/airflow/dags/data_extracter_dag.py for tasks to queue
[2026-09-16T13:50:27.855+0000] {logging_mixin.py:188} INFO - [2026-09-16T13:50:27.854+0000] {dagbag.py:545} INFO - Filling up the DagBag from /opt/airflow/dags/data_extracter_dag.py
[2026-09-16T13:50:27.917+0000] {processor.py:840} INFO - DAG(s) 'data_extraction' retrieved from /opt/airflow/dags/data_extracter_dag.py
[2026-09-16T13:50:28.176+0000] {logging_mixin.py:188} INFO - [2026-09-16T13:50:28.175+0000] {dag.py:3096} INFO - Sync 1 DAGs
[2026-09-16T13:50:28.246+0000] {logging_mixin.py:188} INFO - [2026-09-16T13:50:28.246+0000] {dag.py:3954} INFO - Setting next_dagrun for data_extraction to None, run_after=None
[2026-09-16T13:50:28.286+0000] {processor.py:183} INFO - Processing /opt/airflow/dags/data_extracter_dag.py took 0.453 seconds
[2026-09-16T13:51:47.271+0000] {processor.py:161} INFO - Started process (PID=48) to work on /opt/airflow/dags/data_extracter_dag.py
[2026-09-16T13:51:47.273+0000] {processor.py:830} INFO - Processing file /opt/airflow/dags/data_extracter_dag.py for tasks to queue
[2026-09-16T13:51:47.276+0000] {logging_mixin.py:188} INFO - [2026-09-16T13:51:47.275+0000] {dagbag.py:545} INFO - Filling up the DagBag from /opt/airflow/dags/data_extracter_dag.py
[2026-09-16T13:51:47.313+0000] {processor.py:840} INFO - DAG(s) 'data_extraction' retrieved from /opt/airflow/dags/data_extracter_dag.py
[2026-09-16T13:51:47.641+0000] {logging_mixin.py:188} INFO - [2026-09-16T13:51:47.640+0000] {override.py:1829} INFO - Created Permission View: can read on DAG:data_extraction
[2026-09-16T13:51:47.651+0000] {logging_mixin.py:188} INFO - [2026-09-16T13:51:47.651+0000] {override.py:1829} INFO - Created Permission View: can delete on DAG:data_extraction
[2026-09-16T13:51:47.659+0000] {logging_mixin.py:188} INFO - [2026-09-16T13:51:47.658+0000] {override.py:1829} INFO - Created Permission View: can edit on DAG:data_extraction
[2026-09-16T13:51:47.659+0000] {logging_mixin.py:188} INFO - [2026-09-16T13:51:47.659+0000] {dag.py:3096} INFO - Sync 1 DAGs
[2026-09-16T13:51:47.671+0000] {logging_mixin.py:188} INFO - [2026-09-16T13:51:47.670+0000] {dag.py:3118} INFO - Creating ORM DAG for data_extraction
[2026-09-16T13:51:47.671+0000] {logging_mixin.py:188} INFO - [2026-09-16T13:51:47.671+0000] {dag.py:3954} INFO - Setting next_dagrun for data_extraction to None, run_after=None
[2026-09-16T13:51:47.696+0000] {processor.py:183} INFO - Processing /opt/airflow/dags/data_extracter_dag.py took 0.434 seconds
[2026-09-16T13:52:17.783+0000] {processor.py:161} INFO - Started process (PID=55) to work on /opt/airflow/dags/data_extracter_dag.py
[2026-09-16T13:52:17.789+0000] {processor.py:830} INFO - Processing file /opt/airflow/dags/data_extracter_dag.py for tasks to queue
[2026-09-16T13:52:17.791+0000] {logging_mixin.py:188} INFO - [2026-09-16T13:52:17.791+0000] {dagbag.py:545} INFO - Filling up the DagBag from /opt/airflow/dags/data_extracter_dag.py
[2026-09-16T13:52:17.808+0000] {processor.py:840} INFO - DAG(s) 'data_extraction' retrieved from /opt/airflow/dags/data_extracter_dag.py
[2026-09-16T13:52:17.843+0000] {logging_mixin.py:188} INFO - [2026-09-16T13:52:17.843+0000] {dag.py:3096} INFO - Sync 1 DAGs
[2026-09-16T13:52:17.855+0000] {logging_mixin.py:188} INFO - [2026-09-16T13:52:17.854+0000] {dag.py:3954} INFO - Setting next_dagrun for data_extraction to None, run_after=None
[2026-09-16T13:52:17.876+0000] {processor.py:183} INFO - Processing /opt/airflow/dags/data_extracter_dag.py took 0.101 seconds
[2026-09-16T13:52:48.328+0000] {processor.py:161} INFO - Started process (PID=62) to work on /opt/airflow/dags/data_extracter_dag.py
[2026-09-16T13:52:48.329+0000] {processor.py:830} INFO - Processing file /opt/airflow/dags/data_extracter_dag.py for tasks to queue
[2026-09-16T13:52:48.332+0000] {logging_mixin.py:188} INFO - [2026-09-16T13:52:48.331+0000] {dagbag.py:545} INFO - Filling up the DagBag from /opt/airflow/dags/data_extracter_dag.py
[2026-09-16T13:52:48.349+0000] {processor.py:840} INFO - DAG(s) 'data_extraction' retrieved from /opt/airflow/dags/data_extracter_dag.py
[2026-09-16T13:52:48.384+0000] {logging_mixin.py:188} INFO - [2026-09-16T13:52:48.384+0000] {dag.py:3096} INFO - Sync 1 DAGs
[2026-09-16T13:52:48.397+0000] {logging_mixin.py:188} INFO - [2026-09-16T13:52:48.396+0000] {dag.py:3954} INFO - Setting next_dagrun for data_extraction to None, run_after=None
[2026-09-16T13:52:48.415+0000] {processor.py:183} INFO - Processing /opt/airflow/dags/data_extracter_dag.py took 0.094 seconds
[2026-09-16T13:53:18.624+0000] {processor.py:161} INFO - Started process (PID=69) to work on /opt/airflow/dags/data_extracter_dag.py
[2026-09-16T13:53:18.626+0000] {processor.py:830} INFO - Processing file /opt/airflow/dags/data_extracter_dag.py for tasks to queue
[2026-09-16T13:53:18.627+0000] {logging_mixin.py:188} INFO - [2026-09-16T13:53:18.627+0000] {dagbag.py:545} INFO - Filling up the DagBag from /opt/airflow/dags/data_extracter_dag.py
[2026-09-16T13:53:18.644+0000] {processor.py:840} INFO - DAG(s) 'data_extraction' retrieved from /opt/airflow/dags/data_extracter_dag.py
[2026-09-16T13:53:18.674+0000] {logging_mixin.py:188} INFO - [2026-09-16T13:53:18.674+0000] {dag.py:3096} INFO - Sync 1 DAGs
[2026-09-16T13:53:18.684+0000] {logging_mixin.py:188} INFO - [2026-09-16T13:53:18.683+0000] {dag.py:3954} INFO - Setting next_dagrun for data_extraction to None, run_after=None
[2026-09-16T13:53:18.699+0000] {processor.py:183} INFO - Processing /opt/airflow/dags/data_extracter_dag.py took 0.087 seconds
[2026-09-16T13:53:48.894+0000] {processor.py:161} INFO - Started process (PID=76) to work on /opt/airflow/dags/data_extracter_dag.py
[2026-09-16T13:53:48.899+0000] {processor.py:830} INFO - Processing file /opt/airflow/dags/data_extracter_dag.py for tasks to queue
[2026-09-16T13:53:48.902+0000] {logging_mixin.py:188} INFO - [2026-09-16T13:53:48.901+0000] {dagbag.py:545} INFO - Filling up the DagBag from /opt/airflow/dags/data_extracter_dag.py
[2026-09-16T13:53:48.917+0000] {processor.py:840} INFO - DAG(s) 'data_extraction' retrieved from /opt/airflow/dags/data_extracter_dag.py
[2026-09-16T13:53:48.950+0000] {logging_mixin.py:188} INFO - [2026-09-16T13:53:48.949+0000] {dag.py:3096} INFO - Sync 1 DAGs
[2026-09-16T13:53:48.961+0000] {logging_mixin.py:188} INFO - [2026-09-16T13:53:48.961+0000] {dag.py:3954} INFO - Setting next_dagrun for data_extraction to None, run_after=None
[2026-09-16T13:53:48.980+0000] {processor.py:183} INFO - Processing /opt/airflow/dags/data_extracter_dag.py took 0.092 seconds
[2026-09-16T13:54:19.254+0000] {processor.py:161} INFO - Started process (PID=83) to work on /opt/airflow/dags/data_extracter_dag.py
[2026-09-16T13:54:19.259+0000] {processor.py:830} INFO - Processing file /opt/airflow/dags/data_extracter_dag.py for tasks to queue
[2026-09-16T13:54:19.261+0000] {logging_mixin.py:188} INFO - [2026-09-16T13:54:19.260+0000] {dagbag.py:545} INFO - Filling up the DagBag from /opt/airflow/dags/data_extracter_dag.py
[2026-09-16T13:54:19.275+0000] {processor.py:840} INFO - DAG(s) 'data_extraction' retrieved from /opt/airflow/dags/data_extracter_dag.py
[2026-09-16T13:54:19.303+0000] {logging_mixin.py:188} INFO - [2026-09-16T13:54:19.303+0000] {dag.py:3096} INFO - Sync 1 DAGs
[2026-09-16T13:54:19.316+0000] {logging_mixin.py:188} INFO - [2026-09-16T13:54:19.316+0000] {dag.py:3954} INFO - Setting next_dagrun for data_extraction to None, run_after=None
[2026-09-16T13:54:19.340+0000] {processor.py:183} INFO - Processing /opt/airflow/dags/data_extracter_dag.py took 0.094 seconds
[2026-09-16T13:54:49.541+0000] {processor.py:161} INFO - Started process (PID=90) to work on /opt/airflow/dags/data_extracter_dag.py
[2026-09-16T13:54:49.546+0000] {processor.py:830} INFO - Processing file /opt/airflow/dags/data_extracter_dag.py for tasks to queue
[2026-09-16T13:54:49.548+0000] {logging_mixin.py:188} INFO - [2026-09-16T13:54:49.548+0000] {dagbag.py:545} INFO - Filling up the DagBag from /opt/airflow/dags/data_extracter_dag.py
[2026-09-16T13:54:49.560+0000] {processor.py:840} INFO - DAG(s) 'data_extraction' retrieved from /opt/airflow/dags/data_extracter_dag.py
[2026-09-16T13:54:49.588+0000] {logging_mixin.py:188} INFO - [2026-09-16T13:54:49.587+0000] {dag.py:3096} INFO - Sync 1 DAGs
[2026-09-16T13:54:49.597+0000] {logging_mixin.py:188} INFO - [2026-09-16T13:54:49.597+0000] {dag.py:3954} INFO - Setting next_dagrun for data_extraction to None, run_after=None
[2026-09-16T13:54:49.617+0000] {processor.py:183} INFO - Processing /opt/airflow/dags/data_extracter_dag.py took 0.082 seconds
[2026-09-16T13:55:19.912+0000] {processor.py:161} INFO - Started process (PID=97) to work on /opt/airflow/dags/data_extracter_dag.py
[2026-09-16T13:55:19.917+0000] {processor.py:830} INFO - Processing file /opt/airflow/dags/data_extracter_dag.py for tasks to queue
[2026-09-16T13:55:19.919+0000] {logging_mixin.py:188} INFO - [2026-09-16T13:55:19.918+0000] {dagbag.py:545} INFO - Filling up the DagBag from /opt/airflow/dags/data_extracter_dag.py
[2026-09-16T13:55:19.930+0000] {processor.py:840} INFO - DAG(s) 'data_extraction' retrieved from /opt/airflow/dags/data_extracter_dag.py
[2026-09-16T13:55:19.956+0000] {logging_mixin.py:188} INFO - [2026-09-16T13:55:19.956+0000] {dag.py:3096} INFO - Sync 1 DAGs
[2026-09-16T13:55:19.966+0000] {logging_mixin.py:188} INFO - [2026-09-16T13:55:19.965+0000] {dag.py:3954} INFO - Setting next_dagrun for data_extraction to None, run_after=None
[2026-09-16T13:55:19.988+0000] {processor.py:183} INFO - Processing /opt/airflow/dags/data_extracter_dag.py took 0.083 seconds
[2026-09-16T13:55:50.217+0000] {processor.py:161} INFO - Started process (PID=104) to work on /opt/airflow/dags/data_extracter_dag.py
[2026-09-16T13:55:50.222+0000] {processor.py:830} INFO - Processing file /opt/airflow/dags/data_extracter_dag.py for tasks to queue
[2026-09-16T13:55:50.223+0000] {logging_mixin.py:188} INFO - [2026-09-16T13:55:50.223+0000] {dagbag.py:545} INFO - Filling up the DagBag from /opt/airflow/dags/data_extracter_dag.py
[2026-09-16T13:55:50.234+0000] {processor.py:840} INFO - DAG(s) 'data_extraction' retrieved from /opt/airflow/dags/data_extracter_dag.py
[2026-09-16T13:55:50.259+0000] {logging_mixin.py:188} INFO - [2026-09-16T13:55:50.259+0000] {dag.py:3096} INFO - Sync 1 DAGs
[2026-09-16T13:55:50.269+0000] {logging_mixin.py:188} INFO - [2026-09-16T13:55:50.268+0000] {dag.py:3954} INFO - Setting next_dagrun for data_extraction to None, run_after=None
[2026-09-16T13:55:50.287+0000] {processor.py:183} INFO - Processing /opt/airflow/dags/data_extracter_dag.py took 0.076 seconds
[2026-09-16T13:56:21.588+0000] {processor.py:161} INFO - Started process (PID=111) to work on /opt/airflow/dags/data_extracter_dag.py
[2026-09-16T13:56:21.593+0000] {processor.py:830} INFO - Processing file /opt/airflow/dags/data_extracter_dag.py for tasks to queue
[2026-09-16T13:56:21.595+0000] {logging_mixin.py:188} INFO - [2026-09-16T13:56:21.595+0000] {dagbag.py:545} INFO - Filling up the DagBag from /opt/airflow/dags/data_extracter_dag.py
[2026-09-16T13:56:21.605+0000] {processor.py:840} INFO - DAG(s) 'data_extraction' retrieved from /opt/airflow/dags/data_extracter_dag.py
[2026-09-16T13:56:21.630+0000] {logging_mixin.py:188} INFO - [2026-09-16T13:56:21.630+0000] {dag.py:3096} INFO - Sync 1 DAGs
[2026-09-16T13:56:21.640+0000] {logging_mixin.py:188} INFO - [2026-09-16T13:56:21.639+0000] {dag.py:3954} INFO - Setting next_dagrun for data_extraction to None, run_after=None
[2026-09-16T13:56:21.658+0000] {processor.py:183} INFO - Processing /opt/airflow/dags/data_extracter_dag.py took 0.075 seconds
[2026-09-16T13:56:53.927+0000] {processor.py:161} INFO - Started process (PID=118) to work on /opt/airflow/dags/data_extracter_dag.py
[2026-09-16T13:56:53.932+0000] {processor.py:830} INFO - Processing file /opt/airflow/dags/data_extracter_dag.py for tasks to queue
[2026-09-16T13:56:53.933+0000] {logging_mixin.py:188} INFO - [2026-09-16T13:56:53.933+0000] {dagbag.py:545} INFO - Filling up the DagBag from /opt/airflow/dags/data_extracter_dag.py
[2026-09-16T13:56:53.944+0000] {processor.py:840} INFO - DAG(s) 'data_extraction' retrieved from /opt/airflow/dags/data_extracter_dag.py
[2026-09-16T13:56:53.969+0000] {logging_mixin.py:188} INFO - [2026-09-16T13:56:53.969+0000] {dag.py:3096} INFO - Sync 1 DAGs
[2026-09-16T13:56:53.979+0000] {logging_mixin.py:188} INFO - [2026-09-16T13:56:53.979+0000] {dag.py:3954} INFO - Setting next_dagrun for data_extraction to None, run_after=None
[2026-09-16T13:56:53.995+0000] {processor.py:183} INFO - Processing /opt/airflow/dags/data_extracter_dag.py took 0.074 seconds
[2026-09-16T13:57:26.283+0000] {processor.py:161} INFO - Started process (PID=125) to work on /opt/airflow/dags/data_extracter_dag.py
[2026-09-16T13:57:26.288+0000] {processor.py:830} INFO - Processing file /opt/airflow/dags/data_extracter_dag.py for tasks to queue
[2026-09-16T13:57:26.289+0000] {logging_mixin.py:188} INFO - [2026-09-16T13:57:26.289+0000] {dagbag.py:545} INFO - Filling up the DagBag from /opt/airflow/dags/data_extracter_dag.py
[2026-09-16T13:57:26.303+0000] {processor.py:840} INFO - DAG(s) 'data_extraction' retrieved from /opt/airflow/dags/data_extracter_dag.py
[2026-09-16T13:57:26.331+0000] {logging_mixin.py:188} INFO - [2026-09-16T13:57:26.331+0000] {dag.py:3096} INFO - Sync 1 DAGs
[2026-09-16T13:57:26.342+0000] {logging_mixin.py:188} INFO - [2026-09-16T13:57:26.342+0000] {dag.py:3954} INFO - Setting next_dagrun for data_extraction to None, run_after=None
[2026-09-16T13:57:26.364+0000] {processor.py:183} INFO - Processing /opt/airflow/dags/data_extracter_dag.py took 0.088 seconds
[2026-09-16T13:57:58.580+0000] {processor.py:161} INFO - Started process (PID=132) to work on /opt/airflow/dags/data_extracter_dag.py
[2026-09-16T13:57:58.585+0000] {processor.py:830} INFO - Processing file /opt/airflow/dags/data_extracter_dag.py for tasks to queue
[2026-09-16T13:57:58.587+0000] {logging_mixin.py:188} INFO - [2026-09-16T13:57:58.586+0000] {dagbag.py:545} INFO - Filling up the DagBag from /opt/airflow/dags/data_extracter_dag.py
[2026-09-16T13:57:58.601+0000] {processor.py:840} INFO - DAG(s) 'data_extraction' retrieved from /opt/airflow/dags/data_extracter_dag.py
[2026-09-16T13:57:58.632+0000] {logging_mixin.py:188} INFO - [2026-09-16T13:57:58.631+0000] {dag.py:3096} INFO - Sync 1 DAGs
[2026-09-16T13:57:58.644+0000] {logging_mixin.py:188} INFO - [2026-09-16T13:57:58.643+0000] {dag.py:3954} INFO - Setting next_dagrun for data_extraction to None, run_after=None
[2026-09-16T13:57:58.668+0000] {processor.py:183} INFO - Processing /opt/airflow/dags/data_extracter_dag.py took 0.094 seconds
[2026-09-16T13:58:30.927+0000] {processor.py:161} INFO - Started process (PID=139) to work on /opt/airflow/dags/data_extracter_dag.py
[2026-09-16T13:58:30.932+0000] {processor.py:830} INFO - Processing file /opt/airflow/dags/data_extracter_dag.py for tasks to queue
[2026-09-16T13:58:30.934+0000] {logging_mixin.py:188} INFO - [2026-09-16T13:58:30.934+0000] {dagbag.py:545} INFO - Filling up the DagBag from /opt/airflow/dags/data_extracter_dag.py
[2026-09-16T13:58:30.948+0000] {processor.py:840} INFO - DAG(s) 'data_extraction' retrieved from /opt/airflow/dags/data_extracter_dag.py
[2026-09-16T13:58:30.987+0000] {logging_mixin.py:188} INFO - [2026-09-16T13:58:30.987+0000] {dag.py:3096} INFO - Sync 1 DAGs
[2026-09-16T13:58:31.002+0000] {logging_mixin.py:188} INFO - [2026-09-16T13:58:31.001+0000] {dag.py:3954} INFO - Setting next_dagrun for data_extraction to None, run_after=None
[2026-09-16T13:58:31.028+0000] {processor.py:183} INFO - Processing /opt/airflow/dags/data_extracter_dag.py took 0.107 seconds
[2026-09-16T13:59:02.225+0000] {processor.py:161} INFO - Started process (PID=147) to work on /opt/airflow/dags/data_extracter_dag.py
[2026-09-16T13:59:02.227+0000] {processor.py:830} INFO - Processing file /opt/airflow/dags/data_extracter_dag.py for tasks to queue
[2026-09-16T13:59:02.230+0000] {logging_mixin.py:188} INFO - [2026-09-16T13:59:02.229+0000] {dagbag.py:545} INFO - Filling up the DagBag from /opt/airflow/dags/data_extracter_dag.py
[2026-09-16T13:59:02.247+0000] {processor.py:840} INFO - DAG(s) 'data_extraction' retrieved from /opt/airflow/dags/data_extracter_dag.py
[2026-09-16T13:59:02.288+0000] {logging_mixin.py:188} INFO - [2026-09-16T13:59:02.287+0000] {dag.py:3096} INFO - Sync 1 DAGs
[2026-09-16T13:59:02.304+0000] {logging_mixin.py:188} INFO - [2026-09-16T13:59:02.304+0000] {dag.py:3954} INFO - Setting next_dagrun for data_extraction to None, run_after=None
[2026-09-16T13:59:02.325+0000] {processor.py:183} INFO - Processing /opt/airflow/dags/data_extracter_dag.py took 0.108 seconds
[2026-09-16T13:59:34.575+0000] {processor.py:161} INFO - Started process (PID=154) to work on /opt/airflow/dags/data_extracter_dag.py
[2026-09-16T13:59:34.577+0000] {processor.py:830} INFO - Processing file /opt/airflow/dags/data_extracter_dag.py for tasks to queue
[2026-09-16T13:59:34.579+0000] {logging_mixin.py:188} INFO - [2026-09-16T13:59:34.578+0000] {dagbag.py:545} INFO - Filling up the DagBag from /opt/airflow/dags/data_extracter_dag.py
[2026-09-16T13:59:34.592+0000] {processor.py:840} INFO - DAG(s) 'data_extraction' retrieved from /opt/airflow/dags/data_extracter_dag.py
[2026-09-16T13:59:34.620+0000] {logging_mixin.py:188} INFO - [2026-09-16T13:59:34.619+0000] {dag.py:3096} INFO - Sync 1 DAGs
[2026-09-16T13:59:34.630+0000] {logging_mixin.py:188} INFO - [2026-09-16T13:59:34.630+0000] {dag.py:3954} INFO - Setting next_dagrun for data_extraction to None, run_after=None
[2026-09-16T13:59:34.651+0000] {processor.py:183} INFO - Processing /opt/airflow/dags/data_extracter_dag.py took 0.083 seconds
[2026-09-16T14:00:07.293+0000] {processor.py:161} INFO - Started process (PID=161) to work on /opt/airflow/dags/data_extracter_dag.py
[2026-09-16T14:00:07.298+0000] {processor.py:830} INFO - Processing file /opt/airflow/dags/data_extracter_dag.py for tasks to queue
[2026-09-16T14:00:07.300+0000] {logging_mixin.py:188} INFO - [2026-09-16T14:00:07.300+0000] {dagbag.py:545} INFO - Filling up the DagBag from /opt/airflow/dags/data_extracter_dag.py
[2026-09-16T14:00:07.311+0000] {processor.py:840} INFO - DAG(s) 'data_extraction' retrieved from /opt/airflow/dags/data_extracter_dag.py
[2026-09-16T14:00:07.337+0000] {logging_mixin.py:188} INFO - [2026-09-16T14:00:07.336+0000] {dag.py:3096} INFO - Sync 1 DAGs
[2026-09-16T14:00:07.346+0000] {logging_mixin.py:188} INFO - [2026-09-16T14:00:07.346+0000] {dag.py:3954} INFO - Setting next_dagrun for data_extraction to None, run_after=None
[2026-09-16T14:00:07.366+0000] {processor.py:183} INFO - Processing /opt/airflow/dags/data_extracter_dag.py took 0.079 seconds
[2026-09-16T14:00:39.109+0000] {processor.py:161} INFO - Started process (PID=168) to work on /opt/airflow/dags/data_extracter_dag.py
[2026-09-16T14:00:39.110+0000] {processor.py:830} INFO - Processing file /opt/airflow/dags/data_extracter_dag.py for tasks to queue
[2026-09-16T14:00:39.112+0000] {logging_mixin.py:188} INFO - [2026-09-16T14:00:39.112+0000] {dagbag.py:545} INFO - Filling up the DagBag from /opt/airflow/dags/data_extracter_dag.py
[2026-09-16T14:00:39.125+0000] {processor.py:840} INFO - DAG(s) 'data_extraction' retrieved from /opt/airflow/dags/data_extracter_dag.py
[2026-09-16T14:00:39.152+0000] {logging_mixin.py:188} INFO - [2026-09-16T14:00:39.151+0000] {dag.py:3096} INFO - Sync 1 DAGs
[2026-09-16T14:00:39.161+0000] {logging_mixin.py:188} INFO - [2026-09-16T14:00:39.161+0000] {dag.py:3954} INFO - Setting next_dagrun for data_extraction to None, run_after=None
[2026-09-16T14:00:39.183+0000] {processor.py:183} INFO - Processing /opt/airflow/dags/data_extracter_dag.py took 0.080 seconds
[2026-09-16T14:01:11.538+0000] {processor.py:161} INFO - Started process (PID=175) to work on /opt/airflow/dags/data_extracter_dag.py
[2026-09-16T14:01:11.543+0000] {processor.py:830} INFO - Processing file /opt/airflow/dags/data_extracter_dag.py for tasks to queue
[2026-09-16T14:01:11.546+0000] {logging_mixin.py:188} INFO - [2026-09-16T14:01:11.545+0000] {dagbag.py:545} INFO - Filling up the DagBag from /opt/airflow/dags/data_extracter_dag.py
[2026-09-16T14:01:11.557+0000] {processor.py:840} INFO - DAG(s) 'data_extraction' retrieved from /opt/airflow/dags/data_extracter_dag.py
[2026-09-16T14:01:11.586+0000] {logging_mixin.py:188} INFO - [2026-09-16T14:01:11.586+0000] {dag.py:3096} INFO - Sync 1 DAGs
[2026-09-16T14:01:11.600+0000] {logging_mixin.py:188} INFO - [2026-09-16T14:01:11.600+0000] {dag.py:3954} INFO - Setting next_dagrun for data_extraction to None, run_after=None
[2026-09-16T14:01:11.633+0000] {processor.py:183} INFO - Processing /opt/airflow/dags/data_extracter_dag.py took 0.100 seconds
[2026-09-16T14:01:43.137+0000] {processor.py:161} INFO - Started process (PID=182) to work on /opt/airflow/dags/data_extracter_dag.py
[2026-09-16T14:01:43.141+0000] {processor.py:830} INFO - Processing file /opt/airflow/dags/data_extracter_dag.py for tasks to queue
[2026-09-16T14:01:43.143+0000] {logging_mixin.py:188} INFO - [2026-09-16T14:01:43.143+0000] {dagbag.py:545} INFO - Filling up the DagBag from /opt/airflow/dags/data_extracter_dag.py
[2026-09-16T14:01:43.156+0000] {processor.py:840} INFO - DAG(s) 'data_extraction' retrieved from /opt/airflow/dags/data_extracter_dag.py
[2026-09-16T14:01:43.185+0000] {logging_mixin.py:188} INFO - [2026-09-16T14:01:43.185+0000] {dag.py:3096} INFO - Sync 1 DAGs
[2026-09-16T14:01:43.197+0000] {logging_mixin.py:188} INFO - [2026-09-16T14:01:43.197+0000] {dag.py:3954} INFO - Setting next_dagrun for data_extraction to None, run_after=None
[2026-09-16T14:01:43.219+0000] {processor.py:183} INFO - Processing /opt/airflow/dags/data_extracter_dag.py took 0.089 seconds
[2026-09-16T14:02:15.606+0000] {processor.py:161} INFO - Started process (PID=189) to work on /opt/airflow/dags/data_extracter_dag.py
[2026-09-16T14:02:15.611+0000] {processor.py:830} INFO - Processing file /opt/airflow/dags/data_extracter_dag.py for tasks to queue
[2026-09-16T14:02:15.613+0000] {logging_mixin.py:188} INFO - [2026-09-16T14:02:15.613+0000] {dagbag.py:545} INFO - Filling up the DagBag from /opt/airflow/dags/data_extracter_dag.py
[2026-09-16T14:02:15.625+0000] {processor.py:840} INFO - DAG(s) 'data_extraction' retrieved from /opt/airflow/dags/data_extracter_dag.py
[2026-09-16T14:02:15.655+0000] {logging_mixin.py:188} INFO - [2026-09-16T14:02:15.655+0000] {dag.py:3096} INFO - Sync 1 DAGs
[2026-09-16T14:02:15.666+0000] {logging_mixin.py:188} INFO - [2026-09-16T14:02:15.666+0000] {dag.py:3954} INFO - Setting next_dagrun for data_extraction to None, run_after=None
[2026-09-16T14:02:15.686+0000] {processor.py:183} INFO - Processing /opt/airflow/dags/data_extracter_dag.py took 0.086 seconds
[2026-09-16T14:02:48.310+0000] {processor.py:161} INFO - Started process (PID=196) to work on /opt/airflow/dags/data_extracter_dag.py
[2026-09-16T14:02:48.315+0000] {processor.py:830} INFO - Processing file /opt/airflow/dags/data_extracter_dag.py for tasks to queue
[2026-09-16T14:02:48.317+0000] {logging_mixin.py:188} INFO - [2026-09-16T14:02:48.317+0000] {dagbag.py:545} INFO - Filling up the DagBag from /opt/airflow/dags/data_extracter_dag.py
[2026-09-16T14:02:48.329+0000] {processor.py:840} INFO - DAG(s) 'data_extraction' retrieved from /opt/airflow/dags/data_extracter_dag.py
[2026-09-16T14:02:48.364+0000] {logging_mixin.py:188} INFO - [2026-09-16T14:02:48.363+0000] {dag.py:3096} INFO - Sync 1 DAGs
[2026-09-16T14:02:48.375+0000] {logging_mixin.py:188} INFO - [2026-09-16T14:02:48.374+0000] {dag.py:3954} INFO - Setting next_dagrun for data_extraction to None, run_after=None
[2026-09-16T14:02:48.399+0000] {processor.py:183} INFO - Processing /opt/airflow/dags/data_extracter_dag.py took 0.096 seconds
[2026-09-16T14:03:20.759+0000] {processor.py:161} INFO - Started process (PID=203) to work on /opt/airflow/dags/data_extracter_dag.py
[2026-09-16T14:03:20.764+0000] {processor.py:830} INFO - Processing file /opt/airflow/dags/data_extracter_dag.py for tasks to queue
[2026-09-16T14:03:20.765+0000] {logging_mixin.py:188} INFO - [2026-09-16T14:03:20.765+0000] {dagbag.py:545} INFO - Filling up the DagBag from /opt/airflow/dags/data_extracter_dag.py
[2026-09-16T14:03:20.777+0000] {processor.py:840} INFO - DAG(s) 'data_extraction' retrieved from /opt/airflow/dags/data_extracter_dag.py
[2026-09-16T14:03:20.809+0000] {logging_mixin.py:188} INFO - [2026-09-16T14:03:20.809+0000] {dag.py:3096} INFO - Sync 1 DAGs
[2026-09-16T14:03:20.823+0000] {logging_mixin.py:188} INFO - [2026-09-16T14:03:20.822+0000] {dag.py:3954} INFO - Setting next_dagrun for data_extraction to None, run_after=None
[2026-09-16T14:03:20.848+0000] {processor.py:183} INFO - Processing /opt/airflow/dags/data_extracter_dag.py took 0.094 seconds
[2026-09-16T14:04:33.361+0000] {processor.py:161} INFO - Started process (PID=48) to work on /opt/airflow/dags/data_extracter_dag.py
[2026-09-16T14:04:33.363+0000] {processor.py:830} INFO - Processing file /opt/airflow/dags/data_extracter_dag.py for tasks to queue
[2026-09-16T14:04:33.366+0000] {logging_mixin.py:188} INFO - [2026-09-16T14:04:33.365+0000] {dagbag.py:545} INFO - Filling up the DagBag from /opt/airflow/dags/data_extracter_dag.py
[2026-09-16T14:04:33.393+0000] {processor.py:840} INFO - DAG(s) 'data_extraction' retrieved from /opt/airflow/dags/data_extracter_dag.py
[2026-09-16T14:04:33.689+0000] {logging_mixin.py:188} INFO - [2026-09-16T14:04:33.688+0000] {override.py:1829} INFO - Created Permission View: can read on DAG:data_extraction
[2026-09-16T14:04:33.700+0000] {logging_mixin.py:188} INFO - [2026-09-16T14:04:33.700+0000] {override.py:1829} INFO - Created Permission View: can delete on DAG:data_extraction
[2026-09-16T14:04:33.709+0000] {logging_mixin.py:188} INFO - [2026-09-16T14:04:33.709+0000] {override.py:1829} INFO - Created Permission View: can edit on DAG:data_extraction
[2026-09-16T14:04:33.710+0000] {logging_mixin.py:188} INFO - [2026-09-16T14:04:33.710+0000] {dag.py:3096} INFO - Sync 1 DAGs
[2026-09-16T14:04:33.722+0000] {logging_mixin.py:188} INFO - [2026-09-16T14:04:33.722+0000] {dag.py:3118} INFO - Creating ORM DAG for data_extraction
[2026-09-16T14:04:33.723+0000] {logging_mixin.py:188} INFO - [2026-09-16T14:04:33.723+0000] {dag.py:3954} INFO - Setting next_dagrun for data_extraction to None, run_after=None
[2026-09-16T14:04:33.743+0000] {processor.py:183} INFO - Processing /opt/airflow/dags/data_extracter_dag.py took 0.390 seconds
[2026-09-16T14:05:03.859+0000] {processor.py:161} INFO - Started process (PID=55) to work on /opt/airflow/dags/data_extracter_dag.py
[2026-09-16T14:05:03.860+0000] {processor.py:830} INFO - Processing file /opt/airflow/dags/data_extracter_dag.py for tasks to queue
[2026-09-16T14:05:03.862+0000] {logging_mixin.py:188} INFO - [2026-09-16T14:05:03.862+0000] {dagbag.py:545} INFO - Filling up the DagBag from /opt/airflow/dags/data_extracter_dag.py
[2026-09-16T14:05:03.874+0000] {processor.py:840} INFO - DAG(s) 'data_extraction' retrieved from /opt/airflow/dags/data_extracter_dag.py
[2026-09-16T14:05:03.906+0000] {logging_mixin.py:188} INFO - [2026-09-16T14:05:03.906+0000] {dag.py:3096} INFO - Sync 1 DAGs
[2026-09-16T14:05:03.919+0000] {logging_mixin.py:188} INFO - [2026-09-16T14:05:03.919+0000] {dag.py:3954} INFO - Setting next_dagrun for data_extraction to None, run_after=None
[2026-09-16T14:05:03.942+0000] {processor.py:183} INFO - Processing /opt/airflow/dags/data_extracter_dag.py took 0.090 seconds
[2026-09-16T14:05:34.141+0000] {processor.py:161} INFO - Started process (PID=62) to work on /opt/airflow/dags/data_extracter_dag.py
[2026-09-16T14:05:34.144+0000] {processor.py:830} INFO - Processing file /opt/airflow/dags/data_extracter_dag.py for tasks to queue
[2026-09-16T14:05:34.146+0000] {logging_mixin.py:188} INFO - [2026-09-16T14:05:34.145+0000] {dagbag.py:545} INFO - Filling up the DagBag from /opt/airflow/dags/data_extracter_dag.py
[2026-09-16T14:05:34.158+0000] {processor.py:840} INFO - DAG(s) 'data_extraction' retrieved from /opt/airflow/dags/data_extracter_dag.py
[2026-09-16T14:05:34.188+0000] {logging_mixin.py:188} INFO - [2026-09-16T14:05:34.188+0000] {dag.py:3096} INFO - Sync 1 DAGs
[2026-09-16T14:05:34.198+0000] {logging_mixin.py:188} INFO - [2026-09-16T14:05:34.198+0000] {dag.py:3954} INFO - Setting next_dagrun for data_extraction to None, run_after=None
[2026-09-16T14:05:34.218+0000] {processor.py:183} INFO - Processing /opt/airflow/dags/data_extracter_dag.py took 0.083 seconds
[2026-09-16T14:06:04.644+0000] {processor.py:161} INFO - Started process (PID=69) to work on /opt/airflow/dags/data_extracter_dag.py
[2026-09-16T14:06:04.645+0000] {processor.py:830} INFO - Processing file /opt/airflow/dags/data_extracter_dag.py for tasks to queue
[2026-09-16T14:06:04.647+0000] {logging_mixin.py:188} INFO - [2026-09-16T14:06:04.647+0000] {dagbag.py:545} INFO - Filling up the DagBag from /opt/airflow/dags/data_extracter_dag.py
[2026-09-16T14:06:04.661+0000] {processor.py:840} INFO - DAG(s) 'data_extraction' retrieved from /opt/airflow/dags/data_extracter_dag.py
[2026-09-16T14:06:04.689+0000] {logging_mixin.py:188} INFO - [2026-09-16T14:06:04.689+0000] {dag.py:3096} INFO - Sync 1 DAGs
[2026-09-16T14:06:04.701+0000] {logging_mixin.py:188} INFO - [2026-09-16T14:06:04.701+0000] {dag.py:3954} INFO - Setting next_dagrun for data_extraction to None, run_after=None
[2026-09-16T14:06:04.722+0000] {processor.py:183} INFO - Processing /opt/airflow/dags/data_extracter_dag.py took 0.100 seconds
[2026-09-16T14:06:35.167+0000] {processor.py:161} INFO - Started process (PID=76) to work on /opt/airflow/dags/data_extracter_dag.py
[2026-09-16T14:06:35.173+0000] {processor.py:830} INFO - Processing file /opt/airflow/dags/data_extracter_dag.py for tasks to queue
[2026-09-16T14:06:35.174+0000] {logging_mixin.py:188} INFO - [2026-09-16T14:06:35.174+0000] {dagbag.py:545} INFO - Filling up the DagBag from /opt/airflow/dags/data_extracter_dag.py
[2026-09-16T14:06:35.188+0000] {processor.py:840} INFO - DAG(s) 'data_extraction' retrieved from /opt/airflow/dags/data_extracter_dag.py
[2026-09-16T14:06:35.217+0000] {logging_mixin.py:188} INFO - [2026-09-16T14:06:35.216+0000] {dag.py:3096} INFO - Sync 1 DAGs
[2026-09-16T14:06:35.230+0000] {logging_mixin.py:188} INFO - [2026-09-16T14:06:35.230+0000] {dag.py:3954} INFO - Setting next_dagrun for data_extraction to None, run_after=None
[2026-09-16T14:06:35.254+0000] {processor.py:183} INFO - Processing /opt/airflow/dags/data_extracter_dag.py took 0.093 seconds
[2026-09-16T14:07:06.805+0000] {processor.py:161} INFO - Started process (PID=83) to work on /opt/airflow/dags/data_extracter_dag.py
[2026-09-16T14:07:06.810+0000] {processor.py:830} INFO - Processing file /opt/airflow/dags/data_extracter_dag.py for tasks to queue
[2026-09-16T14:07:06.812+0000] {logging_mixin.py:188} INFO - [2026-09-16T14:07:06.812+0000] {dagbag.py:545} INFO - Filling up the DagBag from /opt/airflow/dags/data_extracter_dag.py
[2026-09-16T14:07:06.826+0000] {processor.py:840} INFO - DAG(s) 'data_extraction' retrieved from /opt/airflow/dags/data_extracter_dag.py
[2026-09-16T14:07:06.857+0000] {logging_mixin.py:188} INFO - [2026-09-16T14:07:06.857+0000] {dag.py:3096} INFO - Sync 1 DAGs
[2026-09-16T14:07:06.869+0000] {logging_mixin.py:188} INFO - [2026-09-16T14:07:06.869+0000] {dag.py:3954} INFO - Setting next_dagrun for data_extraction to None, run_after=None
[2026-09-16T14:07:06.887+0000] {processor.py:183} INFO - Processing /opt/airflow/dags/data_extracter_dag.py took 0.088 seconds
[2026-09-16T14:07:39.309+0000] {processor.py:161} INFO - Started process (PID=90) to work on /opt/airflow/dags/data_extracter_dag.py
[2026-09-16T14:07:39.314+0000] {processor.py:830} INFO - Processing file /opt/airflow/dags/data_extracter_dag.py for tasks to queue
[2026-09-16T14:07:39.316+0000] {logging_mixin.py:188} INFO - [2026-09-16T14:07:39.316+0000] {dagbag.py:545} INFO - Filling up the DagBag from /opt/airflow/dags/data_extracter_dag.py
[2026-09-16T14:07:39.328+0000] {processor.py:840} INFO - DAG(s) 'data_extraction' retrieved from /opt/airflow/dags/data_extracter_dag.py
[2026-09-16T14:07:39.360+0000] {logging_mixin.py:188} INFO - [2026-09-16T14:07:39.360+0000] {dag.py:3096} INFO - Sync 1 DAGs
[2026-09-16T14:07:39.371+0000] {logging_mixin.py:188} INFO - [2026-09-16T14:07:39.370+0000] {dag.py:3954} INFO - Setting next_dagrun for data_extraction to None, run_after=None
[2026-09-16T14:07:39.391+0000] {processor.py:183} INFO - Processing /opt/airflow/dags/data_extracter_dag.py took 0.087 seconds
[2026-09-16T14:08:11.755+0000] {processor.py:161} INFO - Started process (PID=97) to work on /opt/airflow/dags/data_extracter_dag.py
[2026-09-16T14:08:11.760+0000] {processor.py:830} INFO - Processing file /opt/airflow/dags/data_extracter_dag.py for tasks to queue
[2026-09-16T14:08:11.762+0000] {logging_mixin.py:188} INFO - [2026-09-16T14:08:11.762+0000] {dagbag.py:545} INFO - Filling up the DagBag from /opt/airflow/dags/data_extracter_dag.py
[2026-09-16T14:08:11.775+0000] {processor.py:840} INFO - DAG(s) 'data_extraction' retrieved from /opt/airflow/dags/data_extracter_dag.py
[2026-09-16T14:08:11.834+0000] {logging_mixin.py:188} INFO - [2026-09-16T14:08:11.834+0000] {dag.py:3096} INFO - Sync 1 DAGs
[2026-09-16T14:08:11.849+0000] {logging_mixin.py:188} INFO - [2026-09-16T14:08:11.848+0000] {dag.py:3954} INFO - Setting next_dagrun for data_extraction to None, run_after=None
[2026-09-16T14:08:11.873+0000] {processor.py:183} INFO - Processing /opt/airflow/dags/data_extracter_dag.py took 0.123 seconds
[2026-09-16T14:08:43.294+0000] {processor.py:161} INFO - Started process (PID=104) to work on /opt/airflow/dags/data_extracter_dag.py
[2026-09-16T14:08:43.300+0000] {processor.py:830} INFO - Processing file /opt/airflow/dags/data_extracter_dag.py for tasks to queue
[2026-09-16T14:08:43.302+0000] {logging_mixin.py:188} INFO - [2026-09-16T14:08:43.301+0000] {dagbag.py:545} INFO - Filling up the DagBag from /opt/airflow/dags/data_extracter_dag.py
[2026-09-16T14:08:43.315+0000] {processor.py:840} INFO - DAG(s) 'data_extraction' retrieved from /opt/airflow/dags/data_extracter_dag.py
[2026-09-16T14:08:43.347+0000] {logging_mixin.py:188} INFO - [2026-09-16T14:08:43.347+0000] {dag.py:3096} INFO - Sync 1 DAGs
[2026-09-16T14:08:43.359+0000] {logging_mixin.py:188} INFO - [2026-09-16T14:08:43.359+0000] {dag.py:3954} INFO - Setting next_dagrun for data_extraction to None, run_after=None
[2026-09-16T14:08:43.380+0000] {processor.py:183} INFO - Processing /opt/airflow/dags/data_extracter_dag.py took 0.093 seconds
[2026-09-16T14:09:16.041+0000] {processor.py:161} INFO - Started process (PID=111) to work on /opt/airflow/dags/data_extracter_dag.py
[2026-09-16T14:09:16.046+0000] {processor.py:830} INFO - Processing file /opt/airflow/dags/data_extracter_dag.py for tasks to queue
[2026-09-16T14:09:16.048+0000] {logging_mixin.py:188} INFO - [2026-09-16T14:09:16.048+0000] {dagbag.py:545} INFO - Filling up the DagBag from /opt/airflow/dags/data_extracter_dag.py
[2026-09-16T14:09:16.065+0000] {processor.py:840} INFO - DAG(s) 'data_extraction' retrieved from /opt/airflow/dags/data_extracter_dag.py
[2026-09-16T14:09:16.112+0000] {logging_mixin.py:188} INFO - [2026-09-16T14:09:16.111+0000] {dag.py:3096} INFO - Sync 1 DAGs
[2026-09-16T14:09:16.128+0000] {logging_mixin.py:188} INFO - [2026-09-16T14:09:16.127+0000] {dag.py:3954} INFO - Setting next_dagrun for data_extraction to None, run_after=None
[2026-09-16T14:09:16.153+0000] {processor.py:183} INFO - Processing /opt/airflow/dags/data_extracter_dag.py took 0.118 seconds
[2026-09-16T14:10:26.459+0000] {processor.py:161} INFO - Started process (PID=48) to work on /opt/airflow/dags/data_extracter_dag.py
[2026-09-16T14:10:26.461+0000] {processor.py:830} INFO - Processing file /opt/airflow/dags/data_extracter_dag.py for tasks to queue
[2026-09-16T14:10:26.463+0000] {logging_mixin.py:188} INFO - [2026-09-16T14:10:26.463+0000] {dagbag.py:545} INFO - Filling up the DagBag from /opt/airflow/dags/data_extracter_dag.py
[2026-09-16T14:10:26.491+0000] {processor.py:840} INFO - DAG(s) 'data_extraction' retrieved from /opt/airflow/dags/data_extracter_dag.py
[2026-09-16T14:10:26.800+0000] {logging_mixin.py:188} INFO - [2026-09-16T14:10:26.799+0000] {override.py:1829} INFO - Created Permission View: can read on DAG:data_extraction
[2026-09-16T14:10:26.815+0000] {logging_mixin.py:188} INFO - [2026-09-16T14:10:26.814+0000] {override.py:1829} INFO - Created Permission View: can edit on DAG:data_extraction
[2026-09-16T14:10:26.825+0000] {logging_mixin.py:188} INFO - [2026-09-16T14:10:26.824+0000] {override.py:1829} INFO - Created Permission View: can delete on DAG:data_extraction
[2026-09-16T14:10:26.825+0000] {logging_mixin.py:188} INFO - [2026-09-16T14:10:26.825+0000] {dag.py:3096} INFO - Sync 1 DAGs
[2026-09-16T14:10:26.839+0000] {logging_mixin.py:188} INFO - [2026-09-16T14:10:26.839+0000] {dag.py:3118} INFO - Creating ORM DAG for data_extraction
[2026-09-16T14:10:26.840+0000] {logging_mixin.py:188} INFO - [2026-09-16T14:10:26.840+0000] {dag.py:3954} INFO - Setting next_dagrun for data_extraction to None, run_after=None
[2026-09-16T14:10:26.862+0000] {processor.py:183} INFO - Processing /opt/airflow/dags/data_extracter_dag.py took 0.412 seconds
[2026-09-16T14:10:56.987+0000] {processor.py:161} INFO - Started process (PID=55) to work on /opt/airflow/dags/data_extracter_dag.py
[2026-09-16T14:10:56.993+0000] {processor.py:830} INFO - Processing file /opt/airflow/dags/data_extracter_dag.py for tasks to queue
[2026-09-16T14:10:56.996+0000] {logging_mixin.py:188} INFO - [2026-09-16T14:10:56.995+0000] {dagbag.py:545} INFO - Filling up the DagBag from /opt/airflow/dags/data_extracter_dag.py
[2026-09-16T14:10:57.011+0000] {processor.py:840} INFO - DAG(s) 'data_extraction' retrieved from /opt/airflow/dags/data_extracter_dag.py
[2026-09-16T14:10:57.043+0000] {logging_mixin.py:188} INFO - [2026-09-16T14:10:57.043+0000] {dag.py:3096} INFO - Sync 1 DAGs
[2026-09-16T14:10:57.055+0000] {logging_mixin.py:188} INFO - [2026-09-16T14:10:57.055+0000] {dag.py:3954} INFO - Setting next_dagrun for data_extraction to None, run_after=None
[2026-09-16T14:10:57.078+0000] {processor.py:183} INFO - Processing /opt/airflow/dags/data_extracter_dag.py took 0.096 seconds
[2026-09-16T14:11:27.679+0000] {processor.py:161} INFO - Started process (PID=62) to work on /opt/airflow/dags/data_extracter_dag.py
[2026-09-16T14:11:27.681+0000] {processor.py:830} INFO - Processing file /opt/airflow/dags/data_extracter_dag.py for tasks to queue
[2026-09-16T14:11:27.682+0000] {logging_mixin.py:188} INFO - [2026-09-16T14:11:27.682+0000] {dagbag.py:545} INFO - Filling up the DagBag from /opt/airflow/dags/data_extracter_dag.py
[2026-09-16T14:11:27.695+0000] {processor.py:840} INFO - DAG(s) 'data_extraction' retrieved from /opt/airflow/dags/data_extracter_dag.py
[2026-09-16T14:11:27.725+0000] {logging_mixin.py:188} INFO - [2026-09-16T14:11:27.724+0000] {dag.py:3096} INFO - Sync 1 DAGs
[2026-09-16T14:11:27.737+0000] {logging_mixin.py:188} INFO - [2026-09-16T14:11:27.737+0000] {dag.py:3954} INFO - Setting next_dagrun for data_extraction to None, run_after=None
[2026-09-16T14:11:27.764+0000] {processor.py:183} INFO - Processing /opt/airflow/dags/data_extracter_dag.py took 0.092 seconds
[2026-09-16T14:11:58.080+0000] {processor.py:161} INFO - Started process (PID=69) to work on /opt/airflow/dags/data_extracter_dag.py
[2026-09-16T14:11:58.084+0000] {processor.py:830} INFO - Processing file /opt/airflow/dags/data_extracter_dag.py for tasks to queue
[2026-09-16T14:11:58.086+0000] {logging_mixin.py:188} INFO - [2026-09-16T14:11:58.085+0000] {dagbag.py:545} INFO - Filling up the DagBag from /opt/airflow/dags/data_extracter_dag.py
[2026-09-16T14:11:58.096+0000] {processor.py:840} INFO - DAG(s) 'data_extraction' retrieved from /opt/airflow/dags/data_extracter_dag.py
[2026-09-16T14:11:58.122+0000] {logging_mixin.py:188} INFO - [2026-09-16T14:11:58.122+0000] {dag.py:3096} INFO - Sync 1 DAGs
[2026-09-16T14:11:58.134+0000] {logging_mixin.py:188} INFO - [2026-09-16T14:11:58.134+0000] {dag.py:3954} INFO - Setting next_dagrun for data_extraction to None, run_after=None
[2026-09-16T14:11:58.155+0000] {processor.py:183} INFO - Processing /opt/airflow/dags/data_extracter_dag.py took 0.080 seconds
[2026-09-16T14:12:29.459+0000] {processor.py:161} INFO - Started process (PID=76) to work on /opt/airflow/dags/data_extracter_dag.py
[2026-09-16T14:12:29.464+0000] {processor.py:830} INFO - Processing file /opt/airflow/dags/data_extracter_dag.py for tasks to queue
[2026-09-16T14:12:29.466+0000] {logging_mixin.py:188} INFO - [2026-09-16T14:12:29.465+0000] {dagbag.py:545} INFO - Filling up the DagBag from /opt/airflow/dags/data_extracter_dag.py
[2026-09-16T14:12:29.478+0000] {processor.py:840} INFO - DAG(s) 'data_extraction' retrieved from /opt/airflow/dags/data_extracter_dag.py
[2026-09-16T14:12:29.506+0000] {logging_mixin.py:188} INFO - [2026-09-16T14:12:29.506+0000] {dag.py:3096} INFO - Sync 1 DAGs
[2026-09-16T14:12:29.517+0000] {logging_mixin.py:188} INFO - [2026-09-16T14:12:29.516+0000] {dag.py:3954} INFO - Setting next_dagrun for data_extraction to None, run_after=None
[2026-09-16T14:12:29.539+0000] {processor.py:183} INFO - Processing /opt/airflow/dags/data_extracter_dag.py took 0.086 seconds
[2026-09-16T14:13:01.947+0000] {processor.py:161} INFO - Started process (PID=83) to work on /opt/airflow/dags/data_extracter_dag.py
[2026-09-16T14:13:01.951+0000] {processor.py:830} INFO - Processing file /opt/airflow/dags/data_extracter_dag.py for tasks to queue
[2026-09-16T14:13:01.953+0000] {logging_mixin.py:188} INFO - [2026-09-16T14:13:01.953+0000] {dagbag.py:545} INFO - Filling up the DagBag from /opt/airflow/dags/data_extracter_dag.py
[2026-09-16T14:13:01.964+0000] {processor.py:840} INFO - DAG(s) 'data_extraction' retrieved from /opt/airflow/dags/data_extracter_dag.py
[2026-09-16T14:13:01.997+0000] {logging_mixin.py:188} INFO - [2026-09-16T14:13:01.997+0000] {dag.py:3096} INFO - Sync 1 DAGs
[2026-09-16T14:13:02.008+0000] {logging_mixin.py:188} INFO - [2026-09-16T14:13:02.008+0000] {dag.py:3954} INFO - Setting next_dagrun for data_extraction to None, run_after=None
[2026-09-16T14:13:02.032+0000] {processor.py:183} INFO - Processing /opt/airflow/dags/data_extracter_dag.py took 0.091 seconds
[2026-09-16T14:13:34.346+0000] {processor.py:161} INFO - Started process (PID=90) to work on /opt/airflow/dags/data_extracter_dag.py
[2026-09-16T14:13:34.351+0000] {processor.py:830} INFO - Processing file /opt/airflow/dags/data_extracter_dag.py for tasks to queue
[2026-09-16T14:13:34.352+0000] {logging_mixin.py:188} INFO - [2026-09-16T14:13:34.352+0000] {dagbag.py:545} INFO - Filling up the DagBag from /opt/airflow/dags/data_extracter_dag.py
[2026-09-16T14:13:34.365+0000] {processor.py:840} INFO - DAG(s) 'data_extraction' retrieved from /opt/airflow/dags/data_extracter_dag.py
[2026-09-16T14:13:34.396+0000] {logging_mixin.py:188} INFO - [2026-09-16T14:13:34.396+0000] {dag.py:3096} INFO - Sync 1 DAGs
[2026-09-16T14:13:34.407+0000] {logging_mixin.py:188} INFO - [2026-09-16T14:13:34.407+0000] {dag.py:3954} INFO - Setting next_dagrun for data_extraction to None, run_after=None
[2026-09-16T14:13:34.430+0000] {processor.py:183} INFO - Processing /opt/airflow/dags/data_extracter_dag.py took 0.090 seconds
[2026-09-16T14:14:06.824+0000] {processor.py:161} INFO - Started process (PID=97) to work on /opt/airflow/dags/data_extracter_dag.py
[2026-09-16T14:14:06.829+0000] {processor.py:830} INFO - Processing file /opt/airflow/dags/data_extracter_dag.py for tasks to queue
[2026-09-16T14:14:06.830+0000] {logging_mixin.py:188} INFO - [2026-09-16T14:14:06.830+0000] {dagbag.py:545} INFO - Filling up the DagBag from /opt/airflow/dags/data_extracter_dag.py
[2026-09-16T14:14:06.841+0000] {processor.py:840} INFO - DAG(s) 'data_extraction' retrieved from /opt/airflow/dags/data_extracter_dag.py
[2026-09-16T14:14:06.867+0000] {logging_mixin.py:188} INFO - [2026-09-16T14:14:06.867+0000] {dag.py:3096} INFO - Sync 1 DAGs
[2026-09-16T14:14:06.877+0000] {logging_mixin.py:188} INFO - [2026-09-16T14:14:06.877+0000] {dag.py:3954} INFO - Setting next_dagrun for data_extraction to None, run_after=None
[2026-09-16T14:14:06.897+0000] {processor.py:183} INFO - Processing /opt/airflow/dags/data_extracter_dag.py took 0.079 seconds
[2026-09-16T14:14:39.264+0000] {processor.py:161} INFO - Started process (PID=104) to work on /opt/airflow/dags/data_extracter_dag.py
[2026-09-16T14:14:39.267+0000] {processor.py:830} INFO - Processing file /opt/airflow/dags/data_extracter_dag.py for tasks to queue
[2026-09-16T14:14:39.269+0000] {logging_mixin.py:188} INFO - [2026-09-16T14:14:39.269+0000] {dagbag.py:545} INFO - Filling up the DagBag from /opt/airflow/dags/data_extracter_dag.py
[2026-09-16T14:14:39.287+0000] {processor.py:840} INFO - DAG(s) 'data_extraction' retrieved from /opt/airflow/dags/data_extracter_dag.py
[2026-09-16T14:14:39.340+0000] {logging_mixin.py:188} INFO - [2026-09-16T14:14:39.340+0000] {dag.py:3096} INFO - Sync 1 DAGs
[2026-09-16T14:14:39.355+0000] {logging_mixin.py:188} INFO - [2026-09-16T14:14:39.354+0000] {dag.py:3954} INFO - Setting next_dagrun for data_extraction to None, run_after=None
[2026-09-16T14:14:39.382+0000] {processor.py:183} INFO - Processing /opt/airflow/dags/data_extracter_dag.py took 0.127 seconds
[2026-09-16T14:15:10.703+0000] {processor.py:161} INFO - Started process (PID=111) to work on /opt/airflow/dags/data_extracter_dag.py
[2026-09-16T14:15:10.707+0000] {processor.py:830} INFO - Processing file /opt/airflow/dags/data_extracter_dag.py for tasks to queue
[2026-09-16T14:15:10.709+0000] {logging_mixin.py:188} INFO - [2026-09-16T14:15:10.709+0000] {dagbag.py:545} INFO - Filling up the DagBag from /opt/airflow/dags/data_extracter_dag.py
[2026-09-16T14:15:10.722+0000] {processor.py:840} INFO - DAG(s) 'data_extraction' retrieved from /opt/airflow/dags/data_extracter_dag.py
[2026-09-16T14:15:10.756+0000] {logging_mixin.py:188} INFO - [2026-09-16T14:15:10.756+0000] {dag.py:3096} INFO - Sync 1 DAGs
[2026-09-16T14:15:10.770+0000] {logging_mixin.py:188} INFO - [2026-09-16T14:15:10.770+0000] {dag.py:3954} INFO - Setting next_dagrun for data_extraction to None, run_after=None
[2026-09-16T14:15:10.794+0000] {processor.py:183} INFO - Processing /opt/airflow/dags/data_extracter_dag.py took 0.097 seconds
[2026-09-16T14:15:43.229+0000] {processor.py:161} INFO - Started process (PID=118) to work on /opt/airflow/dags/data_extracter_dag.py
[2026-09-16T14:15:43.235+0000] {processor.py:830} INFO - Processing file /opt/airflow/dags/data_extracter_dag.py for tasks to queue
[2026-09-16T14:15:43.237+0000] {logging_mixin.py:188} INFO - [2026-09-16T14:15:43.236+0000] {dagbag.py:545} INFO - Filling up the DagBag from /opt/airflow/dags/data_extracter_dag.py
[2026-09-16T14:15:43.251+0000] {processor.py:840} INFO - DAG(s) 'data_extraction' retrieved from /opt/airflow/dags/data_extracter_dag.py
[2026-09-16T14:15:43.287+0000] {logging_mixin.py:188} INFO - [2026-09-16T14:15:43.287+0000] {dag.py:3096} INFO - Sync 1 DAGs
[2026-09-16T14:15:43.298+0000] {logging_mixin.py:188} INFO - [2026-09-16T14:15:43.298+0000] {dag.py:3954} INFO - Setting next_dagrun for data_extraction to None, run_after=None
[2026-09-16T14:15:43.321+0000] {processor.py:183} INFO - Processing /opt/airflow/dags/data_extracter_dag.py took 0.098 seconds
[2026-09-16T14:16:15.675+0000] {processor.py:161} INFO - Started process (PID=125) to work on /opt/airflow/dags/data_extracter_dag.py
[2026-09-16T14:16:15.680+0000] {processor.py:830} INFO - Processing file /opt/airflow/dags/data_extracter_dag.py for tasks to queue
[2026-09-16T14:16:15.682+0000] {logging_mixin.py:188} INFO - [2026-09-16T14:16:15.682+0000] {dagbag.py:545} INFO - Filling up the DagBag from /opt/airflow/dags/data_extracter_dag.py
[2026-09-16T14:16:15.695+0000] {processor.py:840} INFO - DAG(s) 'data_extraction' retrieved from /opt/airflow/dags/data_extracter_dag.py
[2026-09-16T14:16:15.725+0000] {logging_mixin.py:188} INFO - [2026-09-16T14:16:15.725+0000] {dag.py:3096} INFO - Sync 1 DAGs
[2026-09-16T14:16:15.736+0000] {logging_mixin.py:188} INFO - [2026-09-16T14:16:15.736+0000] {dag.py:3954} INFO - Setting next_dagrun for data_extraction to None, run_after=None
[2026-09-16T14:16:15.757+0000] {processor.py:183} INFO - Processing /opt/airflow/dags/data_extracter_dag.py took 0.088 seconds
[2026-09-16T14:16:48.168+0000] {processor.py:161} INFO - Started process (PID=132) to work on /opt/airflow/dags/data_extracter_dag.py
[2026-09-16T14:16:48.172+0000] {processor.py:830} INFO - Processing file /opt/airflow/dags/data_extracter_dag.py for tasks to queue
[2026-09-16T14:16:48.174+0000] {logging_mixin.py:188} INFO - [2026-09-16T14:16:48.174+0000] {dagbag.py:545} INFO - Filling up the DagBag from /opt/airflow/dags/data_extracter_dag.py
[2026-09-16T14:16:48.187+0000] {processor.py:840} INFO - DAG(s) 'data_extraction' retrieved from /opt/airflow/dags/data_extracter_dag.py
[2026-09-16T14:16:48.215+0000] {logging_mixin.py:188} INFO - [2026-09-16T14:16:48.215+0000] {dag.py:3096} INFO - Sync 1 DAGs
[2026-09-16T14:16:48.226+0000] {logging_mixin.py:188} INFO - [2026-09-16T14:16:48.225+0000] {dag.py:3954} INFO - Setting next_dagrun for data_extraction to None, run_after=None
[2026-09-16T14:16:48.246+0000] {processor.py:183} INFO - Processing /opt/airflow/dags/data_extracter_dag.py took 0.084 seconds
[2026-09-16T14:17:20.587+0000] {processor.py:161} INFO - Started process (PID=139) to work on /opt/airflow/dags/data_extracter_dag.py
[2026-09-16T14:17:20.592+0000] {processor.py:830} INFO - Processing file /opt/airflow/dags/data_extracter_dag.py for tasks to queue
[2026-09-16T14:17:20.594+0000] {logging_mixin.py:188} INFO - [2026-09-16T14:17:20.593+0000] {dagbag.py:545} INFO - Filling up the DagBag from /opt/airflow/dags/data_extracter_dag.py
[2026-09-16T14:17:20.604+0000] {processor.py:840} INFO - DAG(s) 'data_extraction' retrieved from /opt/airflow/dags/data_extracter_dag.py
[2026-09-16T14:17:20.629+0000] {logging_mixin.py:188} INFO - [2026-09-16T14:17:20.629+0000] {dag.py:3096} INFO - Sync 1 DAGs
[2026-09-16T14:17:20.639+0000] {logging_mixin.py:188} INFO - [2026-09-16T14:17:20.639+0000] {dag.py:3954} INFO - Setting next_dagrun for data_extraction to None, run_after=None
[2026-09-16T14:17:20.656+0000] {processor.py:183} INFO - Processing /opt/airflow/dags/data_extracter_dag.py took 0.074 seconds
[2026-09-16T14:17:53.096+0000] {processor.py:161} INFO - Started process (PID=146) to work on /opt/airflow/dags/data_extracter_dag.py
[2026-09-16T14:17:53.097+0000] {processor.py:830} INFO - Processing file /opt/airflow/dags/data_extracter_dag.py for tasks to queue
[2026-09-16T14:17:53.099+0000] {logging_mixin.py:188} INFO - [2026-09-16T14:17:53.099+0000] {dagbag.py:545} INFO - Filling up the DagBag from /opt/airflow/dags/data_extracter_dag.py
[2026-09-16T14:17:53.111+0000] {processor.py:840} INFO - DAG(s) 'data_extraction' retrieved from /opt/airflow/dags/data_extracter_dag.py
[2026-09-16T14:17:53.143+0000] {logging_mixin.py:188} INFO - [2026-09-16T14:17:53.142+0000] {dag.py:3096} INFO - Sync 1 DAGs
[2026-09-16T14:17:53.152+0000] {logging_mixin.py:188} INFO - [2026-09-16T14:17:53.152+0000] {dag.py:3954} INFO - Setting next_dagrun for data_extraction to None, run_after=None
[2026-09-16T14:17:53.178+0000] {processor.py:183} INFO - Processing /opt/airflow/dags/data_extracter_dag.py took 0.088 seconds
[2026-09-16T14:18:24.438+0000] {processor.py:161} INFO - Started process (PID=153) to work on /opt/airflow/dags/data_extracter_dag.py
[2026-09-16T14:18:24.440+0000] {processor.py:830} INFO - Processing file /opt/airflow/dags/data_extracter_dag.py for tasks to queue
[2026-09-16T14:18:24.442+0000] {logging_mixin.py:188} INFO - [2026-09-16T14:18:24.441+0000] {dagbag.py:545} INFO - Filling up the DagBag from /opt/airflow/dags/data_extracter_dag.py
[2026-09-16T14:18:24.456+0000] {processor.py:840} INFO - DAG(s) 'data_extraction' retrieved from /opt/airflow/dags/data_extracter_dag.py
[2026-09-16T14:18:24.484+0000] {logging_mixin.py:188} INFO - [2026-09-16T14:18:24.484+0000] {dag.py:3096} INFO - Sync 1 DAGs
[2026-09-16T14:18:24.495+0000] {logging_mixin.py:188} INFO - [2026-09-16T14:18:24.495+0000] {dag.py:3954} INFO - Setting next_dagrun for data_extraction to None, run_after=None
[2026-09-16T14:18:24.515+0000] {processor.py:183} INFO - Processing /opt/airflow/dags/data_extracter_dag.py took 0.083 seconds
[2026-09-16T14:18:56.751+0000] {processor.py:161} INFO - Started process (PID=160) to work on /opt/airflow/dags/data_extracter_dag.py
[2026-09-16T14:18:56.752+0000] {processor.py:830} INFO - Processing file /opt/airflow/dags/data_extracter_dag.py for tasks to queue
[2026-09-16T14:18:56.754+0000] {logging_mixin.py:188} INFO - [2026-09-16T14:18:56.754+0000] {dagbag.py:545} INFO - Filling up the DagBag from /opt/airflow/dags/data_extracter_dag.py
[2026-09-16T14:18:56.765+0000] {processor.py:840} INFO - DAG(s) 'data_extraction' retrieved from /opt/airflow/dags/data_extracter_dag.py
[2026-09-16T14:18:56.789+0000] {logging_mixin.py:188} INFO - [2026-09-16T14:18:56.789+0000] {dag.py:3096} INFO - Sync 1 DAGs
[2026-09-16T14:18:56.800+0000] {logging_mixin.py:188} INFO - [2026-09-16T14:18:56.800+0000] {dag.py:3954} INFO - Setting next_dagrun for data_extraction to None, run_after=None
[2026-09-16T14:18:56.817+0000] {processor.py:183} INFO - Processing /opt/airflow/dags/data_extracter_dag.py took 0.072 seconds
[2026-09-16T14:19:29.468+0000] {processor.py:161} INFO - Started process (PID=167) to work on /opt/airflow/dags/data_extracter_dag.py
[2026-09-16T14:19:29.473+0000] {processor.py:830} INFO - Processing file /opt/airflow/dags/data_extracter_dag.py for tasks to queue
[2026-09-16T14:19:29.475+0000] {logging_mixin.py:188} INFO - [2026-09-16T14:19:29.474+0000] {dagbag.py:545} INFO - Filling up the DagBag from /opt/airflow/dags/data_extracter_dag.py
[2026-09-16T14:19:29.486+0000] {processor.py:840} INFO - DAG(s) 'data_extraction' retrieved from /opt/airflow/dags/data_extracter_dag.py
[2026-09-16T14:19:29.513+0000] {logging_mixin.py:188} INFO - [2026-09-16T14:19:29.513+0000] {dag.py:3096} INFO - Sync 1 DAGs
[2026-09-16T14:19:29.523+0000] {logging_mixin.py:188} INFO - [2026-09-16T14:19:29.523+0000] {dag.py:3954} INFO - Setting next_dagrun for data_extraction to None, run_after=None
[2026-09-16T14:19:29.546+0000] {processor.py:183} INFO - Processing /opt/airflow/dags/data_extracter_dag.py took 0.083 seconds
[2026-09-16T14:20:02.469+0000] {processor.py:161} INFO - Started process (PID=174) to work on /opt/airflow/dags/data_extracter_dag.py
[2026-09-16T14:20:02.474+0000] {processor.py:830} INFO - Processing file /opt/airflow/dags/data_extracter_dag.py for tasks to queue
[2026-09-16T14:20:02.476+0000] {logging_mixin.py:188} INFO - [2026-09-16T14:20:02.476+0000] {dagbag.py:545} INFO - Filling up the DagBag from /opt/airflow/dags/data_extracter_dag.py
[2026-09-16T14:20:02.488+0000] {processor.py:840} INFO - DAG(s) 'data_extraction' retrieved from /opt/airflow/dags/data_extracter_dag.py
[2026-09-16T14:20:02.514+0000] {logging_mixin.py:188} INFO - [2026-09-16T14:20:02.514+0000] {dag.py:3096} INFO - Sync 1 DAGs
[2026-09-16T14:20:02.524+0000] {logging_mixin.py:188} INFO - [2026-09-16T14:20:02.524+0000] {dag.py:3954} INFO - Setting next_dagrun for data_extraction to None, run_after=None
[2026-09-16T14:20:02.539+0000] {processor.py:183} INFO - Processing /opt/airflow/dags/data_extracter_dag.py took 0.075 seconds
[2026-09-16T14:20:34.924+0000] {processor.py:161} INFO - Started process (PID=181) to work on /opt/airflow/dags/data_extracter_dag.py
[2026-09-16T14:20:34.928+0000] {processor.py:830} INFO - Processing file /opt/airflow/dags/data_extracter_dag.py for tasks to queue
[2026-09-16T14:20:34.930+0000] {logging_mixin.py:188} INFO - [2026-09-16T14:20:34.930+0000] {dagbag.py:545} INFO - Filling up the DagBag from /opt/airflow/dags/data_extracter_dag.py
[2026-09-16T14:20:34.941+0000] {processor.py:840} INFO - DAG(s) 'data_extraction' retrieved from /opt/airflow/dags/data_extracter_dag.py
[2026-09-16T14:20:34.966+0000] {logging_mixin.py:188} INFO - [2026-09-16T14:20:34.966+0000] {dag.py:3096} INFO - Sync 1 DAGs
[2026-09-16T14:20:34.975+0000] {logging_mixin.py:188} INFO - [2026-09-16T14:20:34.975+0000] {dag.py:3954} INFO - Setting next_dagrun for data_extraction to None, run_after=None
[2026-09-16T14:20:34.993+0000] {processor.py:183} INFO - Processing /opt/airflow/dags/data_extracter_dag.py took 0.075 seconds
[2026-09-16T14:21:06.598+0000] {processor.py:161} INFO - Started process (PID=188) to work on /opt/airflow/dags/data_extracter_dag.py
[2026-09-16T14:21:06.602+0000] {processor.py:830} INFO - Processing file /opt/airflow/dags/data_extracter_dag.py for tasks to queue
[2026-09-16T14:21:06.604+0000] {logging_mixin.py:188} INFO - [2026-09-16T14:21:06.604+0000] {dagbag.py:545} INFO - Filling up the DagBag from /opt/airflow/dags/data_extracter_dag.py
[2026-09-16T14:21:06.617+0000] {processor.py:840} INFO - DAG(s) 'data_extraction' retrieved from /opt/airflow/dags/data_extracter_dag.py
[2026-09-16T14:21:06.648+0000] {logging_mixin.py:188} INFO - [2026-09-16T14:21:06.648+0000] {dag.py:3096} INFO - Sync 1 DAGs
[2026-09-16T14:21:06.659+0000] {logging_mixin.py:188} INFO - [2026-09-16T14:21:06.658+0000] {dag.py:3954} INFO - Setting next_dagrun for data_extraction to None, run_after=None
[2026-09-16T14:21:06.678+0000] {processor.py:183} INFO - Processing /opt/airflow/dags/data_extracter_dag.py took 0.088 seconds
[2026-09-16T14:21:39.415+0000] {processor.py:161} INFO - Started process (PID=195) to work on /opt/airflow/dags/data_extracter_dag.py
[2026-09-16T14:21:39.420+0000] {processor.py:830} INFO - Processing file /opt/airflow/dags/data_extracter_dag.py for tasks to queue
[2026-09-16T14:21:39.421+0000] {logging_mixin.py:188} INFO - [2026-09-16T14:21:39.421+0000] {dagbag.py:545} INFO - Filling up the DagBag from /opt/airflow/dags/data_extracter_dag.py
[2026-09-16T14:21:39.432+0000] {processor.py:840} INFO - DAG(s) 'data_extraction' retrieved from /opt/airflow/dags/data_extracter_dag.py
[2026-09-16T14:21:39.457+0000] {logging_mixin.py:188} INFO - [2026-09-16T14:21:39.457+0000] {dag.py:3096} INFO - Sync 1 DAGs
[2026-09-16T14:21:39.466+0000] {logging_mixin.py:188} INFO - [2026-09-16T14:21:39.466+0000] {dag.py:3954} INFO - Setting next_dagrun for data_extraction to None, run_after=None
[2026-09-16T14:21:39.484+0000] {processor.py:183} INFO - Processing /opt/airflow/dags/data_extracter_dag.py took 0.076 seconds
[2026-09-16T14:22:52.229+0000] {processor.py:161} INFO - Started process (PID=49) to work on /opt/airflow/dags/data_extracter_dag.py
[2026-09-16T14:22:52.230+0000] {processor.py:830} INFO - Processing file /opt/airflow/dags/data_extracter_dag.py for tasks to queue
[2026-09-16T14:22:52.232+0000] {logging_mixin.py:188} INFO - [2026-09-16T14:22:52.232+0000] {dagbag.py:545} INFO - Filling up the DagBag from /opt/airflow/dags/data_extracter_dag.py
[2026-09-16T14:22:52.257+0000] {processor.py:840} INFO - DAG(s) 'data_extraction' retrieved from /opt/airflow/dags/data_extracter_dag.py
[2026-09-16T14:22:52.470+0000] {logging_mixin.py:188} INFO - [2026-09-16T14:22:52.470+0000] {override.py:1829} INFO - Created Permission View: can delete on DAG:data_extraction
[2026-09-16T14:22:52.483+0000] {logging_mixin.py:188} INFO - [2026-09-16T14:22:52.482+0000] {override.py:1829} INFO - Created Permission View: can read on DAG:data_extraction
[2026-09-16T14:22:52.493+0000] {logging_mixin.py:188} INFO - [2026-09-16T14:22:52.492+0000] {override.py:1829} INFO - Created Permission View: can edit on DAG:data_extraction
[2026-09-16T14:22:52.493+0000] {logging_mixin.py:188} INFO - [2026-09-16T14:22:52.493+0000] {dag.py:3096} INFO - Sync 1 DAGs
[2026-09-16T14:22:52.504+0000] {logging_mixin.py:188} INFO - [2026-09-16T14:22:52.503+0000] {dag.py:3118} INFO - Creating ORM DAG for data_extraction
[2026-09-16T14:22:52.504+0000] {logging_mixin.py:188} INFO - [2026-09-16T14:22:52.504+0000] {dag.py:3954} INFO - Setting next_dagrun for data_extraction to None, run_after=None
[2026-09-16T14:22:52.520+0000] {processor.py:183} INFO - Processing /opt/airflow/dags/data_extracter_dag.py took 0.298 seconds
[2026-09-16T14:23:22.758+0000] {processor.py:161} INFO - Started process (PID=56) to work on /opt/airflow/dags/data_extracter_dag.py
[2026-09-16T14:23:22.763+0000] {processor.py:830} INFO - Processing file /opt/airflow/dags/data_extracter_dag.py for tasks to queue
[2026-09-16T14:23:22.766+0000] {logging_mixin.py:188} INFO - [2026-09-16T14:23:22.766+0000] {dagbag.py:545} INFO - Filling up the DagBag from /opt/airflow/dags/data_extracter_dag.py
[2026-09-16T14:23:22.782+0000] {processor.py:840} INFO - DAG(s) 'data_extraction' retrieved from /opt/airflow/dags/data_extracter_dag.py
[2026-09-16T14:23:22.816+0000] {logging_mixin.py:188} INFO - [2026-09-16T14:23:22.816+0000] {dag.py:3096} INFO - Sync 1 DAGs
[2026-09-16T14:23:22.827+0000] {logging_mixin.py:188} INFO - [2026-09-16T14:23:22.827+0000] {dag.py:3954} INFO - Setting next_dagrun for data_extraction to None, run_after=None
[2026-09-16T14:23:22.850+0000] {processor.py:183} INFO - Processing /opt/airflow/dags/data_extracter_dag.py took 0.101 seconds
[2026-09-16T14:23:53.754+0000] {processor.py:161} INFO - Started process (PID=63) to work on /opt/airflow/dags/data_extracter_dag.py
[2026-09-16T14:23:53.760+0000] {processor.py:830} INFO - Processing file /opt/airflow/dags/data_extracter_dag.py for tasks to queue
[2026-09-16T14:23:53.763+0000] {logging_mixin.py:188} INFO - [2026-09-16T14:23:53.763+0000] {dagbag.py:545} INFO - Filling up the DagBag from /opt/airflow/dags/data_extracter_dag.py
[2026-09-16T14:23:53.788+0000] {processor.py:840} INFO - DAG(s) 'data_extraction' retrieved from /opt/airflow/dags/data_extracter_dag.py
[2026-09-16T14:23:53.824+0000] {logging_mixin.py:188} INFO - [2026-09-16T14:23:53.824+0000] {dag.py:3096} INFO - Sync 1 DAGs
[2026-09-16T14:23:53.836+0000] {logging_mixin.py:188} INFO - [2026-09-16T14:23:53.836+0000] {dag.py:3954} INFO - Setting next_dagrun for data_extraction to None, run_after=None
[2026-09-16T14:23:53.870+0000] {processor.py:183} INFO - Processing /opt/airflow/dags/data_extracter_dag.py took 0.136 seconds
[2026-09-16T14:24:24.349+0000] {processor.py:161} INFO - Started process (PID=70) to work on /opt/airflow/dags/data_extracter_dag.py
[2026-09-16T14:24:24.353+0000] {processor.py:830} INFO - Processing file /opt/airflow/dags/data_extracter_dag.py for tasks to queue
[2026-09-16T14:24:24.355+0000] {logging_mixin.py:188} INFO - [2026-09-16T14:24:24.355+0000] {dagbag.py:545} INFO - Filling up the DagBag from /opt/airflow/dags/data_extracter_dag.py
[2026-09-16T14:24:24.367+0000] {processor.py:840} INFO - DAG(s) 'data_extraction' retrieved from /opt/airflow/dags/data_extracter_dag.py
[2026-09-16T14:24:24.392+0000] {logging_mixin.py:188} INFO - [2026-09-16T14:24:24.392+0000] {dag.py:3096} INFO - Sync 1 DAGs
[2026-09-16T14:24:24.402+0000] {logging_mixin.py:188} INFO - [2026-09-16T14:24:24.401+0000] {dag.py:3954} INFO - Setting next_dagrun for data_extraction to None, run_after=None
[2026-09-16T14:24:24.421+0000] {processor.py:183} INFO - Processing /opt/airflow/dags/data_extracter_dag.py took 0.078 seconds
[2026-09-16T14:24:54.977+0000] {processor.py:161} INFO - Started process (PID=77) to work on /opt/airflow/dags/data_extracter_dag.py
[2026-09-16T14:24:54.981+0000] {processor.py:830} INFO - Processing file /opt/airflow/dags/data_extracter_dag.py for tasks to queue
[2026-09-16T14:24:54.983+0000] {logging_mixin.py:188} INFO - [2026-09-16T14:24:54.983+0000] {dagbag.py:545} INFO - Filling up the DagBag from /opt/airflow/dags/data_extracter_dag.py
[2026-09-16T14:24:54.997+0000] {processor.py:840} INFO - DAG(s) 'data_extraction' retrieved from /opt/airflow/dags/data_extracter_dag.py
[2026-09-16T14:24:55.023+0000] {logging_mixin.py:188} INFO - [2026-09-16T14:24:55.023+0000] {dag.py:3096} INFO - Sync 1 DAGs
[2026-09-16T14:24:55.033+0000] {logging_mixin.py:188} INFO - [2026-09-16T14:24:55.033+0000] {dag.py:3954} INFO - Setting next_dagrun for data_extraction to None, run_after=None
[2026-09-16T14:24:55.054+0000] {processor.py:183} INFO - Processing /opt/airflow/dags/data_extracter_dag.py took 0.087 seconds
[2026-09-16T14:25:26.727+0000] {processor.py:161} INFO - Started process (PID=84) to work on /opt/airflow/dags/data_extracter_dag.py
[2026-09-16T14:25:26.731+0000] {processor.py:830} INFO - Processing file /opt/airflow/dags/data_extracter_dag.py for tasks to queue
[2026-09-16T14:25:26.733+0000] {logging_mixin.py:188} INFO - [2026-09-16T14:25:26.733+0000] {dagbag.py:545} INFO - Filling up the DagBag from /opt/airflow/dags/data_extracter_dag.py
[2026-09-16T14:25:26.744+0000] {processor.py:840} INFO - DAG(s) 'data_extraction' retrieved from /opt/airflow/dags/data_extracter_dag.py
[2026-09-16T14:25:26.770+0000] {logging_mixin.py:188} INFO - [2026-09-16T14:25:26.770+0000] {dag.py:3096} INFO - Sync 1 DAGs
[2026-09-16T14:25:26.781+0000] {logging_mixin.py:188} INFO - [2026-09-16T14:25:26.781+0000] {dag.py:3954} INFO - Setting next_dagrun for data_extraction to None, run_after=None
[2026-09-16T14:25:26.797+0000] {processor.py:183} INFO - Processing /opt/airflow/dags/data_extracter_dag.py took 0.078 seconds
[2026-09-16T14:25:59.637+0000] {processor.py:161} INFO - Started process (PID=91) to work on /opt/airflow/dags/data_extracter_dag.py
[2026-09-16T14:25:59.642+0000] {processor.py:830} INFO - Processing file /opt/airflow/dags/data_extracter_dag.py for tasks to queue
[2026-09-16T14:25:59.643+0000] {logging_mixin.py:188} INFO - [2026-09-16T14:25:59.643+0000] {dagbag.py:545} INFO - Filling up the DagBag from /opt/airflow/dags/data_extracter_dag.py
[2026-09-16T14:25:59.656+0000] {processor.py:840} INFO - DAG(s) 'data_extraction' retrieved from /opt/airflow/dags/data_extracter_dag.py
[2026-09-16T14:25:59.685+0000] {logging_mixin.py:188} INFO - [2026-09-16T14:25:59.685+0000] {dag.py:3096} INFO - Sync 1 DAGs
[2026-09-16T14:25:59.697+0000] {logging_mixin.py:188} INFO - [2026-09-16T14:25:59.696+0000] {dag.py:3954} INFO - Setting next_dagrun for data_extraction to None, run_after=None
[2026-09-16T14:25:59.718+0000] {processor.py:183} INFO - Processing /opt/airflow/dags/data_extracter_dag.py took 0.087 seconds
[2026-09-16T14:26:32.236+0000] {processor.py:161} INFO - Started process (PID=98) to work on /opt/airflow/dags/data_extracter_dag.py
[2026-09-16T14:26:32.238+0000] {processor.py:830} INFO - Processing file /opt/airflow/dags/data_extracter_dag.py for tasks to queue
[2026-09-16T14:26:32.240+0000] {logging_mixin.py:188} INFO - [2026-09-16T14:26:32.240+0000] {dagbag.py:545} INFO - Filling up the DagBag from /opt/airflow/dags/data_extracter_dag.py
[2026-09-16T14:26:32.253+0000] {processor.py:840} INFO - DAG(s) 'data_extraction' retrieved from /opt/airflow/dags/data_extracter_dag.py
[2026-09-16T14:26:32.283+0000] {logging_mixin.py:188} INFO - [2026-09-16T14:26:32.283+0000] {dag.py:3096} INFO - Sync 1 DAGs
[2026-09-16T14:26:32.295+0000] {logging_mixin.py:188} INFO - [2026-09-16T14:26:32.295+0000] {dag.py:3954} INFO - Setting next_dagrun for data_extraction to None, run_after=None
[2026-09-16T14:26:32.318+0000] {processor.py:183} INFO - Processing /opt/airflow/dags/data_extracter_dag.py took 0.090 seconds
[2026-09-16T14:27:04.929+0000] {processor.py:161} INFO - Started process (PID=106) to work on /opt/airflow/dags/data_extracter_dag.py
[2026-09-16T14:27:04.930+0000] {processor.py:830} INFO - Processing file /opt/airflow/dags/data_extracter_dag.py for tasks to queue
[2026-09-16T14:27:04.931+0000] {logging_mixin.py:188} INFO - [2026-09-16T14:27:04.931+0000] {dagbag.py:545} INFO - Filling up the DagBag from /opt/airflow/dags/data_extracter_dag.py
[2026-09-16T14:27:04.944+0000] {processor.py:840} INFO - DAG(s) 'data_extraction' retrieved from /opt/airflow/dags/data_extracter_dag.py
[2026-09-16T14:27:04.972+0000] {logging_mixin.py:188} INFO - [2026-09-16T14:27:04.972+0000] {dag.py:3096} INFO - Sync 1 DAGs
[2026-09-16T14:27:04.982+0000] {logging_mixin.py:188} INFO - [2026-09-16T14:27:04.982+0000] {dag.py:3954} INFO - Setting next_dagrun for data_extraction to None, run_after=None
[2026-09-16T14:27:05.003+0000] {processor.py:183} INFO - Processing /opt/airflow/dags/data_extracter_dag.py took 0.080 seconds
[2026-09-16T14:27:37.673+0000] {processor.py:161} INFO - Started process (PID=113) to work on /opt/airflow/dags/data_extracter_dag.py
[2026-09-16T14:27:37.675+0000] {processor.py:830} INFO - Processing file /opt/airflow/dags/data_extracter_dag.py for tasks to queue
[2026-09-16T14:27:37.678+0000] {logging_mixin.py:188} INFO - [2026-09-16T14:27:37.677+0000] {dagbag.py:545} INFO - Filling up the DagBag from /opt/airflow/dags/data_extracter_dag.py
[2026-09-16T14:27:37.696+0000] {processor.py:840} INFO - DAG(s) 'data_extraction' retrieved from /opt/airflow/dags/data_extracter_dag.py
[2026-09-16T14:27:37.728+0000] {logging_mixin.py:188} INFO - [2026-09-16T14:27:37.728+0000] {dag.py:3096} INFO - Sync 1 DAGs
[2026-09-16T14:27:37.739+0000] {logging_mixin.py:188} INFO - [2026-09-16T14:27:37.739+0000] {dag.py:3954} INFO - Setting next_dagrun for data_extraction to None, run_after=None
[2026-09-16T14:27:37.762+0000] {processor.py:183} INFO - Processing /opt/airflow/dags/data_extracter_dag.py took 0.097 seconds
[2026-09-16T14:28:09.534+0000] {processor.py:161} INFO - Started process (PID=120) to work on /opt/airflow/dags/data_extracter_dag.py
[2026-09-16T14:28:09.539+0000] {processor.py:830} INFO - Processing file /opt/airflow/dags/data_extracter_dag.py for tasks to queue
[2026-09-16T14:28:09.541+0000] {logging_mixin.py:188} INFO - [2026-09-16T14:28:09.541+0000] {dagbag.py:545} INFO - Filling up the DagBag from /opt/airflow/dags/data_extracter_dag.py
[2026-09-16T14:28:09.556+0000] {processor.py:840} INFO - DAG(s) 'data_extraction' retrieved from /opt/airflow/dags/data_extracter_dag.py
[2026-09-16T14:28:09.588+0000] {logging_mixin.py:188} INFO - [2026-09-16T14:28:09.588+0000] {dag.py:3096} INFO - Sync 1 DAGs
[2026-09-16T14:28:09.600+0000] {logging_mixin.py:188} INFO - [2026-09-16T14:28:09.600+0000] {dag.py:3954} INFO - Setting next_dagrun for data_extraction to None, run_after=None
[2026-09-16T14:28:09.624+0000] {processor.py:183} INFO - Processing /opt/airflow/dags/data_extracter_dag.py took 0.098 seconds
[2026-09-16T14:28:42.198+0000] {processor.py:161} INFO - Started process (PID=127) to work on /opt/airflow/dags/data_extracter_dag.py
[2026-09-16T14:28:42.199+0000] {processor.py:830} INFO - Processing file /opt/airflow/dags/data_extracter_dag.py for tasks to queue
[2026-09-16T14:28:42.201+0000] {logging_mixin.py:188} INFO - [2026-09-16T14:28:42.201+0000] {dagbag.py:545} INFO - Filling up the DagBag from /opt/airflow/dags/data_extracter_dag.py
[2026-09-16T14:28:42.212+0000] {processor.py:840} INFO - DAG(s) 'data_extraction' retrieved from /opt/airflow/dags/data_extracter_dag.py
[2026-09-16T14:28:42.236+0000] {logging_mixin.py:188} INFO - [2026-09-16T14:28:42.236+0000] {dag.py:3096} INFO - Sync 1 DAGs
[2026-09-16T14:28:42.245+0000] {logging_mixin.py:188} INFO - [2026-09-16T14:28:42.244+0000] {dag.py:3954} INFO - Setting next_dagrun for data_extraction to None, run_after=None
[2026-09-16T14:28:42.265+0000] {processor.py:183} INFO - Processing /opt/airflow/dags/data_extracter_dag.py took 0.073 seconds
[2026-09-16T14:29:14.842+0000] {processor.py:161} INFO - Started process (PID=134) to work on /opt/airflow/dags/data_extracter_dag.py
[2026-09-16T14:29:14.847+0000] {processor.py:830} INFO - Processing file /opt/airflow/dags/data_extracter_dag.py for tasks to queue
[2026-09-16T14:29:14.849+0000] {logging_mixin.py:188} INFO - [2026-09-16T14:29:14.849+0000] {dagbag.py:545} INFO - Filling up the DagBag from /opt/airflow/dags/data_extracter_dag.py
[2026-09-16T14:29:14.863+0000] {processor.py:840} INFO - DAG(s) 'data_extraction' retrieved from /opt/airflow/dags/data_extracter_dag.py
[2026-09-16T14:29:14.895+0000] {logging_mixin.py:188} INFO - [2026-09-16T14:29:14.895+0000] {dag.py:3096} INFO - Sync 1 DAGs
[2026-09-16T14:29:14.910+0000] {logging_mixin.py:188} INFO - [2026-09-16T14:29:14.910+0000] {dag.py:3954} INFO - Setting next_dagrun for data_extraction to None, run_after=None
[2026-09-16T14:29:14.938+0000] {processor.py:183} INFO - Processing /opt/airflow/dags/data_extracter_dag.py took 0.103 seconds
[2026-09-16T14:29:47.639+0000] {processor.py:161} INFO - Started process (PID=141) to work on /opt/airflow/dags/data_extracter_dag.py
[2026-09-16T14:29:47.644+0000] {processor.py:830} INFO - Processing file /opt/airflow/dags/data_extracter_dag.py for tasks to queue
[2026-09-16T14:29:47.645+0000] {logging_mixin.py:188} INFO - [2026-09-16T14:29:47.645+0000] {dagbag.py:545} INFO - Filling up the DagBag from /opt/airflow/dags/data_extracter_dag.py
[2026-09-16T14:29:47.659+0000] {processor.py:840} INFO - DAG(s) 'data_extraction' retrieved from /opt/airflow/dags/data_extracter_dag.py
[2026-09-16T14:29:47.705+0000] {logging_mixin.py:188} INFO - [2026-09-16T14:29:47.705+0000] {dag.py:3096} INFO - Sync 1 DAGs
[2026-09-16T14:29:47.722+0000] {logging_mixin.py:188} INFO - [2026-09-16T14:29:47.722+0000] {dag.py:3954} INFO - Setting next_dagrun for data_extraction to None, run_after=None
[2026-09-16T14:29:47.740+0000] {processor.py:183} INFO - Processing /opt/airflow/dags/data_extracter_dag.py took 0.107 seconds
[2026-09-16T14:30:07.803+0000] {processor.py:161} INFO - Started process (PID=149) to work on /opt/airflow/dags/data_extracter_dag.py
[2026-09-16T14:30:07.804+0000] {processor.py:830} INFO - Processing file /opt/airflow/dags/data_extracter_dag.py for tasks to queue
[2026-09-16T14:30:07.816+0000] {logging_mixin.py:188} INFO - [2026-09-16T14:30:07.816+0000] {dagbag.py:545} INFO - Filling up the DagBag from /opt/airflow/dags/data_extracter_dag.py
[2026-09-16T14:30:07.868+0000] {processor.py:840} INFO - DAG(s) 'data_extraction' retrieved from /opt/airflow/dags/data_extracter_dag.py
[2026-09-16T14:30:07.933+0000] {logging_mixin.py:188} INFO - [2026-09-16T14:30:07.933+0000] {dag.py:3096} INFO - Sync 1 DAGs
[2026-09-16T14:30:07.983+0000] {logging_mixin.py:188} INFO - [2026-09-16T14:30:07.982+0000] {dag.py:3954} INFO - Setting next_dagrun for data_extraction to None, run_after=None
[2026-09-16T14:30:08.013+0000] {processor.py:183} INFO - Processing /opt/airflow/dags/data_extracter_dag.py took 0.230 seconds
[2026-09-16T14:49:28.808+0000] {processor.py:161} INFO - Started process (PID=156) to work on /opt/airflow/dags/data_extracter_dag.py
[2026-09-16T14:49:28.824+0000] {processor.py:830} INFO - Processing file /opt/airflow/dags/data_extracter_dag.py for tasks to queue
[2026-09-16T14:49:28.827+0000] {logging_mixin.py:188} INFO - [2026-09-16T14:49:28.826+0000] {dagbag.py:545} INFO - Filling up the DagBag from /opt/airflow/dags/data_extracter_dag.py
[2026-09-16T14:49:28.937+0000] {processor.py:840} INFO - DAG(s) 'data_extraction' retrieved from /opt/airflow/dags/data_extracter_dag.py
[2026-09-16T14:49:29.170+0000] {logging_mixin.py:188} INFO - [2026-09-16T14:49:29.170+0000] {dag.py:3096} INFO - Sync 1 DAGs
[2026-09-16T14:49:29.259+0000] {logging_mixin.py:188} INFO - [2026-09-16T14:49:29.259+0000] {dag.py:3954} INFO - Setting next_dagrun for data_extraction to None, run_after=None
[2026-09-16T14:49:29.398+0000] {processor.py:183} INFO - Processing /opt/airflow/dags/data_extracter_dag.py took 0.633 seconds
[2026-09-16T14:50:12.683+0000] {processor.py:161} INFO - Started process (PID=157) to work on /opt/airflow/dags/data_extracter_dag.py
[2026-09-16T14:50:12.684+0000] {processor.py:830} INFO - Processing file /opt/airflow/dags/data_extracter_dag.py for tasks to queue
[2026-09-16T14:50:12.686+0000] {logging_mixin.py:188} INFO - [2026-09-16T14:50:12.686+0000] {dagbag.py:545} INFO - Filling up the DagBag from /opt/airflow/dags/data_extracter_dag.py
[2026-09-16T14:50:12.733+0000] {processor.py:840} INFO - DAG(s) 'data_extraction' retrieved from /opt/airflow/dags/data_extracter_dag.py
[2026-09-16T14:50:12.942+0000] {logging_mixin.py:188} INFO - [2026-09-16T14:50:12.941+0000] {dag.py:3096} INFO - Sync 1 DAGs
[2026-09-16T14:50:12.978+0000] {logging_mixin.py:188} INFO - [2026-09-16T14:50:12.978+0000] {dag.py:3954} INFO - Setting next_dagrun for data_extraction to None, run_after=None
[2026-09-16T14:50:13.007+0000] {processor.py:183} INFO - Processing /opt/airflow/dags/data_extracter_dag.py took 0.499 seconds
[2026-09-16T14:50:43.041+0000] {processor.py:161} INFO - Started process (PID=164) to work on /opt/airflow/dags/data_extracter_dag.py
[2026-09-16T14:50:43.042+0000] {processor.py:830} INFO - Processing file /opt/airflow/dags/data_extracter_dag.py for tasks to queue
[2026-09-16T14:50:43.044+0000] {logging_mixin.py:188} INFO - [2026-09-16T14:50:43.044+0000] {dagbag.py:545} INFO - Filling up the DagBag from /opt/airflow/dags/data_extracter_dag.py
[2026-09-16T14:50:43.056+0000] {processor.py:840} INFO - DAG(s) 'data_extraction' retrieved from /opt/airflow/dags/data_extracter_dag.py
[2026-09-16T14:50:43.084+0000] {logging_mixin.py:188} INFO - [2026-09-16T14:50:43.084+0000] {dag.py:3096} INFO - Sync 1 DAGs
[2026-09-16T14:50:43.095+0000] {logging_mixin.py:188} INFO - [2026-09-16T14:50:43.095+0000] {dag.py:3954} INFO - Setting next_dagrun for data_extraction to None, run_after=None
[2026-09-16T14:50:43.111+0000] {processor.py:183} INFO - Processing /opt/airflow/dags/data_extracter_dag.py took 0.076 seconds
[2026-09-16T14:51:13.746+0000] {processor.py:161} INFO - Started process (PID=171) to work on /opt/airflow/dags/data_extracter_dag.py
[2026-09-16T14:51:13.749+0000] {processor.py:830} INFO - Processing file /opt/airflow/dags/data_extracter_dag.py for tasks to queue
[2026-09-16T14:51:13.751+0000] {logging_mixin.py:188} INFO - [2026-09-16T14:51:13.750+0000] {dagbag.py:545} INFO - Filling up the DagBag from /opt/airflow/dags/data_extracter_dag.py
[2026-09-16T14:51:13.761+0000] {processor.py:840} INFO - DAG(s) 'data_extraction' retrieved from /opt/airflow/dags/data_extracter_dag.py
[2026-09-16T14:51:13.787+0000] {logging_mixin.py:188} INFO - [2026-09-16T14:51:13.787+0000] {dag.py:3096} INFO - Sync 1 DAGs
[2026-09-16T14:51:13.796+0000] {logging_mixin.py:188} INFO - [2026-09-16T14:51:13.796+0000] {dag.py:3954} INFO - Setting next_dagrun for data_extraction to None, run_after=None
[2026-09-16T14:51:13.817+0000] {processor.py:183} INFO - Processing /opt/airflow/dags/data_extracter_dag.py took 0.077 seconds
[2026-09-16T14:51:44.297+0000] {processor.py:161} INFO - Started process (PID=178) to work on /opt/airflow/dags/data_extracter_dag.py
[2026-09-16T14:51:44.298+0000] {processor.py:830} INFO - Processing file /opt/airflow/dags/data_extracter_dag.py for tasks to queue
[2026-09-16T14:51:44.301+0000] {logging_mixin.py:188} INFO - [2026-09-16T14:51:44.300+0000] {dagbag.py:545} INFO - Filling up the DagBag from /opt/airflow/dags/data_extracter_dag.py
[2026-09-16T14:51:44.316+0000] {processor.py:840} INFO - DAG(s) 'data_extraction' retrieved from /opt/airflow/dags/data_extracter_dag.py
[2026-09-16T14:51:44.347+0000] {logging_mixin.py:188} INFO - [2026-09-16T14:51:44.347+0000] {dag.py:3096} INFO - Sync 1 DAGs
[2026-09-16T14:51:44.361+0000] {logging_mixin.py:188} INFO - [2026-09-16T14:51:44.360+0000] {dag.py:3954} INFO - Setting next_dagrun for data_extraction to None, run_after=None
[2026-09-16T14:51:44.391+0000] {processor.py:183} INFO - Processing /opt/airflow/dags/data_extracter_dag.py took 0.102 seconds
[2026-09-16T14:52:15.028+0000] {processor.py:161} INFO - Started process (PID=179) to work on /opt/airflow/dags/data_extracter_dag.py
[2026-09-16T14:52:15.030+0000] {processor.py:830} INFO - Processing file /opt/airflow/dags/data_extracter_dag.py for tasks to queue
[2026-09-16T14:52:15.032+0000] {logging_mixin.py:188} INFO - [2026-09-16T14:52:15.032+0000] {dagbag.py:545} INFO - Filling up the DagBag from /opt/airflow/dags/data_extracter_dag.py
[2026-09-16T14:52:15.060+0000] {processor.py:840} INFO - DAG(s) 'data_extraction' retrieved from /opt/airflow/dags/data_extracter_dag.py
[2026-09-16T14:52:15.094+0000] {logging_mixin.py:188} INFO - [2026-09-16T14:52:15.094+0000] {dag.py:3096} INFO - Sync 1 DAGs
[2026-09-16T14:52:15.108+0000] {logging_mixin.py:188} INFO - [2026-09-16T14:52:15.108+0000] {dag.py:3954} INFO - Setting next_dagrun for data_extraction to None, run_after=None
[2026-09-16T14:52:15.134+0000] {processor.py:183} INFO - Processing /opt/airflow/dags/data_extracter_dag.py took 0.119 seconds
[2026-09-16T14:52:45.687+0000] {processor.py:161} INFO - Started process (PID=186) to work on /opt/airflow/dags/data_extracter_dag.py
[2026-09-16T14:52:45.692+0000] {processor.py:830} INFO - Processing file /opt/airflow/dags/data_extracter_dag.py for tasks to queue
[2026-09-16T14:52:45.695+0000] {logging_mixin.py:188} INFO - [2026-09-16T14:52:45.694+0000] {dagbag.py:545} INFO - Filling up the DagBag from /opt/airflow/dags/data_extracter_dag.py
[2026-09-16T14:52:45.707+0000] {processor.py:840} INFO - DAG(s) 'data_extraction' retrieved from /opt/airflow/dags/data_extracter_dag.py
[2026-09-16T14:52:45.733+0000] {logging_mixin.py:188} INFO - [2026-09-16T14:52:45.733+0000] {dag.py:3096} INFO - Sync 1 DAGs
[2026-09-16T14:52:45.745+0000] {logging_mixin.py:188} INFO - [2026-09-16T14:52:45.745+0000] {dag.py:3954} INFO - Setting next_dagrun for data_extraction to None, run_after=None
[2026-09-16T14:52:45.769+0000] {processor.py:183} INFO - Processing /opt/airflow/dags/data_extracter_dag.py took 0.088 seconds
[2026-09-16T14:53:16.718+0000] {processor.py:161} INFO - Started process (PID=193) to work on /opt/airflow/dags/data_extracter_dag.py
[2026-09-16T14:53:16.720+0000] {processor.py:830} INFO - Processing file /opt/airflow/dags/data_extracter_dag.py for tasks to queue
[2026-09-16T14:53:16.724+0000] {logging_mixin.py:188} INFO - [2026-09-16T14:53:16.724+0000] {dagbag.py:545} INFO - Filling up the DagBag from /opt/airflow/dags/data_extracter_dag.py
[2026-09-16T14:53:16.741+0000] {processor.py:840} INFO - DAG(s) 'data_extraction' retrieved from /opt/airflow/dags/data_extracter_dag.py
[2026-09-16T14:53:16.770+0000] {logging_mixin.py:188} INFO - [2026-09-16T14:53:16.770+0000] {dag.py:3096} INFO - Sync 1 DAGs
[2026-09-16T14:53:16.781+0000] {logging_mixin.py:188} INFO - [2026-09-16T14:53:16.781+0000] {dag.py:3954} INFO - Setting next_dagrun for data_extraction to None, run_after=None
[2026-09-16T14:53:16.801+0000] {processor.py:183} INFO - Processing /opt/airflow/dags/data_extracter_dag.py took 0.089 seconds
[2026-09-16T14:53:47.663+0000] {processor.py:161} INFO - Started process (PID=200) to work on /opt/airflow/dags/data_extracter_dag.py
[2026-09-16T14:53:47.668+0000] {processor.py:830} INFO - Processing file /opt/airflow/dags/data_extracter_dag.py for tasks to queue
[2026-09-16T14:53:47.671+0000] {logging_mixin.py:188} INFO - [2026-09-16T14:53:47.671+0000] {dagbag.py:545} INFO - Filling up the DagBag from /opt/airflow/dags/data_extracter_dag.py
[2026-09-16T14:53:47.689+0000] {processor.py:840} INFO - DAG(s) 'data_extraction' retrieved from /opt/airflow/dags/data_extracter_dag.py
[2026-09-16T14:53:47.720+0000] {logging_mixin.py:188} INFO - [2026-09-16T14:53:47.719+0000] {dag.py:3096} INFO - Sync 1 DAGs
[2026-09-16T14:53:47.731+0000] {logging_mixin.py:188} INFO - [2026-09-16T14:53:47.731+0000] {dag.py:3954} INFO - Setting next_dagrun for data_extraction to None, run_after=None
[2026-09-16T14:53:47.756+0000] {processor.py:183} INFO - Processing /opt/airflow/dags/data_extracter_dag.py took 0.100 seconds
[2026-09-16T14:54:18.365+0000] {processor.py:161} INFO - Started process (PID=207) to work on /opt/airflow/dags/data_extracter_dag.py
[2026-09-16T14:54:18.370+0000] {processor.py:830} INFO - Processing file /opt/airflow/dags/data_extracter_dag.py for tasks to queue
[2026-09-16T14:54:18.371+0000] {logging_mixin.py:188} INFO - [2026-09-16T14:54:18.371+0000] {dagbag.py:545} INFO - Filling up the DagBag from /opt/airflow/dags/data_extracter_dag.py
[2026-09-16T14:54:18.384+0000] {processor.py:840} INFO - DAG(s) 'data_extraction' retrieved from /opt/airflow/dags/data_extracter_dag.py
[2026-09-16T14:54:18.416+0000] {logging_mixin.py:188} INFO - [2026-09-16T14:54:18.416+0000] {dag.py:3096} INFO - Sync 1 DAGs
[2026-09-16T14:54:18.427+0000] {logging_mixin.py:188} INFO - [2026-09-16T14:54:18.427+0000] {dag.py:3954} INFO - Setting next_dagrun for data_extraction to None, run_after=None
[2026-09-16T14:54:18.453+0000] {processor.py:183} INFO - Processing /opt/airflow/dags/data_extracter_dag.py took 0.094 seconds
[2026-09-16T14:54:49.138+0000] {processor.py:161} INFO - Started process (PID=214) to work on /opt/airflow/dags/data_extracter_dag.py
[2026-09-16T14:54:49.351+0000] {processor.py:830} INFO - Processing file /opt/airflow/dags/data_extracter_dag.py for tasks to queue
[2026-09-16T14:54:49.353+0000] {logging_mixin.py:188} INFO - [2026-09-16T14:54:49.352+0000] {dagbag.py:545} INFO - Filling up the DagBag from /opt/airflow/dags/data_extracter_dag.py
[2026-09-16T14:54:49.365+0000] {processor.py:840} INFO - DAG(s) 'data_extraction' retrieved from /opt/airflow/dags/data_extracter_dag.py
[2026-09-16T14:54:49.395+0000] {logging_mixin.py:188} INFO - [2026-09-16T14:54:49.395+0000] {dag.py:3096} INFO - Sync 1 DAGs
[2026-09-16T14:54:49.408+0000] {logging_mixin.py:188} INFO - [2026-09-16T14:54:49.407+0000] {dag.py:3954} INFO - Setting next_dagrun for data_extraction to None, run_after=None
[2026-09-16T14:54:49.435+0000] {processor.py:183} INFO - Processing /opt/airflow/dags/data_extracter_dag.py took 0.303 seconds
[2026-09-16T14:55:20.029+0000] {processor.py:161} INFO - Started process (PID=221) to work on /opt/airflow/dags/data_extracter_dag.py
[2026-09-16T14:55:20.033+0000] {processor.py:830} INFO - Processing file /opt/airflow/dags/data_extracter_dag.py for tasks to queue
[2026-09-16T14:55:20.035+0000] {logging_mixin.py:188} INFO - [2026-09-16T14:55:20.035+0000] {dagbag.py:545} INFO - Filling up the DagBag from /opt/airflow/dags/data_extracter_dag.py
[2026-09-16T14:55:20.046+0000] {processor.py:840} INFO - DAG(s) 'data_extraction' retrieved from /opt/airflow/dags/data_extracter_dag.py
[2026-09-16T14:55:20.073+0000] {logging_mixin.py:188} INFO - [2026-09-16T14:55:20.073+0000] {dag.py:3096} INFO - Sync 1 DAGs
[2026-09-16T14:55:20.083+0000] {logging_mixin.py:188} INFO - [2026-09-16T14:55:20.082+0000] {dag.py:3954} INFO - Setting next_dagrun for data_extraction to None, run_after=None
[2026-09-16T14:55:20.099+0000] {processor.py:183} INFO - Processing /opt/airflow/dags/data_extracter_dag.py took 0.076 seconds
[2026-09-16T14:55:51.022+0000] {processor.py:161} INFO - Started process (PID=228) to work on /opt/airflow/dags/data_extracter_dag.py
[2026-09-16T14:55:51.027+0000] {processor.py:830} INFO - Processing file /opt/airflow/dags/data_extracter_dag.py for tasks to queue
[2026-09-16T14:55:51.029+0000] {logging_mixin.py:188} INFO - [2026-09-16T14:55:51.028+0000] {dagbag.py:545} INFO - Filling up the DagBag from /opt/airflow/dags/data_extracter_dag.py
[2026-09-16T14:55:51.041+0000] {processor.py:840} INFO - DAG(s) 'data_extraction' retrieved from /opt/airflow/dags/data_extracter_dag.py
[2026-09-16T14:55:51.069+0000] {logging_mixin.py:188} INFO - [2026-09-16T14:55:51.069+0000] {dag.py:3096} INFO - Sync 1 DAGs
[2026-09-16T14:55:51.080+0000] {logging_mixin.py:188} INFO - [2026-09-16T14:55:51.080+0000] {dag.py:3954} INFO - Setting next_dagrun for data_extraction to None, run_after=None
[2026-09-16T14:55:51.101+0000] {processor.py:183} INFO - Processing /opt/airflow/dags/data_extracter_dag.py took 0.084 seconds
[2026-09-16T14:56:23.775+0000] {processor.py:161} INFO - Started process (PID=236) to work on /opt/airflow/dags/data_extracter_dag.py
[2026-09-16T14:56:23.780+0000] {processor.py:830} INFO - Processing file /opt/airflow/dags/data_extracter_dag.py for tasks to queue
[2026-09-16T14:56:23.782+0000] {logging_mixin.py:188} INFO - [2026-09-16T14:56:23.781+0000] {dagbag.py:545} INFO - Filling up the DagBag from /opt/airflow/dags/data_extracter_dag.py
[2026-09-16T14:56:23.792+0000] {processor.py:840} INFO - DAG(s) 'data_extraction' retrieved from /opt/airflow/dags/data_extracter_dag.py
[2026-09-16T14:56:23.819+0000] {logging_mixin.py:188} INFO - [2026-09-16T14:56:23.818+0000] {dag.py:3096} INFO - Sync 1 DAGs
[2026-09-16T14:56:23.829+0000] {logging_mixin.py:188} INFO - [2026-09-16T14:56:23.829+0000] {dag.py:3954} INFO - Setting next_dagrun for data_extraction to None, run_after=None
[2026-09-16T14:56:23.852+0000] {processor.py:183} INFO - Processing /opt/airflow/dags/data_extracter_dag.py took 0.083 seconds
[2026-09-16T14:56:56.548+0000] {processor.py:161} INFO - Started process (PID=243) to work on /opt/airflow/dags/data_extracter_dag.py
[2026-09-16T14:56:56.550+0000] {processor.py:830} INFO - Processing file /opt/airflow/dags/data_extracter_dag.py for tasks to queue
[2026-09-16T14:56:56.552+0000] {logging_mixin.py:188} INFO - [2026-09-16T14:56:56.552+0000] {dagbag.py:545} INFO - Filling up the DagBag from /opt/airflow/dags/data_extracter_dag.py
[2026-09-16T14:56:56.567+0000] {processor.py:840} INFO - DAG(s) 'data_extraction' retrieved from /opt/airflow/dags/data_extracter_dag.py
[2026-09-16T14:56:56.603+0000] {logging_mixin.py:188} INFO - [2026-09-16T14:56:56.602+0000] {dag.py:3096} INFO - Sync 1 DAGs
[2026-09-16T14:56:56.620+0000] {logging_mixin.py:188} INFO - [2026-09-16T14:56:56.619+0000] {dag.py:3954} INFO - Setting next_dagrun for data_extraction to None, run_after=None
[2026-09-16T14:56:56.651+0000] {processor.py:183} INFO - Processing /opt/airflow/dags/data_extracter_dag.py took 0.111 seconds
[2026-09-16T14:58:06.053+0000] {processor.py:161} INFO - Started process (PID=50) to work on /opt/airflow/dags/data_extracter_dag.py
[2026-09-16T14:58:06.054+0000] {processor.py:830} INFO - Processing file /opt/airflow/dags/data_extracter_dag.py for tasks to queue
[2026-09-16T14:58:06.057+0000] {logging_mixin.py:188} INFO - [2026-09-16T14:58:06.057+0000] {dagbag.py:545} INFO - Filling up the DagBag from /opt/airflow/dags/data_extracter_dag.py
[2026-09-16T14:58:06.081+0000] {processor.py:840} INFO - DAG(s) 'data_extraction' retrieved from /opt/airflow/dags/data_extracter_dag.py
[2026-09-16T14:58:06.304+0000] {logging_mixin.py:188} INFO - [2026-09-16T14:58:06.303+0000] {override.py:1829} INFO - Created Permission View: can edit on DAG:data_extraction
[2026-09-16T14:58:06.320+0000] {logging_mixin.py:188} INFO - [2026-09-16T14:58:06.320+0000] {override.py:1829} INFO - Created Permission View: can delete on DAG:data_extraction
[2026-09-16T14:58:06.331+0000] {logging_mixin.py:188} INFO - [2026-09-16T14:58:06.331+0000] {override.py:1829} INFO - Created Permission View: can read on DAG:data_extraction
[2026-09-16T14:58:06.332+0000] {logging_mixin.py:188} INFO - [2026-09-16T14:58:06.332+0000] {dag.py:3096} INFO - Sync 1 DAGs
[2026-09-16T14:58:06.345+0000] {logging_mixin.py:188} INFO - [2026-09-16T14:58:06.345+0000] {dag.py:3118} INFO - Creating ORM DAG for data_extraction
[2026-09-16T14:58:06.346+0000] {logging_mixin.py:188} INFO - [2026-09-16T14:58:06.346+0000] {dag.py:3954} INFO - Setting next_dagrun for data_extraction to None, run_after=None
[2026-09-16T14:58:06.369+0000] {processor.py:183} INFO - Processing /opt/airflow/dags/data_extracter_dag.py took 0.325 seconds
[2026-09-16T14:58:36.791+0000] {processor.py:161} INFO - Started process (PID=57) to work on /opt/airflow/dags/data_extracter_dag.py
[2026-09-16T14:58:36.796+0000] {processor.py:830} INFO - Processing file /opt/airflow/dags/data_extracter_dag.py for tasks to queue
[2026-09-16T14:58:36.798+0000] {logging_mixin.py:188} INFO - [2026-09-16T14:58:36.797+0000] {dagbag.py:545} INFO - Filling up the DagBag from /opt/airflow/dags/data_extracter_dag.py
[2026-09-16T14:58:36.809+0000] {processor.py:840} INFO - DAG(s) 'data_extraction' retrieved from /opt/airflow/dags/data_extracter_dag.py
[2026-09-16T14:58:36.836+0000] {logging_mixin.py:188} INFO - [2026-09-16T14:58:36.836+0000] {dag.py:3096} INFO - Sync 1 DAGs
[2026-09-16T14:58:36.845+0000] {logging_mixin.py:188} INFO - [2026-09-16T14:58:36.845+0000] {dag.py:3954} INFO - Setting next_dagrun for data_extraction to None, run_after=None
[2026-09-16T14:58:36.866+0000] {processor.py:183} INFO - Processing /opt/airflow/dags/data_extracter_dag.py took 0.082 seconds
[2026-09-16T14:59:07.562+0000] {processor.py:161} INFO - Started process (PID=64) to work on /opt/airflow/dags/data_extracter_dag.py
[2026-09-16T14:59:07.567+0000] {processor.py:830} INFO - Processing file /opt/airflow/dags/data_extracter_dag.py for tasks to queue
[2026-09-16T14:59:07.569+0000] {logging_mixin.py:188} INFO - [2026-09-16T14:59:07.568+0000] {dagbag.py:545} INFO - Filling up the DagBag from /opt/airflow/dags/data_extracter_dag.py
[2026-09-16T14:59:07.583+0000] {processor.py:840} INFO - DAG(s) 'data_extraction' retrieved from /opt/airflow/dags/data_extracter_dag.py
[2026-09-16T14:59:07.613+0000] {logging_mixin.py:188} INFO - [2026-09-16T14:59:07.613+0000] {dag.py:3096} INFO - Sync 1 DAGs
[2026-09-16T14:59:07.629+0000] {logging_mixin.py:188} INFO - [2026-09-16T14:59:07.629+0000] {dag.py:3954} INFO - Setting next_dagrun for data_extraction to None, run_after=None
[2026-09-16T14:59:07.654+0000] {processor.py:183} INFO - Processing /opt/airflow/dags/data_extracter_dag.py took 0.098 seconds
[2026-09-16T14:59:39.476+0000] {processor.py:161} INFO - Started process (PID=71) to work on /opt/airflow/dags/data_extracter_dag.py
[2026-09-16T14:59:39.480+0000] {processor.py:830} INFO - Processing file /opt/airflow/dags/data_extracter_dag.py for tasks to queue
[2026-09-16T14:59:39.482+0000] {logging_mixin.py:188} INFO - [2026-09-16T14:59:39.482+0000] {dagbag.py:545} INFO - Filling up the DagBag from /opt/airflow/dags/data_extracter_dag.py
[2026-09-16T14:59:39.493+0000] {processor.py:840} INFO - DAG(s) 'data_extraction' retrieved from /opt/airflow/dags/data_extracter_dag.py
[2026-09-16T14:59:39.522+0000] {logging_mixin.py:188} INFO - [2026-09-16T14:59:39.522+0000] {dag.py:3096} INFO - Sync 1 DAGs
[2026-09-16T14:59:39.533+0000] {logging_mixin.py:188} INFO - [2026-09-16T14:59:39.532+0000] {dag.py:3954} INFO - Setting next_dagrun for data_extraction to None, run_after=None
[2026-09-16T14:59:39.553+0000] {processor.py:183} INFO - Processing /opt/airflow/dags/data_extracter_dag.py took 0.083 seconds
[2026-09-16T14:59:57.577+0000] {processor.py:161} INFO - Started process (PID=78) to work on /opt/airflow/dags/data_extracter_dag.py
[2026-09-16T14:59:57.582+0000] {processor.py:830} INFO - Processing file /opt/airflow/dags/data_extracter_dag.py for tasks to queue
[2026-09-16T14:59:57.584+0000] {logging_mixin.py:188} INFO - [2026-09-16T14:59:57.584+0000] {dagbag.py:545} INFO - Filling up the DagBag from /opt/airflow/dags/data_extracter_dag.py
[2026-09-16T14:59:57.600+0000] {processor.py:840} INFO - DAG(s) 'data_extraction' retrieved from /opt/airflow/dags/data_extracter_dag.py
[2026-09-16T14:59:57.634+0000] {logging_mixin.py:188} INFO - [2026-09-16T14:59:57.634+0000] {dag.py:3096} INFO - Sync 1 DAGs
[2026-09-16T14:59:57.646+0000] {logging_mixin.py:188} INFO - [2026-09-16T14:59:57.646+0000] {dag.py:3954} INFO - Setting next_dagrun for data_extraction to None, run_after=None
[2026-09-16T14:59:57.669+0000] {processor.py:183} INFO - Processing /opt/airflow/dags/data_extracter_dag.py took 0.100 seconds
[2026-09-16T15:00:00.673+0000] {processor.py:161} INFO - Started process (PID=79) to work on /opt/airflow/dags/data_extracter_dag.py
[2026-09-16T15:00:00.675+0000] {processor.py:830} INFO - Processing file /opt/airflow/dags/data_extracter_dag.py for tasks to queue
[2026-09-16T15:00:00.678+0000] {logging_mixin.py:188} INFO - [2026-09-16T15:00:00.677+0000] {dagbag.py:545} INFO - Filling up the DagBag from /opt/airflow/dags/data_extracter_dag.py
[2026-09-16T15:00:00.693+0000] {processor.py:840} INFO - DAG(s) 'data_extraction' retrieved from /opt/airflow/dags/data_extracter_dag.py
[2026-09-16T15:00:00.722+0000] {logging_mixin.py:188} INFO - [2026-09-16T15:00:00.722+0000] {dag.py:3096} INFO - Sync 1 DAGs
[2026-09-16T15:00:00.734+0000] {logging_mixin.py:188} INFO - [2026-09-16T15:00:00.734+0000] {dag.py:3954} INFO - Setting next_dagrun for data_extraction to None, run_after=None
[2026-09-16T15:00:00.757+0000] {processor.py:183} INFO - Processing /opt/airflow/dags/data_extracter_dag.py took 0.094 seconds
[2026-09-16T15:00:04.797+0000] {processor.py:161} INFO - Started process (PID=80) to work on /opt/airflow/dags/data_extracter_dag.py
[2026-09-16T15:00:04.798+0000] {processor.py:830} INFO - Processing file /opt/airflow/dags/data_extracter_dag.py for tasks to queue
[2026-09-16T15:00:04.800+0000] {logging_mixin.py:188} INFO - [2026-09-16T15:00:04.800+0000] {dagbag.py:545} INFO - Filling up the DagBag from /opt/airflow/dags/data_extracter_dag.py
[2026-09-16T15:00:04.817+0000] {processor.py:840} INFO - DAG(s) 'data_extraction' retrieved from /opt/airflow/dags/data_extracter_dag.py
[2026-09-16T15:00:04.846+0000] {logging_mixin.py:188} INFO - [2026-09-16T15:00:04.846+0000] {dag.py:3096} INFO - Sync 1 DAGs
[2026-09-16T15:00:04.857+0000] {logging_mixin.py:188} INFO - [2026-09-16T15:00:04.857+0000] {dag.py:3954} INFO - Setting next_dagrun for data_extraction to None, run_after=None
[2026-09-16T15:00:04.926+0000] {processor.py:183} INFO - Processing /opt/airflow/dags/data_extracter_dag.py took 0.136 seconds
[2026-09-16T15:00:07.032+0000] {processor.py:161} INFO - Started process (PID=81) to work on /opt/airflow/dags/data_extracter_dag.py
[2026-09-16T15:00:07.037+0000] {processor.py:830} INFO - Processing file /opt/airflow/dags/data_extracter_dag.py for tasks to queue
[2026-09-16T15:00:07.072+0000] {logging_mixin.py:188} INFO - [2026-09-16T15:00:07.072+0000] {dagbag.py:545} INFO - Filling up the DagBag from /opt/airflow/dags/data_extracter_dag.py
[2026-09-16T15:00:07.124+0000] {logging_mixin.py:188} INFO - AIzaSyAuV2w3rhgF7RI4irKOfLmpLXXyRTaQa-U
[2026-09-16T15:00:07.154+0000] {processor.py:840} INFO - DAG(s) 'data_extraction' retrieved from /opt/airflow/dags/data_extracter_dag.py
[2026-09-16T15:00:07.427+0000] {logging_mixin.py:188} INFO - [2026-09-16T15:00:07.427+0000] {dag.py:3096} INFO - Sync 1 DAGs
[2026-09-16T15:00:07.511+0000] {logging_mixin.py:188} INFO - [2026-09-16T15:00:07.511+0000] {dag.py:3954} INFO - Setting next_dagrun for data_extraction to None, run_after=None
[2026-09-16T15:00:07.551+0000] {processor.py:183} INFO - Processing /opt/airflow/dags/data_extracter_dag.py took 0.569 seconds
[2026-09-16T15:00:15.931+0000] {processor.py:161} INFO - Started process (PID=82) to work on /opt/airflow/dags/data_extracter_dag.py
[2026-09-16T15:00:15.949+0000] {processor.py:830} INFO - Processing file /opt/airflow/dags/data_extracter_dag.py for tasks to queue
[2026-09-16T15:00:15.964+0000] {logging_mixin.py:188} INFO - [2026-09-16T15:00:15.961+0000] {dagbag.py:545} INFO - Filling up the DagBag from /opt/airflow/dags/data_extracter_dag.py
[2026-09-16T15:00:16.144+0000] {logging_mixin.py:188} INFO - AIzaSyAuV2w3rhgF7RI4irKOfLmpLXXyRTaQa-U this is my api key
[2026-09-16T15:00:16.176+0000] {processor.py:840} INFO - DAG(s) 'data_extraction' retrieved from /opt/airflow/dags/data_extracter_dag.py
[2026-09-16T15:00:16.329+0000] {logging_mixin.py:188} INFO - [2026-09-16T15:00:16.329+0000] {dag.py:3096} INFO - Sync 1 DAGs
[2026-09-16T15:00:16.466+0000] {logging_mixin.py:188} INFO - [2026-09-16T15:00:16.466+0000] {dag.py:3954} INFO - Setting next_dagrun for data_extraction to None, run_after=None
[2026-09-16T15:00:16.553+0000] {processor.py:183} INFO - Processing /opt/airflow/dags/data_extracter_dag.py took 0.676 seconds
[2026-09-16T15:00:47.266+0000] {processor.py:161} INFO - Started process (PID=89) to work on /opt/airflow/dags/data_extracter_dag.py
[2026-09-16T15:00:47.267+0000] {processor.py:830} INFO - Processing file /opt/airflow/dags/data_extracter_dag.py for tasks to queue
[2026-09-16T15:00:47.270+0000] {logging_mixin.py:188} INFO - [2026-09-16T15:00:47.269+0000] {dagbag.py:545} INFO - Filling up the DagBag from /opt/airflow/dags/data_extracter_dag.py
[2026-09-16T15:00:47.281+0000] {logging_mixin.py:188} INFO - AIzaSyAuV2w3rhgF7RI4irKOfLmpLXXyRTaQa-U this is my api key
[2026-09-16T15:00:47.294+0000] {processor.py:840} INFO - DAG(s) 'data_extraction' retrieved from /opt/airflow/dags/data_extracter_dag.py
[2026-09-16T15:00:47.326+0000] {logging_mixin.py:188} INFO - [2026-09-16T15:00:47.326+0000] {dag.py:3096} INFO - Sync 1 DAGs
[2026-09-16T15:00:47.337+0000] {logging_mixin.py:188} INFO - [2026-09-16T15:00:47.337+0000] {dag.py:3954} INFO - Setting next_dagrun for data_extraction to None, run_after=None
[2026-09-16T15:00:47.356+0000] {processor.py:183} INFO - Processing /opt/airflow/dags/data_extracter_dag.py took 0.106 seconds
[2026-09-16T15:01:18.051+0000] {processor.py:161} INFO - Started process (PID=96) to work on /opt/airflow/dags/data_extracter_dag.py
[2026-09-16T15:01:18.056+0000] {processor.py:830} INFO - Processing file /opt/airflow/dags/data_extracter_dag.py for tasks to queue
[2026-09-16T15:01:18.058+0000] {logging_mixin.py:188} INFO - [2026-09-16T15:01:18.058+0000] {dagbag.py:545} INFO - Filling up the DagBag from /opt/airflow/dags/data_extracter_dag.py
[2026-09-16T15:01:18.065+0000] {logging_mixin.py:188} INFO - AIzaSyAuV2w3rhgF7RI4irKOfLmpLXXyRTaQa-U this is my api key
[2026-09-16T15:01:18.069+0000] {processor.py:840} INFO - DAG(s) 'data_extraction' retrieved from /opt/airflow/dags/data_extracter_dag.py
[2026-09-16T15:01:18.094+0000] {logging_mixin.py:188} INFO - [2026-09-16T15:01:18.094+0000] {dag.py:3096} INFO - Sync 1 DAGs
[2026-09-16T15:01:18.105+0000] {logging_mixin.py:188} INFO - [2026-09-16T15:01:18.105+0000] {dag.py:3954} INFO - Setting next_dagrun for data_extraction to None, run_after=None
[2026-09-16T15:01:18.126+0000] {processor.py:183} INFO - Processing /opt/airflow/dags/data_extracter_dag.py took 0.080 seconds
[2026-09-16T15:01:50.938+0000] {processor.py:161} INFO - Started process (PID=103) to work on /opt/airflow/dags/data_extracter_dag.py
[2026-09-16T15:01:50.939+0000] {processor.py:830} INFO - Processing file /opt/airflow/dags/data_extracter_dag.py for tasks to queue
[2026-09-16T15:01:50.941+0000] {logging_mixin.py:188} INFO - [2026-09-16T15:01:50.941+0000] {dagbag.py:545} INFO - Filling up the DagBag from /opt/airflow/dags/data_extracter_dag.py
[2026-09-16T15:01:50.950+0000] {logging_mixin.py:188} INFO - AIzaSyAuV2w3rhgF7RI4irKOfLmpLXXyRTaQa-U this is my api key
[2026-09-16T15:01:50.955+0000] {processor.py:840} INFO - DAG(s) 'data_extraction' retrieved from /opt/airflow/dags/data_extracter_dag.py
[2026-09-16T15:01:50.980+0000] {logging_mixin.py:188} INFO - [2026-09-16T15:01:50.980+0000] {dag.py:3096} INFO - Sync 1 DAGs
[2026-09-16T15:01:50.990+0000] {logging_mixin.py:188} INFO - [2026-09-16T15:01:50.990+0000] {dag.py:3954} INFO - Setting next_dagrun for data_extraction to None, run_after=None
[2026-09-16T15:01:51.010+0000] {processor.py:183} INFO - Processing /opt/airflow/dags/data_extracter_dag.py took 0.079 seconds
[2026-09-16T15:02:23.962+0000] {processor.py:161} INFO - Started process (PID=110) to work on /opt/airflow/dags/data_extracter_dag.py
[2026-09-16T15:02:23.967+0000] {processor.py:830} INFO - Processing file /opt/airflow/dags/data_extracter_dag.py for tasks to queue
[2026-09-16T15:02:23.969+0000] {logging_mixin.py:188} INFO - [2026-09-16T15:02:23.969+0000] {dagbag.py:545} INFO - Filling up the DagBag from /opt/airflow/dags/data_extracter_dag.py
[2026-09-16T15:02:23.976+0000] {logging_mixin.py:188} INFO - AIzaSyAuV2w3rhgF7RI4irKOfLmpLXXyRTaQa-U this is my api key
[2026-09-16T15:02:23.980+0000] {processor.py:840} INFO - DAG(s) 'data_extraction' retrieved from /opt/airflow/dags/data_extracter_dag.py
[2026-09-16T15:02:24.007+0000] {logging_mixin.py:188} INFO - [2026-09-16T15:02:24.007+0000] {dag.py:3096} INFO - Sync 1 DAGs
[2026-09-16T15:02:24.017+0000] {logging_mixin.py:188} INFO - [2026-09-16T15:02:24.016+0000] {dag.py:3954} INFO - Setting next_dagrun for data_extraction to None, run_after=None
[2026-09-16T15:02:24.036+0000] {processor.py:183} INFO - Processing /opt/airflow/dags/data_extracter_dag.py took 0.079 seconds
[2026-09-16T15:02:55.824+0000] {processor.py:161} INFO - Started process (PID=117) to work on /opt/airflow/dags/data_extracter_dag.py
[2026-09-16T15:02:55.826+0000] {processor.py:830} INFO - Processing file /opt/airflow/dags/data_extracter_dag.py for tasks to queue
[2026-09-16T15:02:55.828+0000] {logging_mixin.py:188} INFO - [2026-09-16T15:02:55.827+0000] {dagbag.py:545} INFO - Filling up the DagBag from /opt/airflow/dags/data_extracter_dag.py
[2026-09-16T15:02:55.835+0000] {logging_mixin.py:188} INFO - AIzaSyAuV2w3rhgF7RI4irKOfLmpLXXyRTaQa-U this is my api key
[2026-09-16T15:02:55.839+0000] {processor.py:840} INFO - DAG(s) 'data_extraction' retrieved from /opt/airflow/dags/data_extracter_dag.py
[2026-09-16T15:02:55.865+0000] {logging_mixin.py:188} INFO - [2026-09-16T15:02:55.864+0000] {dag.py:3096} INFO - Sync 1 DAGs
[2026-09-16T15:02:55.878+0000] {logging_mixin.py:188} INFO - [2026-09-16T15:02:55.877+0000] {dag.py:3954} INFO - Setting next_dagrun for data_extraction to None, run_after=None
[2026-09-16T15:02:55.900+0000] {processor.py:183} INFO - Processing /opt/airflow/dags/data_extracter_dag.py took 0.082 seconds
[2026-09-16T15:03:28.749+0000] {processor.py:161} INFO - Started process (PID=125) to work on /opt/airflow/dags/data_extracter_dag.py
[2026-09-16T15:03:28.750+0000] {processor.py:830} INFO - Processing file /opt/airflow/dags/data_extracter_dag.py for tasks to queue
[2026-09-16T15:03:28.752+0000] {logging_mixin.py:188} INFO - [2026-09-16T15:03:28.752+0000] {dagbag.py:545} INFO - Filling up the DagBag from /opt/airflow/dags/data_extracter_dag.py
[2026-09-16T15:03:28.759+0000] {logging_mixin.py:188} INFO - AIzaSyAuV2w3rhgF7RI4irKOfLmpLXXyRTaQa-U this is my api key
[2026-09-16T15:03:28.763+0000] {processor.py:840} INFO - DAG(s) 'data_extraction' retrieved from /opt/airflow/dags/data_extracter_dag.py
[2026-09-16T15:03:28.787+0000] {logging_mixin.py:188} INFO - [2026-09-16T15:03:28.787+0000] {dag.py:3096} INFO - Sync 1 DAGs
[2026-09-16T15:03:28.797+0000] {logging_mixin.py:188} INFO - [2026-09-16T15:03:28.796+0000] {dag.py:3954} INFO - Setting next_dagrun for data_extraction to None, run_after=None
[2026-09-16T15:03:28.816+0000] {processor.py:183} INFO - Processing /opt/airflow/dags/data_extracter_dag.py took 0.072 seconds
[2026-09-16T15:04:01.653+0000] {processor.py:161} INFO - Started process (PID=132) to work on /opt/airflow/dags/data_extracter_dag.py
[2026-09-16T15:04:01.655+0000] {processor.py:830} INFO - Processing file /opt/airflow/dags/data_extracter_dag.py for tasks to queue
[2026-09-16T15:04:01.657+0000] {logging_mixin.py:188} INFO - [2026-09-16T15:04:01.656+0000] {dagbag.py:545} INFO - Filling up the DagBag from /opt/airflow/dags/data_extracter_dag.py
[2026-09-16T15:04:01.665+0000] {logging_mixin.py:188} INFO - AIzaSyAuV2w3rhgF7RI4irKOfLmpLXXyRTaQa-U this is my api key
[2026-09-16T15:04:01.672+0000] {processor.py:840} INFO - DAG(s) 'data_extraction' retrieved from /opt/airflow/dags/data_extracter_dag.py
[2026-09-16T15:04:01.698+0000] {logging_mixin.py:188} INFO - [2026-09-16T15:04:01.698+0000] {dag.py:3096} INFO - Sync 1 DAGs
[2026-09-16T15:04:01.707+0000] {logging_mixin.py:188} INFO - [2026-09-16T15:04:01.707+0000] {dag.py:3954} INFO - Setting next_dagrun for data_extraction to None, run_after=None
[2026-09-16T15:04:01.723+0000] {processor.py:183} INFO - Processing /opt/airflow/dags/data_extracter_dag.py took 0.076 seconds
[2026-09-16T15:04:34.595+0000] {processor.py:161} INFO - Started process (PID=139) to work on /opt/airflow/dags/data_extracter_dag.py
[2026-09-16T15:04:34.600+0000] {processor.py:830} INFO - Processing file /opt/airflow/dags/data_extracter_dag.py for tasks to queue
[2026-09-16T15:04:34.601+0000] {logging_mixin.py:188} INFO - [2026-09-16T15:04:34.601+0000] {dagbag.py:545} INFO - Filling up the DagBag from /opt/airflow/dags/data_extracter_dag.py
[2026-09-16T15:04:34.608+0000] {logging_mixin.py:188} INFO - AIzaSyAuV2w3rhgF7RI4irKOfLmpLXXyRTaQa-U this is my api key
[2026-09-16T15:04:34.612+0000] {processor.py:840} INFO - DAG(s) 'data_extraction' retrieved from /opt/airflow/dags/data_extracter_dag.py
[2026-09-16T15:04:34.638+0000] {logging_mixin.py:188} INFO - [2026-09-16T15:04:34.638+0000] {dag.py:3096} INFO - Sync 1 DAGs
[2026-09-16T15:04:34.650+0000] {logging_mixin.py:188} INFO - [2026-09-16T15:04:34.650+0000] {dag.py:3954} INFO - Setting next_dagrun for data_extraction to None, run_after=None
[2026-09-16T15:04:34.669+0000] {processor.py:183} INFO - Processing /opt/airflow/dags/data_extracter_dag.py took 0.080 seconds
[2026-09-16T15:05:07.573+0000] {processor.py:161} INFO - Started process (PID=146) to work on /opt/airflow/dags/data_extracter_dag.py
[2026-09-16T15:05:07.574+0000] {processor.py:830} INFO - Processing file /opt/airflow/dags/data_extracter_dag.py for tasks to queue
[2026-09-16T15:05:07.576+0000] {logging_mixin.py:188} INFO - [2026-09-16T15:05:07.576+0000] {dagbag.py:545} INFO - Filling up the DagBag from /opt/airflow/dags/data_extracter_dag.py
[2026-09-16T15:05:07.583+0000] {logging_mixin.py:188} INFO - AIzaSyAuV2w3rhgF7RI4irKOfLmpLXXyRTaQa-U this is my api key
[2026-09-16T15:05:07.587+0000] {processor.py:840} INFO - DAG(s) 'data_extraction' retrieved from /opt/airflow/dags/data_extracter_dag.py
[2026-09-16T15:05:07.614+0000] {logging_mixin.py:188} INFO - [2026-09-16T15:05:07.613+0000] {dag.py:3096} INFO - Sync 1 DAGs
[2026-09-16T15:05:07.623+0000] {logging_mixin.py:188} INFO - [2026-09-16T15:05:07.622+0000] {dag.py:3954} INFO - Setting next_dagrun for data_extraction to None, run_after=None
[2026-09-16T15:05:07.638+0000] {processor.py:183} INFO - Processing /opt/airflow/dags/data_extracter_dag.py took 0.070 seconds
[2026-09-16T15:05:40.444+0000] {processor.py:161} INFO - Started process (PID=153) to work on /opt/airflow/dags/data_extracter_dag.py
[2026-09-16T15:05:40.449+0000] {processor.py:830} INFO - Processing file /opt/airflow/dags/data_extracter_dag.py for tasks to queue
[2026-09-16T15:05:40.450+0000] {logging_mixin.py:188} INFO - [2026-09-16T15:05:40.450+0000] {dagbag.py:545} INFO - Filling up the DagBag from /opt/airflow/dags/data_extracter_dag.py
[2026-09-16T15:05:40.458+0000] {logging_mixin.py:188} INFO - AIzaSyAuV2w3rhgF7RI4irKOfLmpLXXyRTaQa-U this is my api key
[2026-09-16T15:05:40.462+0000] {processor.py:840} INFO - DAG(s) 'data_extraction' retrieved from /opt/airflow/dags/data_extracter_dag.py
[2026-09-16T15:05:40.499+0000] {logging_mixin.py:188} INFO - [2026-09-16T15:05:40.499+0000] {dag.py:3096} INFO - Sync 1 DAGs
[2026-09-16T15:05:40.516+0000] {logging_mixin.py:188} INFO - [2026-09-16T15:05:40.516+0000] {dag.py:3954} INFO - Setting next_dagrun for data_extraction to None, run_after=None
[2026-09-16T15:05:40.551+0000] {processor.py:183} INFO - Processing /opt/airflow/dags/data_extracter_dag.py took 0.113 seconds
[2026-09-16T15:11:51.734+0000] {processor.py:161} INFO - Started process (PID=160) to work on /opt/airflow/dags/data_extracter_dag.py
[2026-09-16T15:11:51.737+0000] {processor.py:830} INFO - Processing file /opt/airflow/dags/data_extracter_dag.py for tasks to queue
[2026-09-16T15:11:51.749+0000] {logging_mixin.py:188} INFO - [2026-09-16T15:11:51.749+0000] {dagbag.py:545} INFO - Filling up the DagBag from /opt/airflow/dags/data_extracter_dag.py
[2026-09-16T15:11:51.808+0000] {logging_mixin.py:188} INFO - AIzaSyAuV2w3rhgF7RI4irKOfLmpLXXyRTaQa-U this is my api key
[2026-09-16T15:11:51.819+0000] {processor.py:840} INFO - DAG(s) 'data_extraction' retrieved from /opt/airflow/dags/data_extracter_dag.py
[2026-09-16T15:11:51.946+0000] {logging_mixin.py:188} INFO - [2026-09-16T15:11:51.946+0000] {dag.py:3096} INFO - Sync 1 DAGs
[2026-09-16T15:11:51.970+0000] {logging_mixin.py:188} INFO - [2026-09-16T15:11:51.970+0000] {dag.py:3954} INFO - Setting next_dagrun for data_extraction to None, run_after=None
[2026-09-16T15:11:52.045+0000] {processor.py:183} INFO - Processing /opt/airflow/dags/data_extracter_dag.py took 0.352 seconds
[2026-09-16T15:12:24.124+0000] {processor.py:161} INFO - Started process (PID=167) to work on /opt/airflow/dags/data_extracter_dag.py
[2026-09-16T15:12:24.129+0000] {processor.py:830} INFO - Processing file /opt/airflow/dags/data_extracter_dag.py for tasks to queue
[2026-09-16T15:12:24.131+0000] {logging_mixin.py:188} INFO - [2026-09-16T15:12:24.130+0000] {dagbag.py:545} INFO - Filling up the DagBag from /opt/airflow/dags/data_extracter_dag.py
[2026-09-16T15:12:24.139+0000] {logging_mixin.py:188} INFO - AIzaSyAuV2w3rhgF7RI4irKOfLmpLXXyRTaQa-U this is my api key
[2026-09-16T15:12:24.144+0000] {processor.py:840} INFO - DAG(s) 'data_extraction' retrieved from /opt/airflow/dags/data_extracter_dag.py
[2026-09-16T15:12:24.176+0000] {logging_mixin.py:188} INFO - [2026-09-16T15:12:24.176+0000] {dag.py:3096} INFO - Sync 1 DAGs
[2026-09-16T15:12:24.187+0000] {logging_mixin.py:188} INFO - [2026-09-16T15:12:24.187+0000] {dag.py:3954} INFO - Setting next_dagrun for data_extraction to None, run_after=None
[2026-09-16T15:12:24.211+0000] {processor.py:183} INFO - Processing /opt/airflow/dags/data_extracter_dag.py took 0.094 seconds
[2026-09-16T15:12:34.178+0000] {processor.py:161} INFO - Started process (PID=175) to work on /opt/airflow/dags/data_extracter_dag.py
[2026-09-16T15:12:34.179+0000] {processor.py:830} INFO - Processing file /opt/airflow/dags/data_extracter_dag.py for tasks to queue
[2026-09-16T15:12:34.182+0000] {logging_mixin.py:188} INFO - [2026-09-16T15:12:34.181+0000] {dagbag.py:545} INFO - Filling up the DagBag from /opt/airflow/dags/data_extracter_dag.py
[2026-09-16T15:12:34.192+0000] {logging_mixin.py:188} INFO - AIzaSyAuV2w3rhgF7RI4irKOfLmpLXXyRTaQa-U this is my api key
[2026-09-16T15:12:34.197+0000] {processor.py:840} INFO - DAG(s) 'data_extraction' retrieved from /opt/airflow/dags/data_extracter_dag.py
[2026-09-16T15:12:34.237+0000] {logging_mixin.py:188} INFO - [2026-09-16T15:12:34.237+0000] {dag.py:3096} INFO - Sync 1 DAGs
[2026-09-16T15:12:34.252+0000] {logging_mixin.py:188} INFO - [2026-09-16T15:12:34.252+0000] {dag.py:3954} INFO - Setting next_dagrun for data_extraction to None, run_after=None
[2026-09-16T15:12:34.287+0000] {processor.py:183} INFO - Processing /opt/airflow/dags/data_extracter_dag.py took 0.116 seconds
[2026-09-16T15:12:39.300+0000] {processor.py:161} INFO - Started process (PID=176) to work on /opt/airflow/dags/data_extracter_dag.py
[2026-09-16T15:12:39.302+0000] {processor.py:830} INFO - Processing file /opt/airflow/dags/data_extracter_dag.py for tasks to queue
[2026-09-16T15:12:39.303+0000] {logging_mixin.py:188} INFO - [2026-09-16T15:12:39.303+0000] {dagbag.py:545} INFO - Filling up the DagBag from /opt/airflow/dags/data_extracter_dag.py
[2026-09-16T15:12:39.307+0000] {logging_mixin.py:188} INFO - [2026-09-16T15:12:39.306+0000] {dagbag.py:355} ERROR - Failed to import: /opt/airflow/dags/data_extracter_dag.py
Traceback (most recent call last):
  File "/home/airflow/.local/lib/python3.10/site-packages/airflow/models/dagbag.py", line 351, in parse
    loader.exec_module(new_module)
  File "<frozen importlib._bootstrap_external>", line 879, in exec_module
  File "<frozen importlib._bootstrap_external>", line 1017, in get_code
  File "<frozen importlib._bootstrap_external>", line 947, in source_to_code
  File "<frozen importlib._bootstrap>", line 241, in _call_with_frames_removed
  File "/opt/airflow/dags/data_extracter_dag.py", line 7
    from dotenv
               ^
SyntaxError: invalid syntax
[2026-09-16T15:12:39.308+0000] {processor.py:842} WARNING - No viable dags retrieved from /opt/airflow/dags/data_extracter_dag.py
[2026-09-16T15:12:39.334+0000] {processor.py:183} INFO - Processing /opt/airflow/dags/data_extracter_dag.py took 0.040 seconds
[2026-09-16T15:12:42.354+0000] {processor.py:161} INFO - Started process (PID=177) to work on /opt/airflow/dags/data_extracter_dag.py
[2026-09-16T15:12:42.356+0000] {processor.py:830} INFO - Processing file /opt/airflow/dags/data_extracter_dag.py for tasks to queue
[2026-09-16T15:12:42.362+0000] {logging_mixin.py:188} INFO - [2026-09-16T15:12:42.361+0000] {dagbag.py:545} INFO - Filling up the DagBag from /opt/airflow/dags/data_extracter_dag.py
[2026-09-16T15:12:42.379+0000] {logging_mixin.py:188} INFO - AIzaSyAuV2w3rhgF7RI4irKOfLmpLXXyRTaQa-U this is my api key
[2026-09-16T15:12:42.385+0000] {processor.py:840} INFO - DAG(s) 'data_extraction' retrieved from /opt/airflow/dags/data_extracter_dag.py
[2026-09-16T15:12:42.416+0000] {logging_mixin.py:188} INFO - [2026-09-16T15:12:42.416+0000] {dag.py:3096} INFO - Sync 1 DAGs
[2026-09-16T15:12:42.428+0000] {logging_mixin.py:188} INFO - [2026-09-16T15:12:42.428+0000] {dag.py:3954} INFO - Setting next_dagrun for data_extraction to None, run_after=None
[2026-09-16T15:12:42.452+0000] {processor.py:183} INFO - Processing /opt/airflow/dags/data_extracter_dag.py took 0.110 seconds
[2026-09-16T15:13:12.791+0000] {processor.py:161} INFO - Started process (PID=184) to work on /opt/airflow/dags/data_extracter_dag.py
[2026-09-16T15:13:12.795+0000] {processor.py:830} INFO - Processing file /opt/airflow/dags/data_extracter_dag.py for tasks to queue
[2026-09-16T15:13:12.797+0000] {logging_mixin.py:188} INFO - [2026-09-16T15:13:12.797+0000] {dagbag.py:545} INFO - Filling up the DagBag from /opt/airflow/dags/data_extracter_dag.py
[2026-09-16T15:13:12.805+0000] {logging_mixin.py:188} INFO - AIzaSyAuV2w3rhgF7RI4irKOfLmpLXXyRTaQa-U this is my api key
[2026-09-16T15:13:12.809+0000] {processor.py:840} INFO - DAG(s) 'data_extraction' retrieved from /opt/airflow/dags/data_extracter_dag.py
[2026-09-16T15:13:12.836+0000] {logging_mixin.py:188} INFO - [2026-09-16T15:13:12.836+0000] {dag.py:3096} INFO - Sync 1 DAGs
[2026-09-16T15:13:12.845+0000] {logging_mixin.py:188} INFO - [2026-09-16T15:13:12.845+0000] {dag.py:3954} INFO - Setting next_dagrun for data_extraction to None, run_after=None
[2026-09-16T15:13:12.864+0000] {processor.py:183} INFO - Processing /opt/airflow/dags/data_extracter_dag.py took 0.079 seconds
[2026-09-16T15:13:43.567+0000] {processor.py:161} INFO - Started process (PID=191) to work on /opt/airflow/dags/data_extracter_dag.py
[2026-09-16T15:13:43.571+0000] {processor.py:830} INFO - Processing file /opt/airflow/dags/data_extracter_dag.py for tasks to queue
[2026-09-16T15:13:43.573+0000] {logging_mixin.py:188} INFO - [2026-09-16T15:13:43.573+0000] {dagbag.py:545} INFO - Filling up the DagBag from /opt/airflow/dags/data_extracter_dag.py
[2026-09-16T15:13:43.580+0000] {logging_mixin.py:188} INFO - AIzaSyAuV2w3rhgF7RI4irKOfLmpLXXyRTaQa-U this is my api key
[2026-09-16T15:13:43.583+0000] {processor.py:840} INFO - DAG(s) 'data_extraction' retrieved from /opt/airflow/dags/data_extracter_dag.py
[2026-09-16T15:13:43.608+0000] {logging_mixin.py:188} INFO - [2026-09-16T15:13:43.608+0000] {dag.py:3096} INFO - Sync 1 DAGs
[2026-09-16T15:13:43.618+0000] {logging_mixin.py:188} INFO - [2026-09-16T15:13:43.618+0000] {dag.py:3954} INFO - Setting next_dagrun for data_extraction to None, run_after=None
[2026-09-16T15:13:43.639+0000] {processor.py:183} INFO - Processing /opt/airflow/dags/data_extracter_dag.py took 0.077 seconds
[2026-09-16T15:14:14.557+0000] {processor.py:161} INFO - Started process (PID=198) to work on /opt/airflow/dags/data_extracter_dag.py
[2026-09-16T15:14:14.562+0000] {processor.py:830} INFO - Processing file /opt/airflow/dags/data_extracter_dag.py for tasks to queue
[2026-09-16T15:14:14.564+0000] {logging_mixin.py:188} INFO - [2026-09-16T15:14:14.564+0000] {dagbag.py:545} INFO - Filling up the DagBag from /opt/airflow/dags/data_extracter_dag.py
[2026-09-16T15:14:14.571+0000] {logging_mixin.py:188} INFO - AIzaSyAuV2w3rhgF7RI4irKOfLmpLXXyRTaQa-U this is my api key
[2026-09-16T15:14:14.574+0000] {processor.py:840} INFO - DAG(s) 'data_extraction' retrieved from /opt/airflow/dags/data_extracter_dag.py
[2026-09-16T15:14:14.602+0000] {logging_mixin.py:188} INFO - [2026-09-16T15:14:14.601+0000] {dag.py:3096} INFO - Sync 1 DAGs
[2026-09-16T15:14:14.611+0000] {logging_mixin.py:188} INFO - [2026-09-16T15:14:14.610+0000] {dag.py:3954} INFO - Setting next_dagrun for data_extraction to None, run_after=None
[2026-09-16T15:14:14.631+0000] {processor.py:183} INFO - Processing /opt/airflow/dags/data_extracter_dag.py took 0.079 seconds
[2026-09-16T15:14:45.446+0000] {processor.py:161} INFO - Started process (PID=205) to work on /opt/airflow/dags/data_extracter_dag.py
[2026-09-16T15:14:45.451+0000] {processor.py:830} INFO - Processing file /opt/airflow/dags/data_extracter_dag.py for tasks to queue
[2026-09-16T15:14:45.453+0000] {logging_mixin.py:188} INFO - [2026-09-16T15:14:45.453+0000] {dagbag.py:545} INFO - Filling up the DagBag from /opt/airflow/dags/data_extracter_dag.py
[2026-09-16T15:14:45.464+0000] {logging_mixin.py:188} INFO - AIzaSyAuV2w3rhgF7RI4irKOfLmpLXXyRTaQa-U this is my api key
[2026-09-16T15:14:45.469+0000] {processor.py:840} INFO - DAG(s) 'data_extraction' retrieved from /opt/airflow/dags/data_extracter_dag.py
[2026-09-16T15:14:45.500+0000] {logging_mixin.py:188} INFO - [2026-09-16T15:14:45.499+0000] {dag.py:3096} INFO - Sync 1 DAGs
[2026-09-16T15:14:45.512+0000] {logging_mixin.py:188} INFO - [2026-09-16T15:14:45.512+0000] {dag.py:3954} INFO - Setting next_dagrun for data_extraction to None, run_after=None
[2026-09-16T15:14:45.536+0000] {processor.py:183} INFO - Processing /opt/airflow/dags/data_extracter_dag.py took 0.099 seconds
[2026-09-16T15:14:55.517+0000] {processor.py:161} INFO - Started process (PID=206) to work on /opt/airflow/dags/data_extracter_dag.py
[2026-09-16T15:14:55.518+0000] {processor.py:830} INFO - Processing file /opt/airflow/dags/data_extracter_dag.py for tasks to queue
[2026-09-16T15:14:55.519+0000] {logging_mixin.py:188} INFO - [2026-09-16T15:14:55.519+0000] {dagbag.py:545} INFO - Filling up the DagBag from /opt/airflow/dags/data_extracter_dag.py
[2026-09-16T15:14:55.530+0000] {logging_mixin.py:188} INFO - AIzaSyAuV2w3rhgF7RI4irKOfLmpLXXyRTaQa-U this is my api key
[2026-09-16T15:14:55.535+0000] {processor.py:840} INFO - DAG(s) 'data_extraction' retrieved from /opt/airflow/dags/data_extracter_dag.py
[2026-09-16T15:14:55.573+0000] {logging_mixin.py:188} INFO - [2026-09-16T15:14:55.572+0000] {dag.py:3096} INFO - Sync 1 DAGs
[2026-09-16T15:14:55.586+0000] {logging_mixin.py:188} INFO - [2026-09-16T15:14:55.586+0000] {dag.py:3954} INFO - Setting next_dagrun for data_extraction to None, run_after=None
[2026-09-16T15:14:55.611+0000] {processor.py:183} INFO - Processing /opt/airflow/dags/data_extracter_dag.py took 0.099 seconds
[2026-09-16T15:14:56.604+0000] {processor.py:161} INFO - Started process (PID=207) to work on /opt/airflow/dags/data_extracter_dag.py
[2026-09-16T15:14:56.604+0000] {processor.py:830} INFO - Processing file /opt/airflow/dags/data_extracter_dag.py for tasks to queue
[2026-09-16T15:14:56.606+0000] {logging_mixin.py:188} INFO - [2026-09-16T15:14:56.605+0000] {dagbag.py:545} INFO - Filling up the DagBag from /opt/airflow/dags/data_extracter_dag.py
[2026-09-16T15:14:56.609+0000] {logging_mixin.py:188} INFO - [2026-09-16T15:14:56.608+0000] {dagbag.py:355} ERROR - Failed to import: /opt/airflow/dags/data_extracter_dag.py
Traceback (most recent call last):
  File "/home/airflow/.local/lib/python3.10/site-packages/airflow/models/dagbag.py", line 351, in parse
    loader.exec_module(new_module)
  File "<frozen importlib._bootstrap_external>", line 879, in exec_module
  File "<frozen importlib._bootstrap_external>", line 1017, in get_code
  File "<frozen importlib._bootstrap_external>", line 947, in source_to_code
  File "<frozen importlib._bootstrap>", line 241, in _call_with_frames_removed
  File "/opt/airflow/dags/data_extracter_dag.py", line 132
    load_dotenv()
IndentationError: unexpected indent
[2026-09-16T15:14:56.609+0000] {processor.py:842} WARNING - No viable dags retrieved from /opt/airflow/dags/data_extracter_dag.py
[2026-09-16T15:14:56.629+0000] {processor.py:183} INFO - Processing /opt/airflow/dags/data_extracter_dag.py took 0.030 seconds
[2026-09-16T15:14:57.655+0000] {processor.py:161} INFO - Started process (PID=208) to work on /opt/airflow/dags/data_extracter_dag.py
[2026-09-16T15:14:57.656+0000] {processor.py:830} INFO - Processing file /opt/airflow/dags/data_extracter_dag.py for tasks to queue
[2026-09-16T15:14:57.657+0000] {logging_mixin.py:188} INFO - [2026-09-16T15:14:57.657+0000] {dagbag.py:545} INFO - Filling up the DagBag from /opt/airflow/dags/data_extracter_dag.py
[2026-09-16T15:14:57.662+0000] {logging_mixin.py:188} INFO - [2026-09-16T15:14:57.661+0000] {dagbag.py:355} ERROR - Failed to import: /opt/airflow/dags/data_extracter_dag.py
Traceback (most recent call last):
  File "/home/airflow/.local/lib/python3.10/site-packages/airflow/models/dagbag.py", line 351, in parse
    loader.exec_module(new_module)
  File "<frozen importlib._bootstrap_external>", line 879, in exec_module
  File "<frozen importlib._bootstrap_external>", line 1017, in get_code
  File "<frozen importlib._bootstrap_external>", line 947, in source_to_code
  File "<frozen importlib._bootstrap>", line 241, in _call_with_frames_removed
  File "/opt/airflow/dags/data_extracter_dag.py", line 132
    load_dotenv()
IndentationError: unexpected indent
[2026-09-16T15:14:57.662+0000] {processor.py:842} WARNING - No viable dags retrieved from /opt/airflow/dags/data_extracter_dag.py
[2026-09-16T15:14:57.686+0000] {processor.py:183} INFO - Processing /opt/airflow/dags/data_extracter_dag.py took 0.037 seconds
[2026-09-16T15:15:00.672+0000] {processor.py:161} INFO - Started process (PID=209) to work on /opt/airflow/dags/data_extracter_dag.py
[2026-09-16T15:15:00.673+0000] {processor.py:830} INFO - Processing file /opt/airflow/dags/data_extracter_dag.py for tasks to queue
[2026-09-16T15:15:00.675+0000] {logging_mixin.py:188} INFO - [2026-09-16T15:15:00.675+0000] {dagbag.py:545} INFO - Filling up the DagBag from /opt/airflow/dags/data_extracter_dag.py
[2026-09-16T15:15:00.687+0000] {logging_mixin.py:188} INFO - AIzaSyAuV2w3rhgF7RI4irKOfLmpLXXyRTaQa-U this is my api key
[2026-09-16T15:15:00.692+0000] {processor.py:840} INFO - DAG(s) 'data_extraction' retrieved from /opt/airflow/dags/data_extracter_dag.py
[2026-09-16T15:15:00.724+0000] {logging_mixin.py:188} INFO - [2026-09-16T15:15:00.724+0000] {dag.py:3096} INFO - Sync 1 DAGs
[2026-09-16T15:15:00.735+0000] {logging_mixin.py:188} INFO - [2026-09-16T15:15:00.735+0000] {dag.py:3954} INFO - Setting next_dagrun for data_extraction to None, run_after=None
[2026-09-16T15:15:00.758+0000] {processor.py:183} INFO - Processing /opt/airflow/dags/data_extracter_dag.py took 0.095 seconds
[2026-09-16T15:15:30.826+0000] {processor.py:161} INFO - Started process (PID=216) to work on /opt/airflow/dags/data_extracter_dag.py
[2026-09-16T15:15:30.831+0000] {processor.py:830} INFO - Processing file /opt/airflow/dags/data_extracter_dag.py for tasks to queue
[2026-09-16T15:15:30.832+0000] {logging_mixin.py:188} INFO - [2026-09-16T15:15:30.832+0000] {dagbag.py:545} INFO - Filling up the DagBag from /opt/airflow/dags/data_extracter_dag.py
[2026-09-16T15:15:30.839+0000] {logging_mixin.py:188} INFO - AIzaSyAuV2w3rhgF7RI4irKOfLmpLXXyRTaQa-U this is my api key
[2026-09-16T15:15:30.843+0000] {processor.py:840} INFO - DAG(s) 'data_extraction' retrieved from /opt/airflow/dags/data_extracter_dag.py
[2026-09-16T15:15:30.871+0000] {logging_mixin.py:188} INFO - [2026-09-16T15:15:30.871+0000] {dag.py:3096} INFO - Sync 1 DAGs
[2026-09-16T15:15:30.881+0000] {logging_mixin.py:188} INFO - [2026-09-16T15:15:30.881+0000] {dag.py:3954} INFO - Setting next_dagrun for data_extraction to None, run_after=None
[2026-09-16T15:15:30.899+0000] {processor.py:183} INFO - Processing /opt/airflow/dags/data_extracter_dag.py took 0.078 seconds
[2026-09-16T15:16:01.062+0000] {processor.py:161} INFO - Started process (PID=223) to work on /opt/airflow/dags/data_extracter_dag.py
[2026-09-16T15:16:01.066+0000] {processor.py:830} INFO - Processing file /opt/airflow/dags/data_extracter_dag.py for tasks to queue
[2026-09-16T15:16:01.068+0000] {logging_mixin.py:188} INFO - [2026-09-16T15:16:01.068+0000] {dagbag.py:545} INFO - Filling up the DagBag from /opt/airflow/dags/data_extracter_dag.py
[2026-09-16T15:16:01.079+0000] {logging_mixin.py:188} INFO - AIzaSyAuV2w3rhgF7RI4irKOfLmpLXXyRTaQa-U this is my api key
[2026-09-16T15:16:01.088+0000] {processor.py:840} INFO - DAG(s) 'data_extraction' retrieved from /opt/airflow/dags/data_extracter_dag.py
[2026-09-16T15:16:01.141+0000] {logging_mixin.py:188} INFO - [2026-09-16T15:16:01.141+0000] {dag.py:3096} INFO - Sync 1 DAGs
[2026-09-16T15:16:01.161+0000] {logging_mixin.py:188} INFO - [2026-09-16T15:16:01.161+0000] {dag.py:3954} INFO - Setting next_dagrun for data_extraction to None, run_after=None
[2026-09-16T15:16:01.198+0000] {processor.py:183} INFO - Processing /opt/airflow/dags/data_extracter_dag.py took 0.144 seconds
[2026-09-16T15:16:31.994+0000] {processor.py:161} INFO - Started process (PID=230) to work on /opt/airflow/dags/data_extracter_dag.py
[2026-09-16T15:16:31.999+0000] {processor.py:830} INFO - Processing file /opt/airflow/dags/data_extracter_dag.py for tasks to queue
[2026-09-16T15:16:32.001+0000] {logging_mixin.py:188} INFO - [2026-09-16T15:16:32.000+0000] {dagbag.py:545} INFO - Filling up the DagBag from /opt/airflow/dags/data_extracter_dag.py
[2026-09-16T15:16:32.011+0000] {logging_mixin.py:188} INFO - AIzaSyAuV2w3rhgF7RI4irKOfLmpLXXyRTaQa-U this is my api key
[2026-09-16T15:16:32.021+0000] {processor.py:840} INFO - DAG(s) 'data_extraction' retrieved from /opt/airflow/dags/data_extracter_dag.py
[2026-09-16T15:16:32.059+0000] {logging_mixin.py:188} INFO - [2026-09-16T15:16:32.059+0000] {dag.py:3096} INFO - Sync 1 DAGs
[2026-09-16T15:16:32.070+0000] {logging_mixin.py:188} INFO - [2026-09-16T15:16:32.069+0000] {dag.py:3954} INFO - Setting next_dagrun for data_extraction to None, run_after=None
[2026-09-16T15:16:32.099+0000] {processor.py:183} INFO - Processing /opt/airflow/dags/data_extracter_dag.py took 0.113 seconds
[2026-09-16T15:16:33.002+0000] {processor.py:161} INFO - Started process (PID=231) to work on /opt/airflow/dags/data_extracter_dag.py
[2026-09-16T15:16:33.003+0000] {processor.py:830} INFO - Processing file /opt/airflow/dags/data_extracter_dag.py for tasks to queue
[2026-09-16T15:16:33.004+0000] {logging_mixin.py:188} INFO - [2026-09-16T15:16:33.004+0000] {dagbag.py:545} INFO - Filling up the DagBag from /opt/airflow/dags/data_extracter_dag.py
[2026-09-16T15:16:33.012+0000] {logging_mixin.py:188} INFO - AIzaSyAuV2w3rhgF7RI4irKOfLmpLXXyRTaQa-U this is my api key
[2026-09-16T15:16:33.015+0000] {processor.py:840} INFO - DAG(s) 'data_extraction' retrieved from /opt/airflow/dags/data_extracter_dag.py
[2026-09-16T15:16:33.040+0000] {logging_mixin.py:188} INFO - [2026-09-16T15:16:33.040+0000] {dag.py:3096} INFO - Sync 1 DAGs
[2026-09-16T15:16:33.052+0000] {logging_mixin.py:188} INFO - [2026-09-16T15:16:33.052+0000] {dag.py:3954} INFO - Setting next_dagrun for data_extraction to None, run_after=None
[2026-09-16T15:16:33.084+0000] {processor.py:183} INFO - Processing /opt/airflow/dags/data_extracter_dag.py took 0.087 seconds
[2026-09-16T15:16:35.018+0000] {processor.py:161} INFO - Started process (PID=232) to work on /opt/airflow/dags/data_extracter_dag.py
[2026-09-16T15:16:35.018+0000] {processor.py:830} INFO - Processing file /opt/airflow/dags/data_extracter_dag.py for tasks to queue
[2026-09-16T15:16:35.020+0000] {logging_mixin.py:188} INFO - [2026-09-16T15:16:35.020+0000] {dagbag.py:545} INFO - Filling up the DagBag from /opt/airflow/dags/data_extracter_dag.py
[2026-09-16T15:16:35.028+0000] {logging_mixin.py:188} INFO - AIzaSyAuV2w3rhgF7RI4irKOfLmpLXXyRTaQa-U this is my api key
[2026-09-16T15:16:35.032+0000] {processor.py:840} INFO - DAG(s) 'data_extraction' retrieved from /opt/airflow/dags/data_extracter_dag.py
[2026-09-16T15:16:35.057+0000] {logging_mixin.py:188} INFO - [2026-09-16T15:16:35.056+0000] {dag.py:3096} INFO - Sync 1 DAGs
[2026-09-16T15:16:35.067+0000] {logging_mixin.py:188} INFO - [2026-09-16T15:16:35.067+0000] {dag.py:3954} INFO - Setting next_dagrun for data_extraction to None, run_after=None
[2026-09-16T15:16:35.091+0000] {processor.py:183} INFO - Processing /opt/airflow/dags/data_extracter_dag.py took 0.079 seconds
[2026-09-16T15:16:41.053+0000] {processor.py:161} INFO - Started process (PID=233) to work on /opt/airflow/dags/data_extracter_dag.py
[2026-09-16T15:16:41.055+0000] {processor.py:830} INFO - Processing file /opt/airflow/dags/data_extracter_dag.py for tasks to queue
[2026-09-16T15:16:41.056+0000] {logging_mixin.py:188} INFO - [2026-09-16T15:16:41.056+0000] {dagbag.py:545} INFO - Filling up the DagBag from /opt/airflow/dags/data_extracter_dag.py
[2026-09-16T15:16:41.069+0000] {processor.py:840} INFO - DAG(s) 'data_extraction' retrieved from /opt/airflow/dags/data_extracter_dag.py
[2026-09-16T15:16:41.107+0000] {logging_mixin.py:188} INFO - [2026-09-16T15:16:41.107+0000] {dag.py:3096} INFO - Sync 1 DAGs
[2026-09-16T15:16:41.121+0000] {logging_mixin.py:188} INFO - [2026-09-16T15:16:41.121+0000] {dag.py:3954} INFO - Setting next_dagrun for data_extraction to None, run_after=None
[2026-09-16T15:16:41.150+0000] {processor.py:183} INFO - Processing /opt/airflow/dags/data_extracter_dag.py took 0.103 seconds
[2026-09-16T15:16:53.282+0000] {processor.py:161} INFO - Started process (PID=234) to work on /opt/airflow/dags/data_extracter_dag.py
[2026-09-16T15:16:53.284+0000] {processor.py:830} INFO - Processing file /opt/airflow/dags/data_extracter_dag.py for tasks to queue
[2026-09-16T15:16:53.286+0000] {logging_mixin.py:188} INFO - [2026-09-16T15:16:53.285+0000] {dagbag.py:545} INFO - Filling up the DagBag from /opt/airflow/dags/data_extracter_dag.py
[2026-09-16T15:16:53.289+0000] {logging_mixin.py:188} INFO - [2026-09-16T15:16:53.288+0000] {dagbag.py:355} ERROR - Failed to import: /opt/airflow/dags/data_extracter_dag.py
Traceback (most recent call last):
  File "/home/airflow/.local/lib/python3.10/site-packages/airflow/models/dagbag.py", line 351, in parse
    loader.exec_module(new_module)
  File "<frozen importlib._bootstrap_external>", line 879, in exec_module
  File "<frozen importlib._bootstrap_external>", line 1017, in get_code
  File "<frozen importlib._bootstrap_external>", line 947, in source_to_code
  File "<frozen importlib._bootstrap>", line 241, in _call_with_frames_removed
  File "/opt/airflow/dags/data_extracter_dag.py", line 25
    print(api_key ,"this is my api key")
IndentationError: unexpected indent
[2026-09-16T15:16:53.289+0000] {processor.py:842} WARNING - No viable dags retrieved from /opt/airflow/dags/data_extracter_dag.py
[2026-09-16T15:16:53.311+0000] {processor.py:183} INFO - Processing /opt/airflow/dags/data_extracter_dag.py took 0.037 seconds
[2026-09-16T15:16:54.313+0000] {processor.py:161} INFO - Started process (PID=235) to work on /opt/airflow/dags/data_extracter_dag.py
[2026-09-16T15:16:54.314+0000] {processor.py:830} INFO - Processing file /opt/airflow/dags/data_extracter_dag.py for tasks to queue
[2026-09-16T15:16:54.315+0000] {logging_mixin.py:188} INFO - [2026-09-16T15:16:54.315+0000] {dagbag.py:545} INFO - Filling up the DagBag from /opt/airflow/dags/data_extracter_dag.py
[2026-09-16T15:16:54.328+0000] {processor.py:840} INFO - DAG(s) 'data_extraction' retrieved from /opt/airflow/dags/data_extracter_dag.py
[2026-09-16T15:16:54.356+0000] {logging_mixin.py:188} INFO - [2026-09-16T15:16:54.356+0000] {dag.py:3096} INFO - Sync 1 DAGs
[2026-09-16T15:16:54.368+0000] {logging_mixin.py:188} INFO - [2026-09-16T15:16:54.368+0000] {dag.py:3954} INFO - Setting next_dagrun for data_extraction to None, run_after=None
[2026-09-16T15:16:54.394+0000] {processor.py:183} INFO - Processing /opt/airflow/dags/data_extracter_dag.py took 0.088 seconds
[2026-09-16T15:17:01.375+0000] {processor.py:161} INFO - Started process (PID=242) to work on /opt/airflow/dags/data_extracter_dag.py
[2026-09-16T15:17:01.380+0000] {processor.py:830} INFO - Processing file /opt/airflow/dags/data_extracter_dag.py for tasks to queue
[2026-09-16T15:17:01.381+0000] {logging_mixin.py:188} INFO - [2026-09-16T15:17:01.381+0000] {dagbag.py:545} INFO - Filling up the DagBag from /opt/airflow/dags/data_extracter_dag.py
[2026-09-16T15:17:01.393+0000] {processor.py:840} INFO - DAG(s) 'data_extraction' retrieved from /opt/airflow/dags/data_extracter_dag.py
[2026-09-16T15:17:01.418+0000] {logging_mixin.py:188} INFO - [2026-09-16T15:17:01.417+0000] {dag.py:3096} INFO - Sync 1 DAGs
[2026-09-16T15:17:01.426+0000] {logging_mixin.py:188} INFO - [2026-09-16T15:17:01.426+0000] {dag.py:3954} INFO - Setting next_dagrun for data_extraction to None, run_after=None
[2026-09-16T15:17:01.450+0000] {processor.py:183} INFO - Processing /opt/airflow/dags/data_extracter_dag.py took 0.082 seconds
[2026-09-16T15:17:12.482+0000] {processor.py:161} INFO - Started process (PID=243) to work on /opt/airflow/dags/data_extracter_dag.py
[2026-09-16T15:17:12.483+0000] {processor.py:830} INFO - Processing file /opt/airflow/dags/data_extracter_dag.py for tasks to queue
[2026-09-16T15:17:12.484+0000] {logging_mixin.py:188} INFO - [2026-09-16T15:17:12.484+0000] {dagbag.py:545} INFO - Filling up the DagBag from /opt/airflow/dags/data_extracter_dag.py
[2026-09-16T15:17:12.499+0000] {processor.py:840} INFO - DAG(s) 'data_extraction' retrieved from /opt/airflow/dags/data_extracter_dag.py
[2026-09-16T15:17:12.575+0000] {logging_mixin.py:188} INFO - [2026-09-16T15:17:12.574+0000] {dag.py:3096} INFO - Sync 1 DAGs
[2026-09-16T15:17:12.598+0000] {logging_mixin.py:188} INFO - [2026-09-16T15:17:12.597+0000] {dag.py:3954} INFO - Setting next_dagrun for data_extraction to None, run_after=None
[2026-09-16T15:17:12.618+0000] {processor.py:183} INFO - Processing /opt/airflow/dags/data_extracter_dag.py took 0.142 seconds
[2026-09-16T15:17:15.526+0000] {processor.py:161} INFO - Started process (PID=244) to work on /opt/airflow/dags/data_extracter_dag.py
[2026-09-16T15:17:15.527+0000] {processor.py:830} INFO - Processing file /opt/airflow/dags/data_extracter_dag.py for tasks to queue
[2026-09-16T15:17:15.529+0000] {logging_mixin.py:188} INFO - [2026-09-16T15:17:15.529+0000] {dagbag.py:545} INFO - Filling up the DagBag from /opt/airflow/dags/data_extracter_dag.py
[2026-09-16T15:17:15.549+0000] {processor.py:840} INFO - DAG(s) 'data_extraction' retrieved from /opt/airflow/dags/data_extracter_dag.py
[2026-09-16T15:17:15.585+0000] {logging_mixin.py:188} INFO - [2026-09-16T15:17:15.585+0000] {dag.py:3096} INFO - Sync 1 DAGs
[2026-09-16T15:17:15.597+0000] {logging_mixin.py:188} INFO - [2026-09-16T15:17:15.597+0000] {dag.py:3954} INFO - Setting next_dagrun for data_extraction to None, run_after=None
[2026-09-16T15:17:15.618+0000] {processor.py:183} INFO - Processing /opt/airflow/dags/data_extracter_dag.py took 0.102 seconds
[2026-09-16T15:17:46.513+0000] {processor.py:161} INFO - Started process (PID=251) to work on /opt/airflow/dags/data_extracter_dag.py
[2026-09-16T15:17:46.514+0000] {processor.py:830} INFO - Processing file /opt/airflow/dags/data_extracter_dag.py for tasks to queue
[2026-09-16T15:17:46.517+0000] {logging_mixin.py:188} INFO - [2026-09-16T15:17:46.516+0000] {dagbag.py:545} INFO - Filling up the DagBag from /opt/airflow/dags/data_extracter_dag.py
[2026-09-16T15:17:46.544+0000] {processor.py:840} INFO - DAG(s) 'data_extraction' retrieved from /opt/airflow/dags/data_extracter_dag.py
[2026-09-16T15:17:46.610+0000] {logging_mixin.py:188} INFO - [2026-09-16T15:17:46.609+0000] {dag.py:3096} INFO - Sync 1 DAGs
[2026-09-16T15:17:46.632+0000] {logging_mixin.py:188} INFO - [2026-09-16T15:17:46.632+0000] {dag.py:3954} INFO - Setting next_dagrun for data_extraction to None, run_after=None
[2026-09-16T15:17:46.666+0000] {processor.py:183} INFO - Processing /opt/airflow/dags/data_extracter_dag.py took 0.164 seconds
[2026-09-16T15:17:55.607+0000] {processor.py:161} INFO - Started process (PID=252) to work on /opt/airflow/dags/data_extracter_dag.py
[2026-09-16T15:17:55.608+0000] {processor.py:830} INFO - Processing file /opt/airflow/dags/data_extracter_dag.py for tasks to queue
[2026-09-16T15:17:55.610+0000] {logging_mixin.py:188} INFO - [2026-09-16T15:17:55.610+0000] {dagbag.py:545} INFO - Filling up the DagBag from /opt/airflow/dags/data_extracter_dag.py
[2026-09-16T15:17:55.634+0000] {processor.py:840} INFO - DAG(s) 'data_extraction' retrieved from /opt/airflow/dags/data_extracter_dag.py
[2026-09-16T15:17:55.687+0000] {logging_mixin.py:188} INFO - [2026-09-16T15:17:55.687+0000] {dag.py:3096} INFO - Sync 1 DAGs
[2026-09-16T15:17:55.703+0000] {logging_mixin.py:188} INFO - [2026-09-16T15:17:55.703+0000] {dag.py:3954} INFO - Setting next_dagrun for data_extraction to None, run_after=None
[2026-09-16T15:17:55.730+0000] {processor.py:183} INFO - Processing /opt/airflow/dags/data_extracter_dag.py took 0.130 seconds
[2026-09-16T15:18:26.707+0000] {processor.py:161} INFO - Started process (PID=259) to work on /opt/airflow/dags/data_extracter_dag.py
[2026-09-16T15:18:26.709+0000] {processor.py:830} INFO - Processing file /opt/airflow/dags/data_extracter_dag.py for tasks to queue
[2026-09-16T15:18:26.720+0000] {logging_mixin.py:188} INFO - [2026-09-16T15:18:26.719+0000] {dagbag.py:545} INFO - Filling up the DagBag from /opt/airflow/dags/data_extracter_dag.py
[2026-09-16T15:18:26.816+0000] {processor.py:840} INFO - DAG(s) 'data_extraction' retrieved from /opt/airflow/dags/data_extracter_dag.py
[2026-09-16T15:18:26.946+0000] {logging_mixin.py:188} INFO - [2026-09-16T15:18:26.946+0000] {dag.py:3096} INFO - Sync 1 DAGs
[2026-09-16T15:18:27.008+0000] {logging_mixin.py:188} INFO - [2026-09-16T15:18:27.008+0000] {dag.py:3954} INFO - Setting next_dagrun for data_extraction to None, run_after=None
[2026-09-16T15:18:27.092+0000] {processor.py:183} INFO - Processing /opt/airflow/dags/data_extracter_dag.py took 0.424 seconds
[2026-09-16T15:18:31.151+0000] {processor.py:161} INFO - Started process (PID=260) to work on /opt/airflow/dags/data_extracter_dag.py
[2026-09-16T15:18:31.152+0000] {processor.py:830} INFO - Processing file /opt/airflow/dags/data_extracter_dag.py for tasks to queue
[2026-09-16T15:18:31.154+0000] {logging_mixin.py:188} INFO - [2026-09-16T15:18:31.154+0000] {dagbag.py:545} INFO - Filling up the DagBag from /opt/airflow/dags/data_extracter_dag.py
[2026-09-16T15:18:31.167+0000] {processor.py:840} INFO - DAG(s) 'data_extraction' retrieved from /opt/airflow/dags/data_extracter_dag.py
[2026-09-16T15:18:31.202+0000] {logging_mixin.py:188} INFO - [2026-09-16T15:18:31.202+0000] {dag.py:3096} INFO - Sync 1 DAGs
[2026-09-16T15:18:31.222+0000] {logging_mixin.py:188} INFO - [2026-09-16T15:18:31.222+0000] {dag.py:3954} INFO - Setting next_dagrun for data_extraction to None, run_after=None
[2026-09-16T15:18:31.259+0000] {processor.py:183} INFO - Processing /opt/airflow/dags/data_extracter_dag.py took 0.114 seconds
[2026-09-16T15:19:01.293+0000] {processor.py:161} INFO - Started process (PID=267) to work on /opt/airflow/dags/data_extracter_dag.py
[2026-09-16T15:19:01.298+0000] {processor.py:830} INFO - Processing file /opt/airflow/dags/data_extracter_dag.py for tasks to queue
[2026-09-16T15:19:01.300+0000] {logging_mixin.py:188} INFO - [2026-09-16T15:19:01.300+0000] {dagbag.py:545} INFO - Filling up the DagBag from /opt/airflow/dags/data_extracter_dag.py
[2026-09-16T15:19:01.319+0000] {processor.py:840} INFO - DAG(s) 'data_extraction' retrieved from /opt/airflow/dags/data_extracter_dag.py
[2026-09-16T15:19:01.352+0000] {logging_mixin.py:188} INFO - [2026-09-16T15:19:01.351+0000] {dag.py:3096} INFO - Sync 1 DAGs
[2026-09-16T15:19:01.364+0000] {logging_mixin.py:188} INFO - [2026-09-16T15:19:01.363+0000] {dag.py:3954} INFO - Setting next_dagrun for data_extraction to None, run_after=None
[2026-09-16T15:19:01.382+0000] {processor.py:183} INFO - Processing /opt/airflow/dags/data_extracter_dag.py took 0.098 seconds
[2026-09-16T15:19:31.484+0000] {processor.py:161} INFO - Started process (PID=274) to work on /opt/airflow/dags/data_extracter_dag.py
[2026-09-16T15:19:31.489+0000] {processor.py:830} INFO - Processing file /opt/airflow/dags/data_extracter_dag.py for tasks to queue
[2026-09-16T15:19:31.491+0000] {logging_mixin.py:188} INFO - [2026-09-16T15:19:31.491+0000] {dagbag.py:545} INFO - Filling up the DagBag from /opt/airflow/dags/data_extracter_dag.py
[2026-09-16T15:19:31.506+0000] {processor.py:840} INFO - DAG(s) 'data_extraction' retrieved from /opt/airflow/dags/data_extracter_dag.py
[2026-09-16T15:19:31.540+0000] {logging_mixin.py:188} INFO - [2026-09-16T15:19:31.539+0000] {dag.py:3096} INFO - Sync 1 DAGs
[2026-09-16T15:19:31.551+0000] {logging_mixin.py:188} INFO - [2026-09-16T15:19:31.550+0000] {dag.py:3954} INFO - Setting next_dagrun for data_extraction to None, run_after=None
[2026-09-16T15:19:31.574+0000] {processor.py:183} INFO - Processing /opt/airflow/dags/data_extracter_dag.py took 0.097 seconds
[2026-09-16T15:20:04.445+0000] {processor.py:161} INFO - Started process (PID=281) to work on /opt/airflow/dags/data_extracter_dag.py
[2026-09-16T15:20:04.450+0000] {processor.py:830} INFO - Processing file /opt/airflow/dags/data_extracter_dag.py for tasks to queue
[2026-09-16T15:20:04.452+0000] {logging_mixin.py:188} INFO - [2026-09-16T15:20:04.451+0000] {dagbag.py:545} INFO - Filling up the DagBag from /opt/airflow/dags/data_extracter_dag.py
[2026-09-16T15:20:04.465+0000] {processor.py:840} INFO - DAG(s) 'data_extraction' retrieved from /opt/airflow/dags/data_extracter_dag.py
[2026-09-16T15:20:04.493+0000] {logging_mixin.py:188} INFO - [2026-09-16T15:20:04.493+0000] {dag.py:3096} INFO - Sync 1 DAGs
[2026-09-16T15:20:04.503+0000] {logging_mixin.py:188} INFO - [2026-09-16T15:20:04.503+0000] {dag.py:3954} INFO - Setting next_dagrun for data_extraction to None, run_after=None
[2026-09-16T15:20:04.519+0000] {processor.py:183} INFO - Processing /opt/airflow/dags/data_extracter_dag.py took 0.082 seconds
[2026-09-16T15:20:36.577+0000] {processor.py:161} INFO - Started process (PID=288) to work on /opt/airflow/dags/data_extracter_dag.py
[2026-09-16T15:20:36.582+0000] {processor.py:830} INFO - Processing file /opt/airflow/dags/data_extracter_dag.py for tasks to queue
[2026-09-16T15:20:36.584+0000] {logging_mixin.py:188} INFO - [2026-09-16T15:20:36.583+0000] {dagbag.py:545} INFO - Filling up the DagBag from /opt/airflow/dags/data_extracter_dag.py
[2026-09-16T15:20:36.595+0000] {processor.py:840} INFO - DAG(s) 'data_extraction' retrieved from /opt/airflow/dags/data_extracter_dag.py
[2026-09-16T15:20:36.624+0000] {logging_mixin.py:188} INFO - [2026-09-16T15:20:36.623+0000] {dag.py:3096} INFO - Sync 1 DAGs
[2026-09-16T15:20:36.633+0000] {logging_mixin.py:188} INFO - [2026-09-16T15:20:36.633+0000] {dag.py:3954} INFO - Setting next_dagrun for data_extraction to None, run_after=None
[2026-09-16T15:20:36.650+0000] {processor.py:183} INFO - Processing /opt/airflow/dags/data_extracter_dag.py took 0.079 seconds
[2026-09-16T15:21:09.670+0000] {processor.py:161} INFO - Started process (PID=295) to work on /opt/airflow/dags/data_extracter_dag.py
[2026-09-16T15:21:09.672+0000] {processor.py:830} INFO - Processing file /opt/airflow/dags/data_extracter_dag.py for tasks to queue
[2026-09-16T15:21:09.674+0000] {logging_mixin.py:188} INFO - [2026-09-16T15:21:09.674+0000] {dagbag.py:545} INFO - Filling up the DagBag from /opt/airflow/dags/data_extracter_dag.py
[2026-09-16T15:21:09.687+0000] {processor.py:840} INFO - DAG(s) 'data_extraction' retrieved from /opt/airflow/dags/data_extracter_dag.py
[2026-09-16T15:21:09.713+0000] {logging_mixin.py:188} INFO - [2026-09-16T15:21:09.712+0000] {dag.py:3096} INFO - Sync 1 DAGs
[2026-09-16T15:21:09.722+0000] {logging_mixin.py:188} INFO - [2026-09-16T15:21:09.721+0000] {dag.py:3954} INFO - Setting next_dagrun for data_extraction to None, run_after=None
[2026-09-16T15:21:09.738+0000] {processor.py:183} INFO - Processing /opt/airflow/dags/data_extracter_dag.py took 0.074 seconds
[2026-09-16T15:21:34.829+0000] {processor.py:161} INFO - Started process (PID=302) to work on /opt/airflow/dags/data_extracter_dag.py
[2026-09-16T15:21:34.834+0000] {processor.py:830} INFO - Processing file /opt/airflow/dags/data_extracter_dag.py for tasks to queue
[2026-09-16T15:21:34.836+0000] {logging_mixin.py:188} INFO - [2026-09-16T15:21:34.836+0000] {dagbag.py:545} INFO - Filling up the DagBag from /opt/airflow/dags/data_extracter_dag.py
[2026-09-16T15:21:34.851+0000] {processor.py:840} INFO - DAG(s) 'data_extraction' retrieved from /opt/airflow/dags/data_extracter_dag.py
[2026-09-16T15:21:34.875+0000] {logging_mixin.py:188} INFO - [2026-09-16T15:21:34.875+0000] {dag.py:3096} INFO - Sync 1 DAGs
[2026-09-16T15:21:34.884+0000] {logging_mixin.py:188} INFO - [2026-09-16T15:21:34.884+0000] {dag.py:3954} INFO - Setting next_dagrun for data_extraction to None, run_after=None
[2026-09-16T15:21:34.904+0000] {processor.py:183} INFO - Processing /opt/airflow/dags/data_extracter_dag.py took 0.082 seconds
[2026-09-16T15:21:43.825+0000] {processor.py:161} INFO - Started process (PID=303) to work on /opt/airflow/dags/data_extracter_dag.py
[2026-09-16T15:21:43.827+0000] {processor.py:830} INFO - Processing file /opt/airflow/dags/data_extracter_dag.py for tasks to queue
[2026-09-16T15:21:43.829+0000] {logging_mixin.py:188} INFO - [2026-09-16T15:21:43.828+0000] {dagbag.py:545} INFO - Filling up the DagBag from /opt/airflow/dags/data_extracter_dag.py
[2026-09-16T15:21:43.845+0000] {processor.py:840} INFO - DAG(s) 'data_extraction' retrieved from /opt/airflow/dags/data_extracter_dag.py
[2026-09-16T15:21:43.877+0000] {logging_mixin.py:188} INFO - [2026-09-16T15:21:43.876+0000] {dag.py:3096} INFO - Sync 1 DAGs
[2026-09-16T15:21:43.888+0000] {logging_mixin.py:188} INFO - [2026-09-16T15:21:43.888+0000] {dag.py:3954} INFO - Setting next_dagrun for data_extraction to None, run_after=None
[2026-09-16T15:21:43.914+0000] {processor.py:183} INFO - Processing /opt/airflow/dags/data_extracter_dag.py took 0.096 seconds
[2026-09-16T15:21:46.913+0000] {processor.py:161} INFO - Started process (PID=304) to work on /opt/airflow/dags/data_extracter_dag.py
[2026-09-16T15:21:46.914+0000] {processor.py:830} INFO - Processing file /opt/airflow/dags/data_extracter_dag.py for tasks to queue
[2026-09-16T15:21:46.916+0000] {logging_mixin.py:188} INFO - [2026-09-16T15:21:46.916+0000] {dagbag.py:545} INFO - Filling up the DagBag from /opt/airflow/dags/data_extracter_dag.py
[2026-09-16T15:21:46.932+0000] {processor.py:840} INFO - DAG(s) 'data_extraction' retrieved from /opt/airflow/dags/data_extracter_dag.py
[2026-09-16T15:21:46.961+0000] {logging_mixin.py:188} INFO - [2026-09-16T15:21:46.960+0000] {dag.py:3096} INFO - Sync 1 DAGs
[2026-09-16T15:21:46.972+0000] {logging_mixin.py:188} INFO - [2026-09-16T15:21:46.972+0000] {dag.py:3954} INFO - Setting next_dagrun for data_extraction to None, run_after=None
[2026-09-16T15:21:46.994+0000] {processor.py:183} INFO - Processing /opt/airflow/dags/data_extracter_dag.py took 0.088 seconds
[2026-09-16T15:21:50.984+0000] {processor.py:161} INFO - Started process (PID=305) to work on /opt/airflow/dags/data_extracter_dag.py
[2026-09-16T15:21:50.986+0000] {processor.py:830} INFO - Processing file /opt/airflow/dags/data_extracter_dag.py for tasks to queue
[2026-09-16T15:21:50.990+0000] {logging_mixin.py:188} INFO - [2026-09-16T15:21:50.989+0000] {dagbag.py:545} INFO - Filling up the DagBag from /opt/airflow/dags/data_extracter_dag.py
[2026-09-16T15:21:51.020+0000] {processor.py:840} INFO - DAG(s) 'data_extraction' retrieved from /opt/airflow/dags/data_extracter_dag.py
[2026-09-16T15:21:51.067+0000] {logging_mixin.py:188} INFO - [2026-09-16T15:21:51.067+0000] {dag.py:3096} INFO - Sync 1 DAGs
[2026-09-16T15:21:51.082+0000] {logging_mixin.py:188} INFO - [2026-09-16T15:21:51.082+0000] {dag.py:3954} INFO - Setting next_dagrun for data_extraction to None, run_after=None
[2026-09-16T15:21:51.105+0000] {processor.py:183} INFO - Processing /opt/airflow/dags/data_extracter_dag.py took 0.134 seconds
[2026-09-16T15:22:03.093+0000] {processor.py:161} INFO - Started process (PID=312) to work on /opt/airflow/dags/data_extracter_dag.py
[2026-09-16T15:22:03.098+0000] {processor.py:830} INFO - Processing file /opt/airflow/dags/data_extracter_dag.py for tasks to queue
[2026-09-16T15:22:03.100+0000] {logging_mixin.py:188} INFO - [2026-09-16T15:22:03.100+0000] {dagbag.py:545} INFO - Filling up the DagBag from /opt/airflow/dags/data_extracter_dag.py
[2026-09-16T15:22:03.123+0000] {processor.py:840} INFO - DAG(s) 'data_extraction' retrieved from /opt/airflow/dags/data_extracter_dag.py
[2026-09-16T15:22:03.159+0000] {logging_mixin.py:188} INFO - [2026-09-16T15:22:03.158+0000] {dag.py:3096} INFO - Sync 1 DAGs
[2026-09-16T15:22:03.178+0000] {logging_mixin.py:188} INFO - [2026-09-16T15:22:03.178+0000] {dag.py:3954} INFO - Setting next_dagrun for data_extraction to None, run_after=None
[2026-09-16T15:22:03.202+0000] {processor.py:183} INFO - Processing /opt/airflow/dags/data_extracter_dag.py took 0.117 seconds
[2026-09-16T15:22:06.212+0000] {processor.py:161} INFO - Started process (PID=313) to work on /opt/airflow/dags/data_extracter_dag.py
[2026-09-16T15:22:06.214+0000] {processor.py:830} INFO - Processing file /opt/airflow/dags/data_extracter_dag.py for tasks to queue
[2026-09-16T15:22:06.216+0000] {logging_mixin.py:188} INFO - [2026-09-16T15:22:06.216+0000] {dagbag.py:545} INFO - Filling up the DagBag from /opt/airflow/dags/data_extracter_dag.py
[2026-09-16T15:22:06.231+0000] {processor.py:840} INFO - DAG(s) 'data_extraction' retrieved from /opt/airflow/dags/data_extracter_dag.py
[2026-09-16T15:22:06.260+0000] {logging_mixin.py:188} INFO - [2026-09-16T15:22:06.259+0000] {dag.py:3096} INFO - Sync 1 DAGs
[2026-09-16T15:22:06.271+0000] {logging_mixin.py:188} INFO - [2026-09-16T15:22:06.271+0000] {dag.py:3954} INFO - Setting next_dagrun for data_extraction to None, run_after=None
[2026-09-16T15:22:06.292+0000] {processor.py:183} INFO - Processing /opt/airflow/dags/data_extracter_dag.py took 0.098 seconds
[2026-09-16T15:22:09.254+0000] {processor.py:161} INFO - Started process (PID=314) to work on /opt/airflow/dags/data_extracter_dag.py
[2026-09-16T15:22:09.255+0000] {processor.py:830} INFO - Processing file /opt/airflow/dags/data_extracter_dag.py for tasks to queue
[2026-09-16T15:22:09.257+0000] {logging_mixin.py:188} INFO - [2026-09-16T15:22:09.257+0000] {dagbag.py:545} INFO - Filling up the DagBag from /opt/airflow/dags/data_extracter_dag.py
[2026-09-16T15:22:09.273+0000] {processor.py:840} INFO - DAG(s) 'data_extraction' retrieved from /opt/airflow/dags/data_extracter_dag.py
[2026-09-16T15:22:09.305+0000] {logging_mixin.py:188} INFO - [2026-09-16T15:22:09.305+0000] {dag.py:3096} INFO - Sync 1 DAGs
[2026-09-16T15:22:09.317+0000] {logging_mixin.py:188} INFO - [2026-09-16T15:22:09.317+0000] {dag.py:3954} INFO - Setting next_dagrun for data_extraction to None, run_after=None
[2026-09-16T15:22:09.338+0000] {processor.py:183} INFO - Processing /opt/airflow/dags/data_extracter_dag.py took 0.092 seconds
[2026-09-16T15:22:16.174+0000] {processor.py:161} INFO - Started process (PID=315) to work on /opt/airflow/dags/data_extracter_dag.py
[2026-09-16T15:22:16.175+0000] {processor.py:830} INFO - Processing file /opt/airflow/dags/data_extracter_dag.py for tasks to queue
[2026-09-16T15:22:16.177+0000] {logging_mixin.py:188} INFO - [2026-09-16T15:22:16.177+0000] {dagbag.py:545} INFO - Filling up the DagBag from /opt/airflow/dags/data_extracter_dag.py
[2026-09-16T15:22:16.199+0000] {processor.py:840} INFO - DAG(s) 'data_extraction' retrieved from /opt/airflow/dags/data_extracter_dag.py
[2026-09-16T15:22:16.230+0000] {logging_mixin.py:188} INFO - [2026-09-16T15:22:16.229+0000] {dag.py:3096} INFO - Sync 1 DAGs
[2026-09-16T15:22:16.241+0000] {logging_mixin.py:188} INFO - [2026-09-16T15:22:16.241+0000] {dag.py:3954} INFO - Setting next_dagrun for data_extraction to None, run_after=None
[2026-09-16T15:22:16.262+0000] {processor.py:183} INFO - Processing /opt/airflow/dags/data_extracter_dag.py took 0.096 seconds
[2026-09-16T15:22:17.223+0000] {processor.py:161} INFO - Started process (PID=316) to work on /opt/airflow/dags/data_extracter_dag.py
[2026-09-16T15:22:17.225+0000] {processor.py:830} INFO - Processing file /opt/airflow/dags/data_extracter_dag.py for tasks to queue
[2026-09-16T15:22:17.226+0000] {logging_mixin.py:188} INFO - [2026-09-16T15:22:17.226+0000] {dagbag.py:545} INFO - Filling up the DagBag from /opt/airflow/dags/data_extracter_dag.py
[2026-09-16T15:22:17.242+0000] {processor.py:840} INFO - DAG(s) 'data_extraction' retrieved from /opt/airflow/dags/data_extracter_dag.py
[2026-09-16T15:22:17.272+0000] {logging_mixin.py:188} INFO - [2026-09-16T15:22:17.272+0000] {dag.py:3096} INFO - Sync 1 DAGs
[2026-09-16T15:22:17.286+0000] {logging_mixin.py:188} INFO - [2026-09-16T15:22:17.286+0000] {dag.py:3954} INFO - Setting next_dagrun for data_extraction to None, run_after=None
[2026-09-16T15:22:17.312+0000] {processor.py:183} INFO - Processing /opt/airflow/dags/data_extracter_dag.py took 0.097 seconds
[2026-09-16T15:22:21.359+0000] {processor.py:161} INFO - Started process (PID=317) to work on /opt/airflow/dags/data_extracter_dag.py
[2026-09-16T15:22:21.361+0000] {processor.py:830} INFO - Processing file /opt/airflow/dags/data_extracter_dag.py for tasks to queue
[2026-09-16T15:22:21.365+0000] {logging_mixin.py:188} INFO - [2026-09-16T15:22:21.364+0000] {dagbag.py:545} INFO - Filling up the DagBag from /opt/airflow/dags/data_extracter_dag.py
[2026-09-16T15:22:21.397+0000] {processor.py:840} INFO - DAG(s) 'data_extraction' retrieved from /opt/airflow/dags/data_extracter_dag.py
[2026-09-16T15:22:21.435+0000] {logging_mixin.py:188} INFO - [2026-09-16T15:22:21.435+0000] {dag.py:3096} INFO - Sync 1 DAGs
[2026-09-16T15:22:21.451+0000] {logging_mixin.py:188} INFO - [2026-09-16T15:22:21.451+0000] {dag.py:3954} INFO - Setting next_dagrun for data_extraction to None, run_after=None
[2026-09-16T15:22:21.479+0000] {processor.py:183} INFO - Processing /opt/airflow/dags/data_extracter_dag.py took 0.138 seconds
[2026-09-16T15:22:51.655+0000] {processor.py:161} INFO - Started process (PID=324) to work on /opt/airflow/dags/data_extracter_dag.py
[2026-09-16T15:22:51.668+0000] {processor.py:830} INFO - Processing file /opt/airflow/dags/data_extracter_dag.py for tasks to queue
[2026-09-16T15:22:51.685+0000] {logging_mixin.py:188} INFO - [2026-09-16T15:22:51.684+0000] {dagbag.py:545} INFO - Filling up the DagBag from /opt/airflow/dags/data_extracter_dag.py
[2026-09-16T15:22:51.730+0000] {processor.py:840} INFO - DAG(s) 'data_extraction' retrieved from /opt/airflow/dags/data_extracter_dag.py
[2026-09-16T15:22:51.803+0000] {logging_mixin.py:188} INFO - [2026-09-16T15:22:51.802+0000] {dag.py:3096} INFO - Sync 1 DAGs
[2026-09-16T15:22:51.816+0000] {logging_mixin.py:188} INFO - [2026-09-16T15:22:51.816+0000] {dag.py:3954} INFO - Setting next_dagrun for data_extraction to None, run_after=None
[2026-09-16T15:22:51.838+0000] {processor.py:183} INFO - Processing /opt/airflow/dags/data_extracter_dag.py took 0.238 seconds
[2026-09-16T15:23:21.922+0000] {processor.py:161} INFO - Started process (PID=331) to work on /opt/airflow/dags/data_extracter_dag.py
[2026-09-16T15:23:21.923+0000] {processor.py:830} INFO - Processing file /opt/airflow/dags/data_extracter_dag.py for tasks to queue
[2026-09-16T15:23:21.925+0000] {logging_mixin.py:188} INFO - [2026-09-16T15:23:21.925+0000] {dagbag.py:545} INFO - Filling up the DagBag from /opt/airflow/dags/data_extracter_dag.py
[2026-09-16T15:23:21.942+0000] {processor.py:840} INFO - DAG(s) 'data_extraction' retrieved from /opt/airflow/dags/data_extracter_dag.py
[2026-09-16T15:23:21.994+0000] {logging_mixin.py:188} INFO - [2026-09-16T15:23:21.993+0000] {dag.py:3096} INFO - Sync 1 DAGs
[2026-09-16T15:23:22.007+0000] {logging_mixin.py:188} INFO - [2026-09-16T15:23:22.007+0000] {dag.py:3954} INFO - Setting next_dagrun for data_extraction to None, run_after=None
[2026-09-16T15:23:22.027+0000] {processor.py:183} INFO - Processing /opt/airflow/dags/data_extracter_dag.py took 0.116 seconds
[2026-09-16T15:23:54.087+0000] {processor.py:161} INFO - Started process (PID=339) to work on /opt/airflow/dags/data_extracter_dag.py
[2026-09-16T15:23:54.088+0000] {processor.py:830} INFO - Processing file /opt/airflow/dags/data_extracter_dag.py for tasks to queue
[2026-09-16T15:23:54.090+0000] {logging_mixin.py:188} INFO - [2026-09-16T15:23:54.090+0000] {dagbag.py:545} INFO - Filling up the DagBag from /opt/airflow/dags/data_extracter_dag.py
[2026-09-16T15:23:54.107+0000] {processor.py:840} INFO - DAG(s) 'data_extraction' retrieved from /opt/airflow/dags/data_extracter_dag.py
[2026-09-16T15:23:54.141+0000] {logging_mixin.py:188} INFO - [2026-09-16T15:23:54.141+0000] {dag.py:3096} INFO - Sync 1 DAGs
[2026-09-16T15:23:54.155+0000] {logging_mixin.py:188} INFO - [2026-09-16T15:23:54.154+0000] {dag.py:3954} INFO - Setting next_dagrun for data_extraction to None, run_after=None
[2026-09-16T15:23:54.176+0000] {processor.py:183} INFO - Processing /opt/airflow/dags/data_extracter_dag.py took 0.096 seconds
[2026-09-16T15:24:27.333+0000] {processor.py:161} INFO - Started process (PID=346) to work on /opt/airflow/dags/data_extracter_dag.py
[2026-09-16T15:24:27.334+0000] {processor.py:830} INFO - Processing file /opt/airflow/dags/data_extracter_dag.py for tasks to queue
[2026-09-16T15:24:27.336+0000] {logging_mixin.py:188} INFO - [2026-09-16T15:24:27.336+0000] {dagbag.py:545} INFO - Filling up the DagBag from /opt/airflow/dags/data_extracter_dag.py
[2026-09-16T15:24:27.347+0000] {processor.py:840} INFO - DAG(s) 'data_extraction' retrieved from /opt/airflow/dags/data_extracter_dag.py
[2026-09-16T15:24:27.375+0000] {logging_mixin.py:188} INFO - [2026-09-16T15:24:27.375+0000] {dag.py:3096} INFO - Sync 1 DAGs
[2026-09-16T15:24:27.384+0000] {logging_mixin.py:188} INFO - [2026-09-16T15:24:27.384+0000] {dag.py:3954} INFO - Setting next_dagrun for data_extraction to None, run_after=None
[2026-09-16T15:24:27.404+0000] {processor.py:183} INFO - Processing /opt/airflow/dags/data_extracter_dag.py took 0.077 seconds
[2026-09-16T15:25:00.524+0000] {processor.py:161} INFO - Started process (PID=353) to work on /opt/airflow/dags/data_extracter_dag.py
[2026-09-16T15:25:00.529+0000] {processor.py:830} INFO - Processing file /opt/airflow/dags/data_extracter_dag.py for tasks to queue
[2026-09-16T15:25:00.531+0000] {logging_mixin.py:188} INFO - [2026-09-16T15:25:00.530+0000] {dagbag.py:545} INFO - Filling up the DagBag from /opt/airflow/dags/data_extracter_dag.py
[2026-09-16T15:25:00.541+0000] {processor.py:840} INFO - DAG(s) 'data_extraction' retrieved from /opt/airflow/dags/data_extracter_dag.py
[2026-09-16T15:25:00.565+0000] {logging_mixin.py:188} INFO - [2026-09-16T15:25:00.565+0000] {dag.py:3096} INFO - Sync 1 DAGs
[2026-09-16T15:25:00.576+0000] {logging_mixin.py:188} INFO - [2026-09-16T15:25:00.576+0000] {dag.py:3954} INFO - Setting next_dagrun for data_extraction to None, run_after=None
[2026-09-16T15:25:00.597+0000] {processor.py:183} INFO - Processing /opt/airflow/dags/data_extracter_dag.py took 0.078 seconds
[2026-09-16T15:25:33.788+0000] {processor.py:161} INFO - Started process (PID=360) to work on /opt/airflow/dags/data_extracter_dag.py
[2026-09-16T15:25:33.789+0000] {processor.py:830} INFO - Processing file /opt/airflow/dags/data_extracter_dag.py for tasks to queue
[2026-09-16T15:25:33.791+0000] {logging_mixin.py:188} INFO - [2026-09-16T15:25:33.791+0000] {dagbag.py:545} INFO - Filling up the DagBag from /opt/airflow/dags/data_extracter_dag.py
[2026-09-16T15:25:33.804+0000] {processor.py:840} INFO - DAG(s) 'data_extraction' retrieved from /opt/airflow/dags/data_extracter_dag.py
[2026-09-16T15:25:33.834+0000] {logging_mixin.py:188} INFO - [2026-09-16T15:25:33.833+0000] {dag.py:3096} INFO - Sync 1 DAGs
[2026-09-16T15:25:33.849+0000] {logging_mixin.py:188} INFO - [2026-09-16T15:25:33.848+0000] {dag.py:3954} INFO - Setting next_dagrun for data_extraction to None, run_after=None
[2026-09-16T15:25:33.877+0000] {processor.py:183} INFO - Processing /opt/airflow/dags/data_extracter_dag.py took 0.096 seconds
[2026-09-16T15:26:06.823+0000] {processor.py:161} INFO - Started process (PID=367) to work on /opt/airflow/dags/data_extracter_dag.py
[2026-09-16T15:26:06.824+0000] {processor.py:830} INFO - Processing file /opt/airflow/dags/data_extracter_dag.py for tasks to queue
[2026-09-16T15:26:06.827+0000] {logging_mixin.py:188} INFO - [2026-09-16T15:26:06.826+0000] {dagbag.py:545} INFO - Filling up the DagBag from /opt/airflow/dags/data_extracter_dag.py
[2026-09-16T15:26:06.839+0000] {processor.py:840} INFO - DAG(s) 'data_extraction' retrieved from /opt/airflow/dags/data_extracter_dag.py
[2026-09-16T15:26:06.871+0000] {logging_mixin.py:188} INFO - [2026-09-16T15:26:06.871+0000] {dag.py:3096} INFO - Sync 1 DAGs
[2026-09-16T15:26:06.885+0000] {logging_mixin.py:188} INFO - [2026-09-16T15:26:06.884+0000] {dag.py:3954} INFO - Setting next_dagrun for data_extraction to None, run_after=None
[2026-09-16T15:26:06.905+0000] {processor.py:183} INFO - Processing /opt/airflow/dags/data_extracter_dag.py took 0.089 seconds
[2026-09-16T15:26:28.947+0000] {processor.py:161} INFO - Started process (PID=375) to work on /opt/airflow/dags/data_extracter_dag.py
[2026-09-16T15:26:28.949+0000] {processor.py:830} INFO - Processing file /opt/airflow/dags/data_extracter_dag.py for tasks to queue
[2026-09-16T15:26:28.951+0000] {logging_mixin.py:188} INFO - [2026-09-16T15:26:28.950+0000] {dagbag.py:545} INFO - Filling up the DagBag from /opt/airflow/dags/data_extracter_dag.py
[2026-09-16T15:26:28.966+0000] {processor.py:840} INFO - DAG(s) 'data_extraction' retrieved from /opt/airflow/dags/data_extracter_dag.py
[2026-09-16T15:26:29.002+0000] {logging_mixin.py:188} INFO - [2026-09-16T15:26:29.002+0000] {dag.py:3096} INFO - Sync 1 DAGs
[2026-09-16T15:26:29.014+0000] {logging_mixin.py:188} INFO - [2026-09-16T15:26:29.013+0000] {dag.py:3954} INFO - Setting next_dagrun for data_extraction to None, run_after=None
[2026-09-16T15:26:29.042+0000] {processor.py:183} INFO - Processing /opt/airflow/dags/data_extracter_dag.py took 0.104 seconds
[2026-09-16T15:26:41.970+0000] {processor.py:161} INFO - Started process (PID=376) to work on /opt/airflow/dags/data_extracter_dag.py
[2026-09-16T15:26:41.977+0000] {processor.py:830} INFO - Processing file /opt/airflow/dags/data_extracter_dag.py for tasks to queue
[2026-09-16T15:26:41.980+0000] {logging_mixin.py:188} INFO - [2026-09-16T15:26:41.980+0000] {dagbag.py:545} INFO - Filling up the DagBag from /opt/airflow/dags/data_extracter_dag.py
[2026-09-16T15:26:42.008+0000] {processor.py:840} INFO - DAG(s) 'data_extraction' retrieved from /opt/airflow/dags/data_extracter_dag.py
[2026-09-16T15:26:42.039+0000] {logging_mixin.py:188} INFO - [2026-09-16T15:26:42.039+0000] {dag.py:3096} INFO - Sync 1 DAGs
[2026-09-16T15:26:42.052+0000] {logging_mixin.py:188} INFO - [2026-09-16T15:26:42.052+0000] {dag.py:3954} INFO - Setting next_dagrun for data_extraction to None, run_after=None
[2026-09-16T15:26:42.081+0000] {processor.py:183} INFO - Processing /opt/airflow/dags/data_extracter_dag.py took 0.118 seconds
[2026-09-16T15:26:46.027+0000] {processor.py:161} INFO - Started process (PID=377) to work on /opt/airflow/dags/data_extracter_dag.py
[2026-09-16T15:26:46.028+0000] {processor.py:830} INFO - Processing file /opt/airflow/dags/data_extracter_dag.py for tasks to queue
[2026-09-16T15:26:46.031+0000] {logging_mixin.py:188} INFO - [2026-09-16T15:26:46.031+0000] {dagbag.py:545} INFO - Filling up the DagBag from /opt/airflow/dags/data_extracter_dag.py
[2026-09-16T15:26:46.045+0000] {processor.py:840} INFO - DAG(s) 'data_extraction' retrieved from /opt/airflow/dags/data_extracter_dag.py
[2026-09-16T15:26:46.071+0000] {logging_mixin.py:188} INFO - [2026-09-16T15:26:46.071+0000] {dag.py:3096} INFO - Sync 1 DAGs
[2026-09-16T15:26:46.080+0000] {logging_mixin.py:188} INFO - [2026-09-16T15:26:46.080+0000] {dag.py:3954} INFO - Setting next_dagrun for data_extraction to None, run_after=None
[2026-09-16T15:26:46.101+0000] {processor.py:183} INFO - Processing /opt/airflow/dags/data_extracter_dag.py took 0.079 seconds
[2026-09-16T15:27:16.207+0000] {processor.py:161} INFO - Started process (PID=384) to work on /opt/airflow/dags/data_extracter_dag.py
[2026-09-16T15:27:16.208+0000] {processor.py:830} INFO - Processing file /opt/airflow/dags/data_extracter_dag.py for tasks to queue
[2026-09-16T15:27:16.210+0000] {logging_mixin.py:188} INFO - [2026-09-16T15:27:16.209+0000] {dagbag.py:545} INFO - Filling up the DagBag from /opt/airflow/dags/data_extracter_dag.py
[2026-09-16T15:27:16.224+0000] {processor.py:840} INFO - DAG(s) 'data_extraction' retrieved from /opt/airflow/dags/data_extracter_dag.py
[2026-09-16T15:27:16.249+0000] {logging_mixin.py:188} INFO - [2026-09-16T15:27:16.249+0000] {dag.py:3096} INFO - Sync 1 DAGs
[2026-09-16T15:27:16.260+0000] {logging_mixin.py:188} INFO - [2026-09-16T15:27:16.259+0000] {dag.py:3954} INFO - Setting next_dagrun for data_extraction to None, run_after=None
[2026-09-16T15:27:16.279+0000] {processor.py:183} INFO - Processing /opt/airflow/dags/data_extracter_dag.py took 0.077 seconds
[2026-09-16T15:27:46.332+0000] {processor.py:161} INFO - Started process (PID=391) to work on /opt/airflow/dags/data_extracter_dag.py
[2026-09-16T15:27:46.336+0000] {processor.py:830} INFO - Processing file /opt/airflow/dags/data_extracter_dag.py for tasks to queue
[2026-09-16T15:27:46.338+0000] {logging_mixin.py:188} INFO - [2026-09-16T15:27:46.338+0000] {dagbag.py:545} INFO - Filling up the DagBag from /opt/airflow/dags/data_extracter_dag.py
[2026-09-16T15:27:46.349+0000] {processor.py:840} INFO - DAG(s) 'data_extraction' retrieved from /opt/airflow/dags/data_extracter_dag.py
[2026-09-16T15:27:46.379+0000] {logging_mixin.py:188} INFO - [2026-09-16T15:27:46.379+0000] {dag.py:3096} INFO - Sync 1 DAGs
[2026-09-16T15:27:46.390+0000] {logging_mixin.py:188} INFO - [2026-09-16T15:27:46.389+0000] {dag.py:3954} INFO - Setting next_dagrun for data_extraction to None, run_after=None
[2026-09-16T15:27:46.407+0000] {processor.py:183} INFO - Processing /opt/airflow/dags/data_extracter_dag.py took 0.081 seconds
[2026-09-16T15:28:18.359+0000] {processor.py:161} INFO - Started process (PID=398) to work on /opt/airflow/dags/data_extracter_dag.py
[2026-09-16T15:28:18.360+0000] {processor.py:830} INFO - Processing file /opt/airflow/dags/data_extracter_dag.py for tasks to queue
[2026-09-16T15:28:18.361+0000] {logging_mixin.py:188} INFO - [2026-09-16T15:28:18.361+0000] {dagbag.py:545} INFO - Filling up the DagBag from /opt/airflow/dags/data_extracter_dag.py
[2026-09-16T15:28:18.373+0000] {processor.py:840} INFO - DAG(s) 'data_extraction' retrieved from /opt/airflow/dags/data_extracter_dag.py
[2026-09-16T15:28:18.401+0000] {logging_mixin.py:188} INFO - [2026-09-16T15:28:18.401+0000] {dag.py:3096} INFO - Sync 1 DAGs
[2026-09-16T15:28:18.411+0000] {logging_mixin.py:188} INFO - [2026-09-16T15:28:18.411+0000] {dag.py:3954} INFO - Setting next_dagrun for data_extraction to None, run_after=None
[2026-09-16T15:28:18.427+0000] {processor.py:183} INFO - Processing /opt/airflow/dags/data_extracter_dag.py took 0.074 seconds
[2026-09-16T15:28:51.542+0000] {processor.py:161} INFO - Started process (PID=405) to work on /opt/airflow/dags/data_extracter_dag.py
[2026-09-16T15:28:51.543+0000] {processor.py:830} INFO - Processing file /opt/airflow/dags/data_extracter_dag.py for tasks to queue
[2026-09-16T15:28:51.545+0000] {logging_mixin.py:188} INFO - [2026-09-16T15:28:51.545+0000] {dagbag.py:545} INFO - Filling up the DagBag from /opt/airflow/dags/data_extracter_dag.py
[2026-09-16T15:28:51.556+0000] {processor.py:840} INFO - DAG(s) 'data_extraction' retrieved from /opt/airflow/dags/data_extracter_dag.py
[2026-09-16T15:28:51.583+0000] {logging_mixin.py:188} INFO - [2026-09-16T15:28:51.582+0000] {dag.py:3096} INFO - Sync 1 DAGs
[2026-09-16T15:28:51.595+0000] {logging_mixin.py:188} INFO - [2026-09-16T15:28:51.594+0000] {dag.py:3954} INFO - Setting next_dagrun for data_extraction to None, run_after=None
[2026-09-16T15:28:51.618+0000] {processor.py:183} INFO - Processing /opt/airflow/dags/data_extracter_dag.py took 0.082 seconds
[2026-09-16T15:29:24.624+0000] {processor.py:161} INFO - Started process (PID=412) to work on /opt/airflow/dags/data_extracter_dag.py
[2026-09-16T15:29:24.625+0000] {processor.py:830} INFO - Processing file /opt/airflow/dags/data_extracter_dag.py for tasks to queue
[2026-09-16T15:29:24.627+0000] {logging_mixin.py:188} INFO - [2026-09-16T15:29:24.626+0000] {dagbag.py:545} INFO - Filling up the DagBag from /opt/airflow/dags/data_extracter_dag.py
[2026-09-16T15:29:24.641+0000] {processor.py:840} INFO - DAG(s) 'data_extraction' retrieved from /opt/airflow/dags/data_extracter_dag.py
[2026-09-16T15:29:24.682+0000] {logging_mixin.py:188} INFO - [2026-09-16T15:29:24.682+0000] {dag.py:3096} INFO - Sync 1 DAGs
[2026-09-16T15:29:24.694+0000] {logging_mixin.py:188} INFO - [2026-09-16T15:29:24.693+0000] {dag.py:3954} INFO - Setting next_dagrun for data_extraction to None, run_after=None
[2026-09-16T15:29:24.716+0000] {processor.py:183} INFO - Processing /opt/airflow/dags/data_extracter_dag.py took 0.098 seconds
[2026-09-16T15:29:56.763+0000] {processor.py:161} INFO - Started process (PID=419) to work on /opt/airflow/dags/data_extracter_dag.py
[2026-09-16T15:29:56.768+0000] {processor.py:830} INFO - Processing file /opt/airflow/dags/data_extracter_dag.py for tasks to queue
[2026-09-16T15:29:56.770+0000] {logging_mixin.py:188} INFO - [2026-09-16T15:29:56.770+0000] {dagbag.py:545} INFO - Filling up the DagBag from /opt/airflow/dags/data_extracter_dag.py
[2026-09-16T15:29:56.783+0000] {processor.py:840} INFO - DAG(s) 'data_extraction' retrieved from /opt/airflow/dags/data_extracter_dag.py
[2026-09-16T15:29:56.809+0000] {logging_mixin.py:188} INFO - [2026-09-16T15:29:56.809+0000] {dag.py:3096} INFO - Sync 1 DAGs
[2026-09-16T15:29:56.819+0000] {logging_mixin.py:188} INFO - [2026-09-16T15:29:56.819+0000] {dag.py:3954} INFO - Setting next_dagrun for data_extraction to None, run_after=None
[2026-09-16T15:29:56.835+0000] {processor.py:183} INFO - Processing /opt/airflow/dags/data_extracter_dag.py took 0.077 seconds
[2026-09-16T15:30:29.846+0000] {processor.py:161} INFO - Started process (PID=426) to work on /opt/airflow/dags/data_extracter_dag.py
[2026-09-16T15:30:29.847+0000] {processor.py:830} INFO - Processing file /opt/airflow/dags/data_extracter_dag.py for tasks to queue
[2026-09-16T15:30:29.848+0000] {logging_mixin.py:188} INFO - [2026-09-16T15:30:29.848+0000] {dagbag.py:545} INFO - Filling up the DagBag from /opt/airflow/dags/data_extracter_dag.py
[2026-09-16T15:30:29.859+0000] {processor.py:840} INFO - DAG(s) 'data_extraction' retrieved from /opt/airflow/dags/data_extracter_dag.py
[2026-09-16T15:30:29.884+0000] {logging_mixin.py:188} INFO - [2026-09-16T15:30:29.884+0000] {dag.py:3096} INFO - Sync 1 DAGs
[2026-09-16T15:30:29.893+0000] {logging_mixin.py:188} INFO - [2026-09-16T15:30:29.893+0000] {dag.py:3954} INFO - Setting next_dagrun for data_extraction to None, run_after=None
[2026-09-16T15:30:29.912+0000] {processor.py:183} INFO - Processing /opt/airflow/dags/data_extracter_dag.py took 0.071 seconds
[2026-09-16T15:31:03.020+0000] {processor.py:161} INFO - Started process (PID=433) to work on /opt/airflow/dags/data_extracter_dag.py
[2026-09-16T15:31:03.023+0000] {processor.py:830} INFO - Processing file /opt/airflow/dags/data_extracter_dag.py for tasks to queue
[2026-09-16T15:31:03.025+0000] {logging_mixin.py:188} INFO - [2026-09-16T15:31:03.025+0000] {dagbag.py:545} INFO - Filling up the DagBag from /opt/airflow/dags/data_extracter_dag.py
[2026-09-16T15:31:03.040+0000] {processor.py:840} INFO - DAG(s) 'data_extraction' retrieved from /opt/airflow/dags/data_extracter_dag.py
[2026-09-16T15:31:03.070+0000] {logging_mixin.py:188} INFO - [2026-09-16T15:31:03.069+0000] {dag.py:3096} INFO - Sync 1 DAGs
[2026-09-16T15:31:03.080+0000] {logging_mixin.py:188} INFO - [2026-09-16T15:31:03.079+0000] {dag.py:3954} INFO - Setting next_dagrun for data_extraction to None, run_after=None
[2026-09-16T15:31:03.107+0000] {processor.py:183} INFO - Processing /opt/airflow/dags/data_extracter_dag.py took 0.093 seconds
[2026-09-16T15:31:36.108+0000] {processor.py:161} INFO - Started process (PID=440) to work on /opt/airflow/dags/data_extracter_dag.py
[2026-09-16T15:31:36.108+0000] {processor.py:830} INFO - Processing file /opt/airflow/dags/data_extracter_dag.py for tasks to queue
[2026-09-16T15:31:36.110+0000] {logging_mixin.py:188} INFO - [2026-09-16T15:31:36.110+0000] {dagbag.py:545} INFO - Filling up the DagBag from /opt/airflow/dags/data_extracter_dag.py
[2026-09-16T15:31:36.123+0000] {processor.py:840} INFO - DAG(s) 'data_extraction' retrieved from /opt/airflow/dags/data_extracter_dag.py
[2026-09-16T15:31:36.157+0000] {logging_mixin.py:188} INFO - [2026-09-16T15:31:36.157+0000] {dag.py:3096} INFO - Sync 1 DAGs
[2026-09-16T15:31:36.169+0000] {logging_mixin.py:188} INFO - [2026-09-16T15:31:36.169+0000] {dag.py:3954} INFO - Setting next_dagrun for data_extraction to None, run_after=None
[2026-09-16T15:31:36.189+0000] {processor.py:183} INFO - Processing /opt/airflow/dags/data_extracter_dag.py took 0.088 seconds
[2026-09-16T15:32:09.239+0000] {processor.py:161} INFO - Started process (PID=447) to work on /opt/airflow/dags/data_extracter_dag.py
[2026-09-16T15:32:09.241+0000] {processor.py:830} INFO - Processing file /opt/airflow/dags/data_extracter_dag.py for tasks to queue
[2026-09-16T15:32:09.242+0000] {logging_mixin.py:188} INFO - [2026-09-16T15:32:09.242+0000] {dagbag.py:545} INFO - Filling up the DagBag from /opt/airflow/dags/data_extracter_dag.py
[2026-09-16T15:32:09.262+0000] {processor.py:840} INFO - DAG(s) 'data_extraction' retrieved from /opt/airflow/dags/data_extracter_dag.py
[2026-09-16T15:32:09.302+0000] {logging_mixin.py:188} INFO - [2026-09-16T15:32:09.302+0000] {dag.py:3096} INFO - Sync 1 DAGs
[2026-09-16T15:32:09.312+0000] {logging_mixin.py:188} INFO - [2026-09-16T15:32:09.311+0000] {dag.py:3954} INFO - Setting next_dagrun for data_extraction to None, run_after=None
[2026-09-16T15:32:09.336+0000] {processor.py:183} INFO - Processing /opt/airflow/dags/data_extracter_dag.py took 0.103 seconds
[2026-09-16T15:32:41.298+0000] {processor.py:161} INFO - Started process (PID=454) to work on /opt/airflow/dags/data_extracter_dag.py
[2026-09-16T15:32:41.299+0000] {processor.py:830} INFO - Processing file /opt/airflow/dags/data_extracter_dag.py for tasks to queue
[2026-09-16T15:32:41.302+0000] {logging_mixin.py:188} INFO - [2026-09-16T15:32:41.301+0000] {dagbag.py:545} INFO - Filling up the DagBag from /opt/airflow/dags/data_extracter_dag.py
[2026-09-16T15:32:41.314+0000] {processor.py:840} INFO - DAG(s) 'data_extraction' retrieved from /opt/airflow/dags/data_extracter_dag.py
[2026-09-16T15:32:41.348+0000] {logging_mixin.py:188} INFO - [2026-09-16T15:32:41.348+0000] {dag.py:3096} INFO - Sync 1 DAGs
[2026-09-16T15:32:41.366+0000] {logging_mixin.py:188} INFO - [2026-09-16T15:32:41.365+0000] {dag.py:3954} INFO - Setting next_dagrun for data_extraction to None, run_after=None
[2026-09-16T15:32:41.389+0000] {processor.py:183} INFO - Processing /opt/airflow/dags/data_extracter_dag.py took 0.098 seconds
[2026-09-16T15:32:47.428+0000] {processor.py:161} INFO - Started process (PID=455) to work on /opt/airflow/dags/data_extracter_dag.py
[2026-09-16T15:32:47.433+0000] {processor.py:830} INFO - Processing file /opt/airflow/dags/data_extracter_dag.py for tasks to queue
[2026-09-16T15:32:47.435+0000] {logging_mixin.py:188} INFO - [2026-09-16T15:32:47.434+0000] {dagbag.py:545} INFO - Filling up the DagBag from /opt/airflow/dags/data_extracter_dag.py
[2026-09-16T15:32:47.456+0000] {processor.py:840} INFO - DAG(s) 'data_extraction' retrieved from /opt/airflow/dags/data_extracter_dag.py
[2026-09-16T15:32:47.503+0000] {logging_mixin.py:188} INFO - [2026-09-16T15:32:47.503+0000] {dag.py:3096} INFO - Sync 1 DAGs
[2026-09-16T15:32:47.519+0000] {logging_mixin.py:188} INFO - [2026-09-16T15:32:47.519+0000] {dag.py:3954} INFO - Setting next_dagrun for data_extraction to None, run_after=None
[2026-09-16T15:32:47.549+0000] {processor.py:183} INFO - Processing /opt/airflow/dags/data_extracter_dag.py took 0.129 seconds
[2026-09-16T15:33:17.651+0000] {processor.py:161} INFO - Started process (PID=462) to work on /opt/airflow/dags/data_extracter_dag.py
[2026-09-16T15:33:17.652+0000] {processor.py:830} INFO - Processing file /opt/airflow/dags/data_extracter_dag.py for tasks to queue
[2026-09-16T15:33:17.653+0000] {logging_mixin.py:188} INFO - [2026-09-16T15:33:17.653+0000] {dagbag.py:545} INFO - Filling up the DagBag from /opt/airflow/dags/data_extracter_dag.py
[2026-09-16T15:33:17.666+0000] {processor.py:840} INFO - DAG(s) 'data_extraction' retrieved from /opt/airflow/dags/data_extracter_dag.py
[2026-09-16T15:33:17.694+0000] {logging_mixin.py:188} INFO - [2026-09-16T15:33:17.694+0000] {dag.py:3096} INFO - Sync 1 DAGs
[2026-09-16T15:33:17.703+0000] {logging_mixin.py:188} INFO - [2026-09-16T15:33:17.703+0000] {dag.py:3954} INFO - Setting next_dagrun for data_extraction to None, run_after=None
[2026-09-16T15:33:17.725+0000] {processor.py:183} INFO - Processing /opt/airflow/dags/data_extracter_dag.py took 0.081 seconds
[2026-09-16T15:33:47.762+0000] {processor.py:161} INFO - Started process (PID=469) to work on /opt/airflow/dags/data_extracter_dag.py
[2026-09-16T15:33:47.767+0000] {processor.py:830} INFO - Processing file /opt/airflow/dags/data_extracter_dag.py for tasks to queue
[2026-09-16T15:33:47.769+0000] {logging_mixin.py:188} INFO - [2026-09-16T15:33:47.768+0000] {dagbag.py:545} INFO - Filling up the DagBag from /opt/airflow/dags/data_extracter_dag.py
[2026-09-16T15:33:47.785+0000] {processor.py:840} INFO - DAG(s) 'data_extraction' retrieved from /opt/airflow/dags/data_extracter_dag.py
[2026-09-16T15:33:47.818+0000] {logging_mixin.py:188} INFO - [2026-09-16T15:33:47.818+0000] {dag.py:3096} INFO - Sync 1 DAGs
[2026-09-16T15:33:47.830+0000] {logging_mixin.py:188} INFO - [2026-09-16T15:33:47.830+0000] {dag.py:3954} INFO - Setting next_dagrun for data_extraction to None, run_after=None
[2026-09-16T15:33:47.852+0000] {processor.py:183} INFO - Processing /opt/airflow/dags/data_extracter_dag.py took 0.096 seconds
[2026-09-16T15:34:20.941+0000] {processor.py:161} INFO - Started process (PID=477) to work on /opt/airflow/dags/data_extracter_dag.py
[2026-09-16T15:34:20.942+0000] {processor.py:830} INFO - Processing file /opt/airflow/dags/data_extracter_dag.py for tasks to queue
[2026-09-16T15:34:20.945+0000] {logging_mixin.py:188} INFO - [2026-09-16T15:34:20.945+0000] {dagbag.py:545} INFO - Filling up the DagBag from /opt/airflow/dags/data_extracter_dag.py
[2026-09-16T15:34:20.961+0000] {processor.py:840} INFO - DAG(s) 'data_extraction' retrieved from /opt/airflow/dags/data_extracter_dag.py
[2026-09-16T15:34:20.994+0000] {logging_mixin.py:188} INFO - [2026-09-16T15:34:20.993+0000] {dag.py:3096} INFO - Sync 1 DAGs
[2026-09-16T15:34:21.006+0000] {logging_mixin.py:188} INFO - [2026-09-16T15:34:21.005+0000] {dag.py:3954} INFO - Setting next_dagrun for data_extraction to None, run_after=None
[2026-09-16T15:34:21.027+0000] {processor.py:183} INFO - Processing /opt/airflow/dags/data_extracter_dag.py took 0.092 seconds
[2026-09-16T15:34:53.342+0000] {processor.py:161} INFO - Started process (PID=484) to work on /opt/airflow/dags/data_extracter_dag.py
[2026-09-16T15:34:53.344+0000] {processor.py:830} INFO - Processing file /opt/airflow/dags/data_extracter_dag.py for tasks to queue
[2026-09-16T15:34:53.346+0000] {logging_mixin.py:188} INFO - [2026-09-16T15:34:53.346+0000] {dagbag.py:545} INFO - Filling up the DagBag from /opt/airflow/dags/data_extracter_dag.py
[2026-09-16T15:34:53.360+0000] {processor.py:840} INFO - DAG(s) 'data_extraction' retrieved from /opt/airflow/dags/data_extracter_dag.py
[2026-09-16T15:34:53.396+0000] {logging_mixin.py:188} INFO - [2026-09-16T15:34:53.395+0000] {dag.py:3096} INFO - Sync 1 DAGs
[2026-09-16T15:34:53.409+0000] {logging_mixin.py:188} INFO - [2026-09-16T15:34:53.409+0000] {dag.py:3954} INFO - Setting next_dagrun for data_extraction to None, run_after=None
[2026-09-16T15:34:53.443+0000] {processor.py:183} INFO - Processing /opt/airflow/dags/data_extracter_dag.py took 0.115 seconds
[2026-09-16T15:34:59.372+0000] {processor.py:161} INFO - Started process (PID=485) to work on /opt/airflow/dags/data_extracter_dag.py
[2026-09-16T15:34:59.377+0000] {processor.py:830} INFO - Processing file /opt/airflow/dags/data_extracter_dag.py for tasks to queue
[2026-09-16T15:34:59.380+0000] {logging_mixin.py:188} INFO - [2026-09-16T15:34:59.380+0000] {dagbag.py:545} INFO - Filling up the DagBag from /opt/airflow/dags/data_extracter_dag.py
[2026-09-16T15:34:59.395+0000] {logging_mixin.py:188} INFO - [2026-09-16T15:34:59.394+0000] {dagbag.py:355} ERROR - Failed to import: /opt/airflow/dags/data_extracter_dag.py
Traceback (most recent call last):
  File "/home/airflow/.local/lib/python3.10/site-packages/airflow/models/dagbag.py", line 351, in parse
    loader.exec_module(new_module)
  File "<frozen importlib._bootstrap_external>", line 883, in exec_module
  File "<frozen importlib._bootstrap>", line 241, in _call_with_frames_removed
  File "/opt/airflow/dags/data_extracter_dag.py", line 8, in <module>
    im
NameError: name 'im' is not defined
[2026-09-16T15:34:59.395+0000] {processor.py:842} WARNING - No viable dags retrieved from /opt/airflow/dags/data_extracter_dag.py
[2026-09-16T15:34:59.428+0000] {processor.py:183} INFO - Processing /opt/airflow/dags/data_extracter_dag.py took 0.061 seconds
[2026-09-16T15:35:01.401+0000] {processor.py:161} INFO - Started process (PID=486) to work on /opt/airflow/dags/data_extracter_dag.py
[2026-09-16T15:35:01.403+0000] {processor.py:830} INFO - Processing file /opt/airflow/dags/data_extracter_dag.py for tasks to queue
[2026-09-16T15:35:01.406+0000] {logging_mixin.py:188} INFO - [2026-09-16T15:35:01.406+0000] {dagbag.py:545} INFO - Filling up the DagBag from /opt/airflow/dags/data_extracter_dag.py
[2026-09-16T15:35:01.418+0000] {logging_mixin.py:188} INFO - [2026-09-16T15:35:01.417+0000] {dagbag.py:355} ERROR - Failed to import: /opt/airflow/dags/data_extracter_dag.py
Traceback (most recent call last):
  File "/home/airflow/.local/lib/python3.10/site-packages/airflow/models/dagbag.py", line 351, in parse
    loader.exec_module(new_module)
  File "<frozen importlib._bootstrap_external>", line 883, in exec_module
  File "<frozen importlib._bootstrap>", line 241, in _call_with_frames_removed
  File "/opt/airflow/dags/data_extracter_dag.py", line 8, in <module>
    impor
NameError: name 'impor' is not defined
[2026-09-16T15:35:01.418+0000] {processor.py:842} WARNING - No viable dags retrieved from /opt/airflow/dags/data_extracter_dag.py
[2026-09-16T15:35:01.452+0000] {processor.py:183} INFO - Processing /opt/airflow/dags/data_extracter_dag.py took 0.060 seconds
[2026-09-16T15:35:02.473+0000] {processor.py:161} INFO - Started process (PID=487) to work on /opt/airflow/dags/data_extracter_dag.py
[2026-09-16T15:35:02.473+0000] {processor.py:830} INFO - Processing file /opt/airflow/dags/data_extracter_dag.py for tasks to queue
[2026-09-16T15:35:02.475+0000] {logging_mixin.py:188} INFO - [2026-09-16T15:35:02.475+0000] {dagbag.py:545} INFO - Filling up the DagBag from /opt/airflow/dags/data_extracter_dag.py
[2026-09-16T15:35:02.483+0000] {logging_mixin.py:188} INFO - [2026-09-16T15:35:02.483+0000] {dagbag.py:355} ERROR - Failed to import: /opt/airflow/dags/data_extracter_dag.py
Traceback (most recent call last):
  File "/home/airflow/.local/lib/python3.10/site-packages/airflow/models/dagbag.py", line 351, in parse
    loader.exec_module(new_module)
  File "<frozen importlib._bootstrap_external>", line 883, in exec_module
  File "<frozen importlib._bootstrap>", line 241, in _call_with_frames_removed
  File "/opt/airflow/dags/data_extracter_dag.py", line 8, in <module>
    im
NameError: name 'im' is not defined
[2026-09-16T15:35:02.484+0000] {processor.py:842} WARNING - No viable dags retrieved from /opt/airflow/dags/data_extracter_dag.py
[2026-09-16T15:35:02.507+0000] {processor.py:183} INFO - Processing /opt/airflow/dags/data_extracter_dag.py took 0.042 seconds
[2026-09-16T15:35:27.428+0000] {processor.py:161} INFO - Started process (PID=494) to work on /opt/airflow/dags/data_extracter_dag.py
[2026-09-16T15:35:27.430+0000] {processor.py:830} INFO - Processing file /opt/airflow/dags/data_extracter_dag.py for tasks to queue
[2026-09-16T15:35:27.434+0000] {logging_mixin.py:188} INFO - [2026-09-16T15:35:27.433+0000] {dagbag.py:545} INFO - Filling up the DagBag from /opt/airflow/dags/data_extracter_dag.py
[2026-09-16T15:35:27.467+0000] {processor.py:840} INFO - DAG(s) 'data_extraction' retrieved from /opt/airflow/dags/data_extracter_dag.py
[2026-09-16T15:35:27.520+0000] {logging_mixin.py:188} INFO - [2026-09-16T15:35:27.519+0000] {dag.py:3096} INFO - Sync 1 DAGs
[2026-09-16T15:35:27.534+0000] {logging_mixin.py:188} INFO - [2026-09-16T15:35:27.534+0000] {dag.py:3954} INFO - Setting next_dagrun for data_extraction to None, run_after=None
[2026-09-16T15:35:27.574+0000] {processor.py:183} INFO - Processing /opt/airflow/dags/data_extracter_dag.py took 0.157 seconds
[2026-09-16T15:35:31.488+0000] {processor.py:161} INFO - Started process (PID=495) to work on /opt/airflow/dags/data_extracter_dag.py
[2026-09-16T15:35:31.489+0000] {processor.py:830} INFO - Processing file /opt/airflow/dags/data_extracter_dag.py for tasks to queue
[2026-09-16T15:35:31.491+0000] {logging_mixin.py:188} INFO - [2026-09-16T15:35:31.490+0000] {dagbag.py:545} INFO - Filling up the DagBag from /opt/airflow/dags/data_extracter_dag.py
[2026-09-16T15:35:31.503+0000] {processor.py:840} INFO - DAG(s) 'data_extraction' retrieved from /opt/airflow/dags/data_extracter_dag.py
[2026-09-16T15:35:31.528+0000] {logging_mixin.py:188} INFO - [2026-09-16T15:35:31.528+0000] {dag.py:3096} INFO - Sync 1 DAGs
[2026-09-16T15:35:31.538+0000] {logging_mixin.py:188} INFO - [2026-09-16T15:35:31.538+0000] {dag.py:3954} INFO - Setting next_dagrun for data_extraction to None, run_after=None
[2026-09-16T15:35:31.556+0000] {processor.py:183} INFO - Processing /opt/airflow/dags/data_extracter_dag.py took 0.075 seconds
[2026-09-16T15:35:36.525+0000] {processor.py:161} INFO - Started process (PID=496) to work on /opt/airflow/dags/data_extracter_dag.py
[2026-09-16T15:35:36.528+0000] {processor.py:830} INFO - Processing file /opt/airflow/dags/data_extracter_dag.py for tasks to queue
[2026-09-16T15:35:36.531+0000] {logging_mixin.py:188} INFO - [2026-09-16T15:35:36.531+0000] {dagbag.py:545} INFO - Filling up the DagBag from /opt/airflow/dags/data_extracter_dag.py
[2026-09-16T15:35:36.553+0000] {processor.py:840} INFO - DAG(s) 'data_extraction' retrieved from /opt/airflow/dags/data_extracter_dag.py
[2026-09-16T15:35:36.591+0000] {logging_mixin.py:188} INFO - [2026-09-16T15:35:36.591+0000] {dag.py:3096} INFO - Sync 1 DAGs
[2026-09-16T15:35:36.610+0000] {logging_mixin.py:188} INFO - [2026-09-16T15:35:36.609+0000] {dag.py:3954} INFO - Setting next_dagrun for data_extraction to None, run_after=None
[2026-09-16T15:35:36.642+0000] {processor.py:183} INFO - Processing /opt/airflow/dags/data_extracter_dag.py took 0.126 seconds
[2026-09-16T15:35:37.618+0000] {processor.py:161} INFO - Started process (PID=497) to work on /opt/airflow/dags/data_extracter_dag.py
[2026-09-16T15:35:37.619+0000] {processor.py:830} INFO - Processing file /opt/airflow/dags/data_extracter_dag.py for tasks to queue
[2026-09-16T15:35:37.621+0000] {logging_mixin.py:188} INFO - [2026-09-16T15:35:37.620+0000] {dagbag.py:545} INFO - Filling up the DagBag from /opt/airflow/dags/data_extracter_dag.py
[2026-09-16T15:35:37.640+0000] {processor.py:840} INFO - DAG(s) 'data_extraction' retrieved from /opt/airflow/dags/data_extracter_dag.py
[2026-09-16T15:35:37.690+0000] {logging_mixin.py:188} INFO - [2026-09-16T15:35:37.690+0000] {dag.py:3096} INFO - Sync 1 DAGs
[2026-09-16T15:35:37.701+0000] {logging_mixin.py:188} INFO - [2026-09-16T15:35:37.701+0000] {dag.py:3954} INFO - Setting next_dagrun for data_extraction to None, run_after=None
[2026-09-16T15:35:37.725+0000] {processor.py:183} INFO - Processing /opt/airflow/dags/data_extracter_dag.py took 0.114 seconds
[2026-09-16T15:35:41.722+0000] {processor.py:161} INFO - Started process (PID=504) to work on /opt/airflow/dags/data_extracter_dag.py
[2026-09-16T15:35:41.723+0000] {processor.py:830} INFO - Processing file /opt/airflow/dags/data_extracter_dag.py for tasks to queue
[2026-09-16T15:35:41.726+0000] {logging_mixin.py:188} INFO - [2026-09-16T15:35:41.725+0000] {dagbag.py:545} INFO - Filling up the DagBag from /opt/airflow/dags/data_extracter_dag.py
[2026-09-16T15:35:41.750+0000] {processor.py:840} INFO - DAG(s) 'data_extraction' retrieved from /opt/airflow/dags/data_extracter_dag.py
[2026-09-16T15:35:41.793+0000] {logging_mixin.py:188} INFO - [2026-09-16T15:35:41.793+0000] {dag.py:3096} INFO - Sync 1 DAGs
[2026-09-16T15:35:41.806+0000] {logging_mixin.py:188} INFO - [2026-09-16T15:35:41.806+0000] {dag.py:3954} INFO - Setting next_dagrun for data_extraction to None, run_after=None
[2026-09-16T15:35:41.836+0000] {processor.py:183} INFO - Processing /opt/airflow/dags/data_extracter_dag.py took 0.132 seconds
[2026-09-16T15:35:43.794+0000] {processor.py:161} INFO - Started process (PID=505) to work on /opt/airflow/dags/data_extracter_dag.py
[2026-09-16T15:35:43.795+0000] {processor.py:830} INFO - Processing file /opt/airflow/dags/data_extracter_dag.py for tasks to queue
[2026-09-16T15:35:43.799+0000] {logging_mixin.py:188} INFO - [2026-09-16T15:35:43.798+0000] {dagbag.py:545} INFO - Filling up the DagBag from /opt/airflow/dags/data_extracter_dag.py
[2026-09-16T15:35:43.814+0000] {processor.py:840} INFO - DAG(s) 'data_extraction' retrieved from /opt/airflow/dags/data_extracter_dag.py
[2026-09-16T15:35:43.849+0000] {logging_mixin.py:188} INFO - [2026-09-16T15:35:43.848+0000] {dag.py:3096} INFO - Sync 1 DAGs
[2026-09-16T15:35:43.866+0000] {logging_mixin.py:188} INFO - [2026-09-16T15:35:43.866+0000] {dag.py:3954} INFO - Setting next_dagrun for data_extraction to None, run_after=None
[2026-09-16T15:35:43.892+0000] {processor.py:183} INFO - Processing /opt/airflow/dags/data_extracter_dag.py took 0.110 seconds
[2026-09-16T15:35:46.909+0000] {processor.py:161} INFO - Started process (PID=506) to work on /opt/airflow/dags/data_extracter_dag.py
[2026-09-16T15:35:46.911+0000] {processor.py:830} INFO - Processing file /opt/airflow/dags/data_extracter_dag.py for tasks to queue
[2026-09-16T15:35:46.914+0000] {logging_mixin.py:188} INFO - [2026-09-16T15:35:46.914+0000] {dagbag.py:545} INFO - Filling up the DagBag from /opt/airflow/dags/data_extracter_dag.py
[2026-09-16T15:35:46.938+0000] {processor.py:840} INFO - DAG(s) 'data_extraction' retrieved from /opt/airflow/dags/data_extracter_dag.py
[2026-09-16T15:35:46.994+0000] {logging_mixin.py:188} INFO - [2026-09-16T15:35:46.994+0000] {dag.py:3096} INFO - Sync 1 DAGs
[2026-09-16T15:35:47.010+0000] {logging_mixin.py:188} INFO - [2026-09-16T15:35:47.010+0000] {dag.py:3954} INFO - Setting next_dagrun for data_extraction to None, run_after=None
[2026-09-16T15:35:47.039+0000] {processor.py:183} INFO - Processing /opt/airflow/dags/data_extracter_dag.py took 0.144 seconds
[2026-09-16T15:35:47.940+0000] {processor.py:161} INFO - Started process (PID=507) to work on /opt/airflow/dags/data_extracter_dag.py
[2026-09-16T15:35:47.941+0000] {processor.py:830} INFO - Processing file /opt/airflow/dags/data_extracter_dag.py for tasks to queue
[2026-09-16T15:35:47.942+0000] {logging_mixin.py:188} INFO - [2026-09-16T15:35:47.942+0000] {dagbag.py:545} INFO - Filling up the DagBag from /opt/airflow/dags/data_extracter_dag.py
[2026-09-16T15:35:47.955+0000] {processor.py:840} INFO - DAG(s) 'data_extraction' retrieved from /opt/airflow/dags/data_extracter_dag.py
[2026-09-16T15:35:47.978+0000] {logging_mixin.py:188} INFO - [2026-09-16T15:35:47.978+0000] {dag.py:3096} INFO - Sync 1 DAGs
[2026-09-16T15:35:47.987+0000] {logging_mixin.py:188} INFO - [2026-09-16T15:35:47.987+0000] {dag.py:3954} INFO - Setting next_dagrun for data_extraction to None, run_after=None
[2026-09-16T15:35:48.007+0000] {processor.py:183} INFO - Processing /opt/airflow/dags/data_extracter_dag.py took 0.073 seconds
[2026-09-16T15:36:18.108+0000] {processor.py:161} INFO - Started process (PID=514) to work on /opt/airflow/dags/data_extracter_dag.py
[2026-09-16T15:36:18.110+0000] {processor.py:830} INFO - Processing file /opt/airflow/dags/data_extracter_dag.py for tasks to queue
[2026-09-16T15:36:18.113+0000] {logging_mixin.py:188} INFO - [2026-09-16T15:36:18.112+0000] {dagbag.py:545} INFO - Filling up the DagBag from /opt/airflow/dags/data_extracter_dag.py
[2026-09-16T15:36:18.140+0000] {processor.py:840} INFO - DAG(s) 'data_extraction' retrieved from /opt/airflow/dags/data_extracter_dag.py
[2026-09-16T15:36:18.205+0000] {logging_mixin.py:188} INFO - [2026-09-16T15:36:18.204+0000] {dag.py:3096} INFO - Sync 1 DAGs
[2026-09-16T15:36:18.227+0000] {logging_mixin.py:188} INFO - [2026-09-16T15:36:18.227+0000] {dag.py:3954} INFO - Setting next_dagrun for data_extraction to None, run_after=None
[2026-09-16T15:36:18.256+0000] {processor.py:183} INFO - Processing /opt/airflow/dags/data_extracter_dag.py took 0.163 seconds
[2026-09-16T15:36:34.321+0000] {processor.py:161} INFO - Started process (PID=515) to work on /opt/airflow/dags/data_extracter_dag.py
[2026-09-16T15:36:34.325+0000] {processor.py:830} INFO - Processing file /opt/airflow/dags/data_extracter_dag.py for tasks to queue
[2026-09-16T15:36:34.327+0000] {logging_mixin.py:188} INFO - [2026-09-16T15:36:34.327+0000] {dagbag.py:545} INFO - Filling up the DagBag from /opt/airflow/dags/data_extracter_dag.py
[2026-09-16T15:36:34.340+0000] {processor.py:840} INFO - DAG(s) 'data_extraction' retrieved from /opt/airflow/dags/data_extracter_dag.py
[2026-09-16T15:36:34.385+0000] {logging_mixin.py:188} INFO - [2026-09-16T15:36:34.384+0000] {dag.py:3096} INFO - Sync 1 DAGs
[2026-09-16T15:36:34.399+0000] {logging_mixin.py:188} INFO - [2026-09-16T15:36:34.399+0000] {dag.py:3954} INFO - Setting next_dagrun for data_extraction to None, run_after=None
[2026-09-16T15:36:34.433+0000] {processor.py:183} INFO - Processing /opt/airflow/dags/data_extracter_dag.py took 0.119 seconds
[2026-09-16T15:36:38.350+0000] {processor.py:161} INFO - Started process (PID=516) to work on /opt/airflow/dags/data_extracter_dag.py
[2026-09-16T15:36:38.351+0000] {processor.py:830} INFO - Processing file /opt/airflow/dags/data_extracter_dag.py for tasks to queue
[2026-09-16T15:36:38.352+0000] {logging_mixin.py:188} INFO - [2026-09-16T15:36:38.352+0000] {dagbag.py:545} INFO - Filling up the DagBag from /opt/airflow/dags/data_extracter_dag.py
[2026-09-16T15:36:38.364+0000] {processor.py:840} INFO - DAG(s) 'data_extraction' retrieved from /opt/airflow/dags/data_extracter_dag.py
[2026-09-16T15:36:38.399+0000] {logging_mixin.py:188} INFO - [2026-09-16T15:36:38.399+0000] {dag.py:3096} INFO - Sync 1 DAGs
[2026-09-16T15:36:38.415+0000] {logging_mixin.py:188} INFO - [2026-09-16T15:36:38.414+0000] {dag.py:3954} INFO - Setting next_dagrun for data_extraction to None, run_after=None
[2026-09-16T15:36:38.444+0000] {processor.py:183} INFO - Processing /opt/airflow/dags/data_extracter_dag.py took 0.101 seconds
[2026-09-16T15:37:08.487+0000] {processor.py:161} INFO - Started process (PID=523) to work on /opt/airflow/dags/data_extracter_dag.py
[2026-09-16T15:37:08.495+0000] {processor.py:830} INFO - Processing file /opt/airflow/dags/data_extracter_dag.py for tasks to queue
[2026-09-16T15:37:08.498+0000] {logging_mixin.py:188} INFO - [2026-09-16T15:37:08.498+0000] {dagbag.py:545} INFO - Filling up the DagBag from /opt/airflow/dags/data_extracter_dag.py
[2026-09-16T15:37:08.518+0000] {processor.py:840} INFO - DAG(s) 'data_extraction' retrieved from /opt/airflow/dags/data_extracter_dag.py
[2026-09-16T15:37:08.561+0000] {logging_mixin.py:188} INFO - [2026-09-16T15:37:08.561+0000] {dag.py:3096} INFO - Sync 1 DAGs
[2026-09-16T15:37:08.575+0000] {logging_mixin.py:188} INFO - [2026-09-16T15:37:08.574+0000] {dag.py:3954} INFO - Setting next_dagrun for data_extraction to None, run_after=None
[2026-09-16T15:37:08.600+0000] {processor.py:183} INFO - Processing /opt/airflow/dags/data_extracter_dag.py took 0.121 seconds
[2026-09-16T15:37:38.710+0000] {processor.py:161} INFO - Started process (PID=530) to work on /opt/airflow/dags/data_extracter_dag.py
[2026-09-16T15:37:38.715+0000] {processor.py:830} INFO - Processing file /opt/airflow/dags/data_extracter_dag.py for tasks to queue
[2026-09-16T15:37:38.717+0000] {logging_mixin.py:188} INFO - [2026-09-16T15:37:38.717+0000] {dagbag.py:545} INFO - Filling up the DagBag from /opt/airflow/dags/data_extracter_dag.py
[2026-09-16T15:37:38.729+0000] {processor.py:840} INFO - DAG(s) 'data_extraction' retrieved from /opt/airflow/dags/data_extracter_dag.py
[2026-09-16T15:37:38.758+0000] {logging_mixin.py:188} INFO - [2026-09-16T15:37:38.758+0000] {dag.py:3096} INFO - Sync 1 DAGs
[2026-09-16T15:37:38.767+0000] {logging_mixin.py:188} INFO - [2026-09-16T15:37:38.767+0000] {dag.py:3954} INFO - Setting next_dagrun for data_extraction to None, run_after=None
[2026-09-16T15:37:38.787+0000] {processor.py:183} INFO - Processing /opt/airflow/dags/data_extracter_dag.py took 0.083 seconds
[2026-09-16T15:38:10.909+0000] {processor.py:161} INFO - Started process (PID=538) to work on /opt/airflow/dags/data_extracter_dag.py
[2026-09-16T15:38:10.910+0000] {processor.py:830} INFO - Processing file /opt/airflow/dags/data_extracter_dag.py for tasks to queue
[2026-09-16T15:38:10.912+0000] {logging_mixin.py:188} INFO - [2026-09-16T15:38:10.912+0000] {dagbag.py:545} INFO - Filling up the DagBag from /opt/airflow/dags/data_extracter_dag.py
[2026-09-16T15:38:10.926+0000] {processor.py:840} INFO - DAG(s) 'data_extraction' retrieved from /opt/airflow/dags/data_extracter_dag.py
[2026-09-16T15:38:10.959+0000] {logging_mixin.py:188} INFO - [2026-09-16T15:38:10.959+0000] {dag.py:3096} INFO - Sync 1 DAGs
[2026-09-16T15:38:10.971+0000] {logging_mixin.py:188} INFO - [2026-09-16T15:38:10.971+0000] {dag.py:3954} INFO - Setting next_dagrun for data_extraction to None, run_after=None
[2026-09-16T15:38:10.998+0000] {processor.py:183} INFO - Processing /opt/airflow/dags/data_extracter_dag.py took 0.097 seconds
[2026-09-16T15:38:44.076+0000] {processor.py:161} INFO - Started process (PID=545) to work on /opt/airflow/dags/data_extracter_dag.py
[2026-09-16T15:38:44.081+0000] {processor.py:830} INFO - Processing file /opt/airflow/dags/data_extracter_dag.py for tasks to queue
[2026-09-16T15:38:44.083+0000] {logging_mixin.py:188} INFO - [2026-09-16T15:38:44.082+0000] {dagbag.py:545} INFO - Filling up the DagBag from /opt/airflow/dags/data_extracter_dag.py
[2026-09-16T15:38:44.096+0000] {processor.py:840} INFO - DAG(s) 'data_extraction' retrieved from /opt/airflow/dags/data_extracter_dag.py
[2026-09-16T15:38:44.124+0000] {logging_mixin.py:188} INFO - [2026-09-16T15:38:44.124+0000] {dag.py:3096} INFO - Sync 1 DAGs
[2026-09-16T15:38:44.140+0000] {logging_mixin.py:188} INFO - [2026-09-16T15:38:44.140+0000] {dag.py:3954} INFO - Setting next_dagrun for data_extraction to None, run_after=None
[2026-09-16T15:38:44.162+0000] {processor.py:183} INFO - Processing /opt/airflow/dags/data_extracter_dag.py took 0.092 seconds
[2026-09-16T15:39:17.208+0000] {processor.py:161} INFO - Started process (PID=552) to work on /opt/airflow/dags/data_extracter_dag.py
[2026-09-16T15:39:17.209+0000] {processor.py:830} INFO - Processing file /opt/airflow/dags/data_extracter_dag.py for tasks to queue
[2026-09-16T15:39:17.211+0000] {logging_mixin.py:188} INFO - [2026-09-16T15:39:17.211+0000] {dagbag.py:545} INFO - Filling up the DagBag from /opt/airflow/dags/data_extracter_dag.py
[2026-09-16T15:39:17.224+0000] {processor.py:840} INFO - DAG(s) 'data_extraction' retrieved from /opt/airflow/dags/data_extracter_dag.py
[2026-09-16T15:39:17.252+0000] {logging_mixin.py:188} INFO - [2026-09-16T15:39:17.252+0000] {dag.py:3096} INFO - Sync 1 DAGs
[2026-09-16T15:39:17.265+0000] {logging_mixin.py:188} INFO - [2026-09-16T15:39:17.265+0000] {dag.py:3954} INFO - Setting next_dagrun for data_extraction to None, run_after=None
[2026-09-16T15:39:17.291+0000] {processor.py:183} INFO - Processing /opt/airflow/dags/data_extracter_dag.py took 0.092 seconds
[2026-09-16T15:39:40.462+0000] {processor.py:161} INFO - Started process (PID=559) to work on /opt/airflow/dags/data_extracter_dag.py
[2026-09-16T15:39:40.465+0000] {processor.py:830} INFO - Processing file /opt/airflow/dags/data_extracter_dag.py for tasks to queue
[2026-09-16T15:39:40.475+0000] {logging_mixin.py:188} INFO - [2026-09-16T15:39:40.474+0000] {dagbag.py:545} INFO - Filling up the DagBag from /opt/airflow/dags/data_extracter_dag.py
[2026-09-16T15:39:40.510+0000] {processor.py:840} INFO - DAG(s) 'data_extraction' retrieved from /opt/airflow/dags/data_extracter_dag.py
[2026-09-16T15:39:40.559+0000] {logging_mixin.py:188} INFO - [2026-09-16T15:39:40.558+0000] {dag.py:3096} INFO - Sync 1 DAGs
[2026-09-16T15:39:40.580+0000] {logging_mixin.py:188} INFO - [2026-09-16T15:39:40.579+0000] {dag.py:3954} INFO - Setting next_dagrun for data_extraction to None, run_after=None
[2026-09-16T15:39:40.608+0000] {processor.py:183} INFO - Processing /opt/airflow/dags/data_extracter_dag.py took 0.164 seconds
[2026-09-16T15:39:43.479+0000] {processor.py:161} INFO - Started process (PID=560) to work on /opt/airflow/dags/data_extracter_dag.py
[2026-09-16T15:39:43.481+0000] {processor.py:830} INFO - Processing file /opt/airflow/dags/data_extracter_dag.py for tasks to queue
[2026-09-16T15:39:43.485+0000] {logging_mixin.py:188} INFO - [2026-09-16T15:39:43.483+0000] {dagbag.py:545} INFO - Filling up the DagBag from /opt/airflow/dags/data_extracter_dag.py
[2026-09-16T15:39:43.509+0000] {processor.py:840} INFO - DAG(s) 'data_extraction' retrieved from /opt/airflow/dags/data_extracter_dag.py
[2026-09-16T15:39:43.550+0000] {logging_mixin.py:188} INFO - [2026-09-16T15:39:43.550+0000] {dag.py:3096} INFO - Sync 1 DAGs
[2026-09-16T15:39:43.568+0000] {logging_mixin.py:188} INFO - [2026-09-16T15:39:43.567+0000] {dag.py:3954} INFO - Setting next_dagrun for data_extraction to None, run_after=None
[2026-09-16T15:39:43.594+0000] {processor.py:183} INFO - Processing /opt/airflow/dags/data_extracter_dag.py took 0.130 seconds
[2026-09-16T15:39:54.474+0000] {processor.py:161} INFO - Started process (PID=561) to work on /opt/airflow/dags/data_extracter_dag.py
[2026-09-16T15:39:54.475+0000] {processor.py:830} INFO - Processing file /opt/airflow/dags/data_extracter_dag.py for tasks to queue
[2026-09-16T15:39:54.478+0000] {logging_mixin.py:188} INFO - [2026-09-16T15:39:54.477+0000] {dagbag.py:545} INFO - Filling up the DagBag from /opt/airflow/dags/data_extracter_dag.py
[2026-09-16T15:39:54.482+0000] {logging_mixin.py:188} INFO - [2026-09-16T15:39:54.482+0000] {dagbag.py:355} ERROR - Failed to import: /opt/airflow/dags/data_extracter_dag.py
Traceback (most recent call last):
  File "/home/airflow/.local/lib/python3.10/site-packages/airflow/models/dagbag.py", line 351, in parse
    loader.exec_module(new_module)
  File "<frozen importlib._bootstrap_external>", line 879, in exec_module
  File "<frozen importlib._bootstrap_external>", line 1017, in get_code
  File "<frozen importlib._bootstrap_external>", line 947, in source_to_code
  File "<frozen importlib._bootstrap>", line 241, in _call_with_frames_removed
  File "/opt/airflow/dags/data_extracter_dag.py", line 125
    filename = path / "{datetime.now().strftime("%Y-%m-%d") + ".json"}"
                                                    ^
SyntaxError: invalid syntax
[2026-09-16T15:39:54.483+0000] {processor.py:842} WARNING - No viable dags retrieved from /opt/airflow/dags/data_extracter_dag.py
[2026-09-16T15:39:54.514+0000] {processor.py:183} INFO - Processing /opt/airflow/dags/data_extracter_dag.py took 0.050 seconds
[2026-09-16T15:39:55.488+0000] {processor.py:161} INFO - Started process (PID=562) to work on /opt/airflow/dags/data_extracter_dag.py
[2026-09-16T15:39:55.489+0000] {processor.py:830} INFO - Processing file /opt/airflow/dags/data_extracter_dag.py for tasks to queue
[2026-09-16T15:39:55.492+0000] {logging_mixin.py:188} INFO - [2026-09-16T15:39:55.491+0000] {dagbag.py:545} INFO - Filling up the DagBag from /opt/airflow/dags/data_extracter_dag.py
[2026-09-16T15:39:55.495+0000] {logging_mixin.py:188} INFO - [2026-09-16T15:39:55.495+0000] {dagbag.py:355} ERROR - Failed to import: /opt/airflow/dags/data_extracter_dag.py
Traceback (most recent call last):
  File "/home/airflow/.local/lib/python3.10/site-packages/airflow/models/dagbag.py", line 351, in parse
    loader.exec_module(new_module)
  File "<frozen importlib._bootstrap_external>", line 879, in exec_module
  File "<frozen importlib._bootstrap_external>", line 1017, in get_code
  File "<frozen importlib._bootstrap_external>", line 947, in source_to_code
  File "<frozen importlib._bootstrap>", line 241, in _call_with_frames_removed
  File "/opt/airflow/dags/data_extracter_dag.py", line 125
    filename = path / f"{datetime.now().strftime("%Y-%m-%d") + ".json"}"
                                                  ^
SyntaxError: f-string: unmatched '('
[2026-09-16T15:39:55.495+0000] {processor.py:842} WARNING - No viable dags retrieved from /opt/airflow/dags/data_extracter_dag.py
[2026-09-16T15:39:55.522+0000] {processor.py:183} INFO - Processing /opt/airflow/dags/data_extracter_dag.py took 0.042 seconds
[2026-09-16T15:40:25.642+0000] {processor.py:161} INFO - Started process (PID=569) to work on /opt/airflow/dags/data_extracter_dag.py
[2026-09-16T15:40:25.643+0000] {processor.py:830} INFO - Processing file /opt/airflow/dags/data_extracter_dag.py for tasks to queue
[2026-09-16T15:40:25.645+0000] {logging_mixin.py:188} INFO - [2026-09-16T15:40:25.645+0000] {dagbag.py:545} INFO - Filling up the DagBag from /opt/airflow/dags/data_extracter_dag.py
[2026-09-16T15:40:25.648+0000] {logging_mixin.py:188} INFO - [2026-09-16T15:40:25.648+0000] {dagbag.py:355} ERROR - Failed to import: /opt/airflow/dags/data_extracter_dag.py
Traceback (most recent call last):
  File "/home/airflow/.local/lib/python3.10/site-packages/airflow/models/dagbag.py", line 351, in parse
    loader.exec_module(new_module)
  File "<frozen importlib._bootstrap_external>", line 879, in exec_module
  File "<frozen importlib._bootstrap_external>", line 1017, in get_code
  File "<frozen importlib._bootstrap_external>", line 947, in source_to_code
  File "<frozen importlib._bootstrap>", line 241, in _call_with_frames_removed
  File "/opt/airflow/dags/data_extracter_dag.py", line 125
    filename = path / f"{datetime.now().strftime("%Y-%m-%d") + ".json"}"
                                                  ^
SyntaxError: f-string: unmatched '('
[2026-09-16T15:40:25.649+0000] {processor.py:842} WARNING - No viable dags retrieved from /opt/airflow/dags/data_extracter_dag.py
[2026-09-16T15:40:25.677+0000] {processor.py:183} INFO - Processing /opt/airflow/dags/data_extracter_dag.py took 0.045 seconds
[2026-09-16T15:40:55.781+0000] {processor.py:161} INFO - Started process (PID=576) to work on /opt/airflow/dags/data_extracter_dag.py
[2026-09-16T15:40:55.787+0000] {processor.py:830} INFO - Processing file /opt/airflow/dags/data_extracter_dag.py for tasks to queue
[2026-09-16T15:40:55.789+0000] {logging_mixin.py:188} INFO - [2026-09-16T15:40:55.789+0000] {dagbag.py:545} INFO - Filling up the DagBag from /opt/airflow/dags/data_extracter_dag.py
[2026-09-16T15:40:55.793+0000] {logging_mixin.py:188} INFO - [2026-09-16T15:40:55.793+0000] {dagbag.py:355} ERROR - Failed to import: /opt/airflow/dags/data_extracter_dag.py
Traceback (most recent call last):
  File "/home/airflow/.local/lib/python3.10/site-packages/airflow/models/dagbag.py", line 351, in parse
    loader.exec_module(new_module)
  File "<frozen importlib._bootstrap_external>", line 879, in exec_module
  File "<frozen importlib._bootstrap_external>", line 1017, in get_code
  File "<frozen importlib._bootstrap_external>", line 947, in source_to_code
  File "<frozen importlib._bootstrap>", line 241, in _call_with_frames_removed
  File "/opt/airflow/dags/data_extracter_dag.py", line 125
    filename = path / f"{datetime.now().strftime("%Y-%m-%d") + ".json"}"
                                                  ^
SyntaxError: f-string: unmatched '('
[2026-09-16T15:40:55.793+0000] {processor.py:842} WARNING - No viable dags retrieved from /opt/airflow/dags/data_extracter_dag.py
[2026-09-16T15:40:55.823+0000] {processor.py:183} INFO - Processing /opt/airflow/dags/data_extracter_dag.py took 0.048 seconds
[2026-09-16T15:41:02.873+0000] {processor.py:161} INFO - Started process (PID=577) to work on /opt/airflow/dags/data_extracter_dag.py
[2026-09-16T15:41:02.877+0000] {processor.py:830} INFO - Processing file /opt/airflow/dags/data_extracter_dag.py for tasks to queue
[2026-09-16T15:41:02.880+0000] {logging_mixin.py:188} INFO - [2026-09-16T15:41:02.880+0000] {dagbag.py:545} INFO - Filling up the DagBag from /opt/airflow/dags/data_extracter_dag.py
[2026-09-16T15:41:02.886+0000] {logging_mixin.py:188} INFO - [2026-09-16T15:41:02.885+0000] {dagbag.py:355} ERROR - Failed to import: /opt/airflow/dags/data_extracter_dag.py
Traceback (most recent call last):
  File "/home/airflow/.local/lib/python3.10/site-packages/airflow/models/dagbag.py", line 351, in parse
    loader.exec_module(new_module)
  File "<frozen importlib._bootstrap_external>", line 879, in exec_module
  File "<frozen importlib._bootstrap_external>", line 1017, in get_code
  File "<frozen importlib._bootstrap_external>", line 947, in source_to_code
  File "<frozen importlib._bootstrap>", line 241, in _call_with_frames_removed
  File "/opt/airflow/dags/data_extracter_dag.py", line 125
    filename = "" / f"{datetime.now().strftime("%Y-%m-%d") + ".json"}"
                                                ^
SyntaxError: f-string: unmatched '('
[2026-09-16T15:41:02.886+0000] {processor.py:842} WARNING - No viable dags retrieved from /opt/airflow/dags/data_extracter_dag.py
[2026-09-16T15:41:02.917+0000] {processor.py:183} INFO - Processing /opt/airflow/dags/data_extracter_dag.py took 0.056 seconds
[2026-09-16T15:41:07.938+0000] {processor.py:161} INFO - Started process (PID=578) to work on /opt/airflow/dags/data_extracter_dag.py
[2026-09-16T15:41:07.939+0000] {processor.py:830} INFO - Processing file /opt/airflow/dags/data_extracter_dag.py for tasks to queue
[2026-09-16T15:41:07.940+0000] {logging_mixin.py:188} INFO - [2026-09-16T15:41:07.940+0000] {dagbag.py:545} INFO - Filling up the DagBag from /opt/airflow/dags/data_extracter_dag.py
[2026-09-16T15:41:07.944+0000] {logging_mixin.py:188} INFO - [2026-09-16T15:41:07.943+0000] {dagbag.py:355} ERROR - Failed to import: /opt/airflow/dags/data_extracter_dag.py
Traceback (most recent call last):
  File "/home/airflow/.local/lib/python3.10/site-packages/airflow/models/dagbag.py", line 351, in parse
    loader.exec_module(new_module)
  File "<frozen importlib._bootstrap_external>", line 879, in exec_module
  File "<frozen importlib._bootstrap_external>", line 1017, in get_code
  File "<frozen importlib._bootstrap_external>", line 947, in source_to_code
  File "<frozen importlib._bootstrap>", line 241, in _call_with_frames_removed
  File "/opt/airflow/dags/data_extracter_dag.py", line 125
    filename = f"{datetime.now().strftime("%Y-%m-%d") + ".json"}"
                                           ^
SyntaxError: f-string: unmatched '('
[2026-09-16T15:41:07.944+0000] {processor.py:842} WARNING - No viable dags retrieved from /opt/airflow/dags/data_extracter_dag.py
[2026-09-16T15:41:07.985+0000] {processor.py:183} INFO - Processing /opt/airflow/dags/data_extracter_dag.py took 0.055 seconds
[2026-09-16T15:41:17.058+0000] {processor.py:161} INFO - Started process (PID=585) to work on /opt/airflow/dags/data_extracter_dag.py
[2026-09-16T15:41:17.060+0000] {processor.py:830} INFO - Processing file /opt/airflow/dags/data_extracter_dag.py for tasks to queue
[2026-09-16T15:41:17.063+0000] {logging_mixin.py:188} INFO - [2026-09-16T15:41:17.062+0000] {dagbag.py:545} INFO - Filling up the DagBag from /opt/airflow/dags/data_extracter_dag.py
[2026-09-16T15:41:17.078+0000] {logging_mixin.py:188} INFO - [2026-09-16T15:41:17.076+0000] {dagbag.py:355} ERROR - Failed to import: /opt/airflow/dags/data_extracter_dag.py
Traceback (most recent call last):
  File "/home/airflow/.local/lib/python3.10/site-packages/airflow/models/dagbag.py", line 351, in parse
    loader.exec_module(new_module)
  File "<frozen importlib._bootstrap_external>", line 879, in exec_module
  File "<frozen importlib._bootstrap_external>", line 1017, in get_code
  File "<frozen importlib._bootstrap_external>", line 947, in source_to_code
  File "<frozen importlib._bootstrap>", line 241, in _call_with_frames_removed
  File "/opt/airflow/dags/data_extracter_dag.py", line 125
    filename = f""/opt/airflow/data"/{datetime.now().strftime("%Y-%m-%d") + ".json"}"
                                   ^^^^^^^^^^^^^^^^^^^^^^^^^^^^
SyntaxError: invalid syntax
[2026-09-16T15:41:17.079+0000] {processor.py:842} WARNING - No viable dags retrieved from /opt/airflow/dags/data_extracter_dag.py
[2026-09-16T15:41:17.111+0000] {processor.py:183} INFO - Processing /opt/airflow/dags/data_extracter_dag.py took 0.073 seconds
[2026-09-16T15:41:18.074+0000] {processor.py:161} INFO - Started process (PID=586) to work on /opt/airflow/dags/data_extracter_dag.py
[2026-09-16T15:41:18.075+0000] {processor.py:830} INFO - Processing file /opt/airflow/dags/data_extracter_dag.py for tasks to queue
[2026-09-16T15:41:18.076+0000] {logging_mixin.py:188} INFO - [2026-09-16T15:41:18.075+0000] {dagbag.py:545} INFO - Filling up the DagBag from /opt/airflow/dags/data_extracter_dag.py
[2026-09-16T15:41:18.080+0000] {logging_mixin.py:188} INFO - [2026-09-16T15:41:18.079+0000] {dagbag.py:355} ERROR - Failed to import: /opt/airflow/dags/data_extracter_dag.py
Traceback (most recent call last):
  File "/home/airflow/.local/lib/python3.10/site-packages/airflow/models/dagbag.py", line 351, in parse
    loader.exec_module(new_module)
  File "<frozen importlib._bootstrap_external>", line 879, in exec_module
  File "<frozen importlib._bootstrap_external>", line 1017, in get_code
  File "<frozen importlib._bootstrap_external>", line 947, in source_to_code
  File "<frozen importlib._bootstrap>", line 241, in _call_with_frames_removed
  File "/opt/airflow/dags/data_extracter_dag.py", line 125
    filename = f""/opt/airflow/data/"{datetime.now().strftime("%Y-%m-%d") + ".json"}"
                                                                  ^
SyntaxError: invalid syntax
[2026-09-16T15:41:18.080+0000] {processor.py:842} WARNING - No viable dags retrieved from /opt/airflow/dags/data_extracter_dag.py
[2026-09-16T15:41:18.103+0000] {processor.py:183} INFO - Processing /opt/airflow/dags/data_extracter_dag.py took 0.035 seconds
[2026-09-16T15:41:22.108+0000] {processor.py:161} INFO - Started process (PID=587) to work on /opt/airflow/dags/data_extracter_dag.py
[2026-09-16T15:41:22.109+0000] {processor.py:830} INFO - Processing file /opt/airflow/dags/data_extracter_dag.py for tasks to queue
[2026-09-16T15:41:22.110+0000] {logging_mixin.py:188} INFO - [2026-09-16T15:41:22.109+0000] {dagbag.py:545} INFO - Filling up the DagBag from /opt/airflow/dags/data_extracter_dag.py
[2026-09-16T15:41:22.115+0000] {logging_mixin.py:188} INFO - [2026-09-16T15:41:22.114+0000] {dagbag.py:355} ERROR - Failed to import: /opt/airflow/dags/data_extracter_dag.py
Traceback (most recent call last):
  File "/home/airflow/.local/lib/python3.10/site-packages/airflow/models/dagbag.py", line 351, in parse
    loader.exec_module(new_module)
  File "<frozen importlib._bootstrap_external>", line 879, in exec_module
  File "<frozen importlib._bootstrap_external>", line 1017, in get_code
  File "<frozen importlib._bootstrap_external>", line 947, in source_to_code
  File "<frozen importlib._bootstrap>", line 241, in _call_with_frames_removed
  File "/opt/airflow/dags/data_extracter_dag.py", line 125
    filename = f"{datetime.now().strftime("%Y-%m-%d") + ".json"}"
                                           ^
SyntaxError: f-string: unmatched '('
[2026-09-16T15:41:22.115+0000] {processor.py:842} WARNING - No viable dags retrieved from /opt/airflow/dags/data_extracter_dag.py
[2026-09-16T15:41:22.144+0000] {processor.py:183} INFO - Processing /opt/airflow/dags/data_extracter_dag.py took 0.046 seconds
[2026-09-16T15:41:34.064+0000] {processor.py:161} INFO - Started process (PID=588) to work on /opt/airflow/dags/data_extracter_dag.py
[2026-09-16T15:41:34.070+0000] {processor.py:830} INFO - Processing file /opt/airflow/dags/data_extracter_dag.py for tasks to queue
[2026-09-16T15:41:34.072+0000] {logging_mixin.py:188} INFO - [2026-09-16T15:41:34.071+0000] {dagbag.py:545} INFO - Filling up the DagBag from /opt/airflow/dags/data_extracter_dag.py
[2026-09-16T15:41:34.078+0000] {logging_mixin.py:188} INFO - [2026-09-16T15:41:34.077+0000] {dagbag.py:355} ERROR - Failed to import: /opt/airflow/dags/data_extracter_dag.py
Traceback (most recent call last):
  File "/home/airflow/.local/lib/python3.10/site-packages/airflow/models/dagbag.py", line 351, in parse
    loader.exec_module(new_module)
  File "<frozen importlib._bootstrap_external>", line 879, in exec_module
  File "<frozen importlib._bootstrap_external>", line 1017, in get_code
  File "<frozen importlib._bootstrap_external>", line 947, in source_to_code
  File "<frozen importlib._bootstrap>", line 241, in _call_with_frames_removed
  File "/opt/airflow/dags/data_extracter_dag.py", line 125
    filename = f"/opt/airflow/data/{datetime.now().strftime("%Y-%m-%d") + ".json"}"
                                                             ^
SyntaxError: f-string: unmatched '('
[2026-09-16T15:41:34.079+0000] {processor.py:842} WARNING - No viable dags retrieved from /opt/airflow/dags/data_extracter_dag.py
[2026-09-16T15:41:34.113+0000] {processor.py:183} INFO - Processing /opt/airflow/dags/data_extracter_dag.py took 0.062 seconds
[2026-09-16T15:41:54.194+0000] {processor.py:161} INFO - Started process (PID=596) to work on /opt/airflow/dags/data_extracter_dag.py
[2026-09-16T15:41:54.195+0000] {processor.py:830} INFO - Processing file /opt/airflow/dags/data_extracter_dag.py for tasks to queue
[2026-09-16T15:41:54.196+0000] {logging_mixin.py:188} INFO - [2026-09-16T15:41:54.195+0000] {dagbag.py:545} INFO - Filling up the DagBag from /opt/airflow/dags/data_extracter_dag.py
[2026-09-16T15:41:54.200+0000] {logging_mixin.py:188} INFO - [2026-09-16T15:41:54.200+0000] {dagbag.py:355} ERROR - Failed to import: /opt/airflow/dags/data_extracter_dag.py
Traceback (most recent call last):
  File "/home/airflow/.local/lib/python3.10/site-packages/airflow/models/dagbag.py", line 351, in parse
    loader.exec_module(new_module)
  File "<frozen importlib._bootstrap_external>", line 879, in exec_module
  File "<frozen importlib._bootstrap_external>", line 1017, in get_code
  File "<frozen importlib._bootstrap_external>", line 947, in source_to_code
  File "<frozen importlib._bootstrap>", line 241, in _call_with_frames_removed
  File "/opt/airflow/dags/data_extracter_dag.py", line 125
    filename = f"/opt/airflow/data/ {datetime.now().strftime("%Y-%m-%d") + ".json"}"
                                                              ^
SyntaxError: f-string: unmatched '('
[2026-09-16T15:41:54.200+0000] {processor.py:842} WARNING - No viable dags retrieved from /opt/airflow/dags/data_extracter_dag.py
[2026-09-16T15:41:54.230+0000] {processor.py:183} INFO - Processing /opt/airflow/dags/data_extracter_dag.py took 0.045 seconds
[2026-09-16T15:41:58.247+0000] {processor.py:161} INFO - Started process (PID=597) to work on /opt/airflow/dags/data_extracter_dag.py
[2026-09-16T15:41:58.248+0000] {processor.py:830} INFO - Processing file /opt/airflow/dags/data_extracter_dag.py for tasks to queue
[2026-09-16T15:41:58.249+0000] {logging_mixin.py:188} INFO - [2026-09-16T15:41:58.248+0000] {dagbag.py:545} INFO - Filling up the DagBag from /opt/airflow/dags/data_extracter_dag.py
[2026-09-16T15:41:58.252+0000] {logging_mixin.py:188} INFO - [2026-09-16T15:41:58.251+0000] {dagbag.py:355} ERROR - Failed to import: /opt/airflow/dags/data_extracter_dag.py
Traceback (most recent call last):
  File "/home/airflow/.local/lib/python3.10/site-packages/airflow/models/dagbag.py", line 351, in parse
    loader.exec_module(new_module)
  File "<frozen importlib._bootstrap_external>", line 879, in exec_module
  File "<frozen importlib._bootstrap_external>", line 1017, in get_code
  File "<frozen importlib._bootstrap_external>", line 947, in source_to_code
  File "<frozen importlib._bootstrap>", line 241, in _call_with_frames_removed
  File "/opt/airflow/dags/data_extracter_dag.py", line 125
    filename = f"/opt/airflow/data/ {datetime.now().strftime("%Y-%m-%d")  ".json"}"
                                                              ^
SyntaxError: f-string: unmatched '('
[2026-09-16T15:41:58.252+0000] {processor.py:842} WARNING - No viable dags retrieved from /opt/airflow/dags/data_extracter_dag.py
[2026-09-16T15:41:58.278+0000] {processor.py:183} INFO - Processing /opt/airflow/dags/data_extracter_dag.py took 0.039 seconds
[2026-09-16T15:42:07.251+0000] {processor.py:161} INFO - Started process (PID=598) to work on /opt/airflow/dags/data_extracter_dag.py
[2026-09-16T15:42:07.256+0000] {processor.py:830} INFO - Processing file /opt/airflow/dags/data_extracter_dag.py for tasks to queue
[2026-09-16T15:42:07.257+0000] {logging_mixin.py:188} INFO - [2026-09-16T15:42:07.257+0000] {dagbag.py:545} INFO - Filling up the DagBag from /opt/airflow/dags/data_extracter_dag.py
[2026-09-16T15:42:07.261+0000] {logging_mixin.py:188} INFO - [2026-09-16T15:42:07.261+0000] {dagbag.py:355} ERROR - Failed to import: /opt/airflow/dags/data_extracter_dag.py
Traceback (most recent call last):
  File "/home/airflow/.local/lib/python3.10/site-packages/airflow/models/dagbag.py", line 351, in parse
    loader.exec_module(new_module)
  File "<frozen importlib._bootstrap_external>", line 879, in exec_module
  File "<frozen importlib._bootstrap_external>", line 1017, in get_code
  File "<frozen importlib._bootstrap_external>", line 947, in source_to_code
  File "<frozen importlib._bootstrap>", line 241, in _call_with_frames_removed
  File "/opt/airflow/dags/data_extracter_dag.py", line 125
    filename = f"/opt/airflow/data/ {datetime.now().strftime("%Y-%m-%d")  ".json}"
                                                                                ^
SyntaxError: unmatched '}'
[2026-09-16T15:42:07.262+0000] {processor.py:842} WARNING - No viable dags retrieved from /opt/airflow/dags/data_extracter_dag.py
[2026-09-16T15:42:07.293+0000] {processor.py:183} INFO - Processing /opt/airflow/dags/data_extracter_dag.py took 0.050 seconds
[2026-09-16T15:42:09.286+0000] {processor.py:161} INFO - Started process (PID=599) to work on /opt/airflow/dags/data_extracter_dag.py
[2026-09-16T15:42:09.288+0000] {processor.py:830} INFO - Processing file /opt/airflow/dags/data_extracter_dag.py for tasks to queue
[2026-09-16T15:42:09.289+0000] {logging_mixin.py:188} INFO - [2026-09-16T15:42:09.289+0000] {dagbag.py:545} INFO - Filling up the DagBag from /opt/airflow/dags/data_extracter_dag.py
[2026-09-16T15:42:09.295+0000] {logging_mixin.py:188} INFO - [2026-09-16T15:42:09.294+0000] {dagbag.py:355} ERROR - Failed to import: /opt/airflow/dags/data_extracter_dag.py
Traceback (most recent call last):
  File "/home/airflow/.local/lib/python3.10/site-packages/airflow/models/dagbag.py", line 351, in parse
    loader.exec_module(new_module)
  File "<frozen importlib._bootstrap_external>", line 879, in exec_module
  File "<frozen importlib._bootstrap_external>", line 1017, in get_code
  File "<frozen importlib._bootstrap_external>", line 947, in source_to_code
  File "<frozen importlib._bootstrap>", line 241, in _call_with_frames_removed
  File "/opt/airflow/dags/data_extracter_dag.py", line 125
    filename = f"/opt/airflow/data/ {datetime.now().strftime("%Y-%m-%d") .json}"
                                                              ^
SyntaxError: f-string: unmatched '('
[2026-09-16T15:42:09.296+0000] {processor.py:842} WARNING - No viable dags retrieved from /opt/airflow/dags/data_extracter_dag.py
[2026-09-16T15:42:09.328+0000] {processor.py:183} INFO - Processing /opt/airflow/dags/data_extracter_dag.py took 0.052 seconds
[2026-09-16T15:42:10.339+0000] {processor.py:161} INFO - Started process (PID=600) to work on /opt/airflow/dags/data_extracter_dag.py
[2026-09-16T15:42:10.340+0000] {processor.py:830} INFO - Processing file /opt/airflow/dags/data_extracter_dag.py for tasks to queue
[2026-09-16T15:42:10.340+0000] {logging_mixin.py:188} INFO - [2026-09-16T15:42:10.340+0000] {dagbag.py:545} INFO - Filling up the DagBag from /opt/airflow/dags/data_extracter_dag.py
[2026-09-16T15:42:10.345+0000] {logging_mixin.py:188} INFO - [2026-09-16T15:42:10.344+0000] {dagbag.py:355} ERROR - Failed to import: /opt/airflow/dags/data_extracter_dag.py
Traceback (most recent call last):
  File "/home/airflow/.local/lib/python3.10/site-packages/airflow/models/dagbag.py", line 351, in parse
    loader.exec_module(new_module)
  File "<frozen importlib._bootstrap_external>", line 879, in exec_module
  File "<frozen importlib._bootstrap_external>", line 1017, in get_code
  File "<frozen importlib._bootstrap_external>", line 947, in source_to_code
  File "<frozen importlib._bootstrap>", line 241, in _call_with_frames_removed
  File "/opt/airflow/dags/data_extracter_dag.py", line 125
    filename = f"/opt/airflow/data/ {datetime.now().strftime("%Y-%m-%d").json}"
                                                              ^
SyntaxError: f-string: unmatched '('
[2026-09-16T15:42:10.345+0000] {processor.py:842} WARNING - No viable dags retrieved from /opt/airflow/dags/data_extracter_dag.py
[2026-09-16T15:42:10.369+0000] {processor.py:183} INFO - Processing /opt/airflow/dags/data_extracter_dag.py took 0.039 seconds
[2026-09-16T15:42:12.411+0000] {processor.py:161} INFO - Started process (PID=601) to work on /opt/airflow/dags/data_extracter_dag.py
[2026-09-16T15:42:12.413+0000] {processor.py:830} INFO - Processing file /opt/airflow/dags/data_extracter_dag.py for tasks to queue
[2026-09-16T15:42:12.414+0000] {logging_mixin.py:188} INFO - [2026-09-16T15:42:12.413+0000] {dagbag.py:545} INFO - Filling up the DagBag from /opt/airflow/dags/data_extracter_dag.py
[2026-09-16T15:42:12.421+0000] {logging_mixin.py:188} INFO - [2026-09-16T15:42:12.420+0000] {dagbag.py:355} ERROR - Failed to import: /opt/airflow/dags/data_extracter_dag.py
Traceback (most recent call last):
  File "/home/airflow/.local/lib/python3.10/site-packages/airflow/models/dagbag.py", line 351, in parse
    loader.exec_module(new_module)
  File "<frozen importlib._bootstrap_external>", line 879, in exec_module
  File "<frozen importlib._bootstrap_external>", line 1017, in get_code
  File "<frozen importlib._bootstrap_external>", line 947, in source_to_code
  File "<frozen importlib._bootstrap>", line 241, in _call_with_frames_removed
  File "/opt/airflow/dags/data_extracter_dag.py", line 125
    filename = f"/opt/airflow/data/ {datetime.now().strftime("%Y-%m-%d")}"
                                                              ^
SyntaxError: f-string: unmatched '('
[2026-09-16T15:42:12.422+0000] {processor.py:842} WARNING - No viable dags retrieved from /opt/airflow/dags/data_extracter_dag.py
[2026-09-16T15:42:12.457+0000] {processor.py:183} INFO - Processing /opt/airflow/dags/data_extracter_dag.py took 0.057 seconds
[2026-09-16T15:42:14.432+0000] {processor.py:161} INFO - Started process (PID=602) to work on /opt/airflow/dags/data_extracter_dag.py
[2026-09-16T15:42:14.433+0000] {processor.py:830} INFO - Processing file /opt/airflow/dags/data_extracter_dag.py for tasks to queue
[2026-09-16T15:42:14.434+0000] {logging_mixin.py:188} INFO - [2026-09-16T15:42:14.434+0000] {dagbag.py:545} INFO - Filling up the DagBag from /opt/airflow/dags/data_extracter_dag.py
[2026-09-16T15:42:14.438+0000] {logging_mixin.py:188} INFO - [2026-09-16T15:42:14.438+0000] {dagbag.py:355} ERROR - Failed to import: /opt/airflow/dags/data_extracter_dag.py
Traceback (most recent call last):
  File "/home/airflow/.local/lib/python3.10/site-packages/airflow/models/dagbag.py", line 351, in parse
    loader.exec_module(new_module)
  File "<frozen importlib._bootstrap_external>", line 879, in exec_module
  File "<frozen importlib._bootstrap_external>", line 1017, in get_code
  File "<frozen importlib._bootstrap_external>", line 947, in source_to_code
  File "<frozen importlib._bootstrap>", line 241, in _call_with_frames_removed
  File "/opt/airflow/dags/data_extracter_dag.py", line 125
    filename = f"/opt/airflow/data/ {datetime.now().strftime("%Y-%m-%d")}.json"
                                                              ^
SyntaxError: f-string: unmatched '('
[2026-09-16T15:42:14.439+0000] {processor.py:842} WARNING - No viable dags retrieved from /opt/airflow/dags/data_extracter_dag.py
[2026-09-16T15:42:14.464+0000] {processor.py:183} INFO - Processing /opt/airflow/dags/data_extracter_dag.py took 0.038 seconds
[2026-09-16T15:42:17.450+0000] {processor.py:161} INFO - Started process (PID=609) to work on /opt/airflow/dags/data_extracter_dag.py
[2026-09-16T15:42:17.451+0000] {processor.py:830} INFO - Processing file /opt/airflow/dags/data_extracter_dag.py for tasks to queue
[2026-09-16T15:42:17.452+0000] {logging_mixin.py:188} INFO - [2026-09-16T15:42:17.451+0000] {dagbag.py:545} INFO - Filling up the DagBag from /opt/airflow/dags/data_extracter_dag.py
[2026-09-16T15:42:17.456+0000] {logging_mixin.py:188} INFO - [2026-09-16T15:42:17.455+0000] {dagbag.py:355} ERROR - Failed to import: /opt/airflow/dags/data_extracter_dag.py
Traceback (most recent call last):
  File "/home/airflow/.local/lib/python3.10/site-packages/airflow/models/dagbag.py", line 351, in parse
    loader.exec_module(new_module)
  File "<frozen importlib._bootstrap_external>", line 879, in exec_module
  File "<frozen importlib._bootstrap_external>", line 1017, in get_code
  File "<frozen importlib._bootstrap_external>", line 947, in source_to_code
  File "<frozen importlib._bootstrap>", line 241, in _call_with_frames_removed
  File "/opt/airflow/dags/data_extracter_dag.py", line 125
    filename = f"/opt/airflow/data/{datetime.now().strftime("%Y-%m-%d")}.json"
                                                             ^
SyntaxError: f-string: unmatched '('
[2026-09-16T15:42:17.456+0000] {processor.py:842} WARNING - No viable dags retrieved from /opt/airflow/dags/data_extracter_dag.py
[2026-09-16T15:42:17.486+0000] {processor.py:183} INFO - Processing /opt/airflow/dags/data_extracter_dag.py took 0.043 seconds
[2026-09-16T15:42:47.593+0000] {processor.py:161} INFO - Started process (PID=610) to work on /opt/airflow/dags/data_extracter_dag.py
[2026-09-16T15:42:47.597+0000] {processor.py:830} INFO - Processing file /opt/airflow/dags/data_extracter_dag.py for tasks to queue
[2026-09-16T15:42:47.598+0000] {logging_mixin.py:188} INFO - [2026-09-16T15:42:47.598+0000] {dagbag.py:545} INFO - Filling up the DagBag from /opt/airflow/dags/data_extracter_dag.py
[2026-09-16T15:42:47.601+0000] {logging_mixin.py:188} INFO - [2026-09-16T15:42:47.601+0000] {dagbag.py:355} ERROR - Failed to import: /opt/airflow/dags/data_extracter_dag.py
Traceback (most recent call last):
  File "/home/airflow/.local/lib/python3.10/site-packages/airflow/models/dagbag.py", line 351, in parse
    loader.exec_module(new_module)
  File "<frozen importlib._bootstrap_external>", line 879, in exec_module
  File "<frozen importlib._bootstrap_external>", line 1017, in get_code
  File "<frozen importlib._bootstrap_external>", line 947, in source_to_code
  File "<frozen importlib._bootstrap>", line 241, in _call_with_frames_removed
  File "/opt/airflow/dags/data_extracter_dag.py", line 125
    filename = f"/opt/airflow/data/{datetime.now().strftime("%Y-%m-%d")}.json"
                                                             ^
SyntaxError: f-string: unmatched '('
[2026-09-16T15:42:47.602+0000] {processor.py:842} WARNING - No viable dags retrieved from /opt/airflow/dags/data_extracter_dag.py
[2026-09-16T15:42:47.619+0000] {processor.py:183} INFO - Processing /opt/airflow/dags/data_extracter_dag.py took 0.033 seconds
[2026-09-16T15:42:51.628+0000] {processor.py:161} INFO - Started process (PID=617) to work on /opt/airflow/dags/data_extracter_dag.py
[2026-09-16T15:42:51.628+0000] {processor.py:830} INFO - Processing file /opt/airflow/dags/data_extracter_dag.py for tasks to queue
[2026-09-16T15:42:51.629+0000] {logging_mixin.py:188} INFO - [2026-09-16T15:42:51.629+0000] {dagbag.py:545} INFO - Filling up the DagBag from /opt/airflow/dags/data_extracter_dag.py
[2026-09-16T15:42:51.632+0000] {logging_mixin.py:188} INFO - [2026-09-16T15:42:51.632+0000] {dagbag.py:355} ERROR - Failed to import: /opt/airflow/dags/data_extracter_dag.py
Traceback (most recent call last):
  File "/home/airflow/.local/lib/python3.10/site-packages/airflow/models/dagbag.py", line 351, in parse
    loader.exec_module(new_module)
  File "<frozen importlib._bootstrap_external>", line 879, in exec_module
  File "<frozen importlib._bootstrap_external>", line 1017, in get_code
  File "<frozen importlib._bootstrap_external>", line 947, in source_to_code
  File "<frozen importlib._bootstrap>", line 241, in _call_with_frames_removed
  File "/opt/airflow/dags/data_extracter_dag.py", line 125
    filename = f"/opt/airflow/data/{datetime.now().strftime("%Y-%m-%d").}.json"
                                                             ^
SyntaxError: f-string: unmatched '('
[2026-09-16T15:42:51.633+0000] {processor.py:842} WARNING - No viable dags retrieved from /opt/airflow/dags/data_extracter_dag.py
[2026-09-16T15:42:51.659+0000] {processor.py:183} INFO - Processing /opt/airflow/dags/data_extracter_dag.py took 0.041 seconds
[2026-09-16T15:42:53.673+0000] {processor.py:161} INFO - Started process (PID=618) to work on /opt/airflow/dags/data_extracter_dag.py
[2026-09-16T15:42:53.675+0000] {processor.py:830} INFO - Processing file /opt/airflow/dags/data_extracter_dag.py for tasks to queue
[2026-09-16T15:42:53.677+0000] {logging_mixin.py:188} INFO - [2026-09-16T15:42:53.676+0000] {dagbag.py:545} INFO - Filling up the DagBag from /opt/airflow/dags/data_extracter_dag.py
[2026-09-16T15:42:53.684+0000] {logging_mixin.py:188} INFO - [2026-09-16T15:42:53.683+0000] {dagbag.py:355} ERROR - Failed to import: /opt/airflow/dags/data_extracter_dag.py
Traceback (most recent call last):
  File "/home/airflow/.local/lib/python3.10/site-packages/airflow/models/dagbag.py", line 351, in parse
    loader.exec_module(new_module)
  File "<frozen importlib._bootstrap_external>", line 879, in exec_module
  File "<frozen importlib._bootstrap_external>", line 1017, in get_code
  File "<frozen importlib._bootstrap_external>", line 947, in source_to_code
  File "<frozen importlib._bootstrap>", line 241, in _call_with_frames_removed
  File "/opt/airflow/dags/data_extracter_dag.py", line 125
    filename = f"/opt/airflow/data/{datetime.now().strftime("%Y-%m-%d")}.json"
                                                             ^
SyntaxError: f-string: unmatched '('
[2026-09-16T15:42:53.685+0000] {processor.py:842} WARNING - No viable dags retrieved from /opt/airflow/dags/data_extracter_dag.py
[2026-09-16T15:42:53.732+0000] {processor.py:183} INFO - Processing /opt/airflow/dags/data_extracter_dag.py took 0.067 seconds
[2026-09-16T15:43:23.810+0000] {processor.py:161} INFO - Started process (PID=625) to work on /opt/airflow/dags/data_extracter_dag.py
[2026-09-16T15:43:23.811+0000] {processor.py:830} INFO - Processing file /opt/airflow/dags/data_extracter_dag.py for tasks to queue
[2026-09-16T15:43:23.812+0000] {logging_mixin.py:188} INFO - [2026-09-16T15:43:23.812+0000] {dagbag.py:545} INFO - Filling up the DagBag from /opt/airflow/dags/data_extracter_dag.py
[2026-09-16T15:43:23.817+0000] {logging_mixin.py:188} INFO - [2026-09-16T15:43:23.816+0000] {dagbag.py:355} ERROR - Failed to import: /opt/airflow/dags/data_extracter_dag.py
Traceback (most recent call last):
  File "/home/airflow/.local/lib/python3.10/site-packages/airflow/models/dagbag.py", line 351, in parse
    loader.exec_module(new_module)
  File "<frozen importlib._bootstrap_external>", line 879, in exec_module
  File "<frozen importlib._bootstrap_external>", line 1017, in get_code
  File "<frozen importlib._bootstrap_external>", line 947, in source_to_code
  File "<frozen importlib._bootstrap>", line 241, in _call_with_frames_removed
  File "/opt/airflow/dags/data_extracter_dag.py", line 125
    filename = f"/opt/airflow/data/{datetime.now().strftime("%Y-%m-%d")}.json"
                                                             ^
SyntaxError: f-string: unmatched '('
[2026-09-16T15:43:23.817+0000] {processor.py:842} WARNING - No viable dags retrieved from /opt/airflow/dags/data_extracter_dag.py
[2026-09-16T15:43:23.837+0000] {processor.py:183} INFO - Processing /opt/airflow/dags/data_extracter_dag.py took 0.032 seconds
[2026-09-16T15:43:29.869+0000] {processor.py:161} INFO - Started process (PID=626) to work on /opt/airflow/dags/data_extracter_dag.py
[2026-09-16T15:43:29.874+0000] {processor.py:830} INFO - Processing file /opt/airflow/dags/data_extracter_dag.py for tasks to queue
[2026-09-16T15:43:29.875+0000] {logging_mixin.py:188} INFO - [2026-09-16T15:43:29.875+0000] {dagbag.py:545} INFO - Filling up the DagBag from /opt/airflow/dags/data_extracter_dag.py
[2026-09-16T15:43:29.883+0000] {logging_mixin.py:188} INFO - [2026-09-16T15:43:29.882+0000] {dagbag.py:355} ERROR - Failed to import: /opt/airflow/dags/data_extracter_dag.py
Traceback (most recent call last):
  File "/home/airflow/.local/lib/python3.10/site-packages/airflow/models/dagbag.py", line 351, in parse
    loader.exec_module(new_module)
  File "<frozen importlib._bootstrap_external>", line 879, in exec_module
  File "<frozen importlib._bootstrap_external>", line 1017, in get_code
  File "<frozen importlib._bootstrap_external>", line 947, in source_to_code
  File "<frozen importlib._bootstrap>", line 241, in _call_with_frames_removed
  File "/opt/airflow/dags/data_extracter_dag.py", line 125
    filename = f"/opt/airflow/data/{datetime.now().strftime("%Y-%m-%d')}.json"
                                                                     ^
SyntaxError: unterminated string literal (detected at line 125)
[2026-09-16T15:43:29.884+0000] {processor.py:842} WARNING - No viable dags retrieved from /opt/airflow/dags/data_extracter_dag.py
[2026-09-16T15:43:29.930+0000] {processor.py:183} INFO - Processing /opt/airflow/dags/data_extracter_dag.py took 0.072 seconds
[2026-09-16T15:43:32.910+0000] {processor.py:161} INFO - Started process (PID=627) to work on /opt/airflow/dags/data_extracter_dag.py
[2026-09-16T15:43:32.911+0000] {processor.py:830} INFO - Processing file /opt/airflow/dags/data_extracter_dag.py for tasks to queue
[2026-09-16T15:43:32.914+0000] {logging_mixin.py:188} INFO - [2026-09-16T15:43:32.912+0000] {dagbag.py:545} INFO - Filling up the DagBag from /opt/airflow/dags/data_extracter_dag.py
[2026-09-16T15:43:32.936+0000] {processor.py:840} INFO - DAG(s) 'data_extraction' retrieved from /opt/airflow/dags/data_extracter_dag.py
[2026-09-16T15:43:33.168+0000] {logging_mixin.py:188} INFO - [2026-09-16T15:43:33.167+0000] {dag.py:3096} INFO - Sync 1 DAGs
[2026-09-16T15:43:33.181+0000] {logging_mixin.py:188} INFO - [2026-09-16T15:43:33.180+0000] {dag.py:3954} INFO - Setting next_dagrun for data_extraction to None, run_after=None
[2026-09-16T15:43:33.217+0000] {processor.py:183} INFO - Processing /opt/airflow/dags/data_extracter_dag.py took 0.316 seconds
[2026-09-16T15:44:03.946+0000] {processor.py:161} INFO - Started process (PID=634) to work on /opt/airflow/dags/data_extracter_dag.py
[2026-09-16T15:44:03.947+0000] {processor.py:830} INFO - Processing file /opt/airflow/dags/data_extracter_dag.py for tasks to queue
[2026-09-16T15:44:03.948+0000] {logging_mixin.py:188} INFO - [2026-09-16T15:44:03.948+0000] {dagbag.py:545} INFO - Filling up the DagBag from /opt/airflow/dags/data_extracter_dag.py
[2026-09-16T15:44:03.963+0000] {processor.py:840} INFO - DAG(s) 'data_extraction' retrieved from /opt/airflow/dags/data_extracter_dag.py
[2026-09-16T15:44:04.000+0000] {logging_mixin.py:188} INFO - [2026-09-16T15:44:03.999+0000] {dag.py:3096} INFO - Sync 1 DAGs
[2026-09-16T15:44:04.016+0000] {logging_mixin.py:188} INFO - [2026-09-16T15:44:04.016+0000] {dag.py:3954} INFO - Setting next_dagrun for data_extraction to None, run_after=None
[2026-09-16T15:44:04.051+0000] {processor.py:183} INFO - Processing /opt/airflow/dags/data_extracter_dag.py took 0.112 seconds
[2026-09-16T15:44:34.118+0000] {processor.py:161} INFO - Started process (PID=641) to work on /opt/airflow/dags/data_extracter_dag.py
[2026-09-16T15:44:34.123+0000] {processor.py:830} INFO - Processing file /opt/airflow/dags/data_extracter_dag.py for tasks to queue
[2026-09-16T15:44:34.124+0000] {logging_mixin.py:188} INFO - [2026-09-16T15:44:34.124+0000] {dagbag.py:545} INFO - Filling up the DagBag from /opt/airflow/dags/data_extracter_dag.py
[2026-09-16T15:44:34.139+0000] {processor.py:840} INFO - DAG(s) 'data_extraction' retrieved from /opt/airflow/dags/data_extracter_dag.py
[2026-09-16T15:44:34.173+0000] {logging_mixin.py:188} INFO - [2026-09-16T15:44:34.172+0000] {dag.py:3096} INFO - Sync 1 DAGs
[2026-09-16T15:44:34.187+0000] {logging_mixin.py:188} INFO - [2026-09-16T15:44:34.187+0000] {dag.py:3954} INFO - Setting next_dagrun for data_extraction to None, run_after=None
[2026-09-16T15:44:34.212+0000] {processor.py:183} INFO - Processing /opt/airflow/dags/data_extracter_dag.py took 0.101 seconds
[2026-09-16T15:44:35.134+0000] {processor.py:161} INFO - Started process (PID=642) to work on /opt/airflow/dags/data_extracter_dag.py
[2026-09-16T15:44:35.134+0000] {processor.py:830} INFO - Processing file /opt/airflow/dags/data_extracter_dag.py for tasks to queue
[2026-09-16T15:44:35.135+0000] {logging_mixin.py:188} INFO - [2026-09-16T15:44:35.135+0000] {dagbag.py:545} INFO - Filling up the DagBag from /opt/airflow/dags/data_extracter_dag.py
[2026-09-16T15:44:35.148+0000] {processor.py:840} INFO - DAG(s) 'data_extraction' retrieved from /opt/airflow/dags/data_extracter_dag.py
[2026-09-16T15:44:35.172+0000] {logging_mixin.py:188} INFO - [2026-09-16T15:44:35.172+0000] {dag.py:3096} INFO - Sync 1 DAGs
[2026-09-16T15:44:35.188+0000] {logging_mixin.py:188} INFO - [2026-09-16T15:44:35.187+0000] {dag.py:3954} INFO - Setting next_dagrun for data_extraction to None, run_after=None
[2026-09-16T15:44:35.213+0000] {processor.py:183} INFO - Processing /opt/airflow/dags/data_extracter_dag.py took 0.085 seconds
[2026-09-16T15:45:05.245+0000] {processor.py:161} INFO - Started process (PID=650) to work on /opt/airflow/dags/data_extracter_dag.py
[2026-09-16T15:45:05.246+0000] {processor.py:830} INFO - Processing file /opt/airflow/dags/data_extracter_dag.py for tasks to queue
[2026-09-16T15:45:05.246+0000] {logging_mixin.py:188} INFO - [2026-09-16T15:45:05.246+0000] {dagbag.py:545} INFO - Filling up the DagBag from /opt/airflow/dags/data_extracter_dag.py
[2026-09-16T15:45:05.259+0000] {processor.py:840} INFO - DAG(s) 'data_extraction' retrieved from /opt/airflow/dags/data_extracter_dag.py
[2026-09-16T15:45:05.292+0000] {logging_mixin.py:188} INFO - [2026-09-16T15:45:05.292+0000] {dag.py:3096} INFO - Sync 1 DAGs
[2026-09-16T15:45:05.305+0000] {logging_mixin.py:188} INFO - [2026-09-16T15:45:05.305+0000] {dag.py:3954} INFO - Setting next_dagrun for data_extraction to None, run_after=None
[2026-09-16T15:45:05.333+0000] {processor.py:183} INFO - Processing /opt/airflow/dags/data_extracter_dag.py took 0.095 seconds
[2026-09-16T15:45:35.449+0000] {processor.py:161} INFO - Started process (PID=657) to work on /opt/airflow/dags/data_extracter_dag.py
[2026-09-16T15:45:35.454+0000] {processor.py:830} INFO - Processing file /opt/airflow/dags/data_extracter_dag.py for tasks to queue
[2026-09-16T15:45:35.455+0000] {logging_mixin.py:188} INFO - [2026-09-16T15:45:35.455+0000] {dagbag.py:545} INFO - Filling up the DagBag from /opt/airflow/dags/data_extracter_dag.py
[2026-09-16T15:45:35.470+0000] {processor.py:840} INFO - DAG(s) 'data_extraction' retrieved from /opt/airflow/dags/data_extracter_dag.py
[2026-09-16T15:45:35.504+0000] {logging_mixin.py:188} INFO - [2026-09-16T15:45:35.503+0000] {dag.py:3096} INFO - Sync 1 DAGs
[2026-09-16T15:45:35.522+0000] {logging_mixin.py:188} INFO - [2026-09-16T15:45:35.520+0000] {dag.py:3954} INFO - Setting next_dagrun for data_extraction to None, run_after=None
[2026-09-16T15:45:35.561+0000] {processor.py:183} INFO - Processing /opt/airflow/dags/data_extracter_dag.py took 0.121 seconds
[2026-09-16T15:46:06.467+0000] {processor.py:161} INFO - Started process (PID=664) to work on /opt/airflow/dags/data_extracter_dag.py
[2026-09-16T15:46:06.469+0000] {processor.py:830} INFO - Processing file /opt/airflow/dags/data_extracter_dag.py for tasks to queue
[2026-09-16T15:46:06.470+0000] {logging_mixin.py:188} INFO - [2026-09-16T15:46:06.470+0000] {dagbag.py:545} INFO - Filling up the DagBag from /opt/airflow/dags/data_extracter_dag.py
[2026-09-16T15:46:06.527+0000] {processor.py:840} INFO - DAG(s) 'data_extraction' retrieved from /opt/airflow/dags/data_extracter_dag.py
[2026-09-16T15:46:06.628+0000] {logging_mixin.py:188} INFO - [2026-09-16T15:46:06.628+0000] {dag.py:3096} INFO - Sync 1 DAGs
[2026-09-16T15:46:06.645+0000] {logging_mixin.py:188} INFO - [2026-09-16T15:46:06.645+0000] {dag.py:3954} INFO - Setting next_dagrun for data_extraction to None, run_after=None
[2026-09-16T15:46:06.670+0000] {processor.py:183} INFO - Processing /opt/airflow/dags/data_extracter_dag.py took 0.213 seconds
[2026-09-16T15:46:36.782+0000] {processor.py:161} INFO - Started process (PID=665) to work on /opt/airflow/dags/data_extracter_dag.py
[2026-09-16T15:46:36.787+0000] {processor.py:830} INFO - Processing file /opt/airflow/dags/data_extracter_dag.py for tasks to queue
[2026-09-16T15:46:36.788+0000] {logging_mixin.py:188} INFO - [2026-09-16T15:46:36.788+0000] {dagbag.py:545} INFO - Filling up the DagBag from /opt/airflow/dags/data_extracter_dag.py
[2026-09-16T15:46:36.813+0000] {processor.py:840} INFO - DAG(s) 'data_extraction' retrieved from /opt/airflow/dags/data_extracter_dag.py
[2026-09-16T15:46:36.858+0000] {logging_mixin.py:188} INFO - [2026-09-16T15:46:36.858+0000] {dag.py:3096} INFO - Sync 1 DAGs
[2026-09-16T15:46:36.877+0000] {logging_mixin.py:188} INFO - [2026-09-16T15:46:36.877+0000] {dag.py:3954} INFO - Setting next_dagrun for data_extraction to None, run_after=None
[2026-09-16T15:46:36.909+0000] {processor.py:183} INFO - Processing /opt/airflow/dags/data_extracter_dag.py took 0.140 seconds
[2026-09-16T15:47:07.036+0000] {processor.py:161} INFO - Started process (PID=673) to work on /opt/airflow/dags/data_extracter_dag.py
[2026-09-16T15:47:07.040+0000] {processor.py:830} INFO - Processing file /opt/airflow/dags/data_extracter_dag.py for tasks to queue
[2026-09-16T15:47:07.042+0000] {logging_mixin.py:188} INFO - [2026-09-16T15:47:07.041+0000] {dagbag.py:545} INFO - Filling up the DagBag from /opt/airflow/dags/data_extracter_dag.py
[2026-09-16T15:47:07.147+0000] {processor.py:840} INFO - DAG(s) 'data_extraction' retrieved from /opt/airflow/dags/data_extracter_dag.py
[2026-09-16T15:47:07.295+0000] {logging_mixin.py:188} INFO - [2026-09-16T15:47:07.295+0000] {dag.py:3096} INFO - Sync 1 DAGs
[2026-09-16T15:47:07.342+0000] {logging_mixin.py:188} INFO - [2026-09-16T15:47:07.342+0000] {dag.py:3954} INFO - Setting next_dagrun for data_extraction to None, run_after=None
[2026-09-16T15:47:07.378+0000] {processor.py:183} INFO - Processing /opt/airflow/dags/data_extracter_dag.py took 0.367 seconds
[2026-09-16T15:47:38.124+0000] {processor.py:161} INFO - Started process (PID=681) to work on /opt/airflow/dags/data_extracter_dag.py
[2026-09-16T15:47:38.129+0000] {processor.py:830} INFO - Processing file /opt/airflow/dags/data_extracter_dag.py for tasks to queue
[2026-09-16T15:47:38.130+0000] {logging_mixin.py:188} INFO - [2026-09-16T15:47:38.130+0000] {dagbag.py:545} INFO - Filling up the DagBag from /opt/airflow/dags/data_extracter_dag.py
[2026-09-16T15:47:38.151+0000] {processor.py:840} INFO - DAG(s) 'data_extraction' retrieved from /opt/airflow/dags/data_extracter_dag.py
[2026-09-16T15:47:38.196+0000] {logging_mixin.py:188} INFO - [2026-09-16T15:47:38.195+0000] {dag.py:3096} INFO - Sync 1 DAGs
[2026-09-16T15:47:38.215+0000] {logging_mixin.py:188} INFO - [2026-09-16T15:47:38.214+0000] {dag.py:3954} INFO - Setting next_dagrun for data_extraction to None, run_after=None
[2026-09-16T15:47:38.241+0000] {processor.py:183} INFO - Processing /opt/airflow/dags/data_extracter_dag.py took 0.128 seconds
[2026-09-16T15:48:09.176+0000] {processor.py:161} INFO - Started process (PID=689) to work on /opt/airflow/dags/data_extracter_dag.py
[2026-09-16T15:48:09.177+0000] {processor.py:830} INFO - Processing file /opt/airflow/dags/data_extracter_dag.py for tasks to queue
[2026-09-16T15:48:09.179+0000] {logging_mixin.py:188} INFO - [2026-09-16T15:48:09.178+0000] {dagbag.py:545} INFO - Filling up the DagBag from /opt/airflow/dags/data_extracter_dag.py
[2026-09-16T15:48:09.192+0000] {processor.py:840} INFO - DAG(s) 'data_extraction' retrieved from /opt/airflow/dags/data_extracter_dag.py
[2026-09-16T15:48:09.235+0000] {logging_mixin.py:188} INFO - [2026-09-16T15:48:09.235+0000] {dag.py:3096} INFO - Sync 1 DAGs
[2026-09-16T15:48:09.250+0000] {logging_mixin.py:188} INFO - [2026-09-16T15:48:09.250+0000] {dag.py:3954} INFO - Setting next_dagrun for data_extraction to None, run_after=None
[2026-09-16T15:48:09.281+0000] {processor.py:183} INFO - Processing /opt/airflow/dags/data_extracter_dag.py took 0.112 seconds
[2026-09-16T15:48:39.386+0000] {processor.py:161} INFO - Started process (PID=698) to work on /opt/airflow/dags/data_extracter_dag.py
[2026-09-16T15:48:39.388+0000] {processor.py:830} INFO - Processing file /opt/airflow/dags/data_extracter_dag.py for tasks to queue
[2026-09-16T15:48:39.390+0000] {logging_mixin.py:188} INFO - [2026-09-16T15:48:39.389+0000] {dagbag.py:545} INFO - Filling up the DagBag from /opt/airflow/dags/data_extracter_dag.py
[2026-09-16T15:48:39.405+0000] {processor.py:840} INFO - DAG(s) 'data_extraction' retrieved from /opt/airflow/dags/data_extracter_dag.py
[2026-09-16T15:48:39.437+0000] {logging_mixin.py:188} INFO - [2026-09-16T15:48:39.436+0000] {dag.py:3096} INFO - Sync 1 DAGs
[2026-09-16T15:48:39.449+0000] {logging_mixin.py:188} INFO - [2026-09-16T15:48:39.448+0000] {dag.py:3954} INFO - Setting next_dagrun for data_extraction to None, run_after=None
[2026-09-16T15:48:39.478+0000] {processor.py:183} INFO - Processing /opt/airflow/dags/data_extracter_dag.py took 0.100 seconds
[2026-09-16T15:49:09.625+0000] {processor.py:161} INFO - Started process (PID=707) to work on /opt/airflow/dags/data_extracter_dag.py
[2026-09-16T15:49:09.625+0000] {processor.py:830} INFO - Processing file /opt/airflow/dags/data_extracter_dag.py for tasks to queue
[2026-09-16T15:49:09.627+0000] {logging_mixin.py:188} INFO - [2026-09-16T15:49:09.626+0000] {dagbag.py:545} INFO - Filling up the DagBag from /opt/airflow/dags/data_extracter_dag.py
[2026-09-16T15:49:09.640+0000] {processor.py:840} INFO - DAG(s) 'data_extraction' retrieved from /opt/airflow/dags/data_extracter_dag.py
[2026-09-16T15:49:09.673+0000] {logging_mixin.py:188} INFO - [2026-09-16T15:49:09.672+0000] {dag.py:3096} INFO - Sync 1 DAGs
[2026-09-16T15:49:09.686+0000] {logging_mixin.py:188} INFO - [2026-09-16T15:49:09.685+0000] {dag.py:3954} INFO - Setting next_dagrun for data_extraction to None, run_after=None
[2026-09-16T15:49:09.711+0000] {processor.py:183} INFO - Processing /opt/airflow/dags/data_extracter_dag.py took 0.094 seconds
[2026-09-16T15:49:42.934+0000] {processor.py:161} INFO - Started process (PID=716) to work on /opt/airflow/dags/data_extracter_dag.py
[2026-09-16T15:49:42.940+0000] {processor.py:830} INFO - Processing file /opt/airflow/dags/data_extracter_dag.py for tasks to queue
[2026-09-16T15:49:42.942+0000] {logging_mixin.py:188} INFO - [2026-09-16T15:49:42.941+0000] {dagbag.py:545} INFO - Filling up the DagBag from /opt/airflow/dags/data_extracter_dag.py
[2026-09-16T15:49:42.970+0000] {processor.py:840} INFO - DAG(s) 'data_extraction' retrieved from /opt/airflow/dags/data_extracter_dag.py
[2026-09-16T15:49:43.023+0000] {logging_mixin.py:188} INFO - [2026-09-16T15:49:43.023+0000] {dag.py:3096} INFO - Sync 1 DAGs
[2026-09-16T15:49:43.038+0000] {logging_mixin.py:188} INFO - [2026-09-16T15:49:43.037+0000] {dag.py:3954} INFO - Setting next_dagrun for data_extraction to None, run_after=None
[2026-09-16T15:49:43.066+0000] {processor.py:183} INFO - Processing /opt/airflow/dags/data_extracter_dag.py took 0.148 seconds
[2026-09-16T15:50:15.975+0000] {processor.py:161} INFO - Started process (PID=724) to work on /opt/airflow/dags/data_extracter_dag.py
[2026-09-16T15:50:15.976+0000] {processor.py:830} INFO - Processing file /opt/airflow/dags/data_extracter_dag.py for tasks to queue
[2026-09-16T15:50:15.977+0000] {logging_mixin.py:188} INFO - [2026-09-16T15:50:15.977+0000] {dagbag.py:545} INFO - Filling up the DagBag from /opt/airflow/dags/data_extracter_dag.py
[2026-09-16T15:50:15.991+0000] {processor.py:840} INFO - DAG(s) 'data_extraction' retrieved from /opt/airflow/dags/data_extracter_dag.py
[2026-09-16T15:50:16.029+0000] {logging_mixin.py:188} INFO - [2026-09-16T15:50:16.028+0000] {dag.py:3096} INFO - Sync 1 DAGs
[2026-09-16T15:50:16.044+0000] {logging_mixin.py:188} INFO - [2026-09-16T15:50:16.044+0000] {dag.py:3954} INFO - Setting next_dagrun for data_extraction to None, run_after=None
[2026-09-16T15:50:16.069+0000] {processor.py:183} INFO - Processing /opt/airflow/dags/data_extracter_dag.py took 0.102 seconds
[2026-09-16T15:50:48.273+0000] {processor.py:161} INFO - Started process (PID=733) to work on /opt/airflow/dags/data_extracter_dag.py
[2026-09-16T15:50:48.275+0000] {processor.py:830} INFO - Processing file /opt/airflow/dags/data_extracter_dag.py for tasks to queue
[2026-09-16T15:50:48.277+0000] {logging_mixin.py:188} INFO - [2026-09-16T15:50:48.276+0000] {dagbag.py:545} INFO - Filling up the DagBag from /opt/airflow/dags/data_extracter_dag.py
[2026-09-16T15:50:48.302+0000] {processor.py:840} INFO - DAG(s) 'data_extraction' retrieved from /opt/airflow/dags/data_extracter_dag.py
[2026-09-16T15:50:48.349+0000] {logging_mixin.py:188} INFO - [2026-09-16T15:50:48.348+0000] {dag.py:3096} INFO - Sync 1 DAGs
[2026-09-16T15:50:48.363+0000] {logging_mixin.py:188} INFO - [2026-09-16T15:50:48.363+0000] {dag.py:3954} INFO - Setting next_dagrun for data_extraction to None, run_after=None
[2026-09-16T15:50:48.387+0000] {processor.py:183} INFO - Processing /opt/airflow/dags/data_extracter_dag.py took 0.124 seconds
[2026-09-16T15:51:21.467+0000] {processor.py:161} INFO - Started process (PID=741) to work on /opt/airflow/dags/data_extracter_dag.py
[2026-09-16T15:51:21.468+0000] {processor.py:830} INFO - Processing file /opt/airflow/dags/data_extracter_dag.py for tasks to queue
[2026-09-16T15:51:21.470+0000] {logging_mixin.py:188} INFO - [2026-09-16T15:51:21.469+0000] {dagbag.py:545} INFO - Filling up the DagBag from /opt/airflow/dags/data_extracter_dag.py
[2026-09-16T15:51:21.486+0000] {processor.py:840} INFO - DAG(s) 'data_extraction' retrieved from /opt/airflow/dags/data_extracter_dag.py
[2026-09-16T15:51:21.526+0000] {logging_mixin.py:188} INFO - [2026-09-16T15:51:21.526+0000] {dag.py:3096} INFO - Sync 1 DAGs
[2026-09-16T15:51:21.538+0000] {logging_mixin.py:188} INFO - [2026-09-16T15:51:21.538+0000] {dag.py:3954} INFO - Setting next_dagrun for data_extraction to None, run_after=None
[2026-09-16T15:51:21.564+0000] {processor.py:183} INFO - Processing /opt/airflow/dags/data_extracter_dag.py took 0.104 seconds
[2026-09-16T15:51:54.688+0000] {processor.py:161} INFO - Started process (PID=749) to work on /opt/airflow/dags/data_extracter_dag.py
[2026-09-16T15:51:54.691+0000] {processor.py:830} INFO - Processing file /opt/airflow/dags/data_extracter_dag.py for tasks to queue
[2026-09-16T15:51:54.692+0000] {logging_mixin.py:188} INFO - [2026-09-16T15:51:54.692+0000] {dagbag.py:545} INFO - Filling up the DagBag from /opt/airflow/dags/data_extracter_dag.py
[2026-09-16T15:51:54.716+0000] {processor.py:840} INFO - DAG(s) 'data_extraction' retrieved from /opt/airflow/dags/data_extracter_dag.py
[2026-09-16T15:51:54.761+0000] {logging_mixin.py:188} INFO - [2026-09-16T15:51:54.761+0000] {dag.py:3096} INFO - Sync 1 DAGs
[2026-09-16T15:51:54.773+0000] {logging_mixin.py:188} INFO - [2026-09-16T15:51:54.773+0000] {dag.py:3954} INFO - Setting next_dagrun for data_extraction to None, run_after=None
[2026-09-16T15:51:54.795+0000] {processor.py:183} INFO - Processing /opt/airflow/dags/data_extracter_dag.py took 0.117 seconds
[2026-09-16T15:52:27.779+0000] {processor.py:161} INFO - Started process (PID=757) to work on /opt/airflow/dags/data_extracter_dag.py
[2026-09-16T15:52:27.780+0000] {processor.py:830} INFO - Processing file /opt/airflow/dags/data_extracter_dag.py for tasks to queue
[2026-09-16T15:52:27.781+0000] {logging_mixin.py:188} INFO - [2026-09-16T15:52:27.781+0000] {dagbag.py:545} INFO - Filling up the DagBag from /opt/airflow/dags/data_extracter_dag.py
[2026-09-16T15:52:27.800+0000] {processor.py:840} INFO - DAG(s) 'data_extraction' retrieved from /opt/airflow/dags/data_extracter_dag.py
[2026-09-16T15:52:27.840+0000] {logging_mixin.py:188} INFO - [2026-09-16T15:52:27.840+0000] {dag.py:3096} INFO - Sync 1 DAGs
[2026-09-16T15:52:27.856+0000] {logging_mixin.py:188} INFO - [2026-09-16T15:52:27.855+0000] {dag.py:3954} INFO - Setting next_dagrun for data_extraction to None, run_after=None
[2026-09-16T15:52:27.875+0000] {processor.py:183} INFO - Processing /opt/airflow/dags/data_extracter_dag.py took 0.104 seconds
[2026-09-16T15:53:00.936+0000] {processor.py:161} INFO - Started process (PID=765) to work on /opt/airflow/dags/data_extracter_dag.py
[2026-09-16T15:53:00.938+0000] {processor.py:830} INFO - Processing file /opt/airflow/dags/data_extracter_dag.py for tasks to queue
[2026-09-16T15:53:00.939+0000] {logging_mixin.py:188} INFO - [2026-09-16T15:53:00.939+0000] {dagbag.py:545} INFO - Filling up the DagBag from /opt/airflow/dags/data_extracter_dag.py
[2026-09-16T15:53:00.957+0000] {processor.py:840} INFO - DAG(s) 'data_extraction' retrieved from /opt/airflow/dags/data_extracter_dag.py
[2026-09-16T15:53:00.989+0000] {logging_mixin.py:188} INFO - [2026-09-16T15:53:00.989+0000] {dag.py:3096} INFO - Sync 1 DAGs
[2026-09-16T15:53:01.000+0000] {logging_mixin.py:188} INFO - [2026-09-16T15:53:01.000+0000] {dag.py:3954} INFO - Setting next_dagrun for data_extraction to None, run_after=None
[2026-09-16T15:53:01.024+0000] {processor.py:183} INFO - Processing /opt/airflow/dags/data_extracter_dag.py took 0.098 seconds
[2026-09-16T15:53:33.170+0000] {processor.py:161} INFO - Started process (PID=773) to work on /opt/airflow/dags/data_extracter_dag.py
[2026-09-16T15:53:33.171+0000] {processor.py:830} INFO - Processing file /opt/airflow/dags/data_extracter_dag.py for tasks to queue
[2026-09-16T15:53:33.173+0000] {logging_mixin.py:188} INFO - [2026-09-16T15:53:33.172+0000] {dagbag.py:545} INFO - Filling up the DagBag from /opt/airflow/dags/data_extracter_dag.py
[2026-09-16T15:53:33.204+0000] {processor.py:840} INFO - DAG(s) 'data_extraction' retrieved from /opt/airflow/dags/data_extracter_dag.py
[2026-09-16T15:53:33.253+0000] {logging_mixin.py:188} INFO - [2026-09-16T15:53:33.252+0000] {dag.py:3096} INFO - Sync 1 DAGs
[2026-09-16T15:53:33.266+0000] {logging_mixin.py:188} INFO - [2026-09-16T15:53:33.265+0000] {dag.py:3954} INFO - Setting next_dagrun for data_extraction to None, run_after=None
[2026-09-16T15:53:33.291+0000] {processor.py:183} INFO - Processing /opt/airflow/dags/data_extracter_dag.py took 0.134 seconds
[2026-09-16T15:54:06.341+0000] {processor.py:161} INFO - Started process (PID=781) to work on /opt/airflow/dags/data_extracter_dag.py
[2026-09-16T15:54:06.342+0000] {processor.py:830} INFO - Processing file /opt/airflow/dags/data_extracter_dag.py for tasks to queue
[2026-09-16T15:54:06.344+0000] {logging_mixin.py:188} INFO - [2026-09-16T15:54:06.343+0000] {dagbag.py:545} INFO - Filling up the DagBag from /opt/airflow/dags/data_extracter_dag.py
[2026-09-16T15:54:06.365+0000] {processor.py:840} INFO - DAG(s) 'data_extraction' retrieved from /opt/airflow/dags/data_extracter_dag.py
[2026-09-16T15:54:06.400+0000] {logging_mixin.py:188} INFO - [2026-09-16T15:54:06.400+0000] {dag.py:3096} INFO - Sync 1 DAGs
[2026-09-16T15:54:06.416+0000] {logging_mixin.py:188} INFO - [2026-09-16T15:54:06.415+0000] {dag.py:3954} INFO - Setting next_dagrun for data_extraction to None, run_after=None
[2026-09-16T15:54:06.441+0000] {processor.py:183} INFO - Processing /opt/airflow/dags/data_extracter_dag.py took 0.107 seconds
[2026-09-16T15:54:39.465+0000] {processor.py:161} INFO - Started process (PID=789) to work on /opt/airflow/dags/data_extracter_dag.py
[2026-09-16T15:54:39.467+0000] {processor.py:830} INFO - Processing file /opt/airflow/dags/data_extracter_dag.py for tasks to queue
[2026-09-16T15:54:39.469+0000] {logging_mixin.py:188} INFO - [2026-09-16T15:54:39.468+0000] {dagbag.py:545} INFO - Filling up the DagBag from /opt/airflow/dags/data_extracter_dag.py
[2026-09-16T15:54:39.490+0000] {processor.py:840} INFO - DAG(s) 'data_extraction' retrieved from /opt/airflow/dags/data_extracter_dag.py
[2026-09-16T15:54:39.528+0000] {logging_mixin.py:188} INFO - [2026-09-16T15:54:39.527+0000] {dag.py:3096} INFO - Sync 1 DAGs
[2026-09-16T15:54:39.544+0000] {logging_mixin.py:188} INFO - [2026-09-16T15:54:39.543+0000] {dag.py:3954} INFO - Setting next_dagrun for data_extraction to None, run_after=None
[2026-09-16T15:54:39.566+0000] {processor.py:183} INFO - Processing /opt/airflow/dags/data_extracter_dag.py took 0.111 seconds
[2026-09-16T15:55:12.644+0000] {processor.py:161} INFO - Started process (PID=797) to work on /opt/airflow/dags/data_extracter_dag.py
[2026-09-16T15:55:12.647+0000] {processor.py:830} INFO - Processing file /opt/airflow/dags/data_extracter_dag.py for tasks to queue
[2026-09-16T15:55:12.649+0000] {logging_mixin.py:188} INFO - [2026-09-16T15:55:12.648+0000] {dagbag.py:545} INFO - Filling up the DagBag from /opt/airflow/dags/data_extracter_dag.py
[2026-09-16T15:55:12.682+0000] {processor.py:840} INFO - DAG(s) 'data_extraction' retrieved from /opt/airflow/dags/data_extracter_dag.py
[2026-09-16T15:55:12.783+0000] {logging_mixin.py:188} INFO - [2026-09-16T15:55:12.783+0000] {dag.py:3096} INFO - Sync 1 DAGs
[2026-09-16T15:55:12.805+0000] {logging_mixin.py:188} INFO - [2026-09-16T15:55:12.805+0000] {dag.py:3954} INFO - Setting next_dagrun for data_extraction to None, run_after=None
[2026-09-16T15:55:12.849+0000] {processor.py:183} INFO - Processing /opt/airflow/dags/data_extracter_dag.py took 0.221 seconds
[2026-09-16T15:55:44.862+0000] {processor.py:161} INFO - Started process (PID=805) to work on /opt/airflow/dags/data_extracter_dag.py
[2026-09-16T15:55:44.863+0000] {processor.py:830} INFO - Processing file /opt/airflow/dags/data_extracter_dag.py for tasks to queue
[2026-09-16T15:55:44.864+0000] {logging_mixin.py:188} INFO - [2026-09-16T15:55:44.864+0000] {dagbag.py:545} INFO - Filling up the DagBag from /opt/airflow/dags/data_extracter_dag.py
[2026-09-16T15:55:44.884+0000] {processor.py:840} INFO - DAG(s) 'data_extraction' retrieved from /opt/airflow/dags/data_extracter_dag.py
[2026-09-16T15:55:44.930+0000] {logging_mixin.py:188} INFO - [2026-09-16T15:55:44.930+0000] {dag.py:3096} INFO - Sync 1 DAGs
[2026-09-16T15:55:44.946+0000] {logging_mixin.py:188} INFO - [2026-09-16T15:55:44.946+0000] {dag.py:3954} INFO - Setting next_dagrun for data_extraction to None, run_after=None
[2026-09-16T15:55:44.965+0000] {processor.py:183} INFO - Processing /opt/airflow/dags/data_extracter_dag.py took 0.112 seconds
[2026-09-16T15:56:18.016+0000] {processor.py:161} INFO - Started process (PID=813) to work on /opt/airflow/dags/data_extracter_dag.py
[2026-09-16T15:56:18.019+0000] {processor.py:830} INFO - Processing file /opt/airflow/dags/data_extracter_dag.py for tasks to queue
[2026-09-16T15:56:18.020+0000] {logging_mixin.py:188} INFO - [2026-09-16T15:56:18.020+0000] {dagbag.py:545} INFO - Filling up the DagBag from /opt/airflow/dags/data_extracter_dag.py
[2026-09-16T15:56:18.041+0000] {processor.py:840} INFO - DAG(s) 'data_extraction' retrieved from /opt/airflow/dags/data_extracter_dag.py
[2026-09-16T15:56:18.075+0000] {logging_mixin.py:188} INFO - [2026-09-16T15:56:18.075+0000] {dag.py:3096} INFO - Sync 1 DAGs
[2026-09-16T15:56:18.090+0000] {logging_mixin.py:188} INFO - [2026-09-16T15:56:18.089+0000] {dag.py:3954} INFO - Setting next_dagrun for data_extraction to None, run_after=None
[2026-09-16T15:56:18.116+0000] {processor.py:183} INFO - Processing /opt/airflow/dags/data_extracter_dag.py took 0.112 seconds
[2026-09-16T15:56:51.333+0000] {processor.py:161} INFO - Started process (PID=821) to work on /opt/airflow/dags/data_extracter_dag.py
[2026-09-16T15:56:51.336+0000] {processor.py:830} INFO - Processing file /opt/airflow/dags/data_extracter_dag.py for tasks to queue
[2026-09-16T15:56:51.339+0000] {logging_mixin.py:188} INFO - [2026-09-16T15:56:51.338+0000] {dagbag.py:545} INFO - Filling up the DagBag from /opt/airflow/dags/data_extracter_dag.py
[2026-09-16T15:56:51.362+0000] {processor.py:840} INFO - DAG(s) 'data_extraction' retrieved from /opt/airflow/dags/data_extracter_dag.py
[2026-09-16T15:56:51.410+0000] {logging_mixin.py:188} INFO - [2026-09-16T15:56:51.410+0000] {dag.py:3096} INFO - Sync 1 DAGs
[2026-09-16T15:56:51.423+0000] {logging_mixin.py:188} INFO - [2026-09-16T15:56:51.423+0000] {dag.py:3954} INFO - Setting next_dagrun for data_extraction to None, run_after=None
[2026-09-16T15:56:51.444+0000] {processor.py:183} INFO - Processing /opt/airflow/dags/data_extracter_dag.py took 0.125 seconds
[2026-09-16T15:57:24.523+0000] {processor.py:161} INFO - Started process (PID=830) to work on /opt/airflow/dags/data_extracter_dag.py
[2026-09-16T15:57:24.525+0000] {processor.py:830} INFO - Processing file /opt/airflow/dags/data_extracter_dag.py for tasks to queue
[2026-09-16T15:57:24.527+0000] {logging_mixin.py:188} INFO - [2026-09-16T15:57:24.526+0000] {dagbag.py:545} INFO - Filling up the DagBag from /opt/airflow/dags/data_extracter_dag.py
[2026-09-16T15:57:24.553+0000] {processor.py:840} INFO - DAG(s) 'data_extraction' retrieved from /opt/airflow/dags/data_extracter_dag.py
[2026-09-16T15:57:24.602+0000] {logging_mixin.py:188} INFO - [2026-09-16T15:57:24.602+0000] {dag.py:3096} INFO - Sync 1 DAGs
[2026-09-16T15:57:24.620+0000] {logging_mixin.py:188} INFO - [2026-09-16T15:57:24.619+0000] {dag.py:3954} INFO - Setting next_dagrun for data_extraction to None, run_after=None
[2026-09-16T15:57:24.648+0000] {processor.py:183} INFO - Processing /opt/airflow/dags/data_extracter_dag.py took 0.136 seconds
[2026-09-16T15:57:56.702+0000] {processor.py:161} INFO - Started process (PID=839) to work on /opt/airflow/dags/data_extracter_dag.py
[2026-09-16T15:57:56.704+0000] {processor.py:830} INFO - Processing file /opt/airflow/dags/data_extracter_dag.py for tasks to queue
[2026-09-16T15:57:56.705+0000] {logging_mixin.py:188} INFO - [2026-09-16T15:57:56.704+0000] {dagbag.py:545} INFO - Filling up the DagBag from /opt/airflow/dags/data_extracter_dag.py
[2026-09-16T15:57:56.729+0000] {processor.py:840} INFO - DAG(s) 'data_extraction' retrieved from /opt/airflow/dags/data_extracter_dag.py
[2026-09-16T15:57:56.772+0000] {logging_mixin.py:188} INFO - [2026-09-16T15:57:56.771+0000] {dag.py:3096} INFO - Sync 1 DAGs
[2026-09-16T15:57:56.786+0000] {logging_mixin.py:188} INFO - [2026-09-16T15:57:56.785+0000] {dag.py:3954} INFO - Setting next_dagrun for data_extraction to None, run_after=None
[2026-09-16T15:57:56.813+0000] {processor.py:183} INFO - Processing /opt/airflow/dags/data_extracter_dag.py took 0.119 seconds
[2026-09-16T15:58:29.879+0000] {processor.py:161} INFO - Started process (PID=847) to work on /opt/airflow/dags/data_extracter_dag.py
[2026-09-16T15:58:29.882+0000] {processor.py:830} INFO - Processing file /opt/airflow/dags/data_extracter_dag.py for tasks to queue
[2026-09-16T15:58:29.885+0000] {logging_mixin.py:188} INFO - [2026-09-16T15:58:29.884+0000] {dagbag.py:545} INFO - Filling up the DagBag from /opt/airflow/dags/data_extracter_dag.py
[2026-09-16T15:58:29.911+0000] {processor.py:840} INFO - DAG(s) 'data_extraction' retrieved from /opt/airflow/dags/data_extracter_dag.py
[2026-09-16T15:58:29.953+0000] {logging_mixin.py:188} INFO - [2026-09-16T15:58:29.953+0000] {dag.py:3096} INFO - Sync 1 DAGs
[2026-09-16T15:58:29.965+0000] {logging_mixin.py:188} INFO - [2026-09-16T15:58:29.965+0000] {dag.py:3954} INFO - Setting next_dagrun for data_extraction to None, run_after=None
[2026-09-16T15:58:29.993+0000] {processor.py:183} INFO - Processing /opt/airflow/dags/data_extracter_dag.py took 0.127 seconds
[2026-09-16T15:59:03.093+0000] {processor.py:161} INFO - Started process (PID=855) to work on /opt/airflow/dags/data_extracter_dag.py
[2026-09-16T15:59:03.096+0000] {processor.py:830} INFO - Processing file /opt/airflow/dags/data_extracter_dag.py for tasks to queue
[2026-09-16T15:59:03.097+0000] {logging_mixin.py:188} INFO - [2026-09-16T15:59:03.097+0000] {dagbag.py:545} INFO - Filling up the DagBag from /opt/airflow/dags/data_extracter_dag.py
[2026-09-16T15:59:03.118+0000] {processor.py:840} INFO - DAG(s) 'data_extraction' retrieved from /opt/airflow/dags/data_extracter_dag.py
[2026-09-16T15:59:03.156+0000] {logging_mixin.py:188} INFO - [2026-09-16T15:59:03.155+0000] {dag.py:3096} INFO - Sync 1 DAGs
[2026-09-16T15:59:03.169+0000] {logging_mixin.py:188} INFO - [2026-09-16T15:59:03.168+0000] {dag.py:3954} INFO - Setting next_dagrun for data_extraction to None, run_after=None
[2026-09-16T15:59:03.192+0000] {processor.py:183} INFO - Processing /opt/airflow/dags/data_extracter_dag.py took 0.107 seconds
[2026-09-16T15:59:36.292+0000] {processor.py:161} INFO - Started process (PID=863) to work on /opt/airflow/dags/data_extracter_dag.py
[2026-09-16T15:59:36.301+0000] {processor.py:830} INFO - Processing file /opt/airflow/dags/data_extracter_dag.py for tasks to queue
[2026-09-16T15:59:36.306+0000] {logging_mixin.py:188} INFO - [2026-09-16T15:59:36.305+0000] {dagbag.py:545} INFO - Filling up the DagBag from /opt/airflow/dags/data_extracter_dag.py
[2026-09-16T15:59:36.400+0000] {processor.py:840} INFO - DAG(s) 'data_extraction' retrieved from /opt/airflow/dags/data_extracter_dag.py
[2026-09-16T15:59:36.468+0000] {logging_mixin.py:188} INFO - [2026-09-16T15:59:36.468+0000] {dag.py:3096} INFO - Sync 1 DAGs
[2026-09-16T15:59:36.491+0000] {logging_mixin.py:188} INFO - [2026-09-16T15:59:36.490+0000] {dag.py:3954} INFO - Setting next_dagrun for data_extraction to None, run_after=None
[2026-09-16T15:59:36.531+0000] {processor.py:183} INFO - Processing /opt/airflow/dags/data_extracter_dag.py took 0.262 seconds
[2026-09-16T16:00:08.554+0000] {processor.py:161} INFO - Started process (PID=871) to work on /opt/airflow/dags/data_extracter_dag.py
[2026-09-16T16:00:08.555+0000] {processor.py:830} INFO - Processing file /opt/airflow/dags/data_extracter_dag.py for tasks to queue
[2026-09-16T16:00:08.557+0000] {logging_mixin.py:188} INFO - [2026-09-16T16:00:08.556+0000] {dagbag.py:545} INFO - Filling up the DagBag from /opt/airflow/dags/data_extracter_dag.py
[2026-09-16T16:00:08.578+0000] {processor.py:840} INFO - DAG(s) 'data_extraction' retrieved from /opt/airflow/dags/data_extracter_dag.py
[2026-09-16T16:00:08.620+0000] {logging_mixin.py:188} INFO - [2026-09-16T16:00:08.619+0000] {dag.py:3096} INFO - Sync 1 DAGs
[2026-09-16T16:00:08.637+0000] {logging_mixin.py:188} INFO - [2026-09-16T16:00:08.636+0000] {dag.py:3954} INFO - Setting next_dagrun for data_extraction to None, run_after=None
[2026-09-16T16:00:08.664+0000] {processor.py:183} INFO - Processing /opt/airflow/dags/data_extracter_dag.py took 0.119 seconds
[2026-09-16T16:00:41.735+0000] {processor.py:161} INFO - Started process (PID=879) to work on /opt/airflow/dags/data_extracter_dag.py
[2026-09-16T16:00:41.737+0000] {processor.py:830} INFO - Processing file /opt/airflow/dags/data_extracter_dag.py for tasks to queue
[2026-09-16T16:00:41.739+0000] {logging_mixin.py:188} INFO - [2026-09-16T16:00:41.738+0000] {dagbag.py:545} INFO - Filling up the DagBag from /opt/airflow/dags/data_extracter_dag.py
[2026-09-16T16:00:41.755+0000] {processor.py:840} INFO - DAG(s) 'data_extraction' retrieved from /opt/airflow/dags/data_extracter_dag.py
[2026-09-16T16:00:41.792+0000] {logging_mixin.py:188} INFO - [2026-09-16T16:00:41.792+0000] {dag.py:3096} INFO - Sync 1 DAGs
[2026-09-16T16:00:41.806+0000] {logging_mixin.py:188} INFO - [2026-09-16T16:00:41.805+0000] {dag.py:3954} INFO - Setting next_dagrun for data_extraction to None, run_after=None
[2026-09-16T16:00:41.832+0000] {processor.py:183} INFO - Processing /opt/airflow/dags/data_extracter_dag.py took 0.104 seconds
[2026-09-16T16:01:14.957+0000] {processor.py:161} INFO - Started process (PID=886) to work on /opt/airflow/dags/data_extracter_dag.py
[2026-09-16T16:01:14.958+0000] {processor.py:830} INFO - Processing file /opt/airflow/dags/data_extracter_dag.py for tasks to queue
[2026-09-16T16:01:14.959+0000] {logging_mixin.py:188} INFO - [2026-09-16T16:01:14.958+0000] {dagbag.py:545} INFO - Filling up the DagBag from /opt/airflow/dags/data_extracter_dag.py
[2026-09-16T16:01:14.977+0000] {processor.py:840} INFO - DAG(s) 'data_extraction' retrieved from /opt/airflow/dags/data_extracter_dag.py
[2026-09-16T16:01:15.012+0000] {logging_mixin.py:188} INFO - [2026-09-16T16:01:15.012+0000] {dag.py:3096} INFO - Sync 1 DAGs
[2026-09-16T16:01:15.023+0000] {logging_mixin.py:188} INFO - [2026-09-16T16:01:15.023+0000] {dag.py:3954} INFO - Setting next_dagrun for data_extraction to None, run_after=None
[2026-09-16T16:01:15.043+0000] {processor.py:183} INFO - Processing /opt/airflow/dags/data_extracter_dag.py took 0.095 seconds
[2026-09-16T16:01:48.171+0000] {processor.py:161} INFO - Started process (PID=894) to work on /opt/airflow/dags/data_extracter_dag.py
[2026-09-16T16:01:48.173+0000] {processor.py:830} INFO - Processing file /opt/airflow/dags/data_extracter_dag.py for tasks to queue
[2026-09-16T16:01:48.174+0000] {logging_mixin.py:188} INFO - [2026-09-16T16:01:48.174+0000] {dagbag.py:545} INFO - Filling up the DagBag from /opt/airflow/dags/data_extracter_dag.py
[2026-09-16T16:01:48.190+0000] {processor.py:840} INFO - DAG(s) 'data_extraction' retrieved from /opt/airflow/dags/data_extracter_dag.py
[2026-09-16T16:01:48.230+0000] {logging_mixin.py:188} INFO - [2026-09-16T16:01:48.230+0000] {dag.py:3096} INFO - Sync 1 DAGs
[2026-09-16T16:01:48.242+0000] {logging_mixin.py:188} INFO - [2026-09-16T16:01:48.242+0000] {dag.py:3954} INFO - Setting next_dagrun for data_extraction to None, run_after=None
[2026-09-16T16:01:48.270+0000] {processor.py:183} INFO - Processing /opt/airflow/dags/data_extracter_dag.py took 0.112 seconds
[2026-09-16T16:02:20.338+0000] {processor.py:161} INFO - Started process (PID=902) to work on /opt/airflow/dags/data_extracter_dag.py
[2026-09-16T16:02:20.339+0000] {processor.py:830} INFO - Processing file /opt/airflow/dags/data_extracter_dag.py for tasks to queue
[2026-09-16T16:02:20.340+0000] {logging_mixin.py:188} INFO - [2026-09-16T16:02:20.339+0000] {dagbag.py:545} INFO - Filling up the DagBag from /opt/airflow/dags/data_extracter_dag.py
[2026-09-16T16:02:20.358+0000] {processor.py:840} INFO - DAG(s) 'data_extraction' retrieved from /opt/airflow/dags/data_extracter_dag.py
[2026-09-16T16:02:20.391+0000] {logging_mixin.py:188} INFO - [2026-09-16T16:02:20.390+0000] {dag.py:3096} INFO - Sync 1 DAGs
[2026-09-16T16:02:20.404+0000] {logging_mixin.py:188} INFO - [2026-09-16T16:02:20.404+0000] {dag.py:3954} INFO - Setting next_dagrun for data_extraction to None, run_after=None
[2026-09-16T16:02:20.431+0000] {processor.py:183} INFO - Processing /opt/airflow/dags/data_extracter_dag.py took 0.104 seconds
[2026-09-16T16:02:53.514+0000] {processor.py:161} INFO - Started process (PID=910) to work on /opt/airflow/dags/data_extracter_dag.py
[2026-09-16T16:02:53.517+0000] {processor.py:830} INFO - Processing file /opt/airflow/dags/data_extracter_dag.py for tasks to queue
[2026-09-16T16:02:53.518+0000] {logging_mixin.py:188} INFO - [2026-09-16T16:02:53.518+0000] {dagbag.py:545} INFO - Filling up the DagBag from /opt/airflow/dags/data_extracter_dag.py
[2026-09-16T16:02:53.540+0000] {processor.py:840} INFO - DAG(s) 'data_extraction' retrieved from /opt/airflow/dags/data_extracter_dag.py
[2026-09-16T16:02:53.582+0000] {logging_mixin.py:188} INFO - [2026-09-16T16:02:53.582+0000] {dag.py:3096} INFO - Sync 1 DAGs
[2026-09-16T16:02:53.604+0000] {logging_mixin.py:188} INFO - [2026-09-16T16:02:53.603+0000] {dag.py:3954} INFO - Setting next_dagrun for data_extraction to None, run_after=None
[2026-09-16T16:02:53.641+0000] {processor.py:183} INFO - Processing /opt/airflow/dags/data_extracter_dag.py took 0.135 seconds
[2026-09-16T16:03:26.745+0000] {processor.py:161} INFO - Started process (PID=918) to work on /opt/airflow/dags/data_extracter_dag.py
[2026-09-16T16:03:26.746+0000] {processor.py:830} INFO - Processing file /opt/airflow/dags/data_extracter_dag.py for tasks to queue
[2026-09-16T16:03:26.747+0000] {logging_mixin.py:188} INFO - [2026-09-16T16:03:26.746+0000] {dagbag.py:545} INFO - Filling up the DagBag from /opt/airflow/dags/data_extracter_dag.py
[2026-09-16T16:03:26.768+0000] {processor.py:840} INFO - DAG(s) 'data_extraction' retrieved from /opt/airflow/dags/data_extracter_dag.py
[2026-09-16T16:03:26.803+0000] {logging_mixin.py:188} INFO - [2026-09-16T16:03:26.803+0000] {dag.py:3096} INFO - Sync 1 DAGs
[2026-09-16T16:03:26.815+0000] {logging_mixin.py:188} INFO - [2026-09-16T16:03:26.815+0000] {dag.py:3954} INFO - Setting next_dagrun for data_extraction to None, run_after=None
[2026-09-16T16:03:26.842+0000] {processor.py:183} INFO - Processing /opt/airflow/dags/data_extracter_dag.py took 0.107 seconds
[2026-09-16T16:03:59.947+0000] {processor.py:161} INFO - Started process (PID=927) to work on /opt/airflow/dags/data_extracter_dag.py
[2026-09-16T16:03:59.949+0000] {processor.py:830} INFO - Processing file /opt/airflow/dags/data_extracter_dag.py for tasks to queue
[2026-09-16T16:03:59.950+0000] {logging_mixin.py:188} INFO - [2026-09-16T16:03:59.949+0000] {dagbag.py:545} INFO - Filling up the DagBag from /opt/airflow/dags/data_extracter_dag.py
[2026-09-16T16:03:59.968+0000] {processor.py:840} INFO - DAG(s) 'data_extraction' retrieved from /opt/airflow/dags/data_extracter_dag.py
[2026-09-16T16:04:00.003+0000] {logging_mixin.py:188} INFO - [2026-09-16T16:04:00.002+0000] {dag.py:3096} INFO - Sync 1 DAGs
[2026-09-16T16:04:00.016+0000] {logging_mixin.py:188} INFO - [2026-09-16T16:04:00.016+0000] {dag.py:3954} INFO - Setting next_dagrun for data_extraction to None, run_after=None
[2026-09-16T16:04:00.043+0000] {processor.py:183} INFO - Processing /opt/airflow/dags/data_extracter_dag.py took 0.105 seconds
[2026-09-16T16:04:32.086+0000] {processor.py:161} INFO - Started process (PID=935) to work on /opt/airflow/dags/data_extracter_dag.py
[2026-09-16T16:04:32.087+0000] {processor.py:830} INFO - Processing file /opt/airflow/dags/data_extracter_dag.py for tasks to queue
[2026-09-16T16:04:32.088+0000] {logging_mixin.py:188} INFO - [2026-09-16T16:04:32.087+0000] {dagbag.py:545} INFO - Filling up the DagBag from /opt/airflow/dags/data_extracter_dag.py
[2026-09-16T16:04:32.105+0000] {processor.py:840} INFO - DAG(s) 'data_extraction' retrieved from /opt/airflow/dags/data_extracter_dag.py
[2026-09-16T16:04:32.139+0000] {logging_mixin.py:188} INFO - [2026-09-16T16:04:32.138+0000] {dag.py:3096} INFO - Sync 1 DAGs
[2026-09-16T16:04:32.149+0000] {logging_mixin.py:188} INFO - [2026-09-16T16:04:32.149+0000] {dag.py:3954} INFO - Setting next_dagrun for data_extraction to None, run_after=None
[2026-09-16T16:04:32.170+0000] {processor.py:183} INFO - Processing /opt/airflow/dags/data_extracter_dag.py took 0.093 seconds
[2026-09-16T16:05:05.271+0000] {processor.py:161} INFO - Started process (PID=943) to work on /opt/airflow/dags/data_extracter_dag.py
[2026-09-16T16:05:05.273+0000] {processor.py:830} INFO - Processing file /opt/airflow/dags/data_extracter_dag.py for tasks to queue
[2026-09-16T16:05:05.274+0000] {logging_mixin.py:188} INFO - [2026-09-16T16:05:05.273+0000] {dagbag.py:545} INFO - Filling up the DagBag from /opt/airflow/dags/data_extracter_dag.py
[2026-09-16T16:05:05.288+0000] {processor.py:840} INFO - DAG(s) 'data_extraction' retrieved from /opt/airflow/dags/data_extracter_dag.py
[2026-09-16T16:05:05.321+0000] {logging_mixin.py:188} INFO - [2026-09-16T16:05:05.320+0000] {dag.py:3096} INFO - Sync 1 DAGs
[2026-09-16T16:05:05.332+0000] {logging_mixin.py:188} INFO - [2026-09-16T16:05:05.332+0000] {dag.py:3954} INFO - Setting next_dagrun for data_extraction to None, run_after=None
[2026-09-16T16:05:05.356+0000] {processor.py:183} INFO - Processing /opt/airflow/dags/data_extracter_dag.py took 0.094 seconds
[2026-09-16T16:05:38.463+0000] {processor.py:161} INFO - Started process (PID=951) to work on /opt/airflow/dags/data_extracter_dag.py
[2026-09-16T16:05:38.465+0000] {processor.py:830} INFO - Processing file /opt/airflow/dags/data_extracter_dag.py for tasks to queue
[2026-09-16T16:05:38.466+0000] {logging_mixin.py:188} INFO - [2026-09-16T16:05:38.465+0000] {dagbag.py:545} INFO - Filling up the DagBag from /opt/airflow/dags/data_extracter_dag.py
[2026-09-16T16:05:38.489+0000] {processor.py:840} INFO - DAG(s) 'data_extraction' retrieved from /opt/airflow/dags/data_extracter_dag.py
[2026-09-16T16:05:38.522+0000] {logging_mixin.py:188} INFO - [2026-09-16T16:05:38.522+0000] {dag.py:3096} INFO - Sync 1 DAGs
[2026-09-16T16:05:38.533+0000] {logging_mixin.py:188} INFO - [2026-09-16T16:05:38.533+0000] {dag.py:3954} INFO - Setting next_dagrun for data_extraction to None, run_after=None
[2026-09-16T16:05:38.558+0000] {processor.py:183} INFO - Processing /opt/airflow/dags/data_extracter_dag.py took 0.103 seconds
[2026-09-16T16:06:11.638+0000] {processor.py:161} INFO - Started process (PID=959) to work on /opt/airflow/dags/data_extracter_dag.py
[2026-09-16T16:06:11.640+0000] {processor.py:830} INFO - Processing file /opt/airflow/dags/data_extracter_dag.py for tasks to queue
[2026-09-16T16:06:11.641+0000] {logging_mixin.py:188} INFO - [2026-09-16T16:06:11.641+0000] {dagbag.py:545} INFO - Filling up the DagBag from /opt/airflow/dags/data_extracter_dag.py
[2026-09-16T16:06:11.658+0000] {processor.py:840} INFO - DAG(s) 'data_extraction' retrieved from /opt/airflow/dags/data_extracter_dag.py
[2026-09-16T16:06:11.692+0000] {logging_mixin.py:188} INFO - [2026-09-16T16:06:11.691+0000] {dag.py:3096} INFO - Sync 1 DAGs
[2026-09-16T16:06:11.702+0000] {logging_mixin.py:188} INFO - [2026-09-16T16:06:11.702+0000] {dag.py:3954} INFO - Setting next_dagrun for data_extraction to None, run_after=None
[2026-09-16T16:06:11.724+0000] {processor.py:183} INFO - Processing /opt/airflow/dags/data_extracter_dag.py took 0.095 seconds
[2026-09-16T16:06:43.900+0000] {processor.py:161} INFO - Started process (PID=967) to work on /opt/airflow/dags/data_extracter_dag.py
[2026-09-16T16:06:43.901+0000] {processor.py:830} INFO - Processing file /opt/airflow/dags/data_extracter_dag.py for tasks to queue
[2026-09-16T16:06:43.903+0000] {logging_mixin.py:188} INFO - [2026-09-16T16:06:43.902+0000] {dagbag.py:545} INFO - Filling up the DagBag from /opt/airflow/dags/data_extracter_dag.py
[2026-09-16T16:06:43.925+0000] {processor.py:840} INFO - DAG(s) 'data_extraction' retrieved from /opt/airflow/dags/data_extracter_dag.py
[2026-09-16T16:06:43.962+0000] {logging_mixin.py:188} INFO - [2026-09-16T16:06:43.961+0000] {dag.py:3096} INFO - Sync 1 DAGs
[2026-09-16T16:06:43.980+0000] {logging_mixin.py:188} INFO - [2026-09-16T16:06:43.980+0000] {dag.py:3954} INFO - Setting next_dagrun for data_extraction to None, run_after=None
[2026-09-16T16:06:44.010+0000] {processor.py:183} INFO - Processing /opt/airflow/dags/data_extracter_dag.py took 0.124 seconds
[2026-09-16T16:07:17.049+0000] {processor.py:161} INFO - Started process (PID=975) to work on /opt/airflow/dags/data_extracter_dag.py
[2026-09-16T16:07:17.051+0000] {processor.py:830} INFO - Processing file /opt/airflow/dags/data_extracter_dag.py for tasks to queue
[2026-09-16T16:07:17.053+0000] {logging_mixin.py:188} INFO - [2026-09-16T16:07:17.052+0000] {dagbag.py:545} INFO - Filling up the DagBag from /opt/airflow/dags/data_extracter_dag.py
[2026-09-16T16:07:17.073+0000] {processor.py:840} INFO - DAG(s) 'data_extraction' retrieved from /opt/airflow/dags/data_extracter_dag.py
[2026-09-16T16:07:17.107+0000] {logging_mixin.py:188} INFO - [2026-09-16T16:07:17.107+0000] {dag.py:3096} INFO - Sync 1 DAGs
[2026-09-16T16:07:17.120+0000] {logging_mixin.py:188} INFO - [2026-09-16T16:07:17.120+0000] {dag.py:3954} INFO - Setting next_dagrun for data_extraction to None, run_after=None
[2026-09-16T16:07:17.141+0000] {processor.py:183} INFO - Processing /opt/airflow/dags/data_extracter_dag.py took 0.101 seconds
[2026-09-16T16:12:33.223+0000] {processor.py:161} INFO - Started process (PID=983) to work on /opt/airflow/dags/data_extracter_dag.py
[2026-09-16T16:12:33.245+0000] {processor.py:830} INFO - Processing file /opt/airflow/dags/data_extracter_dag.py for tasks to queue
[2026-09-16T16:12:33.248+0000] {logging_mixin.py:188} INFO - [2026-09-16T16:12:33.247+0000] {dagbag.py:545} INFO - Filling up the DagBag from /opt/airflow/dags/data_extracter_dag.py
[2026-09-16T16:12:33.363+0000] {processor.py:840} INFO - DAG(s) 'data_extraction' retrieved from /opt/airflow/dags/data_extracter_dag.py
[2026-09-16T16:12:33.651+0000] {logging_mixin.py:188} INFO - [2026-09-16T16:12:33.650+0000] {dag.py:3096} INFO - Sync 1 DAGs
[2026-09-16T16:12:33.716+0000] {logging_mixin.py:188} INFO - [2026-09-16T16:12:33.716+0000] {dag.py:3954} INFO - Setting next_dagrun for data_extraction to None, run_after=None
[2026-09-16T16:12:33.870+0000] {processor.py:183} INFO - Processing /opt/airflow/dags/data_extracter_dag.py took 0.779 seconds
[2026-09-16T16:13:05.052+0000] {processor.py:161} INFO - Started process (PID=991) to work on /opt/airflow/dags/data_extracter_dag.py
[2026-09-16T16:13:05.054+0000] {processor.py:830} INFO - Processing file /opt/airflow/dags/data_extracter_dag.py for tasks to queue
[2026-09-16T16:13:05.055+0000] {logging_mixin.py:188} INFO - [2026-09-16T16:13:05.055+0000] {dagbag.py:545} INFO - Filling up the DagBag from /opt/airflow/dags/data_extracter_dag.py
[2026-09-16T16:13:05.080+0000] {processor.py:840} INFO - DAG(s) 'data_extraction' retrieved from /opt/airflow/dags/data_extracter_dag.py
[2026-09-16T16:13:05.117+0000] {logging_mixin.py:188} INFO - [2026-09-16T16:13:05.116+0000] {dag.py:3096} INFO - Sync 1 DAGs
[2026-09-16T16:13:05.132+0000] {logging_mixin.py:188} INFO - [2026-09-16T16:13:05.131+0000] {dag.py:3954} INFO - Setting next_dagrun for data_extraction to None, run_after=None
[2026-09-16T16:13:05.158+0000] {processor.py:183} INFO - Processing /opt/airflow/dags/data_extracter_dag.py took 0.118 seconds
[2026-09-16T16:13:37.595+0000] {processor.py:161} INFO - Started process (PID=999) to work on /opt/airflow/dags/data_extracter_dag.py
[2026-09-16T16:13:37.597+0000] {processor.py:830} INFO - Processing file /opt/airflow/dags/data_extracter_dag.py for tasks to queue
[2026-09-16T16:13:37.599+0000] {logging_mixin.py:188} INFO - [2026-09-16T16:13:37.598+0000] {dagbag.py:545} INFO - Filling up the DagBag from /opt/airflow/dags/data_extracter_dag.py
[2026-09-16T16:13:37.617+0000] {processor.py:840} INFO - DAG(s) 'data_extraction' retrieved from /opt/airflow/dags/data_extracter_dag.py
[2026-09-16T16:13:37.652+0000] {logging_mixin.py:188} INFO - [2026-09-16T16:13:37.652+0000] {dag.py:3096} INFO - Sync 1 DAGs
[2026-09-16T16:13:37.665+0000] {logging_mixin.py:188} INFO - [2026-09-16T16:13:37.664+0000] {dag.py:3954} INFO - Setting next_dagrun for data_extraction to None, run_after=None
[2026-09-16T16:13:37.695+0000] {processor.py:183} INFO - Processing /opt/airflow/dags/data_extracter_dag.py took 0.110 seconds
[2026-09-16T16:14:09.610+0000] {processor.py:161} INFO - Started process (PID=1007) to work on /opt/airflow/dags/data_extracter_dag.py
[2026-09-16T16:14:09.612+0000] {processor.py:830} INFO - Processing file /opt/airflow/dags/data_extracter_dag.py for tasks to queue
[2026-09-16T16:14:09.614+0000] {logging_mixin.py:188} INFO - [2026-09-16T16:14:09.613+0000] {dagbag.py:545} INFO - Filling up the DagBag from /opt/airflow/dags/data_extracter_dag.py
[2026-09-16T16:14:09.637+0000] {processor.py:840} INFO - DAG(s) 'data_extraction' retrieved from /opt/airflow/dags/data_extracter_dag.py
[2026-09-16T16:14:09.678+0000] {logging_mixin.py:188} INFO - [2026-09-16T16:14:09.678+0000] {dag.py:3096} INFO - Sync 1 DAGs
[2026-09-16T16:14:09.694+0000] {logging_mixin.py:188} INFO - [2026-09-16T16:14:09.693+0000] {dag.py:3954} INFO - Setting next_dagrun for data_extraction to None, run_after=None
[2026-09-16T16:14:09.726+0000] {processor.py:183} INFO - Processing /opt/airflow/dags/data_extracter_dag.py took 0.127 seconds
[2026-09-16T16:14:42.554+0000] {processor.py:161} INFO - Started process (PID=1015) to work on /opt/airflow/dags/data_extracter_dag.py
[2026-09-16T16:14:42.556+0000] {processor.py:830} INFO - Processing file /opt/airflow/dags/data_extracter_dag.py for tasks to queue
[2026-09-16T16:14:42.557+0000] {logging_mixin.py:188} INFO - [2026-09-16T16:14:42.556+0000] {dagbag.py:545} INFO - Filling up the DagBag from /opt/airflow/dags/data_extracter_dag.py
[2026-09-16T16:14:42.575+0000] {processor.py:840} INFO - DAG(s) 'data_extraction' retrieved from /opt/airflow/dags/data_extracter_dag.py
[2026-09-16T16:14:42.612+0000] {logging_mixin.py:188} INFO - [2026-09-16T16:14:42.611+0000] {dag.py:3096} INFO - Sync 1 DAGs
[2026-09-16T16:14:42.622+0000] {logging_mixin.py:188} INFO - [2026-09-16T16:14:42.622+0000] {dag.py:3954} INFO - Setting next_dagrun for data_extraction to None, run_after=None
[2026-09-16T16:14:42.648+0000] {processor.py:183} INFO - Processing /opt/airflow/dags/data_extracter_dag.py took 0.103 seconds
[2026-09-16T16:15:15.495+0000] {processor.py:161} INFO - Started process (PID=1023) to work on /opt/airflow/dags/data_extracter_dag.py
[2026-09-16T16:15:15.496+0000] {processor.py:830} INFO - Processing file /opt/airflow/dags/data_extracter_dag.py for tasks to queue
[2026-09-16T16:15:15.497+0000] {logging_mixin.py:188} INFO - [2026-09-16T16:15:15.497+0000] {dagbag.py:545} INFO - Filling up the DagBag from /opt/airflow/dags/data_extracter_dag.py
[2026-09-16T16:15:15.516+0000] {processor.py:840} INFO - DAG(s) 'data_extraction' retrieved from /opt/airflow/dags/data_extracter_dag.py
[2026-09-16T16:15:15.552+0000] {logging_mixin.py:188} INFO - [2026-09-16T16:15:15.552+0000] {dag.py:3096} INFO - Sync 1 DAGs
[2026-09-16T16:15:15.565+0000] {logging_mixin.py:188} INFO - [2026-09-16T16:15:15.565+0000] {dag.py:3954} INFO - Setting next_dagrun for data_extraction to None, run_after=None
[2026-09-16T16:15:15.587+0000] {processor.py:183} INFO - Processing /opt/airflow/dags/data_extracter_dag.py took 0.103 seconds
[2026-09-16T16:15:48.619+0000] {processor.py:161} INFO - Started process (PID=1031) to work on /opt/airflow/dags/data_extracter_dag.py
[2026-09-16T16:15:48.621+0000] {processor.py:830} INFO - Processing file /opt/airflow/dags/data_extracter_dag.py for tasks to queue
[2026-09-16T16:15:48.622+0000] {logging_mixin.py:188} INFO - [2026-09-16T16:15:48.622+0000] {dagbag.py:545} INFO - Filling up the DagBag from /opt/airflow/dags/data_extracter_dag.py
[2026-09-16T16:15:48.643+0000] {processor.py:840} INFO - DAG(s) 'data_extraction' retrieved from /opt/airflow/dags/data_extracter_dag.py
[2026-09-16T16:15:48.678+0000] {logging_mixin.py:188} INFO - [2026-09-16T16:15:48.678+0000] {dag.py:3096} INFO - Sync 1 DAGs
[2026-09-16T16:15:48.693+0000] {logging_mixin.py:188} INFO - [2026-09-16T16:15:48.693+0000] {dag.py:3954} INFO - Setting next_dagrun for data_extraction to None, run_after=None
[2026-09-16T16:15:48.720+0000] {processor.py:183} INFO - Processing /opt/airflow/dags/data_extracter_dag.py took 0.111 seconds
[2026-09-16T16:16:20.892+0000] {processor.py:161} INFO - Started process (PID=1039) to work on /opt/airflow/dags/data_extracter_dag.py
[2026-09-16T16:16:20.894+0000] {processor.py:830} INFO - Processing file /opt/airflow/dags/data_extracter_dag.py for tasks to queue
[2026-09-16T16:16:20.895+0000] {logging_mixin.py:188} INFO - [2026-09-16T16:16:20.894+0000] {dagbag.py:545} INFO - Filling up the DagBag from /opt/airflow/dags/data_extracter_dag.py
[2026-09-16T16:16:20.914+0000] {processor.py:840} INFO - DAG(s) 'data_extraction' retrieved from /opt/airflow/dags/data_extracter_dag.py
[2026-09-16T16:16:20.951+0000] {logging_mixin.py:188} INFO - [2026-09-16T16:16:20.951+0000] {dag.py:3096} INFO - Sync 1 DAGs
[2026-09-16T16:16:20.964+0000] {logging_mixin.py:188} INFO - [2026-09-16T16:16:20.963+0000] {dag.py:3954} INFO - Setting next_dagrun for data_extraction to None, run_after=None
[2026-09-16T16:16:20.992+0000] {processor.py:183} INFO - Processing /opt/airflow/dags/data_extracter_dag.py took 0.109 seconds
[2026-09-16T16:16:53.972+0000] {processor.py:161} INFO - Started process (PID=1047) to work on /opt/airflow/dags/data_extracter_dag.py
[2026-09-16T16:16:53.974+0000] {processor.py:830} INFO - Processing file /opt/airflow/dags/data_extracter_dag.py for tasks to queue
[2026-09-16T16:16:53.975+0000] {logging_mixin.py:188} INFO - [2026-09-16T16:16:53.975+0000] {dagbag.py:545} INFO - Filling up the DagBag from /opt/airflow/dags/data_extracter_dag.py
[2026-09-16T16:16:53.994+0000] {processor.py:840} INFO - DAG(s) 'data_extraction' retrieved from /opt/airflow/dags/data_extracter_dag.py
[2026-09-16T16:16:54.033+0000] {logging_mixin.py:188} INFO - [2026-09-16T16:16:54.032+0000] {dag.py:3096} INFO - Sync 1 DAGs
[2026-09-16T16:16:54.045+0000] {logging_mixin.py:188} INFO - [2026-09-16T16:16:54.045+0000] {dag.py:3954} INFO - Setting next_dagrun for data_extraction to None, run_after=None
[2026-09-16T16:16:54.072+0000] {processor.py:183} INFO - Processing /opt/airflow/dags/data_extracter_dag.py took 0.107 seconds
[2026-09-16T16:17:27.162+0000] {processor.py:161} INFO - Started process (PID=1055) to work on /opt/airflow/dags/data_extracter_dag.py
[2026-09-16T16:17:27.164+0000] {processor.py:830} INFO - Processing file /opt/airflow/dags/data_extracter_dag.py for tasks to queue
[2026-09-16T16:17:27.165+0000] {logging_mixin.py:188} INFO - [2026-09-16T16:17:27.165+0000] {dagbag.py:545} INFO - Filling up the DagBag from /opt/airflow/dags/data_extracter_dag.py
[2026-09-16T16:17:27.190+0000] {processor.py:840} INFO - DAG(s) 'data_extraction' retrieved from /opt/airflow/dags/data_extracter_dag.py
[2026-09-16T16:17:27.225+0000] {logging_mixin.py:188} INFO - [2026-09-16T16:17:27.225+0000] {dag.py:3096} INFO - Sync 1 DAGs
[2026-09-16T16:17:27.241+0000] {logging_mixin.py:188} INFO - [2026-09-16T16:17:27.241+0000] {dag.py:3954} INFO - Setting next_dagrun for data_extraction to None, run_after=None
[2026-09-16T16:17:27.263+0000] {processor.py:183} INFO - Processing /opt/airflow/dags/data_extracter_dag.py took 0.113 seconds
[2026-09-16T16:21:08.950+0000] {processor.py:161} INFO - Started process (PID=1057) to work on /opt/airflow/dags/data_extracter_dag.py
[2026-09-16T16:21:08.959+0000] {processor.py:830} INFO - Processing file /opt/airflow/dags/data_extracter_dag.py for tasks to queue
[2026-09-16T16:21:08.960+0000] {logging_mixin.py:188} INFO - [2026-09-16T16:21:08.960+0000] {dagbag.py:545} INFO - Filling up the DagBag from /opt/airflow/dags/data_extracter_dag.py
[2026-09-16T16:21:09.028+0000] {processor.py:840} INFO - DAG(s) 'data_extraction' retrieved from /opt/airflow/dags/data_extracter_dag.py
[2026-09-16T16:21:09.182+0000] {logging_mixin.py:188} INFO - [2026-09-16T16:21:09.182+0000] {dag.py:3096} INFO - Sync 1 DAGs
[2026-09-16T16:21:09.226+0000] {logging_mixin.py:188} INFO - [2026-09-16T16:21:09.225+0000] {dag.py:3954} INFO - Setting next_dagrun for data_extraction to None, run_after=None
[2026-09-16T16:21:09.286+0000] {processor.py:183} INFO - Processing /opt/airflow/dags/data_extracter_dag.py took 0.346 seconds
[2026-09-16T16:21:39.357+0000] {processor.py:161} INFO - Started process (PID=1065) to work on /opt/airflow/dags/data_extracter_dag.py
[2026-09-16T16:21:39.360+0000] {processor.py:830} INFO - Processing file /opt/airflow/dags/data_extracter_dag.py for tasks to queue
[2026-09-16T16:21:39.361+0000] {logging_mixin.py:188} INFO - [2026-09-16T16:21:39.361+0000] {dagbag.py:545} INFO - Filling up the DagBag from /opt/airflow/dags/data_extracter_dag.py
[2026-09-16T16:21:39.383+0000] {processor.py:840} INFO - DAG(s) 'data_extraction' retrieved from /opt/airflow/dags/data_extracter_dag.py
[2026-09-16T16:21:39.446+0000] {logging_mixin.py:188} INFO - [2026-09-16T16:21:39.446+0000] {dag.py:3096} INFO - Sync 1 DAGs
[2026-09-16T16:21:39.463+0000] {logging_mixin.py:188} INFO - [2026-09-16T16:21:39.462+0000] {dag.py:3954} INFO - Setting next_dagrun for data_extraction to None, run_after=None
[2026-09-16T16:21:39.494+0000] {processor.py:183} INFO - Processing /opt/airflow/dags/data_extracter_dag.py took 0.152 seconds
[2026-09-16T16:22:10.098+0000] {processor.py:161} INFO - Started process (PID=1073) to work on /opt/airflow/dags/data_extracter_dag.py
[2026-09-16T16:22:10.099+0000] {processor.py:830} INFO - Processing file /opt/airflow/dags/data_extracter_dag.py for tasks to queue
[2026-09-16T16:22:10.100+0000] {logging_mixin.py:188} INFO - [2026-09-16T16:22:10.099+0000] {dagbag.py:545} INFO - Filling up the DagBag from /opt/airflow/dags/data_extracter_dag.py
[2026-09-16T16:22:10.123+0000] {processor.py:840} INFO - DAG(s) 'data_extraction' retrieved from /opt/airflow/dags/data_extracter_dag.py
[2026-09-16T16:22:10.179+0000] {logging_mixin.py:188} INFO - [2026-09-16T16:22:10.178+0000] {dag.py:3096} INFO - Sync 1 DAGs
[2026-09-16T16:22:10.201+0000] {logging_mixin.py:188} INFO - [2026-09-16T16:22:10.200+0000] {dag.py:3954} INFO - Setting next_dagrun for data_extraction to None, run_after=None
[2026-09-16T16:22:10.232+0000] {processor.py:183} INFO - Processing /opt/airflow/dags/data_extracter_dag.py took 0.145 seconds
[2026-09-16T16:22:40.512+0000] {processor.py:161} INFO - Started process (PID=1081) to work on /opt/airflow/dags/data_extracter_dag.py
[2026-09-16T16:22:40.514+0000] {processor.py:830} INFO - Processing file /opt/airflow/dags/data_extracter_dag.py for tasks to queue
[2026-09-16T16:22:40.518+0000] {logging_mixin.py:188} INFO - [2026-09-16T16:22:40.517+0000] {dagbag.py:545} INFO - Filling up the DagBag from /opt/airflow/dags/data_extracter_dag.py
[2026-09-16T16:22:40.545+0000] {processor.py:840} INFO - DAG(s) 'data_extraction' retrieved from /opt/airflow/dags/data_extracter_dag.py
[2026-09-16T16:22:40.599+0000] {logging_mixin.py:188} INFO - [2026-09-16T16:22:40.598+0000] {dag.py:3096} INFO - Sync 1 DAGs
[2026-09-16T16:22:40.615+0000] {logging_mixin.py:188} INFO - [2026-09-16T16:22:40.615+0000] {dag.py:3954} INFO - Setting next_dagrun for data_extraction to None, run_after=None
[2026-09-16T16:22:40.640+0000] {processor.py:183} INFO - Processing /opt/airflow/dags/data_extracter_dag.py took 0.146 seconds
[2026-09-16T16:23:11.208+0000] {processor.py:161} INFO - Started process (PID=1089) to work on /opt/airflow/dags/data_extracter_dag.py
[2026-09-16T16:23:11.210+0000] {processor.py:830} INFO - Processing file /opt/airflow/dags/data_extracter_dag.py for tasks to queue
[2026-09-16T16:23:11.211+0000] {logging_mixin.py:188} INFO - [2026-09-16T16:23:11.210+0000] {dagbag.py:545} INFO - Filling up the DagBag from /opt/airflow/dags/data_extracter_dag.py
[2026-09-16T16:23:11.229+0000] {processor.py:840} INFO - DAG(s) 'data_extraction' retrieved from /opt/airflow/dags/data_extracter_dag.py
[2026-09-16T16:23:11.268+0000] {logging_mixin.py:188} INFO - [2026-09-16T16:23:11.268+0000] {dag.py:3096} INFO - Sync 1 DAGs
[2026-09-16T16:23:11.281+0000] {logging_mixin.py:188} INFO - [2026-09-16T16:23:11.281+0000] {dag.py:3954} INFO - Setting next_dagrun for data_extraction to None, run_after=None
[2026-09-16T16:23:11.302+0000] {processor.py:183} INFO - Processing /opt/airflow/dags/data_extracter_dag.py took 0.103 seconds
[2026-09-16T16:23:41.487+0000] {processor.py:161} INFO - Started process (PID=1097) to work on /opt/airflow/dags/data_extracter_dag.py
[2026-09-16T16:23:41.491+0000] {processor.py:830} INFO - Processing file /opt/airflow/dags/data_extracter_dag.py for tasks to queue
[2026-09-16T16:23:41.493+0000] {logging_mixin.py:188} INFO - [2026-09-16T16:23:41.492+0000] {dagbag.py:545} INFO - Filling up the DagBag from /opt/airflow/dags/data_extracter_dag.py
[2026-09-16T16:23:41.519+0000] {processor.py:840} INFO - DAG(s) 'data_extraction' retrieved from /opt/airflow/dags/data_extracter_dag.py
[2026-09-16T16:23:41.569+0000] {logging_mixin.py:188} INFO - [2026-09-16T16:23:41.569+0000] {dag.py:3096} INFO - Sync 1 DAGs
[2026-09-16T16:23:41.584+0000] {logging_mixin.py:188} INFO - [2026-09-16T16:23:41.584+0000] {dag.py:3954} INFO - Setting next_dagrun for data_extraction to None, run_after=None
[2026-09-16T16:23:41.611+0000] {processor.py:183} INFO - Processing /opt/airflow/dags/data_extracter_dag.py took 0.137 seconds
[2026-09-16T16:24:11.753+0000] {processor.py:161} INFO - Started process (PID=1105) to work on /opt/airflow/dags/data_extracter_dag.py
[2026-09-16T16:24:11.754+0000] {processor.py:830} INFO - Processing file /opt/airflow/dags/data_extracter_dag.py for tasks to queue
[2026-09-16T16:24:11.756+0000] {logging_mixin.py:188} INFO - [2026-09-16T16:24:11.755+0000] {dagbag.py:545} INFO - Filling up the DagBag from /opt/airflow/dags/data_extracter_dag.py
[2026-09-16T16:24:11.776+0000] {processor.py:840} INFO - DAG(s) 'data_extraction' retrieved from /opt/airflow/dags/data_extracter_dag.py
[2026-09-16T16:24:11.812+0000] {logging_mixin.py:188} INFO - [2026-09-16T16:24:11.811+0000] {dag.py:3096} INFO - Sync 1 DAGs
[2026-09-16T16:24:11.830+0000] {logging_mixin.py:188} INFO - [2026-09-16T16:24:11.830+0000] {dag.py:3954} INFO - Setting next_dagrun for data_extraction to None, run_after=None
[2026-09-16T16:24:11.849+0000] {processor.py:183} INFO - Processing /opt/airflow/dags/data_extracter_dag.py took 0.109 seconds
[2026-09-16T16:24:43.864+0000] {processor.py:161} INFO - Started process (PID=1113) to work on /opt/airflow/dags/data_extracter_dag.py
[2026-09-16T16:24:43.866+0000] {processor.py:830} INFO - Processing file /opt/airflow/dags/data_extracter_dag.py for tasks to queue
[2026-09-16T16:24:43.868+0000] {logging_mixin.py:188} INFO - [2026-09-16T16:24:43.867+0000] {dagbag.py:545} INFO - Filling up the DagBag from /opt/airflow/dags/data_extracter_dag.py
[2026-09-16T16:24:43.888+0000] {processor.py:840} INFO - DAG(s) 'data_extraction' retrieved from /opt/airflow/dags/data_extracter_dag.py
[2026-09-16T16:24:43.930+0000] {logging_mixin.py:188} INFO - [2026-09-16T16:24:43.930+0000] {dag.py:3096} INFO - Sync 1 DAGs
[2026-09-16T16:24:43.950+0000] {logging_mixin.py:188} INFO - [2026-09-16T16:24:43.949+0000] {dag.py:3954} INFO - Setting next_dagrun for data_extraction to None, run_after=None
[2026-09-16T16:24:43.972+0000] {processor.py:183} INFO - Processing /opt/airflow/dags/data_extracter_dag.py took 0.117 seconds
[2026-09-16T16:25:15.991+0000] {processor.py:161} INFO - Started process (PID=1121) to work on /opt/airflow/dags/data_extracter_dag.py
[2026-09-16T16:25:15.992+0000] {processor.py:830} INFO - Processing file /opt/airflow/dags/data_extracter_dag.py for tasks to queue
[2026-09-16T16:25:15.994+0000] {logging_mixin.py:188} INFO - [2026-09-16T16:25:15.993+0000] {dagbag.py:545} INFO - Filling up the DagBag from /opt/airflow/dags/data_extracter_dag.py
[2026-09-16T16:25:16.015+0000] {processor.py:840} INFO - DAG(s) 'data_extraction' retrieved from /opt/airflow/dags/data_extracter_dag.py
[2026-09-16T16:25:16.048+0000] {logging_mixin.py:188} INFO - [2026-09-16T16:25:16.048+0000] {dag.py:3096} INFO - Sync 1 DAGs
[2026-09-16T16:25:16.063+0000] {logging_mixin.py:188} INFO - [2026-09-16T16:25:16.063+0000] {dag.py:3954} INFO - Setting next_dagrun for data_extraction to None, run_after=None
[2026-09-16T16:25:16.087+0000] {processor.py:183} INFO - Processing /opt/airflow/dags/data_extracter_dag.py took 0.110 seconds
[2026-09-16T16:25:47.359+0000] {processor.py:161} INFO - Started process (PID=1129) to work on /opt/airflow/dags/data_extracter_dag.py
[2026-09-16T16:25:47.361+0000] {processor.py:830} INFO - Processing file /opt/airflow/dags/data_extracter_dag.py for tasks to queue
[2026-09-16T16:25:47.363+0000] {logging_mixin.py:188} INFO - [2026-09-16T16:25:47.362+0000] {dagbag.py:545} INFO - Filling up the DagBag from /opt/airflow/dags/data_extracter_dag.py
[2026-09-16T16:25:47.387+0000] {processor.py:840} INFO - DAG(s) 'data_extraction' retrieved from /opt/airflow/dags/data_extracter_dag.py
[2026-09-16T16:25:47.426+0000] {logging_mixin.py:188} INFO - [2026-09-16T16:25:47.425+0000] {dag.py:3096} INFO - Sync 1 DAGs
[2026-09-16T16:25:47.439+0000] {logging_mixin.py:188} INFO - [2026-09-16T16:25:47.438+0000] {dag.py:3954} INFO - Setting next_dagrun for data_extraction to None, run_after=None
[2026-09-16T16:25:47.460+0000] {processor.py:183} INFO - Processing /opt/airflow/dags/data_extracter_dag.py took 0.113 seconds
[2026-09-16T16:26:18.004+0000] {processor.py:161} INFO - Started process (PID=1137) to work on /opt/airflow/dags/data_extracter_dag.py
[2026-09-16T16:26:18.005+0000] {processor.py:830} INFO - Processing file /opt/airflow/dags/data_extracter_dag.py for tasks to queue
[2026-09-16T16:26:18.007+0000] {logging_mixin.py:188} INFO - [2026-09-16T16:26:18.006+0000] {dagbag.py:545} INFO - Filling up the DagBag from /opt/airflow/dags/data_extracter_dag.py
[2026-09-16T16:26:18.026+0000] {processor.py:840} INFO - DAG(s) 'data_extraction' retrieved from /opt/airflow/dags/data_extracter_dag.py
[2026-09-16T16:26:18.057+0000] {logging_mixin.py:188} INFO - [2026-09-16T16:26:18.056+0000] {dag.py:3096} INFO - Sync 1 DAGs
[2026-09-16T16:26:18.067+0000] {logging_mixin.py:188} INFO - [2026-09-16T16:26:18.067+0000] {dag.py:3954} INFO - Setting next_dagrun for data_extraction to None, run_after=None
[2026-09-16T16:26:18.087+0000] {processor.py:183} INFO - Processing /opt/airflow/dags/data_extracter_dag.py took 0.092 seconds
[2026-09-16T16:26:48.952+0000] {processor.py:161} INFO - Started process (PID=1145) to work on /opt/airflow/dags/data_extracter_dag.py
[2026-09-16T16:26:48.954+0000] {processor.py:830} INFO - Processing file /opt/airflow/dags/data_extracter_dag.py for tasks to queue
[2026-09-16T16:26:48.955+0000] {logging_mixin.py:188} INFO - [2026-09-16T16:26:48.955+0000] {dagbag.py:545} INFO - Filling up the DagBag from /opt/airflow/dags/data_extracter_dag.py
[2026-09-16T16:26:48.975+0000] {processor.py:840} INFO - DAG(s) 'data_extraction' retrieved from /opt/airflow/dags/data_extracter_dag.py
[2026-09-16T16:26:49.010+0000] {logging_mixin.py:188} INFO - [2026-09-16T16:26:49.009+0000] {dag.py:3096} INFO - Sync 1 DAGs
[2026-09-16T16:26:49.021+0000] {logging_mixin.py:188} INFO - [2026-09-16T16:26:49.020+0000] {dag.py:3954} INFO - Setting next_dagrun for data_extraction to None, run_after=None
[2026-09-16T16:26:49.046+0000] {processor.py:183} INFO - Processing /opt/airflow/dags/data_extracter_dag.py took 0.104 seconds
[2026-09-16T16:27:19.603+0000] {processor.py:161} INFO - Started process (PID=1153) to work on /opt/airflow/dags/data_extracter_dag.py
[2026-09-16T16:27:19.617+0000] {processor.py:830} INFO - Processing file /opt/airflow/dags/data_extracter_dag.py for tasks to queue
[2026-09-16T16:27:19.619+0000] {logging_mixin.py:188} INFO - [2026-09-16T16:27:19.619+0000] {dagbag.py:545} INFO - Filling up the DagBag from /opt/airflow/dags/data_extracter_dag.py
[2026-09-16T16:27:19.706+0000] {processor.py:840} INFO - DAG(s) 'data_extraction' retrieved from /opt/airflow/dags/data_extracter_dag.py
[2026-09-16T16:27:19.852+0000] {logging_mixin.py:188} INFO - [2026-09-16T16:27:19.851+0000] {dag.py:3096} INFO - Sync 1 DAGs
[2026-09-16T16:27:19.904+0000] {logging_mixin.py:188} INFO - [2026-09-16T16:27:19.903+0000] {dag.py:3954} INFO - Setting next_dagrun for data_extraction to None, run_after=None
[2026-09-16T16:27:19.997+0000] {processor.py:183} INFO - Processing /opt/airflow/dags/data_extracter_dag.py took 0.439 seconds
[2026-09-16T16:34:21.299+0000] {processor.py:161} INFO - Started process (PID=1155) to work on /opt/airflow/dags/data_extracter_dag.py
[2026-09-16T16:34:21.300+0000] {processor.py:830} INFO - Processing file /opt/airflow/dags/data_extracter_dag.py for tasks to queue
[2026-09-16T16:34:21.301+0000] {logging_mixin.py:188} INFO - [2026-09-16T16:34:21.301+0000] {dagbag.py:545} INFO - Filling up the DagBag from /opt/airflow/dags/data_extracter_dag.py
[2026-09-16T16:34:21.320+0000] {processor.py:840} INFO - DAG(s) 'data_extraction' retrieved from /opt/airflow/dags/data_extracter_dag.py
[2026-09-16T16:34:21.359+0000] {logging_mixin.py:188} INFO - [2026-09-16T16:34:21.358+0000] {dag.py:3096} INFO - Sync 1 DAGs
[2026-09-16T16:34:21.373+0000] {logging_mixin.py:188} INFO - [2026-09-16T16:34:21.373+0000] {dag.py:3954} INFO - Setting next_dagrun for data_extraction to None, run_after=None
[2026-09-16T16:34:21.401+0000] {processor.py:183} INFO - Processing /opt/airflow/dags/data_extracter_dag.py took 0.115 seconds
[2026-09-16T17:24:27.135+0000] {processor.py:161} INFO - Started process (PID=1157) to work on /opt/airflow/dags/data_extracter_dag.py
[2026-09-16T17:24:27.148+0000] {processor.py:830} INFO - Processing file /opt/airflow/dags/data_extracter_dag.py for tasks to queue
[2026-09-16T17:24:27.150+0000] {logging_mixin.py:188} INFO - [2026-09-16T17:24:27.149+0000] {dagbag.py:545} INFO - Filling up the DagBag from /opt/airflow/dags/data_extracter_dag.py
[2026-09-16T17:24:27.264+0000] {processor.py:840} INFO - DAG(s) 'data_extraction' retrieved from /opt/airflow/dags/data_extracter_dag.py
[2026-09-16T17:24:27.489+0000] {logging_mixin.py:188} INFO - [2026-09-16T17:24:27.488+0000] {dag.py:3096} INFO - Sync 1 DAGs
[2026-09-16T17:24:27.568+0000] {logging_mixin.py:188} INFO - [2026-09-16T17:24:27.567+0000] {dag.py:3954} INFO - Setting next_dagrun for data_extraction to None, run_after=None
[2026-09-16T17:24:27.859+0000] {processor.py:183} INFO - Processing /opt/airflow/dags/data_extracter_dag.py took 0.771 seconds
[2026-09-16T22:37:52.250+0000] {processor.py:161} INFO - Started process (PID=1159) to work on /opt/airflow/dags/data_extracter_dag.py
[2026-09-16T22:37:52.251+0000] {processor.py:830} INFO - Processing file /opt/airflow/dags/data_extracter_dag.py for tasks to queue
[2026-09-16T22:37:52.254+0000] {logging_mixin.py:188} INFO - [2026-09-16T22:37:52.253+0000] {dagbag.py:545} INFO - Filling up the DagBag from /opt/airflow/dags/data_extracter_dag.py
[2026-09-16T22:37:52.310+0000] {processor.py:840} INFO - DAG(s) 'data_extraction' retrieved from /opt/airflow/dags/data_extracter_dag.py
[2026-09-16T22:37:52.550+0000] {logging_mixin.py:188} INFO - [2026-09-16T22:37:52.547+0000] {dag.py:3096} INFO - Sync 1 DAGs
[2026-09-16T22:37:52.631+0000] {logging_mixin.py:188} INFO - [2026-09-16T22:37:52.630+0000] {dag.py:3954} INFO - Setting next_dagrun for data_extraction to None, run_after=None
[2026-09-16T22:37:52.936+0000] {processor.py:183} INFO - Processing /opt/airflow/dags/data_extracter_dag.py took 0.740 seconds
[2026-09-16T22:38:23.593+0000] {processor.py:161} INFO - Started process (PID=1167) to work on /opt/airflow/dags/data_extracter_dag.py
[2026-09-16T22:38:23.596+0000] {processor.py:830} INFO - Processing file /opt/airflow/dags/data_extracter_dag.py for tasks to queue
[2026-09-16T22:38:23.602+0000] {logging_mixin.py:188} INFO - [2026-09-16T22:38:23.600+0000] {dagbag.py:545} INFO - Filling up the DagBag from /opt/airflow/dags/data_extracter_dag.py
[2026-09-16T22:38:23.799+0000] {processor.py:840} INFO - DAG(s) 'data_extraction' retrieved from /opt/airflow/dags/data_extracter_dag.py
[2026-09-16T22:38:23.978+0000] {logging_mixin.py:188} INFO - [2026-09-16T22:38:23.978+0000] {dag.py:3096} INFO - Sync 1 DAGs
[2026-09-16T22:38:26.100+0000] {logging_mixin.py:188} INFO - [2026-09-16T22:38:26.100+0000] {dag.py:3954} INFO - Setting next_dagrun for data_extraction to None, run_after=None
[2026-09-16T22:38:26.285+0000] {processor.py:183} INFO - Processing /opt/airflow/dags/data_extracter_dag.py took 2.769 seconds
[2026-09-16T22:38:56.452+0000] {processor.py:161} INFO - Started process (PID=1175) to work on /opt/airflow/dags/data_extracter_dag.py
[2026-09-16T22:38:56.454+0000] {processor.py:830} INFO - Processing file /opt/airflow/dags/data_extracter_dag.py for tasks to queue
[2026-09-16T22:38:56.456+0000] {logging_mixin.py:188} INFO - [2026-09-16T22:38:56.455+0000] {dagbag.py:545} INFO - Filling up the DagBag from /opt/airflow/dags/data_extracter_dag.py
[2026-09-16T22:38:56.493+0000] {processor.py:840} INFO - DAG(s) 'data_extraction' retrieved from /opt/airflow/dags/data_extracter_dag.py
[2026-09-16T22:38:56.613+0000] {logging_mixin.py:188} INFO - [2026-09-16T22:38:56.612+0000] {dag.py:3096} INFO - Sync 1 DAGs
[2026-09-16T22:38:56.644+0000] {logging_mixin.py:188} INFO - [2026-09-16T22:38:56.643+0000] {dag.py:3954} INFO - Setting next_dagrun for data_extraction to None, run_after=None
[2026-09-16T22:38:56.750+0000] {processor.py:183} INFO - Processing /opt/airflow/dags/data_extracter_dag.py took 0.315 seconds
[2026-09-16T22:39:27.637+0000] {processor.py:161} INFO - Started process (PID=1183) to work on /opt/airflow/dags/data_extracter_dag.py
[2026-09-16T22:39:27.638+0000] {processor.py:830} INFO - Processing file /opt/airflow/dags/data_extracter_dag.py for tasks to queue
[2026-09-16T22:39:27.638+0000] {logging_mixin.py:188} INFO - [2026-09-16T22:39:27.638+0000] {dagbag.py:545} INFO - Filling up the DagBag from /opt/airflow/dags/data_extracter_dag.py
[2026-09-16T22:39:27.650+0000] {processor.py:840} INFO - DAG(s) 'data_extraction' retrieved from /opt/airflow/dags/data_extracter_dag.py
[2026-09-16T22:39:27.681+0000] {logging_mixin.py:188} INFO - [2026-09-16T22:39:27.680+0000] {dag.py:3096} INFO - Sync 1 DAGs
[2026-09-16T22:39:27.692+0000] {logging_mixin.py:188} INFO - [2026-09-16T22:39:27.692+0000] {dag.py:3954} INFO - Setting next_dagrun for data_extraction to None, run_after=None
[2026-09-16T22:39:27.713+0000] {processor.py:183} INFO - Processing /opt/airflow/dags/data_extracter_dag.py took 0.087 seconds
[2026-09-16T22:39:58.391+0000] {processor.py:161} INFO - Started process (PID=1191) to work on /opt/airflow/dags/data_extracter_dag.py
[2026-09-16T22:40:00.139+0000] {processor.py:830} INFO - Processing file /opt/airflow/dags/data_extracter_dag.py for tasks to queue
[2026-09-16T22:40:01.030+0000] {logging_mixin.py:188} INFO - [2026-09-16T22:40:01.029+0000] {dagbag.py:545} INFO - Filling up the DagBag from /opt/airflow/dags/data_extracter_dag.py
[2026-09-16T22:40:01.101+0000] {processor.py:840} INFO - DAG(s) 'data_extraction' retrieved from /opt/airflow/dags/data_extracter_dag.py
[2026-09-16T22:40:01.603+0000] {logging_mixin.py:188} INFO - [2026-09-16T22:40:01.602+0000] {dag.py:3096} INFO - Sync 1 DAGs
[2026-09-16T22:40:01.679+0000] {logging_mixin.py:188} INFO - [2026-09-16T22:40:01.678+0000] {dag.py:3954} INFO - Setting next_dagrun for data_extraction to None, run_after=None
[2026-09-16T22:40:01.748+0000] {processor.py:183} INFO - Processing /opt/airflow/dags/data_extracter_dag.py took 3.373 seconds
[2026-09-16T22:40:32.546+0000] {processor.py:161} INFO - Started process (PID=1199) to work on /opt/airflow/dags/data_extracter_dag.py
[2026-09-16T22:40:32.547+0000] {processor.py:830} INFO - Processing file /opt/airflow/dags/data_extracter_dag.py for tasks to queue
[2026-09-16T22:40:32.548+0000] {logging_mixin.py:188} INFO - [2026-09-16T22:40:32.547+0000] {dagbag.py:545} INFO - Filling up the DagBag from /opt/airflow/dags/data_extracter_dag.py
[2026-09-16T22:40:32.560+0000] {processor.py:840} INFO - DAG(s) 'data_extraction' retrieved from /opt/airflow/dags/data_extracter_dag.py
[2026-09-16T22:40:32.591+0000] {logging_mixin.py:188} INFO - [2026-09-16T22:40:32.591+0000] {dag.py:3096} INFO - Sync 1 DAGs
[2026-09-16T22:40:32.605+0000] {logging_mixin.py:188} INFO - [2026-09-16T22:40:32.605+0000] {dag.py:3954} INFO - Setting next_dagrun for data_extraction to None, run_after=None
[2026-09-16T22:40:32.631+0000] {processor.py:183} INFO - Processing /opt/airflow/dags/data_extracter_dag.py took 0.091 seconds
[2026-09-16T22:41:02.953+0000] {processor.py:161} INFO - Started process (PID=1207) to work on /opt/airflow/dags/data_extracter_dag.py
[2026-09-16T22:41:02.959+0000] {processor.py:830} INFO - Processing file /opt/airflow/dags/data_extracter_dag.py for tasks to queue
[2026-09-16T22:41:02.960+0000] {logging_mixin.py:188} INFO - [2026-09-16T22:41:02.959+0000] {dagbag.py:545} INFO - Filling up the DagBag from /opt/airflow/dags/data_extracter_dag.py
[2026-09-16T22:41:02.983+0000] {processor.py:840} INFO - DAG(s) 'data_extraction' retrieved from /opt/airflow/dags/data_extracter_dag.py
[2026-09-16T22:41:03.015+0000] {logging_mixin.py:188} INFO - [2026-09-16T22:41:03.015+0000] {dag.py:3096} INFO - Sync 1 DAGs
[2026-09-16T22:41:03.027+0000] {logging_mixin.py:188} INFO - [2026-09-16T22:41:03.027+0000] {dag.py:3954} INFO - Setting next_dagrun for data_extraction to None, run_after=None
[2026-09-16T22:41:03.050+0000] {processor.py:183} INFO - Processing /opt/airflow/dags/data_extracter_dag.py took 0.107 seconds
[2026-09-16T22:41:33.261+0000] {processor.py:161} INFO - Started process (PID=1215) to work on /opt/airflow/dags/data_extracter_dag.py
[2026-09-16T22:41:33.263+0000] {processor.py:830} INFO - Processing file /opt/airflow/dags/data_extracter_dag.py for tasks to queue
[2026-09-16T22:41:33.264+0000] {logging_mixin.py:188} INFO - [2026-09-16T22:41:33.264+0000] {dagbag.py:545} INFO - Filling up the DagBag from /opt/airflow/dags/data_extracter_dag.py
[2026-09-16T22:41:33.295+0000] {processor.py:840} INFO - DAG(s) 'data_extraction' retrieved from /opt/airflow/dags/data_extracter_dag.py
[2026-09-16T22:41:33.657+0000] {logging_mixin.py:188} INFO - [2026-09-16T22:41:33.656+0000] {dag.py:3096} INFO - Sync 1 DAGs
[2026-09-16T22:41:33.684+0000] {logging_mixin.py:188} INFO - [2026-09-16T22:41:33.683+0000] {dag.py:3954} INFO - Setting next_dagrun for data_extraction to None, run_after=None
[2026-09-16T22:41:33.744+0000] {processor.py:183} INFO - Processing /opt/airflow/dags/data_extracter_dag.py took 0.502 seconds
[2026-09-16T22:42:04.516+0000] {processor.py:161} INFO - Started process (PID=1223) to work on /opt/airflow/dags/data_extracter_dag.py
[2026-09-16T22:42:04.519+0000] {processor.py:830} INFO - Processing file /opt/airflow/dags/data_extracter_dag.py for tasks to queue
[2026-09-16T22:42:04.521+0000] {logging_mixin.py:188} INFO - [2026-09-16T22:42:04.520+0000] {dagbag.py:545} INFO - Filling up the DagBag from /opt/airflow/dags/data_extracter_dag.py
[2026-09-16T22:42:04.547+0000] {processor.py:840} INFO - DAG(s) 'data_extraction' retrieved from /opt/airflow/dags/data_extracter_dag.py
[2026-09-16T22:42:04.595+0000] {logging_mixin.py:188} INFO - [2026-09-16T22:42:04.595+0000] {dag.py:3096} INFO - Sync 1 DAGs
[2026-09-16T22:42:04.617+0000] {logging_mixin.py:188} INFO - [2026-09-16T22:42:04.617+0000] {dag.py:3954} INFO - Setting next_dagrun for data_extraction to None, run_after=None
[2026-09-16T22:42:04.654+0000] {processor.py:183} INFO - Processing /opt/airflow/dags/data_extracter_dag.py took 0.152 seconds
[2026-09-16T22:42:34.759+0000] {processor.py:161} INFO - Started process (PID=1231) to work on /opt/airflow/dags/data_extracter_dag.py
[2026-09-16T22:42:34.760+0000] {processor.py:830} INFO - Processing file /opt/airflow/dags/data_extracter_dag.py for tasks to queue
[2026-09-16T22:42:34.761+0000] {logging_mixin.py:188} INFO - [2026-09-16T22:42:34.761+0000] {dagbag.py:545} INFO - Filling up the DagBag from /opt/airflow/dags/data_extracter_dag.py
[2026-09-16T22:42:34.775+0000] {processor.py:840} INFO - DAG(s) 'data_extraction' retrieved from /opt/airflow/dags/data_extracter_dag.py
[2026-09-16T22:42:34.808+0000] {logging_mixin.py:188} INFO - [2026-09-16T22:42:34.808+0000] {dag.py:3096} INFO - Sync 1 DAGs
[2026-09-16T22:42:34.818+0000] {logging_mixin.py:188} INFO - [2026-09-16T22:42:34.818+0000] {dag.py:3954} INFO - Setting next_dagrun for data_extraction to None, run_after=None
[2026-09-16T22:42:34.840+0000] {processor.py:183} INFO - Processing /opt/airflow/dags/data_extracter_dag.py took 0.087 seconds
[2026-09-16T22:43:05.046+0000] {processor.py:161} INFO - Started process (PID=1239) to work on /opt/airflow/dags/data_extracter_dag.py
[2026-09-16T22:43:05.048+0000] {processor.py:830} INFO - Processing file /opt/airflow/dags/data_extracter_dag.py for tasks to queue
[2026-09-16T22:43:05.049+0000] {logging_mixin.py:188} INFO - [2026-09-16T22:43:05.048+0000] {dagbag.py:545} INFO - Filling up the DagBag from /opt/airflow/dags/data_extracter_dag.py
[2026-09-16T22:43:05.065+0000] {processor.py:840} INFO - DAG(s) 'data_extraction' retrieved from /opt/airflow/dags/data_extracter_dag.py
[2026-09-16T22:43:05.096+0000] {logging_mixin.py:188} INFO - [2026-09-16T22:43:05.096+0000] {dag.py:3096} INFO - Sync 1 DAGs
[2026-09-16T22:43:05.105+0000] {logging_mixin.py:188} INFO - [2026-09-16T22:43:05.105+0000] {dag.py:3954} INFO - Setting next_dagrun for data_extraction to None, run_after=None
[2026-09-16T22:43:05.135+0000] {processor.py:183} INFO - Processing /opt/airflow/dags/data_extracter_dag.py took 0.095 seconds
[2026-09-16T22:43:35.331+0000] {processor.py:161} INFO - Started process (PID=1247) to work on /opt/airflow/dags/data_extracter_dag.py
[2026-09-16T22:43:35.332+0000] {processor.py:830} INFO - Processing file /opt/airflow/dags/data_extracter_dag.py for tasks to queue
[2026-09-16T22:43:35.333+0000] {logging_mixin.py:188} INFO - [2026-09-16T22:43:35.332+0000] {dagbag.py:545} INFO - Filling up the DagBag from /opt/airflow/dags/data_extracter_dag.py
[2026-09-16T22:43:35.347+0000] {processor.py:840} INFO - DAG(s) 'data_extraction' retrieved from /opt/airflow/dags/data_extracter_dag.py
[2026-09-16T22:43:35.378+0000] {logging_mixin.py:188} INFO - [2026-09-16T22:43:35.377+0000] {dag.py:3096} INFO - Sync 1 DAGs
[2026-09-16T22:43:35.391+0000] {logging_mixin.py:188} INFO - [2026-09-16T22:43:35.391+0000] {dag.py:3954} INFO - Setting next_dagrun for data_extraction to None, run_after=None
[2026-09-16T22:43:35.421+0000] {processor.py:183} INFO - Processing /opt/airflow/dags/data_extracter_dag.py took 0.099 seconds
[2026-09-16T22:44:05.514+0000] {processor.py:161} INFO - Started process (PID=1255) to work on /opt/airflow/dags/data_extracter_dag.py
[2026-09-16T22:44:05.516+0000] {processor.py:830} INFO - Processing file /opt/airflow/dags/data_extracter_dag.py for tasks to queue
[2026-09-16T22:44:05.517+0000] {logging_mixin.py:188} INFO - [2026-09-16T22:44:05.516+0000] {dagbag.py:545} INFO - Filling up the DagBag from /opt/airflow/dags/data_extracter_dag.py
[2026-09-16T22:44:05.537+0000] {processor.py:840} INFO - DAG(s) 'data_extraction' retrieved from /opt/airflow/dags/data_extracter_dag.py
[2026-09-16T22:44:05.706+0000] {logging_mixin.py:188} INFO - [2026-09-16T22:44:05.706+0000] {dag.py:3096} INFO - Sync 1 DAGs
[2026-09-16T22:44:05.781+0000] {logging_mixin.py:188} INFO - [2026-09-16T22:44:05.780+0000] {dag.py:3954} INFO - Setting next_dagrun for data_extraction to None, run_after=None
[2026-09-16T22:44:05.865+0000] {processor.py:183} INFO - Processing /opt/airflow/dags/data_extracter_dag.py took 0.359 seconds
[2026-09-16T22:44:36.688+0000] {processor.py:161} INFO - Started process (PID=1263) to work on /opt/airflow/dags/data_extracter_dag.py
[2026-09-16T22:44:36.689+0000] {processor.py:830} INFO - Processing file /opt/airflow/dags/data_extracter_dag.py for tasks to queue
[2026-09-16T22:44:36.689+0000] {logging_mixin.py:188} INFO - [2026-09-16T22:44:36.689+0000] {dagbag.py:545} INFO - Filling up the DagBag from /opt/airflow/dags/data_extracter_dag.py
[2026-09-16T22:44:36.701+0000] {processor.py:840} INFO - DAG(s) 'data_extraction' retrieved from /opt/airflow/dags/data_extracter_dag.py
[2026-09-16T22:44:36.731+0000] {logging_mixin.py:188} INFO - [2026-09-16T22:44:36.731+0000] {dag.py:3096} INFO - Sync 1 DAGs
[2026-09-16T22:44:36.741+0000] {logging_mixin.py:188} INFO - [2026-09-16T22:44:36.741+0000] {dag.py:3954} INFO - Setting next_dagrun for data_extraction to None, run_after=None
[2026-09-16T22:44:36.762+0000] {processor.py:183} INFO - Processing /opt/airflow/dags/data_extracter_dag.py took 0.081 seconds
[2026-09-16T22:45:06.992+0000] {processor.py:161} INFO - Started process (PID=1271) to work on /opt/airflow/dags/data_extracter_dag.py
[2026-09-16T22:45:06.999+0000] {processor.py:830} INFO - Processing file /opt/airflow/dags/data_extracter_dag.py for tasks to queue
[2026-09-16T22:45:07.001+0000] {logging_mixin.py:188} INFO - [2026-09-16T22:45:07.001+0000] {dagbag.py:545} INFO - Filling up the DagBag from /opt/airflow/dags/data_extracter_dag.py
[2026-09-16T22:45:07.024+0000] {processor.py:840} INFO - DAG(s) 'data_extraction' retrieved from /opt/airflow/dags/data_extracter_dag.py
[2026-09-16T22:45:07.073+0000] {logging_mixin.py:188} INFO - [2026-09-16T22:45:07.072+0000] {dag.py:3096} INFO - Sync 1 DAGs
[2026-09-16T22:45:07.086+0000] {logging_mixin.py:188} INFO - [2026-09-16T22:45:07.085+0000] {dag.py:3954} INFO - Setting next_dagrun for data_extraction to None, run_after=None
[2026-09-16T22:45:07.122+0000] {processor.py:183} INFO - Processing /opt/airflow/dags/data_extracter_dag.py took 0.153 seconds
[2026-09-16T22:45:37.380+0000] {processor.py:161} INFO - Started process (PID=1279) to work on /opt/airflow/dags/data_extracter_dag.py
[2026-09-16T22:45:37.382+0000] {processor.py:830} INFO - Processing file /opt/airflow/dags/data_extracter_dag.py for tasks to queue
[2026-09-16T22:45:37.384+0000] {logging_mixin.py:188} INFO - [2026-09-16T22:45:37.383+0000] {dagbag.py:545} INFO - Filling up the DagBag from /opt/airflow/dags/data_extracter_dag.py
[2026-09-16T22:45:37.409+0000] {processor.py:840} INFO - DAG(s) 'data_extraction' retrieved from /opt/airflow/dags/data_extracter_dag.py
[2026-09-16T22:45:37.448+0000] {logging_mixin.py:188} INFO - [2026-09-16T22:45:37.448+0000] {dag.py:3096} INFO - Sync 1 DAGs
[2026-09-16T22:45:37.464+0000] {logging_mixin.py:188} INFO - [2026-09-16T22:45:37.464+0000] {dag.py:3954} INFO - Setting next_dagrun for data_extraction to None, run_after=None
[2026-09-16T22:45:37.502+0000] {processor.py:183} INFO - Processing /opt/airflow/dags/data_extracter_dag.py took 0.141 seconds
[2026-09-16T22:46:07.757+0000] {processor.py:161} INFO - Started process (PID=1287) to work on /opt/airflow/dags/data_extracter_dag.py
[2026-09-16T22:46:07.764+0000] {processor.py:830} INFO - Processing file /opt/airflow/dags/data_extracter_dag.py for tasks to queue
[2026-09-16T22:46:07.766+0000] {logging_mixin.py:188} INFO - [2026-09-16T22:46:07.765+0000] {dagbag.py:545} INFO - Filling up the DagBag from /opt/airflow/dags/data_extracter_dag.py
[2026-09-16T22:46:07.799+0000] {processor.py:840} INFO - DAG(s) 'data_extraction' retrieved from /opt/airflow/dags/data_extracter_dag.py
[2026-09-16T22:46:07.849+0000] {logging_mixin.py:188} INFO - [2026-09-16T22:46:07.848+0000] {dag.py:3096} INFO - Sync 1 DAGs
[2026-09-16T22:46:07.865+0000] {logging_mixin.py:188} INFO - [2026-09-16T22:46:07.864+0000] {dag.py:3954} INFO - Setting next_dagrun for data_extraction to None, run_after=None
[2026-09-16T22:46:07.895+0000] {processor.py:183} INFO - Processing /opt/airflow/dags/data_extracter_dag.py took 0.162 seconds
[2026-09-16T22:46:38.010+0000] {processor.py:161} INFO - Started process (PID=1295) to work on /opt/airflow/dags/data_extracter_dag.py
[2026-09-16T22:46:38.012+0000] {processor.py:830} INFO - Processing file /opt/airflow/dags/data_extracter_dag.py for tasks to queue
[2026-09-16T22:46:38.014+0000] {logging_mixin.py:188} INFO - [2026-09-16T22:46:38.013+0000] {dagbag.py:545} INFO - Filling up the DagBag from /opt/airflow/dags/data_extracter_dag.py
[2026-09-16T22:46:38.040+0000] {processor.py:840} INFO - DAG(s) 'data_extraction' retrieved from /opt/airflow/dags/data_extracter_dag.py
[2026-09-16T22:46:38.101+0000] {logging_mixin.py:188} INFO - [2026-09-16T22:46:38.101+0000] {dag.py:3096} INFO - Sync 1 DAGs
[2026-09-16T22:46:38.125+0000] {logging_mixin.py:188} INFO - [2026-09-16T22:46:38.124+0000] {dag.py:3954} INFO - Setting next_dagrun for data_extraction to None, run_after=None
[2026-09-16T22:46:38.159+0000] {processor.py:183} INFO - Processing /opt/airflow/dags/data_extracter_dag.py took 0.167 seconds
[2026-09-16T22:47:08.393+0000] {processor.py:161} INFO - Started process (PID=1309) to work on /opt/airflow/dags/data_extracter_dag.py
[2026-09-16T22:47:08.398+0000] {processor.py:830} INFO - Processing file /opt/airflow/dags/data_extracter_dag.py for tasks to queue
[2026-09-16T22:47:08.399+0000] {logging_mixin.py:188} INFO - [2026-09-16T22:47:08.399+0000] {dagbag.py:545} INFO - Filling up the DagBag from /opt/airflow/dags/data_extracter_dag.py
[2026-09-16T22:47:08.418+0000] {processor.py:840} INFO - DAG(s) 'data_extraction' retrieved from /opt/airflow/dags/data_extracter_dag.py
[2026-09-16T22:47:08.458+0000] {logging_mixin.py:188} INFO - [2026-09-16T22:47:08.458+0000] {dag.py:3096} INFO - Sync 1 DAGs
[2026-09-16T22:47:08.477+0000] {logging_mixin.py:188} INFO - [2026-09-16T22:47:08.477+0000] {dag.py:3954} INFO - Setting next_dagrun for data_extraction to None, run_after=None
[2026-09-16T22:47:08.510+0000] {processor.py:183} INFO - Processing /opt/airflow/dags/data_extracter_dag.py took 0.130 seconds
[2026-09-16T22:47:38.673+0000] {processor.py:161} INFO - Started process (PID=1317) to work on /opt/airflow/dags/data_extracter_dag.py
[2026-09-16T22:47:38.674+0000] {processor.py:830} INFO - Processing file /opt/airflow/dags/data_extracter_dag.py for tasks to queue
[2026-09-16T22:47:38.676+0000] {logging_mixin.py:188} INFO - [2026-09-16T22:47:38.675+0000] {dagbag.py:545} INFO - Filling up the DagBag from /opt/airflow/dags/data_extracter_dag.py
[2026-09-16T22:47:38.709+0000] {processor.py:840} INFO - DAG(s) 'data_extraction' retrieved from /opt/airflow/dags/data_extracter_dag.py
[2026-09-16T22:47:38.773+0000] {logging_mixin.py:188} INFO - [2026-09-16T22:47:38.772+0000] {dag.py:3096} INFO - Sync 1 DAGs
[2026-09-16T22:47:38.797+0000] {logging_mixin.py:188} INFO - [2026-09-16T22:47:38.797+0000] {dag.py:3954} INFO - Setting next_dagrun for data_extraction to None, run_after=None
[2026-09-16T22:47:38.838+0000] {processor.py:183} INFO - Processing /opt/airflow/dags/data_extracter_dag.py took 0.179 seconds
[2026-09-16T22:48:08.982+0000] {processor.py:161} INFO - Started process (PID=1325) to work on /opt/airflow/dags/data_extracter_dag.py
[2026-09-16T22:48:08.988+0000] {processor.py:830} INFO - Processing file /opt/airflow/dags/data_extracter_dag.py for tasks to queue
[2026-09-16T22:48:08.990+0000] {logging_mixin.py:188} INFO - [2026-09-16T22:48:08.989+0000] {dagbag.py:545} INFO - Filling up the DagBag from /opt/airflow/dags/data_extracter_dag.py
[2026-09-16T22:48:09.012+0000] {processor.py:840} INFO - DAG(s) 'data_extraction' retrieved from /opt/airflow/dags/data_extracter_dag.py
[2026-09-16T22:48:09.052+0000] {logging_mixin.py:188} INFO - [2026-09-16T22:48:09.052+0000] {dag.py:3096} INFO - Sync 1 DAGs
[2026-09-16T22:48:09.067+0000] {logging_mixin.py:188} INFO - [2026-09-16T22:48:09.067+0000] {dag.py:3954} INFO - Setting next_dagrun for data_extraction to None, run_after=None
[2026-09-16T22:48:09.095+0000] {processor.py:183} INFO - Processing /opt/airflow/dags/data_extracter_dag.py took 0.122 seconds
