[2026-09-16T15:46:57.843+0000] {processor.py:161} INFO - Started process (PID=672) to work on /opt/airflow/dags/data_staging_dag.py
[2026-09-16T15:46:57.845+0000] {processor.py:830} INFO - Processing file /opt/airflow/dags/data_staging_dag.py for tasks to queue
[2026-09-16T15:46:57.846+0000] {logging_mixin.py:188} INFO - [2026-09-16T15:46:57.845+0000] {dagbag.py:545} INFO - Filling up the DagBag from /opt/airflow/dags/data_staging_dag.py
[2026-09-16T15:46:57.850+0000] {logging_mixin.py:188} INFO - [2026-09-16T15:46:57.849+0000] {dagbag.py:355} ERROR - Failed to import: /opt/airflow/dags/data_staging_dag.py
Traceback (most recent call last):
  File "/home/airflow/.local/lib/python3.10/site-packages/airflow/models/dagbag.py", line 351, in parse
    loader.exec_module(new_module)
  File "<frozen importlib._bootstrap_external>", line 879, in exec_module
  File "<frozen importlib._bootstrap_external>", line 1017, in get_code
  File "<frozen importlib._bootstrap_external>", line 947, in source_to_code
  File "<frozen importlib._bootstrap>", line 241, in _call_with_frames_removed
  File "/opt/airflow/dags/data_staging_dag.py", line 9
    
    ^
IndentationError: expected an indented block after function definition on line 8
[2026-09-16T15:46:57.851+0000] {processor.py:842} WARNING - No viable dags retrieved from /opt/airflow/dags/data_staging_dag.py
[2026-09-16T15:46:57.882+0000] {processor.py:183} INFO - Processing /opt/airflow/dags/data_staging_dag.py took 0.048 seconds
[2026-09-16T15:47:31.063+0000] {processor.py:161} INFO - Started process (PID=680) to work on /opt/airflow/dags/data_staging_dag.py
[2026-09-16T15:47:31.064+0000] {processor.py:830} INFO - Processing file /opt/airflow/dags/data_staging_dag.py for tasks to queue
[2026-09-16T15:47:31.065+0000] {logging_mixin.py:188} INFO - [2026-09-16T15:47:31.065+0000] {dagbag.py:545} INFO - Filling up the DagBag from /opt/airflow/dags/data_staging_dag.py
[2026-09-16T15:47:31.067+0000] {logging_mixin.py:188} INFO - [2026-09-16T15:47:31.067+0000] {dagbag.py:355} ERROR - Failed to import: /opt/airflow/dags/data_staging_dag.py
Traceback (most recent call last):
  File "/home/airflow/.local/lib/python3.10/site-packages/airflow/models/dagbag.py", line 351, in parse
    loader.exec_module(new_module)
  File "<frozen importlib._bootstrap_external>", line 879, in exec_module
  File "<frozen importlib._bootstrap_external>", line 1017, in get_code
  File "<frozen importlib._bootstrap_external>", line 947, in source_to_code
  File "<frozen importlib._bootstrap>", line 241, in _call_with_frames_removed
  File "/opt/airflow/dags/data_staging_dag.py", line 9
    
    ^
IndentationError: expected an indented block after function definition on line 8
[2026-09-16T15:47:31.068+0000] {processor.py:842} WARNING - No viable dags retrieved from /opt/airflow/dags/data_staging_dag.py
[2026-09-16T15:47:31.095+0000] {processor.py:183} INFO - Processing /opt/airflow/dags/data_staging_dag.py took 0.041 seconds
[2026-09-16T15:48:04.138+0000] {processor.py:161} INFO - Started process (PID=688) to work on /opt/airflow/dags/data_staging_dag.py
[2026-09-16T15:48:04.140+0000] {processor.py:830} INFO - Processing file /opt/airflow/dags/data_staging_dag.py for tasks to queue
[2026-09-16T15:48:04.141+0000] {logging_mixin.py:188} INFO - [2026-09-16T15:48:04.141+0000] {dagbag.py:545} INFO - Filling up the DagBag from /opt/airflow/dags/data_staging_dag.py
[2026-09-16T15:48:04.145+0000] {logging_mixin.py:188} INFO - [2026-09-16T15:48:04.144+0000] {dagbag.py:355} ERROR - Failed to import: /opt/airflow/dags/data_staging_dag.py
Traceback (most recent call last):
  File "/home/airflow/.local/lib/python3.10/site-packages/airflow/models/dagbag.py", line 351, in parse
    loader.exec_module(new_module)
  File "<frozen importlib._bootstrap_external>", line 879, in exec_module
  File "<frozen importlib._bootstrap_external>", line 1017, in get_code
  File "<frozen importlib._bootstrap_external>", line 947, in source_to_code
  File "<frozen importlib._bootstrap>", line 241, in _call_with_frames_removed
  File "/opt/airflow/dags/data_staging_dag.py", line 9
    
    ^
IndentationError: expected an indented block after function definition on line 8
[2026-09-16T15:48:04.145+0000] {processor.py:842} WARNING - No viable dags retrieved from /opt/airflow/dags/data_staging_dag.py
[2026-09-16T15:48:04.181+0000] {processor.py:183} INFO - Processing /opt/airflow/dags/data_staging_dag.py took 0.051 seconds
[2026-09-16T15:48:25.321+0000] {processor.py:161} INFO - Started process (PID=696) to work on /opt/airflow/dags/data_staging_dag.py
[2026-09-16T15:48:25.322+0000] {processor.py:830} INFO - Processing file /opt/airflow/dags/data_staging_dag.py for tasks to queue
[2026-09-16T15:48:25.323+0000] {logging_mixin.py:188} INFO - [2026-09-16T15:48:25.323+0000] {dagbag.py:545} INFO - Filling up the DagBag from /opt/airflow/dags/data_staging_dag.py
[2026-09-16T15:48:25.325+0000] {logging_mixin.py:188} INFO - [2026-09-16T15:48:25.325+0000] {dagbag.py:355} ERROR - Failed to import: /opt/airflow/dags/data_staging_dag.py
Traceback (most recent call last):
  File "/home/airflow/.local/lib/python3.10/site-packages/airflow/models/dagbag.py", line 351, in parse
    loader.exec_module(new_module)
  File "<frozen importlib._bootstrap_external>", line 879, in exec_module
  File "<frozen importlib._bootstrap_external>", line 1017, in get_code
  File "<frozen importlib._bootstrap_external>", line 947, in source_to_code
  File "<frozen importlib._bootstrap>", line 241, in _call_with_frames_removed
  File "/opt/airflow/dags/data_staging_dag.py", line 9
    
    ^
IndentationError: expected an indented block after function definition on line 8
[2026-09-16T15:48:25.326+0000] {processor.py:842} WARNING - No viable dags retrieved from /opt/airflow/dags/data_staging_dag.py
[2026-09-16T15:48:25.350+0000] {processor.py:183} INFO - Processing /opt/airflow/dags/data_staging_dag.py took 0.037 seconds
[2026-09-16T15:48:30.359+0000] {processor.py:161} INFO - Started process (PID=697) to work on /opt/airflow/dags/data_staging_dag.py
[2026-09-16T15:48:30.360+0000] {processor.py:830} INFO - Processing file /opt/airflow/dags/data_staging_dag.py for tasks to queue
[2026-09-16T15:48:30.361+0000] {logging_mixin.py:188} INFO - [2026-09-16T15:48:30.361+0000] {dagbag.py:545} INFO - Filling up the DagBag from /opt/airflow/dags/data_staging_dag.py
[2026-09-16T15:48:30.365+0000] {logging_mixin.py:188} INFO - [2026-09-16T15:48:30.364+0000] {dagbag.py:355} ERROR - Failed to import: /opt/airflow/dags/data_staging_dag.py
Traceback (most recent call last):
  File "/home/airflow/.local/lib/python3.10/site-packages/airflow/models/dagbag.py", line 351, in parse
    loader.exec_module(new_module)
  File "<frozen importlib._bootstrap_external>", line 879, in exec_module
  File "<frozen importlib._bootstrap_external>", line 1017, in get_code
  File "<frozen importlib._bootstrap_external>", line 947, in source_to_code
  File "<frozen importlib._bootstrap>", line 241, in _call_with_frames_removed
  File "/opt/airflow/dags/data_staging_dag.py", line 9
    
    ^
IndentationError: expected an indented block after function definition on line 8
[2026-09-16T15:48:30.366+0000] {processor.py:842} WARNING - No viable dags retrieved from /opt/airflow/dags/data_staging_dag.py
[2026-09-16T15:48:30.396+0000] {processor.py:183} INFO - Processing /opt/airflow/dags/data_staging_dag.py took 0.046 seconds
[2026-09-16T15:49:00.527+0000] {processor.py:161} INFO - Started process (PID=705) to work on /opt/airflow/dags/data_staging_dag.py
[2026-09-16T15:49:00.533+0000] {processor.py:830} INFO - Processing file /opt/airflow/dags/data_staging_dag.py for tasks to queue
[2026-09-16T15:49:00.534+0000] {logging_mixin.py:188} INFO - [2026-09-16T15:49:00.534+0000] {dagbag.py:545} INFO - Filling up the DagBag from /opt/airflow/dags/data_staging_dag.py
[2026-09-16T15:49:00.540+0000] {logging_mixin.py:188} INFO - [2026-09-16T15:49:00.539+0000] {dagbag.py:355} ERROR - Failed to import: /opt/airflow/dags/data_staging_dag.py
Traceback (most recent call last):
  File "/home/airflow/.local/lib/python3.10/site-packages/airflow/models/dagbag.py", line 351, in parse
    loader.exec_module(new_module)
  File "<frozen importlib._bootstrap_external>", line 879, in exec_module
  File "<frozen importlib._bootstrap_external>", line 1017, in get_code
  File "<frozen importlib._bootstrap_external>", line 947, in source_to_code
  File "<frozen importlib._bootstrap>", line 241, in _call_with_frames_removed
  File "/opt/airflow/dags/data_staging_dag.py", line 9
    
    ^
IndentationError: expected an indented block after function definition on line 8
[2026-09-16T15:49:00.541+0000] {processor.py:842} WARNING - No viable dags retrieved from /opt/airflow/dags/data_staging_dag.py
[2026-09-16T15:49:00.591+0000] {processor.py:183} INFO - Processing /opt/airflow/dags/data_staging_dag.py took 0.084 seconds
[2026-09-16T15:49:05.637+0000] {processor.py:161} INFO - Started process (PID=706) to work on /opt/airflow/dags/data_staging_dag.py
[2026-09-16T15:49:05.638+0000] {processor.py:830} INFO - Processing file /opt/airflow/dags/data_staging_dag.py for tasks to queue
[2026-09-16T15:49:05.641+0000] {logging_mixin.py:188} INFO - [2026-09-16T15:49:05.639+0000] {dagbag.py:545} INFO - Filling up the DagBag from /opt/airflow/dags/data_staging_dag.py
[2026-09-16T15:49:05.645+0000] {logging_mixin.py:188} INFO - [2026-09-16T15:49:05.644+0000] {dagbag.py:355} ERROR - Failed to import: /opt/airflow/dags/data_staging_dag.py
Traceback (most recent call last):
  File "/home/airflow/.local/lib/python3.10/site-packages/airflow/models/dagbag.py", line 351, in parse
    loader.exec_module(new_module)
  File "<frozen importlib._bootstrap_external>", line 879, in exec_module
  File "<frozen importlib._bootstrap_external>", line 1017, in get_code
  File "<frozen importlib._bootstrap_external>", line 947, in source_to_code
  File "<frozen importlib._bootstrap>", line 241, in _call_with_frames_removed
  File "/opt/airflow/dags/data_staging_dag.py", line 10
    
    ^
IndentationError: expected an indented block after function definition on line 8
[2026-09-16T15:49:05.646+0000] {processor.py:842} WARNING - No viable dags retrieved from /opt/airflow/dags/data_staging_dag.py
[2026-09-16T15:49:05.669+0000] {processor.py:183} INFO - Processing /opt/airflow/dags/data_staging_dag.py took 0.041 seconds
[2026-09-16T15:49:10.671+0000] {processor.py:161} INFO - Started process (PID=708) to work on /opt/airflow/dags/data_staging_dag.py
[2026-09-16T15:49:10.672+0000] {processor.py:830} INFO - Processing file /opt/airflow/dags/data_staging_dag.py for tasks to queue
[2026-09-16T15:49:10.673+0000] {logging_mixin.py:188} INFO - [2026-09-16T15:49:10.673+0000] {dagbag.py:545} INFO - Filling up the DagBag from /opt/airflow/dags/data_staging_dag.py
[2026-09-16T15:49:10.677+0000] {logging_mixin.py:188} INFO - [2026-09-16T15:49:10.676+0000] {dagbag.py:355} ERROR - Failed to import: /opt/airflow/dags/data_staging_dag.py
Traceback (most recent call last):
  File "/home/airflow/.local/lib/python3.10/site-packages/airflow/models/dagbag.py", line 351, in parse
    loader.exec_module(new_module)
  File "<frozen importlib._bootstrap_external>", line 879, in exec_module
  File "<frozen importlib._bootstrap_external>", line 1017, in get_code
  File "<frozen importlib._bootstrap_external>", line 947, in source_to_code
  File "<frozen importlib._bootstrap>", line 241, in _call_with_frames_removed
  File "/opt/airflow/dags/data_staging_dag.py", line 9
    
    ^
IndentationError: expected an indented block after function definition on line 8
[2026-09-16T15:49:10.677+0000] {processor.py:842} WARNING - No viable dags retrieved from /opt/airflow/dags/data_staging_dag.py
[2026-09-16T15:49:10.753+0000] {processor.py:183} INFO - Processing /opt/airflow/dags/data_staging_dag.py took 0.091 seconds
[2026-09-16T15:49:17.793+0000] {processor.py:161} INFO - Started process (PID=709) to work on /opt/airflow/dags/data_staging_dag.py
[2026-09-16T15:49:17.794+0000] {processor.py:830} INFO - Processing file /opt/airflow/dags/data_staging_dag.py for tasks to queue
[2026-09-16T15:49:17.795+0000] {logging_mixin.py:188} INFO - [2026-09-16T15:49:17.795+0000] {dagbag.py:545} INFO - Filling up the DagBag from /opt/airflow/dags/data_staging_dag.py
[2026-09-16T15:49:17.797+0000] {logging_mixin.py:188} INFO - [2026-09-16T15:49:17.797+0000] {dagbag.py:355} ERROR - Failed to import: /opt/airflow/dags/data_staging_dag.py
Traceback (most recent call last):
  File "/home/airflow/.local/lib/python3.10/site-packages/airflow/models/dagbag.py", line 351, in parse
    loader.exec_module(new_module)
  File "<frozen importlib._bootstrap_external>", line 879, in exec_module
  File "<frozen importlib._bootstrap_external>", line 1017, in get_code
  File "<frozen importlib._bootstrap_external>", line 947, in source_to_code
  File "<frozen importlib._bootstrap>", line 241, in _call_with_frames_removed
  File "/opt/airflow/dags/data_staging_dag.py", line 9
    
    ^
IndentationError: expected an indented block after function definition on line 8
[2026-09-16T15:49:17.798+0000] {processor.py:842} WARNING - No viable dags retrieved from /opt/airflow/dags/data_staging_dag.py
[2026-09-16T15:49:17.823+0000] {processor.py:183} INFO - Processing /opt/airflow/dags/data_staging_dag.py took 0.036 seconds
[2026-09-16T15:49:47.965+0000] {processor.py:161} INFO - Started process (PID=717) to work on /opt/airflow/dags/data_staging_dag.py
[2026-09-16T15:49:47.966+0000] {processor.py:830} INFO - Processing file /opt/airflow/dags/data_staging_dag.py for tasks to queue
[2026-09-16T15:49:47.966+0000] {logging_mixin.py:188} INFO - [2026-09-16T15:49:47.966+0000] {dagbag.py:545} INFO - Filling up the DagBag from /opt/airflow/dags/data_staging_dag.py
[2026-09-16T15:49:47.969+0000] {logging_mixin.py:188} INFO - [2026-09-16T15:49:47.968+0000] {dagbag.py:355} ERROR - Failed to import: /opt/airflow/dags/data_staging_dag.py
Traceback (most recent call last):
  File "/home/airflow/.local/lib/python3.10/site-packages/airflow/models/dagbag.py", line 351, in parse
    loader.exec_module(new_module)
  File "<frozen importlib._bootstrap_external>", line 879, in exec_module
  File "<frozen importlib._bootstrap_external>", line 1017, in get_code
  File "<frozen importlib._bootstrap_external>", line 947, in source_to_code
  File "<frozen importlib._bootstrap>", line 241, in _call_with_frames_removed
  File "/opt/airflow/dags/data_staging_dag.py", line 9
    
    ^
IndentationError: expected an indented block after function definition on line 8
[2026-09-16T15:49:47.969+0000] {processor.py:842} WARNING - No viable dags retrieved from /opt/airflow/dags/data_staging_dag.py
[2026-09-16T15:49:47.995+0000] {processor.py:183} INFO - Processing /opt/airflow/dags/data_staging_dag.py took 0.037 seconds
[2026-09-16T15:50:18.112+0000] {processor.py:161} INFO - Started process (PID=725) to work on /opt/airflow/dags/data_staging_dag.py
[2026-09-16T15:50:18.114+0000] {processor.py:830} INFO - Processing file /opt/airflow/dags/data_staging_dag.py for tasks to queue
[2026-09-16T15:50:18.115+0000] {logging_mixin.py:188} INFO - [2026-09-16T15:50:18.115+0000] {dagbag.py:545} INFO - Filling up the DagBag from /opt/airflow/dags/data_staging_dag.py
[2026-09-16T15:50:18.118+0000] {logging_mixin.py:188} INFO - [2026-09-16T15:50:18.117+0000] {dagbag.py:355} ERROR - Failed to import: /opt/airflow/dags/data_staging_dag.py
Traceback (most recent call last):
  File "/home/airflow/.local/lib/python3.10/site-packages/airflow/models/dagbag.py", line 351, in parse
    loader.exec_module(new_module)
  File "<frozen importlib._bootstrap_external>", line 879, in exec_module
  File "<frozen importlib._bootstrap_external>", line 1017, in get_code
  File "<frozen importlib._bootstrap_external>", line 947, in source_to_code
  File "<frozen importlib._bootstrap>", line 241, in _call_with_frames_removed
  File "/opt/airflow/dags/data_staging_dag.py", line 9
    
    ^
IndentationError: expected an indented block after function definition on line 8
[2026-09-16T15:50:18.118+0000] {processor.py:842} WARNING - No viable dags retrieved from /opt/airflow/dags/data_staging_dag.py
[2026-09-16T15:50:18.145+0000] {processor.py:183} INFO - Processing /opt/airflow/dags/data_staging_dag.py took 0.042 seconds
[2026-09-16T15:50:48.265+0000] {processor.py:161} INFO - Started process (PID=732) to work on /opt/airflow/dags/data_staging_dag.py
[2026-09-16T15:50:48.267+0000] {processor.py:830} INFO - Processing file /opt/airflow/dags/data_staging_dag.py for tasks to queue
[2026-09-16T15:50:48.268+0000] {logging_mixin.py:188} INFO - [2026-09-16T15:50:48.268+0000] {dagbag.py:545} INFO - Filling up the DagBag from /opt/airflow/dags/data_staging_dag.py
[2026-09-16T15:50:48.273+0000] {logging_mixin.py:188} INFO - [2026-09-16T15:50:48.272+0000] {dagbag.py:355} ERROR - Failed to import: /opt/airflow/dags/data_staging_dag.py
Traceback (most recent call last):
  File "/home/airflow/.local/lib/python3.10/site-packages/airflow/models/dagbag.py", line 351, in parse
    loader.exec_module(new_module)
  File "<frozen importlib._bootstrap_external>", line 879, in exec_module
  File "<frozen importlib._bootstrap_external>", line 1017, in get_code
  File "<frozen importlib._bootstrap_external>", line 947, in source_to_code
  File "<frozen importlib._bootstrap>", line 241, in _call_with_frames_removed
  File "/opt/airflow/dags/data_staging_dag.py", line 9
    
    ^
IndentationError: expected an indented block after function definition on line 8
[2026-09-16T15:50:48.273+0000] {processor.py:842} WARNING - No viable dags retrieved from /opt/airflow/dags/data_staging_dag.py
[2026-09-16T15:50:48.310+0000] {processor.py:183} INFO - Processing /opt/airflow/dags/data_staging_dag.py took 0.059 seconds
[2026-09-16T15:51:21.459+0000] {processor.py:161} INFO - Started process (PID=740) to work on /opt/airflow/dags/data_staging_dag.py
[2026-09-16T15:51:21.461+0000] {processor.py:830} INFO - Processing file /opt/airflow/dags/data_staging_dag.py for tasks to queue
[2026-09-16T15:51:21.461+0000] {logging_mixin.py:188} INFO - [2026-09-16T15:51:21.461+0000] {dagbag.py:545} INFO - Filling up the DagBag from /opt/airflow/dags/data_staging_dag.py
[2026-09-16T15:51:21.464+0000] {logging_mixin.py:188} INFO - [2026-09-16T15:51:21.464+0000] {dagbag.py:355} ERROR - Failed to import: /opt/airflow/dags/data_staging_dag.py
Traceback (most recent call last):
  File "/home/airflow/.local/lib/python3.10/site-packages/airflow/models/dagbag.py", line 351, in parse
    loader.exec_module(new_module)
  File "<frozen importlib._bootstrap_external>", line 879, in exec_module
  File "<frozen importlib._bootstrap_external>", line 1017, in get_code
  File "<frozen importlib._bootstrap_external>", line 947, in source_to_code
  File "<frozen importlib._bootstrap>", line 241, in _call_with_frames_removed
  File "/opt/airflow/dags/data_staging_dag.py", line 9
    
    ^
IndentationError: expected an indented block after function definition on line 8
[2026-09-16T15:51:21.465+0000] {processor.py:842} WARNING - No viable dags retrieved from /opt/airflow/dags/data_staging_dag.py
[2026-09-16T15:51:21.493+0000] {processor.py:183} INFO - Processing /opt/airflow/dags/data_staging_dag.py took 0.047 seconds
[2026-09-16T15:51:54.675+0000] {processor.py:161} INFO - Started process (PID=748) to work on /opt/airflow/dags/data_staging_dag.py
[2026-09-16T15:51:54.676+0000] {processor.py:830} INFO - Processing file /opt/airflow/dags/data_staging_dag.py for tasks to queue
[2026-09-16T15:51:54.677+0000] {logging_mixin.py:188} INFO - [2026-09-16T15:51:54.676+0000] {dagbag.py:545} INFO - Filling up the DagBag from /opt/airflow/dags/data_staging_dag.py
[2026-09-16T15:51:54.680+0000] {logging_mixin.py:188} INFO - [2026-09-16T15:51:54.679+0000] {dagbag.py:355} ERROR - Failed to import: /opt/airflow/dags/data_staging_dag.py
Traceback (most recent call last):
  File "/home/airflow/.local/lib/python3.10/site-packages/airflow/models/dagbag.py", line 351, in parse
    loader.exec_module(new_module)
  File "<frozen importlib._bootstrap_external>", line 879, in exec_module
  File "<frozen importlib._bootstrap_external>", line 1017, in get_code
  File "<frozen importlib._bootstrap_external>", line 947, in source_to_code
  File "<frozen importlib._bootstrap>", line 241, in _call_with_frames_removed
  File "/opt/airflow/dags/data_staging_dag.py", line 9
    
    ^
IndentationError: expected an indented block after function definition on line 8
[2026-09-16T15:51:54.680+0000] {processor.py:842} WARNING - No viable dags retrieved from /opt/airflow/dags/data_staging_dag.py
[2026-09-16T15:51:54.713+0000] {processor.py:183} INFO - Processing /opt/airflow/dags/data_staging_dag.py took 0.046 seconds
[2026-09-16T15:52:27.765+0000] {processor.py:161} INFO - Started process (PID=756) to work on /opt/airflow/dags/data_staging_dag.py
[2026-09-16T15:52:27.771+0000] {processor.py:830} INFO - Processing file /opt/airflow/dags/data_staging_dag.py for tasks to queue
[2026-09-16T15:52:27.772+0000] {logging_mixin.py:188} INFO - [2026-09-16T15:52:27.772+0000] {dagbag.py:545} INFO - Filling up the DagBag from /opt/airflow/dags/data_staging_dag.py
[2026-09-16T15:52:27.777+0000] {logging_mixin.py:188} INFO - [2026-09-16T15:52:27.776+0000] {dagbag.py:355} ERROR - Failed to import: /opt/airflow/dags/data_staging_dag.py
Traceback (most recent call last):
  File "/home/airflow/.local/lib/python3.10/site-packages/airflow/models/dagbag.py", line 351, in parse
    loader.exec_module(new_module)
  File "<frozen importlib._bootstrap_external>", line 879, in exec_module
  File "<frozen importlib._bootstrap_external>", line 1017, in get_code
  File "<frozen importlib._bootstrap_external>", line 947, in source_to_code
  File "<frozen importlib._bootstrap>", line 241, in _call_with_frames_removed
  File "/opt/airflow/dags/data_staging_dag.py", line 9
    
    ^
IndentationError: expected an indented block after function definition on line 8
[2026-09-16T15:52:27.777+0000] {processor.py:842} WARNING - No viable dags retrieved from /opt/airflow/dags/data_staging_dag.py
[2026-09-16T15:52:27.811+0000] {processor.py:183} INFO - Processing /opt/airflow/dags/data_staging_dag.py took 0.055 seconds
[2026-09-16T15:53:00.924+0000] {processor.py:161} INFO - Started process (PID=764) to work on /opt/airflow/dags/data_staging_dag.py
[2026-09-16T15:53:00.925+0000] {processor.py:830} INFO - Processing file /opt/airflow/dags/data_staging_dag.py for tasks to queue
[2026-09-16T15:53:00.927+0000] {logging_mixin.py:188} INFO - [2026-09-16T15:53:00.926+0000] {dagbag.py:545} INFO - Filling up the DagBag from /opt/airflow/dags/data_staging_dag.py
[2026-09-16T15:53:00.931+0000] {logging_mixin.py:188} INFO - [2026-09-16T15:53:00.930+0000] {dagbag.py:355} ERROR - Failed to import: /opt/airflow/dags/data_staging_dag.py
Traceback (most recent call last):
  File "/home/airflow/.local/lib/python3.10/site-packages/airflow/models/dagbag.py", line 351, in parse
    loader.exec_module(new_module)
  File "<frozen importlib._bootstrap_external>", line 879, in exec_module
  File "<frozen importlib._bootstrap_external>", line 1017, in get_code
  File "<frozen importlib._bootstrap_external>", line 947, in source_to_code
  File "<frozen importlib._bootstrap>", line 241, in _call_with_frames_removed
  File "/opt/airflow/dags/data_staging_dag.py", line 9
    
    ^
IndentationError: expected an indented block after function definition on line 8
[2026-09-16T15:53:00.932+0000] {processor.py:842} WARNING - No viable dags retrieved from /opt/airflow/dags/data_staging_dag.py
[2026-09-16T15:53:00.962+0000] {processor.py:183} INFO - Processing /opt/airflow/dags/data_staging_dag.py took 0.049 seconds
[2026-09-16T15:53:33.154+0000] {processor.py:161} INFO - Started process (PID=772) to work on /opt/airflow/dags/data_staging_dag.py
[2026-09-16T15:53:33.160+0000] {processor.py:830} INFO - Processing file /opt/airflow/dags/data_staging_dag.py for tasks to queue
[2026-09-16T15:53:33.161+0000] {logging_mixin.py:188} INFO - [2026-09-16T15:53:33.161+0000] {dagbag.py:545} INFO - Filling up the DagBag from /opt/airflow/dags/data_staging_dag.py
[2026-09-16T15:53:33.166+0000] {logging_mixin.py:188} INFO - [2026-09-16T15:53:33.165+0000] {dagbag.py:355} ERROR - Failed to import: /opt/airflow/dags/data_staging_dag.py
Traceback (most recent call last):
  File "/home/airflow/.local/lib/python3.10/site-packages/airflow/models/dagbag.py", line 351, in parse
    loader.exec_module(new_module)
  File "<frozen importlib._bootstrap_external>", line 879, in exec_module
  File "<frozen importlib._bootstrap_external>", line 1017, in get_code
  File "<frozen importlib._bootstrap_external>", line 947, in source_to_code
  File "<frozen importlib._bootstrap>", line 241, in _call_with_frames_removed
  File "/opt/airflow/dags/data_staging_dag.py", line 9
    
    ^
IndentationError: expected an indented block after function definition on line 8
[2026-09-16T15:53:33.167+0000] {processor.py:842} WARNING - No viable dags retrieved from /opt/airflow/dags/data_staging_dag.py
[2026-09-16T15:53:33.210+0000] {processor.py:183} INFO - Processing /opt/airflow/dags/data_staging_dag.py took 0.067 seconds
[2026-09-16T15:54:06.333+0000] {processor.py:161} INFO - Started process (PID=780) to work on /opt/airflow/dags/data_staging_dag.py
[2026-09-16T15:54:06.334+0000] {processor.py:830} INFO - Processing file /opt/airflow/dags/data_staging_dag.py for tasks to queue
[2026-09-16T15:54:06.335+0000] {logging_mixin.py:188} INFO - [2026-09-16T15:54:06.334+0000] {dagbag.py:545} INFO - Filling up the DagBag from /opt/airflow/dags/data_staging_dag.py
[2026-09-16T15:54:06.338+0000] {logging_mixin.py:188} INFO - [2026-09-16T15:54:06.337+0000] {dagbag.py:355} ERROR - Failed to import: /opt/airflow/dags/data_staging_dag.py
Traceback (most recent call last):
  File "/home/airflow/.local/lib/python3.10/site-packages/airflow/models/dagbag.py", line 351, in parse
    loader.exec_module(new_module)
  File "<frozen importlib._bootstrap_external>", line 879, in exec_module
  File "<frozen importlib._bootstrap_external>", line 1017, in get_code
  File "<frozen importlib._bootstrap_external>", line 947, in source_to_code
  File "<frozen importlib._bootstrap>", line 241, in _call_with_frames_removed
  File "/opt/airflow/dags/data_staging_dag.py", line 9
    
    ^
IndentationError: expected an indented block after function definition on line 8
[2026-09-16T15:54:06.339+0000] {processor.py:842} WARNING - No viable dags retrieved from /opt/airflow/dags/data_staging_dag.py
[2026-09-16T15:54:06.370+0000] {processor.py:183} INFO - Processing /opt/airflow/dags/data_staging_dag.py took 0.047 seconds
[2026-09-16T15:54:39.453+0000] {processor.py:161} INFO - Started process (PID=788) to work on /opt/airflow/dags/data_staging_dag.py
[2026-09-16T15:54:39.458+0000] {processor.py:830} INFO - Processing file /opt/airflow/dags/data_staging_dag.py for tasks to queue
[2026-09-16T15:54:39.459+0000] {logging_mixin.py:188} INFO - [2026-09-16T15:54:39.459+0000] {dagbag.py:545} INFO - Filling up the DagBag from /opt/airflow/dags/data_staging_dag.py
[2026-09-16T15:54:39.464+0000] {logging_mixin.py:188} INFO - [2026-09-16T15:54:39.463+0000] {dagbag.py:355} ERROR - Failed to import: /opt/airflow/dags/data_staging_dag.py
Traceback (most recent call last):
  File "/home/airflow/.local/lib/python3.10/site-packages/airflow/models/dagbag.py", line 351, in parse
    loader.exec_module(new_module)
  File "<frozen importlib._bootstrap_external>", line 879, in exec_module
  File "<frozen importlib._bootstrap_external>", line 1017, in get_code
  File "<frozen importlib._bootstrap_external>", line 947, in source_to_code
  File "<frozen importlib._bootstrap>", line 241, in _call_with_frames_removed
  File "/opt/airflow/dags/data_staging_dag.py", line 9
    
    ^
IndentationError: expected an indented block after function definition on line 8
[2026-09-16T15:54:39.465+0000] {processor.py:842} WARNING - No viable dags retrieved from /opt/airflow/dags/data_staging_dag.py
[2026-09-16T15:54:39.501+0000] {processor.py:183} INFO - Processing /opt/airflow/dags/data_staging_dag.py took 0.057 seconds
[2026-09-16T15:55:12.626+0000] {processor.py:161} INFO - Started process (PID=796) to work on /opt/airflow/dags/data_staging_dag.py
[2026-09-16T15:55:12.627+0000] {processor.py:830} INFO - Processing file /opt/airflow/dags/data_staging_dag.py for tasks to queue
[2026-09-16T15:55:12.629+0000] {logging_mixin.py:188} INFO - [2026-09-16T15:55:12.628+0000] {dagbag.py:545} INFO - Filling up the DagBag from /opt/airflow/dags/data_staging_dag.py
[2026-09-16T15:55:12.634+0000] {logging_mixin.py:188} INFO - [2026-09-16T15:55:12.633+0000] {dagbag.py:355} ERROR - Failed to import: /opt/airflow/dags/data_staging_dag.py
Traceback (most recent call last):
  File "/home/airflow/.local/lib/python3.10/site-packages/airflow/models/dagbag.py", line 351, in parse
    loader.exec_module(new_module)
  File "<frozen importlib._bootstrap_external>", line 879, in exec_module
  File "<frozen importlib._bootstrap_external>", line 1017, in get_code
  File "<frozen importlib._bootstrap_external>", line 947, in source_to_code
  File "<frozen importlib._bootstrap>", line 241, in _call_with_frames_removed
  File "/opt/airflow/dags/data_staging_dag.py", line 9
    
    ^
IndentationError: expected an indented block after function definition on line 8
[2026-09-16T15:55:12.635+0000] {processor.py:842} WARNING - No viable dags retrieved from /opt/airflow/dags/data_staging_dag.py
[2026-09-16T15:55:12.681+0000] {processor.py:183} INFO - Processing /opt/airflow/dags/data_staging_dag.py took 0.067 seconds
[2026-09-16T15:55:44.851+0000] {processor.py:161} INFO - Started process (PID=804) to work on /opt/airflow/dags/data_staging_dag.py
[2026-09-16T15:55:44.856+0000] {processor.py:830} INFO - Processing file /opt/airflow/dags/data_staging_dag.py for tasks to queue
[2026-09-16T15:55:44.857+0000] {logging_mixin.py:188} INFO - [2026-09-16T15:55:44.857+0000] {dagbag.py:545} INFO - Filling up the DagBag from /opt/airflow/dags/data_staging_dag.py
[2026-09-16T15:55:44.861+0000] {logging_mixin.py:188} INFO - [2026-09-16T15:55:44.860+0000] {dagbag.py:355} ERROR - Failed to import: /opt/airflow/dags/data_staging_dag.py
Traceback (most recent call last):
  File "/home/airflow/.local/lib/python3.10/site-packages/airflow/models/dagbag.py", line 351, in parse
    loader.exec_module(new_module)
  File "<frozen importlib._bootstrap_external>", line 879, in exec_module
  File "<frozen importlib._bootstrap_external>", line 1017, in get_code
  File "<frozen importlib._bootstrap_external>", line 947, in source_to_code
  File "<frozen importlib._bootstrap>", line 241, in _call_with_frames_removed
  File "/opt/airflow/dags/data_staging_dag.py", line 9
    
    ^
IndentationError: expected an indented block after function definition on line 8
[2026-09-16T15:55:44.862+0000] {processor.py:842} WARNING - No viable dags retrieved from /opt/airflow/dags/data_staging_dag.py
[2026-09-16T15:55:44.895+0000] {processor.py:183} INFO - Processing /opt/airflow/dags/data_staging_dag.py took 0.053 seconds
[2026-09-16T15:56:17.999+0000] {processor.py:161} INFO - Started process (PID=812) to work on /opt/airflow/dags/data_staging_dag.py
[2026-09-16T15:56:18.000+0000] {processor.py:830} INFO - Processing file /opt/airflow/dags/data_staging_dag.py for tasks to queue
[2026-09-16T15:56:18.002+0000] {logging_mixin.py:188} INFO - [2026-09-16T15:56:18.001+0000] {dagbag.py:545} INFO - Filling up the DagBag from /opt/airflow/dags/data_staging_dag.py
[2026-09-16T15:56:18.006+0000] {logging_mixin.py:188} INFO - [2026-09-16T15:56:18.005+0000] {dagbag.py:355} ERROR - Failed to import: /opt/airflow/dags/data_staging_dag.py
Traceback (most recent call last):
  File "/home/airflow/.local/lib/python3.10/site-packages/airflow/models/dagbag.py", line 351, in parse
    loader.exec_module(new_module)
  File "<frozen importlib._bootstrap_external>", line 879, in exec_module
  File "<frozen importlib._bootstrap_external>", line 1017, in get_code
  File "<frozen importlib._bootstrap_external>", line 947, in source_to_code
  File "<frozen importlib._bootstrap>", line 241, in _call_with_frames_removed
  File "/opt/airflow/dags/data_staging_dag.py", line 9
    
    ^
IndentationError: expected an indented block after function definition on line 8
[2026-09-16T15:56:18.007+0000] {processor.py:842} WARNING - No viable dags retrieved from /opt/airflow/dags/data_staging_dag.py
[2026-09-16T15:56:18.041+0000] {processor.py:183} INFO - Processing /opt/airflow/dags/data_staging_dag.py took 0.050 seconds
[2026-09-16T15:56:51.318+0000] {processor.py:161} INFO - Started process (PID=820) to work on /opt/airflow/dags/data_staging_dag.py
[2026-09-16T15:56:51.321+0000] {processor.py:830} INFO - Processing file /opt/airflow/dags/data_staging_dag.py for tasks to queue
[2026-09-16T15:56:51.324+0000] {logging_mixin.py:188} INFO - [2026-09-16T15:56:51.323+0000] {dagbag.py:545} INFO - Filling up the DagBag from /opt/airflow/dags/data_staging_dag.py
[2026-09-16T15:56:51.331+0000] {logging_mixin.py:188} INFO - [2026-09-16T15:56:51.330+0000] {dagbag.py:355} ERROR - Failed to import: /opt/airflow/dags/data_staging_dag.py
Traceback (most recent call last):
  File "/home/airflow/.local/lib/python3.10/site-packages/airflow/models/dagbag.py", line 351, in parse
    loader.exec_module(new_module)
  File "<frozen importlib._bootstrap_external>", line 879, in exec_module
  File "<frozen importlib._bootstrap_external>", line 1017, in get_code
  File "<frozen importlib._bootstrap_external>", line 947, in source_to_code
  File "<frozen importlib._bootstrap>", line 241, in _call_with_frames_removed
  File "/opt/airflow/dags/data_staging_dag.py", line 9
    
    ^
IndentationError: expected an indented block after function definition on line 8
[2026-09-16T15:56:51.331+0000] {processor.py:842} WARNING - No viable dags retrieved from /opt/airflow/dags/data_staging_dag.py
[2026-09-16T15:56:51.378+0000] {processor.py:183} INFO - Processing /opt/airflow/dags/data_staging_dag.py took 0.075 seconds
[2026-09-16T15:57:24.510+0000] {processor.py:161} INFO - Started process (PID=829) to work on /opt/airflow/dags/data_staging_dag.py
[2026-09-16T15:57:24.512+0000] {processor.py:830} INFO - Processing file /opt/airflow/dags/data_staging_dag.py for tasks to queue
[2026-09-16T15:57:24.513+0000] {logging_mixin.py:188} INFO - [2026-09-16T15:57:24.513+0000] {dagbag.py:545} INFO - Filling up the DagBag from /opt/airflow/dags/data_staging_dag.py
[2026-09-16T15:57:24.519+0000] {logging_mixin.py:188} INFO - [2026-09-16T15:57:24.518+0000] {dagbag.py:355} ERROR - Failed to import: /opt/airflow/dags/data_staging_dag.py
Traceback (most recent call last):
  File "/home/airflow/.local/lib/python3.10/site-packages/airflow/models/dagbag.py", line 351, in parse
    loader.exec_module(new_module)
  File "<frozen importlib._bootstrap_external>", line 879, in exec_module
  File "<frozen importlib._bootstrap_external>", line 1017, in get_code
  File "<frozen importlib._bootstrap_external>", line 947, in source_to_code
  File "<frozen importlib._bootstrap>", line 241, in _call_with_frames_removed
  File "/opt/airflow/dags/data_staging_dag.py", line 9
    
    ^
IndentationError: expected an indented block after function definition on line 8
[2026-09-16T15:57:24.519+0000] {processor.py:842} WARNING - No viable dags retrieved from /opt/airflow/dags/data_staging_dag.py
[2026-09-16T15:57:24.556+0000] {processor.py:183} INFO - Processing /opt/airflow/dags/data_staging_dag.py took 0.055 seconds
[2026-09-16T15:57:56.688+0000] {processor.py:161} INFO - Started process (PID=838) to work on /opt/airflow/dags/data_staging_dag.py
[2026-09-16T15:57:56.689+0000] {processor.py:830} INFO - Processing file /opt/airflow/dags/data_staging_dag.py for tasks to queue
[2026-09-16T15:57:56.690+0000] {logging_mixin.py:188} INFO - [2026-09-16T15:57:56.690+0000] {dagbag.py:545} INFO - Filling up the DagBag from /opt/airflow/dags/data_staging_dag.py
[2026-09-16T15:57:56.694+0000] {logging_mixin.py:188} INFO - [2026-09-16T15:57:56.693+0000] {dagbag.py:355} ERROR - Failed to import: /opt/airflow/dags/data_staging_dag.py
Traceback (most recent call last):
  File "/home/airflow/.local/lib/python3.10/site-packages/airflow/models/dagbag.py", line 351, in parse
    loader.exec_module(new_module)
  File "<frozen importlib._bootstrap_external>", line 879, in exec_module
  File "<frozen importlib._bootstrap_external>", line 1017, in get_code
  File "<frozen importlib._bootstrap_external>", line 947, in source_to_code
  File "<frozen importlib._bootstrap>", line 241, in _call_with_frames_removed
  File "/opt/airflow/dags/data_staging_dag.py", line 9
    
    ^
IndentationError: expected an indented block after function definition on line 8
[2026-09-16T15:57:56.695+0000] {processor.py:842} WARNING - No viable dags retrieved from /opt/airflow/dags/data_staging_dag.py
[2026-09-16T15:57:56.727+0000] {processor.py:183} INFO - Processing /opt/airflow/dags/data_staging_dag.py took 0.046 seconds
[2026-09-16T15:58:29.862+0000] {processor.py:161} INFO - Started process (PID=846) to work on /opt/airflow/dags/data_staging_dag.py
[2026-09-16T15:58:29.864+0000] {processor.py:830} INFO - Processing file /opt/airflow/dags/data_staging_dag.py for tasks to queue
[2026-09-16T15:58:29.866+0000] {logging_mixin.py:188} INFO - [2026-09-16T15:58:29.866+0000] {dagbag.py:545} INFO - Filling up the DagBag from /opt/airflow/dags/data_staging_dag.py
[2026-09-16T15:58:29.871+0000] {logging_mixin.py:188} INFO - [2026-09-16T15:58:29.870+0000] {dagbag.py:355} ERROR - Failed to import: /opt/airflow/dags/data_staging_dag.py
Traceback (most recent call last):
  File "/home/airflow/.local/lib/python3.10/site-packages/airflow/models/dagbag.py", line 351, in parse
    loader.exec_module(new_module)
  File "<frozen importlib._bootstrap_external>", line 879, in exec_module
  File "<frozen importlib._bootstrap_external>", line 1017, in get_code
  File "<frozen importlib._bootstrap_external>", line 947, in source_to_code
  File "<frozen importlib._bootstrap>", line 241, in _call_with_frames_removed
  File "/opt/airflow/dags/data_staging_dag.py", line 9
    
    ^
IndentationError: expected an indented block after function definition on line 8
[2026-09-16T15:58:29.871+0000] {processor.py:842} WARNING - No viable dags retrieved from /opt/airflow/dags/data_staging_dag.py
[2026-09-16T15:58:29.913+0000] {processor.py:183} INFO - Processing /opt/airflow/dags/data_staging_dag.py took 0.062 seconds
[2026-09-16T15:59:03.085+0000] {processor.py:161} INFO - Started process (PID=854) to work on /opt/airflow/dags/data_staging_dag.py
[2026-09-16T15:59:03.088+0000] {processor.py:830} INFO - Processing file /opt/airflow/dags/data_staging_dag.py for tasks to queue
[2026-09-16T15:59:03.089+0000] {logging_mixin.py:188} INFO - [2026-09-16T15:59:03.089+0000] {dagbag.py:545} INFO - Filling up the DagBag from /opt/airflow/dags/data_staging_dag.py
[2026-09-16T15:59:03.094+0000] {logging_mixin.py:188} INFO - [2026-09-16T15:59:03.093+0000] {dagbag.py:355} ERROR - Failed to import: /opt/airflow/dags/data_staging_dag.py
Traceback (most recent call last):
  File "/home/airflow/.local/lib/python3.10/site-packages/airflow/models/dagbag.py", line 351, in parse
    loader.exec_module(new_module)
  File "<frozen importlib._bootstrap_external>", line 879, in exec_module
  File "<frozen importlib._bootstrap_external>", line 1017, in get_code
  File "<frozen importlib._bootstrap_external>", line 947, in source_to_code
  File "<frozen importlib._bootstrap>", line 241, in _call_with_frames_removed
  File "/opt/airflow/dags/data_staging_dag.py", line 9
    
    ^
IndentationError: expected an indented block after function definition on line 8
[2026-09-16T15:59:03.095+0000] {processor.py:842} WARNING - No viable dags retrieved from /opt/airflow/dags/data_staging_dag.py
[2026-09-16T15:59:03.125+0000] {processor.py:183} INFO - Processing /opt/airflow/dags/data_staging_dag.py took 0.051 seconds
[2026-09-16T15:59:36.258+0000] {processor.py:161} INFO - Started process (PID=862) to work on /opt/airflow/dags/data_staging_dag.py
[2026-09-16T15:59:36.267+0000] {processor.py:830} INFO - Processing file /opt/airflow/dags/data_staging_dag.py for tasks to queue
[2026-09-16T15:59:36.269+0000] {logging_mixin.py:188} INFO - [2026-09-16T15:59:36.268+0000] {dagbag.py:545} INFO - Filling up the DagBag from /opt/airflow/dags/data_staging_dag.py
[2026-09-16T15:59:36.282+0000] {logging_mixin.py:188} INFO - [2026-09-16T15:59:36.281+0000] {dagbag.py:355} ERROR - Failed to import: /opt/airflow/dags/data_staging_dag.py
Traceback (most recent call last):
  File "/home/airflow/.local/lib/python3.10/site-packages/airflow/models/dagbag.py", line 351, in parse
    loader.exec_module(new_module)
  File "<frozen importlib._bootstrap_external>", line 879, in exec_module
  File "<frozen importlib._bootstrap_external>", line 1017, in get_code
  File "<frozen importlib._bootstrap_external>", line 947, in source_to_code
  File "<frozen importlib._bootstrap>", line 241, in _call_with_frames_removed
  File "/opt/airflow/dags/data_staging_dag.py", line 9
    
    ^
IndentationError: expected an indented block after function definition on line 8
[2026-09-16T15:59:36.283+0000] {processor.py:842} WARNING - No viable dags retrieved from /opt/airflow/dags/data_staging_dag.py
[2026-09-16T15:59:36.392+0000] {processor.py:183} INFO - Processing /opt/airflow/dags/data_staging_dag.py took 0.152 seconds
[2026-09-16T16:00:08.546+0000] {processor.py:161} INFO - Started process (PID=870) to work on /opt/airflow/dags/data_staging_dag.py
[2026-09-16T16:00:08.547+0000] {processor.py:830} INFO - Processing file /opt/airflow/dags/data_staging_dag.py for tasks to queue
[2026-09-16T16:00:08.549+0000] {logging_mixin.py:188} INFO - [2026-09-16T16:00:08.548+0000] {dagbag.py:545} INFO - Filling up the DagBag from /opt/airflow/dags/data_staging_dag.py
[2026-09-16T16:00:08.552+0000] {logging_mixin.py:188} INFO - [2026-09-16T16:00:08.551+0000] {dagbag.py:355} ERROR - Failed to import: /opt/airflow/dags/data_staging_dag.py
Traceback (most recent call last):
  File "/home/airflow/.local/lib/python3.10/site-packages/airflow/models/dagbag.py", line 351, in parse
    loader.exec_module(new_module)
  File "<frozen importlib._bootstrap_external>", line 879, in exec_module
  File "<frozen importlib._bootstrap_external>", line 1017, in get_code
  File "<frozen importlib._bootstrap_external>", line 947, in source_to_code
  File "<frozen importlib._bootstrap>", line 241, in _call_with_frames_removed
  File "/opt/airflow/dags/data_staging_dag.py", line 9
    
    ^
IndentationError: expected an indented block after function definition on line 8
[2026-09-16T16:00:08.553+0000] {processor.py:842} WARNING - No viable dags retrieved from /opt/airflow/dags/data_staging_dag.py
[2026-09-16T16:00:08.589+0000] {processor.py:183} INFO - Processing /opt/airflow/dags/data_staging_dag.py took 0.054 seconds
[2026-09-16T16:00:41.717+0000] {processor.py:161} INFO - Started process (PID=878) to work on /opt/airflow/dags/data_staging_dag.py
[2026-09-16T16:00:41.718+0000] {processor.py:830} INFO - Processing file /opt/airflow/dags/data_staging_dag.py for tasks to queue
[2026-09-16T16:00:41.719+0000] {logging_mixin.py:188} INFO - [2026-09-16T16:00:41.719+0000] {dagbag.py:545} INFO - Filling up the DagBag from /opt/airflow/dags/data_staging_dag.py
[2026-09-16T16:00:41.722+0000] {logging_mixin.py:188} INFO - [2026-09-16T16:00:41.721+0000] {dagbag.py:355} ERROR - Failed to import: /opt/airflow/dags/data_staging_dag.py
Traceback (most recent call last):
  File "/home/airflow/.local/lib/python3.10/site-packages/airflow/models/dagbag.py", line 351, in parse
    loader.exec_module(new_module)
  File "<frozen importlib._bootstrap_external>", line 879, in exec_module
  File "<frozen importlib._bootstrap_external>", line 1017, in get_code
  File "<frozen importlib._bootstrap_external>", line 947, in source_to_code
  File "<frozen importlib._bootstrap>", line 241, in _call_with_frames_removed
  File "/opt/airflow/dags/data_staging_dag.py", line 9
    
    ^
IndentationError: expected an indented block after function definition on line 8
[2026-09-16T16:00:41.723+0000] {processor.py:842} WARNING - No viable dags retrieved from /opt/airflow/dags/data_staging_dag.py
[2026-09-16T16:00:41.758+0000] {processor.py:183} INFO - Processing /opt/airflow/dags/data_staging_dag.py took 0.055 seconds
[2026-09-16T16:01:14.947+0000] {processor.py:161} INFO - Started process (PID=885) to work on /opt/airflow/dags/data_staging_dag.py
[2026-09-16T16:01:14.951+0000] {processor.py:830} INFO - Processing file /opt/airflow/dags/data_staging_dag.py for tasks to queue
[2026-09-16T16:01:14.952+0000] {logging_mixin.py:188} INFO - [2026-09-16T16:01:14.952+0000] {dagbag.py:545} INFO - Filling up the DagBag from /opt/airflow/dags/data_staging_dag.py
[2026-09-16T16:01:14.957+0000] {logging_mixin.py:188} INFO - [2026-09-16T16:01:14.957+0000] {dagbag.py:355} ERROR - Failed to import: /opt/airflow/dags/data_staging_dag.py
Traceback (most recent call last):
  File "/home/airflow/.local/lib/python3.10/site-packages/airflow/models/dagbag.py", line 351, in parse
    loader.exec_module(new_module)
  File "<frozen importlib._bootstrap_external>", line 879, in exec_module
  File "<frozen importlib._bootstrap_external>", line 1017, in get_code
  File "<frozen importlib._bootstrap_external>", line 947, in source_to_code
  File "<frozen importlib._bootstrap>", line 241, in _call_with_frames_removed
  File "/opt/airflow/dags/data_staging_dag.py", line 9
    
    ^
IndentationError: expected an indented block after function definition on line 8
[2026-09-16T16:01:14.958+0000] {processor.py:842} WARNING - No viable dags retrieved from /opt/airflow/dags/data_staging_dag.py
[2026-09-16T16:01:14.988+0000] {processor.py:183} INFO - Processing /opt/airflow/dags/data_staging_dag.py took 0.050 seconds
[2026-09-16T16:01:48.160+0000] {processor.py:161} INFO - Started process (PID=893) to work on /opt/airflow/dags/data_staging_dag.py
[2026-09-16T16:01:48.163+0000] {processor.py:830} INFO - Processing file /opt/airflow/dags/data_staging_dag.py for tasks to queue
[2026-09-16T16:01:48.165+0000] {logging_mixin.py:188} INFO - [2026-09-16T16:01:48.165+0000] {dagbag.py:545} INFO - Filling up the DagBag from /opt/airflow/dags/data_staging_dag.py
[2026-09-16T16:01:48.168+0000] {logging_mixin.py:188} INFO - [2026-09-16T16:01:48.168+0000] {dagbag.py:355} ERROR - Failed to import: /opt/airflow/dags/data_staging_dag.py
Traceback (most recent call last):
  File "/home/airflow/.local/lib/python3.10/site-packages/airflow/models/dagbag.py", line 351, in parse
    loader.exec_module(new_module)
  File "<frozen importlib._bootstrap_external>", line 879, in exec_module
  File "<frozen importlib._bootstrap_external>", line 1017, in get_code
  File "<frozen importlib._bootstrap_external>", line 947, in source_to_code
  File "<frozen importlib._bootstrap>", line 241, in _call_with_frames_removed
  File "/opt/airflow/dags/data_staging_dag.py", line 9
    
    ^
IndentationError: expected an indented block after function definition on line 8
[2026-09-16T16:01:48.169+0000] {processor.py:842} WARNING - No viable dags retrieved from /opt/airflow/dags/data_staging_dag.py
[2026-09-16T16:01:48.196+0000] {processor.py:183} INFO - Processing /opt/airflow/dags/data_staging_dag.py took 0.045 seconds
[2026-09-16T16:02:20.321+0000] {processor.py:161} INFO - Started process (PID=901) to work on /opt/airflow/dags/data_staging_dag.py
[2026-09-16T16:02:20.323+0000] {processor.py:830} INFO - Processing file /opt/airflow/dags/data_staging_dag.py for tasks to queue
[2026-09-16T16:02:20.324+0000] {logging_mixin.py:188} INFO - [2026-09-16T16:02:20.324+0000] {dagbag.py:545} INFO - Filling up the DagBag from /opt/airflow/dags/data_staging_dag.py
[2026-09-16T16:02:20.329+0000] {logging_mixin.py:188} INFO - [2026-09-16T16:02:20.328+0000] {dagbag.py:355} ERROR - Failed to import: /opt/airflow/dags/data_staging_dag.py
Traceback (most recent call last):
  File "/home/airflow/.local/lib/python3.10/site-packages/airflow/models/dagbag.py", line 351, in parse
    loader.exec_module(new_module)
  File "<frozen importlib._bootstrap_external>", line 879, in exec_module
  File "<frozen importlib._bootstrap_external>", line 1017, in get_code
  File "<frozen importlib._bootstrap_external>", line 947, in source_to_code
  File "<frozen importlib._bootstrap>", line 241, in _call_with_frames_removed
  File "/opt/airflow/dags/data_staging_dag.py", line 9
    
    ^
IndentationError: expected an indented block after function definition on line 8
[2026-09-16T16:02:20.330+0000] {processor.py:842} WARNING - No viable dags retrieved from /opt/airflow/dags/data_staging_dag.py
[2026-09-16T16:02:20.358+0000] {processor.py:183} INFO - Processing /opt/airflow/dags/data_staging_dag.py took 0.046 seconds
[2026-09-16T16:02:53.505+0000] {processor.py:161} INFO - Started process (PID=909) to work on /opt/airflow/dags/data_staging_dag.py
[2026-09-16T16:02:53.507+0000] {processor.py:830} INFO - Processing file /opt/airflow/dags/data_staging_dag.py for tasks to queue
[2026-09-16T16:02:53.508+0000] {logging_mixin.py:188} INFO - [2026-09-16T16:02:53.507+0000] {dagbag.py:545} INFO - Filling up the DagBag from /opt/airflow/dags/data_staging_dag.py
[2026-09-16T16:02:53.511+0000] {logging_mixin.py:188} INFO - [2026-09-16T16:02:53.510+0000] {dagbag.py:355} ERROR - Failed to import: /opt/airflow/dags/data_staging_dag.py
Traceback (most recent call last):
  File "/home/airflow/.local/lib/python3.10/site-packages/airflow/models/dagbag.py", line 351, in parse
    loader.exec_module(new_module)
  File "<frozen importlib._bootstrap_external>", line 879, in exec_module
  File "<frozen importlib._bootstrap_external>", line 1017, in get_code
  File "<frozen importlib._bootstrap_external>", line 947, in source_to_code
  File "<frozen importlib._bootstrap>", line 241, in _call_with_frames_removed
  File "/opt/airflow/dags/data_staging_dag.py", line 9
    
    ^
IndentationError: expected an indented block after function definition on line 8
[2026-09-16T16:02:53.511+0000] {processor.py:842} WARNING - No viable dags retrieved from /opt/airflow/dags/data_staging_dag.py
[2026-09-16T16:02:53.543+0000] {processor.py:183} INFO - Processing /opt/airflow/dags/data_staging_dag.py took 0.047 seconds
[2026-09-16T16:03:26.739+0000] {processor.py:161} INFO - Started process (PID=917) to work on /opt/airflow/dags/data_staging_dag.py
[2026-09-16T16:03:26.741+0000] {processor.py:830} INFO - Processing file /opt/airflow/dags/data_staging_dag.py for tasks to queue
[2026-09-16T16:03:26.743+0000] {logging_mixin.py:188} INFO - [2026-09-16T16:03:26.743+0000] {dagbag.py:545} INFO - Filling up the DagBag from /opt/airflow/dags/data_staging_dag.py
[2026-09-16T16:03:26.747+0000] {logging_mixin.py:188} INFO - [2026-09-16T16:03:26.746+0000] {dagbag.py:355} ERROR - Failed to import: /opt/airflow/dags/data_staging_dag.py
Traceback (most recent call last):
  File "/home/airflow/.local/lib/python3.10/site-packages/airflow/models/dagbag.py", line 351, in parse
    loader.exec_module(new_module)
  File "<frozen importlib._bootstrap_external>", line 879, in exec_module
  File "<frozen importlib._bootstrap_external>", line 1017, in get_code
  File "<frozen importlib._bootstrap_external>", line 947, in source_to_code
  File "<frozen importlib._bootstrap>", line 241, in _call_with_frames_removed
  File "/opt/airflow/dags/data_staging_dag.py", line 9
    
    ^
IndentationError: expected an indented block after function definition on line 8
[2026-09-16T16:03:26.747+0000] {processor.py:842} WARNING - No viable dags retrieved from /opt/airflow/dags/data_staging_dag.py
[2026-09-16T16:03:26.777+0000] {processor.py:183} INFO - Processing /opt/airflow/dags/data_staging_dag.py took 0.053 seconds
[2026-09-16T16:03:59.938+0000] {processor.py:161} INFO - Started process (PID=926) to work on /opt/airflow/dags/data_staging_dag.py
[2026-09-16T16:03:59.939+0000] {processor.py:830} INFO - Processing file /opt/airflow/dags/data_staging_dag.py for tasks to queue
[2026-09-16T16:03:59.940+0000] {logging_mixin.py:188} INFO - [2026-09-16T16:03:59.939+0000] {dagbag.py:545} INFO - Filling up the DagBag from /opt/airflow/dags/data_staging_dag.py
[2026-09-16T16:03:59.942+0000] {logging_mixin.py:188} INFO - [2026-09-16T16:03:59.942+0000] {dagbag.py:355} ERROR - Failed to import: /opt/airflow/dags/data_staging_dag.py
Traceback (most recent call last):
  File "/home/airflow/.local/lib/python3.10/site-packages/airflow/models/dagbag.py", line 351, in parse
    loader.exec_module(new_module)
  File "<frozen importlib._bootstrap_external>", line 879, in exec_module
  File "<frozen importlib._bootstrap_external>", line 1017, in get_code
  File "<frozen importlib._bootstrap_external>", line 947, in source_to_code
  File "<frozen importlib._bootstrap>", line 241, in _call_with_frames_removed
  File "/opt/airflow/dags/data_staging_dag.py", line 9
    
    ^
IndentationError: expected an indented block after function definition on line 8
[2026-09-16T16:03:59.943+0000] {processor.py:842} WARNING - No viable dags retrieved from /opt/airflow/dags/data_staging_dag.py
[2026-09-16T16:03:59.972+0000] {processor.py:183} INFO - Processing /opt/airflow/dags/data_staging_dag.py took 0.045 seconds
[2026-09-16T16:04:32.075+0000] {processor.py:161} INFO - Started process (PID=934) to work on /opt/airflow/dags/data_staging_dag.py
[2026-09-16T16:04:32.079+0000] {processor.py:830} INFO - Processing file /opt/airflow/dags/data_staging_dag.py for tasks to queue
[2026-09-16T16:04:32.081+0000] {logging_mixin.py:188} INFO - [2026-09-16T16:04:32.080+0000] {dagbag.py:545} INFO - Filling up the DagBag from /opt/airflow/dags/data_staging_dag.py
[2026-09-16T16:04:32.085+0000] {logging_mixin.py:188} INFO - [2026-09-16T16:04:32.084+0000] {dagbag.py:355} ERROR - Failed to import: /opt/airflow/dags/data_staging_dag.py
Traceback (most recent call last):
  File "/home/airflow/.local/lib/python3.10/site-packages/airflow/models/dagbag.py", line 351, in parse
    loader.exec_module(new_module)
  File "<frozen importlib._bootstrap_external>", line 879, in exec_module
  File "<frozen importlib._bootstrap_external>", line 1017, in get_code
  File "<frozen importlib._bootstrap_external>", line 947, in source_to_code
  File "<frozen importlib._bootstrap>", line 241, in _call_with_frames_removed
  File "/opt/airflow/dags/data_staging_dag.py", line 9
    
    ^
IndentationError: expected an indented block after function definition on line 8
[2026-09-16T16:04:32.086+0000] {processor.py:842} WARNING - No viable dags retrieved from /opt/airflow/dags/data_staging_dag.py
[2026-09-16T16:04:32.115+0000] {processor.py:183} INFO - Processing /opt/airflow/dags/data_staging_dag.py took 0.049 seconds
[2026-09-16T16:05:05.255+0000] {processor.py:161} INFO - Started process (PID=942) to work on /opt/airflow/dags/data_staging_dag.py
[2026-09-16T16:05:05.256+0000] {processor.py:830} INFO - Processing file /opt/airflow/dags/data_staging_dag.py for tasks to queue
[2026-09-16T16:05:05.258+0000] {logging_mixin.py:188} INFO - [2026-09-16T16:05:05.257+0000] {dagbag.py:545} INFO - Filling up the DagBag from /opt/airflow/dags/data_staging_dag.py
[2026-09-16T16:05:05.262+0000] {logging_mixin.py:188} INFO - [2026-09-16T16:05:05.261+0000] {dagbag.py:355} ERROR - Failed to import: /opt/airflow/dags/data_staging_dag.py
Traceback (most recent call last):
  File "/home/airflow/.local/lib/python3.10/site-packages/airflow/models/dagbag.py", line 351, in parse
    loader.exec_module(new_module)
  File "<frozen importlib._bootstrap_external>", line 879, in exec_module
  File "<frozen importlib._bootstrap_external>", line 1017, in get_code
  File "<frozen importlib._bootstrap_external>", line 947, in source_to_code
  File "<frozen importlib._bootstrap>", line 241, in _call_with_frames_removed
  File "/opt/airflow/dags/data_staging_dag.py", line 9
    
    ^
IndentationError: expected an indented block after function definition on line 8
[2026-09-16T16:05:05.262+0000] {processor.py:842} WARNING - No viable dags retrieved from /opt/airflow/dags/data_staging_dag.py
[2026-09-16T16:05:05.292+0000] {processor.py:183} INFO - Processing /opt/airflow/dags/data_staging_dag.py took 0.047 seconds
[2026-09-16T16:05:38.452+0000] {processor.py:161} INFO - Started process (PID=950) to work on /opt/airflow/dags/data_staging_dag.py
[2026-09-16T16:05:38.457+0000] {processor.py:830} INFO - Processing file /opt/airflow/dags/data_staging_dag.py for tasks to queue
[2026-09-16T16:05:38.458+0000] {logging_mixin.py:188} INFO - [2026-09-16T16:05:38.458+0000] {dagbag.py:545} INFO - Filling up the DagBag from /opt/airflow/dags/data_staging_dag.py
[2026-09-16T16:05:38.461+0000] {logging_mixin.py:188} INFO - [2026-09-16T16:05:38.460+0000] {dagbag.py:355} ERROR - Failed to import: /opt/airflow/dags/data_staging_dag.py
Traceback (most recent call last):
  File "/home/airflow/.local/lib/python3.10/site-packages/airflow/models/dagbag.py", line 351, in parse
    loader.exec_module(new_module)
  File "<frozen importlib._bootstrap_external>", line 879, in exec_module
  File "<frozen importlib._bootstrap_external>", line 1017, in get_code
  File "<frozen importlib._bootstrap_external>", line 947, in source_to_code
  File "<frozen importlib._bootstrap>", line 241, in _call_with_frames_removed
  File "/opt/airflow/dags/data_staging_dag.py", line 9
    
    ^
IndentationError: expected an indented block after function definition on line 8
[2026-09-16T16:05:38.461+0000] {processor.py:842} WARNING - No viable dags retrieved from /opt/airflow/dags/data_staging_dag.py
[2026-09-16T16:05:38.496+0000] {processor.py:183} INFO - Processing /opt/airflow/dags/data_staging_dag.py took 0.053 seconds
[2026-09-16T16:06:11.627+0000] {processor.py:161} INFO - Started process (PID=958) to work on /opt/airflow/dags/data_staging_dag.py
[2026-09-16T16:06:11.628+0000] {processor.py:830} INFO - Processing file /opt/airflow/dags/data_staging_dag.py for tasks to queue
[2026-09-16T16:06:11.629+0000] {logging_mixin.py:188} INFO - [2026-09-16T16:06:11.629+0000] {dagbag.py:545} INFO - Filling up the DagBag from /opt/airflow/dags/data_staging_dag.py
[2026-09-16T16:06:11.635+0000] {logging_mixin.py:188} INFO - [2026-09-16T16:06:11.634+0000] {dagbag.py:355} ERROR - Failed to import: /opt/airflow/dags/data_staging_dag.py
Traceback (most recent call last):
  File "/home/airflow/.local/lib/python3.10/site-packages/airflow/models/dagbag.py", line 351, in parse
    loader.exec_module(new_module)
  File "<frozen importlib._bootstrap_external>", line 879, in exec_module
  File "<frozen importlib._bootstrap_external>", line 1017, in get_code
  File "<frozen importlib._bootstrap_external>", line 947, in source_to_code
  File "<frozen importlib._bootstrap>", line 241, in _call_with_frames_removed
  File "/opt/airflow/dags/data_staging_dag.py", line 9
    
    ^
IndentationError: expected an indented block after function definition on line 8
[2026-09-16T16:06:11.635+0000] {processor.py:842} WARNING - No viable dags retrieved from /opt/airflow/dags/data_staging_dag.py
[2026-09-16T16:06:11.659+0000] {processor.py:183} INFO - Processing /opt/airflow/dags/data_staging_dag.py took 0.039 seconds
[2026-09-16T16:06:43.881+0000] {processor.py:161} INFO - Started process (PID=966) to work on /opt/airflow/dags/data_staging_dag.py
[2026-09-16T16:06:43.887+0000] {processor.py:830} INFO - Processing file /opt/airflow/dags/data_staging_dag.py for tasks to queue
[2026-09-16T16:06:43.888+0000] {logging_mixin.py:188} INFO - [2026-09-16T16:06:43.888+0000] {dagbag.py:545} INFO - Filling up the DagBag from /opt/airflow/dags/data_staging_dag.py
[2026-09-16T16:06:43.893+0000] {logging_mixin.py:188} INFO - [2026-09-16T16:06:43.892+0000] {dagbag.py:355} ERROR - Failed to import: /opt/airflow/dags/data_staging_dag.py
Traceback (most recent call last):
  File "/home/airflow/.local/lib/python3.10/site-packages/airflow/models/dagbag.py", line 351, in parse
    loader.exec_module(new_module)
  File "<frozen importlib._bootstrap_external>", line 879, in exec_module
  File "<frozen importlib._bootstrap_external>", line 1017, in get_code
  File "<frozen importlib._bootstrap_external>", line 947, in source_to_code
  File "<frozen importlib._bootstrap>", line 241, in _call_with_frames_removed
  File "/opt/airflow/dags/data_staging_dag.py", line 9
    
    ^
IndentationError: expected an indented block after function definition on line 8
[2026-09-16T16:06:43.894+0000] {processor.py:842} WARNING - No viable dags retrieved from /opt/airflow/dags/data_staging_dag.py
[2026-09-16T16:06:43.931+0000] {processor.py:183} INFO - Processing /opt/airflow/dags/data_staging_dag.py took 0.061 seconds
[2026-09-16T16:07:17.041+0000] {processor.py:161} INFO - Started process (PID=974) to work on /opt/airflow/dags/data_staging_dag.py
[2026-09-16T16:07:17.042+0000] {processor.py:830} INFO - Processing file /opt/airflow/dags/data_staging_dag.py for tasks to queue
[2026-09-16T16:07:17.044+0000] {logging_mixin.py:188} INFO - [2026-09-16T16:07:17.043+0000] {dagbag.py:545} INFO - Filling up the DagBag from /opt/airflow/dags/data_staging_dag.py
[2026-09-16T16:07:17.048+0000] {logging_mixin.py:188} INFO - [2026-09-16T16:07:17.047+0000] {dagbag.py:355} ERROR - Failed to import: /opt/airflow/dags/data_staging_dag.py
Traceback (most recent call last):
  File "/home/airflow/.local/lib/python3.10/site-packages/airflow/models/dagbag.py", line 351, in parse
    loader.exec_module(new_module)
  File "<frozen importlib._bootstrap_external>", line 879, in exec_module
  File "<frozen importlib._bootstrap_external>", line 1017, in get_code
  File "<frozen importlib._bootstrap_external>", line 947, in source_to_code
  File "<frozen importlib._bootstrap>", line 241, in _call_with_frames_removed
  File "/opt/airflow/dags/data_staging_dag.py", line 9
    
    ^
IndentationError: expected an indented block after function definition on line 8
[2026-09-16T16:07:17.048+0000] {processor.py:842} WARNING - No viable dags retrieved from /opt/airflow/dags/data_staging_dag.py
[2026-09-16T16:07:17.079+0000] {processor.py:183} INFO - Processing /opt/airflow/dags/data_staging_dag.py took 0.047 seconds
[2026-09-16T16:12:33.092+0000] {processor.py:161} INFO - Started process (PID=982) to work on /opt/airflow/dags/data_staging_dag.py
[2026-09-16T16:12:33.135+0000] {processor.py:830} INFO - Processing file /opt/airflow/dags/data_staging_dag.py for tasks to queue
[2026-09-16T16:12:33.156+0000] {logging_mixin.py:188} INFO - [2026-09-16T16:12:33.153+0000] {dagbag.py:545} INFO - Filling up the DagBag from /opt/airflow/dags/data_staging_dag.py
[2026-09-16T16:12:33.211+0000] {logging_mixin.py:188} INFO - [2026-09-16T16:12:33.193+0000] {dagbag.py:355} ERROR - Failed to import: /opt/airflow/dags/data_staging_dag.py
Traceback (most recent call last):
  File "/home/airflow/.local/lib/python3.10/site-packages/airflow/models/dagbag.py", line 351, in parse
    loader.exec_module(new_module)
  File "<frozen importlib._bootstrap_external>", line 879, in exec_module
  File "<frozen importlib._bootstrap_external>", line 1017, in get_code
  File "<frozen importlib._bootstrap_external>", line 947, in source_to_code
  File "<frozen importlib._bootstrap>", line 241, in _call_with_frames_removed
  File "/opt/airflow/dags/data_staging_dag.py", line 9
    
    ^
IndentationError: expected an indented block after function definition on line 8
[2026-09-16T16:12:33.213+0000] {processor.py:842} WARNING - No viable dags retrieved from /opt/airflow/dags/data_staging_dag.py
[2026-09-16T16:12:33.569+0000] {processor.py:183} INFO - Processing /opt/airflow/dags/data_staging_dag.py took 0.540 seconds
[2026-09-16T16:13:05.038+0000] {processor.py:161} INFO - Started process (PID=990) to work on /opt/airflow/dags/data_staging_dag.py
[2026-09-16T16:13:05.040+0000] {processor.py:830} INFO - Processing file /opt/airflow/dags/data_staging_dag.py for tasks to queue
[2026-09-16T16:13:05.042+0000] {logging_mixin.py:188} INFO - [2026-09-16T16:13:05.041+0000] {dagbag.py:545} INFO - Filling up the DagBag from /opt/airflow/dags/data_staging_dag.py
[2026-09-16T16:13:05.049+0000] {logging_mixin.py:188} INFO - [2026-09-16T16:13:05.048+0000] {dagbag.py:355} ERROR - Failed to import: /opt/airflow/dags/data_staging_dag.py
Traceback (most recent call last):
  File "/home/airflow/.local/lib/python3.10/site-packages/airflow/models/dagbag.py", line 351, in parse
    loader.exec_module(new_module)
  File "<frozen importlib._bootstrap_external>", line 879, in exec_module
  File "<frozen importlib._bootstrap_external>", line 1017, in get_code
  File "<frozen importlib._bootstrap_external>", line 947, in source_to_code
  File "<frozen importlib._bootstrap>", line 241, in _call_with_frames_removed
  File "/opt/airflow/dags/data_staging_dag.py", line 9
    
    ^
IndentationError: expected an indented block after function definition on line 8
[2026-09-16T16:13:05.050+0000] {processor.py:842} WARNING - No viable dags retrieved from /opt/airflow/dags/data_staging_dag.py
[2026-09-16T16:13:05.084+0000] {processor.py:183} INFO - Processing /opt/airflow/dags/data_staging_dag.py took 0.057 seconds
[2026-09-16T16:13:37.585+0000] {processor.py:161} INFO - Started process (PID=998) to work on /opt/airflow/dags/data_staging_dag.py
[2026-09-16T16:13:37.588+0000] {processor.py:830} INFO - Processing file /opt/airflow/dags/data_staging_dag.py for tasks to queue
[2026-09-16T16:13:37.589+0000] {logging_mixin.py:188} INFO - [2026-09-16T16:13:37.589+0000] {dagbag.py:545} INFO - Filling up the DagBag from /opt/airflow/dags/data_staging_dag.py
[2026-09-16T16:13:37.592+0000] {logging_mixin.py:188} INFO - [2026-09-16T16:13:37.592+0000] {dagbag.py:355} ERROR - Failed to import: /opt/airflow/dags/data_staging_dag.py
Traceback (most recent call last):
  File "/home/airflow/.local/lib/python3.10/site-packages/airflow/models/dagbag.py", line 351, in parse
    loader.exec_module(new_module)
  File "<frozen importlib._bootstrap_external>", line 879, in exec_module
  File "<frozen importlib._bootstrap_external>", line 1017, in get_code
  File "<frozen importlib._bootstrap_external>", line 947, in source_to_code
  File "<frozen importlib._bootstrap>", line 241, in _call_with_frames_removed
  File "/opt/airflow/dags/data_staging_dag.py", line 9
    
    ^
IndentationError: expected an indented block after function definition on line 8
[2026-09-16T16:13:37.593+0000] {processor.py:842} WARNING - No viable dags retrieved from /opt/airflow/dags/data_staging_dag.py
[2026-09-16T16:13:37.624+0000] {processor.py:183} INFO - Processing /opt/airflow/dags/data_staging_dag.py took 0.047 seconds
[2026-09-16T16:14:09.600+0000] {processor.py:161} INFO - Started process (PID=1006) to work on /opt/airflow/dags/data_staging_dag.py
[2026-09-16T16:14:09.602+0000] {processor.py:830} INFO - Processing file /opt/airflow/dags/data_staging_dag.py for tasks to queue
[2026-09-16T16:14:09.603+0000] {logging_mixin.py:188} INFO - [2026-09-16T16:14:09.602+0000] {dagbag.py:545} INFO - Filling up the DagBag from /opt/airflow/dags/data_staging_dag.py
[2026-09-16T16:14:09.608+0000] {logging_mixin.py:188} INFO - [2026-09-16T16:14:09.606+0000] {dagbag.py:355} ERROR - Failed to import: /opt/airflow/dags/data_staging_dag.py
Traceback (most recent call last):
  File "/home/airflow/.local/lib/python3.10/site-packages/airflow/models/dagbag.py", line 351, in parse
    loader.exec_module(new_module)
  File "<frozen importlib._bootstrap_external>", line 879, in exec_module
  File "<frozen importlib._bootstrap_external>", line 1017, in get_code
  File "<frozen importlib._bootstrap_external>", line 947, in source_to_code
  File "<frozen importlib._bootstrap>", line 241, in _call_with_frames_removed
  File "/opt/airflow/dags/data_staging_dag.py", line 9
    
    ^
IndentationError: expected an indented block after function definition on line 8
[2026-09-16T16:14:09.608+0000] {processor.py:842} WARNING - No viable dags retrieved from /opt/airflow/dags/data_staging_dag.py
[2026-09-16T16:14:09.644+0000] {processor.py:183} INFO - Processing /opt/airflow/dags/data_staging_dag.py took 0.057 seconds
[2026-09-16T16:14:42.544+0000] {processor.py:161} INFO - Started process (PID=1014) to work on /opt/airflow/dags/data_staging_dag.py
[2026-09-16T16:14:42.549+0000] {processor.py:830} INFO - Processing file /opt/airflow/dags/data_staging_dag.py for tasks to queue
[2026-09-16T16:14:42.550+0000] {logging_mixin.py:188} INFO - [2026-09-16T16:14:42.550+0000] {dagbag.py:545} INFO - Filling up the DagBag from /opt/airflow/dags/data_staging_dag.py
[2026-09-16T16:14:42.552+0000] {logging_mixin.py:188} INFO - [2026-09-16T16:14:42.552+0000] {dagbag.py:355} ERROR - Failed to import: /opt/airflow/dags/data_staging_dag.py
Traceback (most recent call last):
  File "/home/airflow/.local/lib/python3.10/site-packages/airflow/models/dagbag.py", line 351, in parse
    loader.exec_module(new_module)
  File "<frozen importlib._bootstrap_external>", line 879, in exec_module
  File "<frozen importlib._bootstrap_external>", line 1017, in get_code
  File "<frozen importlib._bootstrap_external>", line 947, in source_to_code
  File "<frozen importlib._bootstrap>", line 241, in _call_with_frames_removed
  File "/opt/airflow/dags/data_staging_dag.py", line 9
    
    ^
IndentationError: expected an indented block after function definition on line 8
[2026-09-16T16:14:42.553+0000] {processor.py:842} WARNING - No viable dags retrieved from /opt/airflow/dags/data_staging_dag.py
[2026-09-16T16:14:42.583+0000] {processor.py:183} INFO - Processing /opt/airflow/dags/data_staging_dag.py took 0.047 seconds
[2026-09-16T16:15:15.485+0000] {processor.py:161} INFO - Started process (PID=1022) to work on /opt/airflow/dags/data_staging_dag.py
[2026-09-16T16:15:15.486+0000] {processor.py:830} INFO - Processing file /opt/airflow/dags/data_staging_dag.py for tasks to queue
[2026-09-16T16:15:15.487+0000] {logging_mixin.py:188} INFO - [2026-09-16T16:15:15.487+0000] {dagbag.py:545} INFO - Filling up the DagBag from /opt/airflow/dags/data_staging_dag.py
[2026-09-16T16:15:15.490+0000] {logging_mixin.py:188} INFO - [2026-09-16T16:15:15.489+0000] {dagbag.py:355} ERROR - Failed to import: /opt/airflow/dags/data_staging_dag.py
Traceback (most recent call last):
  File "/home/airflow/.local/lib/python3.10/site-packages/airflow/models/dagbag.py", line 351, in parse
    loader.exec_module(new_module)
  File "<frozen importlib._bootstrap_external>", line 879, in exec_module
  File "<frozen importlib._bootstrap_external>", line 1017, in get_code
  File "<frozen importlib._bootstrap_external>", line 947, in source_to_code
  File "<frozen importlib._bootstrap>", line 241, in _call_with_frames_removed
  File "/opt/airflow/dags/data_staging_dag.py", line 9
    
    ^
IndentationError: expected an indented block after function definition on line 8
[2026-09-16T16:15:15.491+0000] {processor.py:842} WARNING - No viable dags retrieved from /opt/airflow/dags/data_staging_dag.py
[2026-09-16T16:15:15.518+0000] {processor.py:183} INFO - Processing /opt/airflow/dags/data_staging_dag.py took 0.042 seconds
[2026-09-16T16:15:48.601+0000] {processor.py:161} INFO - Started process (PID=1030) to work on /opt/airflow/dags/data_staging_dag.py
[2026-09-16T16:15:48.605+0000] {processor.py:830} INFO - Processing file /opt/airflow/dags/data_staging_dag.py for tasks to queue
[2026-09-16T16:15:48.607+0000] {logging_mixin.py:188} INFO - [2026-09-16T16:15:48.606+0000] {dagbag.py:545} INFO - Filling up the DagBag from /opt/airflow/dags/data_staging_dag.py
[2026-09-16T16:15:48.611+0000] {logging_mixin.py:188} INFO - [2026-09-16T16:15:48.610+0000] {dagbag.py:355} ERROR - Failed to import: /opt/airflow/dags/data_staging_dag.py
Traceback (most recent call last):
  File "/home/airflow/.local/lib/python3.10/site-packages/airflow/models/dagbag.py", line 351, in parse
    loader.exec_module(new_module)
  File "<frozen importlib._bootstrap_external>", line 879, in exec_module
  File "<frozen importlib._bootstrap_external>", line 1017, in get_code
  File "<frozen importlib._bootstrap_external>", line 947, in source_to_code
  File "<frozen importlib._bootstrap>", line 241, in _call_with_frames_removed
  File "/opt/airflow/dags/data_staging_dag.py", line 9
    
    ^
IndentationError: expected an indented block after function definition on line 8
[2026-09-16T16:15:48.612+0000] {processor.py:842} WARNING - No viable dags retrieved from /opt/airflow/dags/data_staging_dag.py
[2026-09-16T16:15:48.644+0000] {processor.py:183} INFO - Processing /opt/airflow/dags/data_staging_dag.py took 0.050 seconds
[2026-09-16T16:16:20.882+0000] {processor.py:161} INFO - Started process (PID=1038) to work on /opt/airflow/dags/data_staging_dag.py
[2026-09-16T16:16:20.883+0000] {processor.py:830} INFO - Processing file /opt/airflow/dags/data_staging_dag.py for tasks to queue
[2026-09-16T16:16:20.885+0000] {logging_mixin.py:188} INFO - [2026-09-16T16:16:20.884+0000] {dagbag.py:545} INFO - Filling up the DagBag from /opt/airflow/dags/data_staging_dag.py
[2026-09-16T16:16:20.888+0000] {logging_mixin.py:188} INFO - [2026-09-16T16:16:20.888+0000] {dagbag.py:355} ERROR - Failed to import: /opt/airflow/dags/data_staging_dag.py
Traceback (most recent call last):
  File "/home/airflow/.local/lib/python3.10/site-packages/airflow/models/dagbag.py", line 351, in parse
    loader.exec_module(new_module)
  File "<frozen importlib._bootstrap_external>", line 879, in exec_module
  File "<frozen importlib._bootstrap_external>", line 1017, in get_code
  File "<frozen importlib._bootstrap_external>", line 947, in source_to_code
  File "<frozen importlib._bootstrap>", line 241, in _call_with_frames_removed
  File "/opt/airflow/dags/data_staging_dag.py", line 9
    
    ^
IndentationError: expected an indented block after function definition on line 8
[2026-09-16T16:16:20.889+0000] {processor.py:842} WARNING - No viable dags retrieved from /opt/airflow/dags/data_staging_dag.py
[2026-09-16T16:16:20.920+0000] {processor.py:183} INFO - Processing /opt/airflow/dags/data_staging_dag.py took 0.047 seconds
[2026-09-16T16:16:53.962+0000] {processor.py:161} INFO - Started process (PID=1046) to work on /opt/airflow/dags/data_staging_dag.py
[2026-09-16T16:16:53.968+0000] {processor.py:830} INFO - Processing file /opt/airflow/dags/data_staging_dag.py for tasks to queue
[2026-09-16T16:16:53.969+0000] {logging_mixin.py:188} INFO - [2026-09-16T16:16:53.969+0000] {dagbag.py:545} INFO - Filling up the DagBag from /opt/airflow/dags/data_staging_dag.py
[2026-09-16T16:16:53.973+0000] {logging_mixin.py:188} INFO - [2026-09-16T16:16:53.972+0000] {dagbag.py:355} ERROR - Failed to import: /opt/airflow/dags/data_staging_dag.py
Traceback (most recent call last):
  File "/home/airflow/.local/lib/python3.10/site-packages/airflow/models/dagbag.py", line 351, in parse
    loader.exec_module(new_module)
  File "<frozen importlib._bootstrap_external>", line 879, in exec_module
  File "<frozen importlib._bootstrap_external>", line 1017, in get_code
  File "<frozen importlib._bootstrap_external>", line 947, in source_to_code
  File "<frozen importlib._bootstrap>", line 241, in _call_with_frames_removed
  File "/opt/airflow/dags/data_staging_dag.py", line 9
    
    ^
IndentationError: expected an indented block after function definition on line 8
[2026-09-16T16:16:53.973+0000] {processor.py:842} WARNING - No viable dags retrieved from /opt/airflow/dags/data_staging_dag.py
[2026-09-16T16:16:54.005+0000] {processor.py:183} INFO - Processing /opt/airflow/dags/data_staging_dag.py took 0.051 seconds
[2026-09-16T16:17:27.146+0000] {processor.py:161} INFO - Started process (PID=1054) to work on /opt/airflow/dags/data_staging_dag.py
[2026-09-16T16:17:27.147+0000] {processor.py:830} INFO - Processing file /opt/airflow/dags/data_staging_dag.py for tasks to queue
[2026-09-16T16:17:27.149+0000] {logging_mixin.py:188} INFO - [2026-09-16T16:17:27.148+0000] {dagbag.py:545} INFO - Filling up the DagBag from /opt/airflow/dags/data_staging_dag.py
[2026-09-16T16:17:27.152+0000] {logging_mixin.py:188} INFO - [2026-09-16T16:17:27.152+0000] {dagbag.py:355} ERROR - Failed to import: /opt/airflow/dags/data_staging_dag.py
Traceback (most recent call last):
  File "/home/airflow/.local/lib/python3.10/site-packages/airflow/models/dagbag.py", line 351, in parse
    loader.exec_module(new_module)
  File "<frozen importlib._bootstrap_external>", line 879, in exec_module
  File "<frozen importlib._bootstrap_external>", line 1017, in get_code
  File "<frozen importlib._bootstrap_external>", line 947, in source_to_code
  File "<frozen importlib._bootstrap>", line 241, in _call_with_frames_removed
  File "/opt/airflow/dags/data_staging_dag.py", line 9
    
    ^
IndentationError: expected an indented block after function definition on line 8
[2026-09-16T16:17:27.153+0000] {processor.py:842} WARNING - No viable dags retrieved from /opt/airflow/dags/data_staging_dag.py
[2026-09-16T16:17:27.190+0000] {processor.py:183} INFO - Processing /opt/airflow/dags/data_staging_dag.py took 0.055 seconds
[2026-09-16T16:21:08.957+0000] {processor.py:161} INFO - Started process (PID=1056) to work on /opt/airflow/dags/data_staging_dag.py
[2026-09-16T16:21:08.959+0000] {processor.py:830} INFO - Processing file /opt/airflow/dags/data_staging_dag.py for tasks to queue
[2026-09-16T16:21:08.960+0000] {logging_mixin.py:188} INFO - [2026-09-16T16:21:08.960+0000] {dagbag.py:545} INFO - Filling up the DagBag from /opt/airflow/dags/data_staging_dag.py
[2026-09-16T16:21:08.978+0000] {logging_mixin.py:188} INFO - [2026-09-16T16:21:08.977+0000] {dagbag.py:355} ERROR - Failed to import: /opt/airflow/dags/data_staging_dag.py
Traceback (most recent call last):
  File "/home/airflow/.local/lib/python3.10/site-packages/airflow/models/dagbag.py", line 351, in parse
    loader.exec_module(new_module)
  File "<frozen importlib._bootstrap_external>", line 879, in exec_module
  File "<frozen importlib._bootstrap_external>", line 1017, in get_code
  File "<frozen importlib._bootstrap_external>", line 947, in source_to_code
  File "<frozen importlib._bootstrap>", line 241, in _call_with_frames_removed
  File "/opt/airflow/dags/data_staging_dag.py", line 9
    
    ^
IndentationError: expected an indented block after function definition on line 8
[2026-09-16T16:21:08.979+0000] {processor.py:842} WARNING - No viable dags retrieved from /opt/airflow/dags/data_staging_dag.py
[2026-09-16T16:21:09.101+0000] {processor.py:183} INFO - Processing /opt/airflow/dags/data_staging_dag.py took 0.213 seconds
[2026-09-16T16:21:39.341+0000] {processor.py:161} INFO - Started process (PID=1064) to work on /opt/airflow/dags/data_staging_dag.py
[2026-09-16T16:21:39.344+0000] {processor.py:830} INFO - Processing file /opt/airflow/dags/data_staging_dag.py for tasks to queue
[2026-09-16T16:21:39.345+0000] {logging_mixin.py:188} INFO - [2026-09-16T16:21:39.345+0000] {dagbag.py:545} INFO - Filling up the DagBag from /opt/airflow/dags/data_staging_dag.py
[2026-09-16T16:21:39.350+0000] {logging_mixin.py:188} INFO - [2026-09-16T16:21:39.349+0000] {dagbag.py:355} ERROR - Failed to import: /opt/airflow/dags/data_staging_dag.py
Traceback (most recent call last):
  File "/home/airflow/.local/lib/python3.10/site-packages/airflow/models/dagbag.py", line 351, in parse
    loader.exec_module(new_module)
  File "<frozen importlib._bootstrap_external>", line 879, in exec_module
  File "<frozen importlib._bootstrap_external>", line 1017, in get_code
  File "<frozen importlib._bootstrap_external>", line 947, in source_to_code
  File "<frozen importlib._bootstrap>", line 241, in _call_with_frames_removed
  File "/opt/airflow/dags/data_staging_dag.py", line 9
    
    ^
IndentationError: expected an indented block after function definition on line 8
[2026-09-16T16:21:39.351+0000] {processor.py:842} WARNING - No viable dags retrieved from /opt/airflow/dags/data_staging_dag.py
[2026-09-16T16:21:39.388+0000] {processor.py:183} INFO - Processing /opt/airflow/dags/data_staging_dag.py took 0.062 seconds
[2026-09-16T16:22:10.084+0000] {processor.py:161} INFO - Started process (PID=1072) to work on /opt/airflow/dags/data_staging_dag.py
[2026-09-16T16:22:10.089+0000] {processor.py:830} INFO - Processing file /opt/airflow/dags/data_staging_dag.py for tasks to queue
[2026-09-16T16:22:10.091+0000] {logging_mixin.py:188} INFO - [2026-09-16T16:22:10.090+0000] {dagbag.py:545} INFO - Filling up the DagBag from /opt/airflow/dags/data_staging_dag.py
[2026-09-16T16:22:10.095+0000] {logging_mixin.py:188} INFO - [2026-09-16T16:22:10.094+0000] {dagbag.py:355} ERROR - Failed to import: /opt/airflow/dags/data_staging_dag.py
Traceback (most recent call last):
  File "/home/airflow/.local/lib/python3.10/site-packages/airflow/models/dagbag.py", line 351, in parse
    loader.exec_module(new_module)
  File "<frozen importlib._bootstrap_external>", line 879, in exec_module
  File "<frozen importlib._bootstrap_external>", line 1017, in get_code
  File "<frozen importlib._bootstrap_external>", line 947, in source_to_code
  File "<frozen importlib._bootstrap>", line 241, in _call_with_frames_removed
  File "/opt/airflow/dags/data_staging_dag.py", line 9
    
    ^
IndentationError: expected an indented block after function definition on line 8
[2026-09-16T16:22:10.095+0000] {processor.py:842} WARNING - No viable dags retrieved from /opt/airflow/dags/data_staging_dag.py
[2026-09-16T16:22:10.133+0000] {processor.py:183} INFO - Processing /opt/airflow/dags/data_staging_dag.py took 0.061 seconds
[2026-09-16T16:22:40.494+0000] {processor.py:161} INFO - Started process (PID=1080) to work on /opt/airflow/dags/data_staging_dag.py
[2026-09-16T16:22:40.495+0000] {processor.py:830} INFO - Processing file /opt/airflow/dags/data_staging_dag.py for tasks to queue
[2026-09-16T16:22:40.497+0000] {logging_mixin.py:188} INFO - [2026-09-16T16:22:40.496+0000] {dagbag.py:545} INFO - Filling up the DagBag from /opt/airflow/dags/data_staging_dag.py
[2026-09-16T16:22:40.502+0000] {logging_mixin.py:188} INFO - [2026-09-16T16:22:40.501+0000] {dagbag.py:355} ERROR - Failed to import: /opt/airflow/dags/data_staging_dag.py
Traceback (most recent call last):
  File "/home/airflow/.local/lib/python3.10/site-packages/airflow/models/dagbag.py", line 351, in parse
    loader.exec_module(new_module)
  File "<frozen importlib._bootstrap_external>", line 879, in exec_module
  File "<frozen importlib._bootstrap_external>", line 1017, in get_code
  File "<frozen importlib._bootstrap_external>", line 947, in source_to_code
  File "<frozen importlib._bootstrap>", line 241, in _call_with_frames_removed
  File "/opt/airflow/dags/data_staging_dag.py", line 9
    
    ^
IndentationError: expected an indented block after function definition on line 8
[2026-09-16T16:22:40.503+0000] {processor.py:842} WARNING - No viable dags retrieved from /opt/airflow/dags/data_staging_dag.py
[2026-09-16T16:22:40.545+0000] {processor.py:183} INFO - Processing /opt/airflow/dags/data_staging_dag.py took 0.070 seconds
[2026-09-16T16:23:11.200+0000] {processor.py:161} INFO - Started process (PID=1088) to work on /opt/airflow/dags/data_staging_dag.py
[2026-09-16T16:23:11.202+0000] {processor.py:830} INFO - Processing file /opt/airflow/dags/data_staging_dag.py for tasks to queue
[2026-09-16T16:23:11.204+0000] {logging_mixin.py:188} INFO - [2026-09-16T16:23:11.203+0000] {dagbag.py:545} INFO - Filling up the DagBag from /opt/airflow/dags/data_staging_dag.py
[2026-09-16T16:23:11.209+0000] {logging_mixin.py:188} INFO - [2026-09-16T16:23:11.208+0000] {dagbag.py:355} ERROR - Failed to import: /opt/airflow/dags/data_staging_dag.py
Traceback (most recent call last):
  File "/home/airflow/.local/lib/python3.10/site-packages/airflow/models/dagbag.py", line 351, in parse
    loader.exec_module(new_module)
  File "<frozen importlib._bootstrap_external>", line 879, in exec_module
  File "<frozen importlib._bootstrap_external>", line 1017, in get_code
  File "<frozen importlib._bootstrap_external>", line 947, in source_to_code
  File "<frozen importlib._bootstrap>", line 241, in _call_with_frames_removed
  File "/opt/airflow/dags/data_staging_dag.py", line 9
    
    ^
IndentationError: expected an indented block after function definition on line 8
[2026-09-16T16:23:11.210+0000] {processor.py:842} WARNING - No viable dags retrieved from /opt/airflow/dags/data_staging_dag.py
[2026-09-16T16:23:11.241+0000] {processor.py:183} INFO - Processing /opt/airflow/dags/data_staging_dag.py took 0.055 seconds
[2026-09-16T16:23:41.470+0000] {processor.py:161} INFO - Started process (PID=1096) to work on /opt/airflow/dags/data_staging_dag.py
[2026-09-16T16:23:41.472+0000] {processor.py:830} INFO - Processing file /opt/airflow/dags/data_staging_dag.py for tasks to queue
[2026-09-16T16:23:41.473+0000] {logging_mixin.py:188} INFO - [2026-09-16T16:23:41.472+0000] {dagbag.py:545} INFO - Filling up the DagBag from /opt/airflow/dags/data_staging_dag.py
[2026-09-16T16:23:41.479+0000] {logging_mixin.py:188} INFO - [2026-09-16T16:23:41.478+0000] {dagbag.py:355} ERROR - Failed to import: /opt/airflow/dags/data_staging_dag.py
Traceback (most recent call last):
  File "/home/airflow/.local/lib/python3.10/site-packages/airflow/models/dagbag.py", line 351, in parse
    loader.exec_module(new_module)
  File "<frozen importlib._bootstrap_external>", line 879, in exec_module
  File "<frozen importlib._bootstrap_external>", line 1017, in get_code
  File "<frozen importlib._bootstrap_external>", line 947, in source_to_code
  File "<frozen importlib._bootstrap>", line 241, in _call_with_frames_removed
  File "/opt/airflow/dags/data_staging_dag.py", line 9
    
    ^
IndentationError: expected an indented block after function definition on line 8
[2026-09-16T16:23:41.480+0000] {processor.py:842} WARNING - No viable dags retrieved from /opt/airflow/dags/data_staging_dag.py
[2026-09-16T16:23:41.523+0000] {processor.py:183} INFO - Processing /opt/airflow/dags/data_staging_dag.py took 0.064 seconds
[2026-09-16T16:24:11.737+0000] {processor.py:161} INFO - Started process (PID=1104) to work on /opt/airflow/dags/data_staging_dag.py
[2026-09-16T16:24:11.740+0000] {processor.py:830} INFO - Processing file /opt/airflow/dags/data_staging_dag.py for tasks to queue
[2026-09-16T16:24:11.741+0000] {logging_mixin.py:188} INFO - [2026-09-16T16:24:11.740+0000] {dagbag.py:545} INFO - Filling up the DagBag from /opt/airflow/dags/data_staging_dag.py
[2026-09-16T16:24:11.745+0000] {logging_mixin.py:188} INFO - [2026-09-16T16:24:11.744+0000] {dagbag.py:355} ERROR - Failed to import: /opt/airflow/dags/data_staging_dag.py
Traceback (most recent call last):
  File "/home/airflow/.local/lib/python3.10/site-packages/airflow/models/dagbag.py", line 351, in parse
    loader.exec_module(new_module)
  File "<frozen importlib._bootstrap_external>", line 879, in exec_module
  File "<frozen importlib._bootstrap_external>", line 1017, in get_code
  File "<frozen importlib._bootstrap_external>", line 947, in source_to_code
  File "<frozen importlib._bootstrap>", line 241, in _call_with_frames_removed
  File "/opt/airflow/dags/data_staging_dag.py", line 9
    
    ^
IndentationError: expected an indented block after function definition on line 8
[2026-09-16T16:24:11.746+0000] {processor.py:842} WARNING - No viable dags retrieved from /opt/airflow/dags/data_staging_dag.py
[2026-09-16T16:24:11.777+0000] {processor.py:183} INFO - Processing /opt/airflow/dags/data_staging_dag.py took 0.052 seconds
[2026-09-16T16:24:43.856+0000] {processor.py:161} INFO - Started process (PID=1112) to work on /opt/airflow/dags/data_staging_dag.py
[2026-09-16T16:24:43.858+0000] {processor.py:830} INFO - Processing file /opt/airflow/dags/data_staging_dag.py for tasks to queue
[2026-09-16T16:24:43.859+0000] {logging_mixin.py:188} INFO - [2026-09-16T16:24:43.858+0000] {dagbag.py:545} INFO - Filling up the DagBag from /opt/airflow/dags/data_staging_dag.py
[2026-09-16T16:24:43.862+0000] {logging_mixin.py:188} INFO - [2026-09-16T16:24:43.862+0000] {dagbag.py:355} ERROR - Failed to import: /opt/airflow/dags/data_staging_dag.py
Traceback (most recent call last):
  File "/home/airflow/.local/lib/python3.10/site-packages/airflow/models/dagbag.py", line 351, in parse
    loader.exec_module(new_module)
  File "<frozen importlib._bootstrap_external>", line 879, in exec_module
  File "<frozen importlib._bootstrap_external>", line 1017, in get_code
  File "<frozen importlib._bootstrap_external>", line 947, in source_to_code
  File "<frozen importlib._bootstrap>", line 241, in _call_with_frames_removed
  File "/opt/airflow/dags/data_staging_dag.py", line 9
    
    ^
IndentationError: expected an indented block after function definition on line 8
[2026-09-16T16:24:43.863+0000] {processor.py:842} WARNING - No viable dags retrieved from /opt/airflow/dags/data_staging_dag.py
[2026-09-16T16:24:43.893+0000] {processor.py:183} INFO - Processing /opt/airflow/dags/data_staging_dag.py took 0.049 seconds
[2026-09-16T16:25:15.971+0000] {processor.py:161} INFO - Started process (PID=1120) to work on /opt/airflow/dags/data_staging_dag.py
[2026-09-16T16:25:15.973+0000] {processor.py:830} INFO - Processing file /opt/airflow/dags/data_staging_dag.py for tasks to queue
[2026-09-16T16:25:15.975+0000] {logging_mixin.py:188} INFO - [2026-09-16T16:25:15.974+0000] {dagbag.py:545} INFO - Filling up the DagBag from /opt/airflow/dags/data_staging_dag.py
[2026-09-16T16:25:15.980+0000] {logging_mixin.py:188} INFO - [2026-09-16T16:25:15.979+0000] {dagbag.py:355} ERROR - Failed to import: /opt/airflow/dags/data_staging_dag.py
Traceback (most recent call last):
  File "/home/airflow/.local/lib/python3.10/site-packages/airflow/models/dagbag.py", line 351, in parse
    loader.exec_module(new_module)
  File "<frozen importlib._bootstrap_external>", line 879, in exec_module
  File "<frozen importlib._bootstrap_external>", line 1017, in get_code
  File "<frozen importlib._bootstrap_external>", line 947, in source_to_code
  File "<frozen importlib._bootstrap>", line 241, in _call_with_frames_removed
  File "/opt/airflow/dags/data_staging_dag.py", line 9
    
    ^
IndentationError: expected an indented block after function definition on line 8
[2026-09-16T16:25:15.980+0000] {processor.py:842} WARNING - No viable dags retrieved from /opt/airflow/dags/data_staging_dag.py
[2026-09-16T16:25:16.011+0000] {processor.py:183} INFO - Processing /opt/airflow/dags/data_staging_dag.py took 0.049 seconds
[2026-09-16T16:25:47.341+0000] {processor.py:161} INFO - Started process (PID=1128) to work on /opt/airflow/dags/data_staging_dag.py
[2026-09-16T16:25:47.343+0000] {processor.py:830} INFO - Processing file /opt/airflow/dags/data_staging_dag.py for tasks to queue
[2026-09-16T16:25:47.344+0000] {logging_mixin.py:188} INFO - [2026-09-16T16:25:47.343+0000] {dagbag.py:545} INFO - Filling up the DagBag from /opt/airflow/dags/data_staging_dag.py
[2026-09-16T16:25:47.347+0000] {logging_mixin.py:188} INFO - [2026-09-16T16:25:47.347+0000] {dagbag.py:355} ERROR - Failed to import: /opt/airflow/dags/data_staging_dag.py
Traceback (most recent call last):
  File "/home/airflow/.local/lib/python3.10/site-packages/airflow/models/dagbag.py", line 351, in parse
    loader.exec_module(new_module)
  File "<frozen importlib._bootstrap_external>", line 879, in exec_module
  File "<frozen importlib._bootstrap_external>", line 1017, in get_code
  File "<frozen importlib._bootstrap_external>", line 947, in source_to_code
  File "<frozen importlib._bootstrap>", line 241, in _call_with_frames_removed
  File "/opt/airflow/dags/data_staging_dag.py", line 9
    
    ^
IndentationError: expected an indented block after function definition on line 8
[2026-09-16T16:25:47.348+0000] {processor.py:842} WARNING - No viable dags retrieved from /opt/airflow/dags/data_staging_dag.py
[2026-09-16T16:25:47.381+0000] {processor.py:183} INFO - Processing /opt/airflow/dags/data_staging_dag.py took 0.049 seconds
[2026-09-16T16:26:17.996+0000] {processor.py:161} INFO - Started process (PID=1136) to work on /opt/airflow/dags/data_staging_dag.py
[2026-09-16T16:26:17.999+0000] {processor.py:830} INFO - Processing file /opt/airflow/dags/data_staging_dag.py for tasks to queue
[2026-09-16T16:26:18.000+0000] {logging_mixin.py:188} INFO - [2026-09-16T16:26:17.999+0000] {dagbag.py:545} INFO - Filling up the DagBag from /opt/airflow/dags/data_staging_dag.py
[2026-09-16T16:26:18.003+0000] {logging_mixin.py:188} INFO - [2026-09-16T16:26:18.002+0000] {dagbag.py:355} ERROR - Failed to import: /opt/airflow/dags/data_staging_dag.py
Traceback (most recent call last):
  File "/home/airflow/.local/lib/python3.10/site-packages/airflow/models/dagbag.py", line 351, in parse
    loader.exec_module(new_module)
  File "<frozen importlib._bootstrap_external>", line 879, in exec_module
  File "<frozen importlib._bootstrap_external>", line 1017, in get_code
  File "<frozen importlib._bootstrap_external>", line 947, in source_to_code
  File "<frozen importlib._bootstrap>", line 241, in _call_with_frames_removed
  File "/opt/airflow/dags/data_staging_dag.py", line 9
    
    ^
IndentationError: expected an indented block after function definition on line 8
[2026-09-16T16:26:18.003+0000] {processor.py:842} WARNING - No viable dags retrieved from /opt/airflow/dags/data_staging_dag.py
[2026-09-16T16:26:18.028+0000] {processor.py:183} INFO - Processing /opt/airflow/dags/data_staging_dag.py took 0.043 seconds
[2026-09-16T16:26:48.942+0000] {processor.py:161} INFO - Started process (PID=1144) to work on /opt/airflow/dags/data_staging_dag.py
[2026-09-16T16:26:48.943+0000] {processor.py:830} INFO - Processing file /opt/airflow/dags/data_staging_dag.py for tasks to queue
[2026-09-16T16:26:48.943+0000] {logging_mixin.py:188} INFO - [2026-09-16T16:26:48.943+0000] {dagbag.py:545} INFO - Filling up the DagBag from /opt/airflow/dags/data_staging_dag.py
[2026-09-16T16:26:48.946+0000] {logging_mixin.py:188} INFO - [2026-09-16T16:26:48.945+0000] {dagbag.py:355} ERROR - Failed to import: /opt/airflow/dags/data_staging_dag.py
Traceback (most recent call last):
  File "/home/airflow/.local/lib/python3.10/site-packages/airflow/models/dagbag.py", line 351, in parse
    loader.exec_module(new_module)
  File "<frozen importlib._bootstrap_external>", line 879, in exec_module
  File "<frozen importlib._bootstrap_external>", line 1017, in get_code
  File "<frozen importlib._bootstrap_external>", line 947, in source_to_code
  File "<frozen importlib._bootstrap>", line 241, in _call_with_frames_removed
  File "/opt/airflow/dags/data_staging_dag.py", line 9
    
    ^
IndentationError: expected an indented block after function definition on line 8
[2026-09-16T16:26:48.946+0000] {processor.py:842} WARNING - No viable dags retrieved from /opt/airflow/dags/data_staging_dag.py
[2026-09-16T16:26:48.977+0000] {processor.py:183} INFO - Processing /opt/airflow/dags/data_staging_dag.py took 0.047 seconds
[2026-09-16T16:27:19.580+0000] {processor.py:161} INFO - Started process (PID=1152) to work on /opt/airflow/dags/data_staging_dag.py
[2026-09-16T16:27:19.589+0000] {processor.py:830} INFO - Processing file /opt/airflow/dags/data_staging_dag.py for tasks to queue
[2026-09-16T16:27:19.591+0000] {logging_mixin.py:188} INFO - [2026-09-16T16:27:19.590+0000] {dagbag.py:545} INFO - Filling up the DagBag from /opt/airflow/dags/data_staging_dag.py
[2026-09-16T16:27:19.612+0000] {logging_mixin.py:188} INFO - [2026-09-16T16:27:19.611+0000] {dagbag.py:355} ERROR - Failed to import: /opt/airflow/dags/data_staging_dag.py
Traceback (most recent call last):
  File "/home/airflow/.local/lib/python3.10/site-packages/airflow/models/dagbag.py", line 351, in parse
    loader.exec_module(new_module)
  File "<frozen importlib._bootstrap_external>", line 879, in exec_module
  File "<frozen importlib._bootstrap_external>", line 1017, in get_code
  File "<frozen importlib._bootstrap_external>", line 947, in source_to_code
  File "<frozen importlib._bootstrap>", line 241, in _call_with_frames_removed
  File "/opt/airflow/dags/data_staging_dag.py", line 9
    
    ^
IndentationError: expected an indented block after function definition on line 8
[2026-09-16T16:27:19.613+0000] {processor.py:842} WARNING - No viable dags retrieved from /opt/airflow/dags/data_staging_dag.py
[2026-09-16T16:27:19.801+0000] {processor.py:183} INFO - Processing /opt/airflow/dags/data_staging_dag.py took 0.281 seconds
[2026-09-16T16:34:21.280+0000] {processor.py:161} INFO - Started process (PID=1154) to work on /opt/airflow/dags/data_staging_dag.py
[2026-09-16T16:34:21.281+0000] {processor.py:830} INFO - Processing file /opt/airflow/dags/data_staging_dag.py for tasks to queue
[2026-09-16T16:34:21.283+0000] {logging_mixin.py:188} INFO - [2026-09-16T16:34:21.282+0000] {dagbag.py:545} INFO - Filling up the DagBag from /opt/airflow/dags/data_staging_dag.py
[2026-09-16T16:34:21.287+0000] {logging_mixin.py:188} INFO - [2026-09-16T16:34:21.286+0000] {dagbag.py:355} ERROR - Failed to import: /opt/airflow/dags/data_staging_dag.py
Traceback (most recent call last):
  File "/home/airflow/.local/lib/python3.10/site-packages/airflow/models/dagbag.py", line 351, in parse
    loader.exec_module(new_module)
  File "<frozen importlib._bootstrap_external>", line 879, in exec_module
  File "<frozen importlib._bootstrap_external>", line 1017, in get_code
  File "<frozen importlib._bootstrap_external>", line 947, in source_to_code
  File "<frozen importlib._bootstrap>", line 241, in _call_with_frames_removed
  File "/opt/airflow/dags/data_staging_dag.py", line 9
    
    ^
IndentationError: expected an indented block after function definition on line 8
[2026-09-16T16:34:21.287+0000] {processor.py:842} WARNING - No viable dags retrieved from /opt/airflow/dags/data_staging_dag.py
[2026-09-16T16:34:21.324+0000] {processor.py:183} INFO - Processing /opt/airflow/dags/data_staging_dag.py took 0.054 seconds
[2026-09-16T17:24:27.110+0000] {processor.py:161} INFO - Started process (PID=1156) to work on /opt/airflow/dags/data_staging_dag.py
[2026-09-16T17:24:27.113+0000] {processor.py:830} INFO - Processing file /opt/airflow/dags/data_staging_dag.py for tasks to queue
[2026-09-16T17:24:27.115+0000] {logging_mixin.py:188} INFO - [2026-09-16T17:24:27.114+0000] {dagbag.py:545} INFO - Filling up the DagBag from /opt/airflow/dags/data_staging_dag.py
[2026-09-16T17:24:27.132+0000] {logging_mixin.py:188} INFO - [2026-09-16T17:24:27.120+0000] {dagbag.py:355} ERROR - Failed to import: /opt/airflow/dags/data_staging_dag.py
Traceback (most recent call last):
  File "/home/airflow/.local/lib/python3.10/site-packages/airflow/models/dagbag.py", line 351, in parse
    loader.exec_module(new_module)
  File "<frozen importlib._bootstrap_external>", line 879, in exec_module
  File "<frozen importlib._bootstrap_external>", line 1017, in get_code
  File "<frozen importlib._bootstrap_external>", line 947, in source_to_code
  File "<frozen importlib._bootstrap>", line 241, in _call_with_frames_removed
  File "/opt/airflow/dags/data_staging_dag.py", line 9
    
    ^
IndentationError: expected an indented block after function definition on line 8
[2026-09-16T17:24:27.133+0000] {processor.py:842} WARNING - No viable dags retrieved from /opt/airflow/dags/data_staging_dag.py
[2026-09-16T17:24:27.342+0000] {processor.py:183} INFO - Processing /opt/airflow/dags/data_staging_dag.py took 0.312 seconds
[2026-09-16T22:37:52.159+0000] {processor.py:161} INFO - Started process (PID=1158) to work on /opt/airflow/dags/data_staging_dag.py
[2026-09-16T22:37:52.161+0000] {processor.py:830} INFO - Processing file /opt/airflow/dags/data_staging_dag.py for tasks to queue
[2026-09-16T22:37:52.178+0000] {logging_mixin.py:188} INFO - [2026-09-16T22:37:52.172+0000] {dagbag.py:545} INFO - Filling up the DagBag from /opt/airflow/dags/data_staging_dag.py
[2026-09-16T22:37:52.201+0000] {logging_mixin.py:188} INFO - [2026-09-16T22:37:52.199+0000] {dagbag.py:355} ERROR - Failed to import: /opt/airflow/dags/data_staging_dag.py
Traceback (most recent call last):
  File "/home/airflow/.local/lib/python3.10/site-packages/airflow/models/dagbag.py", line 351, in parse
    loader.exec_module(new_module)
  File "<frozen importlib._bootstrap_external>", line 879, in exec_module
  File "<frozen importlib._bootstrap_external>", line 1017, in get_code
  File "<frozen importlib._bootstrap_external>", line 947, in source_to_code
  File "<frozen importlib._bootstrap>", line 241, in _call_with_frames_removed
  File "/opt/airflow/dags/data_staging_dag.py", line 9
    
    ^
IndentationError: expected an indented block after function definition on line 8
[2026-09-16T22:37:52.202+0000] {processor.py:842} WARNING - No viable dags retrieved from /opt/airflow/dags/data_staging_dag.py
[2026-09-16T22:37:52.859+0000] {processor.py:183} INFO - Processing /opt/airflow/dags/data_staging_dag.py took 0.724 seconds
[2026-09-16T22:38:24.134+0000] {processor.py:161} INFO - Started process (PID=1166) to work on /opt/airflow/dags/data_staging_dag.py
[2026-09-16T22:38:24.140+0000] {processor.py:830} INFO - Processing file /opt/airflow/dags/data_staging_dag.py for tasks to queue
[2026-09-16T22:38:24.142+0000] {logging_mixin.py:188} INFO - [2026-09-16T22:38:24.141+0000] {dagbag.py:545} INFO - Filling up the DagBag from /opt/airflow/dags/data_staging_dag.py
[2026-09-16T22:38:24.158+0000] {logging_mixin.py:188} INFO - [2026-09-16T22:38:24.152+0000] {dagbag.py:355} ERROR - Failed to import: /opt/airflow/dags/data_staging_dag.py
Traceback (most recent call last):
  File "/home/airflow/.local/lib/python3.10/site-packages/airflow/models/dagbag.py", line 351, in parse
    loader.exec_module(new_module)
  File "<frozen importlib._bootstrap_external>", line 879, in exec_module
  File "<frozen importlib._bootstrap_external>", line 1017, in get_code
  File "<frozen importlib._bootstrap_external>", line 947, in source_to_code
  File "<frozen importlib._bootstrap>", line 241, in _call_with_frames_removed
  File "/opt/airflow/dags/data_staging_dag.py", line 9
    
    ^
IndentationError: expected an indented block after function definition on line 8
[2026-09-16T22:38:24.158+0000] {processor.py:842} WARNING - No viable dags retrieved from /opt/airflow/dags/data_staging_dag.py
[2026-09-16T22:38:25.519+0000] {processor.py:183} INFO - Processing /opt/airflow/dags/data_staging_dag.py took 1.595 seconds
[2026-09-16T22:38:56.299+0000] {processor.py:161} INFO - Started process (PID=1174) to work on /opt/airflow/dags/data_staging_dag.py
[2026-09-16T22:38:56.300+0000] {processor.py:830} INFO - Processing file /opt/airflow/dags/data_staging_dag.py for tasks to queue
[2026-09-16T22:38:56.302+0000] {logging_mixin.py:188} INFO - [2026-09-16T22:38:56.301+0000] {dagbag.py:545} INFO - Filling up the DagBag from /opt/airflow/dags/data_staging_dag.py
[2026-09-16T22:38:56.309+0000] {logging_mixin.py:188} INFO - [2026-09-16T22:38:56.308+0000] {dagbag.py:355} ERROR - Failed to import: /opt/airflow/dags/data_staging_dag.py
Traceback (most recent call last):
  File "/home/airflow/.local/lib/python3.10/site-packages/airflow/models/dagbag.py", line 351, in parse
    loader.exec_module(new_module)
  File "<frozen importlib._bootstrap_external>", line 879, in exec_module
  File "<frozen importlib._bootstrap_external>", line 1017, in get_code
  File "<frozen importlib._bootstrap_external>", line 947, in source_to_code
  File "<frozen importlib._bootstrap>", line 241, in _call_with_frames_removed
  File "/opt/airflow/dags/data_staging_dag.py", line 9
    
    ^
IndentationError: expected an indented block after function definition on line 8
[2026-09-16T22:38:56.310+0000] {processor.py:842} WARNING - No viable dags retrieved from /opt/airflow/dags/data_staging_dag.py
[2026-09-16T22:38:56.400+0000] {processor.py:183} INFO - Processing /opt/airflow/dags/data_staging_dag.py took 0.122 seconds
[2026-09-16T22:39:26.612+0000] {processor.py:161} INFO - Started process (PID=1182) to work on /opt/airflow/dags/data_staging_dag.py
[2026-09-16T22:39:26.617+0000] {processor.py:830} INFO - Processing file /opt/airflow/dags/data_staging_dag.py for tasks to queue
[2026-09-16T22:39:26.619+0000] {logging_mixin.py:188} INFO - [2026-09-16T22:39:26.618+0000] {dagbag.py:545} INFO - Filling up the DagBag from /opt/airflow/dags/data_staging_dag.py
[2026-09-16T22:39:26.623+0000] {logging_mixin.py:188} INFO - [2026-09-16T22:39:26.622+0000] {dagbag.py:355} ERROR - Failed to import: /opt/airflow/dags/data_staging_dag.py
Traceback (most recent call last):
  File "/home/airflow/.local/lib/python3.10/site-packages/airflow/models/dagbag.py", line 351, in parse
    loader.exec_module(new_module)
  File "<frozen importlib._bootstrap_external>", line 879, in exec_module
  File "<frozen importlib._bootstrap_external>", line 1017, in get_code
  File "<frozen importlib._bootstrap_external>", line 947, in source_to_code
  File "<frozen importlib._bootstrap>", line 241, in _call_with_frames_removed
  File "/opt/airflow/dags/data_staging_dag.py", line 9
    
    ^
IndentationError: expected an indented block after function definition on line 8
[2026-09-16T22:39:26.623+0000] {processor.py:842} WARNING - No viable dags retrieved from /opt/airflow/dags/data_staging_dag.py
[2026-09-16T22:39:26.647+0000] {processor.py:183} INFO - Processing /opt/airflow/dags/data_staging_dag.py took 0.045 seconds
[2026-09-16T22:39:57.303+0000] {processor.py:161} INFO - Started process (PID=1190) to work on /opt/airflow/dags/data_staging_dag.py
[2026-09-16T22:39:57.305+0000] {processor.py:830} INFO - Processing file /opt/airflow/dags/data_staging_dag.py for tasks to queue
[2026-09-16T22:39:57.306+0000] {logging_mixin.py:188} INFO - [2026-09-16T22:39:57.306+0000] {dagbag.py:545} INFO - Filling up the DagBag from /opt/airflow/dags/data_staging_dag.py
[2026-09-16T22:39:57.312+0000] {logging_mixin.py:188} INFO - [2026-09-16T22:39:57.311+0000] {dagbag.py:355} ERROR - Failed to import: /opt/airflow/dags/data_staging_dag.py
Traceback (most recent call last):
  File "/home/airflow/.local/lib/python3.10/site-packages/airflow/models/dagbag.py", line 351, in parse
    loader.exec_module(new_module)
  File "<frozen importlib._bootstrap_external>", line 879, in exec_module
  File "<frozen importlib._bootstrap_external>", line 1017, in get_code
  File "<frozen importlib._bootstrap_external>", line 947, in source_to_code
  File "<frozen importlib._bootstrap>", line 241, in _call_with_frames_removed
  File "/opt/airflow/dags/data_staging_dag.py", line 9
    
    ^
IndentationError: expected an indented block after function definition on line 8
[2026-09-16T22:39:57.313+0000] {processor.py:842} WARNING - No viable dags retrieved from /opt/airflow/dags/data_staging_dag.py
[2026-09-16T22:39:58.591+0000] {processor.py:183} INFO - Processing /opt/airflow/dags/data_staging_dag.py took 1.309 seconds
[2026-09-16T22:40:29.513+0000] {processor.py:161} INFO - Started process (PID=1198) to work on /opt/airflow/dags/data_staging_dag.py
[2026-09-16T22:40:29.519+0000] {processor.py:830} INFO - Processing file /opt/airflow/dags/data_staging_dag.py for tasks to queue
[2026-09-16T22:40:29.521+0000] {logging_mixin.py:188} INFO - [2026-09-16T22:40:29.521+0000] {dagbag.py:545} INFO - Filling up the DagBag from /opt/airflow/dags/data_staging_dag.py
[2026-09-16T22:40:29.526+0000] {logging_mixin.py:188} INFO - [2026-09-16T22:40:29.525+0000] {dagbag.py:355} ERROR - Failed to import: /opt/airflow/dags/data_staging_dag.py
Traceback (most recent call last):
  File "/home/airflow/.local/lib/python3.10/site-packages/airflow/models/dagbag.py", line 351, in parse
    loader.exec_module(new_module)
  File "<frozen importlib._bootstrap_external>", line 879, in exec_module
  File "<frozen importlib._bootstrap_external>", line 1017, in get_code
  File "<frozen importlib._bootstrap_external>", line 947, in source_to_code
  File "<frozen importlib._bootstrap>", line 241, in _call_with_frames_removed
  File "/opt/airflow/dags/data_staging_dag.py", line 9
    
    ^
IndentationError: expected an indented block after function definition on line 8
[2026-09-16T22:40:29.526+0000] {processor.py:842} WARNING - No viable dags retrieved from /opt/airflow/dags/data_staging_dag.py
[2026-09-16T22:40:29.573+0000] {processor.py:183} INFO - Processing /opt/airflow/dags/data_staging_dag.py took 0.066 seconds
[2026-09-16T22:40:59.919+0000] {processor.py:161} INFO - Started process (PID=1206) to work on /opt/airflow/dags/data_staging_dag.py
[2026-09-16T22:40:59.921+0000] {processor.py:830} INFO - Processing file /opt/airflow/dags/data_staging_dag.py for tasks to queue
[2026-09-16T22:40:59.923+0000] {logging_mixin.py:188} INFO - [2026-09-16T22:40:59.922+0000] {dagbag.py:545} INFO - Filling up the DagBag from /opt/airflow/dags/data_staging_dag.py
[2026-09-16T22:40:59.928+0000] {logging_mixin.py:188} INFO - [2026-09-16T22:40:59.927+0000] {dagbag.py:355} ERROR - Failed to import: /opt/airflow/dags/data_staging_dag.py
Traceback (most recent call last):
  File "/home/airflow/.local/lib/python3.10/site-packages/airflow/models/dagbag.py", line 351, in parse
    loader.exec_module(new_module)
  File "<frozen importlib._bootstrap_external>", line 879, in exec_module
  File "<frozen importlib._bootstrap_external>", line 1017, in get_code
  File "<frozen importlib._bootstrap_external>", line 947, in source_to_code
  File "<frozen importlib._bootstrap>", line 241, in _call_with_frames_removed
  File "/opt/airflow/dags/data_staging_dag.py", line 9
    
    ^
IndentationError: expected an indented block after function definition on line 8
[2026-09-16T22:40:59.928+0000] {processor.py:842} WARNING - No viable dags retrieved from /opt/airflow/dags/data_staging_dag.py
[2026-09-16T22:40:59.957+0000] {processor.py:183} INFO - Processing /opt/airflow/dags/data_staging_dag.py took 0.046 seconds
[2026-09-16T22:41:30.218+0000] {processor.py:161} INFO - Started process (PID=1214) to work on /opt/airflow/dags/data_staging_dag.py
[2026-09-16T22:41:30.220+0000] {processor.py:830} INFO - Processing file /opt/airflow/dags/data_staging_dag.py for tasks to queue
[2026-09-16T22:41:30.222+0000] {logging_mixin.py:188} INFO - [2026-09-16T22:41:30.221+0000] {dagbag.py:545} INFO - Filling up the DagBag from /opt/airflow/dags/data_staging_dag.py
[2026-09-16T22:41:30.227+0000] {logging_mixin.py:188} INFO - [2026-09-16T22:41:30.225+0000] {dagbag.py:355} ERROR - Failed to import: /opt/airflow/dags/data_staging_dag.py
Traceback (most recent call last):
  File "/home/airflow/.local/lib/python3.10/site-packages/airflow/models/dagbag.py", line 351, in parse
    loader.exec_module(new_module)
  File "<frozen importlib._bootstrap_external>", line 879, in exec_module
  File "<frozen importlib._bootstrap_external>", line 1017, in get_code
  File "<frozen importlib._bootstrap_external>", line 947, in source_to_code
  File "<frozen importlib._bootstrap>", line 241, in _call_with_frames_removed
  File "/opt/airflow/dags/data_staging_dag.py", line 9
    
    ^
IndentationError: expected an indented block after function definition on line 8
[2026-09-16T22:41:30.227+0000] {processor.py:842} WARNING - No viable dags retrieved from /opt/airflow/dags/data_staging_dag.py
[2026-09-16T22:41:30.257+0000] {processor.py:183} INFO - Processing /opt/airflow/dags/data_staging_dag.py took 0.049 seconds
[2026-09-16T22:42:00.478+0000] {processor.py:161} INFO - Started process (PID=1222) to work on /opt/airflow/dags/data_staging_dag.py
[2026-09-16T22:42:00.480+0000] {processor.py:830} INFO - Processing file /opt/airflow/dags/data_staging_dag.py for tasks to queue
[2026-09-16T22:42:00.481+0000] {logging_mixin.py:188} INFO - [2026-09-16T22:42:00.480+0000] {dagbag.py:545} INFO - Filling up the DagBag from /opt/airflow/dags/data_staging_dag.py
[2026-09-16T22:42:00.484+0000] {logging_mixin.py:188} INFO - [2026-09-16T22:42:00.483+0000] {dagbag.py:355} ERROR - Failed to import: /opt/airflow/dags/data_staging_dag.py
Traceback (most recent call last):
  File "/home/airflow/.local/lib/python3.10/site-packages/airflow/models/dagbag.py", line 351, in parse
    loader.exec_module(new_module)
  File "<frozen importlib._bootstrap_external>", line 879, in exec_module
  File "<frozen importlib._bootstrap_external>", line 1017, in get_code
  File "<frozen importlib._bootstrap_external>", line 947, in source_to_code
  File "<frozen importlib._bootstrap>", line 241, in _call_with_frames_removed
  File "/opt/airflow/dags/data_staging_dag.py", line 9
    
    ^
IndentationError: expected an indented block after function definition on line 8
[2026-09-16T22:42:00.484+0000] {processor.py:842} WARNING - No viable dags retrieved from /opt/airflow/dags/data_staging_dag.py
[2026-09-16T22:42:00.512+0000] {processor.py:183} INFO - Processing /opt/airflow/dags/data_staging_dag.py took 0.045 seconds
[2026-09-16T22:42:30.728+0000] {processor.py:161} INFO - Started process (PID=1230) to work on /opt/airflow/dags/data_staging_dag.py
[2026-09-16T22:42:30.729+0000] {processor.py:830} INFO - Processing file /opt/airflow/dags/data_staging_dag.py for tasks to queue
[2026-09-16T22:42:30.730+0000] {logging_mixin.py:188} INFO - [2026-09-16T22:42:30.730+0000] {dagbag.py:545} INFO - Filling up the DagBag from /opt/airflow/dags/data_staging_dag.py
[2026-09-16T22:42:30.733+0000] {logging_mixin.py:188} INFO - [2026-09-16T22:42:30.732+0000] {dagbag.py:355} ERROR - Failed to import: /opt/airflow/dags/data_staging_dag.py
Traceback (most recent call last):
  File "/home/airflow/.local/lib/python3.10/site-packages/airflow/models/dagbag.py", line 351, in parse
    loader.exec_module(new_module)
  File "<frozen importlib._bootstrap_external>", line 879, in exec_module
  File "<frozen importlib._bootstrap_external>", line 1017, in get_code
  File "<frozen importlib._bootstrap_external>", line 947, in source_to_code
  File "<frozen importlib._bootstrap>", line 241, in _call_with_frames_removed
  File "/opt/airflow/dags/data_staging_dag.py", line 9
    
    ^
IndentationError: expected an indented block after function definition on line 8
[2026-09-16T22:42:30.733+0000] {processor.py:842} WARNING - No viable dags retrieved from /opt/airflow/dags/data_staging_dag.py
[2026-09-16T22:42:30.765+0000] {processor.py:183} INFO - Processing /opt/airflow/dags/data_staging_dag.py took 0.044 seconds
[2026-09-16T22:43:01.000+0000] {processor.py:161} INFO - Started process (PID=1238) to work on /opt/airflow/dags/data_staging_dag.py
[2026-09-16T22:43:01.005+0000] {processor.py:830} INFO - Processing file /opt/airflow/dags/data_staging_dag.py for tasks to queue
[2026-09-16T22:43:01.006+0000] {logging_mixin.py:188} INFO - [2026-09-16T22:43:01.006+0000] {dagbag.py:545} INFO - Filling up the DagBag from /opt/airflow/dags/data_staging_dag.py
[2026-09-16T22:43:01.010+0000] {logging_mixin.py:188} INFO - [2026-09-16T22:43:01.009+0000] {dagbag.py:355} ERROR - Failed to import: /opt/airflow/dags/data_staging_dag.py
Traceback (most recent call last):
  File "/home/airflow/.local/lib/python3.10/site-packages/airflow/models/dagbag.py", line 351, in parse
    loader.exec_module(new_module)
  File "<frozen importlib._bootstrap_external>", line 879, in exec_module
  File "<frozen importlib._bootstrap_external>", line 1017, in get_code
  File "<frozen importlib._bootstrap_external>", line 947, in source_to_code
  File "<frozen importlib._bootstrap>", line 241, in _call_with_frames_removed
  File "/opt/airflow/dags/data_staging_dag.py", line 9
    
    ^
IndentationError: expected an indented block after function definition on line 8
[2026-09-16T22:43:01.010+0000] {processor.py:842} WARNING - No viable dags retrieved from /opt/airflow/dags/data_staging_dag.py
[2026-09-16T22:43:01.036+0000] {processor.py:183} INFO - Processing /opt/airflow/dags/data_staging_dag.py took 0.046 seconds
[2026-09-16T22:43:31.266+0000] {processor.py:161} INFO - Started process (PID=1246) to work on /opt/airflow/dags/data_staging_dag.py
[2026-09-16T22:43:31.267+0000] {processor.py:830} INFO - Processing file /opt/airflow/dags/data_staging_dag.py for tasks to queue
[2026-09-16T22:43:31.268+0000] {logging_mixin.py:188} INFO - [2026-09-16T22:43:31.268+0000] {dagbag.py:545} INFO - Filling up the DagBag from /opt/airflow/dags/data_staging_dag.py
[2026-09-16T22:43:31.271+0000] {logging_mixin.py:188} INFO - [2026-09-16T22:43:31.271+0000] {dagbag.py:355} ERROR - Failed to import: /opt/airflow/dags/data_staging_dag.py
Traceback (most recent call last):
  File "/home/airflow/.local/lib/python3.10/site-packages/airflow/models/dagbag.py", line 351, in parse
    loader.exec_module(new_module)
  File "<frozen importlib._bootstrap_external>", line 879, in exec_module
  File "<frozen importlib._bootstrap_external>", line 1017, in get_code
  File "<frozen importlib._bootstrap_external>", line 947, in source_to_code
  File "<frozen importlib._bootstrap>", line 241, in _call_with_frames_removed
  File "/opt/airflow/dags/data_staging_dag.py", line 9
    
    ^
IndentationError: expected an indented block after function definition on line 8
[2026-09-16T22:43:31.272+0000] {processor.py:842} WARNING - No viable dags retrieved from /opt/airflow/dags/data_staging_dag.py
[2026-09-16T22:43:31.299+0000] {processor.py:183} INFO - Processing /opt/airflow/dags/data_staging_dag.py took 0.041 seconds
[2026-09-16T22:44:01.486+0000] {processor.py:161} INFO - Started process (PID=1254) to work on /opt/airflow/dags/data_staging_dag.py
[2026-09-16T22:44:01.489+0000] {processor.py:830} INFO - Processing file /opt/airflow/dags/data_staging_dag.py for tasks to queue
[2026-09-16T22:44:01.490+0000] {logging_mixin.py:188} INFO - [2026-09-16T22:44:01.489+0000] {dagbag.py:545} INFO - Filling up the DagBag from /opt/airflow/dags/data_staging_dag.py
[2026-09-16T22:44:01.493+0000] {logging_mixin.py:188} INFO - [2026-09-16T22:44:01.492+0000] {dagbag.py:355} ERROR - Failed to import: /opt/airflow/dags/data_staging_dag.py
Traceback (most recent call last):
  File "/home/airflow/.local/lib/python3.10/site-packages/airflow/models/dagbag.py", line 351, in parse
    loader.exec_module(new_module)
  File "<frozen importlib._bootstrap_external>", line 879, in exec_module
  File "<frozen importlib._bootstrap_external>", line 1017, in get_code
  File "<frozen importlib._bootstrap_external>", line 947, in source_to_code
  File "<frozen importlib._bootstrap>", line 241, in _call_with_frames_removed
  File "/opt/airflow/dags/data_staging_dag.py", line 9
    
    ^
IndentationError: expected an indented block after function definition on line 8
[2026-09-16T22:44:01.494+0000] {processor.py:842} WARNING - No viable dags retrieved from /opt/airflow/dags/data_staging_dag.py
[2026-09-16T22:44:01.521+0000] {processor.py:183} INFO - Processing /opt/airflow/dags/data_staging_dag.py took 0.046 seconds
[2026-09-16T22:44:31.664+0000] {processor.py:161} INFO - Started process (PID=1262) to work on /opt/airflow/dags/data_staging_dag.py
[2026-09-16T22:44:31.664+0000] {processor.py:830} INFO - Processing file /opt/airflow/dags/data_staging_dag.py for tasks to queue
[2026-09-16T22:44:31.666+0000] {logging_mixin.py:188} INFO - [2026-09-16T22:44:31.665+0000] {dagbag.py:545} INFO - Filling up the DagBag from /opt/airflow/dags/data_staging_dag.py
[2026-09-16T22:44:31.670+0000] {logging_mixin.py:188} INFO - [2026-09-16T22:44:31.669+0000] {dagbag.py:355} ERROR - Failed to import: /opt/airflow/dags/data_staging_dag.py
Traceback (most recent call last):
  File "/home/airflow/.local/lib/python3.10/site-packages/airflow/models/dagbag.py", line 351, in parse
    loader.exec_module(new_module)
  File "<frozen importlib._bootstrap_external>", line 879, in exec_module
  File "<frozen importlib._bootstrap_external>", line 1017, in get_code
  File "<frozen importlib._bootstrap_external>", line 947, in source_to_code
  File "<frozen importlib._bootstrap>", line 241, in _call_with_frames_removed
  File "/opt/airflow/dags/data_staging_dag.py", line 9
    
    ^
IndentationError: expected an indented block after function definition on line 8
[2026-09-16T22:44:31.670+0000] {processor.py:842} WARNING - No viable dags retrieved from /opt/airflow/dags/data_staging_dag.py
[2026-09-16T22:44:31.692+0000] {processor.py:183} INFO - Processing /opt/airflow/dags/data_staging_dag.py took 0.035 seconds
[2026-09-16T22:45:01.915+0000] {processor.py:161} INFO - Started process (PID=1270) to work on /opt/airflow/dags/data_staging_dag.py
[2026-09-16T22:45:01.917+0000] {processor.py:830} INFO - Processing file /opt/airflow/dags/data_staging_dag.py for tasks to queue
[2026-09-16T22:45:01.919+0000] {logging_mixin.py:188} INFO - [2026-09-16T22:45:01.918+0000] {dagbag.py:545} INFO - Filling up the DagBag from /opt/airflow/dags/data_staging_dag.py
[2026-09-16T22:45:01.925+0000] {logging_mixin.py:188} INFO - [2026-09-16T22:45:01.923+0000] {dagbag.py:355} ERROR - Failed to import: /opt/airflow/dags/data_staging_dag.py
Traceback (most recent call last):
  File "/home/airflow/.local/lib/python3.10/site-packages/airflow/models/dagbag.py", line 351, in parse
    loader.exec_module(new_module)
  File "<frozen importlib._bootstrap_external>", line 879, in exec_module
  File "<frozen importlib._bootstrap_external>", line 1017, in get_code
  File "<frozen importlib._bootstrap_external>", line 947, in source_to_code
  File "<frozen importlib._bootstrap>", line 241, in _call_with_frames_removed
  File "/opt/airflow/dags/data_staging_dag.py", line 9
    
    ^
IndentationError: expected an indented block after function definition on line 8
[2026-09-16T22:45:01.926+0000] {processor.py:842} WARNING - No viable dags retrieved from /opt/airflow/dags/data_staging_dag.py
[2026-09-16T22:45:01.964+0000] {processor.py:183} INFO - Processing /opt/airflow/dags/data_staging_dag.py took 0.070 seconds
[2026-09-16T22:45:32.227+0000] {processor.py:161} INFO - Started process (PID=1278) to work on /opt/airflow/dags/data_staging_dag.py
[2026-09-16T22:45:32.229+0000] {processor.py:830} INFO - Processing file /opt/airflow/dags/data_staging_dag.py for tasks to queue
[2026-09-16T22:45:32.232+0000] {logging_mixin.py:188} INFO - [2026-09-16T22:45:32.231+0000] {dagbag.py:545} INFO - Filling up the DagBag from /opt/airflow/dags/data_staging_dag.py
[2026-09-16T22:45:32.241+0000] {logging_mixin.py:188} INFO - [2026-09-16T22:45:32.239+0000] {dagbag.py:355} ERROR - Failed to import: /opt/airflow/dags/data_staging_dag.py
Traceback (most recent call last):
  File "/home/airflow/.local/lib/python3.10/site-packages/airflow/models/dagbag.py", line 351, in parse
    loader.exec_module(new_module)
  File "<frozen importlib._bootstrap_external>", line 879, in exec_module
  File "<frozen importlib._bootstrap_external>", line 1017, in get_code
  File "<frozen importlib._bootstrap_external>", line 947, in source_to_code
  File "<frozen importlib._bootstrap>", line 241, in _call_with_frames_removed
  File "/opt/airflow/dags/data_staging_dag.py", line 9
    
    ^
IndentationError: expected an indented block after function definition on line 8
[2026-09-16T22:45:32.243+0000] {processor.py:842} WARNING - No viable dags retrieved from /opt/airflow/dags/data_staging_dag.py
[2026-09-16T22:45:32.298+0000] {processor.py:183} INFO - Processing /opt/airflow/dags/data_staging_dag.py took 0.092 seconds
[2026-09-16T22:46:02.601+0000] {processor.py:161} INFO - Started process (PID=1286) to work on /opt/airflow/dags/data_staging_dag.py
[2026-09-16T22:46:02.609+0000] {processor.py:830} INFO - Processing file /opt/airflow/dags/data_staging_dag.py for tasks to queue
[2026-09-16T22:46:02.611+0000] {logging_mixin.py:188} INFO - [2026-09-16T22:46:02.611+0000] {dagbag.py:545} INFO - Filling up the DagBag from /opt/airflow/dags/data_staging_dag.py
[2026-09-16T22:46:02.618+0000] {logging_mixin.py:188} INFO - [2026-09-16T22:46:02.617+0000] {dagbag.py:355} ERROR - Failed to import: /opt/airflow/dags/data_staging_dag.py
Traceback (most recent call last):
  File "/home/airflow/.local/lib/python3.10/site-packages/airflow/models/dagbag.py", line 351, in parse
    loader.exec_module(new_module)
  File "<frozen importlib._bootstrap_external>", line 879, in exec_module
  File "<frozen importlib._bootstrap_external>", line 1017, in get_code
  File "<frozen importlib._bootstrap_external>", line 947, in source_to_code
  File "<frozen importlib._bootstrap>", line 241, in _call_with_frames_removed
  File "/opt/airflow/dags/data_staging_dag.py", line 9
    
    ^
IndentationError: expected an indented block after function definition on line 8
[2026-09-16T22:46:02.619+0000] {processor.py:842} WARNING - No viable dags retrieved from /opt/airflow/dags/data_staging_dag.py
[2026-09-16T22:46:02.658+0000] {processor.py:183} INFO - Processing /opt/airflow/dags/data_staging_dag.py took 0.079 seconds
[2026-09-16T22:46:32.971+0000] {processor.py:161} INFO - Started process (PID=1294) to work on /opt/airflow/dags/data_staging_dag.py
[2026-09-16T22:46:32.973+0000] {processor.py:830} INFO - Processing file /opt/airflow/dags/data_staging_dag.py for tasks to queue
[2026-09-16T22:46:32.976+0000] {logging_mixin.py:188} INFO - [2026-09-16T22:46:32.975+0000] {dagbag.py:545} INFO - Filling up the DagBag from /opt/airflow/dags/data_staging_dag.py
[2026-09-16T22:46:32.983+0000] {logging_mixin.py:188} INFO - [2026-09-16T22:46:32.982+0000] {dagbag.py:355} ERROR - Failed to import: /opt/airflow/dags/data_staging_dag.py
Traceback (most recent call last):
  File "/home/airflow/.local/lib/python3.10/site-packages/airflow/models/dagbag.py", line 351, in parse
    loader.exec_module(new_module)
  File "<frozen importlib._bootstrap_external>", line 879, in exec_module
  File "<frozen importlib._bootstrap_external>", line 1017, in get_code
  File "<frozen importlib._bootstrap_external>", line 947, in source_to_code
  File "<frozen importlib._bootstrap>", line 241, in _call_with_frames_removed
  File "/opt/airflow/dags/data_staging_dag.py", line 9
    
    ^
IndentationError: expected an indented block after function definition on line 8
[2026-09-16T22:46:32.984+0000] {processor.py:842} WARNING - No viable dags retrieved from /opt/airflow/dags/data_staging_dag.py
[2026-09-16T22:46:33.030+0000] {processor.py:183} INFO - Processing /opt/airflow/dags/data_staging_dag.py took 0.081 seconds
[2026-09-16T22:47:03.307+0000] {processor.py:161} INFO - Started process (PID=1302) to work on /opt/airflow/dags/data_staging_dag.py
[2026-09-16T22:47:03.314+0000] {processor.py:830} INFO - Processing file /opt/airflow/dags/data_staging_dag.py for tasks to queue
[2026-09-16T22:47:03.317+0000] {logging_mixin.py:188} INFO - [2026-09-16T22:47:03.316+0000] {dagbag.py:545} INFO - Filling up the DagBag from /opt/airflow/dags/data_staging_dag.py
[2026-09-16T22:47:03.326+0000] {logging_mixin.py:188} INFO - [2026-09-16T22:47:03.324+0000] {dagbag.py:355} ERROR - Failed to import: /opt/airflow/dags/data_staging_dag.py
Traceback (most recent call last):
  File "/home/airflow/.local/lib/python3.10/site-packages/airflow/models/dagbag.py", line 351, in parse
    loader.exec_module(new_module)
  File "<frozen importlib._bootstrap_external>", line 879, in exec_module
  File "<frozen importlib._bootstrap_external>", line 1017, in get_code
  File "<frozen importlib._bootstrap_external>", line 947, in source_to_code
  File "<frozen importlib._bootstrap>", line 241, in _call_with_frames_removed
  File "/opt/airflow/dags/data_staging_dag.py", line 9
    
    ^
IndentationError: expected an indented block after function definition on line 8
[2026-09-16T22:47:03.326+0000] {processor.py:842} WARNING - No viable dags retrieved from /opt/airflow/dags/data_staging_dag.py
[2026-09-16T22:47:03.359+0000] {processor.py:183} INFO - Processing /opt/airflow/dags/data_staging_dag.py took 0.073 seconds
[2026-09-16T22:47:33.619+0000] {processor.py:161} INFO - Started process (PID=1310) to work on /opt/airflow/dags/data_staging_dag.py
[2026-09-16T22:47:33.620+0000] {processor.py:830} INFO - Processing file /opt/airflow/dags/data_staging_dag.py for tasks to queue
[2026-09-16T22:47:33.621+0000] {logging_mixin.py:188} INFO - [2026-09-16T22:47:33.621+0000] {dagbag.py:545} INFO - Filling up the DagBag from /opt/airflow/dags/data_staging_dag.py
[2026-09-16T22:47:33.626+0000] {logging_mixin.py:188} INFO - [2026-09-16T22:47:33.625+0000] {dagbag.py:355} ERROR - Failed to import: /opt/airflow/dags/data_staging_dag.py
Traceback (most recent call last):
  File "/home/airflow/.local/lib/python3.10/site-packages/airflow/models/dagbag.py", line 351, in parse
    loader.exec_module(new_module)
  File "<frozen importlib._bootstrap_external>", line 879, in exec_module
  File "<frozen importlib._bootstrap_external>", line 1017, in get_code
  File "<frozen importlib._bootstrap_external>", line 947, in source_to_code
  File "<frozen importlib._bootstrap>", line 241, in _call_with_frames_removed
  File "/opt/airflow/dags/data_staging_dag.py", line 9
    
    ^
IndentationError: expected an indented block after function definition on line 8
[2026-09-16T22:47:33.626+0000] {processor.py:842} WARNING - No viable dags retrieved from /opt/airflow/dags/data_staging_dag.py
[2026-09-16T22:47:33.667+0000] {processor.py:183} INFO - Processing /opt/airflow/dags/data_staging_dag.py took 0.062 seconds
[2026-09-16T22:48:03.964+0000] {processor.py:161} INFO - Started process (PID=1318) to work on /opt/airflow/dags/data_staging_dag.py
[2026-09-16T22:48:03.970+0000] {processor.py:830} INFO - Processing file /opt/airflow/dags/data_staging_dag.py for tasks to queue
[2026-09-16T22:48:03.971+0000] {logging_mixin.py:188} INFO - [2026-09-16T22:48:03.971+0000] {dagbag.py:545} INFO - Filling up the DagBag from /opt/airflow/dags/data_staging_dag.py
[2026-09-16T22:48:03.976+0000] {logging_mixin.py:188} INFO - [2026-09-16T22:48:03.974+0000] {dagbag.py:355} ERROR - Failed to import: /opt/airflow/dags/data_staging_dag.py
Traceback (most recent call last):
  File "/home/airflow/.local/lib/python3.10/site-packages/airflow/models/dagbag.py", line 351, in parse
    loader.exec_module(new_module)
  File "<frozen importlib._bootstrap_external>", line 879, in exec_module
  File "<frozen importlib._bootstrap_external>", line 1017, in get_code
  File "<frozen importlib._bootstrap_external>", line 947, in source_to_code
  File "<frozen importlib._bootstrap>", line 241, in _call_with_frames_removed
  File "/opt/airflow/dags/data_staging_dag.py", line 9
    
    ^
IndentationError: expected an indented block after function definition on line 8
[2026-09-16T22:48:03.976+0000] {processor.py:842} WARNING - No viable dags retrieved from /opt/airflow/dags/data_staging_dag.py
[2026-09-16T22:48:04.015+0000] {processor.py:183} INFO - Processing /opt/airflow/dags/data_staging_dag.py took 0.074 seconds
