[2026-09-17T16:11:59.414+0000] {processor.py:161} INFO - Started process (PID=50) to work on /opt/airflow/dags/data_staging_dag.py
[2026-09-17T16:11:59.415+0000] {processor.py:830} INFO - Processing file /opt/airflow/dags/data_staging_dag.py for tasks to queue
[2026-09-17T16:11:59.418+0000] {logging_mixin.py:188} INFO - [2026-09-17T16:11:59.418+0000] {dagbag.py:545} INFO - Filling up the DagBag from /opt/airflow/dags/data_staging_dag.py
[2026-09-17T16:11:59.438+0000] {processor.py:840} INFO - DAG(s) 'data_staging_dag' retrieved from /opt/airflow/dags/data_staging_dag.py
[2026-09-17T16:11:59.645+0000] {logging_mixin.py:188} INFO - [2026-09-17T16:11:59.644+0000] {override.py:1829} INFO - Created Permission View: can read on DAG:data_staging_dag
[2026-09-17T16:11:59.660+0000] {logging_mixin.py:188} INFO - [2026-09-17T16:11:59.660+0000] {override.py:1829} INFO - Created Permission View: can edit on DAG:data_staging_dag
[2026-09-17T16:11:59.681+0000] {logging_mixin.py:188} INFO - [2026-09-17T16:11:59.680+0000] {override.py:1829} INFO - Created Permission View: can delete on DAG:data_staging_dag
[2026-09-17T16:11:59.681+0000] {logging_mixin.py:188} INFO - [2026-09-17T16:11:59.681+0000] {dag.py:3096} INFO - Sync 1 DAGs
[2026-09-17T16:11:59.695+0000] {logging_mixin.py:188} INFO - [2026-09-17T16:11:59.695+0000] {dag.py:3118} INFO - Creating ORM DAG for data_staging_dag
[2026-09-17T16:11:59.707+0000] {logging_mixin.py:188} INFO - [2026-09-17T16:11:59.707+0000] {dag.py:3954} INFO - Setting next_dagrun for data_staging_dag to None, run_after=None
[2026-09-17T16:11:59.735+0000] {processor.py:183} INFO - Processing /opt/airflow/dags/data_staging_dag.py took 0.330 seconds
[2026-09-17T16:12:30.429+0000] {processor.py:161} INFO - Started process (PID=52) to work on /opt/airflow/dags/data_staging_dag.py
[2026-09-17T16:12:30.434+0000] {processor.py:830} INFO - Processing file /opt/airflow/dags/data_staging_dag.py for tasks to queue
[2026-09-17T16:12:30.436+0000] {logging_mixin.py:188} INFO - [2026-09-17T16:12:30.435+0000] {dagbag.py:545} INFO - Filling up the DagBag from /opt/airflow/dags/data_staging_dag.py
[2026-09-17T16:12:30.444+0000] {processor.py:840} INFO - DAG(s) 'data_staging_dag' retrieved from /opt/airflow/dags/data_staging_dag.py
[2026-09-17T16:12:30.467+0000] {logging_mixin.py:188} INFO - [2026-09-17T16:12:30.467+0000] {dag.py:3096} INFO - Sync 1 DAGs
[2026-09-17T16:12:30.487+0000] {logging_mixin.py:188} INFO - [2026-09-17T16:12:30.487+0000] {dag.py:3954} INFO - Setting next_dagrun for data_staging_dag to None, run_after=None
[2026-09-17T16:12:30.508+0000] {processor.py:183} INFO - Processing /opt/airflow/dags/data_staging_dag.py took 0.084 seconds
[2026-09-17T16:13:01.187+0000] {processor.py:161} INFO - Started process (PID=60) to work on /opt/airflow/dags/data_staging_dag.py
[2026-09-17T16:13:01.192+0000] {processor.py:830} INFO - Processing file /opt/airflow/dags/data_staging_dag.py for tasks to queue
[2026-09-17T16:13:01.193+0000] {logging_mixin.py:188} INFO - [2026-09-17T16:13:01.193+0000] {dagbag.py:545} INFO - Filling up the DagBag from /opt/airflow/dags/data_staging_dag.py
[2026-09-17T16:13:01.201+0000] {processor.py:840} INFO - DAG(s) 'data_staging_dag' retrieved from /opt/airflow/dags/data_staging_dag.py
[2026-09-17T16:13:01.222+0000] {logging_mixin.py:188} INFO - [2026-09-17T16:13:01.222+0000] {dag.py:3096} INFO - Sync 1 DAGs
[2026-09-17T16:13:01.238+0000] {logging_mixin.py:188} INFO - [2026-09-17T16:13:01.238+0000] {dag.py:3954} INFO - Setting next_dagrun for data_staging_dag to None, run_after=None
[2026-09-17T16:13:01.259+0000] {processor.py:183} INFO - Processing /opt/airflow/dags/data_staging_dag.py took 0.078 seconds
[2026-09-17T16:13:31.979+0000] {processor.py:161} INFO - Started process (PID=69) to work on /opt/airflow/dags/data_staging_dag.py
[2026-09-17T16:13:31.984+0000] {processor.py:830} INFO - Processing file /opt/airflow/dags/data_staging_dag.py for tasks to queue
[2026-09-17T16:13:31.986+0000] {logging_mixin.py:188} INFO - [2026-09-17T16:13:31.986+0000] {dagbag.py:545} INFO - Filling up the DagBag from /opt/airflow/dags/data_staging_dag.py
[2026-09-17T16:13:31.996+0000] {processor.py:840} INFO - DAG(s) 'data_staging_dag' retrieved from /opt/airflow/dags/data_staging_dag.py
[2026-09-17T16:13:32.019+0000] {logging_mixin.py:188} INFO - [2026-09-17T16:13:32.019+0000] {dag.py:3096} INFO - Sync 1 DAGs
[2026-09-17T16:13:32.036+0000] {logging_mixin.py:188} INFO - [2026-09-17T16:13:32.035+0000] {dag.py:3954} INFO - Setting next_dagrun for data_staging_dag to None, run_after=None
[2026-09-17T16:13:32.055+0000] {processor.py:183} INFO - Processing /opt/airflow/dags/data_staging_dag.py took 0.083 seconds
[2026-09-17T16:14:02.752+0000] {processor.py:161} INFO - Started process (PID=81) to work on /opt/airflow/dags/data_staging_dag.py
[2026-09-17T16:14:02.757+0000] {processor.py:830} INFO - Processing file /opt/airflow/dags/data_staging_dag.py for tasks to queue
[2026-09-17T16:14:02.759+0000] {logging_mixin.py:188} INFO - [2026-09-17T16:14:02.759+0000] {dagbag.py:545} INFO - Filling up the DagBag from /opt/airflow/dags/data_staging_dag.py
[2026-09-17T16:14:02.770+0000] {processor.py:840} INFO - DAG(s) 'data_staging_dag' retrieved from /opt/airflow/dags/data_staging_dag.py
[2026-09-17T16:14:02.792+0000] {logging_mixin.py:188} INFO - [2026-09-17T16:14:02.792+0000] {dag.py:3096} INFO - Sync 1 DAGs
[2026-09-17T16:14:02.809+0000] {logging_mixin.py:188} INFO - [2026-09-17T16:14:02.809+0000] {dag.py:3954} INFO - Setting next_dagrun for data_staging_dag to None, run_after=None
[2026-09-17T16:14:02.831+0000] {processor.py:183} INFO - Processing /opt/airflow/dags/data_staging_dag.py took 0.086 seconds
[2026-09-17T16:14:33.530+0000] {processor.py:161} INFO - Started process (PID=93) to work on /opt/airflow/dags/data_staging_dag.py
[2026-09-17T16:14:33.532+0000] {processor.py:830} INFO - Processing file /opt/airflow/dags/data_staging_dag.py for tasks to queue
[2026-09-17T16:14:33.535+0000] {logging_mixin.py:188} INFO - [2026-09-17T16:14:33.533+0000] {dagbag.py:545} INFO - Filling up the DagBag from /opt/airflow/dags/data_staging_dag.py
[2026-09-17T16:14:33.546+0000] {processor.py:840} INFO - DAG(s) 'data_staging_dag' retrieved from /opt/airflow/dags/data_staging_dag.py
[2026-09-17T16:14:33.575+0000] {logging_mixin.py:188} INFO - [2026-09-17T16:14:33.575+0000] {dag.py:3096} INFO - Sync 1 DAGs
[2026-09-17T16:14:33.596+0000] {logging_mixin.py:188} INFO - [2026-09-17T16:14:33.596+0000] {dag.py:3954} INFO - Setting next_dagrun for data_staging_dag to None, run_after=None
[2026-09-17T16:14:33.617+0000] {processor.py:183} INFO - Processing /opt/airflow/dags/data_staging_dag.py took 0.092 seconds
[2026-09-17T16:15:04.406+0000] {processor.py:161} INFO - Started process (PID=109) to work on /opt/airflow/dags/data_staging_dag.py
[2026-09-17T16:15:04.408+0000] {processor.py:830} INFO - Processing file /opt/airflow/dags/data_staging_dag.py for tasks to queue
[2026-09-17T16:15:04.412+0000] {logging_mixin.py:188} INFO - [2026-09-17T16:15:04.411+0000] {dagbag.py:545} INFO - Filling up the DagBag from /opt/airflow/dags/data_staging_dag.py
[2026-09-17T16:15:04.440+0000] {processor.py:840} INFO - DAG(s) 'data_staging_dag' retrieved from /opt/airflow/dags/data_staging_dag.py
[2026-09-17T16:15:04.501+0000] {logging_mixin.py:188} INFO - [2026-09-17T16:15:04.501+0000] {dag.py:3096} INFO - Sync 1 DAGs
[2026-09-17T16:15:04.547+0000] {logging_mixin.py:188} INFO - [2026-09-17T16:15:04.547+0000] {dag.py:3954} INFO - Setting next_dagrun for data_staging_dag to None, run_after=None
[2026-09-17T16:15:04.574+0000] {processor.py:183} INFO - Processing /opt/airflow/dags/data_staging_dag.py took 0.203 seconds
[2026-09-17T16:15:35.088+0000] {processor.py:161} INFO - Started process (PID=121) to work on /opt/airflow/dags/data_staging_dag.py
[2026-09-17T16:15:35.093+0000] {processor.py:830} INFO - Processing file /opt/airflow/dags/data_staging_dag.py for tasks to queue
[2026-09-17T16:15:35.095+0000] {logging_mixin.py:188} INFO - [2026-09-17T16:15:35.095+0000] {dagbag.py:545} INFO - Filling up the DagBag from /opt/airflow/dags/data_staging_dag.py
[2026-09-17T16:15:35.104+0000] {processor.py:840} INFO - DAG(s) 'data_staging_dag' retrieved from /opt/airflow/dags/data_staging_dag.py
[2026-09-17T16:15:35.128+0000] {logging_mixin.py:188} INFO - [2026-09-17T16:15:35.128+0000] {dag.py:3096} INFO - Sync 1 DAGs
[2026-09-17T16:15:35.154+0000] {logging_mixin.py:188} INFO - [2026-09-17T16:15:35.154+0000] {dag.py:3954} INFO - Setting next_dagrun for data_staging_dag to None, run_after=None
[2026-09-17T16:15:35.174+0000] {processor.py:183} INFO - Processing /opt/airflow/dags/data_staging_dag.py took 0.092 seconds
[2026-09-17T16:16:05.798+0000] {processor.py:161} INFO - Started process (PID=133) to work on /opt/airflow/dags/data_staging_dag.py
[2026-09-17T16:16:05.801+0000] {processor.py:830} INFO - Processing file /opt/airflow/dags/data_staging_dag.py for tasks to queue
[2026-09-17T16:16:05.806+0000] {logging_mixin.py:188} INFO - [2026-09-17T16:16:05.805+0000] {dagbag.py:545} INFO - Filling up the DagBag from /opt/airflow/dags/data_staging_dag.py
[2026-09-17T16:16:05.858+0000] {processor.py:840} INFO - DAG(s) 'data_staging_dag' retrieved from /opt/airflow/dags/data_staging_dag.py
[2026-09-17T16:16:05.901+0000] {logging_mixin.py:188} INFO - [2026-09-17T16:16:05.900+0000] {dag.py:3096} INFO - Sync 1 DAGs
[2026-09-17T16:16:05.976+0000] {logging_mixin.py:188} INFO - [2026-09-17T16:16:05.975+0000] {dag.py:3954} INFO - Setting next_dagrun for data_staging_dag to None, run_after=None
[2026-09-17T16:16:06.012+0000] {processor.py:183} INFO - Processing /opt/airflow/dags/data_staging_dag.py took 0.221 seconds
[2026-09-17T16:16:37.566+0000] {processor.py:161} INFO - Started process (PID=149) to work on /opt/airflow/dags/data_staging_dag.py
[2026-09-17T16:16:37.568+0000] {processor.py:830} INFO - Processing file /opt/airflow/dags/data_staging_dag.py for tasks to queue
[2026-09-17T16:16:37.570+0000] {logging_mixin.py:188} INFO - [2026-09-17T16:16:37.569+0000] {dagbag.py:545} INFO - Filling up the DagBag from /opt/airflow/dags/data_staging_dag.py
[2026-09-17T16:16:37.591+0000] {processor.py:840} INFO - DAG(s) 'data_staging_dag' retrieved from /opt/airflow/dags/data_staging_dag.py
[2026-09-17T16:16:37.651+0000] {logging_mixin.py:188} INFO - [2026-09-17T16:16:37.651+0000] {dag.py:3096} INFO - Sync 1 DAGs
[2026-09-17T16:16:37.711+0000] {logging_mixin.py:188} INFO - [2026-09-17T16:16:37.711+0000] {dag.py:3954} INFO - Setting next_dagrun for data_staging_dag to None, run_after=None
[2026-09-17T16:16:37.737+0000] {processor.py:183} INFO - Processing /opt/airflow/dags/data_staging_dag.py took 0.178 seconds
[2026-09-17T16:17:09.503+0000] {processor.py:161} INFO - Started process (PID=161) to work on /opt/airflow/dags/data_staging_dag.py
[2026-09-17T16:17:09.504+0000] {processor.py:830} INFO - Processing file /opt/airflow/dags/data_staging_dag.py for tasks to queue
[2026-09-17T16:17:09.506+0000] {logging_mixin.py:188} INFO - [2026-09-17T16:17:09.506+0000] {dagbag.py:545} INFO - Filling up the DagBag from /opt/airflow/dags/data_staging_dag.py
[2026-09-17T16:17:09.528+0000] {processor.py:840} INFO - DAG(s) 'data_staging_dag' retrieved from /opt/airflow/dags/data_staging_dag.py
[2026-09-17T16:17:09.589+0000] {logging_mixin.py:188} INFO - [2026-09-17T16:17:09.589+0000] {dag.py:3096} INFO - Sync 1 DAGs
[2026-09-17T16:17:09.635+0000] {logging_mixin.py:188} INFO - [2026-09-17T16:17:09.634+0000] {dag.py:3954} INFO - Setting next_dagrun for data_staging_dag to None, run_after=None
[2026-09-17T16:17:09.658+0000] {processor.py:183} INFO - Processing /opt/airflow/dags/data_staging_dag.py took 0.162 seconds
[2026-09-17T16:17:42.469+0000] {processor.py:161} INFO - Started process (PID=173) to work on /opt/airflow/dags/data_staging_dag.py
[2026-09-17T16:17:42.471+0000] {processor.py:830} INFO - Processing file /opt/airflow/dags/data_staging_dag.py for tasks to queue
[2026-09-17T16:17:42.473+0000] {logging_mixin.py:188} INFO - [2026-09-17T16:17:42.473+0000] {dagbag.py:545} INFO - Filling up the DagBag from /opt/airflow/dags/data_staging_dag.py
[2026-09-17T16:17:42.496+0000] {processor.py:840} INFO - DAG(s) 'data_staging_dag' retrieved from /opt/airflow/dags/data_staging_dag.py
[2026-09-17T16:17:42.545+0000] {logging_mixin.py:188} INFO - [2026-09-17T16:17:42.544+0000] {dag.py:3096} INFO - Sync 1 DAGs
[2026-09-17T16:17:42.593+0000] {logging_mixin.py:188} INFO - [2026-09-17T16:17:42.593+0000] {dag.py:3954} INFO - Setting next_dagrun for data_staging_dag to None, run_after=None
[2026-09-17T16:17:42.701+0000] {processor.py:183} INFO - Processing /opt/airflow/dags/data_staging_dag.py took 0.244 seconds
[2026-09-17T16:18:15.649+0000] {processor.py:161} INFO - Started process (PID=186) to work on /opt/airflow/dags/data_staging_dag.py
[2026-09-17T16:18:15.652+0000] {processor.py:830} INFO - Processing file /opt/airflow/dags/data_staging_dag.py for tasks to queue
[2026-09-17T16:18:15.940+0000] {logging_mixin.py:188} INFO - [2026-09-17T16:18:15.655+0000] {dagbag.py:545} INFO - Filling up the DagBag from /opt/airflow/dags/data_staging_dag.py
[2026-09-17T16:18:16.005+0000] {processor.py:840} INFO - DAG(s) 'data_staging_dag' retrieved from /opt/airflow/dags/data_staging_dag.py
[2026-09-17T16:18:16.036+0000] {logging_mixin.py:188} INFO - [2026-09-17T16:18:16.036+0000] {dag.py:3096} INFO - Sync 1 DAGs
[2026-09-17T16:18:16.065+0000] {logging_mixin.py:188} INFO - [2026-09-17T16:18:16.064+0000] {dag.py:3954} INFO - Setting next_dagrun for data_staging_dag to None, run_after=None
[2026-09-17T16:18:16.086+0000] {processor.py:183} INFO - Processing /opt/airflow/dags/data_staging_dag.py took 0.445 seconds
[2026-09-17T16:18:48.150+0000] {processor.py:161} INFO - Started process (PID=198) to work on /opt/airflow/dags/data_staging_dag.py
[2026-09-17T16:18:48.151+0000] {processor.py:830} INFO - Processing file /opt/airflow/dags/data_staging_dag.py for tasks to queue
[2026-09-17T16:18:48.154+0000] {logging_mixin.py:188} INFO - [2026-09-17T16:18:48.153+0000] {dagbag.py:545} INFO - Filling up the DagBag from /opt/airflow/dags/data_staging_dag.py
[2026-09-17T16:18:48.171+0000] {processor.py:840} INFO - DAG(s) 'data_staging_dag' retrieved from /opt/airflow/dags/data_staging_dag.py
[2026-09-17T16:18:48.207+0000] {logging_mixin.py:188} INFO - [2026-09-17T16:18:48.207+0000] {dag.py:3096} INFO - Sync 1 DAGs
[2026-09-17T16:18:48.237+0000] {logging_mixin.py:188} INFO - [2026-09-17T16:18:48.237+0000] {dag.py:3954} INFO - Setting next_dagrun for data_staging_dag to None, run_after=None
[2026-09-17T16:18:48.260+0000] {processor.py:183} INFO - Processing /opt/airflow/dags/data_staging_dag.py took 0.120 seconds
[2026-09-17T16:19:25.568+0000] {processor.py:161} INFO - Started process (PID=210) to work on /opt/airflow/dags/data_staging_dag.py
[2026-09-17T16:19:25.661+0000] {processor.py:830} INFO - Processing file /opt/airflow/dags/data_staging_dag.py for tasks to queue
[2026-09-17T16:19:25.770+0000] {logging_mixin.py:188} INFO - [2026-09-17T16:19:25.753+0000] {dagbag.py:545} INFO - Filling up the DagBag from /opt/airflow/dags/data_staging_dag.py
[2026-09-17T16:19:25.928+0000] {processor.py:840} INFO - DAG(s) 'data_staging_dag' retrieved from /opt/airflow/dags/data_staging_dag.py
[2026-09-17T16:19:53.168+0000] {logging_mixin.py:188} INFO - [2026-09-17T16:19:53.167+0000] {dag.py:3096} INFO - Sync 1 DAGs
[2026-09-17T16:19:53.213+0000] {logging_mixin.py:188} INFO - [2026-09-17T16:19:53.212+0000] {dag.py:3954} INFO - Setting next_dagrun for data_staging_dag to None, run_after=None
[2026-09-17T16:19:53.240+0000] {processor.py:183} INFO - Processing /opt/airflow/dags/data_staging_dag.py took 30.172 seconds
[2026-09-17T16:20:25.759+0000] {processor.py:161} INFO - Started process (PID=219) to work on /opt/airflow/dags/data_staging_dag.py
[2026-09-17T16:20:25.761+0000] {processor.py:830} INFO - Processing file /opt/airflow/dags/data_staging_dag.py for tasks to queue
[2026-09-17T16:20:25.763+0000] {logging_mixin.py:188} INFO - [2026-09-17T16:20:25.762+0000] {dagbag.py:545} INFO - Filling up the DagBag from /opt/airflow/dags/data_staging_dag.py
[2026-09-17T16:20:25.775+0000] {processor.py:840} INFO - DAG(s) 'data_staging_dag' retrieved from /opt/airflow/dags/data_staging_dag.py
[2026-09-17T16:20:25.806+0000] {logging_mixin.py:188} INFO - [2026-09-17T16:20:25.806+0000] {dag.py:3096} INFO - Sync 1 DAGs
[2026-09-17T16:20:25.827+0000] {logging_mixin.py:188} INFO - [2026-09-17T16:20:25.827+0000] {dag.py:3954} INFO - Setting next_dagrun for data_staging_dag to None, run_after=None
[2026-09-17T16:20:25.851+0000] {processor.py:183} INFO - Processing /opt/airflow/dags/data_staging_dag.py took 0.098 seconds
[2026-09-17T16:20:58.517+0000] {processor.py:161} INFO - Started process (PID=227) to work on /opt/airflow/dags/data_staging_dag.py
[2026-09-17T16:20:58.518+0000] {processor.py:830} INFO - Processing file /opt/airflow/dags/data_staging_dag.py for tasks to queue
[2026-09-17T16:20:58.521+0000] {logging_mixin.py:188} INFO - [2026-09-17T16:20:58.520+0000] {dagbag.py:545} INFO - Filling up the DagBag from /opt/airflow/dags/data_staging_dag.py
[2026-09-17T16:20:58.532+0000] {processor.py:840} INFO - DAG(s) 'data_staging_dag' retrieved from /opt/airflow/dags/data_staging_dag.py
[2026-09-17T16:20:58.557+0000] {logging_mixin.py:188} INFO - [2026-09-17T16:20:58.557+0000] {dag.py:3096} INFO - Sync 1 DAGs
[2026-09-17T16:20:58.575+0000] {logging_mixin.py:188} INFO - [2026-09-17T16:20:58.575+0000] {dag.py:3954} INFO - Setting next_dagrun for data_staging_dag to None, run_after=None
[2026-09-17T16:20:58.596+0000] {processor.py:183} INFO - Processing /opt/airflow/dags/data_staging_dag.py took 0.088 seconds
[2026-09-17T16:21:31.524+0000] {processor.py:161} INFO - Started process (PID=235) to work on /opt/airflow/dags/data_staging_dag.py
[2026-09-17T16:21:31.529+0000] {processor.py:830} INFO - Processing file /opt/airflow/dags/data_staging_dag.py for tasks to queue
[2026-09-17T16:21:31.531+0000] {logging_mixin.py:188} INFO - [2026-09-17T16:21:31.530+0000] {dagbag.py:545} INFO - Filling up the DagBag from /opt/airflow/dags/data_staging_dag.py
[2026-09-17T16:21:31.541+0000] {processor.py:840} INFO - DAG(s) 'data_staging_dag' retrieved from /opt/airflow/dags/data_staging_dag.py
[2026-09-17T16:21:31.563+0000] {logging_mixin.py:188} INFO - [2026-09-17T16:21:31.562+0000] {dag.py:3096} INFO - Sync 1 DAGs
[2026-09-17T16:21:31.580+0000] {logging_mixin.py:188} INFO - [2026-09-17T16:21:31.579+0000] {dag.py:3954} INFO - Setting next_dagrun for data_staging_dag to None, run_after=None
[2026-09-17T16:21:31.597+0000] {processor.py:183} INFO - Processing /opt/airflow/dags/data_staging_dag.py took 0.078 seconds
[2026-09-17T16:22:04.654+0000] {processor.py:161} INFO - Started process (PID=249) to work on /opt/airflow/dags/data_staging_dag.py
[2026-09-17T16:22:04.655+0000] {processor.py:830} INFO - Processing file /opt/airflow/dags/data_staging_dag.py for tasks to queue
[2026-09-17T16:22:04.657+0000] {logging_mixin.py:188} INFO - [2026-09-17T16:22:04.656+0000] {dagbag.py:545} INFO - Filling up the DagBag from /opt/airflow/dags/data_staging_dag.py
[2026-09-17T16:22:04.665+0000] {processor.py:840} INFO - DAG(s) 'data_staging_dag' retrieved from /opt/airflow/dags/data_staging_dag.py
[2026-09-17T16:22:04.689+0000] {logging_mixin.py:188} INFO - [2026-09-17T16:22:04.688+0000] {dag.py:3096} INFO - Sync 1 DAGs
[2026-09-17T16:22:04.705+0000] {logging_mixin.py:188} INFO - [2026-09-17T16:22:04.705+0000] {dag.py:3954} INFO - Setting next_dagrun for data_staging_dag to None, run_after=None
[2026-09-17T16:22:04.724+0000] {processor.py:183} INFO - Processing /opt/airflow/dags/data_staging_dag.py took 0.076 seconds
[2026-09-17T16:22:36.552+0000] {processor.py:161} INFO - Started process (PID=251) to work on /opt/airflow/dags/data_staging_dag.py
[2026-09-17T16:22:36.553+0000] {processor.py:830} INFO - Processing file /opt/airflow/dags/data_staging_dag.py for tasks to queue
[2026-09-17T16:22:36.554+0000] {logging_mixin.py:188} INFO - [2026-09-17T16:22:36.554+0000] {dagbag.py:545} INFO - Filling up the DagBag from /opt/airflow/dags/data_staging_dag.py
[2026-09-17T16:22:36.563+0000] {processor.py:840} INFO - DAG(s) 'data_staging_dag' retrieved from /opt/airflow/dags/data_staging_dag.py
[2026-09-17T16:22:36.585+0000] {logging_mixin.py:188} INFO - [2026-09-17T16:22:36.584+0000] {dag.py:3096} INFO - Sync 1 DAGs
[2026-09-17T16:22:36.601+0000] {logging_mixin.py:188} INFO - [2026-09-17T16:22:36.601+0000] {dag.py:3954} INFO - Setting next_dagrun for data_staging_dag to None, run_after=None
[2026-09-17T16:22:36.617+0000] {processor.py:183} INFO - Processing /opt/airflow/dags/data_staging_dag.py took 0.070 seconds
[2026-09-17T16:23:09.449+0000] {processor.py:161} INFO - Started process (PID=260) to work on /opt/airflow/dags/data_staging_dag.py
[2026-09-17T16:23:09.450+0000] {processor.py:830} INFO - Processing file /opt/airflow/dags/data_staging_dag.py for tasks to queue
[2026-09-17T16:23:09.451+0000] {logging_mixin.py:188} INFO - [2026-09-17T16:23:09.451+0000] {dagbag.py:545} INFO - Filling up the DagBag from /opt/airflow/dags/data_staging_dag.py
[2026-09-17T16:23:09.460+0000] {processor.py:840} INFO - DAG(s) 'data_staging_dag' retrieved from /opt/airflow/dags/data_staging_dag.py
[2026-09-17T16:23:09.480+0000] {logging_mixin.py:188} INFO - [2026-09-17T16:23:09.480+0000] {dag.py:3096} INFO - Sync 1 DAGs
[2026-09-17T16:23:09.496+0000] {logging_mixin.py:188} INFO - [2026-09-17T16:23:09.496+0000] {dag.py:3954} INFO - Setting next_dagrun for data_staging_dag to None, run_after=None
[2026-09-17T16:23:09.516+0000] {processor.py:183} INFO - Processing /opt/airflow/dags/data_staging_dag.py took 0.072 seconds
[2026-09-17T16:23:42.658+0000] {processor.py:161} INFO - Started process (PID=272) to work on /opt/airflow/dags/data_staging_dag.py
[2026-09-17T16:23:42.662+0000] {processor.py:830} INFO - Processing file /opt/airflow/dags/data_staging_dag.py for tasks to queue
[2026-09-17T16:23:42.664+0000] {logging_mixin.py:188} INFO - [2026-09-17T16:23:42.664+0000] {dagbag.py:545} INFO - Filling up the DagBag from /opt/airflow/dags/data_staging_dag.py
[2026-09-17T16:23:42.672+0000] {processor.py:840} INFO - DAG(s) 'data_staging_dag' retrieved from /opt/airflow/dags/data_staging_dag.py
[2026-09-17T16:23:42.693+0000] {logging_mixin.py:188} INFO - [2026-09-17T16:23:42.693+0000] {dag.py:3096} INFO - Sync 1 DAGs
[2026-09-17T16:23:42.708+0000] {logging_mixin.py:188} INFO - [2026-09-17T16:23:42.708+0000] {dag.py:3954} INFO - Setting next_dagrun for data_staging_dag to None, run_after=None
[2026-09-17T16:23:42.727+0000] {processor.py:183} INFO - Processing /opt/airflow/dags/data_staging_dag.py took 0.075 seconds
[2026-09-17T16:24:15.807+0000] {processor.py:161} INFO - Started process (PID=286) to work on /opt/airflow/dags/data_staging_dag.py
[2026-09-17T16:24:15.808+0000] {processor.py:830} INFO - Processing file /opt/airflow/dags/data_staging_dag.py for tasks to queue
[2026-09-17T16:24:15.810+0000] {logging_mixin.py:188} INFO - [2026-09-17T16:24:15.810+0000] {dagbag.py:545} INFO - Filling up the DagBag from /opt/airflow/dags/data_staging_dag.py
[2026-09-17T16:24:15.820+0000] {processor.py:840} INFO - DAG(s) 'data_staging_dag' retrieved from /opt/airflow/dags/data_staging_dag.py
[2026-09-17T16:24:15.849+0000] {logging_mixin.py:188} INFO - [2026-09-17T16:24:15.849+0000] {dag.py:3096} INFO - Sync 1 DAGs
[2026-09-17T16:24:15.868+0000] {logging_mixin.py:188} INFO - [2026-09-17T16:24:15.868+0000] {dag.py:3954} INFO - Setting next_dagrun for data_staging_dag to None, run_after=None
[2026-09-17T16:24:15.884+0000] {processor.py:183} INFO - Processing /opt/airflow/dags/data_staging_dag.py took 0.082 seconds
[2026-09-17T16:24:47.645+0000] {processor.py:161} INFO - Started process (PID=288) to work on /opt/airflow/dags/data_staging_dag.py
[2026-09-17T16:24:47.650+0000] {processor.py:830} INFO - Processing file /opt/airflow/dags/data_staging_dag.py for tasks to queue
[2026-09-17T16:24:47.652+0000] {logging_mixin.py:188} INFO - [2026-09-17T16:24:47.651+0000] {dagbag.py:545} INFO - Filling up the DagBag from /opt/airflow/dags/data_staging_dag.py
[2026-09-17T16:24:47.660+0000] {processor.py:840} INFO - DAG(s) 'data_staging_dag' retrieved from /opt/airflow/dags/data_staging_dag.py
[2026-09-17T16:24:47.683+0000] {logging_mixin.py:188} INFO - [2026-09-17T16:24:47.683+0000] {dag.py:3096} INFO - Sync 1 DAGs
[2026-09-17T16:24:47.700+0000] {logging_mixin.py:188} INFO - [2026-09-17T16:24:47.700+0000] {dag.py:3954} INFO - Setting next_dagrun for data_staging_dag to None, run_after=None
[2026-09-17T16:24:47.720+0000] {processor.py:183} INFO - Processing /opt/airflow/dags/data_staging_dag.py took 0.080 seconds
[2026-09-17T16:25:20.572+0000] {processor.py:161} INFO - Started process (PID=296) to work on /opt/airflow/dags/data_staging_dag.py
[2026-09-17T16:25:20.573+0000] {processor.py:830} INFO - Processing file /opt/airflow/dags/data_staging_dag.py for tasks to queue
[2026-09-17T16:25:20.574+0000] {logging_mixin.py:188} INFO - [2026-09-17T16:25:20.574+0000] {dagbag.py:545} INFO - Filling up the DagBag from /opt/airflow/dags/data_staging_dag.py
[2026-09-17T16:25:20.583+0000] {processor.py:840} INFO - DAG(s) 'data_staging_dag' retrieved from /opt/airflow/dags/data_staging_dag.py
[2026-09-17T16:25:20.604+0000] {logging_mixin.py:188} INFO - [2026-09-17T16:25:20.604+0000] {dag.py:3096} INFO - Sync 1 DAGs
[2026-09-17T16:25:20.620+0000] {logging_mixin.py:188} INFO - [2026-09-17T16:25:20.620+0000] {dag.py:3954} INFO - Setting next_dagrun for data_staging_dag to None, run_after=None
[2026-09-17T16:25:20.640+0000] {processor.py:183} INFO - Processing /opt/airflow/dags/data_staging_dag.py took 0.074 seconds
[2026-09-17T16:25:53.612+0000] {processor.py:161} INFO - Started process (PID=304) to work on /opt/airflow/dags/data_staging_dag.py
[2026-09-17T16:25:53.617+0000] {processor.py:830} INFO - Processing file /opt/airflow/dags/data_staging_dag.py for tasks to queue
[2026-09-17T16:25:53.618+0000] {logging_mixin.py:188} INFO - [2026-09-17T16:25:53.618+0000] {dagbag.py:545} INFO - Filling up the DagBag from /opt/airflow/dags/data_staging_dag.py
[2026-09-17T16:25:53.627+0000] {processor.py:840} INFO - DAG(s) 'data_staging_dag' retrieved from /opt/airflow/dags/data_staging_dag.py
[2026-09-17T16:25:53.647+0000] {logging_mixin.py:188} INFO - [2026-09-17T16:25:53.647+0000] {dag.py:3096} INFO - Sync 1 DAGs
[2026-09-17T16:25:53.663+0000] {logging_mixin.py:188} INFO - [2026-09-17T16:25:53.663+0000] {dag.py:3954} INFO - Setting next_dagrun for data_staging_dag to None, run_after=None
[2026-09-17T16:25:53.684+0000] {processor.py:183} INFO - Processing /opt/airflow/dags/data_staging_dag.py took 0.077 seconds
[2026-09-17T16:26:26.753+0000] {processor.py:161} INFO - Started process (PID=312) to work on /opt/airflow/dags/data_staging_dag.py
[2026-09-17T16:26:26.754+0000] {processor.py:830} INFO - Processing file /opt/airflow/dags/data_staging_dag.py for tasks to queue
[2026-09-17T16:26:26.755+0000] {logging_mixin.py:188} INFO - [2026-09-17T16:26:26.755+0000] {dagbag.py:545} INFO - Filling up the DagBag from /opt/airflow/dags/data_staging_dag.py
[2026-09-17T16:26:26.763+0000] {processor.py:840} INFO - DAG(s) 'data_staging_dag' retrieved from /opt/airflow/dags/data_staging_dag.py
[2026-09-17T16:26:26.785+0000] {logging_mixin.py:188} INFO - [2026-09-17T16:26:26.785+0000] {dag.py:3096} INFO - Sync 1 DAGs
[2026-09-17T16:26:26.801+0000] {logging_mixin.py:188} INFO - [2026-09-17T16:26:26.801+0000] {dag.py:3954} INFO - Setting next_dagrun for data_staging_dag to None, run_after=None
[2026-09-17T16:26:26.821+0000] {processor.py:183} INFO - Processing /opt/airflow/dags/data_staging_dag.py took 0.074 seconds
[2026-09-17T16:26:58.601+0000] {processor.py:161} INFO - Started process (PID=320) to work on /opt/airflow/dags/data_staging_dag.py
[2026-09-17T16:26:58.603+0000] {processor.py:830} INFO - Processing file /opt/airflow/dags/data_staging_dag.py for tasks to queue
[2026-09-17T16:26:58.605+0000] {logging_mixin.py:188} INFO - [2026-09-17T16:26:58.604+0000] {dagbag.py:545} INFO - Filling up the DagBag from /opt/airflow/dags/data_staging_dag.py
[2026-09-17T16:26:58.613+0000] {processor.py:840} INFO - DAG(s) 'data_staging_dag' retrieved from /opt/airflow/dags/data_staging_dag.py
[2026-09-17T16:26:58.635+0000] {logging_mixin.py:188} INFO - [2026-09-17T16:26:58.635+0000] {dag.py:3096} INFO - Sync 1 DAGs
[2026-09-17T16:26:58.651+0000] {logging_mixin.py:188} INFO - [2026-09-17T16:26:58.651+0000] {dag.py:3954} INFO - Setting next_dagrun for data_staging_dag to None, run_after=None
[2026-09-17T16:26:58.670+0000] {processor.py:183} INFO - Processing /opt/airflow/dags/data_staging_dag.py took 0.074 seconds
[2026-09-17T16:27:31.607+0000] {processor.py:161} INFO - Started process (PID=328) to work on /opt/airflow/dags/data_staging_dag.py
[2026-09-17T16:27:31.608+0000] {processor.py:830} INFO - Processing file /opt/airflow/dags/data_staging_dag.py for tasks to queue
[2026-09-17T16:27:31.610+0000] {logging_mixin.py:188} INFO - [2026-09-17T16:27:31.610+0000] {dagbag.py:545} INFO - Filling up the DagBag from /opt/airflow/dags/data_staging_dag.py
[2026-09-17T16:27:31.622+0000] {processor.py:840} INFO - DAG(s) 'data_staging_dag' retrieved from /opt/airflow/dags/data_staging_dag.py
[2026-09-17T16:27:31.653+0000] {logging_mixin.py:188} INFO - [2026-09-17T16:27:31.653+0000] {dag.py:3096} INFO - Sync 1 DAGs
[2026-09-17T16:27:31.672+0000] {logging_mixin.py:188} INFO - [2026-09-17T16:27:31.671+0000] {dag.py:3954} INFO - Setting next_dagrun for data_staging_dag to None, run_after=None
[2026-09-17T16:27:31.694+0000] {processor.py:183} INFO - Processing /opt/airflow/dags/data_staging_dag.py took 0.097 seconds
[2026-09-17T16:28:04.662+0000] {processor.py:161} INFO - Started process (PID=336) to work on /opt/airflow/dags/data_staging_dag.py
[2026-09-17T16:28:04.667+0000] {processor.py:830} INFO - Processing file /opt/airflow/dags/data_staging_dag.py for tasks to queue
[2026-09-17T16:28:04.669+0000] {logging_mixin.py:188} INFO - [2026-09-17T16:28:04.669+0000] {dagbag.py:545} INFO - Filling up the DagBag from /opt/airflow/dags/data_staging_dag.py
[2026-09-17T16:28:04.679+0000] {processor.py:840} INFO - DAG(s) 'data_staging_dag' retrieved from /opt/airflow/dags/data_staging_dag.py
[2026-09-17T16:28:04.706+0000] {logging_mixin.py:188} INFO - [2026-09-17T16:28:04.706+0000] {dag.py:3096} INFO - Sync 1 DAGs
[2026-09-17T16:28:04.730+0000] {logging_mixin.py:188} INFO - [2026-09-17T16:28:04.729+0000] {dag.py:3954} INFO - Setting next_dagrun for data_staging_dag to None, run_after=None
[2026-09-17T16:28:04.757+0000] {processor.py:183} INFO - Processing /opt/airflow/dags/data_staging_dag.py took 0.102 seconds
[2026-09-17T17:25:44.172+0000] {processor.py:161} INFO - Started process (PID=345) to work on /opt/airflow/dags/data_staging_dag.py
[2026-09-17T17:25:44.180+0000] {processor.py:830} INFO - Processing file /opt/airflow/dags/data_staging_dag.py for tasks to queue
[2026-09-17T17:25:44.198+0000] {logging_mixin.py:188} INFO - [2026-09-17T17:25:44.187+0000] {dagbag.py:545} INFO - Filling up the DagBag from /opt/airflow/dags/data_staging_dag.py
[2026-09-17T17:25:44.262+0000] {processor.py:840} INFO - DAG(s) 'data_staging_dag' retrieved from /opt/airflow/dags/data_staging_dag.py
[2026-09-17T17:25:44.556+0000] {logging_mixin.py:188} INFO - [2026-09-17T17:25:44.546+0000] {dag.py:3096} INFO - Sync 1 DAGs
[2026-09-17T17:25:44.698+0000] {logging_mixin.py:188} INFO - [2026-09-17T17:25:44.697+0000] {dag.py:3954} INFO - Setting next_dagrun for data_staging_dag to None, run_after=None
[2026-09-17T17:25:44.832+0000] {processor.py:183} INFO - Processing /opt/airflow/dags/data_staging_dag.py took 0.685 seconds
[2026-09-17T20:51:30.947+0000] {processor.py:161} INFO - Started process (PID=347) to work on /opt/airflow/dags/data_staging_dag.py
[2026-09-17T20:51:30.948+0000] {processor.py:830} INFO - Processing file /opt/airflow/dags/data_staging_dag.py for tasks to queue
[2026-09-17T20:51:30.950+0000] {logging_mixin.py:188} INFO - [2026-09-17T20:51:30.949+0000] {dagbag.py:545} INFO - Filling up the DagBag from /opt/airflow/dags/data_staging_dag.py
[2026-09-17T20:51:30.968+0000] {processor.py:840} INFO - DAG(s) 'data_staging_dag' retrieved from /opt/airflow/dags/data_staging_dag.py
[2026-09-17T20:51:31.609+0000] {logging_mixin.py:188} INFO - [2026-09-17T20:51:31.608+0000] {dag.py:3096} INFO - Sync 1 DAGs
[2026-09-17T20:51:31.697+0000] {logging_mixin.py:188} INFO - [2026-09-17T20:51:31.696+0000] {dag.py:3954} INFO - Setting next_dagrun for data_staging_dag to None, run_after=None
[2026-09-17T20:51:31.803+0000] {processor.py:183} INFO - Processing /opt/airflow/dags/data_staging_dag.py took 0.677 seconds
[2026-09-17T20:52:02.267+0000] {processor.py:161} INFO - Started process (PID=354) to work on /opt/airflow/dags/data_staging_dag.py
[2026-09-17T20:52:02.270+0000] {processor.py:830} INFO - Processing file /opt/airflow/dags/data_staging_dag.py for tasks to queue
[2026-09-17T20:52:02.272+0000] {logging_mixin.py:188} INFO - [2026-09-17T20:52:02.271+0000] {dagbag.py:545} INFO - Filling up the DagBag from /opt/airflow/dags/data_staging_dag.py
[2026-09-17T20:52:02.312+0000] {processor.py:840} INFO - DAG(s) 'data_staging_dag' retrieved from /opt/airflow/dags/data_staging_dag.py
[2026-09-17T20:52:02.383+0000] {logging_mixin.py:188} INFO - [2026-09-17T20:52:02.383+0000] {dag.py:3096} INFO - Sync 1 DAGs
[2026-09-17T20:52:02.455+0000] {logging_mixin.py:188} INFO - [2026-09-17T20:52:02.455+0000] {dag.py:3954} INFO - Setting next_dagrun for data_staging_dag to None, run_after=None
[2026-09-17T20:52:02.490+0000] {processor.py:183} INFO - Processing /opt/airflow/dags/data_staging_dag.py took 0.245 seconds
[2026-09-17T20:52:32.927+0000] {processor.py:161} INFO - Started process (PID=362) to work on /opt/airflow/dags/data_staging_dag.py
[2026-09-17T20:52:32.929+0000] {processor.py:830} INFO - Processing file /opt/airflow/dags/data_staging_dag.py for tasks to queue
[2026-09-17T20:52:32.930+0000] {logging_mixin.py:188} INFO - [2026-09-17T20:52:32.930+0000] {dagbag.py:545} INFO - Filling up the DagBag from /opt/airflow/dags/data_staging_dag.py
[2026-09-17T20:52:32.946+0000] {processor.py:840} INFO - DAG(s) 'data_staging_dag' retrieved from /opt/airflow/dags/data_staging_dag.py
[2026-09-17T20:52:32.990+0000] {logging_mixin.py:188} INFO - [2026-09-17T20:52:32.990+0000] {dag.py:3096} INFO - Sync 1 DAGs
[2026-09-17T20:52:33.021+0000] {logging_mixin.py:188} INFO - [2026-09-17T20:52:33.021+0000] {dag.py:3954} INFO - Setting next_dagrun for data_staging_dag to None, run_after=None
[2026-09-17T20:52:33.046+0000] {processor.py:183} INFO - Processing /opt/airflow/dags/data_staging_dag.py took 0.127 seconds
[2026-09-17T20:53:03.083+0000] {processor.py:161} INFO - Started process (PID=370) to work on /opt/airflow/dags/data_staging_dag.py
[2026-09-17T20:53:03.084+0000] {processor.py:830} INFO - Processing file /opt/airflow/dags/data_staging_dag.py for tasks to queue
[2026-09-17T20:53:03.085+0000] {logging_mixin.py:188} INFO - [2026-09-17T20:53:03.085+0000] {dagbag.py:545} INFO - Filling up the DagBag from /opt/airflow/dags/data_staging_dag.py
[2026-09-17T20:53:03.106+0000] {processor.py:840} INFO - DAG(s) 'data_staging_dag' retrieved from /opt/airflow/dags/data_staging_dag.py
[2026-09-17T20:53:03.145+0000] {logging_mixin.py:188} INFO - [2026-09-17T20:53:03.145+0000] {dag.py:3096} INFO - Sync 1 DAGs
[2026-09-17T20:53:03.173+0000] {logging_mixin.py:188} INFO - [2026-09-17T20:53:03.173+0000] {dag.py:3954} INFO - Setting next_dagrun for data_staging_dag to None, run_after=None
[2026-09-17T20:53:03.198+0000] {processor.py:183} INFO - Processing /opt/airflow/dags/data_staging_dag.py took 0.124 seconds
[2026-09-17T20:53:33.336+0000] {processor.py:161} INFO - Started process (PID=378) to work on /opt/airflow/dags/data_staging_dag.py
[2026-09-17T20:53:33.341+0000] {processor.py:830} INFO - Processing file /opt/airflow/dags/data_staging_dag.py for tasks to queue
[2026-09-17T20:53:33.343+0000] {logging_mixin.py:188} INFO - [2026-09-17T20:53:33.342+0000] {dagbag.py:545} INFO - Filling up the DagBag from /opt/airflow/dags/data_staging_dag.py
[2026-09-17T20:53:33.357+0000] {processor.py:840} INFO - DAG(s) 'data_staging_dag' retrieved from /opt/airflow/dags/data_staging_dag.py
[2026-09-17T20:53:33.390+0000] {logging_mixin.py:188} INFO - [2026-09-17T20:53:33.389+0000] {dag.py:3096} INFO - Sync 1 DAGs
[2026-09-17T20:53:33.408+0000] {logging_mixin.py:188} INFO - [2026-09-17T20:53:33.408+0000] {dag.py:3954} INFO - Setting next_dagrun for data_staging_dag to None, run_after=None
[2026-09-17T20:53:33.434+0000] {processor.py:183} INFO - Processing /opt/airflow/dags/data_staging_dag.py took 0.106 seconds
[2026-09-17T20:54:03.812+0000] {processor.py:161} INFO - Started process (PID=386) to work on /opt/airflow/dags/data_staging_dag.py
[2026-09-17T20:54:03.813+0000] {processor.py:830} INFO - Processing file /opt/airflow/dags/data_staging_dag.py for tasks to queue
[2026-09-17T20:54:03.814+0000] {logging_mixin.py:188} INFO - [2026-09-17T20:54:03.814+0000] {dagbag.py:545} INFO - Filling up the DagBag from /opt/airflow/dags/data_staging_dag.py
[2026-09-17T20:54:03.827+0000] {processor.py:840} INFO - DAG(s) 'data_staging_dag' retrieved from /opt/airflow/dags/data_staging_dag.py
[2026-09-17T20:54:03.858+0000] {logging_mixin.py:188} INFO - [2026-09-17T20:54:03.858+0000] {dag.py:3096} INFO - Sync 1 DAGs
[2026-09-17T20:54:03.882+0000] {logging_mixin.py:188} INFO - [2026-09-17T20:54:03.882+0000] {dag.py:3954} INFO - Setting next_dagrun for data_staging_dag to None, run_after=None
[2026-09-17T20:54:03.908+0000] {processor.py:183} INFO - Processing /opt/airflow/dags/data_staging_dag.py took 0.103 seconds
[2026-09-17T20:54:34.301+0000] {processor.py:161} INFO - Started process (PID=394) to work on /opt/airflow/dags/data_staging_dag.py
[2026-09-17T20:54:34.306+0000] {processor.py:830} INFO - Processing file /opt/airflow/dags/data_staging_dag.py for tasks to queue
[2026-09-17T20:54:34.307+0000] {logging_mixin.py:188} INFO - [2026-09-17T20:54:34.307+0000] {dagbag.py:545} INFO - Filling up the DagBag from /opt/airflow/dags/data_staging_dag.py
[2026-09-17T20:54:34.320+0000] {processor.py:840} INFO - DAG(s) 'data_staging_dag' retrieved from /opt/airflow/dags/data_staging_dag.py
[2026-09-17T20:54:34.349+0000] {logging_mixin.py:188} INFO - [2026-09-17T20:54:34.349+0000] {dag.py:3096} INFO - Sync 1 DAGs
[2026-09-17T20:54:34.379+0000] {logging_mixin.py:188} INFO - [2026-09-17T20:54:34.379+0000] {dag.py:3954} INFO - Setting next_dagrun for data_staging_dag to None, run_after=None
[2026-09-17T20:54:34.413+0000] {processor.py:183} INFO - Processing /opt/airflow/dags/data_staging_dag.py took 0.121 seconds
[2026-09-17T20:55:04.544+0000] {processor.py:161} INFO - Started process (PID=402) to work on /opt/airflow/dags/data_staging_dag.py
[2026-09-17T20:55:04.545+0000] {processor.py:830} INFO - Processing file /opt/airflow/dags/data_staging_dag.py for tasks to queue
[2026-09-17T20:55:04.546+0000] {logging_mixin.py:188} INFO - [2026-09-17T20:55:04.545+0000] {dagbag.py:545} INFO - Filling up the DagBag from /opt/airflow/dags/data_staging_dag.py
[2026-09-17T20:55:04.556+0000] {processor.py:840} INFO - DAG(s) 'data_staging_dag' retrieved from /opt/airflow/dags/data_staging_dag.py
[2026-09-17T20:55:04.586+0000] {logging_mixin.py:188} INFO - [2026-09-17T20:55:04.586+0000] {dag.py:3096} INFO - Sync 1 DAGs
[2026-09-17T20:55:04.610+0000] {logging_mixin.py:188} INFO - [2026-09-17T20:55:04.610+0000] {dag.py:3954} INFO - Setting next_dagrun for data_staging_dag to None, run_after=None
[2026-09-17T20:55:04.636+0000] {processor.py:183} INFO - Processing /opt/airflow/dags/data_staging_dag.py took 0.099 seconds
[2026-09-17T20:55:34.992+0000] {processor.py:161} INFO - Started process (PID=410) to work on /opt/airflow/dags/data_staging_dag.py
[2026-09-17T20:55:34.998+0000] {processor.py:830} INFO - Processing file /opt/airflow/dags/data_staging_dag.py for tasks to queue
[2026-09-17T20:55:34.999+0000] {logging_mixin.py:188} INFO - [2026-09-17T20:55:34.998+0000] {dagbag.py:545} INFO - Filling up the DagBag from /opt/airflow/dags/data_staging_dag.py
[2026-09-17T20:55:35.011+0000] {processor.py:840} INFO - DAG(s) 'data_staging_dag' retrieved from /opt/airflow/dags/data_staging_dag.py
[2026-09-17T20:55:35.049+0000] {logging_mixin.py:188} INFO - [2026-09-17T20:55:35.049+0000] {dag.py:3096} INFO - Sync 1 DAGs
[2026-09-17T20:55:35.080+0000] {logging_mixin.py:188} INFO - [2026-09-17T20:55:35.079+0000] {dag.py:3954} INFO - Setting next_dagrun for data_staging_dag to None, run_after=None
[2026-09-17T20:55:35.111+0000] {processor.py:183} INFO - Processing /opt/airflow/dags/data_staging_dag.py took 0.126 seconds
[2026-09-17T20:56:05.889+0000] {processor.py:161} INFO - Started process (PID=426) to work on /opt/airflow/dags/data_staging_dag.py
[2026-09-17T20:56:05.891+0000] {processor.py:830} INFO - Processing file /opt/airflow/dags/data_staging_dag.py for tasks to queue
[2026-09-17T20:56:05.892+0000] {logging_mixin.py:188} INFO - [2026-09-17T20:56:05.891+0000] {dagbag.py:545} INFO - Filling up the DagBag from /opt/airflow/dags/data_staging_dag.py
[2026-09-17T20:56:05.902+0000] {processor.py:840} INFO - DAG(s) 'data_staging_dag' retrieved from /opt/airflow/dags/data_staging_dag.py
[2026-09-17T20:56:05.939+0000] {logging_mixin.py:188} INFO - [2026-09-17T20:56:05.938+0000] {dag.py:3096} INFO - Sync 1 DAGs
[2026-09-17T20:56:05.970+0000] {logging_mixin.py:188} INFO - [2026-09-17T20:56:05.970+0000] {dag.py:3954} INFO - Setting next_dagrun for data_staging_dag to None, run_after=None
[2026-09-17T20:56:06.007+0000] {processor.py:183} INFO - Processing /opt/airflow/dags/data_staging_dag.py took 0.125 seconds
[2026-09-17T20:56:36.477+0000] {processor.py:161} INFO - Started process (PID=435) to work on /opt/airflow/dags/data_staging_dag.py
[2026-09-17T20:56:36.483+0000] {processor.py:830} INFO - Processing file /opt/airflow/dags/data_staging_dag.py for tasks to queue
[2026-09-17T20:56:36.485+0000] {logging_mixin.py:188} INFO - [2026-09-17T20:56:36.485+0000] {dagbag.py:545} INFO - Filling up the DagBag from /opt/airflow/dags/data_staging_dag.py
[2026-09-17T20:56:36.505+0000] {processor.py:840} INFO - DAG(s) 'data_staging_dag' retrieved from /opt/airflow/dags/data_staging_dag.py
[2026-09-17T20:56:36.546+0000] {logging_mixin.py:188} INFO - [2026-09-17T20:56:36.546+0000] {dag.py:3096} INFO - Sync 1 DAGs
[2026-09-17T20:56:36.575+0000] {logging_mixin.py:188} INFO - [2026-09-17T20:56:36.575+0000] {dag.py:3954} INFO - Setting next_dagrun for data_staging_dag to None, run_after=None
[2026-09-17T20:56:36.605+0000] {processor.py:183} INFO - Processing /opt/airflow/dags/data_staging_dag.py took 0.140 seconds
[2026-09-17T20:57:06.909+0000] {processor.py:161} INFO - Started process (PID=443) to work on /opt/airflow/dags/data_staging_dag.py
[2026-09-17T20:57:06.910+0000] {processor.py:830} INFO - Processing file /opt/airflow/dags/data_staging_dag.py for tasks to queue
[2026-09-17T20:57:06.912+0000] {logging_mixin.py:188} INFO - [2026-09-17T20:57:06.911+0000] {dagbag.py:545} INFO - Filling up the DagBag from /opt/airflow/dags/data_staging_dag.py
[2026-09-17T20:57:06.928+0000] {processor.py:840} INFO - DAG(s) 'data_staging_dag' retrieved from /opt/airflow/dags/data_staging_dag.py
[2026-09-17T20:57:06.981+0000] {logging_mixin.py:188} INFO - [2026-09-17T20:57:06.980+0000] {dag.py:3096} INFO - Sync 1 DAGs
[2026-09-17T20:57:07.023+0000] {logging_mixin.py:188} INFO - [2026-09-17T20:57:07.023+0000] {dag.py:3954} INFO - Setting next_dagrun for data_staging_dag to None, run_after=None
[2026-09-17T20:57:07.064+0000] {processor.py:183} INFO - Processing /opt/airflow/dags/data_staging_dag.py took 0.165 seconds
[2026-09-17T20:57:37.297+0000] {processor.py:161} INFO - Started process (PID=451) to work on /opt/airflow/dags/data_staging_dag.py
[2026-09-17T20:57:37.299+0000] {processor.py:830} INFO - Processing file /opt/airflow/dags/data_staging_dag.py for tasks to queue
[2026-09-17T20:57:37.300+0000] {logging_mixin.py:188} INFO - [2026-09-17T20:57:37.299+0000] {dagbag.py:545} INFO - Filling up the DagBag from /opt/airflow/dags/data_staging_dag.py
[2026-09-17T20:57:37.313+0000] {processor.py:840} INFO - DAG(s) 'data_staging_dag' retrieved from /opt/airflow/dags/data_staging_dag.py
[2026-09-17T20:57:37.346+0000] {logging_mixin.py:188} INFO - [2026-09-17T20:57:37.345+0000] {dag.py:3096} INFO - Sync 1 DAGs
[2026-09-17T20:57:37.372+0000] {logging_mixin.py:188} INFO - [2026-09-17T20:57:37.372+0000] {dag.py:3954} INFO - Setting next_dagrun for data_staging_dag to None, run_after=None
[2026-09-17T20:57:37.403+0000] {processor.py:183} INFO - Processing /opt/airflow/dags/data_staging_dag.py took 0.115 seconds
[2026-09-17T20:57:56.580+0000] {processor.py:161} INFO - Started process (PID=453) to work on /opt/airflow/dags/data_staging_dag.py
[2026-09-17T20:57:56.583+0000] {processor.py:830} INFO - Processing file /opt/airflow/dags/data_staging_dag.py for tasks to queue
[2026-09-17T20:57:56.585+0000] {logging_mixin.py:188} INFO - [2026-09-17T20:57:56.584+0000] {dagbag.py:545} INFO - Filling up the DagBag from /opt/airflow/dags/data_staging_dag.py
[2026-09-17T20:57:56.594+0000] {logging_mixin.py:188} INFO - [2026-09-17T20:57:56.592+0000] {dagbag.py:355} ERROR - Failed to import: /opt/airflow/dags/data_staging_dag.py
Traceback (most recent call last):
  File "/home/airflow/.local/lib/python3.10/site-packages/airflow/models/dagbag.py", line 351, in parse
    loader.exec_module(new_module)
  File "<frozen importlib._bootstrap_external>", line 879, in exec_module
  File "<frozen importlib._bootstrap_external>", line 1017, in get_code
  File "<frozen importlib._bootstrap_external>", line 947, in source_to_code
  File "<frozen importlib._bootstrap>", line 241, in _call_with_frames_removed
  File "/opt/airflow/dags/data_staging_dag.py", line 17
    def
    ^^^
IndentationError: expected an indented block after 'with' statement on line 14
[2026-09-17T20:57:56.595+0000] {processor.py:842} WARNING - No viable dags retrieved from /opt/airflow/dags/data_staging_dag.py
[2026-09-17T20:57:56.645+0000] {processor.py:183} INFO - Processing /opt/airflow/dags/data_staging_dag.py took 0.089 seconds
[2026-09-17T20:57:57.651+0000] {processor.py:161} INFO - Started process (PID=454) to work on /opt/airflow/dags/data_staging_dag.py
[2026-09-17T20:57:57.653+0000] {processor.py:830} INFO - Processing file /opt/airflow/dags/data_staging_dag.py for tasks to queue
[2026-09-17T20:57:57.654+0000] {logging_mixin.py:188} INFO - [2026-09-17T20:57:57.654+0000] {dagbag.py:545} INFO - Filling up the DagBag from /opt/airflow/dags/data_staging_dag.py
[2026-09-17T20:57:57.659+0000] {logging_mixin.py:188} INFO - [2026-09-17T20:57:57.658+0000] {dagbag.py:355} ERROR - Failed to import: /opt/airflow/dags/data_staging_dag.py
Traceback (most recent call last):
  File "/home/airflow/.local/lib/python3.10/site-packages/airflow/models/dagbag.py", line 351, in parse
    loader.exec_module(new_module)
  File "<frozen importlib._bootstrap_external>", line 879, in exec_module
  File "<frozen importlib._bootstrap_external>", line 1017, in get_code
  File "<frozen importlib._bootstrap_external>", line 947, in source_to_code
  File "<frozen importlib._bootstrap>", line 241, in _call_with_frames_removed
  File "/opt/airflow/dags/data_staging_dag.py", line 17
    def 
    ^^^
IndentationError: expected an indented block after 'with' statement on line 14
[2026-09-17T20:57:57.659+0000] {processor.py:842} WARNING - No viable dags retrieved from /opt/airflow/dags/data_staging_dag.py
[2026-09-17T20:57:57.692+0000] {processor.py:183} INFO - Processing /opt/airflow/dags/data_staging_dag.py took 0.053 seconds
[2026-09-17T20:58:05.811+0000] {processor.py:161} INFO - Started process (PID=461) to work on /opt/airflow/dags/data_staging_dag.py
[2026-09-17T20:58:05.813+0000] {processor.py:830} INFO - Processing file /opt/airflow/dags/data_staging_dag.py for tasks to queue
[2026-09-17T20:58:05.814+0000] {logging_mixin.py:188} INFO - [2026-09-17T20:58:05.813+0000] {dagbag.py:545} INFO - Filling up the DagBag from /opt/airflow/dags/data_staging_dag.py
[2026-09-17T20:58:05.818+0000] {logging_mixin.py:188} INFO - [2026-09-17T20:58:05.817+0000] {dagbag.py:355} ERROR - Failed to import: /opt/airflow/dags/data_staging_dag.py
Traceback (most recent call last):
  File "/home/airflow/.local/lib/python3.10/site-packages/airflow/models/dagbag.py", line 351, in parse
    loader.exec_module(new_module)
  File "<frozen importlib._bootstrap_external>", line 879, in exec_module
  File "<frozen importlib._bootstrap_external>", line 1017, in get_code
  File "<frozen importlib._bootstrap_external>", line 947, in source_to_code
  File "<frozen importlib._bootstrap>", line 241, in _call_with_frames_removed
  File "/opt/airflow/dags/data_staging_dag.py", line 17
    def data_staging_dag
    ^^^
IndentationError: expected an indented block after 'with' statement on line 14
[2026-09-17T20:58:05.818+0000] {processor.py:842} WARNING - No viable dags retrieved from /opt/airflow/dags/data_staging_dag.py
[2026-09-17T20:58:05.854+0000] {processor.py:183} INFO - Processing /opt/airflow/dags/data_staging_dag.py took 0.057 seconds
[2026-09-17T20:58:08.833+0000] {processor.py:161} INFO - Started process (PID=462) to work on /opt/airflow/dags/data_staging_dag.py
[2026-09-17T20:58:08.834+0000] {processor.py:830} INFO - Processing file /opt/airflow/dags/data_staging_dag.py for tasks to queue
[2026-09-17T20:58:08.835+0000] {logging_mixin.py:188} INFO - [2026-09-17T20:58:08.834+0000] {dagbag.py:545} INFO - Filling up the DagBag from /opt/airflow/dags/data_staging_dag.py
[2026-09-17T20:58:08.838+0000] {logging_mixin.py:188} INFO - [2026-09-17T20:58:08.837+0000] {dagbag.py:355} ERROR - Failed to import: /opt/airflow/dags/data_staging_dag.py
Traceback (most recent call last):
  File "/home/airflow/.local/lib/python3.10/site-packages/airflow/models/dagbag.py", line 351, in parse
    loader.exec_module(new_module)
  File "<frozen importlib._bootstrap_external>", line 879, in exec_module
  File "<frozen importlib._bootstrap_external>", line 1017, in get_code
  File "<frozen importlib._bootstrap_external>", line 947, in source_to_code
  File "<frozen importlib._bootstrap>", line 241, in _call_with_frames_removed
  File "/opt/airflow/dags/data_staging_dag.py", line 17
    def data_staging_dag():
    ^^^
IndentationError: expected an indented block after 'with' statement on line 14
[2026-09-17T20:58:08.838+0000] {processor.py:842} WARNING - No viable dags retrieved from /opt/airflow/dags/data_staging_dag.py
[2026-09-17T20:58:08.867+0000] {processor.py:183} INFO - Processing /opt/airflow/dags/data_staging_dag.py took 0.045 seconds
[2026-09-17T20:58:13.867+0000] {processor.py:161} INFO - Started process (PID=463) to work on /opt/airflow/dags/data_staging_dag.py
[2026-09-17T20:58:13.873+0000] {processor.py:830} INFO - Processing file /opt/airflow/dags/data_staging_dag.py for tasks to queue
[2026-09-17T20:58:13.875+0000] {logging_mixin.py:188} INFO - [2026-09-17T20:58:13.874+0000] {dagbag.py:545} INFO - Filling up the DagBag from /opt/airflow/dags/data_staging_dag.py
[2026-09-17T20:58:13.880+0000] {logging_mixin.py:188} INFO - [2026-09-17T20:58:13.879+0000] {dagbag.py:355} ERROR - Failed to import: /opt/airflow/dags/data_staging_dag.py
Traceback (most recent call last):
  File "/home/airflow/.local/lib/python3.10/site-packages/airflow/models/dagbag.py", line 351, in parse
    loader.exec_module(new_module)
  File "<frozen importlib._bootstrap_external>", line 879, in exec_module
  File "<frozen importlib._bootstrap_external>", line 1017, in get_code
  File "<frozen importlib._bootstrap_external>", line 947, in source_to_code
  File "<frozen importlib._bootstrap>", line 241, in _call_with_frames_removed
  File "/opt/airflow/dags/data_staging_dag.py", line 15
    dag_id="data_staging_dag",
    ^^^^^^^^^^^^^^^^^^^^^^^^^
SyntaxError: invalid syntax. Maybe you meant '==' or ':=' instead of '='?
[2026-09-17T20:58:13.881+0000] {processor.py:842} WARNING - No viable dags retrieved from /opt/airflow/dags/data_staging_dag.py
[2026-09-17T20:58:13.917+0000] {processor.py:183} INFO - Processing /opt/airflow/dags/data_staging_dag.py took 0.059 seconds
[2026-09-17T20:58:16.972+0000] {processor.py:161} INFO - Started process (PID=465) to work on /opt/airflow/dags/data_staging_dag.py
[2026-09-17T20:58:16.973+0000] {processor.py:830} INFO - Processing file /opt/airflow/dags/data_staging_dag.py for tasks to queue
[2026-09-17T20:58:16.975+0000] {logging_mixin.py:188} INFO - [2026-09-17T20:58:16.974+0000] {dagbag.py:545} INFO - Filling up the DagBag from /opt/airflow/dags/data_staging_dag.py
[2026-09-17T20:58:16.981+0000] {logging_mixin.py:188} INFO - [2026-09-17T20:58:16.978+0000] {dagbag.py:355} ERROR - Failed to import: /opt/airflow/dags/data_staging_dag.py
Traceback (most recent call last):
  File "/home/airflow/.local/lib/python3.10/site-packages/airflow/models/dagbag.py", line 351, in parse
    loader.exec_module(new_module)
  File "<frozen importlib._bootstrap_external>", line 879, in exec_module
  File "<frozen importlib._bootstrap_external>", line 1017, in get_code
  File "<frozen importlib._bootstrap_external>", line 947, in source_to_code
  File "<frozen importlib._bootstrap>", line 241, in _call_with_frames_removed
  File "/opt/airflow/dags/data_staging_dag.py", line 16
    ) as dag:
      ^^
SyntaxError: invalid syntax
[2026-09-17T20:58:16.981+0000] {processor.py:842} WARNING - No viable dags retrieved from /opt/airflow/dags/data_staging_dag.py
[2026-09-17T20:58:17.015+0000] {processor.py:183} INFO - Processing /opt/airflow/dags/data_staging_dag.py took 0.054 seconds
[2026-09-17T20:58:20.052+0000] {processor.py:161} INFO - Started process (PID=466) to work on /opt/airflow/dags/data_staging_dag.py
[2026-09-17T20:58:20.053+0000] {processor.py:830} INFO - Processing file /opt/airflow/dags/data_staging_dag.py for tasks to queue
[2026-09-17T20:58:20.054+0000] {logging_mixin.py:188} INFO - [2026-09-17T20:58:20.054+0000] {dagbag.py:545} INFO - Filling up the DagBag from /opt/airflow/dags/data_staging_dag.py
[2026-09-17T20:58:20.059+0000] {processor.py:842} WARNING - No viable dags retrieved from /opt/airflow/dags/data_staging_dag.py
[2026-09-17T20:58:20.083+0000] {processor.py:183} INFO - Processing /opt/airflow/dags/data_staging_dag.py took 0.041 seconds
[2026-09-17T20:58:50.415+0000] {processor.py:161} INFO - Started process (PID=474) to work on /opt/airflow/dags/data_staging_dag.py
[2026-09-17T20:58:50.417+0000] {processor.py:830} INFO - Processing file /opt/airflow/dags/data_staging_dag.py for tasks to queue
[2026-09-17T20:58:50.418+0000] {logging_mixin.py:188} INFO - [2026-09-17T20:58:50.417+0000] {dagbag.py:545} INFO - Filling up the DagBag from /opt/airflow/dags/data_staging_dag.py
[2026-09-17T20:58:50.422+0000] {processor.py:842} WARNING - No viable dags retrieved from /opt/airflow/dags/data_staging_dag.py
[2026-09-17T20:58:50.445+0000] {processor.py:183} INFO - Processing /opt/airflow/dags/data_staging_dag.py took 0.041 seconds
[2026-09-17T20:59:20.609+0000] {processor.py:161} INFO - Started process (PID=483) to work on /opt/airflow/dags/data_staging_dag.py
[2026-09-17T20:59:20.611+0000] {processor.py:830} INFO - Processing file /opt/airflow/dags/data_staging_dag.py for tasks to queue
[2026-09-17T20:59:20.612+0000] {logging_mixin.py:188} INFO - [2026-09-17T20:59:20.611+0000] {dagbag.py:545} INFO - Filling up the DagBag from /opt/airflow/dags/data_staging_dag.py
[2026-09-17T20:59:20.614+0000] {processor.py:842} WARNING - No viable dags retrieved from /opt/airflow/dags/data_staging_dag.py
[2026-09-17T20:59:20.634+0000] {processor.py:183} INFO - Processing /opt/airflow/dags/data_staging_dag.py took 0.032 seconds
[2026-09-17T20:59:51.263+0000] {processor.py:161} INFO - Started process (PID=491) to work on /opt/airflow/dags/data_staging_dag.py
[2026-09-17T20:59:51.264+0000] {processor.py:830} INFO - Processing file /opt/airflow/dags/data_staging_dag.py for tasks to queue
[2026-09-17T20:59:51.265+0000] {logging_mixin.py:188} INFO - [2026-09-17T20:59:51.265+0000] {dagbag.py:545} INFO - Filling up the DagBag from /opt/airflow/dags/data_staging_dag.py
[2026-09-17T20:59:51.268+0000] {processor.py:842} WARNING - No viable dags retrieved from /opt/airflow/dags/data_staging_dag.py
[2026-09-17T20:59:51.285+0000] {processor.py:183} INFO - Processing /opt/airflow/dags/data_staging_dag.py took 0.029 seconds
[2026-09-17T21:00:21.569+0000] {processor.py:161} INFO - Started process (PID=500) to work on /opt/airflow/dags/data_staging_dag.py
[2026-09-17T21:00:21.575+0000] {processor.py:830} INFO - Processing file /opt/airflow/dags/data_staging_dag.py for tasks to queue
[2026-09-17T21:00:21.577+0000] {logging_mixin.py:188} INFO - [2026-09-17T21:00:21.576+0000] {dagbag.py:545} INFO - Filling up the DagBag from /opt/airflow/dags/data_staging_dag.py
[2026-09-17T21:00:21.580+0000] {processor.py:842} WARNING - No viable dags retrieved from /opt/airflow/dags/data_staging_dag.py
[2026-09-17T21:00:21.600+0000] {processor.py:183} INFO - Processing /opt/airflow/dags/data_staging_dag.py took 0.038 seconds
[2026-09-17T21:00:52.021+0000] {processor.py:161} INFO - Started process (PID=509) to work on /opt/airflow/dags/data_staging_dag.py
[2026-09-17T21:00:52.022+0000] {processor.py:830} INFO - Processing file /opt/airflow/dags/data_staging_dag.py for tasks to queue
[2026-09-17T21:00:52.023+0000] {logging_mixin.py:188} INFO - [2026-09-17T21:00:52.023+0000] {dagbag.py:545} INFO - Filling up the DagBag from /opt/airflow/dags/data_staging_dag.py
[2026-09-17T21:00:52.026+0000] {processor.py:842} WARNING - No viable dags retrieved from /opt/airflow/dags/data_staging_dag.py
[2026-09-17T21:00:52.046+0000] {processor.py:183} INFO - Processing /opt/airflow/dags/data_staging_dag.py took 0.038 seconds
[2026-09-17T21:01:22.806+0000] {processor.py:161} INFO - Started process (PID=517) to work on /opt/airflow/dags/data_staging_dag.py
[2026-09-17T21:01:22.812+0000] {processor.py:830} INFO - Processing file /opt/airflow/dags/data_staging_dag.py for tasks to queue
[2026-09-17T21:01:22.814+0000] {logging_mixin.py:188} INFO - [2026-09-17T21:01:22.814+0000] {dagbag.py:545} INFO - Filling up the DagBag from /opt/airflow/dags/data_staging_dag.py
[2026-09-17T21:01:22.818+0000] {processor.py:842} WARNING - No viable dags retrieved from /opt/airflow/dags/data_staging_dag.py
[2026-09-17T21:01:22.839+0000] {processor.py:183} INFO - Processing /opt/airflow/dags/data_staging_dag.py took 0.041 seconds
[2026-09-17T21:01:52.812+0000] {processor.py:161} INFO - Started process (PID=525) to work on /opt/airflow/dags/data_staging_dag.py
[2026-09-17T21:01:52.813+0000] {processor.py:830} INFO - Processing file /opt/airflow/dags/data_staging_dag.py for tasks to queue
[2026-09-17T21:01:52.814+0000] {logging_mixin.py:188} INFO - [2026-09-17T21:01:52.814+0000] {dagbag.py:545} INFO - Filling up the DagBag from /opt/airflow/dags/data_staging_dag.py
[2026-09-17T21:01:52.820+0000] {processor.py:842} WARNING - No viable dags retrieved from /opt/airflow/dags/data_staging_dag.py
[2026-09-17T21:01:52.852+0000] {processor.py:183} INFO - Processing /opt/airflow/dags/data_staging_dag.py took 0.055 seconds
[2026-09-17T21:01:55.584+0000] {processor.py:161} INFO - Started process (PID=526) to work on /opt/airflow/dags/data_staging_dag.py
[2026-09-17T21:01:55.585+0000] {processor.py:830} INFO - Processing file /opt/airflow/dags/data_staging_dag.py for tasks to queue
[2026-09-17T21:01:55.586+0000] {logging_mixin.py:188} INFO - [2026-09-17T21:01:55.586+0000] {dagbag.py:545} INFO - Filling up the DagBag from /opt/airflow/dags/data_staging_dag.py
[2026-09-17T21:01:55.593+0000] {processor.py:842} WARNING - No viable dags retrieved from /opt/airflow/dags/data_staging_dag.py
[2026-09-17T21:01:55.613+0000] {processor.py:183} INFO - Processing /opt/airflow/dags/data_staging_dag.py took 0.037 seconds
[2026-09-17T21:02:00.904+0000] {processor.py:161} INFO - Started process (PID=534) to work on /opt/airflow/dags/data_staging_dag.py
[2026-09-17T21:02:00.909+0000] {processor.py:830} INFO - Processing file /opt/airflow/dags/data_staging_dag.py for tasks to queue
[2026-09-17T21:02:00.911+0000] {logging_mixin.py:188} INFO - [2026-09-17T21:02:00.911+0000] {dagbag.py:545} INFO - Filling up the DagBag from /opt/airflow/dags/data_staging_dag.py
[2026-09-17T21:02:00.919+0000] {processor.py:842} WARNING - No viable dags retrieved from /opt/airflow/dags/data_staging_dag.py
[2026-09-17T21:02:00.941+0000] {processor.py:183} INFO - Processing /opt/airflow/dags/data_staging_dag.py took 0.045 seconds
[2026-09-17T21:02:28.803+0000] {processor.py:161} INFO - Started process (PID=542) to work on /opt/airflow/dags/data_staging_dag.py
[2026-09-17T21:02:28.805+0000] {processor.py:830} INFO - Processing file /opt/airflow/dags/data_staging_dag.py for tasks to queue
[2026-09-17T21:02:28.806+0000] {logging_mixin.py:188} INFO - [2026-09-17T21:02:28.805+0000] {dagbag.py:545} INFO - Filling up the DagBag from /opt/airflow/dags/data_staging_dag.py
[2026-09-17T21:02:28.812+0000] {processor.py:842} WARNING - No viable dags retrieved from /opt/airflow/dags/data_staging_dag.py
[2026-09-17T21:02:28.832+0000] {processor.py:183} INFO - Processing /opt/airflow/dags/data_staging_dag.py took 0.040 seconds
[2026-09-17T21:02:30.834+0000] {processor.py:161} INFO - Started process (PID=543) to work on /opt/airflow/dags/data_staging_dag.py
[2026-09-17T21:02:30.835+0000] {processor.py:830} INFO - Processing file /opt/airflow/dags/data_staging_dag.py for tasks to queue
[2026-09-17T21:02:30.836+0000] {logging_mixin.py:188} INFO - [2026-09-17T21:02:30.836+0000] {dagbag.py:545} INFO - Filling up the DagBag from /opt/airflow/dags/data_staging_dag.py
[2026-09-17T21:02:30.843+0000] {processor.py:842} WARNING - No viable dags retrieved from /opt/airflow/dags/data_staging_dag.py
[2026-09-17T21:02:30.871+0000] {processor.py:183} INFO - Processing /opt/airflow/dags/data_staging_dag.py took 0.044 seconds
[2026-09-17T21:02:47.082+0000] {processor.py:161} INFO - Started process (PID=544) to work on /opt/airflow/dags/data_staging_dag.py
[2026-09-17T21:02:47.087+0000] {processor.py:830} INFO - Processing file /opt/airflow/dags/data_staging_dag.py for tasks to queue
[2026-09-17T21:02:47.088+0000] {logging_mixin.py:188} INFO - [2026-09-17T21:02:47.088+0000] {dagbag.py:545} INFO - Filling up the DagBag from /opt/airflow/dags/data_staging_dag.py
[2026-09-17T21:02:47.091+0000] {logging_mixin.py:188} INFO - [2026-09-17T21:02:47.091+0000] {dagbag.py:355} ERROR - Failed to import: /opt/airflow/dags/data_staging_dag.py
Traceback (most recent call last):
  File "/home/airflow/.local/lib/python3.10/site-packages/airflow/models/dagbag.py", line 351, in parse
    loader.exec_module(new_module)
  File "<frozen importlib._bootstrap_external>", line 879, in exec_module
  File "<frozen importlib._bootstrap_external>", line 1017, in get_code
  File "<frozen importlib._bootstrap_external>", line 947, in source_to_code
  File "<frozen importlib._bootstrap>", line 241, in _call_with_frames_removed
  File "/opt/airflow/dags/data_staging_dag.py", line 58
    @
     ^
SyntaxError: invalid syntax
[2026-09-17T21:02:47.092+0000] {processor.py:842} WARNING - No viable dags retrieved from /opt/airflow/dags/data_staging_dag.py
[2026-09-17T21:02:47.117+0000] {processor.py:183} INFO - Processing /opt/airflow/dags/data_staging_dag.py took 0.044 seconds
[2026-09-17T21:02:50.181+0000] {processor.py:161} INFO - Started process (PID=546) to work on /opt/airflow/dags/data_staging_dag.py
[2026-09-17T21:02:50.183+0000] {processor.py:830} INFO - Processing file /opt/airflow/dags/data_staging_dag.py for tasks to queue
[2026-09-17T21:02:50.185+0000] {logging_mixin.py:188} INFO - [2026-09-17T21:02:50.184+0000] {dagbag.py:545} INFO - Filling up the DagBag from /opt/airflow/dags/data_staging_dag.py
[2026-09-17T21:02:50.193+0000] {logging_mixin.py:188} INFO - [2026-09-17T21:02:50.191+0000] {dagbag.py:355} ERROR - Failed to import: /opt/airflow/dags/data_staging_dag.py
Traceback (most recent call last):
  File "/home/airflow/.local/lib/python3.10/site-packages/airflow/models/dagbag.py", line 351, in parse
    loader.exec_module(new_module)
  File "<frozen importlib._bootstrap_external>", line 879, in exec_module
  File "<frozen importlib._bootstrap_external>", line 1017, in get_code
  File "<frozen importlib._bootstrap_external>", line 947, in source_to_code
  File "<frozen importlib._bootstrap>", line 241, in _call_with_frames_removed
  File "/opt/airflow/dags/data_staging_dag.py", line 59
    d
    ^
SyntaxError: invalid syntax
[2026-09-17T21:02:50.195+0000] {processor.py:842} WARNING - No viable dags retrieved from /opt/airflow/dags/data_staging_dag.py
[2026-09-17T21:02:50.237+0000] {processor.py:183} INFO - Processing /opt/airflow/dags/data_staging_dag.py took 0.070 seconds
[2026-09-17T21:02:58.451+0000] {processor.py:161} INFO - Started process (PID=553) to work on /opt/airflow/dags/data_staging_dag.py
[2026-09-17T21:02:58.453+0000] {processor.py:830} INFO - Processing file /opt/airflow/dags/data_staging_dag.py for tasks to queue
[2026-09-17T21:02:58.455+0000] {logging_mixin.py:188} INFO - [2026-09-17T21:02:58.455+0000] {dagbag.py:545} INFO - Filling up the DagBag from /opt/airflow/dags/data_staging_dag.py
[2026-09-17T21:02:58.464+0000] {logging_mixin.py:188} INFO - [2026-09-17T21:02:58.463+0000] {dagbag.py:355} ERROR - Failed to import: /opt/airflow/dags/data_staging_dag.py
Traceback (most recent call last):
  File "/home/airflow/.local/lib/python3.10/site-packages/airflow/models/dagbag.py", line 351, in parse
    loader.exec_module(new_module)
  File "<frozen importlib._bootstrap_external>", line 879, in exec_module
  File "<frozen importlib._bootstrap_external>", line 1017, in get_code
  File "<frozen importlib._bootstrap_external>", line 947, in source_to_code
  File "<frozen importlib._bootstrap>", line 241, in _call_with_frames_removed
  File "/opt/airflow/dags/data_staging_dag.py", line 59
    def get_channel_details
                           ^
SyntaxError: invalid syntax
[2026-09-17T21:02:58.464+0000] {processor.py:842} WARNING - No viable dags retrieved from /opt/airflow/dags/data_staging_dag.py
[2026-09-17T21:02:58.489+0000] {processor.py:183} INFO - Processing /opt/airflow/dags/data_staging_dag.py took 0.045 seconds
[2026-09-17T21:03:00.494+0000] {processor.py:161} INFO - Started process (PID=554) to work on /opt/airflow/dags/data_staging_dag.py
[2026-09-17T21:03:00.501+0000] {processor.py:830} INFO - Processing file /opt/airflow/dags/data_staging_dag.py for tasks to queue
[2026-09-17T21:03:00.502+0000] {logging_mixin.py:188} INFO - [2026-09-17T21:03:00.502+0000] {dagbag.py:545} INFO - Filling up the DagBag from /opt/airflow/dags/data_staging_dag.py
[2026-09-17T21:03:00.508+0000] {logging_mixin.py:188} INFO - [2026-09-17T21:03:00.507+0000] {dagbag.py:355} ERROR - Failed to import: /opt/airflow/dags/data_staging_dag.py
Traceback (most recent call last):
  File "/home/airflow/.local/lib/python3.10/site-packages/airflow/models/dagbag.py", line 351, in parse
    loader.exec_module(new_module)
  File "<frozen importlib._bootstrap_external>", line 879, in exec_module
  File "<frozen importlib._bootstrap_external>", line 1017, in get_code
  File "<frozen importlib._bootstrap_external>", line 947, in source_to_code
  File "<frozen importlib._bootstrap>", line 241, in _call_with_frames_removed
  File "/opt/airflow/dags/data_staging_dag.py", line 61
    @task
    ^
IndentationError: expected an indented block after function definition on line 59
[2026-09-17T21:03:00.508+0000] {processor.py:842} WARNING - No viable dags retrieved from /opt/airflow/dags/data_staging_dag.py
[2026-09-17T21:03:00.537+0000] {processor.py:183} INFO - Processing /opt/airflow/dags/data_staging_dag.py took 0.054 seconds
[2026-09-17T21:03:21.746+0000] {processor.py:161} INFO - Started process (PID=556) to work on /opt/airflow/dags/data_staging_dag.py
[2026-09-17T21:03:21.761+0000] {processor.py:830} INFO - Processing file /opt/airflow/dags/data_staging_dag.py for tasks to queue
[2026-09-17T21:03:21.763+0000] {logging_mixin.py:188} INFO - [2026-09-17T21:03:21.762+0000] {dagbag.py:545} INFO - Filling up the DagBag from /opt/airflow/dags/data_staging_dag.py
[2026-09-17T21:03:21.770+0000] {processor.py:842} WARNING - No viable dags retrieved from /opt/airflow/dags/data_staging_dag.py
[2026-09-17T21:03:21.795+0000] {processor.py:183} INFO - Processing /opt/airflow/dags/data_staging_dag.py took 0.069 seconds
[2026-09-17T21:03:23.764+0000] {processor.py:161} INFO - Started process (PID=563) to work on /opt/airflow/dags/data_staging_dag.py
[2026-09-17T21:03:23.766+0000] {processor.py:830} INFO - Processing file /opt/airflow/dags/data_staging_dag.py for tasks to queue
[2026-09-17T21:03:23.767+0000] {logging_mixin.py:188} INFO - [2026-09-17T21:03:23.766+0000] {dagbag.py:545} INFO - Filling up the DagBag from /opt/airflow/dags/data_staging_dag.py
[2026-09-17T21:03:23.773+0000] {processor.py:842} WARNING - No viable dags retrieved from /opt/airflow/dags/data_staging_dag.py
[2026-09-17T21:03:23.794+0000] {processor.py:183} INFO - Processing /opt/airflow/dags/data_staging_dag.py took 0.037 seconds
[2026-09-17T21:03:26.808+0000] {processor.py:161} INFO - Started process (PID=564) to work on /opt/airflow/dags/data_staging_dag.py
[2026-09-17T21:03:26.809+0000] {processor.py:830} INFO - Processing file /opt/airflow/dags/data_staging_dag.py for tasks to queue
[2026-09-17T21:03:26.810+0000] {logging_mixin.py:188} INFO - [2026-09-17T21:03:26.810+0000] {dagbag.py:545} INFO - Filling up the DagBag from /opt/airflow/dags/data_staging_dag.py
[2026-09-17T21:03:26.818+0000] {processor.py:842} WARNING - No viable dags retrieved from /opt/airflow/dags/data_staging_dag.py
[2026-09-17T21:03:26.840+0000] {processor.py:183} INFO - Processing /opt/airflow/dags/data_staging_dag.py took 0.041 seconds
[2026-09-17T21:03:57.223+0000] {processor.py:161} INFO - Started process (PID=572) to work on /opt/airflow/dags/data_staging_dag.py
[2026-09-17T21:03:57.229+0000] {processor.py:830} INFO - Processing file /opt/airflow/dags/data_staging_dag.py for tasks to queue
[2026-09-17T21:03:57.230+0000] {logging_mixin.py:188} INFO - [2026-09-17T21:03:57.230+0000] {dagbag.py:545} INFO - Filling up the DagBag from /opt/airflow/dags/data_staging_dag.py
[2026-09-17T21:03:57.234+0000] {processor.py:842} WARNING - No viable dags retrieved from /opt/airflow/dags/data_staging_dag.py
[2026-09-17T21:03:57.256+0000] {processor.py:183} INFO - Processing /opt/airflow/dags/data_staging_dag.py took 0.046 seconds
[2026-09-17T21:04:14.381+0000] {processor.py:161} INFO - Started process (PID=573) to work on /opt/airflow/dags/data_staging_dag.py
[2026-09-17T21:04:14.383+0000] {processor.py:830} INFO - Processing file /opt/airflow/dags/data_staging_dag.py for tasks to queue
[2026-09-17T21:04:14.384+0000] {logging_mixin.py:188} INFO - [2026-09-17T21:04:14.384+0000] {dagbag.py:545} INFO - Filling up the DagBag from /opt/airflow/dags/data_staging_dag.py
[2026-09-17T21:04:14.391+0000] {processor.py:842} WARNING - No viable dags retrieved from /opt/airflow/dags/data_staging_dag.py
[2026-09-17T21:04:14.415+0000] {processor.py:183} INFO - Processing /opt/airflow/dags/data_staging_dag.py took 0.046 seconds
[2026-09-17T21:04:20.114+0000] {processor.py:161} INFO - Started process (PID=580) to work on /opt/airflow/dags/data_staging_dag.py
[2026-09-17T21:04:20.116+0000] {processor.py:830} INFO - Processing file /opt/airflow/dags/data_staging_dag.py for tasks to queue
[2026-09-17T21:04:20.118+0000] {logging_mixin.py:188} INFO - [2026-09-17T21:04:20.117+0000] {dagbag.py:545} INFO - Filling up the DagBag from /opt/airflow/dags/data_staging_dag.py
[2026-09-17T21:04:20.125+0000] {processor.py:842} WARNING - No viable dags retrieved from /opt/airflow/dags/data_staging_dag.py
[2026-09-17T21:04:20.148+0000] {processor.py:183} INFO - Processing /opt/airflow/dags/data_staging_dag.py took 0.041 seconds
[2026-09-17T21:04:50.798+0000] {processor.py:161} INFO - Started process (PID=589) to work on /opt/airflow/dags/data_staging_dag.py
[2026-09-17T21:04:50.804+0000] {processor.py:830} INFO - Processing file /opt/airflow/dags/data_staging_dag.py for tasks to queue
[2026-09-17T21:04:50.805+0000] {logging_mixin.py:188} INFO - [2026-09-17T21:04:50.804+0000] {dagbag.py:545} INFO - Filling up the DagBag from /opt/airflow/dags/data_staging_dag.py
[2026-09-17T21:04:50.808+0000] {processor.py:842} WARNING - No viable dags retrieved from /opt/airflow/dags/data_staging_dag.py
[2026-09-17T21:04:50.826+0000] {processor.py:183} INFO - Processing /opt/airflow/dags/data_staging_dag.py took 0.035 seconds
[2026-09-17T21:05:14.807+0000] {processor.py:161} INFO - Started process (PID=591) to work on /opt/airflow/dags/data_staging_dag.py
[2026-09-17T21:05:14.809+0000] {processor.py:830} INFO - Processing file /opt/airflow/dags/data_staging_dag.py for tasks to queue
[2026-09-17T21:05:14.810+0000] {logging_mixin.py:188} INFO - [2026-09-17T21:05:14.809+0000] {dagbag.py:545} INFO - Filling up the DagBag from /opt/airflow/dags/data_staging_dag.py
[2026-09-17T21:05:14.815+0000] {processor.py:842} WARNING - No viable dags retrieved from /opt/airflow/dags/data_staging_dag.py
[2026-09-17T21:05:14.840+0000] {processor.py:183} INFO - Processing /opt/airflow/dags/data_staging_dag.py took 0.053 seconds
[2026-09-17T21:05:17.843+0000] {processor.py:161} INFO - Started process (PID=598) to work on /opt/airflow/dags/data_staging_dag.py
[2026-09-17T21:05:17.844+0000] {processor.py:830} INFO - Processing file /opt/airflow/dags/data_staging_dag.py for tasks to queue
[2026-09-17T21:05:17.845+0000] {logging_mixin.py:188} INFO - [2026-09-17T21:05:17.845+0000] {dagbag.py:545} INFO - Filling up the DagBag from /opt/airflow/dags/data_staging_dag.py
[2026-09-17T21:05:17.850+0000] {processor.py:842} WARNING - No viable dags retrieved from /opt/airflow/dags/data_staging_dag.py
[2026-09-17T21:05:17.872+0000] {processor.py:183} INFO - Processing /opt/airflow/dags/data_staging_dag.py took 0.037 seconds
[2026-09-17T21:05:29.002+0000] {processor.py:161} INFO - Started process (PID=600) to work on /opt/airflow/dags/data_staging_dag.py
[2026-09-17T21:05:29.004+0000] {processor.py:830} INFO - Processing file /opt/airflow/dags/data_staging_dag.py for tasks to queue
[2026-09-17T21:05:29.005+0000] {logging_mixin.py:188} INFO - [2026-09-17T21:05:29.005+0000] {dagbag.py:545} INFO - Filling up the DagBag from /opt/airflow/dags/data_staging_dag.py
[2026-09-17T21:05:29.009+0000] {logging_mixin.py:188} INFO - [2026-09-17T21:05:29.008+0000] {dagbag.py:355} ERROR - Failed to import: /opt/airflow/dags/data_staging_dag.py
Traceback (most recent call last):
  File "/home/airflow/.local/lib/python3.10/site-packages/airflow/models/dagbag.py", line 351, in parse
    loader.exec_module(new_module)
  File "<frozen importlib._bootstrap_external>", line 879, in exec_module
  File "<frozen importlib._bootstrap_external>", line 1017, in get_code
  File "<frozen importlib._bootstrap_external>", line 947, in source_to_code
  File "<frozen importlib._bootstrap>", line 241, in _call_with_frames_removed
  File "/opt/airflow/dags/data_staging_dag.py", line 39
    def load_json_data()->:
                        ^^
SyntaxError: expected ':'
[2026-09-17T21:05:29.009+0000] {processor.py:842} WARNING - No viable dags retrieved from /opt/airflow/dags/data_staging_dag.py
[2026-09-17T21:05:29.043+0000] {processor.py:183} INFO - Processing /opt/airflow/dags/data_staging_dag.py took 0.052 seconds
[2026-09-17T21:05:32.034+0000] {processor.py:161} INFO - Started process (PID=601) to work on /opt/airflow/dags/data_staging_dag.py
[2026-09-17T21:05:32.040+0000] {processor.py:830} INFO - Processing file /opt/airflow/dags/data_staging_dag.py for tasks to queue
[2026-09-17T21:05:32.041+0000] {logging_mixin.py:188} INFO - [2026-09-17T21:05:32.041+0000] {dagbag.py:545} INFO - Filling up the DagBag from /opt/airflow/dags/data_staging_dag.py
[2026-09-17T21:05:32.047+0000] {processor.py:842} WARNING - No viable dags retrieved from /opt/airflow/dags/data_staging_dag.py
[2026-09-17T21:05:32.065+0000] {processor.py:183} INFO - Processing /opt/airflow/dags/data_staging_dag.py took 0.038 seconds
[2026-09-17T21:05:34.111+0000] {processor.py:161} INFO - Started process (PID=602) to work on /opt/airflow/dags/data_staging_dag.py
[2026-09-17T21:05:34.112+0000] {processor.py:830} INFO - Processing file /opt/airflow/dags/data_staging_dag.py for tasks to queue
[2026-09-17T21:05:34.113+0000] {logging_mixin.py:188} INFO - [2026-09-17T21:05:34.113+0000] {dagbag.py:545} INFO - Filling up the DagBag from /opt/airflow/dags/data_staging_dag.py
[2026-09-17T21:05:34.119+0000] {logging_mixin.py:188} INFO - [2026-09-17T21:05:34.116+0000] {dagbag.py:355} ERROR - Failed to import: /opt/airflow/dags/data_staging_dag.py
Traceback (most recent call last):
  File "/home/airflow/.local/lib/python3.10/site-packages/airflow/models/dagbag.py", line 351, in parse
    loader.exec_module(new_module)
  File "<frozen importlib._bootstrap_external>", line 879, in exec_module
  File "<frozen importlib._bootstrap_external>", line 1017, in get_code
  File "<frozen importlib._bootstrap_external>", line 947, in source_to_code
  File "<frozen importlib._bootstrap>", line 241, in _call_with_frames_removed
  File "/opt/airflow/dags/data_staging_dag.py", line 39
    def load_json_data()->list[]:
                              ^
SyntaxError: expected ':'
[2026-09-17T21:05:34.120+0000] {processor.py:842} WARNING - No viable dags retrieved from /opt/airflow/dags/data_staging_dag.py
[2026-09-17T21:05:34.164+0000] {processor.py:183} INFO - Processing /opt/airflow/dags/data_staging_dag.py took 0.071 seconds
[2026-09-17T21:05:38.146+0000] {processor.py:161} INFO - Started process (PID=603) to work on /opt/airflow/dags/data_staging_dag.py
[2026-09-17T21:05:38.147+0000] {processor.py:830} INFO - Processing file /opt/airflow/dags/data_staging_dag.py for tasks to queue
[2026-09-17T21:05:38.148+0000] {logging_mixin.py:188} INFO - [2026-09-17T21:05:38.148+0000] {dagbag.py:545} INFO - Filling up the DagBag from /opt/airflow/dags/data_staging_dag.py
[2026-09-17T21:05:38.153+0000] {processor.py:842} WARNING - No viable dags retrieved from /opt/airflow/dags/data_staging_dag.py
[2026-09-17T21:05:38.194+0000] {processor.py:183} INFO - Processing /opt/airflow/dags/data_staging_dag.py took 0.061 seconds
[2026-09-17T21:05:40.249+0000] {processor.py:161} INFO - Started process (PID=604) to work on /opt/airflow/dags/data_staging_dag.py
[2026-09-17T21:05:40.250+0000] {processor.py:830} INFO - Processing file /opt/airflow/dags/data_staging_dag.py for tasks to queue
[2026-09-17T21:05:40.251+0000] {logging_mixin.py:188} INFO - [2026-09-17T21:05:40.251+0000] {dagbag.py:545} INFO - Filling up the DagBag from /opt/airflow/dags/data_staging_dag.py
[2026-09-17T21:05:40.259+0000] {processor.py:842} WARNING - No viable dags retrieved from /opt/airflow/dags/data_staging_dag.py
[2026-09-17T21:05:40.296+0000] {processor.py:183} INFO - Processing /opt/airflow/dags/data_staging_dag.py took 0.060 seconds
[2026-09-17T21:05:49.522+0000] {processor.py:161} INFO - Started process (PID=611) to work on /opt/airflow/dags/data_staging_dag.py
[2026-09-17T21:05:49.523+0000] {processor.py:830} INFO - Processing file /opt/airflow/dags/data_staging_dag.py for tasks to queue
[2026-09-17T21:05:49.524+0000] {logging_mixin.py:188} INFO - [2026-09-17T21:05:49.524+0000] {dagbag.py:545} INFO - Filling up the DagBag from /opt/airflow/dags/data_staging_dag.py
[2026-09-17T21:05:49.531+0000] {processor.py:842} WARNING - No viable dags retrieved from /opt/airflow/dags/data_staging_dag.py
[2026-09-17T21:05:49.552+0000] {processor.py:183} INFO - Processing /opt/airflow/dags/data_staging_dag.py took 0.037 seconds
[2026-09-17T21:05:58.661+0000] {processor.py:161} INFO - Started process (PID=613) to work on /opt/airflow/dags/data_staging_dag.py
[2026-09-17T21:05:58.662+0000] {processor.py:830} INFO - Processing file /opt/airflow/dags/data_staging_dag.py for tasks to queue
[2026-09-17T21:05:58.663+0000] {logging_mixin.py:188} INFO - [2026-09-17T21:05:58.662+0000] {dagbag.py:545} INFO - Filling up the DagBag from /opt/airflow/dags/data_staging_dag.py
[2026-09-17T21:05:58.667+0000] {logging_mixin.py:188} INFO - [2026-09-17T21:05:58.666+0000] {dagbag.py:355} ERROR - Failed to import: /opt/airflow/dags/data_staging_dag.py
Traceback (most recent call last):
  File "/home/airflow/.local/lib/python3.10/site-packages/airflow/models/dagbag.py", line 351, in parse
    loader.exec_module(new_module)
  File "<frozen importlib._bootstrap_external>", line 879, in exec_module
  File "<frozen importlib._bootstrap_external>", line 1017, in get_code
  File "<frozen importlib._bootstrap_external>", line 947, in source_to_code
  File "<frozen importlib._bootstrap>", line 241, in _call_with_frames_removed
  File "/opt/airflow/dags/data_staging_dag.py", line 9
    from typing import 
                       ^
SyntaxError: invalid syntax
[2026-09-17T21:05:58.667+0000] {processor.py:842} WARNING - No viable dags retrieved from /opt/airflow/dags/data_staging_dag.py
[2026-09-17T21:05:58.699+0000] {processor.py:183} INFO - Processing /opt/airflow/dags/data_staging_dag.py took 0.056 seconds
[2026-09-17T21:06:01.679+0000] {processor.py:161} INFO - Started process (PID=614) to work on /opt/airflow/dags/data_staging_dag.py
[2026-09-17T21:06:01.680+0000] {processor.py:830} INFO - Processing file /opt/airflow/dags/data_staging_dag.py for tasks to queue
[2026-09-17T21:06:01.681+0000] {logging_mixin.py:188} INFO - [2026-09-17T21:06:01.681+0000] {dagbag.py:545} INFO - Filling up the DagBag from /opt/airflow/dags/data_staging_dag.py
[2026-09-17T21:06:01.687+0000] {processor.py:842} WARNING - No viable dags retrieved from /opt/airflow/dags/data_staging_dag.py
[2026-09-17T21:06:01.711+0000] {processor.py:183} INFO - Processing /opt/airflow/dags/data_staging_dag.py took 0.040 seconds
[2026-09-17T21:06:08.747+0000] {processor.py:161} INFO - Started process (PID=615) to work on /opt/airflow/dags/data_staging_dag.py
[2026-09-17T21:06:08.749+0000] {processor.py:830} INFO - Processing file /opt/airflow/dags/data_staging_dag.py for tasks to queue
[2026-09-17T21:06:08.752+0000] {logging_mixin.py:188} INFO - [2026-09-17T21:06:08.751+0000] {dagbag.py:545} INFO - Filling up the DagBag from /opt/airflow/dags/data_staging_dag.py
[2026-09-17T21:06:08.768+0000] {processor.py:842} WARNING - No viable dags retrieved from /opt/airflow/dags/data_staging_dag.py
[2026-09-17T21:06:08.793+0000] {processor.py:183} INFO - Processing /opt/airflow/dags/data_staging_dag.py took 0.066 seconds
[2026-09-17T21:06:12.118+0000] {processor.py:161} INFO - Started process (PID=622) to work on /opt/airflow/dags/data_staging_dag.py
[2026-09-17T21:06:12.123+0000] {processor.py:830} INFO - Processing file /opt/airflow/dags/data_staging_dag.py for tasks to queue
[2026-09-17T21:06:12.125+0000] {logging_mixin.py:188} INFO - [2026-09-17T21:06:12.124+0000] {dagbag.py:545} INFO - Filling up the DagBag from /opt/airflow/dags/data_staging_dag.py
[2026-09-17T21:06:12.133+0000] {processor.py:842} WARNING - No viable dags retrieved from /opt/airflow/dags/data_staging_dag.py
[2026-09-17T21:06:12.158+0000] {processor.py:183} INFO - Processing /opt/airflow/dags/data_staging_dag.py took 0.050 seconds
[2026-09-17T21:06:13.157+0000] {processor.py:161} INFO - Started process (PID=623) to work on /opt/airflow/dags/data_staging_dag.py
[2026-09-17T21:06:13.158+0000] {processor.py:830} INFO - Processing file /opt/airflow/dags/data_staging_dag.py for tasks to queue
[2026-09-17T21:06:13.159+0000] {logging_mixin.py:188} INFO - [2026-09-17T21:06:13.158+0000] {dagbag.py:545} INFO - Filling up the DagBag from /opt/airflow/dags/data_staging_dag.py
[2026-09-17T21:06:13.165+0000] {processor.py:842} WARNING - No viable dags retrieved from /opt/airflow/dags/data_staging_dag.py
[2026-09-17T21:06:13.186+0000] {processor.py:183} INFO - Processing /opt/airflow/dags/data_staging_dag.py took 0.038 seconds
[2026-09-17T21:06:15.212+0000] {processor.py:161} INFO - Started process (PID=624) to work on /opt/airflow/dags/data_staging_dag.py
[2026-09-17T21:06:15.213+0000] {processor.py:830} INFO - Processing file /opt/airflow/dags/data_staging_dag.py for tasks to queue
[2026-09-17T21:06:15.214+0000] {logging_mixin.py:188} INFO - [2026-09-17T21:06:15.214+0000] {dagbag.py:545} INFO - Filling up the DagBag from /opt/airflow/dags/data_staging_dag.py
[2026-09-17T21:06:15.219+0000] {processor.py:842} WARNING - No viable dags retrieved from /opt/airflow/dags/data_staging_dag.py
[2026-09-17T21:06:15.239+0000] {processor.py:183} INFO - Processing /opt/airflow/dags/data_staging_dag.py took 0.036 seconds
[2026-09-17T21:06:26.351+0000] {processor.py:161} INFO - Started process (PID=626) to work on /opt/airflow/dags/data_staging_dag.py
[2026-09-17T21:06:26.353+0000] {processor.py:830} INFO - Processing file /opt/airflow/dags/data_staging_dag.py for tasks to queue
[2026-09-17T21:06:26.354+0000] {logging_mixin.py:188} INFO - [2026-09-17T21:06:26.354+0000] {dagbag.py:545} INFO - Filling up the DagBag from /opt/airflow/dags/data_staging_dag.py
[2026-09-17T21:06:26.363+0000] {processor.py:842} WARNING - No viable dags retrieved from /opt/airflow/dags/data_staging_dag.py
[2026-09-17T21:06:26.396+0000] {processor.py:183} INFO - Processing /opt/airflow/dags/data_staging_dag.py took 0.054 seconds
[2026-09-17T21:06:46.747+0000] {processor.py:161} INFO - Started process (PID=633) to work on /opt/airflow/dags/data_staging_dag.py
[2026-09-17T21:06:46.749+0000] {processor.py:830} INFO - Processing file /opt/airflow/dags/data_staging_dag.py for tasks to queue
[2026-09-17T21:06:46.751+0000] {logging_mixin.py:188} INFO - [2026-09-17T21:06:46.750+0000] {dagbag.py:545} INFO - Filling up the DagBag from /opt/airflow/dags/data_staging_dag.py
[2026-09-17T21:06:46.760+0000] {processor.py:842} WARNING - No viable dags retrieved from /opt/airflow/dags/data_staging_dag.py
[2026-09-17T21:06:46.783+0000] {processor.py:183} INFO - Processing /opt/airflow/dags/data_staging_dag.py took 0.046 seconds
[2026-09-17T21:07:17.184+0000] {processor.py:161} INFO - Started process (PID=641) to work on /opt/airflow/dags/data_staging_dag.py
[2026-09-17T21:07:17.186+0000] {processor.py:830} INFO - Processing file /opt/airflow/dags/data_staging_dag.py for tasks to queue
[2026-09-17T21:07:17.187+0000] {logging_mixin.py:188} INFO - [2026-09-17T21:07:17.187+0000] {dagbag.py:545} INFO - Filling up the DagBag from /opt/airflow/dags/data_staging_dag.py
[2026-09-17T21:07:17.190+0000] {processor.py:842} WARNING - No viable dags retrieved from /opt/airflow/dags/data_staging_dag.py
[2026-09-17T21:07:17.208+0000] {processor.py:183} INFO - Processing /opt/airflow/dags/data_staging_dag.py took 0.031 seconds
[2026-09-17T21:07:25.265+0000] {processor.py:161} INFO - Started process (PID=642) to work on /opt/airflow/dags/data_staging_dag.py
[2026-09-17T21:07:25.266+0000] {processor.py:830} INFO - Processing file /opt/airflow/dags/data_staging_dag.py for tasks to queue
[2026-09-17T21:07:25.267+0000] {logging_mixin.py:188} INFO - [2026-09-17T21:07:25.267+0000] {dagbag.py:545} INFO - Filling up the DagBag from /opt/airflow/dags/data_staging_dag.py
[2026-09-17T21:07:25.273+0000] {processor.py:842} WARNING - No viable dags retrieved from /opt/airflow/dags/data_staging_dag.py
[2026-09-17T21:07:25.299+0000] {processor.py:183} INFO - Processing /opt/airflow/dags/data_staging_dag.py took 0.042 seconds
[2026-09-17T21:07:35.531+0000] {processor.py:161} INFO - Started process (PID=644) to work on /opt/airflow/dags/data_staging_dag.py
[2026-09-17T21:07:35.532+0000] {processor.py:830} INFO - Processing file /opt/airflow/dags/data_staging_dag.py for tasks to queue
[2026-09-17T21:07:35.534+0000] {logging_mixin.py:188} INFO - [2026-09-17T21:07:35.533+0000] {dagbag.py:545} INFO - Filling up the DagBag from /opt/airflow/dags/data_staging_dag.py
[2026-09-17T21:07:35.539+0000] {processor.py:842} WARNING - No viable dags retrieved from /opt/airflow/dags/data_staging_dag.py
[2026-09-17T21:07:35.560+0000] {processor.py:183} INFO - Processing /opt/airflow/dags/data_staging_dag.py took 0.036 seconds
[2026-09-17T21:07:47.669+0000] {processor.py:161} INFO - Started process (PID=651) to work on /opt/airflow/dags/data_staging_dag.py
[2026-09-17T21:07:47.670+0000] {processor.py:830} INFO - Processing file /opt/airflow/dags/data_staging_dag.py for tasks to queue
[2026-09-17T21:07:47.671+0000] {logging_mixin.py:188} INFO - [2026-09-17T21:07:47.671+0000] {dagbag.py:545} INFO - Filling up the DagBag from /opt/airflow/dags/data_staging_dag.py
[2026-09-17T21:07:47.676+0000] {logging_mixin.py:188} INFO - [2026-09-17T21:07:47.676+0000] {dagbag.py:355} ERROR - Failed to import: /opt/airflow/dags/data_staging_dag.py
Traceback (most recent call last):
  File "/home/airflow/.local/lib/python3.10/site-packages/airflow/models/dagbag.py", line 351, in parse
    loader.exec_module(new_module)
  File "<frozen importlib._bootstrap_external>", line 879, in exec_module
  File "<frozen importlib._bootstrap_external>", line 1017, in get_code
  File "<frozen importlib._bootstrap_external>", line 947, in source_to_code
  File "<frozen importlib._bootstrap>", line 241, in _call_with_frames_removed
  File "/opt/airflow/dags/data_staging_dag.py", line 96
    @task
    ^
IndentationError: expected an indented block after function definition on line 94
[2026-09-17T21:07:47.677+0000] {processor.py:842} WARNING - No viable dags retrieved from /opt/airflow/dags/data_staging_dag.py
[2026-09-17T21:07:47.708+0000] {processor.py:183} INFO - Processing /opt/airflow/dags/data_staging_dag.py took 0.048 seconds
[2026-09-17T21:07:49.705+0000] {processor.py:161} INFO - Started process (PID=652) to work on /opt/airflow/dags/data_staging_dag.py
[2026-09-17T21:07:49.706+0000] {processor.py:830} INFO - Processing file /opt/airflow/dags/data_staging_dag.py for tasks to queue
[2026-09-17T21:07:49.707+0000] {logging_mixin.py:188} INFO - [2026-09-17T21:07:49.706+0000] {dagbag.py:545} INFO - Filling up the DagBag from /opt/airflow/dags/data_staging_dag.py
[2026-09-17T21:07:49.710+0000] {logging_mixin.py:188} INFO - [2026-09-17T21:07:49.710+0000] {dagbag.py:355} ERROR - Failed to import: /opt/airflow/dags/data_staging_dag.py
Traceback (most recent call last):
  File "/home/airflow/.local/lib/python3.10/site-packages/airflow/models/dagbag.py", line 351, in parse
    loader.exec_module(new_module)
  File "<frozen importlib._bootstrap_external>", line 879, in exec_module
  File "<frozen importlib._bootstrap_external>", line 1017, in get_code
  File "<frozen importlib._bootstrap_external>", line 947, in source_to_code
  File "<frozen importlib._bootstrap>", line 241, in _call_with_frames_removed
  File "/opt/airflow/dags/data_staging_dag.py", line 95
    rows = hook.get_records("""
IndentationError: unexpected indent
[2026-09-17T21:07:49.711+0000] {processor.py:842} WARNING - No viable dags retrieved from /opt/airflow/dags/data_staging_dag.py
[2026-09-17T21:07:49.739+0000] {processor.py:183} INFO - Processing /opt/airflow/dags/data_staging_dag.py took 0.041 seconds
[2026-09-17T21:07:54.833+0000] {processor.py:161} INFO - Started process (PID=653) to work on /opt/airflow/dags/data_staging_dag.py
[2026-09-17T21:07:54.840+0000] {processor.py:830} INFO - Processing file /opt/airflow/dags/data_staging_dag.py for tasks to queue
[2026-09-17T21:07:54.843+0000] {logging_mixin.py:188} INFO - [2026-09-17T21:07:54.842+0000] {dagbag.py:545} INFO - Filling up the DagBag from /opt/airflow/dags/data_staging_dag.py
[2026-09-17T21:07:54.852+0000] {logging_mixin.py:188} INFO - [2026-09-17T21:07:54.851+0000] {dagbag.py:355} ERROR - Failed to import: /opt/airflow/dags/data_staging_dag.py
Traceback (most recent call last):
  File "/home/airflow/.local/lib/python3.10/site-packages/airflow/models/dagbag.py", line 351, in parse
    loader.exec_module(new_module)
  File "<frozen importlib._bootstrap_external>", line 879, in exec_module
  File "<frozen importlib._bootstrap_external>", line 1017, in get_code
  File "<frozen importlib._bootstrap_external>", line 947, in source_to_code
  File "<frozen importlib._bootstrap>", line 241, in _call_with_frames_removed
  File "/opt/airflow/dags/data_staging_dag.py", line 95
    rows = hook.get_records("""
IndentationError: unexpected indent
[2026-09-17T21:07:54.853+0000] {processor.py:842} WARNING - No viable dags retrieved from /opt/airflow/dags/data_staging_dag.py
[2026-09-17T21:07:54.921+0000] {processor.py:183} INFO - Processing /opt/airflow/dags/data_staging_dag.py took 0.105 seconds
[2026-09-17T21:07:55.865+0000] {processor.py:161} INFO - Started process (PID=654) to work on /opt/airflow/dags/data_staging_dag.py
[2026-09-17T21:07:55.866+0000] {processor.py:830} INFO - Processing file /opt/airflow/dags/data_staging_dag.py for tasks to queue
[2026-09-17T21:07:55.867+0000] {logging_mixin.py:188} INFO - [2026-09-17T21:07:55.867+0000] {dagbag.py:545} INFO - Filling up the DagBag from /opt/airflow/dags/data_staging_dag.py
[2026-09-17T21:07:55.872+0000] {logging_mixin.py:188} INFO - [2026-09-17T21:07:55.871+0000] {dagbag.py:355} ERROR - Failed to import: /opt/airflow/dags/data_staging_dag.py
Traceback (most recent call last):
  File "/home/airflow/.local/lib/python3.10/site-packages/airflow/models/dagbag.py", line 351, in parse
    loader.exec_module(new_module)
  File "<frozen importlib._bootstrap_external>", line 879, in exec_module
  File "<frozen importlib._bootstrap_external>", line 1017, in get_code
  File "<frozen importlib._bootstrap_external>", line 947, in source_to_code
  File "<frozen importlib._bootstrap>", line 241, in _call_with_frames_removed
  File "/opt/airflow/dags/data_staging_dag.py", line 95
    rows = hook.get_records("""
IndentationError: unexpected indent
[2026-09-17T21:07:55.873+0000] {processor.py:842} WARNING - No viable dags retrieved from /opt/airflow/dags/data_staging_dag.py
[2026-09-17T21:07:55.905+0000] {processor.py:183} INFO - Processing /opt/airflow/dags/data_staging_dag.py took 0.051 seconds
[2026-09-17T21:08:02.066+0000] {processor.py:161} INFO - Started process (PID=656) to work on /opt/airflow/dags/data_staging_dag.py
[2026-09-17T21:08:02.068+0000] {processor.py:830} INFO - Processing file /opt/airflow/dags/data_staging_dag.py for tasks to queue
[2026-09-17T21:08:02.070+0000] {logging_mixin.py:188} INFO - [2026-09-17T21:08:02.069+0000] {dagbag.py:545} INFO - Filling up the DagBag from /opt/airflow/dags/data_staging_dag.py
[2026-09-17T21:08:02.076+0000] {logging_mixin.py:188} INFO - [2026-09-17T21:08:02.076+0000] {dagbag.py:355} ERROR - Failed to import: /opt/airflow/dags/data_staging_dag.py
Traceback (most recent call last):
  File "/home/airflow/.local/lib/python3.10/site-packages/airflow/models/dagbag.py", line 351, in parse
    loader.exec_module(new_module)
  File "<frozen importlib._bootstrap_external>", line 879, in exec_module
  File "<frozen importlib._bootstrap_external>", line 1017, in get_code
  File "<frozen importlib._bootstrap_external>", line 947, in source_to_code
  File "<frozen importlib._bootstrap>", line 241, in _call_with_frames_removed
  File "/opt/airflow/dags/data_staging_dag.py", line 99
    old_video_ids = [row[0] for row in rows]
IndentationError: unexpected indent
[2026-09-17T21:08:02.077+0000] {processor.py:842} WARNING - No viable dags retrieved from /opt/airflow/dags/data_staging_dag.py
[2026-09-17T21:08:02.104+0000] {processor.py:183} INFO - Processing /opt/airflow/dags/data_staging_dag.py took 0.056 seconds
[2026-09-17T21:08:03.103+0000] {processor.py:161} INFO - Started process (PID=657) to work on /opt/airflow/dags/data_staging_dag.py
[2026-09-17T21:08:03.105+0000] {processor.py:830} INFO - Processing file /opt/airflow/dags/data_staging_dag.py for tasks to queue
[2026-09-17T21:08:03.106+0000] {logging_mixin.py:188} INFO - [2026-09-17T21:08:03.106+0000] {dagbag.py:545} INFO - Filling up the DagBag from /opt/airflow/dags/data_staging_dag.py
[2026-09-17T21:08:03.113+0000] {logging_mixin.py:188} INFO - [2026-09-17T21:08:03.112+0000] {dagbag.py:355} ERROR - Failed to import: /opt/airflow/dags/data_staging_dag.py
Traceback (most recent call last):
  File "/home/airflow/.local/lib/python3.10/site-packages/airflow/models/dagbag.py", line 351, in parse
    loader.exec_module(new_module)
  File "<frozen importlib._bootstrap_external>", line 879, in exec_module
  File "<frozen importlib._bootstrap_external>", line 1017, in get_code
  File "<frozen importlib._bootstrap_external>", line 947, in source_to_code
  File "<frozen importlib._bootstrap>", line 241, in _call_with_frames_removed
  File "/opt/airflow/dags/data_staging_dag.py", line 100
    old_video_ids = [row[0] for row in rows]
IndentationError: unexpected indent
[2026-09-17T21:08:03.114+0000] {processor.py:842} WARNING - No viable dags retrieved from /opt/airflow/dags/data_staging_dag.py
[2026-09-17T21:08:03.149+0000] {processor.py:183} INFO - Processing /opt/airflow/dags/data_staging_dag.py took 0.058 seconds
[2026-09-17T21:08:06.166+0000] {processor.py:161} INFO - Started process (PID=664) to work on /opt/airflow/dags/data_staging_dag.py
[2026-09-17T21:08:06.168+0000] {processor.py:830} INFO - Processing file /opt/airflow/dags/data_staging_dag.py for tasks to queue
[2026-09-17T21:08:06.169+0000] {logging_mixin.py:188} INFO - [2026-09-17T21:08:06.169+0000] {dagbag.py:545} INFO - Filling up the DagBag from /opt/airflow/dags/data_staging_dag.py
[2026-09-17T21:08:06.175+0000] {logging_mixin.py:188} INFO - [2026-09-17T21:08:06.174+0000] {dagbag.py:355} ERROR - Failed to import: /opt/airflow/dags/data_staging_dag.py
Traceback (most recent call last):
  File "/home/airflow/.local/lib/python3.10/site-packages/airflow/models/dagbag.py", line 351, in parse
    loader.exec_module(new_module)
  File "<frozen importlib._bootstrap_external>", line 879, in exec_module
  File "<frozen importlib._bootstrap_external>", line 1017, in get_code
  File "<frozen importlib._bootstrap_external>", line 947, in source_to_code
  File "<frozen importlib._bootstrap>", line 241, in _call_with_frames_removed
  File "/opt/airflow/dags/data_staging_dag.py", line 100
    old_video_ids = [row[0] for row in rows]
IndentationError: unexpected indent
[2026-09-17T21:08:06.176+0000] {processor.py:842} WARNING - No viable dags retrieved from /opt/airflow/dags/data_staging_dag.py
[2026-09-17T21:08:06.208+0000] {processor.py:183} INFO - Processing /opt/airflow/dags/data_staging_dag.py took 0.055 seconds
[2026-09-17T21:08:07.209+0000] {processor.py:161} INFO - Started process (PID=665) to work on /opt/airflow/dags/data_staging_dag.py
[2026-09-17T21:08:07.210+0000] {processor.py:830} INFO - Processing file /opt/airflow/dags/data_staging_dag.py for tasks to queue
[2026-09-17T21:08:07.211+0000] {logging_mixin.py:188} INFO - [2026-09-17T21:08:07.211+0000] {dagbag.py:545} INFO - Filling up the DagBag from /opt/airflow/dags/data_staging_dag.py
[2026-09-17T21:08:07.215+0000] {logging_mixin.py:188} INFO - [2026-09-17T21:08:07.214+0000] {dagbag.py:355} ERROR - Failed to import: /opt/airflow/dags/data_staging_dag.py
Traceback (most recent call last):
  File "/home/airflow/.local/lib/python3.10/site-packages/airflow/models/dagbag.py", line 351, in parse
    loader.exec_module(new_module)
  File "<frozen importlib._bootstrap_external>", line 879, in exec_module
  File "<frozen importlib._bootstrap_external>", line 1017, in get_code
  File "<frozen importlib._bootstrap_external>", line 947, in source_to_code
  File "<frozen importlib._bootstrap>", line 241, in _call_with_frames_removed
  File "/opt/airflow/dags/data_staging_dag.py", line 100
    old_video_ids = [row[0] for row in rows]
IndentationError: unexpected indent
[2026-09-17T21:08:07.215+0000] {processor.py:842} WARNING - No viable dags retrieved from /opt/airflow/dags/data_staging_dag.py
[2026-09-17T21:08:07.241+0000] {processor.py:183} INFO - Processing /opt/airflow/dags/data_staging_dag.py took 0.045 seconds
[2026-09-17T21:08:10.313+0000] {processor.py:161} INFO - Started process (PID=666) to work on /opt/airflow/dags/data_staging_dag.py
[2026-09-17T21:08:10.314+0000] {processor.py:830} INFO - Processing file /opt/airflow/dags/data_staging_dag.py for tasks to queue
[2026-09-17T21:08:10.316+0000] {logging_mixin.py:188} INFO - [2026-09-17T21:08:10.315+0000] {dagbag.py:545} INFO - Filling up the DagBag from /opt/airflow/dags/data_staging_dag.py
[2026-09-17T21:08:10.321+0000] {logging_mixin.py:188} INFO - [2026-09-17T21:08:10.320+0000] {dagbag.py:355} ERROR - Failed to import: /opt/airflow/dags/data_staging_dag.py
Traceback (most recent call last):
  File "/home/airflow/.local/lib/python3.10/site-packages/airflow/models/dagbag.py", line 351, in parse
    loader.exec_module(new_module)
  File "<frozen importlib._bootstrap_external>", line 879, in exec_module
  File "<frozen importlib._bootstrap_external>", line 1017, in get_code
  File "<frozen importlib._bootstrap_external>", line 947, in source_to_code
  File "<frozen importlib._bootstrap>", line 241, in _call_with_frames_removed
  File "/opt/airflow/dags/data_staging_dag.py", line 100
    old_video_ids = [row[0] for row in rows]
IndentationError: unexpected indent
[2026-09-17T21:08:10.321+0000] {processor.py:842} WARNING - No viable dags retrieved from /opt/airflow/dags/data_staging_dag.py
[2026-09-17T21:08:10.351+0000] {processor.py:183} INFO - Processing /opt/airflow/dags/data_staging_dag.py took 0.053 seconds
[2026-09-17T21:08:13.359+0000] {processor.py:161} INFO - Started process (PID=667) to work on /opt/airflow/dags/data_staging_dag.py
[2026-09-17T21:08:13.360+0000] {processor.py:830} INFO - Processing file /opt/airflow/dags/data_staging_dag.py for tasks to queue
[2026-09-17T21:08:13.364+0000] {logging_mixin.py:188} INFO - [2026-09-17T21:08:13.363+0000] {dagbag.py:545} INFO - Filling up the DagBag from /opt/airflow/dags/data_staging_dag.py
[2026-09-17T21:08:13.371+0000] {logging_mixin.py:188} INFO - [2026-09-17T21:08:13.370+0000] {dagbag.py:355} ERROR - Failed to import: /opt/airflow/dags/data_staging_dag.py
Traceback (most recent call last):
  File "/home/airflow/.local/lib/python3.10/site-packages/airflow/models/dagbag.py", line 351, in parse
    loader.exec_module(new_module)
  File "<frozen importlib._bootstrap_external>", line 879, in exec_module
  File "<frozen importlib._bootstrap_external>", line 1017, in get_code
  File "<frozen importlib._bootstrap_external>", line 947, in source_to_code
  File "<frozen importlib._bootstrap>", line 241, in _call_with_frames_removed
  File "/opt/airflow/dags/data_staging_dag.py", line 101
    new_video_ids = [video["video_id"] for video in videos]
IndentationError: unexpected indent
[2026-09-17T21:08:13.372+0000] {processor.py:842} WARNING - No viable dags retrieved from /opt/airflow/dags/data_staging_dag.py
[2026-09-17T21:08:13.414+0000] {processor.py:183} INFO - Processing /opt/airflow/dags/data_staging_dag.py took 0.070 seconds
[2026-09-17T21:08:16.420+0000] {processor.py:161} INFO - Started process (PID=668) to work on /opt/airflow/dags/data_staging_dag.py
[2026-09-17T21:08:16.422+0000] {processor.py:830} INFO - Processing file /opt/airflow/dags/data_staging_dag.py for tasks to queue
[2026-09-17T21:08:16.423+0000] {logging_mixin.py:188} INFO - [2026-09-17T21:08:16.423+0000] {dagbag.py:545} INFO - Filling up the DagBag from /opt/airflow/dags/data_staging_dag.py
[2026-09-17T21:08:16.430+0000] {logging_mixin.py:188} INFO - [2026-09-17T21:08:16.428+0000] {dagbag.py:355} ERROR - Failed to import: /opt/airflow/dags/data_staging_dag.py
Traceback (most recent call last):
  File "/home/airflow/.local/lib/python3.10/site-packages/airflow/models/dagbag.py", line 351, in parse
    loader.exec_module(new_module)
  File "<frozen importlib._bootstrap_external>", line 879, in exec_module
  File "<frozen importlib._bootstrap_external>", line 1017, in get_code
  File "<frozen importlib._bootstrap_external>", line 947, in source_to_code
  File "<frozen importlib._bootstrap>", line 241, in _call_with_frames_removed
  File "/opt/airflow/dags/data_staging_dag.py", line 102
    ids_to_delete = list(old_video_ids - new_video_ids)
IndentationError: unexpected indent
[2026-09-17T21:08:16.430+0000] {processor.py:842} WARNING - No viable dags retrieved from /opt/airflow/dags/data_staging_dag.py
[2026-09-17T21:08:16.459+0000] {processor.py:183} INFO - Processing /opt/airflow/dags/data_staging_dag.py took 0.052 seconds
[2026-09-17T21:08:18.506+0000] {processor.py:161} INFO - Started process (PID=669) to work on /opt/airflow/dags/data_staging_dag.py
[2026-09-17T21:08:18.508+0000] {processor.py:830} INFO - Processing file /opt/airflow/dags/data_staging_dag.py for tasks to queue
[2026-09-17T21:08:18.509+0000] {logging_mixin.py:188} INFO - [2026-09-17T21:08:18.508+0000] {dagbag.py:545} INFO - Filling up the DagBag from /opt/airflow/dags/data_staging_dag.py
[2026-09-17T21:08:18.516+0000] {logging_mixin.py:188} INFO - [2026-09-17T21:08:18.514+0000] {dagbag.py:355} ERROR - Failed to import: /opt/airflow/dags/data_staging_dag.py
Traceback (most recent call last):
  File "/home/airflow/.local/lib/python3.10/site-packages/airflow/models/dagbag.py", line 351, in parse
    loader.exec_module(new_module)
  File "<frozen importlib._bootstrap_external>", line 879, in exec_module
  File "<frozen importlib._bootstrap_external>", line 1017, in get_code
  File "<frozen importlib._bootstrap_external>", line 947, in source_to_code
  File "<frozen importlib._bootstrap>", line 241, in _call_with_frames_removed
  File "/opt/airflow/dags/data_staging_dag.py", line 105
    sql = """
IndentationError: unexpected indent
[2026-09-17T21:08:18.517+0000] {processor.py:842} WARNING - No viable dags retrieved from /opt/airflow/dags/data_staging_dag.py
[2026-09-17T21:08:18.547+0000] {processor.py:183} INFO - Processing /opt/airflow/dags/data_staging_dag.py took 0.055 seconds
[2026-09-17T21:08:22.540+0000] {processor.py:161} INFO - Started process (PID=670) to work on /opt/airflow/dags/data_staging_dag.py
[2026-09-17T21:08:22.541+0000] {processor.py:830} INFO - Processing file /opt/airflow/dags/data_staging_dag.py for tasks to queue
[2026-09-17T21:08:22.542+0000] {logging_mixin.py:188} INFO - [2026-09-17T21:08:22.542+0000] {dagbag.py:545} INFO - Filling up the DagBag from /opt/airflow/dags/data_staging_dag.py
[2026-09-17T21:08:22.549+0000] {logging_mixin.py:188} INFO - [2026-09-17T21:08:22.548+0000] {dagbag.py:355} ERROR - Failed to import: /opt/airflow/dags/data_staging_dag.py
Traceback (most recent call last):
  File "/home/airflow/.local/lib/python3.10/site-packages/airflow/models/dagbag.py", line 351, in parse
    loader.exec_module(new_module)
  File "<frozen importlib._bootstrap_external>", line 879, in exec_module
  File "<frozen importlib._bootstrap_external>", line 1017, in get_code
  File "<frozen importlib._bootstrap_external>", line 947, in source_to_code
  File "<frozen importlib._bootstrap>", line 241, in _call_with_frames_removed
  File "/opt/airflow/dags/data_staging_dag.py", line 110
    hook.run(sql,parameters=(ids_to_delete,),)
IndentationError: unexpected indent
[2026-09-17T21:08:22.550+0000] {processor.py:842} WARNING - No viable dags retrieved from /opt/airflow/dags/data_staging_dag.py
[2026-09-17T21:08:22.575+0000] {processor.py:183} INFO - Processing /opt/airflow/dags/data_staging_dag.py took 0.041 seconds
[2026-09-17T21:08:24.612+0000] {processor.py:161} INFO - Started process (PID=671) to work on /opt/airflow/dags/data_staging_dag.py
[2026-09-17T21:08:24.613+0000] {processor.py:830} INFO - Processing file /opt/airflow/dags/data_staging_dag.py for tasks to queue
[2026-09-17T21:08:24.614+0000] {logging_mixin.py:188} INFO - [2026-09-17T21:08:24.614+0000] {dagbag.py:545} INFO - Filling up the DagBag from /opt/airflow/dags/data_staging_dag.py
[2026-09-17T21:08:24.618+0000] {logging_mixin.py:188} INFO - [2026-09-17T21:08:24.618+0000] {dagbag.py:355} ERROR - Failed to import: /opt/airflow/dags/data_staging_dag.py
Traceback (most recent call last):
  File "/home/airflow/.local/lib/python3.10/site-packages/airflow/models/dagbag.py", line 351, in parse
    loader.exec_module(new_module)
  File "<frozen importlib._bootstrap_external>", line 879, in exec_module
  File "<frozen importlib._bootstrap_external>", line 1017, in get_code
  File "<frozen importlib._bootstrap_external>", line 947, in source_to_code
  File "<frozen importlib._bootstrap>", line 241, in _call_with_frames_removed
  File "/opt/airflow/dags/data_staging_dag.py", line 110
    hook.run(sql,parameters=(ids_to_delete,),)
IndentationError: unexpected indent
[2026-09-17T21:08:24.619+0000] {processor.py:842} WARNING - No viable dags retrieved from /opt/airflow/dags/data_staging_dag.py
[2026-09-17T21:08:24.646+0000] {processor.py:183} INFO - Processing /opt/airflow/dags/data_staging_dag.py took 0.041 seconds
[2026-09-17T21:08:27.701+0000] {processor.py:161} INFO - Started process (PID=673) to work on /opt/airflow/dags/data_staging_dag.py
[2026-09-17T21:08:27.703+0000] {processor.py:830} INFO - Processing file /opt/airflow/dags/data_staging_dag.py for tasks to queue
[2026-09-17T21:08:27.704+0000] {logging_mixin.py:188} INFO - [2026-09-17T21:08:27.704+0000] {dagbag.py:545} INFO - Filling up the DagBag from /opt/airflow/dags/data_staging_dag.py
[2026-09-17T21:08:27.711+0000] {logging_mixin.py:188} INFO - [2026-09-17T21:08:27.710+0000] {dagbag.py:355} ERROR - Failed to import: /opt/airflow/dags/data_staging_dag.py
Traceback (most recent call last):
  File "/home/airflow/.local/lib/python3.10/site-packages/airflow/models/dagbag.py", line 351, in parse
    loader.exec_module(new_module)
  File "<frozen importlib._bootstrap_external>", line 879, in exec_module
  File "<frozen importlib._bootstrap_external>", line 1017, in get_code
  File "<frozen importlib._bootstrap_external>", line 947, in source_to_code
  File "<frozen importlib._bootstrap>", line 241, in _call_with_frames_removed
  File "/opt/airflow/dags/data_staging_dag.py", line 110
    hook.run(sql,parameters=(ids_to_delete,),)
IndentationError: unexpected indent
[2026-09-17T21:08:27.712+0000] {processor.py:842} WARNING - No viable dags retrieved from /opt/airflow/dags/data_staging_dag.py
[2026-09-17T21:08:27.741+0000] {processor.py:183} INFO - Processing /opt/airflow/dags/data_staging_dag.py took 0.053 seconds
[2026-09-17T21:08:29.732+0000] {processor.py:161} INFO - Started process (PID=674) to work on /opt/airflow/dags/data_staging_dag.py
[2026-09-17T21:08:29.734+0000] {processor.py:830} INFO - Processing file /opt/airflow/dags/data_staging_dag.py for tasks to queue
[2026-09-17T21:08:29.735+0000] {logging_mixin.py:188} INFO - [2026-09-17T21:08:29.735+0000] {dagbag.py:545} INFO - Filling up the DagBag from /opt/airflow/dags/data_staging_dag.py
[2026-09-17T21:08:29.740+0000] {logging_mixin.py:188} INFO - [2026-09-17T21:08:29.739+0000] {dagbag.py:355} ERROR - Failed to import: /opt/airflow/dags/data_staging_dag.py
Traceback (most recent call last):
  File "/home/airflow/.local/lib/python3.10/site-packages/airflow/models/dagbag.py", line 351, in parse
    loader.exec_module(new_module)
  File "<frozen importlib._bootstrap_external>", line 879, in exec_module
  File "<frozen importlib._bootstrap_external>", line 1017, in get_code
  File "<frozen importlib._bootstrap_external>", line 947, in source_to_code
  File "<frozen importlib._bootstrap>", line 241, in _call_with_frames_removed
  File "/opt/airflow/dags/data_staging_dag.py", line 110
    hook.run(sql,parameters=(ids_to_delete,),)
IndentationError: unexpected indent
[2026-09-17T21:08:29.741+0000] {processor.py:842} WARNING - No viable dags retrieved from /opt/airflow/dags/data_staging_dag.py
[2026-09-17T21:08:29.786+0000] {processor.py:183} INFO - Processing /opt/airflow/dags/data_staging_dag.py took 0.070 seconds
[2026-09-17T21:08:31.639+0000] {processor.py:161} INFO - Started process (PID=675) to work on /opt/airflow/dags/data_staging_dag.py
[2026-09-17T21:08:31.640+0000] {processor.py:830} INFO - Processing file /opt/airflow/dags/data_staging_dag.py for tasks to queue
[2026-09-17T21:08:31.641+0000] {logging_mixin.py:188} INFO - [2026-09-17T21:08:31.641+0000] {dagbag.py:545} INFO - Filling up the DagBag from /opt/airflow/dags/data_staging_dag.py
[2026-09-17T21:08:31.648+0000] {processor.py:842} WARNING - No viable dags retrieved from /opt/airflow/dags/data_staging_dag.py
[2026-09-17T21:08:31.671+0000] {processor.py:183} INFO - Processing /opt/airflow/dags/data_staging_dag.py took 0.042 seconds
[2026-09-17T21:08:37.718+0000] {processor.py:161} INFO - Started process (PID=683) to work on /opt/airflow/dags/data_staging_dag.py
[2026-09-17T21:08:37.724+0000] {processor.py:830} INFO - Processing file /opt/airflow/dags/data_staging_dag.py for tasks to queue
[2026-09-17T21:08:37.725+0000] {logging_mixin.py:188} INFO - [2026-09-17T21:08:37.724+0000] {dagbag.py:545} INFO - Filling up the DagBag from /opt/airflow/dags/data_staging_dag.py
[2026-09-17T21:08:37.728+0000] {logging_mixin.py:188} INFO - [2026-09-17T21:08:37.728+0000] {dagbag.py:355} ERROR - Failed to import: /opt/airflow/dags/data_staging_dag.py
Traceback (most recent call last):
  File "/home/airflow/.local/lib/python3.10/site-packages/airflow/models/dagbag.py", line 351, in parse
    loader.exec_module(new_module)
  File "<frozen importlib._bootstrap_external>", line 879, in exec_module
  File "<frozen importlib._bootstrap_external>", line 1017, in get_code
  File "<frozen importlib._bootstrap_external>", line 947, in source_to_code
  File "<frozen importlib._bootstrap>", line 241, in _call_with_frames_removed
  File "/opt/airflow/dags/data_staging_dag.py", line 105
    sql = 
          ^
SyntaxError: invalid syntax
[2026-09-17T21:08:37.729+0000] {processor.py:842} WARNING - No viable dags retrieved from /opt/airflow/dags/data_staging_dag.py
[2026-09-17T21:08:37.755+0000] {processor.py:183} INFO - Processing /opt/airflow/dags/data_staging_dag.py took 0.047 seconds
[2026-09-17T21:08:41.782+0000] {processor.py:161} INFO - Started process (PID=684) to work on /opt/airflow/dags/data_staging_dag.py
[2026-09-17T21:08:41.784+0000] {processor.py:830} INFO - Processing file /opt/airflow/dags/data_staging_dag.py for tasks to queue
[2026-09-17T21:08:41.785+0000] {logging_mixin.py:188} INFO - [2026-09-17T21:08:41.784+0000] {dagbag.py:545} INFO - Filling up the DagBag from /opt/airflow/dags/data_staging_dag.py
[2026-09-17T21:08:41.793+0000] {processor.py:842} WARNING - No viable dags retrieved from /opt/airflow/dags/data_staging_dag.py
[2026-09-17T21:08:41.819+0000] {processor.py:183} INFO - Processing /opt/airflow/dags/data_staging_dag.py took 0.044 seconds
[2026-09-17T21:08:43.829+0000] {processor.py:161} INFO - Started process (PID=685) to work on /opt/airflow/dags/data_staging_dag.py
[2026-09-17T21:08:43.830+0000] {processor.py:830} INFO - Processing file /opt/airflow/dags/data_staging_dag.py for tasks to queue
[2026-09-17T21:08:43.831+0000] {logging_mixin.py:188} INFO - [2026-09-17T21:08:43.830+0000] {dagbag.py:545} INFO - Filling up the DagBag from /opt/airflow/dags/data_staging_dag.py
[2026-09-17T21:08:43.836+0000] {processor.py:842} WARNING - No viable dags retrieved from /opt/airflow/dags/data_staging_dag.py
[2026-09-17T21:08:43.855+0000] {processor.py:183} INFO - Processing /opt/airflow/dags/data_staging_dag.py took 0.033 seconds
[2026-09-17T21:09:05.429+0000] {processor.py:161} INFO - Started process (PID=693) to work on /opt/airflow/dags/data_staging_dag.py
[2026-09-17T21:09:05.430+0000] {processor.py:830} INFO - Processing file /opt/airflow/dags/data_staging_dag.py for tasks to queue
[2026-09-17T21:09:05.432+0000] {logging_mixin.py:188} INFO - [2026-09-17T21:09:05.431+0000] {dagbag.py:545} INFO - Filling up the DagBag from /opt/airflow/dags/data_staging_dag.py
[2026-09-17T21:09:05.443+0000] {processor.py:842} WARNING - No viable dags retrieved from /opt/airflow/dags/data_staging_dag.py
[2026-09-17T21:09:05.471+0000] {processor.py:183} INFO - Processing /opt/airflow/dags/data_staging_dag.py took 0.054 seconds
[2026-09-17T21:09:07.471+0000] {processor.py:161} INFO - Started process (PID=694) to work on /opt/airflow/dags/data_staging_dag.py
[2026-09-17T21:09:07.472+0000] {processor.py:830} INFO - Processing file /opt/airflow/dags/data_staging_dag.py for tasks to queue
[2026-09-17T21:09:07.473+0000] {logging_mixin.py:188} INFO - [2026-09-17T21:09:07.473+0000] {dagbag.py:545} INFO - Filling up the DagBag from /opt/airflow/dags/data_staging_dag.py
[2026-09-17T21:09:07.477+0000] {logging_mixin.py:188} INFO - [2026-09-17T21:09:07.477+0000] {dagbag.py:355} ERROR - Failed to import: /opt/airflow/dags/data_staging_dag.py
Traceback (most recent call last):
  File "/home/airflow/.local/lib/python3.10/site-packages/airflow/models/dagbag.py", line 351, in parse
    loader.exec_module(new_module)
  File "<frozen importlib._bootstrap_external>", line 879, in exec_module
  File "<frozen importlib._bootstrap_external>", line 1017, in get_code
  File "<frozen importlib._bootstrap_external>", line 947, in source_to_code
  File "<frozen importlib._bootstrap>", line 241, in _call_with_frames_removed
  File "/opt/airflow/dags/data_staging_dag.py", line 178
    @
     ^
SyntaxError: invalid syntax
[2026-09-17T21:09:07.478+0000] {processor.py:842} WARNING - No viable dags retrieved from /opt/airflow/dags/data_staging_dag.py
[2026-09-17T21:09:07.506+0000] {processor.py:183} INFO - Processing /opt/airflow/dags/data_staging_dag.py took 0.043 seconds
[2026-09-17T21:09:10.539+0000] {processor.py:161} INFO - Started process (PID=695) to work on /opt/airflow/dags/data_staging_dag.py
[2026-09-17T21:09:10.540+0000] {processor.py:830} INFO - Processing file /opt/airflow/dags/data_staging_dag.py for tasks to queue
[2026-09-17T21:09:10.541+0000] {logging_mixin.py:188} INFO - [2026-09-17T21:09:10.541+0000] {dagbag.py:545} INFO - Filling up the DagBag from /opt/airflow/dags/data_staging_dag.py
[2026-09-17T21:09:10.546+0000] {logging_mixin.py:188} INFO - [2026-09-17T21:09:10.545+0000] {dagbag.py:355} ERROR - Failed to import: /opt/airflow/dags/data_staging_dag.py
Traceback (most recent call last):
  File "/home/airflow/.local/lib/python3.10/site-packages/airflow/models/dagbag.py", line 351, in parse
    loader.exec_module(new_module)
  File "<frozen importlib._bootstrap_external>", line 879, in exec_module
  File "<frozen importlib._bootstrap_external>", line 1017, in get_code
  File "<frozen importlib._bootstrap_external>", line 947, in source_to_code
  File "<frozen importlib._bootstrap>", line 241, in _call_with_frames_removed
  File "/opt/airflow/dags/data_staging_dag.py", line 179
    videos_list_task = get_latest_videos()
    ^^^^^^^^^^^^^^^^
SyntaxError: invalid syntax
[2026-09-17T21:09:10.546+0000] {processor.py:842} WARNING - No viable dags retrieved from /opt/airflow/dags/data_staging_dag.py
[2026-09-17T21:09:10.573+0000] {processor.py:183} INFO - Processing /opt/airflow/dags/data_staging_dag.py took 0.042 seconds
[2026-09-17T21:09:14.610+0000] {processor.py:161} INFO - Started process (PID=696) to work on /opt/airflow/dags/data_staging_dag.py
[2026-09-17T21:09:14.612+0000] {processor.py:830} INFO - Processing file /opt/airflow/dags/data_staging_dag.py for tasks to queue
[2026-09-17T21:09:14.614+0000] {logging_mixin.py:188} INFO - [2026-09-17T21:09:14.613+0000] {dagbag.py:545} INFO - Filling up the DagBag from /opt/airflow/dags/data_staging_dag.py
[2026-09-17T21:09:14.623+0000] {logging_mixin.py:188} INFO - [2026-09-17T21:09:14.622+0000] {dagbag.py:355} ERROR - Failed to import: /opt/airflow/dags/data_staging_dag.py
Traceback (most recent call last):
  File "/home/airflow/.local/lib/python3.10/site-packages/airflow/models/dagbag.py", line 351, in parse
    loader.exec_module(new_module)
  File "<frozen importlib._bootstrap_external>", line 879, in exec_module
  File "<frozen importlib._bootstrap_external>", line 1017, in get_code
  File "<frozen importlib._bootstrap_external>", line 947, in source_to_code
  File "<frozen importlib._bootstrap>", line 241, in _call_with_frames_removed
  File "/opt/airflow/dags/data_staging_dag.py", line 180
    videos_list_task = get_latest_videos()
    ^^^^^^^^^^^^^^^^
SyntaxError: invalid syntax
[2026-09-17T21:09:14.623+0000] {processor.py:842} WARNING - No viable dags retrieved from /opt/airflow/dags/data_staging_dag.py
[2026-09-17T21:09:14.664+0000] {processor.py:183} INFO - Processing /opt/airflow/dags/data_staging_dag.py took 0.068 seconds
[2026-09-17T21:09:20.688+0000] {processor.py:161} INFO - Started process (PID=697) to work on /opt/airflow/dags/data_staging_dag.py
[2026-09-17T21:09:20.694+0000] {processor.py:830} INFO - Processing file /opt/airflow/dags/data_staging_dag.py for tasks to queue
[2026-09-17T21:09:20.696+0000] {logging_mixin.py:188} INFO - [2026-09-17T21:09:20.696+0000] {dagbag.py:545} INFO - Filling up the DagBag from /opt/airflow/dags/data_staging_dag.py
[2026-09-17T21:09:20.704+0000] {logging_mixin.py:188} INFO - [2026-09-17T21:09:20.703+0000] {dagbag.py:355} ERROR - Failed to import: /opt/airflow/dags/data_staging_dag.py
Traceback (most recent call last):
  File "/home/airflow/.local/lib/python3.10/site-packages/airflow/models/dagbag.py", line 351, in parse
    loader.exec_module(new_module)
  File "<frozen importlib._bootstrap_external>", line 879, in exec_module
  File "<frozen importlib._bootstrap_external>", line 1017, in get_code
  File "<frozen importlib._bootstrap_external>", line 947, in source_to_code
  File "<frozen importlib._bootstrap>", line 241, in _call_with_frames_removed
  File "/opt/airflow/dags/data_staging_dag.py", line 179
    def synchronize
                   ^
SyntaxError: invalid syntax
[2026-09-17T21:09:20.705+0000] {processor.py:842} WARNING - No viable dags retrieved from /opt/airflow/dags/data_staging_dag.py
[2026-09-17T21:09:20.741+0000] {processor.py:183} INFO - Processing /opt/airflow/dags/data_staging_dag.py took 0.066 seconds
[2026-09-17T21:09:22.745+0000] {processor.py:161} INFO - Started process (PID=698) to work on /opt/airflow/dags/data_staging_dag.py
[2026-09-17T21:09:22.746+0000] {processor.py:830} INFO - Processing file /opt/airflow/dags/data_staging_dag.py for tasks to queue
[2026-09-17T21:09:22.747+0000] {logging_mixin.py:188} INFO - [2026-09-17T21:09:22.747+0000] {dagbag.py:545} INFO - Filling up the DagBag from /opt/airflow/dags/data_staging_dag.py
[2026-09-17T21:09:22.751+0000] {logging_mixin.py:188} INFO - [2026-09-17T21:09:22.750+0000] {dagbag.py:355} ERROR - Failed to import: /opt/airflow/dags/data_staging_dag.py
Traceback (most recent call last):
  File "/home/airflow/.local/lib/python3.10/site-packages/airflow/models/dagbag.py", line 351, in parse
    loader.exec_module(new_module)
  File "<frozen importlib._bootstrap_external>", line 879, in exec_module
  File "<frozen importlib._bootstrap_external>", line 1017, in get_code
  File "<frozen importlib._bootstrap_external>", line 947, in source_to_code
  File "<frozen importlib._bootstrap>", line 241, in _call_with_frames_removed
  File "/opt/airflow/dags/data_staging_dag.py", line 179
    def synchronize_core()
                          ^
SyntaxError: expected ':'
[2026-09-17T21:09:22.751+0000] {processor.py:842} WARNING - No viable dags retrieved from /opt/airflow/dags/data_staging_dag.py
[2026-09-17T21:09:22.779+0000] {processor.py:183} INFO - Processing /opt/airflow/dags/data_staging_dag.py took 0.044 seconds
[2026-09-17T21:09:31.842+0000] {processor.py:161} INFO - Started process (PID=706) to work on /opt/airflow/dags/data_staging_dag.py
[2026-09-17T21:09:31.842+0000] {processor.py:830} INFO - Processing file /opt/airflow/dags/data_staging_dag.py for tasks to queue
[2026-09-17T21:09:31.843+0000] {logging_mixin.py:188} INFO - [2026-09-17T21:09:31.843+0000] {dagbag.py:545} INFO - Filling up the DagBag from /opt/airflow/dags/data_staging_dag.py
[2026-09-17T21:09:31.847+0000] {logging_mixin.py:188} INFO - [2026-09-17T21:09:31.846+0000] {dagbag.py:355} ERROR - Failed to import: /opt/airflow/dags/data_staging_dag.py
Traceback (most recent call last):
  File "/home/airflow/.local/lib/python3.10/site-packages/airflow/models/dagbag.py", line 351, in parse
    loader.exec_module(new_module)
  File "<frozen importlib._bootstrap_external>", line 879, in exec_module
  File "<frozen importlib._bootstrap_external>", line 1017, in get_code
  File "<frozen importlib._bootstrap_external>", line 947, in source_to_code
  File "<frozen importlib._bootstrap>", line 241, in _call_with_frames_removed
  File "/opt/airflow/dags/data_staging_dag.py", line 179
    def synchronize_core()
                          ^
SyntaxError: expected ':'
[2026-09-17T21:09:31.847+0000] {processor.py:842} WARNING - No viable dags retrieved from /opt/airflow/dags/data_staging_dag.py
[2026-09-17T21:09:31.870+0000] {processor.py:183} INFO - Processing /opt/airflow/dags/data_staging_dag.py took 0.036 seconds
[2026-09-17T21:09:33.879+0000] {processor.py:161} INFO - Started process (PID=707) to work on /opt/airflow/dags/data_staging_dag.py
[2026-09-17T21:09:33.881+0000] {processor.py:830} INFO - Processing file /opt/airflow/dags/data_staging_dag.py for tasks to queue
[2026-09-17T21:09:33.883+0000] {logging_mixin.py:188} INFO - [2026-09-17T21:09:33.882+0000] {dagbag.py:545} INFO - Filling up the DagBag from /opt/airflow/dags/data_staging_dag.py
[2026-09-17T21:09:33.890+0000] {logging_mixin.py:188} INFO - [2026-09-17T21:09:33.888+0000] {dagbag.py:355} ERROR - Failed to import: /opt/airflow/dags/data_staging_dag.py
Traceback (most recent call last):
  File "/home/airflow/.local/lib/python3.10/site-packages/airflow/models/dagbag.py", line 351, in parse
    loader.exec_module(new_module)
  File "<frozen importlib._bootstrap_external>", line 879, in exec_module
  File "<frozen importlib._bootstrap_external>", line 1017, in get_code
  File "<frozen importlib._bootstrap_external>", line 947, in source_to_code
  File "<frozen importlib._bootstrap>", line 241, in _call_with_frames_removed
  File "/opt/airflow/dags/data_staging_dag.py", line 179
    def synchronize_core(videos:list[Dict[str,Any]])
                                                    ^
SyntaxError: expected ':'
[2026-09-17T21:09:33.890+0000] {processor.py:842} WARNING - No viable dags retrieved from /opt/airflow/dags/data_staging_dag.py
[2026-09-17T21:09:33.934+0000] {processor.py:183} INFO - Processing /opt/airflow/dags/data_staging_dag.py took 0.066 seconds
[2026-09-17T21:09:35.936+0000] {processor.py:161} INFO - Started process (PID=708) to work on /opt/airflow/dags/data_staging_dag.py
[2026-09-17T21:09:35.939+0000] {processor.py:830} INFO - Processing file /opt/airflow/dags/data_staging_dag.py for tasks to queue
[2026-09-17T21:09:35.941+0000] {logging_mixin.py:188} INFO - [2026-09-17T21:09:35.940+0000] {dagbag.py:545} INFO - Filling up the DagBag from /opt/airflow/dags/data_staging_dag.py
[2026-09-17T21:09:35.950+0000] {logging_mixin.py:188} INFO - [2026-09-17T21:09:35.948+0000] {dagbag.py:355} ERROR - Failed to import: /opt/airflow/dags/data_staging_dag.py
Traceback (most recent call last):
  File "/home/airflow/.local/lib/python3.10/site-packages/airflow/models/dagbag.py", line 351, in parse
    loader.exec_module(new_module)
  File "<frozen importlib._bootstrap_external>", line 879, in exec_module
  File "<frozen importlib._bootstrap_external>", line 1017, in get_code
  File "<frozen importlib._bootstrap_external>", line 947, in source_to_code
  File "<frozen importlib._bootstrap>", line 241, in _call_with_frames_removed
  File "/opt/airflow/dags/data_staging_dag.py", line 180
    videos_list_task = get_latest_videos()
    ^^^^^^^^^^^^^^^^
IndentationError: expected an indented block after function definition on line 179
[2026-09-17T21:09:35.950+0000] {processor.py:842} WARNING - No viable dags retrieved from /opt/airflow/dags/data_staging_dag.py
[2026-09-17T21:09:35.997+0000] {processor.py:183} INFO - Processing /opt/airflow/dags/data_staging_dag.py took 0.071 seconds
[2026-09-17T21:09:37.002+0000] {processor.py:161} INFO - Started process (PID=709) to work on /opt/airflow/dags/data_staging_dag.py
[2026-09-17T21:09:37.003+0000] {processor.py:830} INFO - Processing file /opt/airflow/dags/data_staging_dag.py for tasks to queue
[2026-09-17T21:09:37.004+0000] {logging_mixin.py:188} INFO - [2026-09-17T21:09:37.004+0000] {dagbag.py:545} INFO - Filling up the DagBag from /opt/airflow/dags/data_staging_dag.py
[2026-09-17T21:09:37.009+0000] {logging_mixin.py:188} INFO - [2026-09-17T21:09:37.009+0000] {dagbag.py:355} ERROR - Failed to import: /opt/airflow/dags/data_staging_dag.py
Traceback (most recent call last):
  File "/home/airflow/.local/lib/python3.10/site-packages/airflow/models/dagbag.py", line 351, in parse
    loader.exec_module(new_module)
  File "<frozen importlib._bootstrap_external>", line 879, in exec_module
  File "<frozen importlib._bootstrap_external>", line 1017, in get_code
  File "<frozen importlib._bootstrap_external>", line 947, in source_to_code
  File "<frozen importlib._bootstrap>", line 241, in _call_with_frames_removed
  File "/opt/airflow/dags/data_staging_dag.py", line 181
    videos_list_task = get_latest_videos()
    ^^^^^^^^^^^^^^^^
IndentationError: expected an indented block after function definition on line 179
[2026-09-17T21:09:37.010+0000] {processor.py:842} WARNING - No viable dags retrieved from /opt/airflow/dags/data_staging_dag.py
[2026-09-17T21:09:37.034+0000] {processor.py:183} INFO - Processing /opt/airflow/dags/data_staging_dag.py took 0.041 seconds
[2026-09-17T21:10:07.272+0000] {processor.py:161} INFO - Started process (PID=717) to work on /opt/airflow/dags/data_staging_dag.py
[2026-09-17T21:10:07.274+0000] {processor.py:830} INFO - Processing file /opt/airflow/dags/data_staging_dag.py for tasks to queue
[2026-09-17T21:10:07.274+0000] {logging_mixin.py:188} INFO - [2026-09-17T21:10:07.274+0000] {dagbag.py:545} INFO - Filling up the DagBag from /opt/airflow/dags/data_staging_dag.py
[2026-09-17T21:10:07.279+0000] {logging_mixin.py:188} INFO - [2026-09-17T21:10:07.278+0000] {dagbag.py:355} ERROR - Failed to import: /opt/airflow/dags/data_staging_dag.py
Traceback (most recent call last):
  File "/home/airflow/.local/lib/python3.10/site-packages/airflow/models/dagbag.py", line 351, in parse
    loader.exec_module(new_module)
  File "<frozen importlib._bootstrap_external>", line 879, in exec_module
  File "<frozen importlib._bootstrap_external>", line 1017, in get_code
  File "<frozen importlib._bootstrap_external>", line 947, in source_to_code
  File "<frozen importlib._bootstrap>", line 241, in _call_with_frames_removed
  File "/opt/airflow/dags/data_staging_dag.py", line 181
    videos_list_task = get_latest_videos()
    ^^^^^^^^^^^^^^^^
IndentationError: expected an indented block after function definition on line 179
[2026-09-17T21:10:07.279+0000] {processor.py:842} WARNING - No viable dags retrieved from /opt/airflow/dags/data_staging_dag.py
[2026-09-17T21:10:07.304+0000] {processor.py:183} INFO - Processing /opt/airflow/dags/data_staging_dag.py took 0.039 seconds
[2026-09-17T21:10:37.724+0000] {processor.py:161} INFO - Started process (PID=725) to work on /opt/airflow/dags/data_staging_dag.py
[2026-09-17T21:10:37.725+0000] {processor.py:830} INFO - Processing file /opt/airflow/dags/data_staging_dag.py for tasks to queue
[2026-09-17T21:10:37.726+0000] {logging_mixin.py:188} INFO - [2026-09-17T21:10:37.726+0000] {dagbag.py:545} INFO - Filling up the DagBag from /opt/airflow/dags/data_staging_dag.py
[2026-09-17T21:10:37.730+0000] {logging_mixin.py:188} INFO - [2026-09-17T21:10:37.730+0000] {dagbag.py:355} ERROR - Failed to import: /opt/airflow/dags/data_staging_dag.py
Traceback (most recent call last):
  File "/home/airflow/.local/lib/python3.10/site-packages/airflow/models/dagbag.py", line 351, in parse
    loader.exec_module(new_module)
  File "<frozen importlib._bootstrap_external>", line 879, in exec_module
  File "<frozen importlib._bootstrap_external>", line 1017, in get_code
  File "<frozen importlib._bootstrap_external>", line 947, in source_to_code
  File "<frozen importlib._bootstrap>", line 241, in _call_with_frames_removed
  File "/opt/airflow/dags/data_staging_dag.py", line 150
    videos_list_task = get_latest_videos()
    ^^^^^^^^^^^^^^^^
IndentationError: expected an indented block after function definition on line 148
[2026-09-17T21:10:37.730+0000] {processor.py:842} WARNING - No viable dags retrieved from /opt/airflow/dags/data_staging_dag.py
[2026-09-17T21:10:37.756+0000] {processor.py:183} INFO - Processing /opt/airflow/dags/data_staging_dag.py took 0.038 seconds
[2026-09-17T21:10:48.825+0000] {processor.py:161} INFO - Started process (PID=726) to work on /opt/airflow/dags/data_staging_dag.py
[2026-09-17T21:10:48.831+0000] {processor.py:830} INFO - Processing file /opt/airflow/dags/data_staging_dag.py for tasks to queue
[2026-09-17T21:10:48.833+0000] {logging_mixin.py:188} INFO - [2026-09-17T21:10:48.832+0000] {dagbag.py:545} INFO - Filling up the DagBag from /opt/airflow/dags/data_staging_dag.py
[2026-09-17T21:10:48.840+0000] {processor.py:842} WARNING - No viable dags retrieved from /opt/airflow/dags/data_staging_dag.py
[2026-09-17T21:10:48.864+0000] {processor.py:183} INFO - Processing /opt/airflow/dags/data_staging_dag.py took 0.056 seconds
[2026-09-17T21:10:49.822+0000] {processor.py:161} INFO - Started process (PID=727) to work on /opt/airflow/dags/data_staging_dag.py
[2026-09-17T21:10:49.823+0000] {processor.py:830} INFO - Processing file /opt/airflow/dags/data_staging_dag.py for tasks to queue
[2026-09-17T21:10:49.824+0000] {logging_mixin.py:188} INFO - [2026-09-17T21:10:49.824+0000] {dagbag.py:545} INFO - Filling up the DagBag from /opt/airflow/dags/data_staging_dag.py
[2026-09-17T21:10:49.830+0000] {processor.py:842} WARNING - No viable dags retrieved from /opt/airflow/dags/data_staging_dag.py
[2026-09-17T21:10:49.854+0000] {processor.py:183} INFO - Processing /opt/airflow/dags/data_staging_dag.py took 0.051 seconds
[2026-09-17T21:11:19.170+0000] {processor.py:161} INFO - Started process (PID=736) to work on /opt/airflow/dags/data_staging_dag.py
[2026-09-17T21:11:19.172+0000] {processor.py:830} INFO - Processing file /opt/airflow/dags/data_staging_dag.py for tasks to queue
[2026-09-17T21:11:19.173+0000] {logging_mixin.py:188} INFO - [2026-09-17T21:11:19.172+0000] {dagbag.py:545} INFO - Filling up the DagBag from /opt/airflow/dags/data_staging_dag.py
[2026-09-17T21:11:19.179+0000] {processor.py:842} WARNING - No viable dags retrieved from /opt/airflow/dags/data_staging_dag.py
[2026-09-17T21:11:19.205+0000] {processor.py:183} INFO - Processing /opt/airflow/dags/data_staging_dag.py took 0.044 seconds
[2026-09-17T21:11:28.268+0000] {processor.py:161} INFO - Started process (PID=743) to work on /opt/airflow/dags/data_staging_dag.py
[2026-09-17T21:11:28.270+0000] {processor.py:830} INFO - Processing file /opt/airflow/dags/data_staging_dag.py for tasks to queue
[2026-09-17T21:11:28.272+0000] {logging_mixin.py:188} INFO - [2026-09-17T21:11:28.271+0000] {dagbag.py:545} INFO - Filling up the DagBag from /opt/airflow/dags/data_staging_dag.py
[2026-09-17T21:11:28.278+0000] {logging_mixin.py:188} INFO - [2026-09-17T21:11:28.277+0000] {dagbag.py:355} ERROR - Failed to import: /opt/airflow/dags/data_staging_dag.py
Traceback (most recent call last):
  File "/home/airflow/.local/lib/python3.10/site-packages/airflow/models/dagbag.py", line 351, in parse
    loader.exec_module(new_module)
  File "<frozen importlib._bootstrap_external>", line 879, in exec_module
  File "<frozen importlib._bootstrap_external>", line 1017, in get_code
  File "<frozen importlib._bootstrap_external>", line 947, in source_to_code
  File "<frozen importlib._bootstrap>", line 241, in _call_with_frames_removed
  File "/opt/airflow/dags/data_staging_dag.py", line 132
    return map(lambda )
                      ^
SyntaxError: invalid syntax
[2026-09-17T21:11:28.279+0000] {processor.py:842} WARNING - No viable dags retrieved from /opt/airflow/dags/data_staging_dag.py
[2026-09-17T21:11:28.309+0000] {processor.py:183} INFO - Processing /opt/airflow/dags/data_staging_dag.py took 0.054 seconds
[2026-09-17T21:11:31.359+0000] {processor.py:161} INFO - Started process (PID=745) to work on /opt/airflow/dags/data_staging_dag.py
[2026-09-17T21:11:31.360+0000] {processor.py:830} INFO - Processing file /opt/airflow/dags/data_staging_dag.py for tasks to queue
[2026-09-17T21:11:31.361+0000] {logging_mixin.py:188} INFO - [2026-09-17T21:11:31.361+0000] {dagbag.py:545} INFO - Filling up the DagBag from /opt/airflow/dags/data_staging_dag.py
[2026-09-17T21:11:31.366+0000] {logging_mixin.py:188} INFO - [2026-09-17T21:11:31.365+0000] {dagbag.py:355} ERROR - Failed to import: /opt/airflow/dags/data_staging_dag.py
Traceback (most recent call last):
  File "/home/airflow/.local/lib/python3.10/site-packages/airflow/models/dagbag.py", line 351, in parse
    loader.exec_module(new_module)
  File "<frozen importlib._bootstrap_external>", line 879, in exec_module
  File "<frozen importlib._bootstrap_external>", line 1017, in get_code
  File "<frozen importlib._bootstrap_external>", line 947, in source_to_code
  File "<frozen importlib._bootstrap>", line 241, in _call_with_frames_removed
  File "/opt/airflow/dags/data_staging_dag.py", line 132
    return map(lambda video:)
                            ^
SyntaxError: invalid syntax
[2026-09-17T21:11:31.367+0000] {processor.py:842} WARNING - No viable dags retrieved from /opt/airflow/dags/data_staging_dag.py
[2026-09-17T21:11:31.399+0000] {processor.py:183} INFO - Processing /opt/airflow/dags/data_staging_dag.py took 0.048 seconds
[2026-09-17T21:11:33.404+0000] {processor.py:161} INFO - Started process (PID=746) to work on /opt/airflow/dags/data_staging_dag.py
[2026-09-17T21:11:33.406+0000] {processor.py:830} INFO - Processing file /opt/airflow/dags/data_staging_dag.py for tasks to queue
[2026-09-17T21:11:33.407+0000] {logging_mixin.py:188} INFO - [2026-09-17T21:11:33.407+0000] {dagbag.py:545} INFO - Filling up the DagBag from /opt/airflow/dags/data_staging_dag.py
[2026-09-17T21:11:33.420+0000] {logging_mixin.py:188} INFO - [2026-09-17T21:11:33.418+0000] {dagbag.py:355} ERROR - Failed to import: /opt/airflow/dags/data_staging_dag.py
Traceback (most recent call last):
  File "/home/airflow/.local/lib/python3.10/site-packages/airflow/models/dagbag.py", line 351, in parse
    loader.exec_module(new_module)
  File "<frozen importlib._bootstrap_external>", line 879, in exec_module
  File "<frozen importlib._bootstrap_external>", line 1017, in get_code
  File "<frozen importlib._bootstrap_external>", line 947, in source_to_code
  File "<frozen importlib._bootstrap>", line 241, in _call_with_frames_removed
  File "/opt/airflow/dags/data_staging_dag.py", line 132
    return map(lambda video: ,)
                             ^
SyntaxError: invalid syntax
[2026-09-17T21:11:33.421+0000] {processor.py:842} WARNING - No viable dags retrieved from /opt/airflow/dags/data_staging_dag.py
[2026-09-17T21:11:33.472+0000] {processor.py:183} INFO - Processing /opt/airflow/dags/data_staging_dag.py took 0.088 seconds
[2026-09-17T21:11:37.499+0000] {processor.py:161} INFO - Started process (PID=747) to work on /opt/airflow/dags/data_staging_dag.py
[2026-09-17T21:11:37.501+0000] {processor.py:830} INFO - Processing file /opt/airflow/dags/data_staging_dag.py for tasks to queue
[2026-09-17T21:11:37.504+0000] {logging_mixin.py:188} INFO - [2026-09-17T21:11:37.503+0000] {dagbag.py:545} INFO - Filling up the DagBag from /opt/airflow/dags/data_staging_dag.py
[2026-09-17T21:11:37.509+0000] {logging_mixin.py:188} INFO - [2026-09-17T21:11:37.508+0000] {dagbag.py:355} ERROR - Failed to import: /opt/airflow/dags/data_staging_dag.py
Traceback (most recent call last):
  File "/home/airflow/.local/lib/python3.10/site-packages/airflow/models/dagbag.py", line 351, in parse
    loader.exec_module(new_module)
  File "<frozen importlib._bootstrap_external>", line 879, in exec_module
  File "<frozen importlib._bootstrap_external>", line 1017, in get_code
  File "<frozen importlib._bootstrap_external>", line 947, in source_to_code
  File "<frozen importlib._bootstrap>", line 241, in _call_with_frames_removed
  File "/opt/airflow/dags/data_staging_dag.py", line 132
    return map(lambda video: ,videos)
                             ^
SyntaxError: invalid syntax
[2026-09-17T21:11:37.509+0000] {processor.py:842} WARNING - No viable dags retrieved from /opt/airflow/dags/data_staging_dag.py
[2026-09-17T21:11:37.546+0000] {processor.py:183} INFO - Processing /opt/airflow/dags/data_staging_dag.py took 0.059 seconds
[2026-09-17T21:12:01.811+0000] {processor.py:161} INFO - Started process (PID=755) to work on /opt/airflow/dags/data_staging_dag.py
[2026-09-17T21:12:01.814+0000] {processor.py:830} INFO - Processing file /opt/airflow/dags/data_staging_dag.py for tasks to queue
[2026-09-17T21:12:01.816+0000] {logging_mixin.py:188} INFO - [2026-09-17T21:12:01.815+0000] {dagbag.py:545} INFO - Filling up the DagBag from /opt/airflow/dags/data_staging_dag.py
[2026-09-17T21:12:01.827+0000] {processor.py:842} WARNING - No viable dags retrieved from /opt/airflow/dags/data_staging_dag.py
[2026-09-17T21:12:01.859+0000] {processor.py:183} INFO - Processing /opt/airflow/dags/data_staging_dag.py took 0.062 seconds
[2026-09-17T21:12:13.893+0000] {processor.py:161} INFO - Started process (PID=756) to work on /opt/airflow/dags/data_staging_dag.py
[2026-09-17T21:12:13.895+0000] {processor.py:830} INFO - Processing file /opt/airflow/dags/data_staging_dag.py for tasks to queue
[2026-09-17T21:12:13.896+0000] {logging_mixin.py:188} INFO - [2026-09-17T21:12:13.895+0000] {dagbag.py:545} INFO - Filling up the DagBag from /opt/airflow/dags/data_staging_dag.py
[2026-09-17T21:12:13.902+0000] {processor.py:842} WARNING - No viable dags retrieved from /opt/airflow/dags/data_staging_dag.py
[2026-09-17T21:12:13.922+0000] {processor.py:183} INFO - Processing /opt/airflow/dags/data_staging_dag.py took 0.038 seconds
[2026-09-17T21:12:19.242+0000] {processor.py:161} INFO - Started process (PID=763) to work on /opt/airflow/dags/data_staging_dag.py
[2026-09-17T21:12:19.243+0000] {processor.py:830} INFO - Processing file /opt/airflow/dags/data_staging_dag.py for tasks to queue
[2026-09-17T21:12:19.244+0000] {logging_mixin.py:188} INFO - [2026-09-17T21:12:19.243+0000] {dagbag.py:545} INFO - Filling up the DagBag from /opt/airflow/dags/data_staging_dag.py
[2026-09-17T21:12:19.247+0000] {logging_mixin.py:188} INFO - [2026-09-17T21:12:19.247+0000] {dagbag.py:355} ERROR - Failed to import: /opt/airflow/dags/data_staging_dag.py
Traceback (most recent call last):
  File "/home/airflow/.local/lib/python3.10/site-packages/airflow/models/dagbag.py", line 351, in parse
    loader.exec_module(new_module)
  File "<frozen importlib._bootstrap_external>", line 879, in exec_module
  File "<frozen importlib._bootstrap_external>", line 1017, in get_code
  File "<frozen importlib._bootstrap_external>", line 947, in source_to_code
  File "<frozen importlib._bootstrap>", line 241, in _call_with_frames_removed
  File "/opt/airflow/dags/data_staging_dag.py", line 133
    video.get("title"),
                     ^
SyntaxError: ':' expected after dictionary key
[2026-09-17T21:12:19.248+0000] {processor.py:842} WARNING - No viable dags retrieved from /opt/airflow/dags/data_staging_dag.py
[2026-09-17T21:12:19.280+0000] {processor.py:183} INFO - Processing /opt/airflow/dags/data_staging_dag.py took 0.048 seconds
[2026-09-17T21:12:23.276+0000] {processor.py:161} INFO - Started process (PID=764) to work on /opt/airflow/dags/data_staging_dag.py
[2026-09-17T21:12:23.277+0000] {processor.py:830} INFO - Processing file /opt/airflow/dags/data_staging_dag.py for tasks to queue
[2026-09-17T21:12:23.278+0000] {logging_mixin.py:188} INFO - [2026-09-17T21:12:23.278+0000] {dagbag.py:545} INFO - Filling up the DagBag from /opt/airflow/dags/data_staging_dag.py
[2026-09-17T21:12:23.282+0000] {logging_mixin.py:188} INFO - [2026-09-17T21:12:23.281+0000] {dagbag.py:355} ERROR - Failed to import: /opt/airflow/dags/data_staging_dag.py
Traceback (most recent call last):
  File "/home/airflow/.local/lib/python3.10/site-packages/airflow/models/dagbag.py", line 351, in parse
    loader.exec_module(new_module)
  File "<frozen importlib._bootstrap_external>", line 879, in exec_module
  File "<frozen importlib._bootstrap_external>", line 1017, in get_code
  File "<frozen importlib._bootstrap_external>", line 947, in source_to_code
  File "<frozen importlib._bootstrap>", line 241, in _call_with_frames_removed
  File "/opt/airflow/dags/data_staging_dag.py", line 133
    video.get("title"),
                     ^
SyntaxError: ':' expected after dictionary key
[2026-09-17T21:12:23.283+0000] {processor.py:842} WARNING - No viable dags retrieved from /opt/airflow/dags/data_staging_dag.py
[2026-09-17T21:12:23.307+0000] {processor.py:183} INFO - Processing /opt/airflow/dags/data_staging_dag.py took 0.039 seconds
[2026-09-17T21:12:30.369+0000] {processor.py:161} INFO - Started process (PID=765) to work on /opt/airflow/dags/data_staging_dag.py
[2026-09-17T21:12:30.370+0000] {processor.py:830} INFO - Processing file /opt/airflow/dags/data_staging_dag.py for tasks to queue
[2026-09-17T21:12:30.371+0000] {logging_mixin.py:188} INFO - [2026-09-17T21:12:30.371+0000] {dagbag.py:545} INFO - Filling up the DagBag from /opt/airflow/dags/data_staging_dag.py
[2026-09-17T21:12:30.379+0000] {logging_mixin.py:188} INFO - [2026-09-17T21:12:30.375+0000] {dagbag.py:355} ERROR - Failed to import: /opt/airflow/dags/data_staging_dag.py
Traceback (most recent call last):
  File "/home/airflow/.local/lib/python3.10/site-packages/airflow/models/dagbag.py", line 351, in parse
    loader.exec_module(new_module)
  File "<frozen importlib._bootstrap_external>", line 879, in exec_module
  File "<frozen importlib._bootstrap_external>", line 1017, in get_code
  File "<frozen importlib._bootstrap_external>", line 947, in source_to_code
  File "<frozen importlib._bootstrap>", line 241, in _call_with_frames_removed
  File "/opt/airflow/dags/data_staging_dag.py", line 134
    video.get("description"),
                           ^
SyntaxError: ':' expected after dictionary key
[2026-09-17T21:12:30.380+0000] {processor.py:842} WARNING - No viable dags retrieved from /opt/airflow/dags/data_staging_dag.py
[2026-09-17T21:12:30.424+0000] {processor.py:183} INFO - Processing /opt/airflow/dags/data_staging_dag.py took 0.065 seconds
[2026-09-17T21:12:33.497+0000] {processor.py:161} INFO - Started process (PID=767) to work on /opt/airflow/dags/data_staging_dag.py
[2026-09-17T21:12:33.500+0000] {processor.py:830} INFO - Processing file /opt/airflow/dags/data_staging_dag.py for tasks to queue
[2026-09-17T21:12:33.502+0000] {logging_mixin.py:188} INFO - [2026-09-17T21:12:33.501+0000] {dagbag.py:545} INFO - Filling up the DagBag from /opt/airflow/dags/data_staging_dag.py
[2026-09-17T21:12:33.509+0000] {logging_mixin.py:188} INFO - [2026-09-17T21:12:33.508+0000] {dagbag.py:355} ERROR - Failed to import: /opt/airflow/dags/data_staging_dag.py
Traceback (most recent call last):
  File "/home/airflow/.local/lib/python3.10/site-packages/airflow/models/dagbag.py", line 351, in parse
    loader.exec_module(new_module)
  File "<frozen importlib._bootstrap_external>", line 879, in exec_module
  File "<frozen importlib._bootstrap_external>", line 1017, in get_code
  File "<frozen importlib._bootstrap_external>", line 947, in source_to_code
  File "<frozen importlib._bootstrap>", line 241, in _call_with_frames_removed
  File "/opt/airflow/dags/data_staging_dag.py", line 135
    video.get("published_at"),
                            ^
SyntaxError: ':' expected after dictionary key
[2026-09-17T21:12:33.510+0000] {processor.py:842} WARNING - No viable dags retrieved from /opt/airflow/dags/data_staging_dag.py
[2026-09-17T21:12:33.557+0000] {processor.py:183} INFO - Processing /opt/airflow/dags/data_staging_dag.py took 0.076 seconds
[2026-09-17T21:12:38.588+0000] {processor.py:161} INFO - Started process (PID=768) to work on /opt/airflow/dags/data_staging_dag.py
[2026-09-17T21:12:38.589+0000] {processor.py:830} INFO - Processing file /opt/airflow/dags/data_staging_dag.py for tasks to queue
[2026-09-17T21:12:38.590+0000] {logging_mixin.py:188} INFO - [2026-09-17T21:12:38.590+0000] {dagbag.py:545} INFO - Filling up the DagBag from /opt/airflow/dags/data_staging_dag.py
[2026-09-17T21:12:38.594+0000] {logging_mixin.py:188} INFO - [2026-09-17T21:12:38.593+0000] {dagbag.py:355} ERROR - Failed to import: /opt/airflow/dags/data_staging_dag.py
Traceback (most recent call last):
  File "/home/airflow/.local/lib/python3.10/site-packages/airflow/models/dagbag.py", line 351, in parse
    loader.exec_module(new_module)
  File "<frozen importlib._bootstrap_external>", line 879, in exec_module
  File "<frozen importlib._bootstrap_external>", line 1017, in get_code
  File "<frozen importlib._bootstrap_external>", line 947, in source_to_code
  File "<frozen importlib._bootstrap>", line 241, in _call_with_frames_removed
  File "/opt/airflow/dags/data_staging_dag.py", line 136
    yt_duration_format(video.get("duration")),
                                            ^
SyntaxError: ':' expected after dictionary key
[2026-09-17T21:12:38.594+0000] {processor.py:842} WARNING - No viable dags retrieved from /opt/airflow/dags/data_staging_dag.py
[2026-09-17T21:12:38.627+0000] {processor.py:183} INFO - Processing /opt/airflow/dags/data_staging_dag.py took 0.049 seconds
[2026-09-17T21:12:41.649+0000] {processor.py:161} INFO - Started process (PID=769) to work on /opt/airflow/dags/data_staging_dag.py
[2026-09-17T21:12:41.650+0000] {processor.py:830} INFO - Processing file /opt/airflow/dags/data_staging_dag.py for tasks to queue
[2026-09-17T21:12:41.651+0000] {logging_mixin.py:188} INFO - [2026-09-17T21:12:41.651+0000] {dagbag.py:545} INFO - Filling up the DagBag from /opt/airflow/dags/data_staging_dag.py
[2026-09-17T21:12:41.657+0000] {logging_mixin.py:188} INFO - [2026-09-17T21:12:41.656+0000] {dagbag.py:355} ERROR - Failed to import: /opt/airflow/dags/data_staging_dag.py
Traceback (most recent call last):
  File "/home/airflow/.local/lib/python3.10/site-packages/airflow/models/dagbag.py", line 351, in parse
    loader.exec_module(new_module)
  File "<frozen importlib._bootstrap_external>", line 879, in exec_module
  File "<frozen importlib._bootstrap_external>", line 1017, in get_code
  File "<frozen importlib._bootstrap_external>", line 947, in source_to_code
  File "<frozen importlib._bootstrap>", line 241, in _call_with_frames_removed
  File "/opt/airflow/dags/data_staging_dag.py", line 137
    video.get("views"),
                     ^
SyntaxError: ':' expected after dictionary key
[2026-09-17T21:12:41.657+0000] {processor.py:842} WARNING - No viable dags retrieved from /opt/airflow/dags/data_staging_dag.py
[2026-09-17T21:12:41.687+0000] {processor.py:183} INFO - Processing /opt/airflow/dags/data_staging_dag.py took 0.048 seconds
[2026-09-17T21:12:42.581+0000] {processor.py:161} INFO - Started process (PID=770) to work on /opt/airflow/dags/data_staging_dag.py
[2026-09-17T21:12:42.582+0000] {processor.py:830} INFO - Processing file /opt/airflow/dags/data_staging_dag.py for tasks to queue
[2026-09-17T21:12:42.584+0000] {logging_mixin.py:188} INFO - [2026-09-17T21:12:42.583+0000] {dagbag.py:545} INFO - Filling up the DagBag from /opt/airflow/dags/data_staging_dag.py
[2026-09-17T21:12:42.591+0000] {logging_mixin.py:188} INFO - [2026-09-17T21:12:42.590+0000] {dagbag.py:355} ERROR - Failed to import: /opt/airflow/dags/data_staging_dag.py
Traceback (most recent call last):
  File "/home/airflow/.local/lib/python3.10/site-packages/airflow/models/dagbag.py", line 351, in parse
    loader.exec_module(new_module)
  File "<frozen importlib._bootstrap_external>", line 879, in exec_module
  File "<frozen importlib._bootstrap_external>", line 1017, in get_code
  File "<frozen importlib._bootstrap_external>", line 947, in source_to_code
  File "<frozen importlib._bootstrap>", line 241, in _call_with_frames_removed
  File "/opt/airflow/dags/data_staging_dag.py", line 138
    video.get("likes"),
                     ^
SyntaxError: ':' expected after dictionary key
[2026-09-17T21:12:42.592+0000] {processor.py:842} WARNING - No viable dags retrieved from /opt/airflow/dags/data_staging_dag.py
[2026-09-17T21:12:42.617+0000] {processor.py:183} INFO - Processing /opt/airflow/dags/data_staging_dag.py took 0.046 seconds
[2026-09-17T21:12:45.634+0000] {processor.py:161} INFO - Started process (PID=777) to work on /opt/airflow/dags/data_staging_dag.py
[2026-09-17T21:12:45.636+0000] {processor.py:830} INFO - Processing file /opt/airflow/dags/data_staging_dag.py for tasks to queue
[2026-09-17T21:12:45.637+0000] {logging_mixin.py:188} INFO - [2026-09-17T21:12:45.637+0000] {dagbag.py:545} INFO - Filling up the DagBag from /opt/airflow/dags/data_staging_dag.py
[2026-09-17T21:12:45.644+0000] {logging_mixin.py:188} INFO - [2026-09-17T21:12:45.643+0000] {dagbag.py:355} ERROR - Failed to import: /opt/airflow/dags/data_staging_dag.py
Traceback (most recent call last):
  File "/home/airflow/.local/lib/python3.10/site-packages/airflow/models/dagbag.py", line 351, in parse
    loader.exec_module(new_module)
  File "<frozen importlib._bootstrap_external>", line 879, in exec_module
  File "<frozen importlib._bootstrap_external>", line 1017, in get_code
  File "<frozen importlib._bootstrap_external>", line 947, in source_to_code
  File "<frozen importlib._bootstrap>", line 241, in _call_with_frames_removed
  File "/opt/airflow/dags/data_staging_dag.py", line 139
    video.get("comments"),} ,videos)
                        ^
SyntaxError: ':' expected after dictionary key
[2026-09-17T21:12:45.645+0000] {processor.py:842} WARNING - No viable dags retrieved from /opt/airflow/dags/data_staging_dag.py
[2026-09-17T21:12:45.676+0000] {processor.py:183} INFO - Processing /opt/airflow/dags/data_staging_dag.py took 0.056 seconds
[2026-09-17T21:12:48.704+0000] {processor.py:161} INFO - Started process (PID=778) to work on /opt/airflow/dags/data_staging_dag.py
[2026-09-17T21:12:48.710+0000] {processor.py:830} INFO - Processing file /opt/airflow/dags/data_staging_dag.py for tasks to queue
[2026-09-17T21:12:48.712+0000] {logging_mixin.py:188} INFO - [2026-09-17T21:12:48.712+0000] {dagbag.py:545} INFO - Filling up the DagBag from /opt/airflow/dags/data_staging_dag.py
[2026-09-17T21:12:48.721+0000] {processor.py:842} WARNING - No viable dags retrieved from /opt/airflow/dags/data_staging_dag.py
[2026-09-17T21:12:48.749+0000] {processor.py:183} INFO - Processing /opt/airflow/dags/data_staging_dag.py took 0.060 seconds
[2026-09-17T21:12:53.780+0000] {processor.py:161} INFO - Started process (PID=779) to work on /opt/airflow/dags/data_staging_dag.py
[2026-09-17T21:12:53.781+0000] {processor.py:830} INFO - Processing file /opt/airflow/dags/data_staging_dag.py for tasks to queue
[2026-09-17T21:12:53.783+0000] {logging_mixin.py:188} INFO - [2026-09-17T21:12:53.782+0000] {dagbag.py:545} INFO - Filling up the DagBag from /opt/airflow/dags/data_staging_dag.py
[2026-09-17T21:12:53.792+0000] {processor.py:842} WARNING - No viable dags retrieved from /opt/airflow/dags/data_staging_dag.py
[2026-09-17T21:12:53.823+0000] {processor.py:183} INFO - Processing /opt/airflow/dags/data_staging_dag.py took 0.055 seconds
[2026-09-17T21:12:57.842+0000] {processor.py:161} INFO - Started process (PID=780) to work on /opt/airflow/dags/data_staging_dag.py
[2026-09-17T21:12:57.843+0000] {processor.py:830} INFO - Processing file /opt/airflow/dags/data_staging_dag.py for tasks to queue
[2026-09-17T21:12:57.844+0000] {logging_mixin.py:188} INFO - [2026-09-17T21:12:57.843+0000] {dagbag.py:545} INFO - Filling up the DagBag from /opt/airflow/dags/data_staging_dag.py
[2026-09-17T21:12:57.849+0000] {processor.py:842} WARNING - No viable dags retrieved from /opt/airflow/dags/data_staging_dag.py
[2026-09-17T21:12:57.873+0000] {processor.py:183} INFO - Processing /opt/airflow/dags/data_staging_dag.py took 0.039 seconds
[2026-09-17T21:13:02.039+0000] {processor.py:161} INFO - Started process (PID=782) to work on /opt/airflow/dags/data_staging_dag.py
[2026-09-17T21:13:02.040+0000] {processor.py:830} INFO - Processing file /opt/airflow/dags/data_staging_dag.py for tasks to queue
[2026-09-17T21:13:02.041+0000] {logging_mixin.py:188} INFO - [2026-09-17T21:13:02.040+0000] {dagbag.py:545} INFO - Filling up the DagBag from /opt/airflow/dags/data_staging_dag.py
[2026-09-17T21:13:02.048+0000] {processor.py:842} WARNING - No viable dags retrieved from /opt/airflow/dags/data_staging_dag.py
[2026-09-17T21:13:02.071+0000] {processor.py:183} INFO - Processing /opt/airflow/dags/data_staging_dag.py took 0.040 seconds
[2026-09-17T21:13:06.083+0000] {processor.py:161} INFO - Started process (PID=783) to work on /opt/airflow/dags/data_staging_dag.py
[2026-09-17T21:13:06.084+0000] {processor.py:830} INFO - Processing file /opt/airflow/dags/data_staging_dag.py for tasks to queue
[2026-09-17T21:13:06.085+0000] {logging_mixin.py:188} INFO - [2026-09-17T21:13:06.085+0000] {dagbag.py:545} INFO - Filling up the DagBag from /opt/airflow/dags/data_staging_dag.py
[2026-09-17T21:13:06.091+0000] {processor.py:842} WARNING - No viable dags retrieved from /opt/airflow/dags/data_staging_dag.py
[2026-09-17T21:13:06.110+0000] {processor.py:183} INFO - Processing /opt/airflow/dags/data_staging_dag.py took 0.035 seconds
[2026-09-17T21:13:09.971+0000] {processor.py:161} INFO - Started process (PID=784) to work on /opt/airflow/dags/data_staging_dag.py
[2026-09-17T21:13:09.972+0000] {processor.py:830} INFO - Processing file /opt/airflow/dags/data_staging_dag.py for tasks to queue
[2026-09-17T21:13:09.973+0000] {logging_mixin.py:188} INFO - [2026-09-17T21:13:09.973+0000] {dagbag.py:545} INFO - Filling up the DagBag from /opt/airflow/dags/data_staging_dag.py
[2026-09-17T21:13:09.977+0000] {processor.py:842} WARNING - No viable dags retrieved from /opt/airflow/dags/data_staging_dag.py
[2026-09-17T21:13:09.998+0000] {processor.py:183} INFO - Processing /opt/airflow/dags/data_staging_dag.py took 0.035 seconds
[2026-09-17T21:13:11.282+0000] {processor.py:161} INFO - Started process (PID=785) to work on /opt/airflow/dags/data_staging_dag.py
[2026-09-17T21:13:11.283+0000] {processor.py:830} INFO - Processing file /opt/airflow/dags/data_staging_dag.py for tasks to queue
[2026-09-17T21:13:11.284+0000] {logging_mixin.py:188} INFO - [2026-09-17T21:13:11.284+0000] {dagbag.py:545} INFO - Filling up the DagBag from /opt/airflow/dags/data_staging_dag.py
[2026-09-17T21:13:11.290+0000] {processor.py:842} WARNING - No viable dags retrieved from /opt/airflow/dags/data_staging_dag.py
[2026-09-17T21:13:11.314+0000] {processor.py:183} INFO - Processing /opt/airflow/dags/data_staging_dag.py took 0.043 seconds
[2026-09-17T21:13:14.348+0000] {processor.py:161} INFO - Started process (PID=792) to work on /opt/airflow/dags/data_staging_dag.py
[2026-09-17T21:13:14.349+0000] {processor.py:830} INFO - Processing file /opt/airflow/dags/data_staging_dag.py for tasks to queue
[2026-09-17T21:13:14.351+0000] {logging_mixin.py:188} INFO - [2026-09-17T21:13:14.351+0000] {dagbag.py:545} INFO - Filling up the DagBag from /opt/airflow/dags/data_staging_dag.py
[2026-09-17T21:13:14.360+0000] {processor.py:842} WARNING - No viable dags retrieved from /opt/airflow/dags/data_staging_dag.py
[2026-09-17T21:13:14.389+0000] {processor.py:183} INFO - Processing /opt/airflow/dags/data_staging_dag.py took 0.058 seconds
[2026-09-17T21:13:19.403+0000] {processor.py:161} INFO - Started process (PID=793) to work on /opt/airflow/dags/data_staging_dag.py
[2026-09-17T21:13:19.404+0000] {processor.py:830} INFO - Processing file /opt/airflow/dags/data_staging_dag.py for tasks to queue
[2026-09-17T21:13:19.405+0000] {logging_mixin.py:188} INFO - [2026-09-17T21:13:19.405+0000] {dagbag.py:545} INFO - Filling up the DagBag from /opt/airflow/dags/data_staging_dag.py
[2026-09-17T21:13:19.412+0000] {processor.py:842} WARNING - No viable dags retrieved from /opt/airflow/dags/data_staging_dag.py
[2026-09-17T21:13:19.435+0000] {processor.py:183} INFO - Processing /opt/airflow/dags/data_staging_dag.py took 0.043 seconds
[2026-09-17T21:13:29.525+0000] {processor.py:161} INFO - Started process (PID=794) to work on /opt/airflow/dags/data_staging_dag.py
[2026-09-17T21:13:29.529+0000] {processor.py:830} INFO - Processing file /opt/airflow/dags/data_staging_dag.py for tasks to queue
[2026-09-17T21:13:29.530+0000] {logging_mixin.py:188} INFO - [2026-09-17T21:13:29.530+0000] {dagbag.py:545} INFO - Filling up the DagBag from /opt/airflow/dags/data_staging_dag.py
[2026-09-17T21:13:29.537+0000] {processor.py:842} WARNING - No viable dags retrieved from /opt/airflow/dags/data_staging_dag.py
[2026-09-17T21:13:29.560+0000] {processor.py:183} INFO - Processing /opt/airflow/dags/data_staging_dag.py took 0.047 seconds
[2026-09-17T21:13:37.670+0000] {processor.py:161} INFO - Started process (PID=796) to work on /opt/airflow/dags/data_staging_dag.py
[2026-09-17T21:13:37.671+0000] {processor.py:830} INFO - Processing file /opt/airflow/dags/data_staging_dag.py for tasks to queue
[2026-09-17T21:13:37.672+0000] {logging_mixin.py:188} INFO - [2026-09-17T21:13:37.672+0000] {dagbag.py:545} INFO - Filling up the DagBag from /opt/airflow/dags/data_staging_dag.py
[2026-09-17T21:13:37.679+0000] {processor.py:842} WARNING - No viable dags retrieved from /opt/airflow/dags/data_staging_dag.py
[2026-09-17T21:13:37.699+0000] {processor.py:183} INFO - Processing /opt/airflow/dags/data_staging_dag.py took 0.036 seconds
[2026-09-17T21:13:38.826+0000] {processor.py:161} INFO - Started process (PID=797) to work on /opt/airflow/dags/data_staging_dag.py
[2026-09-17T21:13:38.827+0000] {processor.py:830} INFO - Processing file /opt/airflow/dags/data_staging_dag.py for tasks to queue
[2026-09-17T21:13:38.828+0000] {logging_mixin.py:188} INFO - [2026-09-17T21:13:38.828+0000] {dagbag.py:545} INFO - Filling up the DagBag from /opt/airflow/dags/data_staging_dag.py
[2026-09-17T21:13:38.834+0000] {processor.py:842} WARNING - No viable dags retrieved from /opt/airflow/dags/data_staging_dag.py
[2026-09-17T21:13:38.857+0000] {processor.py:183} INFO - Processing /opt/airflow/dags/data_staging_dag.py took 0.039 seconds
[2026-09-17T21:13:46.921+0000] {processor.py:161} INFO - Started process (PID=804) to work on /opt/airflow/dags/data_staging_dag.py
[2026-09-17T21:13:46.922+0000] {processor.py:830} INFO - Processing file /opt/airflow/dags/data_staging_dag.py for tasks to queue
[2026-09-17T21:13:46.923+0000] {logging_mixin.py:188} INFO - [2026-09-17T21:13:46.923+0000] {dagbag.py:545} INFO - Filling up the DagBag from /opt/airflow/dags/data_staging_dag.py
[2026-09-17T21:13:46.929+0000] {processor.py:842} WARNING - No viable dags retrieved from /opt/airflow/dags/data_staging_dag.py
[2026-09-17T21:13:46.946+0000] {processor.py:183} INFO - Processing /opt/airflow/dags/data_staging_dag.py took 0.032 seconds
[2026-09-17T21:13:51.995+0000] {processor.py:161} INFO - Started process (PID=805) to work on /opt/airflow/dags/data_staging_dag.py
[2026-09-17T21:13:51.997+0000] {processor.py:830} INFO - Processing file /opt/airflow/dags/data_staging_dag.py for tasks to queue
[2026-09-17T21:13:51.999+0000] {logging_mixin.py:188} INFO - [2026-09-17T21:13:51.998+0000] {dagbag.py:545} INFO - Filling up the DagBag from /opt/airflow/dags/data_staging_dag.py
[2026-09-17T21:13:52.004+0000] {logging_mixin.py:188} INFO - [2026-09-17T21:13:52.003+0000] {dagbag.py:355} ERROR - Failed to import: /opt/airflow/dags/data_staging_dag.py
Traceback (most recent call last):
  File "/home/airflow/.local/lib/python3.10/site-packages/airflow/models/dagbag.py", line 351, in parse
    loader.exec_module(new_module)
  File "<frozen importlib._bootstrap_external>", line 879, in exec_module
  File "<frozen importlib._bootstrap_external>", line 1017, in get_code
  File "<frozen importlib._bootstrap_external>", line 947, in source_to_code
  File "<frozen importlib._bootstrap>", line 241, in _call_with_frames_removed
  File "/opt/airflow/dags/data_staging_dag.py", line 159
    hook = PostgresHook(postgres_conn_id=CONN_ID)
                                                 ^
IndentationError: unindent does not match any outer indentation level
[2026-09-17T21:13:52.004+0000] {processor.py:842} WARNING - No viable dags retrieved from /opt/airflow/dags/data_staging_dag.py
[2026-09-17T21:13:52.042+0000] {processor.py:183} INFO - Processing /opt/airflow/dags/data_staging_dag.py took 0.075 seconds
[2026-09-17T21:13:57.048+0000] {processor.py:161} INFO - Started process (PID=806) to work on /opt/airflow/dags/data_staging_dag.py
[2026-09-17T21:13:57.049+0000] {processor.py:830} INFO - Processing file /opt/airflow/dags/data_staging_dag.py for tasks to queue
[2026-09-17T21:13:57.050+0000] {logging_mixin.py:188} INFO - [2026-09-17T21:13:57.049+0000] {dagbag.py:545} INFO - Filling up the DagBag from /opt/airflow/dags/data_staging_dag.py
[2026-09-17T21:13:57.055+0000] {processor.py:842} WARNING - No viable dags retrieved from /opt/airflow/dags/data_staging_dag.py
[2026-09-17T21:13:57.080+0000] {processor.py:183} INFO - Processing /opt/airflow/dags/data_staging_dag.py took 0.040 seconds
[2026-09-17T21:14:03.154+0000] {processor.py:161} INFO - Started process (PID=808) to work on /opt/airflow/dags/data_staging_dag.py
[2026-09-17T21:14:03.155+0000] {processor.py:830} INFO - Processing file /opt/airflow/dags/data_staging_dag.py for tasks to queue
[2026-09-17T21:14:03.156+0000] {logging_mixin.py:188} INFO - [2026-09-17T21:14:03.156+0000] {dagbag.py:545} INFO - Filling up the DagBag from /opt/airflow/dags/data_staging_dag.py
[2026-09-17T21:14:03.162+0000] {processor.py:842} WARNING - No viable dags retrieved from /opt/airflow/dags/data_staging_dag.py
[2026-09-17T21:14:03.182+0000] {processor.py:183} INFO - Processing /opt/airflow/dags/data_staging_dag.py took 0.037 seconds
[2026-09-17T21:14:06.179+0000] {processor.py:161} INFO - Started process (PID=809) to work on /opt/airflow/dags/data_staging_dag.py
[2026-09-17T21:14:06.180+0000] {processor.py:830} INFO - Processing file /opt/airflow/dags/data_staging_dag.py for tasks to queue
[2026-09-17T21:14:06.181+0000] {logging_mixin.py:188} INFO - [2026-09-17T21:14:06.180+0000] {dagbag.py:545} INFO - Filling up the DagBag from /opt/airflow/dags/data_staging_dag.py
[2026-09-17T21:14:06.187+0000] {processor.py:842} WARNING - No viable dags retrieved from /opt/airflow/dags/data_staging_dag.py
[2026-09-17T21:14:06.206+0000] {processor.py:183} INFO - Processing /opt/airflow/dags/data_staging_dag.py took 0.033 seconds
[2026-09-17T21:14:07.295+0000] {processor.py:161} INFO - Started process (PID=810) to work on /opt/airflow/dags/data_staging_dag.py
[2026-09-17T21:14:07.300+0000] {processor.py:830} INFO - Processing file /opt/airflow/dags/data_staging_dag.py for tasks to queue
[2026-09-17T21:14:07.302+0000] {logging_mixin.py:188} INFO - [2026-09-17T21:14:07.301+0000] {dagbag.py:545} INFO - Filling up the DagBag from /opt/airflow/dags/data_staging_dag.py
[2026-09-17T21:14:07.313+0000] {processor.py:842} WARNING - No viable dags retrieved from /opt/airflow/dags/data_staging_dag.py
[2026-09-17T21:14:07.339+0000] {processor.py:183} INFO - Processing /opt/airflow/dags/data_staging_dag.py took 0.059 seconds
[2026-09-17T21:14:10.359+0000] {processor.py:161} INFO - Started process (PID=817) to work on /opt/airflow/dags/data_staging_dag.py
[2026-09-17T21:14:10.360+0000] {processor.py:830} INFO - Processing file /opt/airflow/dags/data_staging_dag.py for tasks to queue
[2026-09-17T21:14:10.361+0000] {logging_mixin.py:188} INFO - [2026-09-17T21:14:10.360+0000] {dagbag.py:545} INFO - Filling up the DagBag from /opt/airflow/dags/data_staging_dag.py
[2026-09-17T21:14:10.367+0000] {processor.py:842} WARNING - No viable dags retrieved from /opt/airflow/dags/data_staging_dag.py
[2026-09-17T21:14:10.389+0000] {processor.py:183} INFO - Processing /opt/airflow/dags/data_staging_dag.py took 0.043 seconds
[2026-09-17T21:14:14.442+0000] {processor.py:161} INFO - Started process (PID=818) to work on /opt/airflow/dags/data_staging_dag.py
[2026-09-17T21:14:14.448+0000] {processor.py:830} INFO - Processing file /opt/airflow/dags/data_staging_dag.py for tasks to queue
[2026-09-17T21:14:14.449+0000] {logging_mixin.py:188} INFO - [2026-09-17T21:14:14.449+0000] {dagbag.py:545} INFO - Filling up the DagBag from /opt/airflow/dags/data_staging_dag.py
[2026-09-17T21:14:14.461+0000] {processor.py:842} WARNING - No viable dags retrieved from /opt/airflow/dags/data_staging_dag.py
[2026-09-17T21:14:14.498+0000] {processor.py:183} INFO - Processing /opt/airflow/dags/data_staging_dag.py took 0.077 seconds
[2026-09-17T21:14:30.571+0000] {processor.py:161} INFO - Started process (PID=819) to work on /opt/airflow/dags/data_staging_dag.py
[2026-09-17T21:14:30.572+0000] {processor.py:830} INFO - Processing file /opt/airflow/dags/data_staging_dag.py for tasks to queue
[2026-09-17T21:14:30.573+0000] {logging_mixin.py:188} INFO - [2026-09-17T21:14:30.572+0000] {dagbag.py:545} INFO - Filling up the DagBag from /opt/airflow/dags/data_staging_dag.py
[2026-09-17T21:14:30.578+0000] {processor.py:842} WARNING - No viable dags retrieved from /opt/airflow/dags/data_staging_dag.py
[2026-09-17T21:14:30.597+0000] {processor.py:183} INFO - Processing /opt/airflow/dags/data_staging_dag.py took 0.035 seconds
[2026-09-17T21:14:33.666+0000] {processor.py:161} INFO - Started process (PID=821) to work on /opt/airflow/dags/data_staging_dag.py
[2026-09-17T21:14:33.667+0000] {processor.py:830} INFO - Processing file /opt/airflow/dags/data_staging_dag.py for tasks to queue
[2026-09-17T21:14:33.668+0000] {logging_mixin.py:188} INFO - [2026-09-17T21:14:33.668+0000] {dagbag.py:545} INFO - Filling up the DagBag from /opt/airflow/dags/data_staging_dag.py
[2026-09-17T21:14:33.673+0000] {processor.py:842} WARNING - No viable dags retrieved from /opt/airflow/dags/data_staging_dag.py
[2026-09-17T21:14:33.692+0000] {processor.py:183} INFO - Processing /opt/airflow/dags/data_staging_dag.py took 0.032 seconds
[2026-09-17T21:14:39.475+0000] {processor.py:161} INFO - Started process (PID=828) to work on /opt/airflow/dags/data_staging_dag.py
[2026-09-17T21:14:39.476+0000] {processor.py:830} INFO - Processing file /opt/airflow/dags/data_staging_dag.py for tasks to queue
[2026-09-17T21:14:39.477+0000] {logging_mixin.py:188} INFO - [2026-09-17T21:14:39.477+0000] {dagbag.py:545} INFO - Filling up the DagBag from /opt/airflow/dags/data_staging_dag.py
[2026-09-17T21:14:39.483+0000] {processor.py:842} WARNING - No viable dags retrieved from /opt/airflow/dags/data_staging_dag.py
[2026-09-17T21:14:39.502+0000] {processor.py:183} INFO - Processing /opt/airflow/dags/data_staging_dag.py took 0.035 seconds
[2026-09-17T21:14:40.522+0000] {processor.py:161} INFO - Started process (PID=829) to work on /opt/airflow/dags/data_staging_dag.py
[2026-09-17T21:14:40.523+0000] {processor.py:830} INFO - Processing file /opt/airflow/dags/data_staging_dag.py for tasks to queue
[2026-09-17T21:14:40.524+0000] {logging_mixin.py:188} INFO - [2026-09-17T21:14:40.524+0000] {dagbag.py:545} INFO - Filling up the DagBag from /opt/airflow/dags/data_staging_dag.py
[2026-09-17T21:14:40.529+0000] {processor.py:842} WARNING - No viable dags retrieved from /opt/airflow/dags/data_staging_dag.py
[2026-09-17T21:14:40.544+0000] {processor.py:183} INFO - Processing /opt/airflow/dags/data_staging_dag.py took 0.030 seconds
[2026-09-17T21:15:11.238+0000] {processor.py:161} INFO - Started process (PID=837) to work on /opt/airflow/dags/data_staging_dag.py
[2026-09-17T21:15:11.244+0000] {processor.py:830} INFO - Processing file /opt/airflow/dags/data_staging_dag.py for tasks to queue
[2026-09-17T21:15:11.246+0000] {logging_mixin.py:188} INFO - [2026-09-17T21:15:11.245+0000] {dagbag.py:545} INFO - Filling up the DagBag from /opt/airflow/dags/data_staging_dag.py
[2026-09-17T21:15:11.251+0000] {processor.py:842} WARNING - No viable dags retrieved from /opt/airflow/dags/data_staging_dag.py
[2026-09-17T21:15:11.275+0000] {processor.py:183} INFO - Processing /opt/airflow/dags/data_staging_dag.py took 0.043 seconds
[2026-09-17T21:15:13.268+0000] {processor.py:161} INFO - Started process (PID=838) to work on /opt/airflow/dags/data_staging_dag.py
[2026-09-17T21:15:13.269+0000] {processor.py:830} INFO - Processing file /opt/airflow/dags/data_staging_dag.py for tasks to queue
[2026-09-17T21:15:13.270+0000] {logging_mixin.py:188} INFO - [2026-09-17T21:15:13.270+0000] {dagbag.py:545} INFO - Filling up the DagBag from /opt/airflow/dags/data_staging_dag.py
[2026-09-17T21:15:13.276+0000] {processor.py:842} WARNING - No viable dags retrieved from /opt/airflow/dags/data_staging_dag.py
[2026-09-17T21:15:13.299+0000] {processor.py:183} INFO - Processing /opt/airflow/dags/data_staging_dag.py took 0.039 seconds
[2026-09-17T21:15:15.341+0000] {processor.py:161} INFO - Started process (PID=839) to work on /opt/airflow/dags/data_staging_dag.py
[2026-09-17T21:15:15.342+0000] {processor.py:830} INFO - Processing file /opt/airflow/dags/data_staging_dag.py for tasks to queue
[2026-09-17T21:15:15.343+0000] {logging_mixin.py:188} INFO - [2026-09-17T21:15:15.342+0000] {dagbag.py:545} INFO - Filling up the DagBag from /opt/airflow/dags/data_staging_dag.py
[2026-09-17T21:15:15.350+0000] {processor.py:842} WARNING - No viable dags retrieved from /opt/airflow/dags/data_staging_dag.py
[2026-09-17T21:15:15.367+0000] {processor.py:183} INFO - Processing /opt/airflow/dags/data_staging_dag.py took 0.040 seconds
[2026-09-17T21:15:19.385+0000] {processor.py:161} INFO - Started process (PID=840) to work on /opt/airflow/dags/data_staging_dag.py
[2026-09-17T21:15:19.386+0000] {processor.py:830} INFO - Processing file /opt/airflow/dags/data_staging_dag.py for tasks to queue
[2026-09-17T21:15:19.388+0000] {logging_mixin.py:188} INFO - [2026-09-17T21:15:19.387+0000] {dagbag.py:545} INFO - Filling up the DagBag from /opt/airflow/dags/data_staging_dag.py
[2026-09-17T21:15:19.395+0000] {processor.py:842} WARNING - No viable dags retrieved from /opt/airflow/dags/data_staging_dag.py
[2026-09-17T21:15:19.420+0000] {processor.py:183} INFO - Processing /opt/airflow/dags/data_staging_dag.py took 0.043 seconds
[2026-09-17T21:15:20.443+0000] {processor.py:161} INFO - Started process (PID=841) to work on /opt/airflow/dags/data_staging_dag.py
[2026-09-17T21:15:20.445+0000] {processor.py:830} INFO - Processing file /opt/airflow/dags/data_staging_dag.py for tasks to queue
[2026-09-17T21:15:20.446+0000] {logging_mixin.py:188} INFO - [2026-09-17T21:15:20.446+0000] {dagbag.py:545} INFO - Filling up the DagBag from /opt/airflow/dags/data_staging_dag.py
[2026-09-17T21:15:20.454+0000] {processor.py:842} WARNING - No viable dags retrieved from /opt/airflow/dags/data_staging_dag.py
[2026-09-17T21:15:20.475+0000] {processor.py:183} INFO - Processing /opt/airflow/dags/data_staging_dag.py took 0.044 seconds
[2026-09-17T21:15:50.906+0000] {processor.py:161} INFO - Started process (PID=849) to work on /opt/airflow/dags/data_staging_dag.py
[2026-09-17T21:15:50.908+0000] {processor.py:830} INFO - Processing file /opt/airflow/dags/data_staging_dag.py for tasks to queue
[2026-09-17T21:15:50.909+0000] {logging_mixin.py:188} INFO - [2026-09-17T21:15:50.909+0000] {dagbag.py:545} INFO - Filling up the DagBag from /opt/airflow/dags/data_staging_dag.py
[2026-09-17T21:15:50.914+0000] {processor.py:842} WARNING - No viable dags retrieved from /opt/airflow/dags/data_staging_dag.py
[2026-09-17T21:15:50.934+0000] {processor.py:183} INFO - Processing /opt/airflow/dags/data_staging_dag.py took 0.041 seconds
[2026-09-17T21:16:21.254+0000] {processor.py:161} INFO - Started process (PID=857) to work on /opt/airflow/dags/data_staging_dag.py
[2026-09-17T21:16:21.260+0000] {processor.py:830} INFO - Processing file /opt/airflow/dags/data_staging_dag.py for tasks to queue
[2026-09-17T21:16:21.262+0000] {logging_mixin.py:188} INFO - [2026-09-17T21:16:21.261+0000] {dagbag.py:545} INFO - Filling up the DagBag from /opt/airflow/dags/data_staging_dag.py
[2026-09-17T21:16:21.267+0000] {processor.py:842} WARNING - No viable dags retrieved from /opt/airflow/dags/data_staging_dag.py
[2026-09-17T21:16:21.292+0000] {processor.py:183} INFO - Processing /opt/airflow/dags/data_staging_dag.py took 0.050 seconds
[2026-09-17T21:16:31.534+0000] {processor.py:161} INFO - Started process (PID=865) to work on /opt/airflow/dags/data_staging_dag.py
[2026-09-17T21:16:31.536+0000] {processor.py:830} INFO - Processing file /opt/airflow/dags/data_staging_dag.py for tasks to queue
[2026-09-17T21:16:31.537+0000] {logging_mixin.py:188} INFO - [2026-09-17T21:16:31.537+0000] {dagbag.py:545} INFO - Filling up the DagBag from /opt/airflow/dags/data_staging_dag.py
[2026-09-17T21:16:31.542+0000] {logging_mixin.py:188} INFO - [2026-09-17T21:16:31.541+0000] {dagbag.py:355} ERROR - Failed to import: /opt/airflow/dags/data_staging_dag.py
Traceback (most recent call last):
  File "/home/airflow/.local/lib/python3.10/site-packages/airflow/models/dagbag.py", line 351, in parse
    loader.exec_module(new_module)
  File "<frozen importlib._bootstrap_external>", line 879, in exec_module
  File "<frozen importlib._bootstrap_external>", line 1017, in get_code
  File "<frozen importlib._bootstrap_external>", line 947, in source_to_code
  File "<frozen importlib._bootstrap>", line 241, in _call_with_frames_removed
  File "/opt/airflow/dags/data_staging_dag.py", line 152
    video.get("likes")),
                      ^
SyntaxError: closing parenthesis ')' does not match opening parenthesis '[' on line 145
[2026-09-17T21:16:31.542+0000] {processor.py:842} WARNING - No viable dags retrieved from /opt/airflow/dags/data_staging_dag.py
[2026-09-17T21:16:31.569+0000] {processor.py:183} INFO - Processing /opt/airflow/dags/data_staging_dag.py took 0.053 seconds
[2026-09-17T21:16:34.600+0000] {processor.py:161} INFO - Started process (PID=866) to work on /opt/airflow/dags/data_staging_dag.py
[2026-09-17T21:16:34.601+0000] {processor.py:830} INFO - Processing file /opt/airflow/dags/data_staging_dag.py for tasks to queue
[2026-09-17T21:16:34.603+0000] {logging_mixin.py:188} INFO - [2026-09-17T21:16:34.602+0000] {dagbag.py:545} INFO - Filling up the DagBag from /opt/airflow/dags/data_staging_dag.py
[2026-09-17T21:16:34.609+0000] {logging_mixin.py:188} INFO - [2026-09-17T21:16:34.608+0000] {dagbag.py:355} ERROR - Failed to import: /opt/airflow/dags/data_staging_dag.py
Traceback (most recent call last):
  File "/home/airflow/.local/lib/python3.10/site-packages/airflow/models/dagbag.py", line 351, in parse
    loader.exec_module(new_module)
  File "<frozen importlib._bootstrap_external>", line 879, in exec_module
  File "<frozen importlib._bootstrap_external>", line 1017, in get_code
  File "<frozen importlib._bootstrap_external>", line 947, in source_to_code
  File "<frozen importlib._bootstrap>", line 241, in _call_with_frames_removed
  File "/opt/airflow/dags/data_staging_dag.py", line 154
    )
    ^
SyntaxError: closing parenthesis ')' does not match opening parenthesis '[' on line 145
[2026-09-17T21:16:34.609+0000] {processor.py:842} WARNING - No viable dags retrieved from /opt/airflow/dags/data_staging_dag.py
[2026-09-17T21:16:34.642+0000] {processor.py:183} INFO - Processing /opt/airflow/dags/data_staging_dag.py took 0.059 seconds
[2026-09-17T21:16:38.710+0000] {processor.py:161} INFO - Started process (PID=868) to work on /opt/airflow/dags/data_staging_dag.py
[2026-09-17T21:16:38.711+0000] {processor.py:830} INFO - Processing file /opt/airflow/dags/data_staging_dag.py for tasks to queue
[2026-09-17T21:16:38.713+0000] {logging_mixin.py:188} INFO - [2026-09-17T21:16:38.712+0000] {dagbag.py:545} INFO - Filling up the DagBag from /opt/airflow/dags/data_staging_dag.py
[2026-09-17T21:16:38.724+0000] {processor.py:842} WARNING - No viable dags retrieved from /opt/airflow/dags/data_staging_dag.py
[2026-09-17T21:16:38.758+0000] {processor.py:183} INFO - Processing /opt/airflow/dags/data_staging_dag.py took 0.058 seconds
[2026-09-17T21:17:09.053+0000] {processor.py:161} INFO - Started process (PID=877) to work on /opt/airflow/dags/data_staging_dag.py
[2026-09-17T21:17:09.060+0000] {processor.py:830} INFO - Processing file /opt/airflow/dags/data_staging_dag.py for tasks to queue
[2026-09-17T21:17:09.062+0000] {logging_mixin.py:188} INFO - [2026-09-17T21:17:09.061+0000] {dagbag.py:545} INFO - Filling up the DagBag from /opt/airflow/dags/data_staging_dag.py
[2026-09-17T21:17:09.065+0000] {processor.py:842} WARNING - No viable dags retrieved from /opt/airflow/dags/data_staging_dag.py
[2026-09-17T21:17:09.085+0000] {processor.py:183} INFO - Processing /opt/airflow/dags/data_staging_dag.py took 0.037 seconds
[2026-09-17T21:17:21.195+0000] {processor.py:161} INFO - Started process (PID=878) to work on /opt/airflow/dags/data_staging_dag.py
[2026-09-17T21:17:21.200+0000] {processor.py:830} INFO - Processing file /opt/airflow/dags/data_staging_dag.py for tasks to queue
[2026-09-17T21:17:21.204+0000] {logging_mixin.py:188} INFO - [2026-09-17T21:17:21.203+0000] {dagbag.py:545} INFO - Filling up the DagBag from /opt/airflow/dags/data_staging_dag.py
[2026-09-17T21:17:21.216+0000] {processor.py:842} WARNING - No viable dags retrieved from /opt/airflow/dags/data_staging_dag.py
[2026-09-17T21:17:21.246+0000] {processor.py:183} INFO - Processing /opt/airflow/dags/data_staging_dag.py took 0.062 seconds
[2026-09-17T21:17:22.271+0000] {processor.py:161} INFO - Started process (PID=879) to work on /opt/airflow/dags/data_staging_dag.py
[2026-09-17T21:17:22.272+0000] {processor.py:830} INFO - Processing file /opt/airflow/dags/data_staging_dag.py for tasks to queue
[2026-09-17T21:17:22.273+0000] {logging_mixin.py:188} INFO - [2026-09-17T21:17:22.273+0000] {dagbag.py:545} INFO - Filling up the DagBag from /opt/airflow/dags/data_staging_dag.py
[2026-09-17T21:17:22.278+0000] {processor.py:842} WARNING - No viable dags retrieved from /opt/airflow/dags/data_staging_dag.py
[2026-09-17T21:17:22.307+0000] {processor.py:183} INFO - Processing /opt/airflow/dags/data_staging_dag.py took 0.044 seconds
[2026-09-17T21:17:25.363+0000] {processor.py:161} INFO - Started process (PID=880) to work on /opt/airflow/dags/data_staging_dag.py
[2026-09-17T21:17:25.364+0000] {processor.py:830} INFO - Processing file /opt/airflow/dags/data_staging_dag.py for tasks to queue
[2026-09-17T21:17:25.365+0000] {logging_mixin.py:188} INFO - [2026-09-17T21:17:25.364+0000] {dagbag.py:545} INFO - Filling up the DagBag from /opt/airflow/dags/data_staging_dag.py
[2026-09-17T21:17:25.371+0000] {processor.py:842} WARNING - No viable dags retrieved from /opt/airflow/dags/data_staging_dag.py
[2026-09-17T21:17:25.392+0000] {processor.py:183} INFO - Processing /opt/airflow/dags/data_staging_dag.py took 0.038 seconds
[2026-09-17T21:17:27.385+0000] {processor.py:161} INFO - Started process (PID=887) to work on /opt/airflow/dags/data_staging_dag.py
[2026-09-17T21:17:27.386+0000] {processor.py:830} INFO - Processing file /opt/airflow/dags/data_staging_dag.py for tasks to queue
[2026-09-17T21:17:27.387+0000] {logging_mixin.py:188} INFO - [2026-09-17T21:17:27.387+0000] {dagbag.py:545} INFO - Filling up the DagBag from /opt/airflow/dags/data_staging_dag.py
[2026-09-17T21:17:27.391+0000] {processor.py:842} WARNING - No viable dags retrieved from /opt/airflow/dags/data_staging_dag.py
[2026-09-17T21:17:27.414+0000] {processor.py:183} INFO - Processing /opt/airflow/dags/data_staging_dag.py took 0.036 seconds
[2026-09-17T21:17:57.739+0000] {processor.py:161} INFO - Started process (PID=896) to work on /opt/airflow/dags/data_staging_dag.py
[2026-09-17T21:17:57.745+0000] {processor.py:830} INFO - Processing file /opt/airflow/dags/data_staging_dag.py for tasks to queue
[2026-09-17T21:17:57.746+0000] {logging_mixin.py:188} INFO - [2026-09-17T21:17:57.745+0000] {dagbag.py:545} INFO - Filling up the DagBag from /opt/airflow/dags/data_staging_dag.py
[2026-09-17T21:17:57.750+0000] {processor.py:842} WARNING - No viable dags retrieved from /opt/airflow/dags/data_staging_dag.py
[2026-09-17T21:17:57.771+0000] {processor.py:183} INFO - Processing /opt/airflow/dags/data_staging_dag.py took 0.039 seconds
[2026-09-17T21:18:01.807+0000] {processor.py:161} INFO - Started process (PID=897) to work on /opt/airflow/dags/data_staging_dag.py
[2026-09-17T21:18:01.808+0000] {processor.py:830} INFO - Processing file /opt/airflow/dags/data_staging_dag.py for tasks to queue
[2026-09-17T21:18:01.809+0000] {logging_mixin.py:188} INFO - [2026-09-17T21:18:01.809+0000] {dagbag.py:545} INFO - Filling up the DagBag from /opt/airflow/dags/data_staging_dag.py
[2026-09-17T21:18:01.814+0000] {processor.py:842} WARNING - No viable dags retrieved from /opt/airflow/dags/data_staging_dag.py
[2026-09-17T21:18:01.833+0000] {processor.py:183} INFO - Processing /opt/airflow/dags/data_staging_dag.py took 0.036 seconds
[2026-09-17T21:18:07.929+0000] {processor.py:161} INFO - Started process (PID=899) to work on /opt/airflow/dags/data_staging_dag.py
[2026-09-17T21:18:07.931+0000] {processor.py:830} INFO - Processing file /opt/airflow/dags/data_staging_dag.py for tasks to queue
[2026-09-17T21:18:07.932+0000] {logging_mixin.py:188} INFO - [2026-09-17T21:18:07.931+0000] {dagbag.py:545} INFO - Filling up the DagBag from /opt/airflow/dags/data_staging_dag.py
[2026-09-17T21:18:07.937+0000] {processor.py:842} WARNING - No viable dags retrieved from /opt/airflow/dags/data_staging_dag.py
[2026-09-17T21:18:07.954+0000] {processor.py:183} INFO - Processing /opt/airflow/dags/data_staging_dag.py took 0.034 seconds
[2026-09-17T21:18:12.987+0000] {processor.py:161} INFO - Started process (PID=900) to work on /opt/airflow/dags/data_staging_dag.py
[2026-09-17T21:18:12.988+0000] {processor.py:830} INFO - Processing file /opt/airflow/dags/data_staging_dag.py for tasks to queue
[2026-09-17T21:18:12.989+0000] {logging_mixin.py:188} INFO - [2026-09-17T21:18:12.989+0000] {dagbag.py:545} INFO - Filling up the DagBag from /opt/airflow/dags/data_staging_dag.py
[2026-09-17T21:18:12.996+0000] {processor.py:842} WARNING - No viable dags retrieved from /opt/airflow/dags/data_staging_dag.py
[2026-09-17T21:18:13.017+0000] {processor.py:183} INFO - Processing /opt/airflow/dags/data_staging_dag.py took 0.043 seconds
[2026-09-17T21:18:30.203+0000] {processor.py:161} INFO - Started process (PID=907) to work on /opt/airflow/dags/data_staging_dag.py
[2026-09-17T21:18:30.208+0000] {processor.py:830} INFO - Processing file /opt/airflow/dags/data_staging_dag.py for tasks to queue
[2026-09-17T21:18:30.210+0000] {logging_mixin.py:188} INFO - [2026-09-17T21:18:30.209+0000] {dagbag.py:545} INFO - Filling up the DagBag from /opt/airflow/dags/data_staging_dag.py
[2026-09-17T21:18:30.215+0000] {processor.py:842} WARNING - No viable dags retrieved from /opt/airflow/dags/data_staging_dag.py
[2026-09-17T21:18:30.231+0000] {processor.py:183} INFO - Processing /opt/airflow/dags/data_staging_dag.py took 0.036 seconds
[2026-09-17T21:18:35.269+0000] {processor.py:161} INFO - Started process (PID=908) to work on /opt/airflow/dags/data_staging_dag.py
[2026-09-17T21:18:35.271+0000] {processor.py:830} INFO - Processing file /opt/airflow/dags/data_staging_dag.py for tasks to queue
[2026-09-17T21:18:35.272+0000] {logging_mixin.py:188} INFO - [2026-09-17T21:18:35.271+0000] {dagbag.py:545} INFO - Filling up the DagBag from /opt/airflow/dags/data_staging_dag.py
[2026-09-17T21:18:35.276+0000] {processor.py:842} WARNING - No viable dags retrieved from /opt/airflow/dags/data_staging_dag.py
[2026-09-17T21:18:35.292+0000] {processor.py:183} INFO - Processing /opt/airflow/dags/data_staging_dag.py took 0.034 seconds
[2026-09-17T21:18:39.357+0000] {processor.py:161} INFO - Started process (PID=910) to work on /opt/airflow/dags/data_staging_dag.py
[2026-09-17T21:18:39.358+0000] {processor.py:830} INFO - Processing file /opt/airflow/dags/data_staging_dag.py for tasks to queue
[2026-09-17T21:18:39.359+0000] {logging_mixin.py:188} INFO - [2026-09-17T21:18:39.359+0000] {dagbag.py:545} INFO - Filling up the DagBag from /opt/airflow/dags/data_staging_dag.py
[2026-09-17T21:18:39.364+0000] {processor.py:842} WARNING - No viable dags retrieved from /opt/airflow/dags/data_staging_dag.py
[2026-09-17T21:18:39.389+0000] {processor.py:183} INFO - Processing /opt/airflow/dags/data_staging_dag.py took 0.040 seconds
[2026-09-17T21:18:45.430+0000] {processor.py:161} INFO - Started process (PID=911) to work on /opt/airflow/dags/data_staging_dag.py
[2026-09-17T21:18:45.431+0000] {processor.py:830} INFO - Processing file /opt/airflow/dags/data_staging_dag.py for tasks to queue
[2026-09-17T21:18:45.432+0000] {logging_mixin.py:188} INFO - [2026-09-17T21:18:45.432+0000] {dagbag.py:545} INFO - Filling up the DagBag from /opt/airflow/dags/data_staging_dag.py
[2026-09-17T21:18:45.440+0000] {processor.py:842} WARNING - No viable dags retrieved from /opt/airflow/dags/data_staging_dag.py
[2026-09-17T21:18:45.481+0000] {processor.py:183} INFO - Processing /opt/airflow/dags/data_staging_dag.py took 0.066 seconds
[2026-09-17T21:18:53.667+0000] {processor.py:161} INFO - Started process (PID=918) to work on /opt/airflow/dags/data_staging_dag.py
[2026-09-17T21:18:53.668+0000] {processor.py:830} INFO - Processing file /opt/airflow/dags/data_staging_dag.py for tasks to queue
[2026-09-17T21:18:53.669+0000] {logging_mixin.py:188} INFO - [2026-09-17T21:18:53.669+0000] {dagbag.py:545} INFO - Filling up the DagBag from /opt/airflow/dags/data_staging_dag.py
[2026-09-17T21:18:53.675+0000] {processor.py:842} WARNING - No viable dags retrieved from /opt/airflow/dags/data_staging_dag.py
[2026-09-17T21:18:53.707+0000] {processor.py:183} INFO - Processing /opt/airflow/dags/data_staging_dag.py took 0.054 seconds
[2026-09-17T21:18:56.725+0000] {processor.py:161} INFO - Started process (PID=919) to work on /opt/airflow/dags/data_staging_dag.py
[2026-09-17T21:18:56.726+0000] {processor.py:830} INFO - Processing file /opt/airflow/dags/data_staging_dag.py for tasks to queue
[2026-09-17T21:18:56.727+0000] {logging_mixin.py:188} INFO - [2026-09-17T21:18:56.727+0000] {dagbag.py:545} INFO - Filling up the DagBag from /opt/airflow/dags/data_staging_dag.py
[2026-09-17T21:18:56.733+0000] {processor.py:842} WARNING - No viable dags retrieved from /opt/airflow/dags/data_staging_dag.py
[2026-09-17T21:18:56.757+0000] {processor.py:183} INFO - Processing /opt/airflow/dags/data_staging_dag.py took 0.040 seconds
[2026-09-17T21:19:04.868+0000] {processor.py:161} INFO - Started process (PID=920) to work on /opt/airflow/dags/data_staging_dag.py
[2026-09-17T21:19:04.869+0000] {processor.py:830} INFO - Processing file /opt/airflow/dags/data_staging_dag.py for tasks to queue
[2026-09-17T21:19:04.871+0000] {logging_mixin.py:188} INFO - [2026-09-17T21:19:04.870+0000] {dagbag.py:545} INFO - Filling up the DagBag from /opt/airflow/dags/data_staging_dag.py
[2026-09-17T21:19:04.882+0000] {processor.py:842} WARNING - No viable dags retrieved from /opt/airflow/dags/data_staging_dag.py
[2026-09-17T21:19:04.920+0000] {processor.py:183} INFO - Processing /opt/airflow/dags/data_staging_dag.py took 0.064 seconds
[2026-09-17T21:19:07.986+0000] {processor.py:161} INFO - Started process (PID=922) to work on /opt/airflow/dags/data_staging_dag.py
[2026-09-17T21:19:07.988+0000] {processor.py:830} INFO - Processing file /opt/airflow/dags/data_staging_dag.py for tasks to queue
[2026-09-17T21:19:07.990+0000] {logging_mixin.py:188} INFO - [2026-09-17T21:19:07.989+0000] {dagbag.py:545} INFO - Filling up the DagBag from /opt/airflow/dags/data_staging_dag.py
[2026-09-17T21:19:07.996+0000] {processor.py:842} WARNING - No viable dags retrieved from /opt/airflow/dags/data_staging_dag.py
[2026-09-17T21:19:08.021+0000] {processor.py:183} INFO - Processing /opt/airflow/dags/data_staging_dag.py took 0.045 seconds
[2026-09-17T21:19:10.049+0000] {processor.py:161} INFO - Started process (PID=923) to work on /opt/airflow/dags/data_staging_dag.py
[2026-09-17T21:19:10.051+0000] {processor.py:830} INFO - Processing file /opt/airflow/dags/data_staging_dag.py for tasks to queue
[2026-09-17T21:19:10.052+0000] {logging_mixin.py:188} INFO - [2026-09-17T21:19:10.051+0000] {dagbag.py:545} INFO - Filling up the DagBag from /opt/airflow/dags/data_staging_dag.py
[2026-09-17T21:19:10.061+0000] {processor.py:842} WARNING - No viable dags retrieved from /opt/airflow/dags/data_staging_dag.py
[2026-09-17T21:19:10.087+0000] {processor.py:183} INFO - Processing /opt/airflow/dags/data_staging_dag.py took 0.052 seconds
[2026-09-17T21:19:13.094+0000] {processor.py:161} INFO - Started process (PID=924) to work on /opt/airflow/dags/data_staging_dag.py
[2026-09-17T21:19:13.099+0000] {processor.py:830} INFO - Processing file /opt/airflow/dags/data_staging_dag.py for tasks to queue
[2026-09-17T21:19:13.100+0000] {logging_mixin.py:188} INFO - [2026-09-17T21:19:13.100+0000] {dagbag.py:545} INFO - Filling up the DagBag from /opt/airflow/dags/data_staging_dag.py
[2026-09-17T21:19:13.106+0000] {processor.py:842} WARNING - No viable dags retrieved from /opt/airflow/dags/data_staging_dag.py
[2026-09-17T21:19:13.126+0000] {processor.py:183} INFO - Processing /opt/airflow/dags/data_staging_dag.py took 0.040 seconds
[2026-09-17T21:19:20.116+0000] {processor.py:161} INFO - Started process (PID=931) to work on /opt/airflow/dags/data_staging_dag.py
[2026-09-17T21:19:20.117+0000] {processor.py:830} INFO - Processing file /opt/airflow/dags/data_staging_dag.py for tasks to queue
[2026-09-17T21:19:20.118+0000] {logging_mixin.py:188} INFO - [2026-09-17T21:19:20.118+0000] {dagbag.py:545} INFO - Filling up the DagBag from /opt/airflow/dags/data_staging_dag.py
[2026-09-17T21:19:20.124+0000] {processor.py:842} WARNING - No viable dags retrieved from /opt/airflow/dags/data_staging_dag.py
[2026-09-17T21:19:20.147+0000] {processor.py:183} INFO - Processing /opt/airflow/dags/data_staging_dag.py took 0.042 seconds
[2026-09-17T21:19:21.147+0000] {processor.py:161} INFO - Started process (PID=932) to work on /opt/airflow/dags/data_staging_dag.py
[2026-09-17T21:19:21.148+0000] {processor.py:830} INFO - Processing file /opt/airflow/dags/data_staging_dag.py for tasks to queue
[2026-09-17T21:19:21.150+0000] {logging_mixin.py:188} INFO - [2026-09-17T21:19:21.149+0000] {dagbag.py:545} INFO - Filling up the DagBag from /opt/airflow/dags/data_staging_dag.py
[2026-09-17T21:19:21.156+0000] {processor.py:842} WARNING - No viable dags retrieved from /opt/airflow/dags/data_staging_dag.py
[2026-09-17T21:19:21.181+0000] {processor.py:183} INFO - Processing /opt/airflow/dags/data_staging_dag.py took 0.044 seconds
[2026-09-17T21:19:31.265+0000] {processor.py:161} INFO - Started process (PID=933) to work on /opt/airflow/dags/data_staging_dag.py
[2026-09-17T21:19:31.266+0000] {processor.py:830} INFO - Processing file /opt/airflow/dags/data_staging_dag.py for tasks to queue
[2026-09-17T21:19:31.267+0000] {logging_mixin.py:188} INFO - [2026-09-17T21:19:31.267+0000] {dagbag.py:545} INFO - Filling up the DagBag from /opt/airflow/dags/data_staging_dag.py
[2026-09-17T21:19:31.273+0000] {processor.py:842} WARNING - No viable dags retrieved from /opt/airflow/dags/data_staging_dag.py
[2026-09-17T21:19:31.305+0000] {processor.py:183} INFO - Processing /opt/airflow/dags/data_staging_dag.py took 0.048 seconds
[2026-09-17T21:19:32.350+0000] {processor.py:161} INFO - Started process (PID=934) to work on /opt/airflow/dags/data_staging_dag.py
[2026-09-17T21:19:32.351+0000] {processor.py:830} INFO - Processing file /opt/airflow/dags/data_staging_dag.py for tasks to queue
[2026-09-17T21:19:32.352+0000] {logging_mixin.py:188} INFO - [2026-09-17T21:19:32.352+0000] {dagbag.py:545} INFO - Filling up the DagBag from /opt/airflow/dags/data_staging_dag.py
[2026-09-17T21:19:32.359+0000] {processor.py:842} WARNING - No viable dags retrieved from /opt/airflow/dags/data_staging_dag.py
[2026-09-17T21:19:32.386+0000] {processor.py:183} INFO - Processing /opt/airflow/dags/data_staging_dag.py took 0.044 seconds
[2026-09-17T21:19:36.378+0000] {processor.py:161} INFO - Started process (PID=935) to work on /opt/airflow/dags/data_staging_dag.py
[2026-09-17T21:19:36.379+0000] {processor.py:830} INFO - Processing file /opt/airflow/dags/data_staging_dag.py for tasks to queue
[2026-09-17T21:19:36.381+0000] {logging_mixin.py:188} INFO - [2026-09-17T21:19:36.380+0000] {dagbag.py:545} INFO - Filling up the DagBag from /opt/airflow/dags/data_staging_dag.py
[2026-09-17T21:19:36.387+0000] {processor.py:842} WARNING - No viable dags retrieved from /opt/airflow/dags/data_staging_dag.py
[2026-09-17T21:19:36.412+0000] {processor.py:183} INFO - Processing /opt/airflow/dags/data_staging_dag.py took 0.043 seconds
[2026-09-17T21:19:48.378+0000] {processor.py:161} INFO - Started process (PID=943) to work on /opt/airflow/dags/data_staging_dag.py
[2026-09-17T21:19:48.379+0000] {processor.py:830} INFO - Processing file /opt/airflow/dags/data_staging_dag.py for tasks to queue
[2026-09-17T21:19:48.380+0000] {logging_mixin.py:188} INFO - [2026-09-17T21:19:48.380+0000] {dagbag.py:545} INFO - Filling up the DagBag from /opt/airflow/dags/data_staging_dag.py
[2026-09-17T21:19:48.385+0000] {processor.py:842} WARNING - No viable dags retrieved from /opt/airflow/dags/data_staging_dag.py
[2026-09-17T21:19:48.405+0000] {processor.py:183} INFO - Processing /opt/airflow/dags/data_staging_dag.py took 0.040 seconds
[2026-09-17T21:19:49.437+0000] {processor.py:161} INFO - Started process (PID=944) to work on /opt/airflow/dags/data_staging_dag.py
[2026-09-17T21:19:49.438+0000] {processor.py:830} INFO - Processing file /opt/airflow/dags/data_staging_dag.py for tasks to queue
[2026-09-17T21:19:49.439+0000] {logging_mixin.py:188} INFO - [2026-09-17T21:19:49.439+0000] {dagbag.py:545} INFO - Filling up the DagBag from /opt/airflow/dags/data_staging_dag.py
[2026-09-17T21:19:49.447+0000] {processor.py:842} WARNING - No viable dags retrieved from /opt/airflow/dags/data_staging_dag.py
[2026-09-17T21:19:49.465+0000] {processor.py:183} INFO - Processing /opt/airflow/dags/data_staging_dag.py took 0.037 seconds
[2026-09-17T21:19:52.477+0000] {processor.py:161} INFO - Started process (PID=945) to work on /opt/airflow/dags/data_staging_dag.py
[2026-09-17T21:19:52.480+0000] {processor.py:830} INFO - Processing file /opt/airflow/dags/data_staging_dag.py for tasks to queue
[2026-09-17T21:19:52.481+0000] {logging_mixin.py:188} INFO - [2026-09-17T21:19:52.480+0000] {dagbag.py:545} INFO - Filling up the DagBag from /opt/airflow/dags/data_staging_dag.py
[2026-09-17T21:19:52.489+0000] {processor.py:842} WARNING - No viable dags retrieved from /opt/airflow/dags/data_staging_dag.py
[2026-09-17T21:19:52.523+0000] {processor.py:183} INFO - Processing /opt/airflow/dags/data_staging_dag.py took 0.059 seconds
[2026-09-17T21:19:58.565+0000] {processor.py:161} INFO - Started process (PID=946) to work on /opt/airflow/dags/data_staging_dag.py
[2026-09-17T21:19:58.566+0000] {processor.py:830} INFO - Processing file /opt/airflow/dags/data_staging_dag.py for tasks to queue
[2026-09-17T21:19:58.567+0000] {logging_mixin.py:188} INFO - [2026-09-17T21:19:58.567+0000] {dagbag.py:545} INFO - Filling up the DagBag from /opt/airflow/dags/data_staging_dag.py
[2026-09-17T21:19:58.571+0000] {processor.py:842} WARNING - No viable dags retrieved from /opt/airflow/dags/data_staging_dag.py
[2026-09-17T21:19:58.589+0000] {processor.py:183} INFO - Processing /opt/airflow/dags/data_staging_dag.py took 0.033 seconds
[2026-09-17T21:20:03.640+0000] {processor.py:161} INFO - Started process (PID=947) to work on /opt/airflow/dags/data_staging_dag.py
[2026-09-17T21:20:03.641+0000] {processor.py:830} INFO - Processing file /opt/airflow/dags/data_staging_dag.py for tasks to queue
[2026-09-17T21:20:03.642+0000] {logging_mixin.py:188} INFO - [2026-09-17T21:20:03.642+0000] {dagbag.py:545} INFO - Filling up the DagBag from /opt/airflow/dags/data_staging_dag.py
[2026-09-17T21:20:03.649+0000] {processor.py:842} WARNING - No viable dags retrieved from /opt/airflow/dags/data_staging_dag.py
[2026-09-17T21:20:03.678+0000] {processor.py:183} INFO - Processing /opt/airflow/dags/data_staging_dag.py took 0.048 seconds
[2026-09-17T21:20:11.904+0000] {processor.py:161} INFO - Started process (PID=949) to work on /opt/airflow/dags/data_staging_dag.py
[2026-09-17T21:20:11.905+0000] {processor.py:830} INFO - Processing file /opt/airflow/dags/data_staging_dag.py for tasks to queue
[2026-09-17T21:20:11.906+0000] {logging_mixin.py:188} INFO - [2026-09-17T21:20:11.906+0000] {dagbag.py:545} INFO - Filling up the DagBag from /opt/airflow/dags/data_staging_dag.py
[2026-09-17T21:20:11.911+0000] {processor.py:842} WARNING - No viable dags retrieved from /opt/airflow/dags/data_staging_dag.py
[2026-09-17T21:20:11.929+0000] {processor.py:183} INFO - Processing /opt/airflow/dags/data_staging_dag.py took 0.034 seconds
[2026-09-17T21:20:16.961+0000] {processor.py:161} INFO - Started process (PID=956) to work on /opt/airflow/dags/data_staging_dag.py
[2026-09-17T21:20:16.962+0000] {processor.py:830} INFO - Processing file /opt/airflow/dags/data_staging_dag.py for tasks to queue
[2026-09-17T21:20:16.963+0000] {logging_mixin.py:188} INFO - [2026-09-17T21:20:16.963+0000] {dagbag.py:545} INFO - Filling up the DagBag from /opt/airflow/dags/data_staging_dag.py
[2026-09-17T21:20:16.971+0000] {processor.py:842} WARNING - No viable dags retrieved from /opt/airflow/dags/data_staging_dag.py
[2026-09-17T21:20:16.988+0000] {processor.py:183} INFO - Processing /opt/airflow/dags/data_staging_dag.py took 0.035 seconds
[2026-09-17T21:20:17.997+0000] {processor.py:161} INFO - Started process (PID=957) to work on /opt/airflow/dags/data_staging_dag.py
[2026-09-17T21:20:17.998+0000] {processor.py:830} INFO - Processing file /opt/airflow/dags/data_staging_dag.py for tasks to queue
[2026-09-17T21:20:17.999+0000] {logging_mixin.py:188} INFO - [2026-09-17T21:20:17.999+0000] {dagbag.py:545} INFO - Filling up the DagBag from /opt/airflow/dags/data_staging_dag.py
[2026-09-17T21:20:18.005+0000] {processor.py:842} WARNING - No viable dags retrieved from /opt/airflow/dags/data_staging_dag.py
[2026-09-17T21:20:18.024+0000] {processor.py:183} INFO - Processing /opt/airflow/dags/data_staging_dag.py took 0.033 seconds
[2026-09-17T21:20:42.682+0000] {processor.py:161} INFO - Started process (PID=959) to work on /opt/airflow/dags/data_staging_dag.py
[2026-09-17T21:20:42.691+0000] {processor.py:830} INFO - Processing file /opt/airflow/dags/data_staging_dag.py for tasks to queue
[2026-09-17T21:20:42.695+0000] {logging_mixin.py:188} INFO - [2026-09-17T21:20:42.692+0000] {dagbag.py:545} INFO - Filling up the DagBag from /opt/airflow/dags/data_staging_dag.py
[2026-09-17T21:20:42.708+0000] {processor.py:842} WARNING - No viable dags retrieved from /opt/airflow/dags/data_staging_dag.py
[2026-09-17T21:20:42.731+0000] {processor.py:183} INFO - Processing /opt/airflow/dags/data_staging_dag.py took 0.064 seconds
[2026-09-17T21:21:13.654+0000] {processor.py:161} INFO - Started process (PID=974) to work on /opt/airflow/dags/data_staging_dag.py
[2026-09-17T21:21:13.655+0000] {processor.py:830} INFO - Processing file /opt/airflow/dags/data_staging_dag.py for tasks to queue
[2026-09-17T21:21:13.657+0000] {logging_mixin.py:188} INFO - [2026-09-17T21:21:13.656+0000] {dagbag.py:545} INFO - Filling up the DagBag from /opt/airflow/dags/data_staging_dag.py
[2026-09-17T21:21:13.662+0000] {processor.py:842} WARNING - No viable dags retrieved from /opt/airflow/dags/data_staging_dag.py
[2026-09-17T21:21:13.683+0000] {processor.py:183} INFO - Processing /opt/airflow/dags/data_staging_dag.py took 0.037 seconds
[2026-09-17T21:21:33.874+0000] {processor.py:161} INFO - Started process (PID=975) to work on /opt/airflow/dags/data_staging_dag.py
[2026-09-17T21:21:33.879+0000] {processor.py:830} INFO - Processing file /opt/airflow/dags/data_staging_dag.py for tasks to queue
[2026-09-17T21:21:33.880+0000] {logging_mixin.py:188} INFO - [2026-09-17T21:21:33.880+0000] {dagbag.py:545} INFO - Filling up the DagBag from /opt/airflow/dags/data_staging_dag.py
[2026-09-17T21:21:33.886+0000] {processor.py:842} WARNING - No viable dags retrieved from /opt/airflow/dags/data_staging_dag.py
[2026-09-17T21:21:33.907+0000] {processor.py:183} INFO - Processing /opt/airflow/dags/data_staging_dag.py took 0.044 seconds
[2026-09-17T21:21:35.878+0000] {processor.py:161} INFO - Started process (PID=976) to work on /opt/airflow/dags/data_staging_dag.py
[2026-09-17T21:21:35.880+0000] {processor.py:830} INFO - Processing file /opt/airflow/dags/data_staging_dag.py for tasks to queue
[2026-09-17T21:21:35.881+0000] {logging_mixin.py:188} INFO - [2026-09-17T21:21:35.880+0000] {dagbag.py:545} INFO - Filling up the DagBag from /opt/airflow/dags/data_staging_dag.py
[2026-09-17T21:21:35.886+0000] {processor.py:842} WARNING - No viable dags retrieved from /opt/airflow/dags/data_staging_dag.py
[2026-09-17T21:21:35.905+0000] {processor.py:183} INFO - Processing /opt/airflow/dags/data_staging_dag.py took 0.036 seconds
[2026-09-17T21:21:37.935+0000] {processor.py:161} INFO - Started process (PID=977) to work on /opt/airflow/dags/data_staging_dag.py
[2026-09-17T21:21:37.936+0000] {processor.py:830} INFO - Processing file /opt/airflow/dags/data_staging_dag.py for tasks to queue
[2026-09-17T21:21:37.937+0000] {logging_mixin.py:188} INFO - [2026-09-17T21:21:37.937+0000] {dagbag.py:545} INFO - Filling up the DagBag from /opt/airflow/dags/data_staging_dag.py
[2026-09-17T21:21:37.946+0000] {processor.py:842} WARNING - No viable dags retrieved from /opt/airflow/dags/data_staging_dag.py
[2026-09-17T21:21:37.969+0000] {processor.py:183} INFO - Processing /opt/airflow/dags/data_staging_dag.py took 0.044 seconds
[2026-09-17T21:21:41.016+0000] {processor.py:161} INFO - Started process (PID=985) to work on /opt/airflow/dags/data_staging_dag.py
[2026-09-17T21:21:41.018+0000] {processor.py:830} INFO - Processing file /opt/airflow/dags/data_staging_dag.py for tasks to queue
[2026-09-17T21:21:41.019+0000] {logging_mixin.py:188} INFO - [2026-09-17T21:21:41.019+0000] {dagbag.py:545} INFO - Filling up the DagBag from /opt/airflow/dags/data_staging_dag.py
[2026-09-17T21:21:41.025+0000] {processor.py:842} WARNING - No viable dags retrieved from /opt/airflow/dags/data_staging_dag.py
[2026-09-17T21:21:41.046+0000] {processor.py:183} INFO - Processing /opt/airflow/dags/data_staging_dag.py took 0.036 seconds
[2026-09-17T21:21:43.039+0000] {processor.py:161} INFO - Started process (PID=986) to work on /opt/airflow/dags/data_staging_dag.py
[2026-09-17T21:21:43.040+0000] {processor.py:830} INFO - Processing file /opt/airflow/dags/data_staging_dag.py for tasks to queue
[2026-09-17T21:21:43.041+0000] {logging_mixin.py:188} INFO - [2026-09-17T21:21:43.041+0000] {dagbag.py:545} INFO - Filling up the DagBag from /opt/airflow/dags/data_staging_dag.py
[2026-09-17T21:21:43.046+0000] {processor.py:842} WARNING - No viable dags retrieved from /opt/airflow/dags/data_staging_dag.py
[2026-09-17T21:21:43.065+0000] {processor.py:183} INFO - Processing /opt/airflow/dags/data_staging_dag.py took 0.033 seconds
[2026-09-17T21:21:55.197+0000] {processor.py:161} INFO - Started process (PID=987) to work on /opt/airflow/dags/data_staging_dag.py
[2026-09-17T21:21:55.198+0000] {processor.py:830} INFO - Processing file /opt/airflow/dags/data_staging_dag.py for tasks to queue
[2026-09-17T21:21:55.200+0000] {logging_mixin.py:188} INFO - [2026-09-17T21:21:55.199+0000] {dagbag.py:545} INFO - Filling up the DagBag from /opt/airflow/dags/data_staging_dag.py
[2026-09-17T21:21:55.205+0000] {processor.py:842} WARNING - No viable dags retrieved from /opt/airflow/dags/data_staging_dag.py
[2026-09-17T21:21:55.224+0000] {processor.py:183} INFO - Processing /opt/airflow/dags/data_staging_dag.py took 0.035 seconds
[2026-09-17T21:21:58.270+0000] {processor.py:161} INFO - Started process (PID=988) to work on /opt/airflow/dags/data_staging_dag.py
[2026-09-17T21:21:58.273+0000] {processor.py:830} INFO - Processing file /opt/airflow/dags/data_staging_dag.py for tasks to queue
[2026-09-17T21:21:58.274+0000] {logging_mixin.py:188} INFO - [2026-09-17T21:21:58.274+0000] {dagbag.py:545} INFO - Filling up the DagBag from /opt/airflow/dags/data_staging_dag.py
[2026-09-17T21:21:58.281+0000] {processor.py:842} WARNING - No viable dags retrieved from /opt/airflow/dags/data_staging_dag.py
[2026-09-17T21:21:58.317+0000] {processor.py:183} INFO - Processing /opt/airflow/dags/data_staging_dag.py took 0.067 seconds
[2026-09-17T21:22:05.006+0000] {processor.py:161} INFO - Started process (PID=989) to work on /opt/airflow/dags/data_staging_dag.py
[2026-09-17T21:22:05.007+0000] {processor.py:830} INFO - Processing file /opt/airflow/dags/data_staging_dag.py for tasks to queue
[2026-09-17T21:22:05.008+0000] {logging_mixin.py:188} INFO - [2026-09-17T21:22:05.008+0000] {dagbag.py:545} INFO - Filling up the DagBag from /opt/airflow/dags/data_staging_dag.py
[2026-09-17T21:22:05.013+0000] {processor.py:842} WARNING - No viable dags retrieved from /opt/airflow/dags/data_staging_dag.py
[2026-09-17T21:22:05.031+0000] {processor.py:183} INFO - Processing /opt/airflow/dags/data_staging_dag.py took 0.032 seconds
[2026-09-17T21:22:12.964+0000] {processor.py:161} INFO - Started process (PID=997) to work on /opt/airflow/dags/data_staging_dag.py
[2026-09-17T21:22:12.966+0000] {processor.py:830} INFO - Processing file /opt/airflow/dags/data_staging_dag.py for tasks to queue
[2026-09-17T21:22:12.967+0000] {logging_mixin.py:188} INFO - [2026-09-17T21:22:12.967+0000] {dagbag.py:545} INFO - Filling up the DagBag from /opt/airflow/dags/data_staging_dag.py
[2026-09-17T21:22:12.974+0000] {processor.py:842} WARNING - No viable dags retrieved from /opt/airflow/dags/data_staging_dag.py
[2026-09-17T21:22:12.994+0000] {processor.py:183} INFO - Processing /opt/airflow/dags/data_staging_dag.py took 0.039 seconds
[2026-09-17T21:22:17.007+0000] {processor.py:161} INFO - Started process (PID=998) to work on /opt/airflow/dags/data_staging_dag.py
[2026-09-17T21:22:17.007+0000] {processor.py:830} INFO - Processing file /opt/airflow/dags/data_staging_dag.py for tasks to queue
[2026-09-17T21:22:17.008+0000] {logging_mixin.py:188} INFO - [2026-09-17T21:22:17.008+0000] {dagbag.py:545} INFO - Filling up the DagBag from /opt/airflow/dags/data_staging_dag.py
[2026-09-17T21:22:17.015+0000] {processor.py:842} WARNING - No viable dags retrieved from /opt/airflow/dags/data_staging_dag.py
[2026-09-17T21:22:17.034+0000] {processor.py:183} INFO - Processing /opt/airflow/dags/data_staging_dag.py took 0.035 seconds
[2026-09-17T21:22:22.092+0000] {processor.py:161} INFO - Started process (PID=999) to work on /opt/airflow/dags/data_staging_dag.py
[2026-09-17T21:22:22.094+0000] {processor.py:830} INFO - Processing file /opt/airflow/dags/data_staging_dag.py for tasks to queue
[2026-09-17T21:22:22.095+0000] {logging_mixin.py:188} INFO - [2026-09-17T21:22:22.094+0000] {dagbag.py:545} INFO - Filling up the DagBag from /opt/airflow/dags/data_staging_dag.py
[2026-09-17T21:22:22.099+0000] {processor.py:842} WARNING - No viable dags retrieved from /opt/airflow/dags/data_staging_dag.py
[2026-09-17T21:22:22.116+0000] {processor.py:183} INFO - Processing /opt/airflow/dags/data_staging_dag.py took 0.033 seconds
[2026-09-17T21:22:52.214+0000] {processor.py:161} INFO - Started process (PID=1008) to work on /opt/airflow/dags/data_staging_dag.py
[2026-09-17T21:22:52.215+0000] {processor.py:830} INFO - Processing file /opt/airflow/dags/data_staging_dag.py for tasks to queue
[2026-09-17T21:22:52.216+0000] {logging_mixin.py:188} INFO - [2026-09-17T21:22:52.216+0000] {dagbag.py:545} INFO - Filling up the DagBag from /opt/airflow/dags/data_staging_dag.py
[2026-09-17T21:22:52.222+0000] {processor.py:842} WARNING - No viable dags retrieved from /opt/airflow/dags/data_staging_dag.py
[2026-09-17T21:22:52.242+0000] {processor.py:183} INFO - Processing /opt/airflow/dags/data_staging_dag.py took 0.036 seconds
[2026-09-17T21:23:22.703+0000] {processor.py:161} INFO - Started process (PID=1040) to work on /opt/airflow/dags/data_staging_dag.py
[2026-09-17T21:23:22.709+0000] {processor.py:830} INFO - Processing file /opt/airflow/dags/data_staging_dag.py for tasks to queue
[2026-09-17T21:23:22.710+0000] {logging_mixin.py:188} INFO - [2026-09-17T21:23:22.710+0000] {dagbag.py:545} INFO - Filling up the DagBag from /opt/airflow/dags/data_staging_dag.py
[2026-09-17T21:23:22.714+0000] {processor.py:842} WARNING - No viable dags retrieved from /opt/airflow/dags/data_staging_dag.py
[2026-09-17T21:23:22.731+0000] {processor.py:183} INFO - Processing /opt/airflow/dags/data_staging_dag.py took 0.034 seconds
