[2026-09-17T00:40:28.723+0000] {processor.py:161} INFO - Started process (PID=1327) to work on /opt/airflow/dags/data_extracter_dag.py
[2026-09-17T00:40:28.730+0000] {processor.py:830} INFO - Processing file /opt/airflow/dags/data_extracter_dag.py for tasks to queue
[2026-09-17T00:40:28.737+0000] {logging_mixin.py:188} INFO - [2026-09-17T00:40:28.736+0000] {dagbag.py:545} INFO - Filling up the DagBag from /opt/airflow/dags/data_extracter_dag.py
[2026-09-17T00:40:28.849+0000] {processor.py:840} INFO - DAG(s) 'data_extraction' retrieved from /opt/airflow/dags/data_extracter_dag.py
[2026-09-17T00:40:28.979+0000] {logging_mixin.py:188} INFO - [2026-09-17T00:40:28.978+0000] {dag.py:3096} INFO - Sync 1 DAGs
[2026-09-17T00:40:29.043+0000] {logging_mixin.py:188} INFO - [2026-09-17T00:40:29.043+0000] {dag.py:3954} INFO - Setting next_dagrun for data_extraction to None, run_after=None
[2026-09-17T00:40:29.151+0000] {processor.py:183} INFO - Processing /opt/airflow/dags/data_extracter_dag.py took 0.468 seconds
[2026-09-17T05:37:26.506+0000] {processor.py:161} INFO - Started process (PID=1329) to work on /opt/airflow/dags/data_extracter_dag.py
[2026-09-17T05:37:26.508+0000] {processor.py:830} INFO - Processing file /opt/airflow/dags/data_extracter_dag.py for tasks to queue
[2026-09-17T05:37:26.509+0000] {logging_mixin.py:188} INFO - [2026-09-17T05:37:26.509+0000] {dagbag.py:545} INFO - Filling up the DagBag from /opt/airflow/dags/data_extracter_dag.py
[2026-09-17T05:37:26.539+0000] {processor.py:840} INFO - DAG(s) 'data_extraction' retrieved from /opt/airflow/dags/data_extracter_dag.py
[2026-09-17T05:37:26.606+0000] {logging_mixin.py:188} INFO - [2026-09-17T05:37:26.605+0000] {dag.py:3096} INFO - Sync 1 DAGs
[2026-09-17T05:37:26.635+0000] {logging_mixin.py:188} INFO - [2026-09-17T05:37:26.635+0000] {dag.py:3954} INFO - Setting next_dagrun for data_extraction to None, run_after=None
[2026-09-17T05:37:26.832+0000] {processor.py:183} INFO - Processing /opt/airflow/dags/data_extracter_dag.py took 0.344 seconds
[2026-09-17T05:37:56.985+0000] {processor.py:161} INFO - Started process (PID=1337) to work on /opt/airflow/dags/data_extracter_dag.py
[2026-09-17T05:37:56.987+0000] {processor.py:830} INFO - Processing file /opt/airflow/dags/data_extracter_dag.py for tasks to queue
[2026-09-17T05:37:56.988+0000] {logging_mixin.py:188} INFO - [2026-09-17T05:37:56.988+0000] {dagbag.py:545} INFO - Filling up the DagBag from /opt/airflow/dags/data_extracter_dag.py
[2026-09-17T05:37:57.011+0000] {processor.py:840} INFO - DAG(s) 'data_extraction' retrieved from /opt/airflow/dags/data_extracter_dag.py
[2026-09-17T05:37:57.056+0000] {logging_mixin.py:188} INFO - [2026-09-17T05:37:57.055+0000] {dag.py:3096} INFO - Sync 1 DAGs
[2026-09-17T05:37:57.069+0000] {logging_mixin.py:188} INFO - [2026-09-17T05:37:57.069+0000] {dag.py:3954} INFO - Setting next_dagrun for data_extraction to None, run_after=None
[2026-09-17T05:37:57.100+0000] {processor.py:183} INFO - Processing /opt/airflow/dags/data_extracter_dag.py took 0.126 seconds
[2026-09-17T05:38:27.243+0000] {processor.py:161} INFO - Started process (PID=1345) to work on /opt/airflow/dags/data_extracter_dag.py
[2026-09-17T05:38:27.245+0000] {processor.py:830} INFO - Processing file /opt/airflow/dags/data_extracter_dag.py for tasks to queue
[2026-09-17T05:38:27.246+0000] {logging_mixin.py:188} INFO - [2026-09-17T05:38:27.246+0000] {dagbag.py:545} INFO - Filling up the DagBag from /opt/airflow/dags/data_extracter_dag.py
[2026-09-17T05:38:27.271+0000] {processor.py:840} INFO - DAG(s) 'data_extraction' retrieved from /opt/airflow/dags/data_extracter_dag.py
[2026-09-17T05:38:27.314+0000] {logging_mixin.py:188} INFO - [2026-09-17T05:38:27.314+0000] {dag.py:3096} INFO - Sync 1 DAGs
[2026-09-17T05:38:27.330+0000] {logging_mixin.py:188} INFO - [2026-09-17T05:38:27.330+0000] {dag.py:3954} INFO - Setting next_dagrun for data_extraction to None, run_after=None
[2026-09-17T05:38:27.356+0000] {processor.py:183} INFO - Processing /opt/airflow/dags/data_extracter_dag.py took 0.122 seconds
[2026-09-17T05:38:57.425+0000] {processor.py:161} INFO - Started process (PID=1353) to work on /opt/airflow/dags/data_extracter_dag.py
[2026-09-17T05:38:57.427+0000] {processor.py:830} INFO - Processing file /opt/airflow/dags/data_extracter_dag.py for tasks to queue
[2026-09-17T05:38:57.428+0000] {logging_mixin.py:188} INFO - [2026-09-17T05:38:57.428+0000] {dagbag.py:545} INFO - Filling up the DagBag from /opt/airflow/dags/data_extracter_dag.py
[2026-09-17T05:38:57.447+0000] {processor.py:840} INFO - DAG(s) 'data_extraction' retrieved from /opt/airflow/dags/data_extracter_dag.py
[2026-09-17T05:38:57.482+0000] {logging_mixin.py:188} INFO - [2026-09-17T05:38:57.481+0000] {dag.py:3096} INFO - Sync 1 DAGs
[2026-09-17T05:38:57.492+0000] {logging_mixin.py:188} INFO - [2026-09-17T05:38:57.492+0000] {dag.py:3954} INFO - Setting next_dagrun for data_extraction to None, run_after=None
[2026-09-17T05:38:57.509+0000] {processor.py:183} INFO - Processing /opt/airflow/dags/data_extracter_dag.py took 0.095 seconds
[2026-09-17T05:39:27.636+0000] {processor.py:161} INFO - Started process (PID=1361) to work on /opt/airflow/dags/data_extracter_dag.py
[2026-09-17T05:39:27.637+0000] {processor.py:830} INFO - Processing file /opt/airflow/dags/data_extracter_dag.py for tasks to queue
[2026-09-17T05:39:27.638+0000] {logging_mixin.py:188} INFO - [2026-09-17T05:39:27.638+0000] {dagbag.py:545} INFO - Filling up the DagBag from /opt/airflow/dags/data_extracter_dag.py
[2026-09-17T05:39:27.653+0000] {processor.py:840} INFO - DAG(s) 'data_extraction' retrieved from /opt/airflow/dags/data_extracter_dag.py
[2026-09-17T05:39:27.682+0000] {logging_mixin.py:188} INFO - [2026-09-17T05:39:27.682+0000] {dag.py:3096} INFO - Sync 1 DAGs
[2026-09-17T05:39:27.692+0000] {logging_mixin.py:188} INFO - [2026-09-17T05:39:27.692+0000] {dag.py:3954} INFO - Setting next_dagrun for data_extraction to None, run_after=None
[2026-09-17T05:39:27.714+0000] {processor.py:183} INFO - Processing /opt/airflow/dags/data_extracter_dag.py took 0.086 seconds
[2026-09-17T05:39:57.850+0000] {processor.py:161} INFO - Started process (PID=1369) to work on /opt/airflow/dags/data_extracter_dag.py
[2026-09-17T05:39:57.851+0000] {processor.py:830} INFO - Processing file /opt/airflow/dags/data_extracter_dag.py for tasks to queue
[2026-09-17T05:39:57.852+0000] {logging_mixin.py:188} INFO - [2026-09-17T05:39:57.852+0000] {dagbag.py:545} INFO - Filling up the DagBag from /opt/airflow/dags/data_extracter_dag.py
[2026-09-17T05:39:57.867+0000] {processor.py:840} INFO - DAG(s) 'data_extraction' retrieved from /opt/airflow/dags/data_extracter_dag.py
[2026-09-17T05:39:57.903+0000] {logging_mixin.py:188} INFO - [2026-09-17T05:39:57.903+0000] {dag.py:3096} INFO - Sync 1 DAGs
[2026-09-17T05:39:57.913+0000] {logging_mixin.py:188} INFO - [2026-09-17T05:39:57.913+0000] {dag.py:3954} INFO - Setting next_dagrun for data_extraction to None, run_after=None
[2026-09-17T05:39:57.935+0000] {processor.py:183} INFO - Processing /opt/airflow/dags/data_extracter_dag.py took 0.092 seconds
[2026-09-17T05:40:28.078+0000] {processor.py:161} INFO - Started process (PID=1377) to work on /opt/airflow/dags/data_extracter_dag.py
[2026-09-17T05:40:28.079+0000] {processor.py:830} INFO - Processing file /opt/airflow/dags/data_extracter_dag.py for tasks to queue
[2026-09-17T05:40:28.080+0000] {logging_mixin.py:188} INFO - [2026-09-17T05:40:28.080+0000] {dagbag.py:545} INFO - Filling up the DagBag from /opt/airflow/dags/data_extracter_dag.py
[2026-09-17T05:40:28.094+0000] {processor.py:840} INFO - DAG(s) 'data_extraction' retrieved from /opt/airflow/dags/data_extracter_dag.py
[2026-09-17T05:40:28.123+0000] {logging_mixin.py:188} INFO - [2026-09-17T05:40:28.123+0000] {dag.py:3096} INFO - Sync 1 DAGs
[2026-09-17T05:40:28.134+0000] {logging_mixin.py:188} INFO - [2026-09-17T05:40:28.134+0000] {dag.py:3954} INFO - Setting next_dagrun for data_extraction to None, run_after=None
[2026-09-17T05:40:28.156+0000] {processor.py:183} INFO - Processing /opt/airflow/dags/data_extracter_dag.py took 0.086 seconds
[2026-09-17T05:40:58.294+0000] {processor.py:161} INFO - Started process (PID=1385) to work on /opt/airflow/dags/data_extracter_dag.py
[2026-09-17T05:40:58.296+0000] {processor.py:830} INFO - Processing file /opt/airflow/dags/data_extracter_dag.py for tasks to queue
[2026-09-17T05:40:58.297+0000] {logging_mixin.py:188} INFO - [2026-09-17T05:40:58.297+0000] {dagbag.py:545} INFO - Filling up the DagBag from /opt/airflow/dags/data_extracter_dag.py
[2026-09-17T05:40:58.313+0000] {processor.py:840} INFO - DAG(s) 'data_extraction' retrieved from /opt/airflow/dags/data_extracter_dag.py
[2026-09-17T05:40:58.347+0000] {logging_mixin.py:188} INFO - [2026-09-17T05:40:58.347+0000] {dag.py:3096} INFO - Sync 1 DAGs
[2026-09-17T05:40:58.359+0000] {logging_mixin.py:188} INFO - [2026-09-17T05:40:58.359+0000] {dag.py:3954} INFO - Setting next_dagrun for data_extraction to None, run_after=None
[2026-09-17T05:40:58.380+0000] {processor.py:183} INFO - Processing /opt/airflow/dags/data_extracter_dag.py took 0.094 seconds
[2026-09-17T05:41:28.534+0000] {processor.py:161} INFO - Started process (PID=1393) to work on /opt/airflow/dags/data_extracter_dag.py
[2026-09-17T05:41:28.535+0000] {processor.py:830} INFO - Processing file /opt/airflow/dags/data_extracter_dag.py for tasks to queue
[2026-09-17T05:41:28.536+0000] {logging_mixin.py:188} INFO - [2026-09-17T05:41:28.535+0000] {dagbag.py:545} INFO - Filling up the DagBag from /opt/airflow/dags/data_extracter_dag.py
[2026-09-17T05:41:28.552+0000] {processor.py:840} INFO - DAG(s) 'data_extraction' retrieved from /opt/airflow/dags/data_extracter_dag.py
[2026-09-17T05:41:28.583+0000] {logging_mixin.py:188} INFO - [2026-09-17T05:41:28.583+0000] {dag.py:3096} INFO - Sync 1 DAGs
[2026-09-17T05:41:28.594+0000] {logging_mixin.py:188} INFO - [2026-09-17T05:41:28.594+0000] {dag.py:3954} INFO - Setting next_dagrun for data_extraction to None, run_after=None
[2026-09-17T05:41:28.614+0000] {processor.py:183} INFO - Processing /opt/airflow/dags/data_extracter_dag.py took 0.087 seconds
[2026-09-17T05:41:58.760+0000] {processor.py:161} INFO - Started process (PID=1401) to work on /opt/airflow/dags/data_extracter_dag.py
[2026-09-17T05:41:58.761+0000] {processor.py:830} INFO - Processing file /opt/airflow/dags/data_extracter_dag.py for tasks to queue
[2026-09-17T05:41:58.762+0000] {logging_mixin.py:188} INFO - [2026-09-17T05:41:58.762+0000] {dagbag.py:545} INFO - Filling up the DagBag from /opt/airflow/dags/data_extracter_dag.py
[2026-09-17T05:41:58.777+0000] {processor.py:840} INFO - DAG(s) 'data_extraction' retrieved from /opt/airflow/dags/data_extracter_dag.py
[2026-09-17T05:41:58.806+0000] {logging_mixin.py:188} INFO - [2026-09-17T05:41:58.806+0000] {dag.py:3096} INFO - Sync 1 DAGs
[2026-09-17T05:41:58.815+0000] {logging_mixin.py:188} INFO - [2026-09-17T05:41:58.815+0000] {dag.py:3954} INFO - Setting next_dagrun for data_extraction to None, run_after=None
[2026-09-17T05:41:58.836+0000] {processor.py:183} INFO - Processing /opt/airflow/dags/data_extracter_dag.py took 0.085 seconds
[2026-09-17T05:42:28.987+0000] {processor.py:161} INFO - Started process (PID=1409) to work on /opt/airflow/dags/data_extracter_dag.py
[2026-09-17T05:42:28.989+0000] {processor.py:830} INFO - Processing file /opt/airflow/dags/data_extracter_dag.py for tasks to queue
[2026-09-17T05:42:28.991+0000] {logging_mixin.py:188} INFO - [2026-09-17T05:42:28.991+0000] {dagbag.py:545} INFO - Filling up the DagBag from /opt/airflow/dags/data_extracter_dag.py
[2026-09-17T05:42:29.017+0000] {processor.py:840} INFO - DAG(s) 'data_extraction' retrieved from /opt/airflow/dags/data_extracter_dag.py
[2026-09-17T05:42:29.058+0000] {logging_mixin.py:188} INFO - [2026-09-17T05:42:29.057+0000] {dag.py:3096} INFO - Sync 1 DAGs
[2026-09-17T05:42:29.072+0000] {logging_mixin.py:188} INFO - [2026-09-17T05:42:29.072+0000] {dag.py:3954} INFO - Setting next_dagrun for data_extraction to None, run_after=None
[2026-09-17T05:42:29.094+0000] {processor.py:183} INFO - Processing /opt/airflow/dags/data_extracter_dag.py took 0.118 seconds
[2026-09-17T05:42:59.209+0000] {processor.py:161} INFO - Started process (PID=1418) to work on /opt/airflow/dags/data_extracter_dag.py
[2026-09-17T05:42:59.210+0000] {processor.py:830} INFO - Processing file /opt/airflow/dags/data_extracter_dag.py for tasks to queue
[2026-09-17T05:42:59.211+0000] {logging_mixin.py:188} INFO - [2026-09-17T05:42:59.211+0000] {dagbag.py:545} INFO - Filling up the DagBag from /opt/airflow/dags/data_extracter_dag.py
[2026-09-17T05:42:59.230+0000] {processor.py:840} INFO - DAG(s) 'data_extraction' retrieved from /opt/airflow/dags/data_extracter_dag.py
[2026-09-17T05:42:59.261+0000] {logging_mixin.py:188} INFO - [2026-09-17T05:42:59.261+0000] {dag.py:3096} INFO - Sync 1 DAGs
[2026-09-17T05:42:59.271+0000] {logging_mixin.py:188} INFO - [2026-09-17T05:42:59.271+0000] {dag.py:3954} INFO - Setting next_dagrun for data_extraction to None, run_after=None
[2026-09-17T05:42:59.292+0000] {processor.py:183} INFO - Processing /opt/airflow/dags/data_extracter_dag.py took 0.092 seconds
[2026-09-17T05:43:29.439+0000] {processor.py:161} INFO - Started process (PID=1426) to work on /opt/airflow/dags/data_extracter_dag.py
[2026-09-17T05:43:29.440+0000] {processor.py:830} INFO - Processing file /opt/airflow/dags/data_extracter_dag.py for tasks to queue
[2026-09-17T05:43:29.441+0000] {logging_mixin.py:188} INFO - [2026-09-17T05:43:29.441+0000] {dagbag.py:545} INFO - Filling up the DagBag from /opt/airflow/dags/data_extracter_dag.py
[2026-09-17T05:43:29.456+0000] {processor.py:840} INFO - DAG(s) 'data_extraction' retrieved from /opt/airflow/dags/data_extracter_dag.py
[2026-09-17T05:43:29.485+0000] {logging_mixin.py:188} INFO - [2026-09-17T05:43:29.485+0000] {dag.py:3096} INFO - Sync 1 DAGs
[2026-09-17T05:43:29.494+0000] {logging_mixin.py:188} INFO - [2026-09-17T05:43:29.494+0000] {dag.py:3954} INFO - Setting next_dagrun for data_extraction to None, run_after=None
[2026-09-17T05:43:29.513+0000] {processor.py:183} INFO - Processing /opt/airflow/dags/data_extracter_dag.py took 0.082 seconds
[2026-09-17T05:43:59.664+0000] {processor.py:161} INFO - Started process (PID=1434) to work on /opt/airflow/dags/data_extracter_dag.py
[2026-09-17T05:43:59.665+0000] {processor.py:830} INFO - Processing file /opt/airflow/dags/data_extracter_dag.py for tasks to queue
[2026-09-17T05:43:59.667+0000] {logging_mixin.py:188} INFO - [2026-09-17T05:43:59.666+0000] {dagbag.py:545} INFO - Filling up the DagBag from /opt/airflow/dags/data_extracter_dag.py
[2026-09-17T05:43:59.682+0000] {processor.py:840} INFO - DAG(s) 'data_extraction' retrieved from /opt/airflow/dags/data_extracter_dag.py
[2026-09-17T05:43:59.714+0000] {logging_mixin.py:188} INFO - [2026-09-17T05:43:59.713+0000] {dag.py:3096} INFO - Sync 1 DAGs
[2026-09-17T05:43:59.724+0000] {logging_mixin.py:188} INFO - [2026-09-17T05:43:59.724+0000] {dag.py:3954} INFO - Setting next_dagrun for data_extraction to None, run_after=None
[2026-09-17T05:43:59.748+0000] {processor.py:183} INFO - Processing /opt/airflow/dags/data_extracter_dag.py took 0.091 seconds
[2026-09-17T05:44:29.874+0000] {processor.py:161} INFO - Started process (PID=1442) to work on /opt/airflow/dags/data_extracter_dag.py
[2026-09-17T05:44:29.876+0000] {processor.py:830} INFO - Processing file /opt/airflow/dags/data_extracter_dag.py for tasks to queue
[2026-09-17T05:44:29.877+0000] {logging_mixin.py:188} INFO - [2026-09-17T05:44:29.877+0000] {dagbag.py:545} INFO - Filling up the DagBag from /opt/airflow/dags/data_extracter_dag.py
[2026-09-17T05:44:29.893+0000] {processor.py:840} INFO - DAG(s) 'data_extraction' retrieved from /opt/airflow/dags/data_extracter_dag.py
[2026-09-17T05:44:29.921+0000] {logging_mixin.py:188} INFO - [2026-09-17T05:44:29.921+0000] {dag.py:3096} INFO - Sync 1 DAGs
[2026-09-17T05:44:29.933+0000] {logging_mixin.py:188} INFO - [2026-09-17T05:44:29.933+0000] {dag.py:3954} INFO - Setting next_dagrun for data_extraction to None, run_after=None
[2026-09-17T05:44:29.956+0000] {processor.py:183} INFO - Processing /opt/airflow/dags/data_extracter_dag.py took 0.089 seconds
[2026-09-17T05:45:00.231+0000] {processor.py:161} INFO - Started process (PID=1450) to work on /opt/airflow/dags/data_extracter_dag.py
[2026-09-17T05:45:00.232+0000] {processor.py:830} INFO - Processing file /opt/airflow/dags/data_extracter_dag.py for tasks to queue
[2026-09-17T05:45:00.234+0000] {logging_mixin.py:188} INFO - [2026-09-17T05:45:00.233+0000] {dagbag.py:545} INFO - Filling up the DagBag from /opt/airflow/dags/data_extracter_dag.py
[2026-09-17T05:45:00.249+0000] {processor.py:840} INFO - DAG(s) 'data_extraction' retrieved from /opt/airflow/dags/data_extracter_dag.py
[2026-09-17T05:45:00.277+0000] {logging_mixin.py:188} INFO - [2026-09-17T05:45:00.277+0000] {dag.py:3096} INFO - Sync 1 DAGs
[2026-09-17T05:45:00.288+0000] {logging_mixin.py:188} INFO - [2026-09-17T05:45:00.287+0000] {dag.py:3954} INFO - Setting next_dagrun for data_extraction to None, run_after=None
[2026-09-17T05:45:00.308+0000] {processor.py:183} INFO - Processing /opt/airflow/dags/data_extracter_dag.py took 0.085 seconds
[2026-09-17T05:45:31.102+0000] {processor.py:161} INFO - Started process (PID=1458) to work on /opt/airflow/dags/data_extracter_dag.py
[2026-09-17T05:45:31.103+0000] {processor.py:830} INFO - Processing file /opt/airflow/dags/data_extracter_dag.py for tasks to queue
[2026-09-17T05:45:31.104+0000] {logging_mixin.py:188} INFO - [2026-09-17T05:45:31.104+0000] {dagbag.py:545} INFO - Filling up the DagBag from /opt/airflow/dags/data_extracter_dag.py
[2026-09-17T05:45:31.124+0000] {processor.py:840} INFO - DAG(s) 'data_extraction' retrieved from /opt/airflow/dags/data_extracter_dag.py
[2026-09-17T05:45:31.153+0000] {logging_mixin.py:188} INFO - [2026-09-17T05:45:31.153+0000] {dag.py:3096} INFO - Sync 1 DAGs
[2026-09-17T05:45:31.163+0000] {logging_mixin.py:188} INFO - [2026-09-17T05:45:31.163+0000] {dag.py:3954} INFO - Setting next_dagrun for data_extraction to None, run_after=None
[2026-09-17T05:45:31.182+0000] {processor.py:183} INFO - Processing /opt/airflow/dags/data_extracter_dag.py took 0.086 seconds
[2026-09-17T05:46:01.419+0000] {processor.py:161} INFO - Started process (PID=1466) to work on /opt/airflow/dags/data_extracter_dag.py
[2026-09-17T05:46:01.421+0000] {processor.py:830} INFO - Processing file /opt/airflow/dags/data_extracter_dag.py for tasks to queue
[2026-09-17T05:46:01.422+0000] {logging_mixin.py:188} INFO - [2026-09-17T05:46:01.421+0000] {dagbag.py:545} INFO - Filling up the DagBag from /opt/airflow/dags/data_extracter_dag.py
[2026-09-17T05:46:01.441+0000] {processor.py:840} INFO - DAG(s) 'data_extraction' retrieved from /opt/airflow/dags/data_extracter_dag.py
[2026-09-17T05:46:01.472+0000] {logging_mixin.py:188} INFO - [2026-09-17T05:46:01.472+0000] {dag.py:3096} INFO - Sync 1 DAGs
[2026-09-17T05:46:01.482+0000] {logging_mixin.py:188} INFO - [2026-09-17T05:46:01.482+0000] {dag.py:3954} INFO - Setting next_dagrun for data_extraction to None, run_after=None
[2026-09-17T05:46:01.501+0000] {processor.py:183} INFO - Processing /opt/airflow/dags/data_extracter_dag.py took 0.089 seconds
[2026-09-17T05:46:32.651+0000] {processor.py:161} INFO - Started process (PID=1474) to work on /opt/airflow/dags/data_extracter_dag.py
[2026-09-17T05:46:32.653+0000] {processor.py:830} INFO - Processing file /opt/airflow/dags/data_extracter_dag.py for tasks to queue
[2026-09-17T05:46:32.654+0000] {logging_mixin.py:188} INFO - [2026-09-17T05:46:32.654+0000] {dagbag.py:545} INFO - Filling up the DagBag from /opt/airflow/dags/data_extracter_dag.py
[2026-09-17T05:46:32.670+0000] {processor.py:840} INFO - DAG(s) 'data_extraction' retrieved from /opt/airflow/dags/data_extracter_dag.py
[2026-09-17T05:46:32.700+0000] {logging_mixin.py:188} INFO - [2026-09-17T05:46:32.700+0000] {dag.py:3096} INFO - Sync 1 DAGs
[2026-09-17T05:46:32.711+0000] {logging_mixin.py:188} INFO - [2026-09-17T05:46:32.711+0000] {dag.py:3954} INFO - Setting next_dagrun for data_extraction to None, run_after=None
[2026-09-17T05:46:32.731+0000] {processor.py:183} INFO - Processing /opt/airflow/dags/data_extracter_dag.py took 0.087 seconds
[2026-09-17T05:47:04.913+0000] {processor.py:161} INFO - Started process (PID=1482) to work on /opt/airflow/dags/data_extracter_dag.py
[2026-09-17T05:47:04.914+0000] {processor.py:830} INFO - Processing file /opt/airflow/dags/data_extracter_dag.py for tasks to queue
[2026-09-17T05:47:04.915+0000] {logging_mixin.py:188} INFO - [2026-09-17T05:47:04.915+0000] {dagbag.py:545} INFO - Filling up the DagBag from /opt/airflow/dags/data_extracter_dag.py
[2026-09-17T05:47:04.930+0000] {processor.py:840} INFO - DAG(s) 'data_extraction' retrieved from /opt/airflow/dags/data_extracter_dag.py
[2026-09-17T05:47:04.956+0000] {logging_mixin.py:188} INFO - [2026-09-17T05:47:04.956+0000] {dag.py:3096} INFO - Sync 1 DAGs
[2026-09-17T05:47:04.965+0000] {logging_mixin.py:188} INFO - [2026-09-17T05:47:04.965+0000] {dag.py:3954} INFO - Setting next_dagrun for data_extraction to None, run_after=None
[2026-09-17T05:47:04.982+0000] {processor.py:183} INFO - Processing /opt/airflow/dags/data_extracter_dag.py took 0.078 seconds
[2026-09-17T05:47:36.225+0000] {processor.py:161} INFO - Started process (PID=1490) to work on /opt/airflow/dags/data_extracter_dag.py
[2026-09-17T05:47:36.228+0000] {processor.py:830} INFO - Processing file /opt/airflow/dags/data_extracter_dag.py for tasks to queue
[2026-09-17T05:47:36.229+0000] {logging_mixin.py:188} INFO - [2026-09-17T05:47:36.229+0000] {dagbag.py:545} INFO - Filling up the DagBag from /opt/airflow/dags/data_extracter_dag.py
[2026-09-17T05:47:36.251+0000] {processor.py:840} INFO - DAG(s) 'data_extraction' retrieved from /opt/airflow/dags/data_extracter_dag.py
[2026-09-17T05:47:36.284+0000] {logging_mixin.py:188} INFO - [2026-09-17T05:47:36.284+0000] {dag.py:3096} INFO - Sync 1 DAGs
[2026-09-17T05:47:36.294+0000] {logging_mixin.py:188} INFO - [2026-09-17T05:47:36.294+0000] {dag.py:3954} INFO - Setting next_dagrun for data_extraction to None, run_after=None
[2026-09-17T05:47:36.315+0000] {processor.py:183} INFO - Processing /opt/airflow/dags/data_extracter_dag.py took 0.100 seconds
[2026-09-17T05:48:08.545+0000] {processor.py:161} INFO - Started process (PID=1498) to work on /opt/airflow/dags/data_extracter_dag.py
[2026-09-17T05:48:08.547+0000] {processor.py:830} INFO - Processing file /opt/airflow/dags/data_extracter_dag.py for tasks to queue
[2026-09-17T05:48:08.548+0000] {logging_mixin.py:188} INFO - [2026-09-17T05:48:08.547+0000] {dagbag.py:545} INFO - Filling up the DagBag from /opt/airflow/dags/data_extracter_dag.py
[2026-09-17T05:48:08.566+0000] {processor.py:840} INFO - DAG(s) 'data_extraction' retrieved from /opt/airflow/dags/data_extracter_dag.py
[2026-09-17T05:48:08.598+0000] {logging_mixin.py:188} INFO - [2026-09-17T05:48:08.597+0000] {dag.py:3096} INFO - Sync 1 DAGs
[2026-09-17T05:48:08.607+0000] {logging_mixin.py:188} INFO - [2026-09-17T05:48:08.607+0000] {dag.py:3954} INFO - Setting next_dagrun for data_extraction to None, run_after=None
[2026-09-17T05:48:08.630+0000] {processor.py:183} INFO - Processing /opt/airflow/dags/data_extracter_dag.py took 0.095 seconds
[2026-09-17T05:48:40.920+0000] {processor.py:161} INFO - Started process (PID=1506) to work on /opt/airflow/dags/data_extracter_dag.py
[2026-09-17T05:48:40.922+0000] {processor.py:830} INFO - Processing file /opt/airflow/dags/data_extracter_dag.py for tasks to queue
[2026-09-17T05:48:40.923+0000] {logging_mixin.py:188} INFO - [2026-09-17T05:48:40.922+0000] {dagbag.py:545} INFO - Filling up the DagBag from /opt/airflow/dags/data_extracter_dag.py
[2026-09-17T05:48:40.935+0000] {processor.py:840} INFO - DAG(s) 'data_extraction' retrieved from /opt/airflow/dags/data_extracter_dag.py
[2026-09-17T05:48:40.962+0000] {logging_mixin.py:188} INFO - [2026-09-17T05:48:40.962+0000] {dag.py:3096} INFO - Sync 1 DAGs
[2026-09-17T05:48:40.971+0000] {logging_mixin.py:188} INFO - [2026-09-17T05:48:40.971+0000] {dag.py:3954} INFO - Setting next_dagrun for data_extraction to None, run_after=None
[2026-09-17T05:48:40.990+0000] {processor.py:183} INFO - Processing /opt/airflow/dags/data_extracter_dag.py took 0.076 seconds
[2026-09-17T05:49:13.315+0000] {processor.py:161} INFO - Started process (PID=1514) to work on /opt/airflow/dags/data_extracter_dag.py
[2026-09-17T05:49:13.316+0000] {processor.py:830} INFO - Processing file /opt/airflow/dags/data_extracter_dag.py for tasks to queue
[2026-09-17T05:49:13.317+0000] {logging_mixin.py:188} INFO - [2026-09-17T05:49:13.317+0000] {dagbag.py:545} INFO - Filling up the DagBag from /opt/airflow/dags/data_extracter_dag.py
[2026-09-17T05:49:13.329+0000] {processor.py:840} INFO - DAG(s) 'data_extraction' retrieved from /opt/airflow/dags/data_extracter_dag.py
[2026-09-17T05:49:13.355+0000] {logging_mixin.py:188} INFO - [2026-09-17T05:49:13.355+0000] {dag.py:3096} INFO - Sync 1 DAGs
[2026-09-17T05:49:13.365+0000] {logging_mixin.py:188} INFO - [2026-09-17T05:49:13.365+0000] {dag.py:3954} INFO - Setting next_dagrun for data_extraction to None, run_after=None
[2026-09-17T05:49:13.380+0000] {processor.py:183} INFO - Processing /opt/airflow/dags/data_extracter_dag.py took 0.072 seconds
[2026-09-17T05:49:44.719+0000] {processor.py:161} INFO - Started process (PID=1522) to work on /opt/airflow/dags/data_extracter_dag.py
[2026-09-17T05:49:44.720+0000] {processor.py:830} INFO - Processing file /opt/airflow/dags/data_extracter_dag.py for tasks to queue
[2026-09-17T05:49:44.721+0000] {logging_mixin.py:188} INFO - [2026-09-17T05:49:44.720+0000] {dagbag.py:545} INFO - Filling up the DagBag from /opt/airflow/dags/data_extracter_dag.py
[2026-09-17T05:49:44.733+0000] {processor.py:840} INFO - DAG(s) 'data_extraction' retrieved from /opt/airflow/dags/data_extracter_dag.py
[2026-09-17T05:49:44.762+0000] {logging_mixin.py:188} INFO - [2026-09-17T05:49:44.761+0000] {dag.py:3096} INFO - Sync 1 DAGs
[2026-09-17T05:49:44.772+0000] {logging_mixin.py:188} INFO - [2026-09-17T05:49:44.771+0000] {dag.py:3954} INFO - Setting next_dagrun for data_extraction to None, run_after=None
[2026-09-17T05:49:44.792+0000] {processor.py:183} INFO - Processing /opt/airflow/dags/data_extracter_dag.py took 0.080 seconds
[2026-09-17T05:50:17.106+0000] {processor.py:161} INFO - Started process (PID=1530) to work on /opt/airflow/dags/data_extracter_dag.py
[2026-09-17T05:50:17.108+0000] {processor.py:830} INFO - Processing file /opt/airflow/dags/data_extracter_dag.py for tasks to queue
[2026-09-17T05:50:17.109+0000] {logging_mixin.py:188} INFO - [2026-09-17T05:50:17.108+0000] {dagbag.py:545} INFO - Filling up the DagBag from /opt/airflow/dags/data_extracter_dag.py
[2026-09-17T05:50:17.126+0000] {processor.py:840} INFO - DAG(s) 'data_extraction' retrieved from /opt/airflow/dags/data_extracter_dag.py
[2026-09-17T05:50:17.159+0000] {logging_mixin.py:188} INFO - [2026-09-17T05:50:17.158+0000] {dag.py:3096} INFO - Sync 1 DAGs
[2026-09-17T05:50:17.169+0000] {logging_mixin.py:188} INFO - [2026-09-17T05:50:17.169+0000] {dag.py:3954} INFO - Setting next_dagrun for data_extraction to None, run_after=None
[2026-09-17T05:50:17.188+0000] {processor.py:183} INFO - Processing /opt/airflow/dags/data_extracter_dag.py took 0.091 seconds
[2026-09-17T05:50:49.532+0000] {processor.py:161} INFO - Started process (PID=1538) to work on /opt/airflow/dags/data_extracter_dag.py
[2026-09-17T05:50:49.533+0000] {processor.py:830} INFO - Processing file /opt/airflow/dags/data_extracter_dag.py for tasks to queue
[2026-09-17T05:50:49.535+0000] {logging_mixin.py:188} INFO - [2026-09-17T05:50:49.534+0000] {dagbag.py:545} INFO - Filling up the DagBag from /opt/airflow/dags/data_extracter_dag.py
[2026-09-17T05:50:49.552+0000] {processor.py:840} INFO - DAG(s) 'data_extraction' retrieved from /opt/airflow/dags/data_extracter_dag.py
[2026-09-17T05:50:49.584+0000] {logging_mixin.py:188} INFO - [2026-09-17T05:50:49.584+0000] {dag.py:3096} INFO - Sync 1 DAGs
[2026-09-17T05:50:49.595+0000] {logging_mixin.py:188} INFO - [2026-09-17T05:50:49.595+0000] {dag.py:3954} INFO - Setting next_dagrun for data_extraction to None, run_after=None
[2026-09-17T05:50:49.618+0000] {processor.py:183} INFO - Processing /opt/airflow/dags/data_extracter_dag.py took 0.101 seconds
[2026-09-17T05:51:22.114+0000] {processor.py:161} INFO - Started process (PID=1546) to work on /opt/airflow/dags/data_extracter_dag.py
[2026-09-17T05:51:22.116+0000] {processor.py:830} INFO - Processing file /opt/airflow/dags/data_extracter_dag.py for tasks to queue
[2026-09-17T05:51:22.117+0000] {logging_mixin.py:188} INFO - [2026-09-17T05:51:22.116+0000] {dagbag.py:545} INFO - Filling up the DagBag from /opt/airflow/dags/data_extracter_dag.py
[2026-09-17T05:51:22.137+0000] {processor.py:840} INFO - DAG(s) 'data_extraction' retrieved from /opt/airflow/dags/data_extracter_dag.py
[2026-09-17T05:51:22.174+0000] {logging_mixin.py:188} INFO - [2026-09-17T05:51:22.174+0000] {dag.py:3096} INFO - Sync 1 DAGs
[2026-09-17T05:51:22.187+0000] {logging_mixin.py:188} INFO - [2026-09-17T05:51:22.186+0000] {dag.py:3954} INFO - Setting next_dagrun for data_extraction to None, run_after=None
[2026-09-17T05:51:22.208+0000] {processor.py:183} INFO - Processing /opt/airflow/dags/data_extracter_dag.py took 0.100 seconds
[2026-09-17T05:51:54.456+0000] {processor.py:161} INFO - Started process (PID=1554) to work on /opt/airflow/dags/data_extracter_dag.py
[2026-09-17T05:51:54.457+0000] {processor.py:830} INFO - Processing file /opt/airflow/dags/data_extracter_dag.py for tasks to queue
[2026-09-17T05:51:54.458+0000] {logging_mixin.py:188} INFO - [2026-09-17T05:51:54.458+0000] {dagbag.py:545} INFO - Filling up the DagBag from /opt/airflow/dags/data_extracter_dag.py
[2026-09-17T05:51:54.472+0000] {processor.py:840} INFO - DAG(s) 'data_extraction' retrieved from /opt/airflow/dags/data_extracter_dag.py
[2026-09-17T05:51:54.499+0000] {logging_mixin.py:188} INFO - [2026-09-17T05:51:54.498+0000] {dag.py:3096} INFO - Sync 1 DAGs
[2026-09-17T05:51:54.510+0000] {logging_mixin.py:188} INFO - [2026-09-17T05:51:54.510+0000] {dag.py:3954} INFO - Setting next_dagrun for data_extraction to None, run_after=None
[2026-09-17T05:51:54.526+0000] {processor.py:183} INFO - Processing /opt/airflow/dags/data_extracter_dag.py took 0.077 seconds
[2026-09-17T05:52:26.926+0000] {processor.py:161} INFO - Started process (PID=1562) to work on /opt/airflow/dags/data_extracter_dag.py
[2026-09-17T05:52:26.928+0000] {processor.py:830} INFO - Processing file /opt/airflow/dags/data_extracter_dag.py for tasks to queue
[2026-09-17T05:52:26.929+0000] {logging_mixin.py:188} INFO - [2026-09-17T05:52:26.928+0000] {dagbag.py:545} INFO - Filling up the DagBag from /opt/airflow/dags/data_extracter_dag.py
[2026-09-17T05:52:26.944+0000] {processor.py:840} INFO - DAG(s) 'data_extraction' retrieved from /opt/airflow/dags/data_extracter_dag.py
[2026-09-17T05:52:26.973+0000] {logging_mixin.py:188} INFO - [2026-09-17T05:52:26.973+0000] {dag.py:3096} INFO - Sync 1 DAGs
[2026-09-17T05:52:26.985+0000] {logging_mixin.py:188} INFO - [2026-09-17T05:52:26.984+0000] {dag.py:3954} INFO - Setting next_dagrun for data_extraction to None, run_after=None
[2026-09-17T05:52:27.008+0000] {processor.py:183} INFO - Processing /opt/airflow/dags/data_extracter_dag.py took 0.090 seconds
[2026-09-17T05:52:58.424+0000] {processor.py:161} INFO - Started process (PID=1570) to work on /opt/airflow/dags/data_extracter_dag.py
[2026-09-17T05:52:58.424+0000] {processor.py:830} INFO - Processing file /opt/airflow/dags/data_extracter_dag.py for tasks to queue
[2026-09-17T05:52:58.425+0000] {logging_mixin.py:188} INFO - [2026-09-17T05:52:58.425+0000] {dagbag.py:545} INFO - Filling up the DagBag from /opt/airflow/dags/data_extracter_dag.py
[2026-09-17T05:52:58.442+0000] {processor.py:840} INFO - DAG(s) 'data_extraction' retrieved from /opt/airflow/dags/data_extracter_dag.py
[2026-09-17T05:52:58.475+0000] {logging_mixin.py:188} INFO - [2026-09-17T05:52:58.474+0000] {dag.py:3096} INFO - Sync 1 DAGs
[2026-09-17T05:52:58.485+0000] {logging_mixin.py:188} INFO - [2026-09-17T05:52:58.485+0000] {dag.py:3954} INFO - Setting next_dagrun for data_extraction to None, run_after=None
[2026-09-17T05:52:58.506+0000] {processor.py:183} INFO - Processing /opt/airflow/dags/data_extracter_dag.py took 0.089 seconds
[2026-09-17T05:53:31.211+0000] {processor.py:161} INFO - Started process (PID=1578) to work on /opt/airflow/dags/data_extracter_dag.py
[2026-09-17T05:53:31.212+0000] {processor.py:830} INFO - Processing file /opt/airflow/dags/data_extracter_dag.py for tasks to queue
[2026-09-17T05:53:31.213+0000] {logging_mixin.py:188} INFO - [2026-09-17T05:53:31.213+0000] {dagbag.py:545} INFO - Filling up the DagBag from /opt/airflow/dags/data_extracter_dag.py
[2026-09-17T05:53:31.227+0000] {processor.py:840} INFO - DAG(s) 'data_extraction' retrieved from /opt/airflow/dags/data_extracter_dag.py
[2026-09-17T05:53:31.256+0000] {logging_mixin.py:188} INFO - [2026-09-17T05:53:31.256+0000] {dag.py:3096} INFO - Sync 1 DAGs
[2026-09-17T05:53:31.265+0000] {logging_mixin.py:188} INFO - [2026-09-17T05:53:31.265+0000] {dag.py:3954} INFO - Setting next_dagrun for data_extraction to None, run_after=None
[2026-09-17T05:53:31.285+0000] {processor.py:183} INFO - Processing /opt/airflow/dags/data_extracter_dag.py took 0.080 seconds
[2026-09-17T05:54:03.929+0000] {processor.py:161} INFO - Started process (PID=1586) to work on /opt/airflow/dags/data_extracter_dag.py
[2026-09-17T05:54:03.930+0000] {processor.py:830} INFO - Processing file /opt/airflow/dags/data_extracter_dag.py for tasks to queue
[2026-09-17T05:54:03.931+0000] {logging_mixin.py:188} INFO - [2026-09-17T05:54:03.931+0000] {dagbag.py:545} INFO - Filling up the DagBag from /opt/airflow/dags/data_extracter_dag.py
[2026-09-17T05:54:03.948+0000] {processor.py:840} INFO - DAG(s) 'data_extraction' retrieved from /opt/airflow/dags/data_extracter_dag.py
[2026-09-17T05:54:03.977+0000] {logging_mixin.py:188} INFO - [2026-09-17T05:54:03.976+0000] {dag.py:3096} INFO - Sync 1 DAGs
[2026-09-17T05:54:03.986+0000] {logging_mixin.py:188} INFO - [2026-09-17T05:54:03.986+0000] {dag.py:3954} INFO - Setting next_dagrun for data_extraction to None, run_after=None
[2026-09-17T05:54:04.004+0000] {processor.py:183} INFO - Processing /opt/airflow/dags/data_extracter_dag.py took 0.081 seconds
[2026-09-17T05:54:36.359+0000] {processor.py:161} INFO - Started process (PID=1594) to work on /opt/airflow/dags/data_extracter_dag.py
[2026-09-17T05:54:36.360+0000] {processor.py:830} INFO - Processing file /opt/airflow/dags/data_extracter_dag.py for tasks to queue
[2026-09-17T05:54:36.361+0000] {logging_mixin.py:188} INFO - [2026-09-17T05:54:36.361+0000] {dagbag.py:545} INFO - Filling up the DagBag from /opt/airflow/dags/data_extracter_dag.py
[2026-09-17T05:54:36.375+0000] {processor.py:840} INFO - DAG(s) 'data_extraction' retrieved from /opt/airflow/dags/data_extracter_dag.py
[2026-09-17T05:54:36.403+0000] {logging_mixin.py:188} INFO - [2026-09-17T05:54:36.403+0000] {dag.py:3096} INFO - Sync 1 DAGs
[2026-09-17T05:54:36.412+0000] {logging_mixin.py:188} INFO - [2026-09-17T05:54:36.412+0000] {dag.py:3954} INFO - Setting next_dagrun for data_extraction to None, run_after=None
[2026-09-17T05:54:36.428+0000] {processor.py:183} INFO - Processing /opt/airflow/dags/data_extracter_dag.py took 0.074 seconds
[2026-09-17T05:55:07.985+0000] {processor.py:161} INFO - Started process (PID=1602) to work on /opt/airflow/dags/data_extracter_dag.py
[2026-09-17T05:55:07.986+0000] {processor.py:830} INFO - Processing file /opt/airflow/dags/data_extracter_dag.py for tasks to queue
[2026-09-17T05:55:07.987+0000] {logging_mixin.py:188} INFO - [2026-09-17T05:55:07.987+0000] {dagbag.py:545} INFO - Filling up the DagBag from /opt/airflow/dags/data_extracter_dag.py
[2026-09-17T05:55:08.001+0000] {processor.py:840} INFO - DAG(s) 'data_extraction' retrieved from /opt/airflow/dags/data_extracter_dag.py
[2026-09-17T05:55:08.028+0000] {logging_mixin.py:188} INFO - [2026-09-17T05:55:08.028+0000] {dag.py:3096} INFO - Sync 1 DAGs
[2026-09-17T05:55:08.037+0000] {logging_mixin.py:188} INFO - [2026-09-17T05:55:08.037+0000] {dag.py:3954} INFO - Setting next_dagrun for data_extraction to None, run_after=None
[2026-09-17T05:55:08.054+0000] {processor.py:183} INFO - Processing /opt/airflow/dags/data_extracter_dag.py took 0.077 seconds
[2026-09-17T05:55:40.530+0000] {processor.py:161} INFO - Started process (PID=1610) to work on /opt/airflow/dags/data_extracter_dag.py
[2026-09-17T05:55:40.532+0000] {processor.py:830} INFO - Processing file /opt/airflow/dags/data_extracter_dag.py for tasks to queue
[2026-09-17T05:55:40.532+0000] {logging_mixin.py:188} INFO - [2026-09-17T05:55:40.532+0000] {dagbag.py:545} INFO - Filling up the DagBag from /opt/airflow/dags/data_extracter_dag.py
[2026-09-17T05:55:40.547+0000] {processor.py:840} INFO - DAG(s) 'data_extraction' retrieved from /opt/airflow/dags/data_extracter_dag.py
[2026-09-17T05:55:40.574+0000] {logging_mixin.py:188} INFO - [2026-09-17T05:55:40.574+0000] {dag.py:3096} INFO - Sync 1 DAGs
[2026-09-17T05:55:40.584+0000] {logging_mixin.py:188} INFO - [2026-09-17T05:55:40.583+0000] {dag.py:3954} INFO - Setting next_dagrun for data_extraction to None, run_after=None
[2026-09-17T05:55:40.598+0000] {processor.py:183} INFO - Processing /opt/airflow/dags/data_extracter_dag.py took 0.075 seconds
[2026-09-17T05:56:13.592+0000] {processor.py:161} INFO - Started process (PID=1618) to work on /opt/airflow/dags/data_extracter_dag.py
[2026-09-17T05:56:13.594+0000] {processor.py:830} INFO - Processing file /opt/airflow/dags/data_extracter_dag.py for tasks to queue
[2026-09-17T05:56:13.595+0000] {logging_mixin.py:188} INFO - [2026-09-17T05:56:13.594+0000] {dagbag.py:545} INFO - Filling up the DagBag from /opt/airflow/dags/data_extracter_dag.py
[2026-09-17T05:56:13.609+0000] {processor.py:840} INFO - DAG(s) 'data_extraction' retrieved from /opt/airflow/dags/data_extracter_dag.py
[2026-09-17T05:56:13.637+0000] {logging_mixin.py:188} INFO - [2026-09-17T05:56:13.636+0000] {dag.py:3096} INFO - Sync 1 DAGs
[2026-09-17T05:56:13.646+0000] {logging_mixin.py:188} INFO - [2026-09-17T05:56:13.646+0000] {dag.py:3954} INFO - Setting next_dagrun for data_extraction to None, run_after=None
[2026-09-17T05:56:13.662+0000] {processor.py:183} INFO - Processing /opt/airflow/dags/data_extracter_dag.py took 0.080 seconds
[2026-09-17T05:56:46.347+0000] {processor.py:161} INFO - Started process (PID=1626) to work on /opt/airflow/dags/data_extracter_dag.py
[2026-09-17T05:56:46.349+0000] {processor.py:830} INFO - Processing file /opt/airflow/dags/data_extracter_dag.py for tasks to queue
[2026-09-17T05:56:46.350+0000] {logging_mixin.py:188} INFO - [2026-09-17T05:56:46.350+0000] {dagbag.py:545} INFO - Filling up the DagBag from /opt/airflow/dags/data_extracter_dag.py
[2026-09-17T05:56:46.363+0000] {processor.py:840} INFO - DAG(s) 'data_extraction' retrieved from /opt/airflow/dags/data_extracter_dag.py
[2026-09-17T05:56:46.391+0000] {logging_mixin.py:188} INFO - [2026-09-17T05:56:46.391+0000] {dag.py:3096} INFO - Sync 1 DAGs
[2026-09-17T05:56:46.401+0000] {logging_mixin.py:188} INFO - [2026-09-17T05:56:46.401+0000] {dag.py:3954} INFO - Setting next_dagrun for data_extraction to None, run_after=None
[2026-09-17T05:56:46.416+0000] {processor.py:183} INFO - Processing /opt/airflow/dags/data_extracter_dag.py took 0.076 seconds
[2026-09-17T05:57:19.405+0000] {processor.py:161} INFO - Started process (PID=1634) to work on /opt/airflow/dags/data_extracter_dag.py
[2026-09-17T05:57:19.405+0000] {processor.py:830} INFO - Processing file /opt/airflow/dags/data_extracter_dag.py for tasks to queue
[2026-09-17T05:57:19.406+0000] {logging_mixin.py:188} INFO - [2026-09-17T05:57:19.406+0000] {dagbag.py:545} INFO - Filling up the DagBag from /opt/airflow/dags/data_extracter_dag.py
[2026-09-17T05:57:19.418+0000] {processor.py:840} INFO - DAG(s) 'data_extraction' retrieved from /opt/airflow/dags/data_extracter_dag.py
[2026-09-17T05:57:19.447+0000] {logging_mixin.py:188} INFO - [2026-09-17T05:57:19.446+0000] {dag.py:3096} INFO - Sync 1 DAGs
[2026-09-17T05:57:19.456+0000] {logging_mixin.py:188} INFO - [2026-09-17T05:57:19.456+0000] {dag.py:3954} INFO - Setting next_dagrun for data_extraction to None, run_after=None
[2026-09-17T05:57:19.473+0000] {processor.py:183} INFO - Processing /opt/airflow/dags/data_extracter_dag.py took 0.076 seconds
[2026-09-17T05:57:52.437+0000] {processor.py:161} INFO - Started process (PID=1642) to work on /opt/airflow/dags/data_extracter_dag.py
[2026-09-17T05:57:52.439+0000] {processor.py:830} INFO - Processing file /opt/airflow/dags/data_extracter_dag.py for tasks to queue
[2026-09-17T05:57:52.439+0000] {logging_mixin.py:188} INFO - [2026-09-17T05:57:52.439+0000] {dagbag.py:545} INFO - Filling up the DagBag from /opt/airflow/dags/data_extracter_dag.py
[2026-09-17T05:57:52.452+0000] {processor.py:840} INFO - DAG(s) 'data_extraction' retrieved from /opt/airflow/dags/data_extracter_dag.py
[2026-09-17T05:57:52.478+0000] {logging_mixin.py:188} INFO - [2026-09-17T05:57:52.478+0000] {dag.py:3096} INFO - Sync 1 DAGs
[2026-09-17T05:57:52.488+0000] {logging_mixin.py:188} INFO - [2026-09-17T05:57:52.488+0000] {dag.py:3954} INFO - Setting next_dagrun for data_extraction to None, run_after=None
[2026-09-17T05:57:52.504+0000] {processor.py:183} INFO - Processing /opt/airflow/dags/data_extracter_dag.py took 0.074 seconds
[2026-09-17T05:58:24.507+0000] {processor.py:161} INFO - Started process (PID=1650) to work on /opt/airflow/dags/data_extracter_dag.py
[2026-09-17T05:58:24.508+0000] {processor.py:830} INFO - Processing file /opt/airflow/dags/data_extracter_dag.py for tasks to queue
[2026-09-17T05:58:24.508+0000] {logging_mixin.py:188} INFO - [2026-09-17T05:58:24.508+0000] {dagbag.py:545} INFO - Filling up the DagBag from /opt/airflow/dags/data_extracter_dag.py
[2026-09-17T05:58:24.520+0000] {processor.py:840} INFO - DAG(s) 'data_extraction' retrieved from /opt/airflow/dags/data_extracter_dag.py
[2026-09-17T05:58:24.547+0000] {logging_mixin.py:188} INFO - [2026-09-17T05:58:24.546+0000] {dag.py:3096} INFO - Sync 1 DAGs
[2026-09-17T05:58:24.558+0000] {logging_mixin.py:188} INFO - [2026-09-17T05:58:24.557+0000] {dag.py:3954} INFO - Setting next_dagrun for data_extraction to None, run_after=None
[2026-09-17T05:58:24.575+0000] {processor.py:183} INFO - Processing /opt/airflow/dags/data_extracter_dag.py took 0.076 seconds
[2026-09-17T05:58:57.709+0000] {processor.py:161} INFO - Started process (PID=1658) to work on /opt/airflow/dags/data_extracter_dag.py
[2026-09-17T05:58:57.714+0000] {processor.py:830} INFO - Processing file /opt/airflow/dags/data_extracter_dag.py for tasks to queue
[2026-09-17T05:58:57.715+0000] {logging_mixin.py:188} INFO - [2026-09-17T05:58:57.714+0000] {dagbag.py:545} INFO - Filling up the DagBag from /opt/airflow/dags/data_extracter_dag.py
[2026-09-17T05:58:57.730+0000] {processor.py:840} INFO - DAG(s) 'data_extraction' retrieved from /opt/airflow/dags/data_extracter_dag.py
[2026-09-17T05:58:57.768+0000] {logging_mixin.py:188} INFO - [2026-09-17T05:58:57.768+0000] {dag.py:3096} INFO - Sync 1 DAGs
[2026-09-17T05:58:57.786+0000] {logging_mixin.py:188} INFO - [2026-09-17T05:58:57.785+0000] {dag.py:3954} INFO - Setting next_dagrun for data_extraction to None, run_after=None
[2026-09-17T05:58:57.805+0000] {processor.py:183} INFO - Processing /opt/airflow/dags/data_extracter_dag.py took 0.105 seconds
[2026-09-17T05:59:30.992+0000] {processor.py:161} INFO - Started process (PID=1666) to work on /opt/airflow/dags/data_extracter_dag.py
[2026-09-17T05:59:30.993+0000] {processor.py:830} INFO - Processing file /opt/airflow/dags/data_extracter_dag.py for tasks to queue
[2026-09-17T05:59:30.994+0000] {logging_mixin.py:188} INFO - [2026-09-17T05:59:30.993+0000] {dagbag.py:545} INFO - Filling up the DagBag from /opt/airflow/dags/data_extracter_dag.py
[2026-09-17T05:59:31.004+0000] {processor.py:840} INFO - DAG(s) 'data_extraction' retrieved from /opt/airflow/dags/data_extracter_dag.py
[2026-09-17T05:59:31.029+0000] {logging_mixin.py:188} INFO - [2026-09-17T05:59:31.029+0000] {dag.py:3096} INFO - Sync 1 DAGs
[2026-09-17T05:59:31.038+0000] {logging_mixin.py:188} INFO - [2026-09-17T05:59:31.038+0000] {dag.py:3954} INFO - Setting next_dagrun for data_extraction to None, run_after=None
[2026-09-17T05:59:31.056+0000] {processor.py:183} INFO - Processing /opt/airflow/dags/data_extracter_dag.py took 0.070 seconds
[2026-09-17T06:00:03.320+0000] {processor.py:161} INFO - Started process (PID=1676) to work on /opt/airflow/dags/data_extracter_dag.py
[2026-09-17T06:00:03.321+0000] {processor.py:830} INFO - Processing file /opt/airflow/dags/data_extracter_dag.py for tasks to queue
[2026-09-17T06:00:03.322+0000] {logging_mixin.py:188} INFO - [2026-09-17T06:00:03.322+0000] {dagbag.py:545} INFO - Filling up the DagBag from /opt/airflow/dags/data_extracter_dag.py
[2026-09-17T06:00:03.335+0000] {processor.py:840} INFO - DAG(s) 'data_extraction' retrieved from /opt/airflow/dags/data_extracter_dag.py
[2026-09-17T06:00:03.373+0000] {logging_mixin.py:188} INFO - [2026-09-17T06:00:03.372+0000] {dag.py:3096} INFO - Sync 1 DAGs
[2026-09-17T06:00:03.383+0000] {logging_mixin.py:188} INFO - [2026-09-17T06:00:03.383+0000] {dag.py:3954} INFO - Setting next_dagrun for data_extraction to None, run_after=None
[2026-09-17T06:00:03.405+0000] {processor.py:183} INFO - Processing /opt/airflow/dags/data_extracter_dag.py took 0.091 seconds
[2026-09-17T06:00:36.607+0000] {processor.py:161} INFO - Started process (PID=1684) to work on /opt/airflow/dags/data_extracter_dag.py
[2026-09-17T06:00:36.608+0000] {processor.py:830} INFO - Processing file /opt/airflow/dags/data_extracter_dag.py for tasks to queue
[2026-09-17T06:00:36.609+0000] {logging_mixin.py:188} INFO - [2026-09-17T06:00:36.609+0000] {dagbag.py:545} INFO - Filling up the DagBag from /opt/airflow/dags/data_extracter_dag.py
[2026-09-17T06:00:36.629+0000] {processor.py:840} INFO - DAG(s) 'data_extraction' retrieved from /opt/airflow/dags/data_extracter_dag.py
[2026-09-17T06:00:36.662+0000] {logging_mixin.py:188} INFO - [2026-09-17T06:00:36.662+0000] {dag.py:3096} INFO - Sync 1 DAGs
[2026-09-17T06:00:36.677+0000] {logging_mixin.py:188} INFO - [2026-09-17T06:00:36.677+0000] {dag.py:3954} INFO - Setting next_dagrun for data_extraction to None, run_after=None
[2026-09-17T06:00:36.696+0000] {processor.py:183} INFO - Processing /opt/airflow/dags/data_extracter_dag.py took 0.098 seconds
[2026-09-17T06:01:09.998+0000] {processor.py:161} INFO - Started process (PID=1692) to work on /opt/airflow/dags/data_extracter_dag.py
[2026-09-17T06:01:09.999+0000] {processor.py:830} INFO - Processing file /opt/airflow/dags/data_extracter_dag.py for tasks to queue
[2026-09-17T06:01:10.000+0000] {logging_mixin.py:188} INFO - [2026-09-17T06:01:10.000+0000] {dagbag.py:545} INFO - Filling up the DagBag from /opt/airflow/dags/data_extracter_dag.py
[2026-09-17T06:01:10.011+0000] {processor.py:840} INFO - DAG(s) 'data_extraction' retrieved from /opt/airflow/dags/data_extracter_dag.py
[2026-09-17T06:01:10.038+0000] {logging_mixin.py:188} INFO - [2026-09-17T06:01:10.038+0000] {dag.py:3096} INFO - Sync 1 DAGs
[2026-09-17T06:01:10.048+0000] {logging_mixin.py:188} INFO - [2026-09-17T06:01:10.047+0000] {dag.py:3954} INFO - Setting next_dagrun for data_extraction to None, run_after=None
[2026-09-17T06:01:10.070+0000] {processor.py:183} INFO - Processing /opt/airflow/dags/data_extracter_dag.py took 0.078 seconds
[2026-09-17T06:01:43.266+0000] {processor.py:161} INFO - Started process (PID=1701) to work on /opt/airflow/dags/data_extracter_dag.py
[2026-09-17T06:01:43.266+0000] {processor.py:830} INFO - Processing file /opt/airflow/dags/data_extracter_dag.py for tasks to queue
[2026-09-17T06:01:43.267+0000] {logging_mixin.py:188} INFO - [2026-09-17T06:01:43.267+0000] {dagbag.py:545} INFO - Filling up the DagBag from /opt/airflow/dags/data_extracter_dag.py
[2026-09-17T06:01:43.279+0000] {processor.py:840} INFO - DAG(s) 'data_extraction' retrieved from /opt/airflow/dags/data_extracter_dag.py
[2026-09-17T06:01:43.305+0000] {logging_mixin.py:188} INFO - [2026-09-17T06:01:43.305+0000] {dag.py:3096} INFO - Sync 1 DAGs
[2026-09-17T06:01:43.316+0000] {logging_mixin.py:188} INFO - [2026-09-17T06:01:43.316+0000] {dag.py:3954} INFO - Setting next_dagrun for data_extraction to None, run_after=None
[2026-09-17T06:01:43.337+0000] {processor.py:183} INFO - Processing /opt/airflow/dags/data_extracter_dag.py took 0.078 seconds
[2026-09-17T06:02:15.784+0000] {processor.py:161} INFO - Started process (PID=1712) to work on /opt/airflow/dags/data_extracter_dag.py
[2026-09-17T06:02:15.789+0000] {processor.py:830} INFO - Processing file /opt/airflow/dags/data_extracter_dag.py for tasks to queue
[2026-09-17T06:02:15.790+0000] {logging_mixin.py:188} INFO - [2026-09-17T06:02:15.790+0000] {dagbag.py:545} INFO - Filling up the DagBag from /opt/airflow/dags/data_extracter_dag.py
[2026-09-17T06:02:15.803+0000] {processor.py:840} INFO - DAG(s) 'data_extraction' retrieved from /opt/airflow/dags/data_extracter_dag.py
[2026-09-17T06:02:15.836+0000] {logging_mixin.py:188} INFO - [2026-09-17T06:02:15.836+0000] {dag.py:3096} INFO - Sync 1 DAGs
[2026-09-17T06:02:15.847+0000] {logging_mixin.py:188} INFO - [2026-09-17T06:02:15.846+0000] {dag.py:3954} INFO - Setting next_dagrun for data_extraction to None, run_after=None
[2026-09-17T06:02:15.870+0000] {processor.py:183} INFO - Processing /opt/airflow/dags/data_extracter_dag.py took 0.092 seconds
[2026-09-17T06:02:49.272+0000] {processor.py:161} INFO - Started process (PID=1721) to work on /opt/airflow/dags/data_extracter_dag.py
[2026-09-17T06:02:49.274+0000] {processor.py:830} INFO - Processing file /opt/airflow/dags/data_extracter_dag.py for tasks to queue
[2026-09-17T06:02:49.275+0000] {logging_mixin.py:188} INFO - [2026-09-17T06:02:49.275+0000] {dagbag.py:545} INFO - Filling up the DagBag from /opt/airflow/dags/data_extracter_dag.py
[2026-09-17T06:02:49.292+0000] {processor.py:840} INFO - DAG(s) 'data_extraction' retrieved from /opt/airflow/dags/data_extracter_dag.py
[2026-09-17T06:02:49.324+0000] {logging_mixin.py:188} INFO - [2026-09-17T06:02:49.323+0000] {dag.py:3096} INFO - Sync 1 DAGs
[2026-09-17T06:02:49.339+0000] {logging_mixin.py:188} INFO - [2026-09-17T06:02:49.338+0000] {dag.py:3954} INFO - Setting next_dagrun for data_extraction to None, run_after=None
[2026-09-17T06:02:49.356+0000] {processor.py:183} INFO - Processing /opt/airflow/dags/data_extracter_dag.py took 0.092 seconds
[2026-09-17T06:03:22.605+0000] {processor.py:161} INFO - Started process (PID=1730) to work on /opt/airflow/dags/data_extracter_dag.py
[2026-09-17T06:03:22.610+0000] {processor.py:830} INFO - Processing file /opt/airflow/dags/data_extracter_dag.py for tasks to queue
[2026-09-17T06:03:22.611+0000] {logging_mixin.py:188} INFO - [2026-09-17T06:03:22.611+0000] {dagbag.py:545} INFO - Filling up the DagBag from /opt/airflow/dags/data_extracter_dag.py
[2026-09-17T06:03:22.623+0000] {processor.py:840} INFO - DAG(s) 'data_extraction' retrieved from /opt/airflow/dags/data_extracter_dag.py
[2026-09-17T06:03:22.651+0000] {logging_mixin.py:188} INFO - [2026-09-17T06:03:22.650+0000] {dag.py:3096} INFO - Sync 1 DAGs
[2026-09-17T06:03:22.663+0000] {logging_mixin.py:188} INFO - [2026-09-17T06:03:22.663+0000] {dag.py:3954} INFO - Setting next_dagrun for data_extraction to None, run_after=None
[2026-09-17T06:03:22.684+0000] {processor.py:183} INFO - Processing /opt/airflow/dags/data_extracter_dag.py took 0.084 seconds
[2026-09-17T06:03:52.932+0000] {processor.py:161} INFO - Started process (PID=1741) to work on /opt/airflow/dags/data_extracter_dag.py
[2026-09-17T06:03:52.933+0000] {processor.py:830} INFO - Processing file /opt/airflow/dags/data_extracter_dag.py for tasks to queue
[2026-09-17T06:03:52.933+0000] {logging_mixin.py:188} INFO - [2026-09-17T06:03:52.933+0000] {dagbag.py:545} INFO - Filling up the DagBag from /opt/airflow/dags/data_extracter_dag.py
[2026-09-17T06:03:52.946+0000] {processor.py:840} INFO - DAG(s) 'data_extraction' retrieved from /opt/airflow/dags/data_extracter_dag.py
[2026-09-17T06:03:55.136+0000] {logging_mixin.py:188} INFO - [2026-09-17T06:03:55.136+0000] {dag.py:3096} INFO - Sync 1 DAGs
[2026-09-17T06:03:55.147+0000] {logging_mixin.py:188} INFO - [2026-09-17T06:03:55.146+0000] {dag.py:3954} INFO - Setting next_dagrun for data_extraction to None, run_after=None
[2026-09-17T06:03:55.169+0000] {processor.py:183} INFO - Processing /opt/airflow/dags/data_extracter_dag.py took 0.081 seconds
[2026-09-17T06:04:28.532+0000] {processor.py:161} INFO - Started process (PID=1749) to work on /opt/airflow/dags/data_extracter_dag.py
[2026-09-17T06:04:28.537+0000] {processor.py:830} INFO - Processing file /opt/airflow/dags/data_extracter_dag.py for tasks to queue
[2026-09-17T06:04:28.538+0000] {logging_mixin.py:188} INFO - [2026-09-17T06:04:28.537+0000] {dagbag.py:545} INFO - Filling up the DagBag from /opt/airflow/dags/data_extracter_dag.py
[2026-09-17T06:04:28.553+0000] {processor.py:840} INFO - DAG(s) 'data_extraction' retrieved from /opt/airflow/dags/data_extracter_dag.py
[2026-09-17T06:04:28.582+0000] {logging_mixin.py:188} INFO - [2026-09-17T06:04:28.581+0000] {dag.py:3096} INFO - Sync 1 DAGs
[2026-09-17T06:04:28.591+0000] {logging_mixin.py:188} INFO - [2026-09-17T06:04:28.591+0000] {dag.py:3954} INFO - Setting next_dagrun for data_extraction to None, run_after=None
[2026-09-17T06:04:28.607+0000] {processor.py:183} INFO - Processing /opt/airflow/dags/data_extracter_dag.py took 0.083 seconds
[2026-09-17T06:05:01.921+0000] {processor.py:161} INFO - Started process (PID=1757) to work on /opt/airflow/dags/data_extracter_dag.py
[2026-09-17T06:05:01.922+0000] {processor.py:830} INFO - Processing file /opt/airflow/dags/data_extracter_dag.py for tasks to queue
[2026-09-17T06:05:01.923+0000] {logging_mixin.py:188} INFO - [2026-09-17T06:05:01.923+0000] {dagbag.py:545} INFO - Filling up the DagBag from /opt/airflow/dags/data_extracter_dag.py
[2026-09-17T06:05:01.933+0000] {processor.py:840} INFO - DAG(s) 'data_extraction' retrieved from /opt/airflow/dags/data_extracter_dag.py
[2026-09-17T06:05:01.959+0000] {logging_mixin.py:188} INFO - [2026-09-17T06:05:01.959+0000] {dag.py:3096} INFO - Sync 1 DAGs
[2026-09-17T06:05:01.969+0000] {logging_mixin.py:188} INFO - [2026-09-17T06:05:01.969+0000] {dag.py:3954} INFO - Setting next_dagrun for data_extraction to None, run_after=None
[2026-09-17T06:05:01.989+0000] {processor.py:183} INFO - Processing /opt/airflow/dags/data_extracter_dag.py took 0.073 seconds
[2026-09-17T06:05:35.411+0000] {processor.py:161} INFO - Started process (PID=1766) to work on /opt/airflow/dags/data_extracter_dag.py
[2026-09-17T06:05:35.415+0000] {processor.py:830} INFO - Processing file /opt/airflow/dags/data_extracter_dag.py for tasks to queue
[2026-09-17T06:05:35.416+0000] {logging_mixin.py:188} INFO - [2026-09-17T06:05:35.416+0000] {dagbag.py:545} INFO - Filling up the DagBag from /opt/airflow/dags/data_extracter_dag.py
[2026-09-17T06:05:35.427+0000] {processor.py:840} INFO - DAG(s) 'data_extraction' retrieved from /opt/airflow/dags/data_extracter_dag.py
[2026-09-17T06:05:35.453+0000] {logging_mixin.py:188} INFO - [2026-09-17T06:05:35.453+0000] {dag.py:3096} INFO - Sync 1 DAGs
[2026-09-17T06:05:35.462+0000] {logging_mixin.py:188} INFO - [2026-09-17T06:05:35.462+0000] {dag.py:3954} INFO - Setting next_dagrun for data_extraction to None, run_after=None
[2026-09-17T06:05:35.479+0000] {processor.py:183} INFO - Processing /opt/airflow/dags/data_extracter_dag.py took 0.074 seconds
[2026-09-17T06:06:07.807+0000] {processor.py:161} INFO - Started process (PID=1777) to work on /opt/airflow/dags/data_extracter_dag.py
[2026-09-17T06:06:07.808+0000] {processor.py:830} INFO - Processing file /opt/airflow/dags/data_extracter_dag.py for tasks to queue
[2026-09-17T06:06:07.809+0000] {logging_mixin.py:188} INFO - [2026-09-17T06:06:07.808+0000] {dagbag.py:545} INFO - Filling up the DagBag from /opt/airflow/dags/data_extracter_dag.py
[2026-09-17T06:06:07.827+0000] {processor.py:840} INFO - DAG(s) 'data_extraction' retrieved from /opt/airflow/dags/data_extracter_dag.py
[2026-09-17T06:06:07.859+0000] {logging_mixin.py:188} INFO - [2026-09-17T06:06:07.859+0000] {dag.py:3096} INFO - Sync 1 DAGs
[2026-09-17T06:06:07.874+0000] {logging_mixin.py:188} INFO - [2026-09-17T06:06:07.873+0000] {dag.py:3954} INFO - Setting next_dagrun for data_extraction to None, run_after=None
[2026-09-17T06:06:07.899+0000] {processor.py:183} INFO - Processing /opt/airflow/dags/data_extracter_dag.py took 0.098 seconds
[2026-09-17T06:06:41.258+0000] {processor.py:161} INFO - Started process (PID=1787) to work on /opt/airflow/dags/data_extracter_dag.py
[2026-09-17T06:06:41.263+0000] {processor.py:830} INFO - Processing file /opt/airflow/dags/data_extracter_dag.py for tasks to queue
[2026-09-17T06:06:41.264+0000] {logging_mixin.py:188} INFO - [2026-09-17T06:06:41.263+0000] {dagbag.py:545} INFO - Filling up the DagBag from /opt/airflow/dags/data_extracter_dag.py
[2026-09-17T06:06:41.277+0000] {processor.py:840} INFO - DAG(s) 'data_extraction' retrieved from /opt/airflow/dags/data_extracter_dag.py
[2026-09-17T06:06:41.308+0000] {logging_mixin.py:188} INFO - [2026-09-17T06:06:41.308+0000] {dag.py:3096} INFO - Sync 1 DAGs
[2026-09-17T06:06:41.319+0000] {logging_mixin.py:188} INFO - [2026-09-17T06:06:41.319+0000] {dag.py:3954} INFO - Setting next_dagrun for data_extraction to None, run_after=None
[2026-09-17T06:06:41.341+0000] {processor.py:183} INFO - Processing /opt/airflow/dags/data_extracter_dag.py took 0.090 seconds
[2026-09-17T06:07:14.668+0000] {processor.py:161} INFO - Started process (PID=1796) to work on /opt/airflow/dags/data_extracter_dag.py
[2026-09-17T06:07:14.669+0000] {processor.py:830} INFO - Processing file /opt/airflow/dags/data_extracter_dag.py for tasks to queue
[2026-09-17T06:07:14.670+0000] {logging_mixin.py:188} INFO - [2026-09-17T06:07:14.669+0000] {dagbag.py:545} INFO - Filling up the DagBag from /opt/airflow/dags/data_extracter_dag.py
[2026-09-17T06:07:14.683+0000] {processor.py:840} INFO - DAG(s) 'data_extraction' retrieved from /opt/airflow/dags/data_extracter_dag.py
[2026-09-17T06:07:14.711+0000] {logging_mixin.py:188} INFO - [2026-09-17T06:07:14.711+0000] {dag.py:3096} INFO - Sync 1 DAGs
[2026-09-17T06:07:14.721+0000] {logging_mixin.py:188} INFO - [2026-09-17T06:07:14.721+0000] {dag.py:3954} INFO - Setting next_dagrun for data_extraction to None, run_after=None
[2026-09-17T06:07:14.740+0000] {processor.py:183} INFO - Processing /opt/airflow/dags/data_extracter_dag.py took 0.078 seconds
[2026-09-17T06:07:48.126+0000] {processor.py:161} INFO - Started process (PID=1806) to work on /opt/airflow/dags/data_extracter_dag.py
[2026-09-17T06:07:48.128+0000] {processor.py:830} INFO - Processing file /opt/airflow/dags/data_extracter_dag.py for tasks to queue
[2026-09-17T06:07:48.129+0000] {logging_mixin.py:188} INFO - [2026-09-17T06:07:48.128+0000] {dagbag.py:545} INFO - Filling up the DagBag from /opt/airflow/dags/data_extracter_dag.py
[2026-09-17T06:07:48.152+0000] {processor.py:840} INFO - DAG(s) 'data_extraction' retrieved from /opt/airflow/dags/data_extracter_dag.py
[2026-09-17T06:07:48.197+0000] {logging_mixin.py:188} INFO - [2026-09-17T06:07:48.196+0000] {dag.py:3096} INFO - Sync 1 DAGs
[2026-09-17T06:07:48.212+0000] {logging_mixin.py:188} INFO - [2026-09-17T06:07:48.212+0000] {dag.py:3954} INFO - Setting next_dagrun for data_extraction to None, run_after=None
[2026-09-17T06:07:48.232+0000] {processor.py:183} INFO - Processing /opt/airflow/dags/data_extracter_dag.py took 0.115 seconds
[2026-09-17T06:08:20.413+0000] {processor.py:161} INFO - Started process (PID=1814) to work on /opt/airflow/dags/data_extracter_dag.py
[2026-09-17T06:08:20.414+0000] {processor.py:830} INFO - Processing file /opt/airflow/dags/data_extracter_dag.py for tasks to queue
[2026-09-17T06:08:20.414+0000] {logging_mixin.py:188} INFO - [2026-09-17T06:08:20.414+0000] {dagbag.py:545} INFO - Filling up the DagBag from /opt/airflow/dags/data_extracter_dag.py
[2026-09-17T06:08:20.427+0000] {processor.py:840} INFO - DAG(s) 'data_extraction' retrieved from /opt/airflow/dags/data_extracter_dag.py
[2026-09-17T06:08:20.466+0000] {logging_mixin.py:188} INFO - [2026-09-17T06:08:20.466+0000] {dag.py:3096} INFO - Sync 1 DAGs
[2026-09-17T06:08:20.480+0000] {logging_mixin.py:188} INFO - [2026-09-17T06:08:20.480+0000] {dag.py:3954} INFO - Setting next_dagrun for data_extraction to None, run_after=None
[2026-09-17T06:08:20.501+0000] {processor.py:183} INFO - Processing /opt/airflow/dags/data_extracter_dag.py took 0.096 seconds
[2026-09-17T06:08:53.814+0000] {processor.py:161} INFO - Started process (PID=1822) to work on /opt/airflow/dags/data_extracter_dag.py
[2026-09-17T06:08:53.816+0000] {processor.py:830} INFO - Processing file /opt/airflow/dags/data_extracter_dag.py for tasks to queue
[2026-09-17T06:08:53.816+0000] {logging_mixin.py:188} INFO - [2026-09-17T06:08:53.816+0000] {dagbag.py:545} INFO - Filling up the DagBag from /opt/airflow/dags/data_extracter_dag.py
[2026-09-17T06:08:53.828+0000] {processor.py:840} INFO - DAG(s) 'data_extraction' retrieved from /opt/airflow/dags/data_extracter_dag.py
[2026-09-17T06:08:53.855+0000] {logging_mixin.py:188} INFO - [2026-09-17T06:08:53.855+0000] {dag.py:3096} INFO - Sync 1 DAGs
[2026-09-17T06:08:53.866+0000] {logging_mixin.py:188} INFO - [2026-09-17T06:08:53.866+0000] {dag.py:3954} INFO - Setting next_dagrun for data_extraction to None, run_after=None
[2026-09-17T06:08:53.886+0000] {processor.py:183} INFO - Processing /opt/airflow/dags/data_extracter_dag.py took 0.080 seconds
[2026-09-17T06:09:27.313+0000] {processor.py:161} INFO - Started process (PID=1833) to work on /opt/airflow/dags/data_extracter_dag.py
[2026-09-17T06:09:27.314+0000] {processor.py:830} INFO - Processing file /opt/airflow/dags/data_extracter_dag.py for tasks to queue
[2026-09-17T06:09:27.315+0000] {logging_mixin.py:188} INFO - [2026-09-17T06:09:27.314+0000] {dagbag.py:545} INFO - Filling up the DagBag from /opt/airflow/dags/data_extracter_dag.py
[2026-09-17T06:09:27.329+0000] {processor.py:840} INFO - DAG(s) 'data_extraction' retrieved from /opt/airflow/dags/data_extracter_dag.py
[2026-09-17T06:09:27.363+0000] {logging_mixin.py:188} INFO - [2026-09-17T06:09:27.363+0000] {dag.py:3096} INFO - Sync 1 DAGs
[2026-09-17T06:09:27.375+0000] {logging_mixin.py:188} INFO - [2026-09-17T06:09:27.374+0000] {dag.py:3954} INFO - Setting next_dagrun for data_extraction to None, run_after=None
[2026-09-17T06:09:27.403+0000] {processor.py:183} INFO - Processing /opt/airflow/dags/data_extracter_dag.py took 0.097 seconds
[2026-09-17T06:10:00.718+0000] {processor.py:161} INFO - Started process (PID=1842) to work on /opt/airflow/dags/data_extracter_dag.py
[2026-09-17T06:10:00.720+0000] {processor.py:830} INFO - Processing file /opt/airflow/dags/data_extracter_dag.py for tasks to queue
[2026-09-17T06:10:00.721+0000] {logging_mixin.py:188} INFO - [2026-09-17T06:10:00.720+0000] {dagbag.py:545} INFO - Filling up the DagBag from /opt/airflow/dags/data_extracter_dag.py
[2026-09-17T06:10:00.732+0000] {processor.py:840} INFO - DAG(s) 'data_extraction' retrieved from /opt/airflow/dags/data_extracter_dag.py
[2026-09-17T06:10:00.759+0000] {logging_mixin.py:188} INFO - [2026-09-17T06:10:00.759+0000] {dag.py:3096} INFO - Sync 1 DAGs
[2026-09-17T06:10:00.768+0000] {logging_mixin.py:188} INFO - [2026-09-17T06:10:00.767+0000] {dag.py:3954} INFO - Setting next_dagrun for data_extraction to None, run_after=None
[2026-09-17T06:10:00.788+0000] {processor.py:183} INFO - Processing /opt/airflow/dags/data_extracter_dag.py took 0.075 seconds
[2026-09-17T06:10:34.018+0000] {processor.py:161} INFO - Started process (PID=1850) to work on /opt/airflow/dags/data_extracter_dag.py
[2026-09-17T06:10:34.019+0000] {processor.py:830} INFO - Processing file /opt/airflow/dags/data_extracter_dag.py for tasks to queue
[2026-09-17T06:10:34.019+0000] {logging_mixin.py:188} INFO - [2026-09-17T06:10:34.019+0000] {dagbag.py:545} INFO - Filling up the DagBag from /opt/airflow/dags/data_extracter_dag.py
[2026-09-17T06:10:34.030+0000] {processor.py:840} INFO - DAG(s) 'data_extraction' retrieved from /opt/airflow/dags/data_extracter_dag.py
[2026-09-17T06:10:34.055+0000] {logging_mixin.py:188} INFO - [2026-09-17T06:10:34.055+0000] {dag.py:3096} INFO - Sync 1 DAGs
[2026-09-17T06:10:34.064+0000] {logging_mixin.py:188} INFO - [2026-09-17T06:10:34.064+0000] {dag.py:3954} INFO - Setting next_dagrun for data_extraction to None, run_after=None
[2026-09-17T06:10:34.084+0000] {processor.py:183} INFO - Processing /opt/airflow/dags/data_extracter_dag.py took 0.072 seconds
[2026-09-17T06:11:06.557+0000] {processor.py:161} INFO - Started process (PID=1859) to work on /opt/airflow/dags/data_extracter_dag.py
[2026-09-17T06:11:06.562+0000] {processor.py:830} INFO - Processing file /opt/airflow/dags/data_extracter_dag.py for tasks to queue
[2026-09-17T06:11:06.562+0000] {logging_mixin.py:188} INFO - [2026-09-17T06:11:06.562+0000] {dagbag.py:545} INFO - Filling up the DagBag from /opt/airflow/dags/data_extracter_dag.py
[2026-09-17T06:11:06.573+0000] {processor.py:840} INFO - DAG(s) 'data_extraction' retrieved from /opt/airflow/dags/data_extracter_dag.py
[2026-09-17T06:11:06.602+0000] {logging_mixin.py:188} INFO - [2026-09-17T06:11:06.601+0000] {dag.py:3096} INFO - Sync 1 DAGs
[2026-09-17T06:11:06.617+0000] {logging_mixin.py:188} INFO - [2026-09-17T06:11:06.616+0000] {dag.py:3954} INFO - Setting next_dagrun for data_extraction to None, run_after=None
[2026-09-17T06:11:06.636+0000] {processor.py:183} INFO - Processing /opt/airflow/dags/data_extracter_dag.py took 0.085 seconds
[2026-09-17T06:11:39.975+0000] {processor.py:161} INFO - Started process (PID=1869) to work on /opt/airflow/dags/data_extracter_dag.py
[2026-09-17T06:11:39.976+0000] {processor.py:830} INFO - Processing file /opt/airflow/dags/data_extracter_dag.py for tasks to queue
[2026-09-17T06:11:39.977+0000] {logging_mixin.py:188} INFO - [2026-09-17T06:11:39.977+0000] {dagbag.py:545} INFO - Filling up the DagBag from /opt/airflow/dags/data_extracter_dag.py
[2026-09-17T06:11:39.988+0000] {processor.py:840} INFO - DAG(s) 'data_extraction' retrieved from /opt/airflow/dags/data_extracter_dag.py
[2026-09-17T06:11:40.018+0000] {logging_mixin.py:188} INFO - [2026-09-17T06:11:40.018+0000] {dag.py:3096} INFO - Sync 1 DAGs
[2026-09-17T06:11:40.027+0000] {logging_mixin.py:188} INFO - [2026-09-17T06:11:40.027+0000] {dag.py:3954} INFO - Setting next_dagrun for data_extraction to None, run_after=None
[2026-09-17T06:11:40.049+0000] {processor.py:183} INFO - Processing /opt/airflow/dags/data_extracter_dag.py took 0.079 seconds
[2026-09-17T06:12:13.435+0000] {processor.py:161} INFO - Started process (PID=1880) to work on /opt/airflow/dags/data_extracter_dag.py
[2026-09-17T06:12:13.441+0000] {processor.py:830} INFO - Processing file /opt/airflow/dags/data_extracter_dag.py for tasks to queue
[2026-09-17T06:12:13.442+0000] {logging_mixin.py:188} INFO - [2026-09-17T06:12:13.441+0000] {dagbag.py:545} INFO - Filling up the DagBag from /opt/airflow/dags/data_extracter_dag.py
[2026-09-17T06:12:13.456+0000] {processor.py:840} INFO - DAG(s) 'data_extraction' retrieved from /opt/airflow/dags/data_extracter_dag.py
[2026-09-17T06:12:13.487+0000] {logging_mixin.py:188} INFO - [2026-09-17T06:12:13.487+0000] {dag.py:3096} INFO - Sync 1 DAGs
[2026-09-17T06:12:13.498+0000] {logging_mixin.py:188} INFO - [2026-09-17T06:12:13.498+0000] {dag.py:3954} INFO - Setting next_dagrun for data_extraction to None, run_after=None
[2026-09-17T06:12:13.517+0000] {processor.py:183} INFO - Processing /opt/airflow/dags/data_extracter_dag.py took 0.091 seconds
[2026-09-17T06:12:46.703+0000] {processor.py:161} INFO - Started process (PID=1888) to work on /opt/airflow/dags/data_extracter_dag.py
[2026-09-17T06:12:46.703+0000] {processor.py:830} INFO - Processing file /opt/airflow/dags/data_extracter_dag.py for tasks to queue
[2026-09-17T06:12:46.704+0000] {logging_mixin.py:188} INFO - [2026-09-17T06:12:46.704+0000] {dagbag.py:545} INFO - Filling up the DagBag from /opt/airflow/dags/data_extracter_dag.py
[2026-09-17T06:12:46.715+0000] {processor.py:840} INFO - DAG(s) 'data_extraction' retrieved from /opt/airflow/dags/data_extracter_dag.py
[2026-09-17T06:12:46.739+0000] {logging_mixin.py:188} INFO - [2026-09-17T06:12:46.739+0000] {dag.py:3096} INFO - Sync 1 DAGs
[2026-09-17T06:12:46.748+0000] {logging_mixin.py:188} INFO - [2026-09-17T06:12:46.747+0000] {dag.py:3954} INFO - Setting next_dagrun for data_extraction to None, run_after=None
[2026-09-17T06:12:46.766+0000] {processor.py:183} INFO - Processing /opt/airflow/dags/data_extracter_dag.py took 0.068 seconds
[2026-09-17T06:13:17.150+0000] {processor.py:161} INFO - Started process (PID=1896) to work on /opt/airflow/dags/data_extracter_dag.py
[2026-09-17T06:13:17.155+0000] {processor.py:830} INFO - Processing file /opt/airflow/dags/data_extracter_dag.py for tasks to queue
[2026-09-17T06:13:17.155+0000] {logging_mixin.py:188} INFO - [2026-09-17T06:13:17.155+0000] {dagbag.py:545} INFO - Filling up the DagBag from /opt/airflow/dags/data_extracter_dag.py
[2026-09-17T06:13:17.165+0000] {processor.py:840} INFO - DAG(s) 'data_extraction' retrieved from /opt/airflow/dags/data_extracter_dag.py
[2026-09-17T06:13:19.292+0000] {logging_mixin.py:188} INFO - [2026-09-17T06:13:19.292+0000] {dag.py:3096} INFO - Sync 1 DAGs
[2026-09-17T06:13:19.302+0000] {logging_mixin.py:188} INFO - [2026-09-17T06:13:19.302+0000] {dag.py:3954} INFO - Setting next_dagrun for data_extraction to None, run_after=None
[2026-09-17T06:13:19.322+0000] {processor.py:183} INFO - Processing /opt/airflow/dags/data_extracter_dag.py took 0.075 seconds
[2026-09-17T06:13:52.651+0000] {processor.py:161} INFO - Started process (PID=1905) to work on /opt/airflow/dags/data_extracter_dag.py
[2026-09-17T06:13:52.653+0000] {processor.py:830} INFO - Processing file /opt/airflow/dags/data_extracter_dag.py for tasks to queue
[2026-09-17T06:13:52.654+0000] {logging_mixin.py:188} INFO - [2026-09-17T06:13:52.654+0000] {dagbag.py:545} INFO - Filling up the DagBag from /opt/airflow/dags/data_extracter_dag.py
[2026-09-17T06:13:52.678+0000] {processor.py:840} INFO - DAG(s) 'data_extraction' retrieved from /opt/airflow/dags/data_extracter_dag.py
[2026-09-17T06:13:52.711+0000] {logging_mixin.py:188} INFO - [2026-09-17T06:13:52.711+0000] {dag.py:3096} INFO - Sync 1 DAGs
[2026-09-17T06:13:52.722+0000] {logging_mixin.py:188} INFO - [2026-09-17T06:13:52.722+0000] {dag.py:3954} INFO - Setting next_dagrun for data_extraction to None, run_after=None
[2026-09-17T06:13:52.739+0000] {processor.py:183} INFO - Processing /opt/airflow/dags/data_extracter_dag.py took 0.100 seconds
[2026-09-17T06:14:26.222+0000] {processor.py:161} INFO - Started process (PID=1919) to work on /opt/airflow/dags/data_extracter_dag.py
[2026-09-17T06:14:26.227+0000] {processor.py:830} INFO - Processing file /opt/airflow/dags/data_extracter_dag.py for tasks to queue
[2026-09-17T06:14:26.228+0000] {logging_mixin.py:188} INFO - [2026-09-17T06:14:26.227+0000] {dagbag.py:545} INFO - Filling up the DagBag from /opt/airflow/dags/data_extracter_dag.py
[2026-09-17T06:14:26.238+0000] {processor.py:840} INFO - DAG(s) 'data_extraction' retrieved from /opt/airflow/dags/data_extracter_dag.py
[2026-09-17T06:14:26.264+0000] {logging_mixin.py:188} INFO - [2026-09-17T06:14:26.263+0000] {dag.py:3096} INFO - Sync 1 DAGs
[2026-09-17T06:14:26.274+0000] {logging_mixin.py:188} INFO - [2026-09-17T06:14:26.274+0000] {dag.py:3954} INFO - Setting next_dagrun for data_extraction to None, run_after=None
[2026-09-17T06:14:26.294+0000] {processor.py:183} INFO - Processing /opt/airflow/dags/data_extracter_dag.py took 0.077 seconds
[2026-09-17T06:14:58.856+0000] {processor.py:161} INFO - Started process (PID=1933) to work on /opt/airflow/dags/data_extracter_dag.py
[2026-09-17T06:14:58.857+0000] {processor.py:830} INFO - Processing file /opt/airflow/dags/data_extracter_dag.py for tasks to queue
[2026-09-17T06:14:58.858+0000] {logging_mixin.py:188} INFO - [2026-09-17T06:14:58.857+0000] {dagbag.py:545} INFO - Filling up the DagBag from /opt/airflow/dags/data_extracter_dag.py
[2026-09-17T06:14:58.869+0000] {processor.py:840} INFO - DAG(s) 'data_extraction' retrieved from /opt/airflow/dags/data_extracter_dag.py
[2026-09-17T06:14:58.903+0000] {logging_mixin.py:188} INFO - [2026-09-17T06:14:58.903+0000] {dag.py:3096} INFO - Sync 1 DAGs
[2026-09-17T06:14:58.924+0000] {logging_mixin.py:188} INFO - [2026-09-17T06:14:58.924+0000] {dag.py:3954} INFO - Setting next_dagrun for data_extraction to None, run_after=None
[2026-09-17T06:14:58.950+0000] {processor.py:183} INFO - Processing /opt/airflow/dags/data_extracter_dag.py took 0.100 seconds
[2026-09-17T06:15:32.353+0000] {processor.py:161} INFO - Started process (PID=1942) to work on /opt/airflow/dags/data_extracter_dag.py
[2026-09-17T06:15:32.357+0000] {processor.py:830} INFO - Processing file /opt/airflow/dags/data_extracter_dag.py for tasks to queue
[2026-09-17T06:15:32.358+0000] {logging_mixin.py:188} INFO - [2026-09-17T06:15:32.358+0000] {dagbag.py:545} INFO - Filling up the DagBag from /opt/airflow/dags/data_extracter_dag.py
[2026-09-17T06:15:32.372+0000] {processor.py:840} INFO - DAG(s) 'data_extraction' retrieved from /opt/airflow/dags/data_extracter_dag.py
[2026-09-17T06:15:32.397+0000] {logging_mixin.py:188} INFO - [2026-09-17T06:15:32.397+0000] {dag.py:3096} INFO - Sync 1 DAGs
[2026-09-17T06:15:32.415+0000] {logging_mixin.py:188} INFO - [2026-09-17T06:15:32.415+0000] {dag.py:3954} INFO - Setting next_dagrun for data_extraction to None, run_after=None
[2026-09-17T06:15:32.433+0000] {processor.py:183} INFO - Processing /opt/airflow/dags/data_extracter_dag.py took 0.085 seconds
[2026-09-17T06:16:05.745+0000] {processor.py:161} INFO - Started process (PID=1951) to work on /opt/airflow/dags/data_extracter_dag.py
[2026-09-17T06:16:05.746+0000] {processor.py:830} INFO - Processing file /opt/airflow/dags/data_extracter_dag.py for tasks to queue
[2026-09-17T06:16:05.748+0000] {logging_mixin.py:188} INFO - [2026-09-17T06:16:05.747+0000] {dagbag.py:545} INFO - Filling up the DagBag from /opt/airflow/dags/data_extracter_dag.py
[2026-09-17T06:16:05.760+0000] {processor.py:840} INFO - DAG(s) 'data_extraction' retrieved from /opt/airflow/dags/data_extracter_dag.py
[2026-09-17T06:16:05.787+0000] {logging_mixin.py:188} INFO - [2026-09-17T06:16:05.787+0000] {dag.py:3096} INFO - Sync 1 DAGs
[2026-09-17T06:16:05.803+0000] {logging_mixin.py:188} INFO - [2026-09-17T06:16:05.803+0000] {dag.py:3954} INFO - Setting next_dagrun for data_extraction to None, run_after=None
[2026-09-17T06:16:05.822+0000] {processor.py:183} INFO - Processing /opt/airflow/dags/data_extracter_dag.py took 0.084 seconds
[2026-09-17T06:16:39.128+0000] {processor.py:161} INFO - Started process (PID=1959) to work on /opt/airflow/dags/data_extracter_dag.py
[2026-09-17T06:16:39.130+0000] {processor.py:830} INFO - Processing file /opt/airflow/dags/data_extracter_dag.py for tasks to queue
[2026-09-17T06:16:39.131+0000] {logging_mixin.py:188} INFO - [2026-09-17T06:16:39.130+0000] {dagbag.py:545} INFO - Filling up the DagBag from /opt/airflow/dags/data_extracter_dag.py
[2026-09-17T06:16:39.144+0000] {processor.py:840} INFO - DAG(s) 'data_extraction' retrieved from /opt/airflow/dags/data_extracter_dag.py
[2026-09-17T06:16:39.171+0000] {logging_mixin.py:188} INFO - [2026-09-17T06:16:39.170+0000] {dag.py:3096} INFO - Sync 1 DAGs
[2026-09-17T06:16:39.180+0000] {logging_mixin.py:188} INFO - [2026-09-17T06:16:39.179+0000] {dag.py:3954} INFO - Setting next_dagrun for data_extraction to None, run_after=None
[2026-09-17T06:16:39.195+0000] {processor.py:183} INFO - Processing /opt/airflow/dags/data_extracter_dag.py took 0.073 seconds
[2026-09-17T06:17:12.492+0000] {processor.py:161} INFO - Started process (PID=1969) to work on /opt/airflow/dags/data_extracter_dag.py
[2026-09-17T06:17:12.492+0000] {processor.py:830} INFO - Processing file /opt/airflow/dags/data_extracter_dag.py for tasks to queue
[2026-09-17T06:17:12.493+0000] {logging_mixin.py:188} INFO - [2026-09-17T06:17:12.493+0000] {dagbag.py:545} INFO - Filling up the DagBag from /opt/airflow/dags/data_extracter_dag.py
[2026-09-17T06:17:12.504+0000] {processor.py:840} INFO - DAG(s) 'data_extraction' retrieved from /opt/airflow/dags/data_extracter_dag.py
[2026-09-17T06:17:12.538+0000] {logging_mixin.py:188} INFO - [2026-09-17T06:17:12.537+0000] {dag.py:3096} INFO - Sync 1 DAGs
[2026-09-17T06:17:12.553+0000] {logging_mixin.py:188} INFO - [2026-09-17T06:17:12.552+0000] {dag.py:3954} INFO - Setting next_dagrun for data_extraction to None, run_after=None
[2026-09-17T06:17:12.583+0000] {processor.py:183} INFO - Processing /opt/airflow/dags/data_extracter_dag.py took 0.098 seconds
[2026-09-17T06:17:45.232+0000] {processor.py:161} INFO - Started process (PID=1983) to work on /opt/airflow/dags/data_extracter_dag.py
[2026-09-17T06:17:45.234+0000] {processor.py:830} INFO - Processing file /opt/airflow/dags/data_extracter_dag.py for tasks to queue
[2026-09-17T06:17:45.235+0000] {logging_mixin.py:188} INFO - [2026-09-17T06:17:45.234+0000] {dagbag.py:545} INFO - Filling up the DagBag from /opt/airflow/dags/data_extracter_dag.py
[2026-09-17T06:17:45.246+0000] {processor.py:840} INFO - DAG(s) 'data_extraction' retrieved from /opt/airflow/dags/data_extracter_dag.py
[2026-09-17T06:17:45.271+0000] {logging_mixin.py:188} INFO - [2026-09-17T06:17:45.270+0000] {dag.py:3096} INFO - Sync 1 DAGs
[2026-09-17T06:17:45.280+0000] {logging_mixin.py:188} INFO - [2026-09-17T06:17:45.280+0000] {dag.py:3954} INFO - Setting next_dagrun for data_extraction to None, run_after=None
[2026-09-17T06:17:45.301+0000] {processor.py:183} INFO - Processing /opt/airflow/dags/data_extracter_dag.py took 0.086 seconds
[2026-09-17T06:18:18.712+0000] {processor.py:161} INFO - Started process (PID=1994) to work on /opt/airflow/dags/data_extracter_dag.py
[2026-09-17T06:18:18.713+0000] {processor.py:830} INFO - Processing file /opt/airflow/dags/data_extracter_dag.py for tasks to queue
[2026-09-17T06:18:18.714+0000] {logging_mixin.py:188} INFO - [2026-09-17T06:18:18.714+0000] {dagbag.py:545} INFO - Filling up the DagBag from /opt/airflow/dags/data_extracter_dag.py
[2026-09-17T06:18:18.726+0000] {processor.py:840} INFO - DAG(s) 'data_extraction' retrieved from /opt/airflow/dags/data_extracter_dag.py
[2026-09-17T06:18:18.752+0000] {logging_mixin.py:188} INFO - [2026-09-17T06:18:18.752+0000] {dag.py:3096} INFO - Sync 1 DAGs
[2026-09-17T06:18:18.762+0000] {logging_mixin.py:188} INFO - [2026-09-17T06:18:18.762+0000] {dag.py:3954} INFO - Setting next_dagrun for data_extraction to None, run_after=None
[2026-09-17T06:18:18.778+0000] {processor.py:183} INFO - Processing /opt/airflow/dags/data_extracter_dag.py took 0.072 seconds
[2026-09-17T06:18:52.169+0000] {processor.py:161} INFO - Started process (PID=2006) to work on /opt/airflow/dags/data_extracter_dag.py
[2026-09-17T06:18:52.171+0000] {processor.py:830} INFO - Processing file /opt/airflow/dags/data_extracter_dag.py for tasks to queue
[2026-09-17T06:18:52.172+0000] {logging_mixin.py:188} INFO - [2026-09-17T06:18:52.171+0000] {dagbag.py:545} INFO - Filling up the DagBag from /opt/airflow/dags/data_extracter_dag.py
[2026-09-17T06:18:52.184+0000] {processor.py:840} INFO - DAG(s) 'data_extraction' retrieved from /opt/airflow/dags/data_extracter_dag.py
[2026-09-17T06:18:52.213+0000] {logging_mixin.py:188} INFO - [2026-09-17T06:18:52.213+0000] {dag.py:3096} INFO - Sync 1 DAGs
[2026-09-17T06:18:52.222+0000] {logging_mixin.py:188} INFO - [2026-09-17T06:18:52.222+0000] {dag.py:3954} INFO - Setting next_dagrun for data_extraction to None, run_after=None
[2026-09-17T06:18:52.238+0000] {processor.py:183} INFO - Processing /opt/airflow/dags/data_extracter_dag.py took 0.075 seconds
[2026-09-17T06:19:25.613+0000] {processor.py:161} INFO - Started process (PID=2015) to work on /opt/airflow/dags/data_extracter_dag.py
[2026-09-17T06:19:25.614+0000] {processor.py:830} INFO - Processing file /opt/airflow/dags/data_extracter_dag.py for tasks to queue
[2026-09-17T06:19:25.615+0000] {logging_mixin.py:188} INFO - [2026-09-17T06:19:25.615+0000] {dagbag.py:545} INFO - Filling up the DagBag from /opt/airflow/dags/data_extracter_dag.py
[2026-09-17T06:19:25.626+0000] {processor.py:840} INFO - DAG(s) 'data_extraction' retrieved from /opt/airflow/dags/data_extracter_dag.py
[2026-09-17T06:19:25.652+0000] {logging_mixin.py:188} INFO - [2026-09-17T06:19:25.652+0000] {dag.py:3096} INFO - Sync 1 DAGs
[2026-09-17T06:19:25.661+0000] {logging_mixin.py:188} INFO - [2026-09-17T06:19:25.661+0000] {dag.py:3954} INFO - Setting next_dagrun for data_extraction to None, run_after=None
[2026-09-17T06:19:25.680+0000] {processor.py:183} INFO - Processing /opt/airflow/dags/data_extracter_dag.py took 0.072 seconds
[2026-09-17T06:19:58.170+0000] {processor.py:161} INFO - Started process (PID=2025) to work on /opt/airflow/dags/data_extracter_dag.py
[2026-09-17T06:19:58.175+0000] {processor.py:830} INFO - Processing file /opt/airflow/dags/data_extracter_dag.py for tasks to queue
[2026-09-17T06:19:58.176+0000] {logging_mixin.py:188} INFO - [2026-09-17T06:19:58.176+0000] {dagbag.py:545} INFO - Filling up the DagBag from /opt/airflow/dags/data_extracter_dag.py
[2026-09-17T06:19:58.187+0000] {processor.py:840} INFO - DAG(s) 'data_extraction' retrieved from /opt/airflow/dags/data_extracter_dag.py
[2026-09-17T06:19:58.213+0000] {logging_mixin.py:188} INFO - [2026-09-17T06:19:58.213+0000] {dag.py:3096} INFO - Sync 1 DAGs
[2026-09-17T06:19:58.222+0000] {logging_mixin.py:188} INFO - [2026-09-17T06:19:58.222+0000] {dag.py:3954} INFO - Setting next_dagrun for data_extraction to None, run_after=None
[2026-09-17T06:19:58.245+0000] {processor.py:183} INFO - Processing /opt/airflow/dags/data_extracter_dag.py took 0.080 seconds
[2026-09-17T06:20:31.528+0000] {processor.py:161} INFO - Started process (PID=2034) to work on /opt/airflow/dags/data_extracter_dag.py
[2026-09-17T06:20:31.528+0000] {processor.py:830} INFO - Processing file /opt/airflow/dags/data_extracter_dag.py for tasks to queue
[2026-09-17T06:20:31.529+0000] {logging_mixin.py:188} INFO - [2026-09-17T06:20:31.529+0000] {dagbag.py:545} INFO - Filling up the DagBag from /opt/airflow/dags/data_extracter_dag.py
[2026-09-17T06:20:31.553+0000] {processor.py:840} INFO - DAG(s) 'data_extraction' retrieved from /opt/airflow/dags/data_extracter_dag.py
[2026-09-17T06:20:31.591+0000] {logging_mixin.py:188} INFO - [2026-09-17T06:20:31.591+0000] {dag.py:3096} INFO - Sync 1 DAGs
[2026-09-17T06:20:31.603+0000] {logging_mixin.py:188} INFO - [2026-09-17T06:20:31.603+0000] {dag.py:3954} INFO - Setting next_dagrun for data_extraction to None, run_after=None
[2026-09-17T06:20:31.626+0000] {processor.py:183} INFO - Processing /opt/airflow/dags/data_extracter_dag.py took 0.105 seconds
[2026-09-17T06:21:04.934+0000] {processor.py:161} INFO - Started process (PID=2045) to work on /opt/airflow/dags/data_extracter_dag.py
[2026-09-17T06:21:04.938+0000] {processor.py:830} INFO - Processing file /opt/airflow/dags/data_extracter_dag.py for tasks to queue
[2026-09-17T06:21:04.939+0000] {logging_mixin.py:188} INFO - [2026-09-17T06:21:04.939+0000] {dagbag.py:545} INFO - Filling up the DagBag from /opt/airflow/dags/data_extracter_dag.py
[2026-09-17T06:21:04.955+0000] {processor.py:840} INFO - DAG(s) 'data_extraction' retrieved from /opt/airflow/dags/data_extracter_dag.py
[2026-09-17T06:21:04.993+0000] {logging_mixin.py:188} INFO - [2026-09-17T06:21:04.993+0000] {dag.py:3096} INFO - Sync 1 DAGs
[2026-09-17T06:21:05.008+0000] {logging_mixin.py:188} INFO - [2026-09-17T06:21:05.008+0000] {dag.py:3954} INFO - Setting next_dagrun for data_extraction to None, run_after=None
[2026-09-17T06:21:05.039+0000] {processor.py:183} INFO - Processing /opt/airflow/dags/data_extracter_dag.py took 0.113 seconds
[2026-09-17T06:21:37.713+0000] {processor.py:161} INFO - Started process (PID=2061) to work on /opt/airflow/dags/data_extracter_dag.py
[2026-09-17T06:21:37.714+0000] {processor.py:830} INFO - Processing file /opt/airflow/dags/data_extracter_dag.py for tasks to queue
[2026-09-17T06:21:37.715+0000] {logging_mixin.py:188} INFO - [2026-09-17T06:21:37.715+0000] {dagbag.py:545} INFO - Filling up the DagBag from /opt/airflow/dags/data_extracter_dag.py
[2026-09-17T06:21:37.727+0000] {processor.py:840} INFO - DAG(s) 'data_extraction' retrieved from /opt/airflow/dags/data_extracter_dag.py
[2026-09-17T06:21:37.758+0000] {logging_mixin.py:188} INFO - [2026-09-17T06:21:37.758+0000] {dag.py:3096} INFO - Sync 1 DAGs
[2026-09-17T06:21:37.768+0000] {logging_mixin.py:188} INFO - [2026-09-17T06:21:37.768+0000] {dag.py:3954} INFO - Setting next_dagrun for data_extraction to None, run_after=None
[2026-09-17T06:21:37.787+0000] {processor.py:183} INFO - Processing /opt/airflow/dags/data_extracter_dag.py took 0.080 seconds
[2026-09-17T06:22:11.367+0000] {processor.py:161} INFO - Started process (PID=2078) to work on /opt/airflow/dags/data_extracter_dag.py
[2026-09-17T06:22:11.368+0000] {processor.py:830} INFO - Processing file /opt/airflow/dags/data_extracter_dag.py for tasks to queue
[2026-09-17T06:22:11.369+0000] {logging_mixin.py:188} INFO - [2026-09-17T06:22:11.369+0000] {dagbag.py:545} INFO - Filling up the DagBag from /opt/airflow/dags/data_extracter_dag.py
[2026-09-17T06:22:11.379+0000] {processor.py:840} INFO - DAG(s) 'data_extraction' retrieved from /opt/airflow/dags/data_extracter_dag.py
[2026-09-17T06:22:11.405+0000] {logging_mixin.py:188} INFO - [2026-09-17T06:22:11.404+0000] {dag.py:3096} INFO - Sync 1 DAGs
[2026-09-17T06:22:11.416+0000] {logging_mixin.py:188} INFO - [2026-09-17T06:22:11.416+0000] {dag.py:3954} INFO - Setting next_dagrun for data_extraction to None, run_after=None
[2026-09-17T06:22:11.431+0000] {processor.py:183} INFO - Processing /opt/airflow/dags/data_extracter_dag.py took 0.069 seconds
[2026-09-17T06:22:44.947+0000] {processor.py:161} INFO - Started process (PID=2092) to work on /opt/airflow/dags/data_extracter_dag.py
[2026-09-17T06:22:44.947+0000] {processor.py:830} INFO - Processing file /opt/airflow/dags/data_extracter_dag.py for tasks to queue
[2026-09-17T06:22:44.948+0000] {logging_mixin.py:188} INFO - [2026-09-17T06:22:44.947+0000] {dagbag.py:545} INFO - Filling up the DagBag from /opt/airflow/dags/data_extracter_dag.py
[2026-09-17T06:22:44.958+0000] {processor.py:840} INFO - DAG(s) 'data_extraction' retrieved from /opt/airflow/dags/data_extracter_dag.py
[2026-09-17T06:22:44.984+0000] {logging_mixin.py:188} INFO - [2026-09-17T06:22:44.984+0000] {dag.py:3096} INFO - Sync 1 DAGs
[2026-09-17T06:22:45.000+0000] {logging_mixin.py:188} INFO - [2026-09-17T06:22:45.000+0000] {dag.py:3954} INFO - Setting next_dagrun for data_extraction to None, run_after=None
[2026-09-17T06:22:45.017+0000] {processor.py:183} INFO - Processing /opt/airflow/dags/data_extracter_dag.py took 0.076 seconds
[2026-09-17T06:23:17.325+0000] {processor.py:161} INFO - Started process (PID=2102) to work on /opt/airflow/dags/data_extracter_dag.py
[2026-09-17T06:23:17.330+0000] {processor.py:830} INFO - Processing file /opt/airflow/dags/data_extracter_dag.py for tasks to queue
[2026-09-17T06:23:17.331+0000] {logging_mixin.py:188} INFO - [2026-09-17T06:23:17.331+0000] {dagbag.py:545} INFO - Filling up the DagBag from /opt/airflow/dags/data_extracter_dag.py
[2026-09-17T06:23:17.343+0000] {processor.py:840} INFO - DAG(s) 'data_extraction' retrieved from /opt/airflow/dags/data_extracter_dag.py
[2026-09-17T06:23:17.369+0000] {logging_mixin.py:188} INFO - [2026-09-17T06:23:17.369+0000] {dag.py:3096} INFO - Sync 1 DAGs
[2026-09-17T06:23:17.380+0000] {logging_mixin.py:188} INFO - [2026-09-17T06:23:17.379+0000] {dag.py:3954} INFO - Setting next_dagrun for data_extraction to None, run_after=None
[2026-09-17T06:23:17.396+0000] {processor.py:183} INFO - Processing /opt/airflow/dags/data_extracter_dag.py took 0.078 seconds
[2026-09-17T06:23:50.988+0000] {processor.py:161} INFO - Started process (PID=2117) to work on /opt/airflow/dags/data_extracter_dag.py
[2026-09-17T06:23:50.992+0000] {processor.py:830} INFO - Processing file /opt/airflow/dags/data_extracter_dag.py for tasks to queue
[2026-09-17T06:23:50.993+0000] {logging_mixin.py:188} INFO - [2026-09-17T06:23:50.993+0000] {dagbag.py:545} INFO - Filling up the DagBag from /opt/airflow/dags/data_extracter_dag.py
[2026-09-17T06:23:51.003+0000] {processor.py:840} INFO - DAG(s) 'data_extraction' retrieved from /opt/airflow/dags/data_extracter_dag.py
[2026-09-17T06:23:51.029+0000] {logging_mixin.py:188} INFO - [2026-09-17T06:23:51.029+0000] {dag.py:3096} INFO - Sync 1 DAGs
[2026-09-17T06:23:51.040+0000] {logging_mixin.py:188} INFO - [2026-09-17T06:23:51.040+0000] {dag.py:3954} INFO - Setting next_dagrun for data_extraction to None, run_after=None
[2026-09-17T06:23:51.059+0000] {processor.py:183} INFO - Processing /opt/airflow/dags/data_extracter_dag.py took 0.077 seconds
[2026-09-17T06:24:22.458+0000] {processor.py:161} INFO - Started process (PID=2127) to work on /opt/airflow/dags/data_extracter_dag.py
[2026-09-17T06:24:22.462+0000] {processor.py:830} INFO - Processing file /opt/airflow/dags/data_extracter_dag.py for tasks to queue
[2026-09-17T06:24:22.463+0000] {logging_mixin.py:188} INFO - [2026-09-17T06:24:22.463+0000] {dagbag.py:545} INFO - Filling up the DagBag from /opt/airflow/dags/data_extracter_dag.py
[2026-09-17T06:24:22.475+0000] {processor.py:840} INFO - DAG(s) 'data_extraction' retrieved from /opt/airflow/dags/data_extracter_dag.py
[2026-09-17T06:24:22.510+0000] {logging_mixin.py:188} INFO - [2026-09-17T06:24:22.510+0000] {dag.py:3096} INFO - Sync 1 DAGs
[2026-09-17T06:24:22.520+0000] {logging_mixin.py:188} INFO - [2026-09-17T06:24:22.520+0000] {dag.py:3954} INFO - Setting next_dagrun for data_extraction to None, run_after=None
[2026-09-17T06:24:22.536+0000] {processor.py:183} INFO - Processing /opt/airflow/dags/data_extracter_dag.py took 0.083 seconds
[2026-09-17T06:24:53.148+0000] {processor.py:161} INFO - Started process (PID=2135) to work on /opt/airflow/dags/data_extracter_dag.py
[2026-09-17T06:24:53.149+0000] {processor.py:830} INFO - Processing file /opt/airflow/dags/data_extracter_dag.py for tasks to queue
[2026-09-17T06:24:53.150+0000] {logging_mixin.py:188} INFO - [2026-09-17T06:24:53.150+0000] {dagbag.py:545} INFO - Filling up the DagBag from /opt/airflow/dags/data_extracter_dag.py
[2026-09-17T06:24:53.166+0000] {processor.py:840} INFO - DAG(s) 'data_extraction' retrieved from /opt/airflow/dags/data_extracter_dag.py
[2026-09-17T06:24:53.197+0000] {logging_mixin.py:188} INFO - [2026-09-17T06:24:53.197+0000] {dag.py:3096} INFO - Sync 1 DAGs
[2026-09-17T06:24:53.207+0000] {logging_mixin.py:188} INFO - [2026-09-17T06:24:53.207+0000] {dag.py:3954} INFO - Setting next_dagrun for data_extraction to None, run_after=None
[2026-09-17T06:24:53.223+0000] {processor.py:183} INFO - Processing /opt/airflow/dags/data_extracter_dag.py took 0.081 seconds
[2026-09-17T06:25:23.781+0000] {processor.py:161} INFO - Started process (PID=2145) to work on /opt/airflow/dags/data_extracter_dag.py
[2026-09-17T06:25:23.785+0000] {processor.py:830} INFO - Processing file /opt/airflow/dags/data_extracter_dag.py for tasks to queue
[2026-09-17T06:25:23.787+0000] {logging_mixin.py:188} INFO - [2026-09-17T06:25:23.786+0000] {dagbag.py:545} INFO - Filling up the DagBag from /opt/airflow/dags/data_extracter_dag.py
[2026-09-17T06:25:23.798+0000] {processor.py:840} INFO - DAG(s) 'data_extraction' retrieved from /opt/airflow/dags/data_extracter_dag.py
[2026-09-17T06:25:23.828+0000] {logging_mixin.py:188} INFO - [2026-09-17T06:25:23.827+0000] {dag.py:3096} INFO - Sync 1 DAGs
[2026-09-17T06:25:23.841+0000] {logging_mixin.py:188} INFO - [2026-09-17T06:25:23.841+0000] {dag.py:3954} INFO - Setting next_dagrun for data_extraction to None, run_after=None
[2026-09-17T06:25:23.867+0000] {processor.py:183} INFO - Processing /opt/airflow/dags/data_extracter_dag.py took 0.092 seconds
[2026-09-17T06:25:54.253+0000] {processor.py:161} INFO - Started process (PID=2153) to work on /opt/airflow/dags/data_extracter_dag.py
[2026-09-17T06:25:54.254+0000] {processor.py:830} INFO - Processing file /opt/airflow/dags/data_extracter_dag.py for tasks to queue
[2026-09-17T06:25:54.255+0000] {logging_mixin.py:188} INFO - [2026-09-17T06:25:54.255+0000] {dagbag.py:545} INFO - Filling up the DagBag from /opt/airflow/dags/data_extracter_dag.py
[2026-09-17T06:25:54.277+0000] {processor.py:840} INFO - DAG(s) 'data_extraction' retrieved from /opt/airflow/dags/data_extracter_dag.py
[2026-09-17T06:25:54.307+0000] {logging_mixin.py:188} INFO - [2026-09-17T06:25:54.306+0000] {dag.py:3096} INFO - Sync 1 DAGs
[2026-09-17T06:25:54.315+0000] {logging_mixin.py:188} INFO - [2026-09-17T06:25:54.315+0000] {dag.py:3954} INFO - Setting next_dagrun for data_extraction to None, run_after=None
[2026-09-17T06:25:54.330+0000] {processor.py:183} INFO - Processing /opt/airflow/dags/data_extracter_dag.py took 0.091 seconds
[2026-09-17T06:26:24.823+0000] {processor.py:161} INFO - Started process (PID=2155) to work on /opt/airflow/dags/data_extracter_dag.py
[2026-09-17T06:26:24.827+0000] {processor.py:830} INFO - Processing file /opt/airflow/dags/data_extracter_dag.py for tasks to queue
[2026-09-17T06:26:24.828+0000] {logging_mixin.py:188} INFO - [2026-09-17T06:26:24.828+0000] {dagbag.py:545} INFO - Filling up the DagBag from /opt/airflow/dags/data_extracter_dag.py
[2026-09-17T06:26:24.839+0000] {processor.py:840} INFO - DAG(s) 'data_extraction' retrieved from /opt/airflow/dags/data_extracter_dag.py
[2026-09-17T06:26:24.866+0000] {logging_mixin.py:188} INFO - [2026-09-17T06:26:24.866+0000] {dag.py:3096} INFO - Sync 1 DAGs
[2026-09-17T06:26:24.875+0000] {logging_mixin.py:188} INFO - [2026-09-17T06:26:24.875+0000] {dag.py:3954} INFO - Setting next_dagrun for data_extraction to None, run_after=None
[2026-09-17T06:26:24.896+0000] {processor.py:183} INFO - Processing /opt/airflow/dags/data_extracter_dag.py took 0.080 seconds
[2026-09-17T06:26:55.388+0000] {processor.py:161} INFO - Started process (PID=2163) to work on /opt/airflow/dags/data_extracter_dag.py
[2026-09-17T06:26:55.389+0000] {processor.py:830} INFO - Processing file /opt/airflow/dags/data_extracter_dag.py for tasks to queue
[2026-09-17T06:26:55.390+0000] {logging_mixin.py:188} INFO - [2026-09-17T06:26:55.389+0000] {dagbag.py:545} INFO - Filling up the DagBag from /opt/airflow/dags/data_extracter_dag.py
[2026-09-17T06:26:55.400+0000] {processor.py:840} INFO - DAG(s) 'data_extraction' retrieved from /opt/airflow/dags/data_extracter_dag.py
[2026-09-17T06:26:55.428+0000] {logging_mixin.py:188} INFO - [2026-09-17T06:26:55.428+0000] {dag.py:3096} INFO - Sync 1 DAGs
[2026-09-17T06:26:55.437+0000] {logging_mixin.py:188} INFO - [2026-09-17T06:26:55.437+0000] {dag.py:3954} INFO - Setting next_dagrun for data_extraction to None, run_after=None
[2026-09-17T06:26:55.457+0000] {processor.py:183} INFO - Processing /opt/airflow/dags/data_extracter_dag.py took 0.075 seconds
[2026-09-17T06:27:25.764+0000] {processor.py:161} INFO - Started process (PID=2171) to work on /opt/airflow/dags/data_extracter_dag.py
[2026-09-17T06:27:25.769+0000] {processor.py:830} INFO - Processing file /opt/airflow/dags/data_extracter_dag.py for tasks to queue
[2026-09-17T06:27:25.770+0000] {logging_mixin.py:188} INFO - [2026-09-17T06:27:25.770+0000] {dagbag.py:545} INFO - Filling up the DagBag from /opt/airflow/dags/data_extracter_dag.py
[2026-09-17T06:27:25.785+0000] {processor.py:840} INFO - DAG(s) 'data_extraction' retrieved from /opt/airflow/dags/data_extracter_dag.py
[2026-09-17T06:27:25.813+0000] {logging_mixin.py:188} INFO - [2026-09-17T06:27:25.813+0000] {dag.py:3096} INFO - Sync 1 DAGs
[2026-09-17T06:27:25.824+0000] {logging_mixin.py:188} INFO - [2026-09-17T06:27:25.823+0000] {dag.py:3954} INFO - Setting next_dagrun for data_extraction to None, run_after=None
[2026-09-17T06:27:25.844+0000] {processor.py:183} INFO - Processing /opt/airflow/dags/data_extracter_dag.py took 0.094 seconds
[2026-09-17T06:27:56.120+0000] {processor.py:161} INFO - Started process (PID=2179) to work on /opt/airflow/dags/data_extracter_dag.py
[2026-09-17T06:27:56.121+0000] {processor.py:830} INFO - Processing file /opt/airflow/dags/data_extracter_dag.py for tasks to queue
[2026-09-17T06:27:56.122+0000] {logging_mixin.py:188} INFO - [2026-09-17T06:27:56.122+0000] {dagbag.py:545} INFO - Filling up the DagBag from /opt/airflow/dags/data_extracter_dag.py
[2026-09-17T06:27:56.132+0000] {processor.py:840} INFO - DAG(s) 'data_extraction' retrieved from /opt/airflow/dags/data_extracter_dag.py
[2026-09-17T06:27:56.159+0000] {logging_mixin.py:188} INFO - [2026-09-17T06:27:56.159+0000] {dag.py:3096} INFO - Sync 1 DAGs
[2026-09-17T06:27:56.168+0000] {logging_mixin.py:188} INFO - [2026-09-17T06:27:56.168+0000] {dag.py:3954} INFO - Setting next_dagrun for data_extraction to None, run_after=None
[2026-09-17T06:27:56.187+0000] {processor.py:183} INFO - Processing /opt/airflow/dags/data_extracter_dag.py took 0.072 seconds
[2026-09-17T06:28:26.536+0000] {processor.py:161} INFO - Started process (PID=2187) to work on /opt/airflow/dags/data_extracter_dag.py
[2026-09-17T06:28:26.541+0000] {processor.py:830} INFO - Processing file /opt/airflow/dags/data_extracter_dag.py for tasks to queue
[2026-09-17T06:28:26.542+0000] {logging_mixin.py:188} INFO - [2026-09-17T06:28:26.541+0000] {dagbag.py:545} INFO - Filling up the DagBag from /opt/airflow/dags/data_extracter_dag.py
[2026-09-17T06:28:26.554+0000] {processor.py:840} INFO - DAG(s) 'data_extraction' retrieved from /opt/airflow/dags/data_extracter_dag.py
[2026-09-17T06:28:26.586+0000] {logging_mixin.py:188} INFO - [2026-09-17T06:28:26.586+0000] {dag.py:3096} INFO - Sync 1 DAGs
[2026-09-17T06:28:26.596+0000] {logging_mixin.py:188} INFO - [2026-09-17T06:28:26.596+0000] {dag.py:3954} INFO - Setting next_dagrun for data_extraction to None, run_after=None
[2026-09-17T06:28:26.616+0000] {processor.py:183} INFO - Processing /opt/airflow/dags/data_extracter_dag.py took 0.088 seconds
[2026-09-17T06:36:13.721+0000] {processor.py:161} INFO - Started process (PID=2189) to work on /opt/airflow/dags/data_extracter_dag.py
[2026-09-17T06:36:13.723+0000] {processor.py:830} INFO - Processing file /opt/airflow/dags/data_extracter_dag.py for tasks to queue
[2026-09-17T06:36:13.729+0000] {logging_mixin.py:188} INFO - [2026-09-17T06:36:13.727+0000] {dagbag.py:545} INFO - Filling up the DagBag from /opt/airflow/dags/data_extracter_dag.py
[2026-09-17T06:36:13.775+0000] {processor.py:840} INFO - DAG(s) 'data_extraction' retrieved from /opt/airflow/dags/data_extracter_dag.py
[2026-09-17T06:36:13.864+0000] {logging_mixin.py:188} INFO - [2026-09-17T06:36:13.863+0000] {dag.py:3096} INFO - Sync 1 DAGs
[2026-09-17T06:36:13.897+0000] {logging_mixin.py:188} INFO - [2026-09-17T06:36:13.896+0000] {dag.py:3954} INFO - Setting next_dagrun for data_extraction to None, run_after=None
[2026-09-17T06:36:13.966+0000] {processor.py:183} INFO - Processing /opt/airflow/dags/data_extracter_dag.py took 0.274 seconds
[2026-09-17T07:58:54.950+0000] {processor.py:161} INFO - Started process (PID=2191) to work on /opt/airflow/dags/data_extracter_dag.py
[2026-09-17T07:58:54.951+0000] {processor.py:830} INFO - Processing file /opt/airflow/dags/data_extracter_dag.py for tasks to queue
[2026-09-17T07:58:54.952+0000] {logging_mixin.py:188} INFO - [2026-09-17T07:58:54.952+0000] {dagbag.py:545} INFO - Filling up the DagBag from /opt/airflow/dags/data_extracter_dag.py
[2026-09-17T07:58:55.062+0000] {processor.py:840} INFO - DAG(s) 'data_extraction' retrieved from /opt/airflow/dags/data_extracter_dag.py
[2026-09-17T07:58:55.280+0000] {logging_mixin.py:188} INFO - [2026-09-17T07:58:55.279+0000] {dag.py:3096} INFO - Sync 1 DAGs
[2026-09-17T07:58:55.359+0000] {logging_mixin.py:188} INFO - [2026-09-17T07:58:55.359+0000] {dag.py:3954} INFO - Setting next_dagrun for data_extraction to None, run_after=None
[2026-09-17T07:58:56.079+0000] {processor.py:183} INFO - Processing /opt/airflow/dags/data_extracter_dag.py took 1.161 seconds
[2026-09-17T07:59:26.439+0000] {processor.py:161} INFO - Started process (PID=2199) to work on /opt/airflow/dags/data_extracter_dag.py
[2026-09-17T07:59:26.444+0000] {processor.py:830} INFO - Processing file /opt/airflow/dags/data_extracter_dag.py for tasks to queue
[2026-09-17T07:59:26.445+0000] {logging_mixin.py:188} INFO - [2026-09-17T07:59:26.445+0000] {dagbag.py:545} INFO - Filling up the DagBag from /opt/airflow/dags/data_extracter_dag.py
[2026-09-17T07:59:26.457+0000] {processor.py:840} INFO - DAG(s) 'data_extraction' retrieved from /opt/airflow/dags/data_extracter_dag.py
[2026-09-17T07:59:26.487+0000] {logging_mixin.py:188} INFO - [2026-09-17T07:59:26.487+0000] {dag.py:3096} INFO - Sync 1 DAGs
[2026-09-17T07:59:26.612+0000] {logging_mixin.py:188} INFO - [2026-09-17T07:59:26.612+0000] {dag.py:3954} INFO - Setting next_dagrun for data_extraction to None, run_after=None
[2026-09-17T07:59:26.629+0000] {processor.py:183} INFO - Processing /opt/airflow/dags/data_extracter_dag.py took 0.196 seconds
[2026-09-17T07:59:57.110+0000] {processor.py:161} INFO - Started process (PID=2208) to work on /opt/airflow/dags/data_extracter_dag.py
[2026-09-17T07:59:57.112+0000] {processor.py:830} INFO - Processing file /opt/airflow/dags/data_extracter_dag.py for tasks to queue
[2026-09-17T07:59:57.118+0000] {logging_mixin.py:188} INFO - [2026-09-17T07:59:57.116+0000] {dagbag.py:545} INFO - Filling up the DagBag from /opt/airflow/dags/data_extracter_dag.py
[2026-09-17T07:59:57.151+0000] {processor.py:840} INFO - DAG(s) 'data_extraction' retrieved from /opt/airflow/dags/data_extracter_dag.py
[2026-09-17T07:59:57.208+0000] {logging_mixin.py:188} INFO - [2026-09-17T07:59:57.207+0000] {dag.py:3096} INFO - Sync 1 DAGs
[2026-09-17T07:59:57.226+0000] {logging_mixin.py:188} INFO - [2026-09-17T07:59:57.225+0000] {dag.py:3954} INFO - Setting next_dagrun for data_extraction to None, run_after=None
[2026-09-17T07:59:57.262+0000] {processor.py:183} INFO - Processing /opt/airflow/dags/data_extracter_dag.py took 0.163 seconds
[2026-09-17T08:00:27.519+0000] {processor.py:161} INFO - Started process (PID=2216) to work on /opt/airflow/dags/data_extracter_dag.py
[2026-09-17T08:00:27.521+0000] {processor.py:830} INFO - Processing file /opt/airflow/dags/data_extracter_dag.py for tasks to queue
[2026-09-17T08:00:27.521+0000] {logging_mixin.py:188} INFO - [2026-09-17T08:00:27.521+0000] {dagbag.py:545} INFO - Filling up the DagBag from /opt/airflow/dags/data_extracter_dag.py
[2026-09-17T08:00:27.534+0000] {processor.py:840} INFO - DAG(s) 'data_extraction' retrieved from /opt/airflow/dags/data_extracter_dag.py
[2026-09-17T08:00:27.561+0000] {logging_mixin.py:188} INFO - [2026-09-17T08:00:27.561+0000] {dag.py:3096} INFO - Sync 1 DAGs
[2026-09-17T08:00:27.570+0000] {logging_mixin.py:188} INFO - [2026-09-17T08:00:27.570+0000] {dag.py:3954} INFO - Setting next_dagrun for data_extraction to None, run_after=None
[2026-09-17T08:00:27.592+0000] {processor.py:183} INFO - Processing /opt/airflow/dags/data_extracter_dag.py took 0.078 seconds
[2026-09-17T08:00:57.985+0000] {processor.py:161} INFO - Started process (PID=2224) to work on /opt/airflow/dags/data_extracter_dag.py
[2026-09-17T08:00:57.986+0000] {processor.py:830} INFO - Processing file /opt/airflow/dags/data_extracter_dag.py for tasks to queue
[2026-09-17T08:00:57.987+0000] {logging_mixin.py:188} INFO - [2026-09-17T08:00:57.986+0000] {dagbag.py:545} INFO - Filling up the DagBag from /opt/airflow/dags/data_extracter_dag.py
[2026-09-17T08:00:57.998+0000] {processor.py:840} INFO - DAG(s) 'data_extraction' retrieved from /opt/airflow/dags/data_extracter_dag.py
[2026-09-17T08:00:58.024+0000] {logging_mixin.py:188} INFO - [2026-09-17T08:00:58.024+0000] {dag.py:3096} INFO - Sync 1 DAGs
[2026-09-17T08:00:58.034+0000] {logging_mixin.py:188} INFO - [2026-09-17T08:00:58.034+0000] {dag.py:3954} INFO - Setting next_dagrun for data_extraction to None, run_after=None
[2026-09-17T08:00:58.160+0000] {processor.py:183} INFO - Processing /opt/airflow/dags/data_extracter_dag.py took 0.183 seconds
[2026-09-17T08:01:29.099+0000] {processor.py:161} INFO - Started process (PID=2232) to work on /opt/airflow/dags/data_extracter_dag.py
[2026-09-17T08:01:29.104+0000] {processor.py:830} INFO - Processing file /opt/airflow/dags/data_extracter_dag.py for tasks to queue
[2026-09-17T08:01:29.105+0000] {logging_mixin.py:188} INFO - [2026-09-17T08:01:29.104+0000] {dagbag.py:545} INFO - Filling up the DagBag from /opt/airflow/dags/data_extracter_dag.py
[2026-09-17T08:01:29.115+0000] {processor.py:840} INFO - DAG(s) 'data_extraction' retrieved from /opt/airflow/dags/data_extracter_dag.py
[2026-09-17T08:01:29.143+0000] {logging_mixin.py:188} INFO - [2026-09-17T08:01:29.142+0000] {dag.py:3096} INFO - Sync 1 DAGs
[2026-09-17T08:01:29.252+0000] {logging_mixin.py:188} INFO - [2026-09-17T08:01:29.252+0000] {dag.py:3954} INFO - Setting next_dagrun for data_extraction to None, run_after=None
[2026-09-17T08:01:29.270+0000] {processor.py:183} INFO - Processing /opt/airflow/dags/data_extracter_dag.py took 0.177 seconds
[2026-09-17T08:01:59.335+0000] {processor.py:161} INFO - Started process (PID=2240) to work on /opt/airflow/dags/data_extracter_dag.py
[2026-09-17T08:01:59.335+0000] {processor.py:830} INFO - Processing file /opt/airflow/dags/data_extracter_dag.py for tasks to queue
[2026-09-17T08:01:59.336+0000] {logging_mixin.py:188} INFO - [2026-09-17T08:01:59.336+0000] {dagbag.py:545} INFO - Filling up the DagBag from /opt/airflow/dags/data_extracter_dag.py
[2026-09-17T08:01:59.348+0000] {processor.py:840} INFO - DAG(s) 'data_extraction' retrieved from /opt/airflow/dags/data_extracter_dag.py
[2026-09-17T08:01:59.377+0000] {logging_mixin.py:188} INFO - [2026-09-17T08:01:59.377+0000] {dag.py:3096} INFO - Sync 1 DAGs
[2026-09-17T08:01:59.387+0000] {logging_mixin.py:188} INFO - [2026-09-17T08:01:59.387+0000] {dag.py:3954} INFO - Setting next_dagrun for data_extraction to None, run_after=None
[2026-09-17T08:01:59.406+0000] {processor.py:183} INFO - Processing /opt/airflow/dags/data_extracter_dag.py took 0.077 seconds
[2026-09-17T08:02:29.473+0000] {processor.py:161} INFO - Started process (PID=2248) to work on /opt/airflow/dags/data_extracter_dag.py
[2026-09-17T08:02:29.477+0000] {processor.py:830} INFO - Processing file /opt/airflow/dags/data_extracter_dag.py for tasks to queue
[2026-09-17T08:02:29.478+0000] {logging_mixin.py:188} INFO - [2026-09-17T08:02:29.478+0000] {dagbag.py:545} INFO - Filling up the DagBag from /opt/airflow/dags/data_extracter_dag.py
[2026-09-17T08:02:29.489+0000] {processor.py:840} INFO - DAG(s) 'data_extraction' retrieved from /opt/airflow/dags/data_extracter_dag.py
[2026-09-17T08:02:29.517+0000] {logging_mixin.py:188} INFO - [2026-09-17T08:02:29.517+0000] {dag.py:3096} INFO - Sync 1 DAGs
[2026-09-17T08:02:29.527+0000] {logging_mixin.py:188} INFO - [2026-09-17T08:02:29.526+0000] {dag.py:3954} INFO - Setting next_dagrun for data_extraction to None, run_after=None
[2026-09-17T08:02:29.546+0000] {processor.py:183} INFO - Processing /opt/airflow/dags/data_extracter_dag.py took 0.078 seconds
[2026-09-17T08:02:59.757+0000] {processor.py:161} INFO - Started process (PID=2256) to work on /opt/airflow/dags/data_extracter_dag.py
[2026-09-17T08:02:59.758+0000] {processor.py:830} INFO - Processing file /opt/airflow/dags/data_extracter_dag.py for tasks to queue
[2026-09-17T08:02:59.758+0000] {logging_mixin.py:188} INFO - [2026-09-17T08:02:59.758+0000] {dagbag.py:545} INFO - Filling up the DagBag from /opt/airflow/dags/data_extracter_dag.py
[2026-09-17T08:02:59.769+0000] {processor.py:840} INFO - DAG(s) 'data_extraction' retrieved from /opt/airflow/dags/data_extracter_dag.py
[2026-09-17T08:02:59.800+0000] {logging_mixin.py:188} INFO - [2026-09-17T08:02:59.800+0000] {dag.py:3096} INFO - Sync 1 DAGs
[2026-09-17T08:02:59.811+0000] {logging_mixin.py:188} INFO - [2026-09-17T08:02:59.811+0000] {dag.py:3954} INFO - Setting next_dagrun for data_extraction to None, run_after=None
[2026-09-17T08:02:59.939+0000] {processor.py:183} INFO - Processing /opt/airflow/dags/data_extracter_dag.py took 0.188 seconds
[2026-09-17T08:03:30.623+0000] {processor.py:161} INFO - Started process (PID=2264) to work on /opt/airflow/dags/data_extracter_dag.py
[2026-09-17T08:03:30.627+0000] {processor.py:830} INFO - Processing file /opt/airflow/dags/data_extracter_dag.py for tasks to queue
[2026-09-17T08:03:30.628+0000] {logging_mixin.py:188} INFO - [2026-09-17T08:03:30.628+0000] {dagbag.py:545} INFO - Filling up the DagBag from /opt/airflow/dags/data_extracter_dag.py
[2026-09-17T08:03:30.640+0000] {processor.py:840} INFO - DAG(s) 'data_extraction' retrieved from /opt/airflow/dags/data_extracter_dag.py
[2026-09-17T08:03:30.668+0000] {logging_mixin.py:188} INFO - [2026-09-17T08:03:30.668+0000] {dag.py:3096} INFO - Sync 1 DAGs
[2026-09-17T08:03:30.804+0000] {logging_mixin.py:188} INFO - [2026-09-17T08:03:30.803+0000] {dag.py:3954} INFO - Setting next_dagrun for data_extraction to None, run_after=None
[2026-09-17T08:03:30.822+0000] {processor.py:183} INFO - Processing /opt/airflow/dags/data_extracter_dag.py took 0.205 seconds
[2026-09-17T08:04:00.877+0000] {processor.py:161} INFO - Started process (PID=2272) to work on /opt/airflow/dags/data_extracter_dag.py
[2026-09-17T08:04:00.878+0000] {processor.py:830} INFO - Processing file /opt/airflow/dags/data_extracter_dag.py for tasks to queue
[2026-09-17T08:04:00.878+0000] {logging_mixin.py:188} INFO - [2026-09-17T08:04:00.878+0000] {dagbag.py:545} INFO - Filling up the DagBag from /opt/airflow/dags/data_extracter_dag.py
[2026-09-17T08:04:00.889+0000] {processor.py:840} INFO - DAG(s) 'data_extraction' retrieved from /opt/airflow/dags/data_extracter_dag.py
[2026-09-17T08:04:00.916+0000] {logging_mixin.py:188} INFO - [2026-09-17T08:04:00.915+0000] {dag.py:3096} INFO - Sync 1 DAGs
[2026-09-17T08:04:00.925+0000] {logging_mixin.py:188} INFO - [2026-09-17T08:04:00.924+0000] {dag.py:3954} INFO - Setting next_dagrun for data_extraction to None, run_after=None
[2026-09-17T08:04:00.943+0000] {processor.py:183} INFO - Processing /opt/airflow/dags/data_extracter_dag.py took 0.072 seconds
[2026-09-17T08:04:33.073+0000] {processor.py:161} INFO - Started process (PID=2280) to work on /opt/airflow/dags/data_extracter_dag.py
[2026-09-17T08:04:33.075+0000] {processor.py:830} INFO - Processing file /opt/airflow/dags/data_extracter_dag.py for tasks to queue
[2026-09-17T08:04:33.075+0000] {logging_mixin.py:188} INFO - [2026-09-17T08:04:33.075+0000] {dagbag.py:545} INFO - Filling up the DagBag from /opt/airflow/dags/data_extracter_dag.py
[2026-09-17T08:04:33.090+0000] {processor.py:840} INFO - DAG(s) 'data_extraction' retrieved from /opt/airflow/dags/data_extracter_dag.py
[2026-09-17T08:04:33.118+0000] {logging_mixin.py:188} INFO - [2026-09-17T08:04:33.118+0000] {dag.py:3096} INFO - Sync 1 DAGs
[2026-09-17T08:04:33.129+0000] {logging_mixin.py:188} INFO - [2026-09-17T08:04:33.129+0000] {dag.py:3954} INFO - Setting next_dagrun for data_extraction to None, run_after=None
[2026-09-17T08:04:33.146+0000] {processor.py:183} INFO - Processing /opt/airflow/dags/data_extracter_dag.py took 0.080 seconds
[2026-09-17T08:05:06.164+0000] {processor.py:161} INFO - Started process (PID=2288) to work on /opt/airflow/dags/data_extracter_dag.py
[2026-09-17T08:05:06.165+0000] {processor.py:830} INFO - Processing file /opt/airflow/dags/data_extracter_dag.py for tasks to queue
[2026-09-17T08:05:06.166+0000] {logging_mixin.py:188} INFO - [2026-09-17T08:05:06.165+0000] {dagbag.py:545} INFO - Filling up the DagBag from /opt/airflow/dags/data_extracter_dag.py
[2026-09-17T08:05:06.181+0000] {processor.py:840} INFO - DAG(s) 'data_extraction' retrieved from /opt/airflow/dags/data_extracter_dag.py
[2026-09-17T08:05:06.210+0000] {logging_mixin.py:188} INFO - [2026-09-17T08:05:06.209+0000] {dag.py:3096} INFO - Sync 1 DAGs
[2026-09-17T08:05:06.361+0000] {logging_mixin.py:188} INFO - [2026-09-17T08:05:06.361+0000] {dag.py:3954} INFO - Setting next_dagrun for data_extraction to None, run_after=None
[2026-09-17T08:05:06.396+0000] {processor.py:183} INFO - Processing /opt/airflow/dags/data_extracter_dag.py took 0.241 seconds
[2026-09-17T08:05:39.187+0000] {processor.py:161} INFO - Started process (PID=2297) to work on /opt/airflow/dags/data_extracter_dag.py
[2026-09-17T08:05:39.189+0000] {processor.py:830} INFO - Processing file /opt/airflow/dags/data_extracter_dag.py for tasks to queue
[2026-09-17T08:05:39.190+0000] {logging_mixin.py:188} INFO - [2026-09-17T08:05:39.190+0000] {dagbag.py:545} INFO - Filling up the DagBag from /opt/airflow/dags/data_extracter_dag.py
[2026-09-17T08:05:39.203+0000] {processor.py:840} INFO - DAG(s) 'data_extraction' retrieved from /opt/airflow/dags/data_extracter_dag.py
[2026-09-17T08:05:39.231+0000] {logging_mixin.py:188} INFO - [2026-09-17T08:05:39.231+0000] {dag.py:3096} INFO - Sync 1 DAGs
[2026-09-17T08:05:39.240+0000] {logging_mixin.py:188} INFO - [2026-09-17T08:05:39.240+0000] {dag.py:3954} INFO - Setting next_dagrun for data_extraction to None, run_after=None
[2026-09-17T08:05:39.256+0000] {processor.py:183} INFO - Processing /opt/airflow/dags/data_extracter_dag.py took 0.074 seconds
[2026-09-17T08:06:12.356+0000] {processor.py:161} INFO - Started process (PID=2305) to work on /opt/airflow/dags/data_extracter_dag.py
[2026-09-17T08:06:12.357+0000] {processor.py:830} INFO - Processing file /opt/airflow/dags/data_extracter_dag.py for tasks to queue
[2026-09-17T08:06:12.357+0000] {logging_mixin.py:188} INFO - [2026-09-17T08:06:12.357+0000] {dagbag.py:545} INFO - Filling up the DagBag from /opt/airflow/dags/data_extracter_dag.py
[2026-09-17T08:06:12.370+0000] {processor.py:840} INFO - DAG(s) 'data_extraction' retrieved from /opt/airflow/dags/data_extracter_dag.py
[2026-09-17T08:06:12.399+0000] {logging_mixin.py:188} INFO - [2026-09-17T08:06:12.398+0000] {dag.py:3096} INFO - Sync 1 DAGs
[2026-09-17T08:06:12.408+0000] {logging_mixin.py:188} INFO - [2026-09-17T08:06:12.408+0000] {dag.py:3954} INFO - Setting next_dagrun for data_extraction to None, run_after=None
[2026-09-17T08:06:12.424+0000] {processor.py:183} INFO - Processing /opt/airflow/dags/data_extracter_dag.py took 0.075 seconds
[2026-09-17T08:06:44.535+0000] {processor.py:161} INFO - Started process (PID=2313) to work on /opt/airflow/dags/data_extracter_dag.py
[2026-09-17T08:06:44.537+0000] {processor.py:830} INFO - Processing file /opt/airflow/dags/data_extracter_dag.py for tasks to queue
[2026-09-17T08:06:44.538+0000] {logging_mixin.py:188} INFO - [2026-09-17T08:06:44.538+0000] {dagbag.py:545} INFO - Filling up the DagBag from /opt/airflow/dags/data_extracter_dag.py
[2026-09-17T08:06:44.551+0000] {processor.py:840} INFO - DAG(s) 'data_extraction' retrieved from /opt/airflow/dags/data_extracter_dag.py
[2026-09-17T08:06:44.579+0000] {logging_mixin.py:188} INFO - [2026-09-17T08:06:44.579+0000] {dag.py:3096} INFO - Sync 1 DAGs
[2026-09-17T08:06:44.685+0000] {logging_mixin.py:188} INFO - [2026-09-17T08:06:44.685+0000] {dag.py:3954} INFO - Setting next_dagrun for data_extraction to None, run_after=None
[2026-09-17T08:06:44.703+0000] {processor.py:183} INFO - Processing /opt/airflow/dags/data_extracter_dag.py took 0.173 seconds
[2026-09-17T08:07:17.652+0000] {processor.py:161} INFO - Started process (PID=2321) to work on /opt/airflow/dags/data_extracter_dag.py
[2026-09-17T08:07:17.653+0000] {processor.py:830} INFO - Processing file /opt/airflow/dags/data_extracter_dag.py for tasks to queue
[2026-09-17T08:07:17.654+0000] {logging_mixin.py:188} INFO - [2026-09-17T08:07:17.654+0000] {dagbag.py:545} INFO - Filling up the DagBag from /opt/airflow/dags/data_extracter_dag.py
[2026-09-17T08:07:17.769+0000] {processor.py:840} INFO - DAG(s) 'data_extraction' retrieved from /opt/airflow/dags/data_extracter_dag.py
[2026-09-17T08:07:17.790+0000] {logging_mixin.py:188} INFO - [2026-09-17T08:07:17.790+0000] {dag.py:3096} INFO - Sync 1 DAGs
[2026-09-17T08:07:17.798+0000] {logging_mixin.py:188} INFO - [2026-09-17T08:07:17.798+0000] {dag.py:3954} INFO - Setting next_dagrun for data_extraction to None, run_after=None
[2026-09-17T08:07:17.818+0000] {processor.py:183} INFO - Processing /opt/airflow/dags/data_extracter_dag.py took 0.171 seconds
[2026-09-17T08:07:50.830+0000] {processor.py:161} INFO - Started process (PID=2329) to work on /opt/airflow/dags/data_extracter_dag.py
[2026-09-17T08:07:50.832+0000] {processor.py:830} INFO - Processing file /opt/airflow/dags/data_extracter_dag.py for tasks to queue
[2026-09-17T08:07:50.833+0000] {logging_mixin.py:188} INFO - [2026-09-17T08:07:50.832+0000] {dagbag.py:545} INFO - Filling up the DagBag from /opt/airflow/dags/data_extracter_dag.py
[2026-09-17T08:07:50.845+0000] {processor.py:840} INFO - DAG(s) 'data_extraction' retrieved from /opt/airflow/dags/data_extracter_dag.py
[2026-09-17T08:07:50.876+0000] {logging_mixin.py:188} INFO - [2026-09-17T08:07:50.876+0000] {dag.py:3096} INFO - Sync 1 DAGs
[2026-09-17T08:07:50.886+0000] {logging_mixin.py:188} INFO - [2026-09-17T08:07:50.885+0000] {dag.py:3954} INFO - Setting next_dagrun for data_extraction to None, run_after=None
[2026-09-17T08:07:50.904+0000] {processor.py:183} INFO - Processing /opt/airflow/dags/data_extracter_dag.py took 0.080 seconds
[2026-09-17T08:08:24.018+0000] {processor.py:161} INFO - Started process (PID=2337) to work on /opt/airflow/dags/data_extracter_dag.py
[2026-09-17T08:08:24.023+0000] {processor.py:830} INFO - Processing file /opt/airflow/dags/data_extracter_dag.py for tasks to queue
[2026-09-17T08:08:24.024+0000] {logging_mixin.py:188} INFO - [2026-09-17T08:08:24.024+0000] {dagbag.py:545} INFO - Filling up the DagBag from /opt/airflow/dags/data_extracter_dag.py
[2026-09-17T08:08:24.035+0000] {processor.py:840} INFO - DAG(s) 'data_extraction' retrieved from /opt/airflow/dags/data_extracter_dag.py
[2026-09-17T08:08:24.060+0000] {logging_mixin.py:188} INFO - [2026-09-17T08:08:24.060+0000] {dag.py:3096} INFO - Sync 1 DAGs
[2026-09-17T08:08:24.070+0000] {logging_mixin.py:188} INFO - [2026-09-17T08:08:24.070+0000] {dag.py:3954} INFO - Setting next_dagrun for data_extraction to None, run_after=None
[2026-09-17T08:08:24.089+0000] {processor.py:183} INFO - Processing /opt/airflow/dags/data_extracter_dag.py took 0.076 seconds
[2026-09-17T08:08:56.203+0000] {processor.py:161} INFO - Started process (PID=2345) to work on /opt/airflow/dags/data_extracter_dag.py
[2026-09-17T08:08:56.204+0000] {processor.py:830} INFO - Processing file /opt/airflow/dags/data_extracter_dag.py for tasks to queue
[2026-09-17T08:08:56.205+0000] {logging_mixin.py:188} INFO - [2026-09-17T08:08:56.204+0000] {dagbag.py:545} INFO - Filling up the DagBag from /opt/airflow/dags/data_extracter_dag.py
[2026-09-17T08:08:56.224+0000] {processor.py:840} INFO - DAG(s) 'data_extraction' retrieved from /opt/airflow/dags/data_extracter_dag.py
[2026-09-17T08:08:56.268+0000] {logging_mixin.py:188} INFO - [2026-09-17T08:08:56.268+0000] {dag.py:3096} INFO - Sync 1 DAGs
[2026-09-17T08:08:56.285+0000] {logging_mixin.py:188} INFO - [2026-09-17T08:08:56.284+0000] {dag.py:3954} INFO - Setting next_dagrun for data_extraction to None, run_after=None
[2026-09-17T08:08:56.314+0000] {processor.py:183} INFO - Processing /opt/airflow/dags/data_extracter_dag.py took 0.121 seconds
[2026-09-17T08:09:29.328+0000] {processor.py:161} INFO - Started process (PID=2354) to work on /opt/airflow/dags/data_extracter_dag.py
[2026-09-17T08:09:29.330+0000] {processor.py:830} INFO - Processing file /opt/airflow/dags/data_extracter_dag.py for tasks to queue
[2026-09-17T08:09:29.330+0000] {logging_mixin.py:188} INFO - [2026-09-17T08:09:29.330+0000] {dagbag.py:545} INFO - Filling up the DagBag from /opt/airflow/dags/data_extracter_dag.py
[2026-09-17T08:09:29.343+0000] {processor.py:840} INFO - DAG(s) 'data_extraction' retrieved from /opt/airflow/dags/data_extracter_dag.py
[2026-09-17T08:09:29.372+0000] {logging_mixin.py:188} INFO - [2026-09-17T08:09:29.372+0000] {dag.py:3096} INFO - Sync 1 DAGs
[2026-09-17T08:09:29.381+0000] {logging_mixin.py:188} INFO - [2026-09-17T08:09:29.381+0000] {dag.py:3954} INFO - Setting next_dagrun for data_extraction to None, run_after=None
[2026-09-17T08:09:29.397+0000] {processor.py:183} INFO - Processing /opt/airflow/dags/data_extracter_dag.py took 0.075 seconds
[2026-09-17T08:10:02.420+0000] {processor.py:161} INFO - Started process (PID=2362) to work on /opt/airflow/dags/data_extracter_dag.py
[2026-09-17T08:10:02.420+0000] {processor.py:830} INFO - Processing file /opt/airflow/dags/data_extracter_dag.py for tasks to queue
[2026-09-17T08:10:02.421+0000] {logging_mixin.py:188} INFO - [2026-09-17T08:10:02.421+0000] {dagbag.py:545} INFO - Filling up the DagBag from /opt/airflow/dags/data_extracter_dag.py
[2026-09-17T08:10:02.437+0000] {processor.py:840} INFO - DAG(s) 'data_extraction' retrieved from /opt/airflow/dags/data_extracter_dag.py
[2026-09-17T08:10:02.465+0000] {logging_mixin.py:188} INFO - [2026-09-17T08:10:02.465+0000] {dag.py:3096} INFO - Sync 1 DAGs
[2026-09-17T08:10:02.474+0000] {logging_mixin.py:188} INFO - [2026-09-17T08:10:02.474+0000] {dag.py:3954} INFO - Setting next_dagrun for data_extraction to None, run_after=None
[2026-09-17T08:10:02.490+0000] {processor.py:183} INFO - Processing /opt/airflow/dags/data_extracter_dag.py took 0.077 seconds
[2026-09-17T08:10:35.579+0000] {processor.py:161} INFO - Started process (PID=2370) to work on /opt/airflow/dags/data_extracter_dag.py
[2026-09-17T08:10:35.580+0000] {processor.py:830} INFO - Processing file /opt/airflow/dags/data_extracter_dag.py for tasks to queue
[2026-09-17T08:10:35.581+0000] {logging_mixin.py:188} INFO - [2026-09-17T08:10:35.580+0000] {dagbag.py:545} INFO - Filling up the DagBag from /opt/airflow/dags/data_extracter_dag.py
[2026-09-17T08:10:35.592+0000] {processor.py:840} INFO - DAG(s) 'data_extraction' retrieved from /opt/airflow/dags/data_extracter_dag.py
[2026-09-17T08:10:35.621+0000] {logging_mixin.py:188} INFO - [2026-09-17T08:10:35.621+0000] {dag.py:3096} INFO - Sync 1 DAGs
[2026-09-17T08:10:35.630+0000] {logging_mixin.py:188} INFO - [2026-09-17T08:10:35.630+0000] {dag.py:3954} INFO - Setting next_dagrun for data_extraction to None, run_after=None
[2026-09-17T08:10:35.645+0000] {processor.py:183} INFO - Processing /opt/airflow/dags/data_extracter_dag.py took 0.072 seconds
[2026-09-17T08:11:08.705+0000] {processor.py:161} INFO - Started process (PID=2378) to work on /opt/airflow/dags/data_extracter_dag.py
[2026-09-17T08:11:08.707+0000] {processor.py:830} INFO - Processing file /opt/airflow/dags/data_extracter_dag.py for tasks to queue
[2026-09-17T08:11:08.707+0000] {logging_mixin.py:188} INFO - [2026-09-17T08:11:08.707+0000] {dagbag.py:545} INFO - Filling up the DagBag from /opt/airflow/dags/data_extracter_dag.py
[2026-09-17T08:11:08.718+0000] {processor.py:840} INFO - DAG(s) 'data_extraction' retrieved from /opt/airflow/dags/data_extracter_dag.py
[2026-09-17T08:11:08.749+0000] {logging_mixin.py:188} INFO - [2026-09-17T08:11:08.749+0000] {dag.py:3096} INFO - Sync 1 DAGs
[2026-09-17T08:11:08.758+0000] {logging_mixin.py:188} INFO - [2026-09-17T08:11:08.758+0000] {dag.py:3954} INFO - Setting next_dagrun for data_extraction to None, run_after=None
[2026-09-17T08:11:08.774+0000] {processor.py:183} INFO - Processing /opt/airflow/dags/data_extracter_dag.py took 0.074 seconds
[2026-09-17T08:11:40.888+0000] {processor.py:161} INFO - Started process (PID=2386) to work on /opt/airflow/dags/data_extracter_dag.py
[2026-09-17T08:11:40.889+0000] {processor.py:830} INFO - Processing file /opt/airflow/dags/data_extracter_dag.py for tasks to queue
[2026-09-17T08:11:40.890+0000] {logging_mixin.py:188} INFO - [2026-09-17T08:11:40.890+0000] {dagbag.py:545} INFO - Filling up the DagBag from /opt/airflow/dags/data_extracter_dag.py
[2026-09-17T08:11:40.903+0000] {processor.py:840} INFO - DAG(s) 'data_extraction' retrieved from /opt/airflow/dags/data_extracter_dag.py
[2026-09-17T08:11:40.931+0000] {logging_mixin.py:188} INFO - [2026-09-17T08:11:40.931+0000] {dag.py:3096} INFO - Sync 1 DAGs
[2026-09-17T08:11:40.941+0000] {logging_mixin.py:188} INFO - [2026-09-17T08:11:40.941+0000] {dag.py:3954} INFO - Setting next_dagrun for data_extraction to None, run_after=None
[2026-09-17T08:11:40.958+0000] {processor.py:183} INFO - Processing /opt/airflow/dags/data_extracter_dag.py took 0.077 seconds
[2026-09-17T08:12:14.206+0000] {processor.py:161} INFO - Started process (PID=2394) to work on /opt/airflow/dags/data_extracter_dag.py
[2026-09-17T08:12:14.207+0000] {processor.py:830} INFO - Processing file /opt/airflow/dags/data_extracter_dag.py for tasks to queue
[2026-09-17T08:12:14.208+0000] {logging_mixin.py:188} INFO - [2026-09-17T08:12:14.208+0000] {dagbag.py:545} INFO - Filling up the DagBag from /opt/airflow/dags/data_extracter_dag.py
[2026-09-17T08:12:14.219+0000] {processor.py:840} INFO - DAG(s) 'data_extraction' retrieved from /opt/airflow/dags/data_extracter_dag.py
[2026-09-17T08:12:14.249+0000] {logging_mixin.py:188} INFO - [2026-09-17T08:12:14.248+0000] {dag.py:3096} INFO - Sync 1 DAGs
[2026-09-17T08:12:14.258+0000] {logging_mixin.py:188} INFO - [2026-09-17T08:12:14.257+0000] {dag.py:3954} INFO - Setting next_dagrun for data_extraction to None, run_after=None
[2026-09-17T08:12:14.273+0000] {processor.py:183} INFO - Processing /opt/airflow/dags/data_extracter_dag.py took 0.073 seconds
[2026-09-17T08:12:47.341+0000] {processor.py:161} INFO - Started process (PID=2402) to work on /opt/airflow/dags/data_extracter_dag.py
[2026-09-17T08:12:47.342+0000] {processor.py:830} INFO - Processing file /opt/airflow/dags/data_extracter_dag.py for tasks to queue
[2026-09-17T08:12:47.343+0000] {logging_mixin.py:188} INFO - [2026-09-17T08:12:47.342+0000] {dagbag.py:545} INFO - Filling up the DagBag from /opt/airflow/dags/data_extracter_dag.py
[2026-09-17T08:12:47.356+0000] {processor.py:840} INFO - DAG(s) 'data_extraction' retrieved from /opt/airflow/dags/data_extracter_dag.py
[2026-09-17T08:12:47.383+0000] {logging_mixin.py:188} INFO - [2026-09-17T08:12:47.382+0000] {dag.py:3096} INFO - Sync 1 DAGs
[2026-09-17T08:12:47.391+0000] {logging_mixin.py:188} INFO - [2026-09-17T08:12:47.391+0000] {dag.py:3954} INFO - Setting next_dagrun for data_extraction to None, run_after=None
[2026-09-17T08:12:47.408+0000] {processor.py:183} INFO - Processing /opt/airflow/dags/data_extracter_dag.py took 0.075 seconds
[2026-09-17T08:13:20.571+0000] {processor.py:161} INFO - Started process (PID=2410) to work on /opt/airflow/dags/data_extracter_dag.py
[2026-09-17T08:13:20.573+0000] {processor.py:830} INFO - Processing file /opt/airflow/dags/data_extracter_dag.py for tasks to queue
[2026-09-17T08:13:20.574+0000] {logging_mixin.py:188} INFO - [2026-09-17T08:13:20.574+0000] {dagbag.py:545} INFO - Filling up the DagBag from /opt/airflow/dags/data_extracter_dag.py
[2026-09-17T08:13:20.585+0000] {processor.py:840} INFO - DAG(s) 'data_extraction' retrieved from /opt/airflow/dags/data_extracter_dag.py
[2026-09-17T08:13:20.613+0000] {logging_mixin.py:188} INFO - [2026-09-17T08:13:20.612+0000] {dag.py:3096} INFO - Sync 1 DAGs
[2026-09-17T08:13:20.623+0000] {logging_mixin.py:188} INFO - [2026-09-17T08:13:20.623+0000] {dag.py:3954} INFO - Setting next_dagrun for data_extraction to None, run_after=None
[2026-09-17T08:13:20.640+0000] {processor.py:183} INFO - Processing /opt/airflow/dags/data_extracter_dag.py took 0.074 seconds
[2026-09-17T08:13:53.778+0000] {processor.py:161} INFO - Started process (PID=2418) to work on /opt/airflow/dags/data_extracter_dag.py
[2026-09-17T08:13:53.779+0000] {processor.py:830} INFO - Processing file /opt/airflow/dags/data_extracter_dag.py for tasks to queue
[2026-09-17T08:13:53.780+0000] {logging_mixin.py:188} INFO - [2026-09-17T08:13:53.779+0000] {dagbag.py:545} INFO - Filling up the DagBag from /opt/airflow/dags/data_extracter_dag.py
[2026-09-17T08:13:53.795+0000] {processor.py:840} INFO - DAG(s) 'data_extraction' retrieved from /opt/airflow/dags/data_extracter_dag.py
[2026-09-17T08:13:53.830+0000] {logging_mixin.py:188} INFO - [2026-09-17T08:13:53.830+0000] {dag.py:3096} INFO - Sync 1 DAGs
[2026-09-17T08:13:53.842+0000] {logging_mixin.py:188} INFO - [2026-09-17T08:13:53.842+0000] {dag.py:3954} INFO - Setting next_dagrun for data_extraction to None, run_after=None
[2026-09-17T08:13:53.862+0000] {processor.py:183} INFO - Processing /opt/airflow/dags/data_extracter_dag.py took 0.091 seconds
[2026-09-17T08:14:25.967+0000] {processor.py:161} INFO - Started process (PID=2426) to work on /opt/airflow/dags/data_extracter_dag.py
[2026-09-17T08:14:25.968+0000] {processor.py:830} INFO - Processing file /opt/airflow/dags/data_extracter_dag.py for tasks to queue
[2026-09-17T08:14:25.969+0000] {logging_mixin.py:188} INFO - [2026-09-17T08:14:25.969+0000] {dagbag.py:545} INFO - Filling up the DagBag from /opt/airflow/dags/data_extracter_dag.py
[2026-09-17T08:14:25.981+0000] {processor.py:840} INFO - DAG(s) 'data_extraction' retrieved from /opt/airflow/dags/data_extracter_dag.py
[2026-09-17T08:14:26.009+0000] {logging_mixin.py:188} INFO - [2026-09-17T08:14:26.009+0000] {dag.py:3096} INFO - Sync 1 DAGs
[2026-09-17T08:14:26.018+0000] {logging_mixin.py:188} INFO - [2026-09-17T08:14:26.018+0000] {dag.py:3954} INFO - Setting next_dagrun for data_extraction to None, run_after=None
[2026-09-17T08:14:26.035+0000] {processor.py:183} INFO - Processing /opt/airflow/dags/data_extracter_dag.py took 0.074 seconds
[2026-09-17T08:14:59.198+0000] {processor.py:161} INFO - Started process (PID=2434) to work on /opt/airflow/dags/data_extracter_dag.py
[2026-09-17T08:14:59.198+0000] {processor.py:830} INFO - Processing file /opt/airflow/dags/data_extracter_dag.py for tasks to queue
[2026-09-17T08:14:59.199+0000] {logging_mixin.py:188} INFO - [2026-09-17T08:14:59.199+0000] {dagbag.py:545} INFO - Filling up the DagBag from /opt/airflow/dags/data_extracter_dag.py
[2026-09-17T08:14:59.213+0000] {processor.py:840} INFO - DAG(s) 'data_extraction' retrieved from /opt/airflow/dags/data_extracter_dag.py
[2026-09-17T08:14:59.249+0000] {logging_mixin.py:188} INFO - [2026-09-17T08:14:59.249+0000] {dag.py:3096} INFO - Sync 1 DAGs
[2026-09-17T08:14:59.263+0000] {logging_mixin.py:188} INFO - [2026-09-17T08:14:59.263+0000] {dag.py:3954} INFO - Setting next_dagrun for data_extraction to None, run_after=None
[2026-09-17T08:14:59.285+0000] {processor.py:183} INFO - Processing /opt/airflow/dags/data_extracter_dag.py took 0.095 seconds
[2026-09-17T08:17:09.701+0000] {processor.py:161} INFO - Started process (PID=2443) to work on /opt/airflow/dags/data_extracter_dag.py
[2026-09-17T08:17:09.702+0000] {processor.py:830} INFO - Processing file /opt/airflow/dags/data_extracter_dag.py for tasks to queue
[2026-09-17T08:17:09.703+0000] {logging_mixin.py:188} INFO - [2026-09-17T08:17:09.703+0000] {dagbag.py:545} INFO - Filling up the DagBag from /opt/airflow/dags/data_extracter_dag.py
[2026-09-17T08:17:09.716+0000] {processor.py:840} INFO - DAG(s) 'data_extraction' retrieved from /opt/airflow/dags/data_extracter_dag.py
[2026-09-17T08:17:09.749+0000] {logging_mixin.py:188} INFO - [2026-09-17T08:17:09.749+0000] {dag.py:3096} INFO - Sync 1 DAGs
[2026-09-17T08:17:09.758+0000] {logging_mixin.py:188} INFO - [2026-09-17T08:17:09.758+0000] {dag.py:3954} INFO - Setting next_dagrun for data_extraction to None, run_after=None
[2026-09-17T08:17:09.774+0000] {processor.py:183} INFO - Processing /opt/airflow/dags/data_extracter_dag.py took 0.080 seconds
[2026-09-17T08:17:39.961+0000] {processor.py:161} INFO - Started process (PID=2451) to work on /opt/airflow/dags/data_extracter_dag.py
[2026-09-17T08:17:39.962+0000] {processor.py:830} INFO - Processing file /opt/airflow/dags/data_extracter_dag.py for tasks to queue
[2026-09-17T08:17:39.963+0000] {logging_mixin.py:188} INFO - [2026-09-17T08:17:39.962+0000] {dagbag.py:545} INFO - Filling up the DagBag from /opt/airflow/dags/data_extracter_dag.py
[2026-09-17T08:17:39.979+0000] {processor.py:840} INFO - DAG(s) 'data_extraction' retrieved from /opt/airflow/dags/data_extracter_dag.py
[2026-09-17T08:17:40.018+0000] {logging_mixin.py:188} INFO - [2026-09-17T08:17:40.018+0000] {dag.py:3096} INFO - Sync 1 DAGs
[2026-09-17T08:17:40.034+0000] {logging_mixin.py:188} INFO - [2026-09-17T08:17:40.034+0000] {dag.py:3954} INFO - Setting next_dagrun for data_extraction to None, run_after=None
[2026-09-17T08:17:40.065+0000] {processor.py:183} INFO - Processing /opt/airflow/dags/data_extracter_dag.py took 0.110 seconds
[2026-09-17T08:18:10.483+0000] {processor.py:161} INFO - Started process (PID=2459) to work on /opt/airflow/dags/data_extracter_dag.py
[2026-09-17T08:18:10.484+0000] {processor.py:830} INFO - Processing file /opt/airflow/dags/data_extracter_dag.py for tasks to queue
[2026-09-17T08:18:10.485+0000] {logging_mixin.py:188} INFO - [2026-09-17T08:18:10.485+0000] {dagbag.py:545} INFO - Filling up the DagBag from /opt/airflow/dags/data_extracter_dag.py
[2026-09-17T08:18:10.497+0000] {processor.py:840} INFO - DAG(s) 'data_extraction' retrieved from /opt/airflow/dags/data_extracter_dag.py
[2026-09-17T08:18:10.526+0000] {logging_mixin.py:188} INFO - [2026-09-17T08:18:10.526+0000] {dag.py:3096} INFO - Sync 1 DAGs
[2026-09-17T08:18:10.535+0000] {logging_mixin.py:188} INFO - [2026-09-17T08:18:10.535+0000] {dag.py:3954} INFO - Setting next_dagrun for data_extraction to None, run_after=None
[2026-09-17T08:18:10.551+0000] {processor.py:183} INFO - Processing /opt/airflow/dags/data_extracter_dag.py took 0.074 seconds
[2026-09-17T08:18:40.631+0000] {processor.py:161} INFO - Started process (PID=2461) to work on /opt/airflow/dags/data_extracter_dag.py
[2026-09-17T08:18:40.632+0000] {processor.py:830} INFO - Processing file /opt/airflow/dags/data_extracter_dag.py for tasks to queue
[2026-09-17T08:18:40.633+0000] {logging_mixin.py:188} INFO - [2026-09-17T08:18:40.633+0000] {dagbag.py:545} INFO - Filling up the DagBag from /opt/airflow/dags/data_extracter_dag.py
[2026-09-17T08:18:40.645+0000] {processor.py:840} INFO - DAG(s) 'data_extraction' retrieved from /opt/airflow/dags/data_extracter_dag.py
[2026-09-17T08:18:40.674+0000] {logging_mixin.py:188} INFO - [2026-09-17T08:18:40.674+0000] {dag.py:3096} INFO - Sync 1 DAGs
[2026-09-17T08:18:40.683+0000] {logging_mixin.py:188} INFO - [2026-09-17T08:18:40.683+0000] {dag.py:3954} INFO - Setting next_dagrun for data_extraction to None, run_after=None
[2026-09-17T08:18:40.698+0000] {processor.py:183} INFO - Processing /opt/airflow/dags/data_extracter_dag.py took 0.073 seconds
[2026-09-17T08:40:34.009+0000] {processor.py:161} INFO - Started process (PID=2469) to work on /opt/airflow/dags/data_extracter_dag.py
[2026-09-17T08:40:34.020+0000] {processor.py:830} INFO - Processing file /opt/airflow/dags/data_extracter_dag.py for tasks to queue
[2026-09-17T08:40:34.027+0000] {logging_mixin.py:188} INFO - [2026-09-17T08:40:34.020+0000] {dagbag.py:545} INFO - Filling up the DagBag from /opt/airflow/dags/data_extracter_dag.py
[2026-09-17T08:40:34.079+0000] {processor.py:840} INFO - DAG(s) 'data_extraction' retrieved from /opt/airflow/dags/data_extracter_dag.py
[2026-09-17T08:40:34.301+0000] {logging_mixin.py:188} INFO - [2026-09-17T08:40:34.300+0000] {dag.py:3096} INFO - Sync 1 DAGs
[2026-09-17T08:40:34.357+0000] {logging_mixin.py:188} INFO - [2026-09-17T08:40:34.356+0000] {dag.py:3954} INFO - Setting next_dagrun for data_extraction to None, run_after=None
[2026-09-17T08:40:34.403+0000] {processor.py:183} INFO - Processing /opt/airflow/dags/data_extracter_dag.py took 0.438 seconds
[2026-09-17T08:41:05.228+0000] {processor.py:161} INFO - Started process (PID=2477) to work on /opt/airflow/dags/data_extracter_dag.py
[2026-09-17T08:41:05.229+0000] {processor.py:830} INFO - Processing file /opt/airflow/dags/data_extracter_dag.py for tasks to queue
[2026-09-17T08:41:05.230+0000] {logging_mixin.py:188} INFO - [2026-09-17T08:41:05.230+0000] {dagbag.py:545} INFO - Filling up the DagBag from /opt/airflow/dags/data_extracter_dag.py
[2026-09-17T08:41:05.241+0000] {processor.py:840} INFO - DAG(s) 'data_extraction' retrieved from /opt/airflow/dags/data_extracter_dag.py
[2026-09-17T08:41:05.269+0000] {logging_mixin.py:188} INFO - [2026-09-17T08:41:05.268+0000] {dag.py:3096} INFO - Sync 1 DAGs
[2026-09-17T08:41:05.277+0000] {logging_mixin.py:188} INFO - [2026-09-17T08:41:05.277+0000] {dag.py:3954} INFO - Setting next_dagrun for data_extraction to None, run_after=None
[2026-09-17T08:41:05.299+0000] {processor.py:183} INFO - Processing /opt/airflow/dags/data_extracter_dag.py took 0.077 seconds
[2026-09-17T08:41:35.617+0000] {processor.py:161} INFO - Started process (PID=2485) to work on /opt/airflow/dags/data_extracter_dag.py
[2026-09-17T08:41:35.618+0000] {processor.py:830} INFO - Processing file /opt/airflow/dags/data_extracter_dag.py for tasks to queue
[2026-09-17T08:41:35.618+0000] {logging_mixin.py:188} INFO - [2026-09-17T08:41:35.618+0000] {dagbag.py:545} INFO - Filling up the DagBag from /opt/airflow/dags/data_extracter_dag.py
[2026-09-17T08:41:35.630+0000] {processor.py:840} INFO - DAG(s) 'data_extraction' retrieved from /opt/airflow/dags/data_extracter_dag.py
[2026-09-17T08:41:35.659+0000] {logging_mixin.py:188} INFO - [2026-09-17T08:41:35.659+0000] {dag.py:3096} INFO - Sync 1 DAGs
[2026-09-17T08:41:35.669+0000] {logging_mixin.py:188} INFO - [2026-09-17T08:41:35.669+0000] {dag.py:3954} INFO - Setting next_dagrun for data_extraction to None, run_after=None
[2026-09-17T08:41:35.689+0000] {processor.py:183} INFO - Processing /opt/airflow/dags/data_extracter_dag.py took 0.079 seconds
[2026-09-17T08:42:06.406+0000] {processor.py:161} INFO - Started process (PID=2493) to work on /opt/airflow/dags/data_extracter_dag.py
[2026-09-17T08:42:06.411+0000] {processor.py:830} INFO - Processing file /opt/airflow/dags/data_extracter_dag.py for tasks to queue
[2026-09-17T08:42:06.412+0000] {logging_mixin.py:188} INFO - [2026-09-17T08:42:06.412+0000] {dagbag.py:545} INFO - Filling up the DagBag from /opt/airflow/dags/data_extracter_dag.py
[2026-09-17T08:42:06.423+0000] {processor.py:840} INFO - DAG(s) 'data_extraction' retrieved from /opt/airflow/dags/data_extracter_dag.py
[2026-09-17T08:42:06.450+0000] {logging_mixin.py:188} INFO - [2026-09-17T08:42:06.450+0000] {dag.py:3096} INFO - Sync 1 DAGs
[2026-09-17T08:42:06.461+0000] {logging_mixin.py:188} INFO - [2026-09-17T08:42:06.460+0000] {dag.py:3954} INFO - Setting next_dagrun for data_extraction to None, run_after=None
[2026-09-17T08:42:06.477+0000] {processor.py:183} INFO - Processing /opt/airflow/dags/data_extracter_dag.py took 0.078 seconds
[2026-09-17T08:42:38.417+0000] {processor.py:161} INFO - Started process (PID=2502) to work on /opt/airflow/dags/data_extracter_dag.py
[2026-09-17T08:42:38.418+0000] {processor.py:830} INFO - Processing file /opt/airflow/dags/data_extracter_dag.py for tasks to queue
[2026-09-17T08:42:38.419+0000] {logging_mixin.py:188} INFO - [2026-09-17T08:42:38.419+0000] {dagbag.py:545} INFO - Filling up the DagBag from /opt/airflow/dags/data_extracter_dag.py
[2026-09-17T08:42:38.433+0000] {processor.py:840} INFO - DAG(s) 'data_extraction' retrieved from /opt/airflow/dags/data_extracter_dag.py
[2026-09-17T08:42:38.467+0000] {logging_mixin.py:188} INFO - [2026-09-17T08:42:38.466+0000] {dag.py:3096} INFO - Sync 1 DAGs
[2026-09-17T08:42:38.477+0000] {logging_mixin.py:188} INFO - [2026-09-17T08:42:38.477+0000] {dag.py:3954} INFO - Setting next_dagrun for data_extraction to None, run_after=None
[2026-09-17T08:42:38.496+0000] {processor.py:183} INFO - Processing /opt/airflow/dags/data_extracter_dag.py took 0.085 seconds
[2026-09-17T08:43:11.213+0000] {processor.py:161} INFO - Started process (PID=2510) to work on /opt/airflow/dags/data_extracter_dag.py
[2026-09-17T08:43:11.215+0000] {processor.py:830} INFO - Processing file /opt/airflow/dags/data_extracter_dag.py for tasks to queue
[2026-09-17T08:43:11.216+0000] {logging_mixin.py:188} INFO - [2026-09-17T08:43:11.216+0000] {dagbag.py:545} INFO - Filling up the DagBag from /opt/airflow/dags/data_extracter_dag.py
[2026-09-17T08:43:11.237+0000] {processor.py:840} INFO - DAG(s) 'data_extraction' retrieved from /opt/airflow/dags/data_extracter_dag.py
[2026-09-17T08:43:11.306+0000] {logging_mixin.py:188} INFO - [2026-09-17T08:43:11.305+0000] {dag.py:3096} INFO - Sync 1 DAGs
[2026-09-17T08:43:11.327+0000] {logging_mixin.py:188} INFO - [2026-09-17T08:43:11.327+0000] {dag.py:3954} INFO - Setting next_dagrun for data_extraction to None, run_after=None
[2026-09-17T08:43:11.363+0000] {processor.py:183} INFO - Processing /opt/airflow/dags/data_extracter_dag.py took 0.160 seconds
[2026-09-17T08:43:44.161+0000] {processor.py:161} INFO - Started process (PID=2518) to work on /opt/airflow/dags/data_extracter_dag.py
[2026-09-17T08:43:44.161+0000] {processor.py:830} INFO - Processing file /opt/airflow/dags/data_extracter_dag.py for tasks to queue
[2026-09-17T08:43:44.162+0000] {logging_mixin.py:188} INFO - [2026-09-17T08:43:44.162+0000] {dagbag.py:545} INFO - Filling up the DagBag from /opt/airflow/dags/data_extracter_dag.py
[2026-09-17T08:43:44.174+0000] {processor.py:840} INFO - DAG(s) 'data_extraction' retrieved from /opt/airflow/dags/data_extracter_dag.py
[2026-09-17T08:43:44.203+0000] {logging_mixin.py:188} INFO - [2026-09-17T08:43:44.202+0000] {dag.py:3096} INFO - Sync 1 DAGs
[2026-09-17T08:43:44.212+0000] {logging_mixin.py:188} INFO - [2026-09-17T08:43:44.212+0000] {dag.py:3954} INFO - Setting next_dagrun for data_extraction to None, run_after=None
[2026-09-17T08:43:44.228+0000] {processor.py:183} INFO - Processing /opt/airflow/dags/data_extracter_dag.py took 0.073 seconds
[2026-09-17T08:44:16.416+0000] {processor.py:161} INFO - Started process (PID=2526) to work on /opt/airflow/dags/data_extracter_dag.py
[2026-09-17T08:44:16.417+0000] {processor.py:830} INFO - Processing file /opt/airflow/dags/data_extracter_dag.py for tasks to queue
[2026-09-17T08:44:16.418+0000] {logging_mixin.py:188} INFO - [2026-09-17T08:44:16.418+0000] {dagbag.py:545} INFO - Filling up the DagBag from /opt/airflow/dags/data_extracter_dag.py
[2026-09-17T08:44:16.430+0000] {processor.py:840} INFO - DAG(s) 'data_extraction' retrieved from /opt/airflow/dags/data_extracter_dag.py
[2026-09-17T08:44:16.457+0000] {logging_mixin.py:188} INFO - [2026-09-17T08:44:16.456+0000] {dag.py:3096} INFO - Sync 1 DAGs
[2026-09-17T08:44:16.466+0000] {logging_mixin.py:188} INFO - [2026-09-17T08:44:16.466+0000] {dag.py:3954} INFO - Setting next_dagrun for data_extraction to None, run_after=None
[2026-09-17T08:44:16.481+0000] {processor.py:183} INFO - Processing /opt/airflow/dags/data_extracter_dag.py took 0.071 seconds
[2026-09-17T08:44:49.510+0000] {processor.py:161} INFO - Started process (PID=2534) to work on /opt/airflow/dags/data_extracter_dag.py
[2026-09-17T08:44:49.510+0000] {processor.py:830} INFO - Processing file /opt/airflow/dags/data_extracter_dag.py for tasks to queue
[2026-09-17T08:44:49.511+0000] {logging_mixin.py:188} INFO - [2026-09-17T08:44:49.511+0000] {dagbag.py:545} INFO - Filling up the DagBag from /opt/airflow/dags/data_extracter_dag.py
[2026-09-17T08:44:49.523+0000] {processor.py:840} INFO - DAG(s) 'data_extraction' retrieved from /opt/airflow/dags/data_extracter_dag.py
[2026-09-17T08:44:49.549+0000] {logging_mixin.py:188} INFO - [2026-09-17T08:44:49.549+0000] {dag.py:3096} INFO - Sync 1 DAGs
[2026-09-17T08:44:49.558+0000] {logging_mixin.py:188} INFO - [2026-09-17T08:44:49.557+0000] {dag.py:3954} INFO - Setting next_dagrun for data_extraction to None, run_after=None
[2026-09-17T08:44:49.573+0000] {processor.py:183} INFO - Processing /opt/airflow/dags/data_extracter_dag.py took 0.070 seconds
[2026-09-17T08:45:22.856+0000] {processor.py:161} INFO - Started process (PID=2542) to work on /opt/airflow/dags/data_extracter_dag.py
[2026-09-17T08:45:22.857+0000] {processor.py:830} INFO - Processing file /opt/airflow/dags/data_extracter_dag.py for tasks to queue
[2026-09-17T08:45:22.858+0000] {logging_mixin.py:188} INFO - [2026-09-17T08:45:22.858+0000] {dagbag.py:545} INFO - Filling up the DagBag from /opt/airflow/dags/data_extracter_dag.py
[2026-09-17T08:45:22.876+0000] {processor.py:840} INFO - DAG(s) 'data_extraction' retrieved from /opt/airflow/dags/data_extracter_dag.py
[2026-09-17T08:45:22.913+0000] {logging_mixin.py:188} INFO - [2026-09-17T08:45:22.913+0000] {dag.py:3096} INFO - Sync 1 DAGs
[2026-09-17T08:45:22.924+0000] {logging_mixin.py:188} INFO - [2026-09-17T08:45:22.923+0000] {dag.py:3954} INFO - Setting next_dagrun for data_extraction to None, run_after=None
[2026-09-17T08:45:22.945+0000] {processor.py:183} INFO - Processing /opt/airflow/dags/data_extracter_dag.py took 0.099 seconds
[2026-09-17T08:45:55.722+0000] {processor.py:161} INFO - Started process (PID=2550) to work on /opt/airflow/dags/data_extracter_dag.py
[2026-09-17T08:45:55.723+0000] {processor.py:830} INFO - Processing file /opt/airflow/dags/data_extracter_dag.py for tasks to queue
[2026-09-17T08:45:55.724+0000] {logging_mixin.py:188} INFO - [2026-09-17T08:45:55.724+0000] {dagbag.py:545} INFO - Filling up the DagBag from /opt/airflow/dags/data_extracter_dag.py
[2026-09-17T08:45:55.736+0000] {processor.py:840} INFO - DAG(s) 'data_extraction' retrieved from /opt/airflow/dags/data_extracter_dag.py
[2026-09-17T08:45:55.762+0000] {logging_mixin.py:188} INFO - [2026-09-17T08:45:55.762+0000] {dag.py:3096} INFO - Sync 1 DAGs
[2026-09-17T08:45:55.771+0000] {logging_mixin.py:188} INFO - [2026-09-17T08:45:55.771+0000] {dag.py:3954} INFO - Setting next_dagrun for data_extraction to None, run_after=None
[2026-09-17T08:45:55.787+0000] {processor.py:183} INFO - Processing /opt/airflow/dags/data_extracter_dag.py took 0.072 seconds
[2026-09-17T08:46:28.749+0000] {processor.py:161} INFO - Started process (PID=2558) to work on /opt/airflow/dags/data_extracter_dag.py
[2026-09-17T08:46:28.750+0000] {processor.py:830} INFO - Processing file /opt/airflow/dags/data_extracter_dag.py for tasks to queue
[2026-09-17T08:46:28.751+0000] {logging_mixin.py:188} INFO - [2026-09-17T08:46:28.751+0000] {dagbag.py:545} INFO - Filling up the DagBag from /opt/airflow/dags/data_extracter_dag.py
[2026-09-17T08:46:28.763+0000] {processor.py:840} INFO - DAG(s) 'data_extraction' retrieved from /opt/airflow/dags/data_extracter_dag.py
[2026-09-17T08:46:28.791+0000] {logging_mixin.py:188} INFO - [2026-09-17T08:46:28.791+0000] {dag.py:3096} INFO - Sync 1 DAGs
[2026-09-17T08:46:28.803+0000] {logging_mixin.py:188} INFO - [2026-09-17T08:46:28.803+0000] {dag.py:3954} INFO - Setting next_dagrun for data_extraction to None, run_after=None
[2026-09-17T08:46:28.819+0000] {processor.py:183} INFO - Processing /opt/airflow/dags/data_extracter_dag.py took 0.075 seconds
[2026-09-17T08:47:00.890+0000] {processor.py:161} INFO - Started process (PID=2566) to work on /opt/airflow/dags/data_extracter_dag.py
[2026-09-17T08:47:00.891+0000] {processor.py:830} INFO - Processing file /opt/airflow/dags/data_extracter_dag.py for tasks to queue
[2026-09-17T08:47:00.892+0000] {logging_mixin.py:188} INFO - [2026-09-17T08:47:00.892+0000] {dagbag.py:545} INFO - Filling up the DagBag from /opt/airflow/dags/data_extracter_dag.py
[2026-09-17T08:47:00.903+0000] {processor.py:840} INFO - DAG(s) 'data_extraction' retrieved from /opt/airflow/dags/data_extracter_dag.py
[2026-09-17T08:47:00.930+0000] {logging_mixin.py:188} INFO - [2026-09-17T08:47:00.930+0000] {dag.py:3096} INFO - Sync 1 DAGs
[2026-09-17T08:47:00.939+0000] {logging_mixin.py:188} INFO - [2026-09-17T08:47:00.938+0000] {dag.py:3954} INFO - Setting next_dagrun for data_extraction to None, run_after=None
[2026-09-17T08:47:00.955+0000] {processor.py:183} INFO - Processing /opt/airflow/dags/data_extracter_dag.py took 0.070 seconds
[2026-09-17T08:47:33.890+0000] {processor.py:161} INFO - Started process (PID=2574) to work on /opt/airflow/dags/data_extracter_dag.py
[2026-09-17T08:47:33.891+0000] {processor.py:830} INFO - Processing file /opt/airflow/dags/data_extracter_dag.py for tasks to queue
[2026-09-17T08:47:33.892+0000] {logging_mixin.py:188} INFO - [2026-09-17T08:47:33.891+0000] {dagbag.py:545} INFO - Filling up the DagBag from /opt/airflow/dags/data_extracter_dag.py
[2026-09-17T08:47:33.903+0000] {processor.py:840} INFO - DAG(s) 'data_extraction' retrieved from /opt/airflow/dags/data_extracter_dag.py
[2026-09-17T08:47:33.932+0000] {logging_mixin.py:188} INFO - [2026-09-17T08:47:33.932+0000] {dag.py:3096} INFO - Sync 1 DAGs
[2026-09-17T08:47:33.941+0000] {logging_mixin.py:188} INFO - [2026-09-17T08:47:33.940+0000] {dag.py:3954} INFO - Setting next_dagrun for data_extraction to None, run_after=None
[2026-09-17T08:47:33.956+0000] {processor.py:183} INFO - Processing /opt/airflow/dags/data_extracter_dag.py took 0.072 seconds
[2026-09-17T08:48:06.886+0000] {processor.py:161} INFO - Started process (PID=2582) to work on /opt/airflow/dags/data_extracter_dag.py
[2026-09-17T08:48:06.886+0000] {processor.py:830} INFO - Processing file /opt/airflow/dags/data_extracter_dag.py for tasks to queue
[2026-09-17T08:48:06.887+0000] {logging_mixin.py:188} INFO - [2026-09-17T08:48:06.887+0000] {dagbag.py:545} INFO - Filling up the DagBag from /opt/airflow/dags/data_extracter_dag.py
[2026-09-17T08:48:06.899+0000] {processor.py:840} INFO - DAG(s) 'data_extraction' retrieved from /opt/airflow/dags/data_extracter_dag.py
[2026-09-17T08:48:06.925+0000] {logging_mixin.py:188} INFO - [2026-09-17T08:48:06.925+0000] {dag.py:3096} INFO - Sync 1 DAGs
[2026-09-17T08:48:06.934+0000] {logging_mixin.py:188} INFO - [2026-09-17T08:48:06.934+0000] {dag.py:3954} INFO - Setting next_dagrun for data_extraction to None, run_after=None
[2026-09-17T08:48:06.949+0000] {processor.py:183} INFO - Processing /opt/airflow/dags/data_extracter_dag.py took 0.069 seconds
[2026-09-17T08:48:39.988+0000] {processor.py:161} INFO - Started process (PID=2590) to work on /opt/airflow/dags/data_extracter_dag.py
[2026-09-17T08:48:39.989+0000] {processor.py:830} INFO - Processing file /opt/airflow/dags/data_extracter_dag.py for tasks to queue
[2026-09-17T08:48:39.990+0000] {logging_mixin.py:188} INFO - [2026-09-17T08:48:39.990+0000] {dagbag.py:545} INFO - Filling up the DagBag from /opt/airflow/dags/data_extracter_dag.py
[2026-09-17T08:48:40.003+0000] {processor.py:840} INFO - DAG(s) 'data_extraction' retrieved from /opt/airflow/dags/data_extracter_dag.py
[2026-09-17T08:48:40.031+0000] {logging_mixin.py:188} INFO - [2026-09-17T08:48:40.031+0000] {dag.py:3096} INFO - Sync 1 DAGs
[2026-09-17T08:48:40.040+0000] {logging_mixin.py:188} INFO - [2026-09-17T08:48:40.039+0000] {dag.py:3954} INFO - Setting next_dagrun for data_extraction to None, run_after=None
[2026-09-17T08:48:40.056+0000] {processor.py:183} INFO - Processing /opt/airflow/dags/data_extracter_dag.py took 0.074 seconds
[2026-09-17T08:49:12.125+0000] {processor.py:161} INFO - Started process (PID=2598) to work on /opt/airflow/dags/data_extracter_dag.py
[2026-09-17T08:49:12.126+0000] {processor.py:830} INFO - Processing file /opt/airflow/dags/data_extracter_dag.py for tasks to queue
[2026-09-17T08:49:12.127+0000] {logging_mixin.py:188} INFO - [2026-09-17T08:49:12.126+0000] {dagbag.py:545} INFO - Filling up the DagBag from /opt/airflow/dags/data_extracter_dag.py
[2026-09-17T08:49:12.139+0000] {processor.py:840} INFO - DAG(s) 'data_extraction' retrieved from /opt/airflow/dags/data_extracter_dag.py
[2026-09-17T08:49:12.167+0000] {logging_mixin.py:188} INFO - [2026-09-17T08:49:12.167+0000] {dag.py:3096} INFO - Sync 1 DAGs
[2026-09-17T08:49:12.177+0000] {logging_mixin.py:188} INFO - [2026-09-17T08:49:12.176+0000] {dag.py:3954} INFO - Setting next_dagrun for data_extraction to None, run_after=None
[2026-09-17T08:49:12.192+0000] {processor.py:183} INFO - Processing /opt/airflow/dags/data_extracter_dag.py took 0.073 seconds
[2026-09-17T08:49:45.167+0000] {processor.py:161} INFO - Started process (PID=2606) to work on /opt/airflow/dags/data_extracter_dag.py
[2026-09-17T08:49:45.168+0000] {processor.py:830} INFO - Processing file /opt/airflow/dags/data_extracter_dag.py for tasks to queue
[2026-09-17T08:49:45.169+0000] {logging_mixin.py:188} INFO - [2026-09-17T08:49:45.169+0000] {dagbag.py:545} INFO - Filling up the DagBag from /opt/airflow/dags/data_extracter_dag.py
[2026-09-17T08:49:45.181+0000] {processor.py:840} INFO - DAG(s) 'data_extraction' retrieved from /opt/airflow/dags/data_extracter_dag.py
[2026-09-17T08:49:45.207+0000] {logging_mixin.py:188} INFO - [2026-09-17T08:49:45.207+0000] {dag.py:3096} INFO - Sync 1 DAGs
[2026-09-17T08:49:45.216+0000] {logging_mixin.py:188} INFO - [2026-09-17T08:49:45.215+0000] {dag.py:3954} INFO - Setting next_dagrun for data_extraction to None, run_after=None
[2026-09-17T08:49:45.231+0000] {processor.py:183} INFO - Processing /opt/airflow/dags/data_extracter_dag.py took 0.070 seconds
[2026-09-17T08:50:18.210+0000] {processor.py:161} INFO - Started process (PID=2614) to work on /opt/airflow/dags/data_extracter_dag.py
[2026-09-17T08:50:18.211+0000] {processor.py:830} INFO - Processing file /opt/airflow/dags/data_extracter_dag.py for tasks to queue
[2026-09-17T08:50:18.211+0000] {logging_mixin.py:188} INFO - [2026-09-17T08:50:18.211+0000] {dagbag.py:545} INFO - Filling up the DagBag from /opt/airflow/dags/data_extracter_dag.py
[2026-09-17T08:50:18.223+0000] {processor.py:840} INFO - DAG(s) 'data_extraction' retrieved from /opt/airflow/dags/data_extracter_dag.py
[2026-09-17T08:50:18.250+0000] {logging_mixin.py:188} INFO - [2026-09-17T08:50:18.250+0000] {dag.py:3096} INFO - Sync 1 DAGs
[2026-09-17T08:50:18.259+0000] {logging_mixin.py:188} INFO - [2026-09-17T08:50:18.259+0000] {dag.py:3954} INFO - Setting next_dagrun for data_extraction to None, run_after=None
[2026-09-17T08:50:18.275+0000] {processor.py:183} INFO - Processing /opt/airflow/dags/data_extracter_dag.py took 0.073 seconds
[2026-09-17T08:50:51.423+0000] {processor.py:161} INFO - Started process (PID=2622) to work on /opt/airflow/dags/data_extracter_dag.py
[2026-09-17T08:50:51.424+0000] {processor.py:830} INFO - Processing file /opt/airflow/dags/data_extracter_dag.py for tasks to queue
[2026-09-17T08:50:51.425+0000] {logging_mixin.py:188} INFO - [2026-09-17T08:50:51.425+0000] {dagbag.py:545} INFO - Filling up the DagBag from /opt/airflow/dags/data_extracter_dag.py
[2026-09-17T08:50:51.440+0000] {processor.py:840} INFO - DAG(s) 'data_extraction' retrieved from /opt/airflow/dags/data_extracter_dag.py
[2026-09-17T08:50:51.475+0000] {logging_mixin.py:188} INFO - [2026-09-17T08:50:51.475+0000] {dag.py:3096} INFO - Sync 1 DAGs
[2026-09-17T08:50:51.487+0000] {logging_mixin.py:188} INFO - [2026-09-17T08:50:51.486+0000] {dag.py:3954} INFO - Setting next_dagrun for data_extraction to None, run_after=None
[2026-09-17T08:50:51.504+0000] {processor.py:183} INFO - Processing /opt/airflow/dags/data_extracter_dag.py took 0.089 seconds
[2026-09-17T08:51:24.599+0000] {processor.py:161} INFO - Started process (PID=2630) to work on /opt/airflow/dags/data_extracter_dag.py
[2026-09-17T08:51:24.601+0000] {processor.py:830} INFO - Processing file /opt/airflow/dags/data_extracter_dag.py for tasks to queue
[2026-09-17T08:51:24.602+0000] {logging_mixin.py:188} INFO - [2026-09-17T08:51:24.601+0000] {dagbag.py:545} INFO - Filling up the DagBag from /opt/airflow/dags/data_extracter_dag.py
[2026-09-17T08:51:24.615+0000] {processor.py:840} INFO - DAG(s) 'data_extraction' retrieved from /opt/airflow/dags/data_extracter_dag.py
[2026-09-17T08:51:24.648+0000] {logging_mixin.py:188} INFO - [2026-09-17T08:51:24.648+0000] {dag.py:3096} INFO - Sync 1 DAGs
[2026-09-17T08:51:24.661+0000] {logging_mixin.py:188} INFO - [2026-09-17T08:51:24.660+0000] {dag.py:3954} INFO - Setting next_dagrun for data_extraction to None, run_after=None
[2026-09-17T08:51:24.679+0000] {processor.py:183} INFO - Processing /opt/airflow/dags/data_extracter_dag.py took 0.087 seconds
[2026-09-17T08:51:56.674+0000] {processor.py:161} INFO - Started process (PID=2638) to work on /opt/airflow/dags/data_extracter_dag.py
[2026-09-17T08:51:56.675+0000] {processor.py:830} INFO - Processing file /opt/airflow/dags/data_extracter_dag.py for tasks to queue
[2026-09-17T08:51:56.676+0000] {logging_mixin.py:188} INFO - [2026-09-17T08:51:56.675+0000] {dagbag.py:545} INFO - Filling up the DagBag from /opt/airflow/dags/data_extracter_dag.py
[2026-09-17T08:51:56.688+0000] {processor.py:840} INFO - DAG(s) 'data_extraction' retrieved from /opt/airflow/dags/data_extracter_dag.py
[2026-09-17T08:51:56.717+0000] {logging_mixin.py:188} INFO - [2026-09-17T08:51:56.717+0000] {dag.py:3096} INFO - Sync 1 DAGs
[2026-09-17T08:51:56.726+0000] {logging_mixin.py:188} INFO - [2026-09-17T08:51:56.726+0000] {dag.py:3954} INFO - Setting next_dagrun for data_extraction to None, run_after=None
[2026-09-17T08:51:56.742+0000] {processor.py:183} INFO - Processing /opt/airflow/dags/data_extracter_dag.py took 0.074 seconds
[2026-09-17T08:52:29.745+0000] {processor.py:161} INFO - Started process (PID=2646) to work on /opt/airflow/dags/data_extracter_dag.py
[2026-09-17T08:52:29.746+0000] {processor.py:830} INFO - Processing file /opt/airflow/dags/data_extracter_dag.py for tasks to queue
[2026-09-17T08:52:29.747+0000] {logging_mixin.py:188} INFO - [2026-09-17T08:52:29.746+0000] {dagbag.py:545} INFO - Filling up the DagBag from /opt/airflow/dags/data_extracter_dag.py
[2026-09-17T08:52:29.758+0000] {processor.py:840} INFO - DAG(s) 'data_extraction' retrieved from /opt/airflow/dags/data_extracter_dag.py
[2026-09-17T08:52:29.785+0000] {logging_mixin.py:188} INFO - [2026-09-17T08:52:29.785+0000] {dag.py:3096} INFO - Sync 1 DAGs
[2026-09-17T08:52:29.795+0000] {logging_mixin.py:188} INFO - [2026-09-17T08:52:29.794+0000] {dag.py:3954} INFO - Setting next_dagrun for data_extraction to None, run_after=None
[2026-09-17T08:52:29.809+0000] {processor.py:183} INFO - Processing /opt/airflow/dags/data_extracter_dag.py took 0.070 seconds
[2026-09-17T08:53:02.856+0000] {processor.py:161} INFO - Started process (PID=2654) to work on /opt/airflow/dags/data_extracter_dag.py
[2026-09-17T08:53:02.857+0000] {processor.py:830} INFO - Processing file /opt/airflow/dags/data_extracter_dag.py for tasks to queue
[2026-09-17T08:53:02.858+0000] {logging_mixin.py:188} INFO - [2026-09-17T08:53:02.858+0000] {dagbag.py:545} INFO - Filling up the DagBag from /opt/airflow/dags/data_extracter_dag.py
[2026-09-17T08:53:02.869+0000] {processor.py:840} INFO - DAG(s) 'data_extraction' retrieved from /opt/airflow/dags/data_extracter_dag.py
[2026-09-17T08:53:02.897+0000] {logging_mixin.py:188} INFO - [2026-09-17T08:53:02.897+0000] {dag.py:3096} INFO - Sync 1 DAGs
[2026-09-17T08:53:02.907+0000] {logging_mixin.py:188} INFO - [2026-09-17T08:53:02.906+0000] {dag.py:3954} INFO - Setting next_dagrun for data_extraction to None, run_after=None
[2026-09-17T08:53:02.922+0000] {processor.py:183} INFO - Processing /opt/airflow/dags/data_extracter_dag.py took 0.071 seconds
[2026-09-17T08:53:36.027+0000] {processor.py:161} INFO - Started process (PID=2662) to work on /opt/airflow/dags/data_extracter_dag.py
[2026-09-17T08:53:36.027+0000] {processor.py:830} INFO - Processing file /opt/airflow/dags/data_extracter_dag.py for tasks to queue
[2026-09-17T08:53:36.028+0000] {logging_mixin.py:188} INFO - [2026-09-17T08:53:36.028+0000] {dagbag.py:545} INFO - Filling up the DagBag from /opt/airflow/dags/data_extracter_dag.py
[2026-09-17T08:53:36.043+0000] {processor.py:840} INFO - DAG(s) 'data_extraction' retrieved from /opt/airflow/dags/data_extracter_dag.py
[2026-09-17T08:53:36.074+0000] {logging_mixin.py:188} INFO - [2026-09-17T08:53:36.073+0000] {dag.py:3096} INFO - Sync 1 DAGs
[2026-09-17T08:53:36.083+0000] {logging_mixin.py:188} INFO - [2026-09-17T08:53:36.082+0000] {dag.py:3954} INFO - Setting next_dagrun for data_extraction to None, run_after=None
[2026-09-17T08:53:36.099+0000] {processor.py:183} INFO - Processing /opt/airflow/dags/data_extracter_dag.py took 0.079 seconds
[2026-09-17T08:54:09.182+0000] {processor.py:161} INFO - Started process (PID=2670) to work on /opt/airflow/dags/data_extracter_dag.py
[2026-09-17T08:54:09.183+0000] {processor.py:830} INFO - Processing file /opt/airflow/dags/data_extracter_dag.py for tasks to queue
[2026-09-17T08:54:09.184+0000] {logging_mixin.py:188} INFO - [2026-09-17T08:54:09.184+0000] {dagbag.py:545} INFO - Filling up the DagBag from /opt/airflow/dags/data_extracter_dag.py
[2026-09-17T08:54:09.206+0000] {processor.py:840} INFO - DAG(s) 'data_extraction' retrieved from /opt/airflow/dags/data_extracter_dag.py
[2026-09-17T08:54:09.278+0000] {logging_mixin.py:188} INFO - [2026-09-17T08:54:09.277+0000] {dag.py:3096} INFO - Sync 1 DAGs
[2026-09-17T08:54:09.300+0000] {logging_mixin.py:188} INFO - [2026-09-17T08:54:09.298+0000] {dag.py:3954} INFO - Setting next_dagrun for data_extraction to None, run_after=None
[2026-09-17T08:54:09.326+0000] {processor.py:183} INFO - Processing /opt/airflow/dags/data_extracter_dag.py took 0.151 seconds
[2026-09-17T08:54:41.515+0000] {processor.py:161} INFO - Started process (PID=2678) to work on /opt/airflow/dags/data_extracter_dag.py
[2026-09-17T08:54:41.516+0000] {processor.py:830} INFO - Processing file /opt/airflow/dags/data_extracter_dag.py for tasks to queue
[2026-09-17T08:54:41.517+0000] {logging_mixin.py:188} INFO - [2026-09-17T08:54:41.517+0000] {dagbag.py:545} INFO - Filling up the DagBag from /opt/airflow/dags/data_extracter_dag.py
[2026-09-17T08:54:41.531+0000] {processor.py:840} INFO - DAG(s) 'data_extraction' retrieved from /opt/airflow/dags/data_extracter_dag.py
[2026-09-17T08:54:41.562+0000] {logging_mixin.py:188} INFO - [2026-09-17T08:54:41.562+0000] {dag.py:3096} INFO - Sync 1 DAGs
[2026-09-17T08:54:41.573+0000] {logging_mixin.py:188} INFO - [2026-09-17T08:54:41.573+0000] {dag.py:3954} INFO - Setting next_dagrun for data_extraction to None, run_after=None
[2026-09-17T08:54:41.593+0000] {processor.py:183} INFO - Processing /opt/airflow/dags/data_extracter_dag.py took 0.086 seconds
[2026-09-17T08:55:14.542+0000] {processor.py:161} INFO - Started process (PID=2686) to work on /opt/airflow/dags/data_extracter_dag.py
[2026-09-17T08:55:14.544+0000] {processor.py:830} INFO - Processing file /opt/airflow/dags/data_extracter_dag.py for tasks to queue
[2026-09-17T08:55:14.544+0000] {logging_mixin.py:188} INFO - [2026-09-17T08:55:14.544+0000] {dagbag.py:545} INFO - Filling up the DagBag from /opt/airflow/dags/data_extracter_dag.py
[2026-09-17T08:55:14.558+0000] {processor.py:840} INFO - DAG(s) 'data_extraction' retrieved from /opt/airflow/dags/data_extracter_dag.py
[2026-09-17T08:55:14.589+0000] {logging_mixin.py:188} INFO - [2026-09-17T08:55:14.589+0000] {dag.py:3096} INFO - Sync 1 DAGs
[2026-09-17T08:55:14.600+0000] {logging_mixin.py:188} INFO - [2026-09-17T08:55:14.600+0000] {dag.py:3954} INFO - Setting next_dagrun for data_extraction to None, run_after=None
[2026-09-17T08:55:14.624+0000] {processor.py:183} INFO - Processing /opt/airflow/dags/data_extracter_dag.py took 0.089 seconds
[2026-09-17T08:55:47.770+0000] {processor.py:161} INFO - Started process (PID=2694) to work on /opt/airflow/dags/data_extracter_dag.py
[2026-09-17T08:55:47.771+0000] {processor.py:830} INFO - Processing file /opt/airflow/dags/data_extracter_dag.py for tasks to queue
[2026-09-17T08:55:47.772+0000] {logging_mixin.py:188} INFO - [2026-09-17T08:55:47.772+0000] {dagbag.py:545} INFO - Filling up the DagBag from /opt/airflow/dags/data_extracter_dag.py
[2026-09-17T08:55:47.792+0000] {processor.py:840} INFO - DAG(s) 'data_extraction' retrieved from /opt/airflow/dags/data_extracter_dag.py
[2026-09-17T08:55:47.826+0000] {logging_mixin.py:188} INFO - [2026-09-17T08:55:47.826+0000] {dag.py:3096} INFO - Sync 1 DAGs
[2026-09-17T08:55:47.840+0000] {logging_mixin.py:188} INFO - [2026-09-17T08:55:47.840+0000] {dag.py:3954} INFO - Setting next_dagrun for data_extraction to None, run_after=None
[2026-09-17T08:55:47.863+0000] {processor.py:183} INFO - Processing /opt/airflow/dags/data_extracter_dag.py took 0.102 seconds
[2026-09-17T08:56:20.961+0000] {processor.py:161} INFO - Started process (PID=2702) to work on /opt/airflow/dags/data_extracter_dag.py
[2026-09-17T08:56:20.962+0000] {processor.py:830} INFO - Processing file /opt/airflow/dags/data_extracter_dag.py for tasks to queue
[2026-09-17T08:56:20.963+0000] {logging_mixin.py:188} INFO - [2026-09-17T08:56:20.963+0000] {dagbag.py:545} INFO - Filling up the DagBag from /opt/airflow/dags/data_extracter_dag.py
[2026-09-17T08:56:20.980+0000] {processor.py:840} INFO - DAG(s) 'data_extraction' retrieved from /opt/airflow/dags/data_extracter_dag.py
[2026-09-17T08:56:21.010+0000] {logging_mixin.py:188} INFO - [2026-09-17T08:56:21.010+0000] {dag.py:3096} INFO - Sync 1 DAGs
[2026-09-17T08:56:21.019+0000] {logging_mixin.py:188} INFO - [2026-09-17T08:56:21.019+0000] {dag.py:3954} INFO - Setting next_dagrun for data_extraction to None, run_after=None
[2026-09-17T08:56:21.038+0000] {processor.py:183} INFO - Processing /opt/airflow/dags/data_extracter_dag.py took 0.083 seconds
[2026-09-17T08:56:53.078+0000] {processor.py:161} INFO - Started process (PID=2710) to work on /opt/airflow/dags/data_extracter_dag.py
[2026-09-17T08:56:53.079+0000] {processor.py:830} INFO - Processing file /opt/airflow/dags/data_extracter_dag.py for tasks to queue
[2026-09-17T08:56:53.081+0000] {logging_mixin.py:188} INFO - [2026-09-17T08:56:53.080+0000] {dagbag.py:545} INFO - Filling up the DagBag from /opt/airflow/dags/data_extracter_dag.py
[2026-09-17T08:56:53.094+0000] {processor.py:840} INFO - DAG(s) 'data_extraction' retrieved from /opt/airflow/dags/data_extracter_dag.py
[2026-09-17T08:56:53.121+0000] {logging_mixin.py:188} INFO - [2026-09-17T08:56:53.121+0000] {dag.py:3096} INFO - Sync 1 DAGs
[2026-09-17T08:56:53.130+0000] {logging_mixin.py:188} INFO - [2026-09-17T08:56:53.130+0000] {dag.py:3954} INFO - Setting next_dagrun for data_extraction to None, run_after=None
[2026-09-17T08:56:53.146+0000] {processor.py:183} INFO - Processing /opt/airflow/dags/data_extracter_dag.py took 0.076 seconds
[2026-09-17T08:57:26.255+0000] {processor.py:161} INFO - Started process (PID=2718) to work on /opt/airflow/dags/data_extracter_dag.py
[2026-09-17T08:57:26.257+0000] {processor.py:830} INFO - Processing file /opt/airflow/dags/data_extracter_dag.py for tasks to queue
[2026-09-17T08:57:26.258+0000] {logging_mixin.py:188} INFO - [2026-09-17T08:57:26.257+0000] {dagbag.py:545} INFO - Filling up the DagBag from /opt/airflow/dags/data_extracter_dag.py
[2026-09-17T08:57:26.275+0000] {processor.py:840} INFO - DAG(s) 'data_extraction' retrieved from /opt/airflow/dags/data_extracter_dag.py
[2026-09-17T08:57:26.305+0000] {logging_mixin.py:188} INFO - [2026-09-17T08:57:26.304+0000] {dag.py:3096} INFO - Sync 1 DAGs
[2026-09-17T08:57:26.314+0000] {logging_mixin.py:188} INFO - [2026-09-17T08:57:26.314+0000] {dag.py:3954} INFO - Setting next_dagrun for data_extraction to None, run_after=None
[2026-09-17T08:57:26.330+0000] {processor.py:183} INFO - Processing /opt/airflow/dags/data_extracter_dag.py took 0.084 seconds
[2026-09-17T08:57:59.725+0000] {processor.py:161} INFO - Started process (PID=2727) to work on /opt/airflow/dags/data_extracter_dag.py
[2026-09-17T08:57:59.726+0000] {processor.py:830} INFO - Processing file /opt/airflow/dags/data_extracter_dag.py for tasks to queue
[2026-09-17T08:57:59.727+0000] {logging_mixin.py:188} INFO - [2026-09-17T08:57:59.727+0000] {dagbag.py:545} INFO - Filling up the DagBag from /opt/airflow/dags/data_extracter_dag.py
[2026-09-17T08:57:59.738+0000] {processor.py:840} INFO - DAG(s) 'data_extraction' retrieved from /opt/airflow/dags/data_extracter_dag.py
[2026-09-17T08:57:59.768+0000] {logging_mixin.py:188} INFO - [2026-09-17T08:57:59.768+0000] {dag.py:3096} INFO - Sync 1 DAGs
[2026-09-17T08:57:59.779+0000] {logging_mixin.py:188} INFO - [2026-09-17T08:57:59.778+0000] {dag.py:3954} INFO - Setting next_dagrun for data_extraction to None, run_after=None
[2026-09-17T08:57:59.795+0000] {processor.py:183} INFO - Processing /opt/airflow/dags/data_extracter_dag.py took 0.076 seconds
[2026-09-17T08:58:32.032+0000] {processor.py:161} INFO - Started process (PID=2735) to work on /opt/airflow/dags/data_extracter_dag.py
[2026-09-17T08:58:32.037+0000] {processor.py:830} INFO - Processing file /opt/airflow/dags/data_extracter_dag.py for tasks to queue
[2026-09-17T08:58:32.038+0000] {logging_mixin.py:188} INFO - [2026-09-17T08:58:32.038+0000] {dagbag.py:545} INFO - Filling up the DagBag from /opt/airflow/dags/data_extracter_dag.py
[2026-09-17T08:58:32.049+0000] {processor.py:840} INFO - DAG(s) 'data_extraction' retrieved from /opt/airflow/dags/data_extracter_dag.py
[2026-09-17T08:58:32.076+0000] {logging_mixin.py:188} INFO - [2026-09-17T08:58:32.075+0000] {dag.py:3096} INFO - Sync 1 DAGs
[2026-09-17T08:58:32.084+0000] {logging_mixin.py:188} INFO - [2026-09-17T08:58:32.084+0000] {dag.py:3954} INFO - Setting next_dagrun for data_extraction to None, run_after=None
[2026-09-17T08:58:32.103+0000] {processor.py:183} INFO - Processing /opt/airflow/dags/data_extracter_dag.py took 0.077 seconds
[2026-09-17T08:59:05.184+0000] {processor.py:161} INFO - Started process (PID=2744) to work on /opt/airflow/dags/data_extracter_dag.py
[2026-09-17T08:59:05.185+0000] {processor.py:830} INFO - Processing file /opt/airflow/dags/data_extracter_dag.py for tasks to queue
[2026-09-17T08:59:05.186+0000] {logging_mixin.py:188} INFO - [2026-09-17T08:59:05.186+0000] {dagbag.py:545} INFO - Filling up the DagBag from /opt/airflow/dags/data_extracter_dag.py
[2026-09-17T08:59:05.202+0000] {processor.py:840} INFO - DAG(s) 'data_extraction' retrieved from /opt/airflow/dags/data_extracter_dag.py
[2026-09-17T08:59:05.241+0000] {logging_mixin.py:188} INFO - [2026-09-17T08:59:05.241+0000] {dag.py:3096} INFO - Sync 1 DAGs
[2026-09-17T08:59:05.255+0000] {logging_mixin.py:188} INFO - [2026-09-17T08:59:05.255+0000] {dag.py:3954} INFO - Setting next_dagrun for data_extraction to None, run_after=None
[2026-09-17T08:59:05.280+0000] {processor.py:183} INFO - Processing /opt/airflow/dags/data_extracter_dag.py took 0.104 seconds
[2026-09-17T08:59:38.434+0000] {processor.py:161} INFO - Started process (PID=2754) to work on /opt/airflow/dags/data_extracter_dag.py
[2026-09-17T08:59:38.439+0000] {processor.py:830} INFO - Processing file /opt/airflow/dags/data_extracter_dag.py for tasks to queue
[2026-09-17T08:59:38.440+0000] {logging_mixin.py:188} INFO - [2026-09-17T08:59:38.439+0000] {dagbag.py:545} INFO - Filling up the DagBag from /opt/airflow/dags/data_extracter_dag.py
[2026-09-17T08:59:38.451+0000] {processor.py:840} INFO - DAG(s) 'data_extraction' retrieved from /opt/airflow/dags/data_extracter_dag.py
[2026-09-17T08:59:38.480+0000] {logging_mixin.py:188} INFO - [2026-09-17T08:59:38.480+0000] {dag.py:3096} INFO - Sync 1 DAGs
[2026-09-17T08:59:38.490+0000] {logging_mixin.py:188} INFO - [2026-09-17T08:59:38.490+0000] {dag.py:3954} INFO - Setting next_dagrun for data_extraction to None, run_after=None
[2026-09-17T08:59:38.510+0000] {processor.py:183} INFO - Processing /opt/airflow/dags/data_extracter_dag.py took 0.082 seconds
[2026-09-17T09:00:11.001+0000] {processor.py:161} INFO - Started process (PID=2768) to work on /opt/airflow/dags/data_extracter_dag.py
[2026-09-17T09:00:11.003+0000] {processor.py:830} INFO - Processing file /opt/airflow/dags/data_extracter_dag.py for tasks to queue
[2026-09-17T09:00:11.003+0000] {logging_mixin.py:188} INFO - [2026-09-17T09:00:11.003+0000] {dagbag.py:545} INFO - Filling up the DagBag from /opt/airflow/dags/data_extracter_dag.py
[2026-09-17T09:00:11.014+0000] {processor.py:840} INFO - DAG(s) 'data_extraction' retrieved from /opt/airflow/dags/data_extracter_dag.py
[2026-09-17T09:00:11.040+0000] {logging_mixin.py:188} INFO - [2026-09-17T09:00:11.040+0000] {dag.py:3096} INFO - Sync 1 DAGs
[2026-09-17T09:00:11.051+0000] {logging_mixin.py:188} INFO - [2026-09-17T09:00:11.051+0000] {dag.py:3954} INFO - Setting next_dagrun for data_extraction to None, run_after=None
[2026-09-17T09:00:11.071+0000] {processor.py:183} INFO - Processing /opt/airflow/dags/data_extracter_dag.py took 0.075 seconds
[2026-09-17T09:00:44.293+0000] {processor.py:161} INFO - Started process (PID=2780) to work on /opt/airflow/dags/data_extracter_dag.py
[2026-09-17T09:00:44.296+0000] {processor.py:830} INFO - Processing file /opt/airflow/dags/data_extracter_dag.py for tasks to queue
[2026-09-17T09:00:44.297+0000] {logging_mixin.py:188} INFO - [2026-09-17T09:00:44.297+0000] {dagbag.py:545} INFO - Filling up the DagBag from /opt/airflow/dags/data_extracter_dag.py
[2026-09-17T09:00:44.317+0000] {processor.py:840} INFO - DAG(s) 'data_extraction' retrieved from /opt/airflow/dags/data_extracter_dag.py
[2026-09-17T09:00:44.353+0000] {logging_mixin.py:188} INFO - [2026-09-17T09:00:44.353+0000] {dag.py:3096} INFO - Sync 1 DAGs
[2026-09-17T09:00:44.365+0000] {logging_mixin.py:188} INFO - [2026-09-17T09:00:44.364+0000] {dag.py:3954} INFO - Setting next_dagrun for data_extraction to None, run_after=None
[2026-09-17T09:00:44.385+0000] {processor.py:183} INFO - Processing /opt/airflow/dags/data_extracter_dag.py took 0.099 seconds
[2026-09-17T09:01:17.592+0000] {processor.py:161} INFO - Started process (PID=2790) to work on /opt/airflow/dags/data_extracter_dag.py
[2026-09-17T09:01:17.593+0000] {processor.py:830} INFO - Processing file /opt/airflow/dags/data_extracter_dag.py for tasks to queue
[2026-09-17T09:01:17.594+0000] {logging_mixin.py:188} INFO - [2026-09-17T09:01:17.593+0000] {dagbag.py:545} INFO - Filling up the DagBag from /opt/airflow/dags/data_extracter_dag.py
[2026-09-17T09:01:17.607+0000] {processor.py:840} INFO - DAG(s) 'data_extraction' retrieved from /opt/airflow/dags/data_extracter_dag.py
[2026-09-17T09:01:17.643+0000] {logging_mixin.py:188} INFO - [2026-09-17T09:01:17.642+0000] {dag.py:3096} INFO - Sync 1 DAGs
[2026-09-17T09:01:17.654+0000] {logging_mixin.py:188} INFO - [2026-09-17T09:01:17.654+0000] {dag.py:3954} INFO - Setting next_dagrun for data_extraction to None, run_after=None
[2026-09-17T09:01:17.674+0000] {processor.py:183} INFO - Processing /opt/airflow/dags/data_extracter_dag.py took 0.089 seconds
[2026-09-17T09:01:49.856+0000] {processor.py:161} INFO - Started process (PID=2799) to work on /opt/airflow/dags/data_extracter_dag.py
[2026-09-17T09:01:49.861+0000] {processor.py:830} INFO - Processing file /opt/airflow/dags/data_extracter_dag.py for tasks to queue
[2026-09-17T09:01:49.861+0000] {logging_mixin.py:188} INFO - [2026-09-17T09:01:49.861+0000] {dagbag.py:545} INFO - Filling up the DagBag from /opt/airflow/dags/data_extracter_dag.py
[2026-09-17T09:01:49.872+0000] {processor.py:840} INFO - DAG(s) 'data_extraction' retrieved from /opt/airflow/dags/data_extracter_dag.py
[2026-09-17T09:01:49.901+0000] {logging_mixin.py:188} INFO - [2026-09-17T09:01:49.901+0000] {dag.py:3096} INFO - Sync 1 DAGs
[2026-09-17T09:01:49.913+0000] {logging_mixin.py:188} INFO - [2026-09-17T09:01:49.913+0000] {dag.py:3954} INFO - Setting next_dagrun for data_extraction to None, run_after=None
[2026-09-17T09:01:49.931+0000] {processor.py:183} INFO - Processing /opt/airflow/dags/data_extracter_dag.py took 0.080 seconds
[2026-09-17T09:02:23.256+0000] {processor.py:161} INFO - Started process (PID=2811) to work on /opt/airflow/dags/data_extracter_dag.py
[2026-09-17T09:02:23.257+0000] {processor.py:830} INFO - Processing file /opt/airflow/dags/data_extracter_dag.py for tasks to queue
[2026-09-17T09:02:23.258+0000] {logging_mixin.py:188} INFO - [2026-09-17T09:02:23.258+0000] {dagbag.py:545} INFO - Filling up the DagBag from /opt/airflow/dags/data_extracter_dag.py
[2026-09-17T09:02:23.269+0000] {processor.py:840} INFO - DAG(s) 'data_extraction' retrieved from /opt/airflow/dags/data_extracter_dag.py
[2026-09-17T09:02:23.296+0000] {logging_mixin.py:188} INFO - [2026-09-17T09:02:23.296+0000] {dag.py:3096} INFO - Sync 1 DAGs
[2026-09-17T09:02:23.307+0000] {logging_mixin.py:188} INFO - [2026-09-17T09:02:23.306+0000] {dag.py:3954} INFO - Setting next_dagrun for data_extraction to None, run_after=None
[2026-09-17T09:02:23.328+0000] {processor.py:183} INFO - Processing /opt/airflow/dags/data_extracter_dag.py took 0.078 seconds
[2026-09-17T09:02:56.513+0000] {processor.py:161} INFO - Started process (PID=2819) to work on /opt/airflow/dags/data_extracter_dag.py
[2026-09-17T09:02:56.514+0000] {processor.py:830} INFO - Processing file /opt/airflow/dags/data_extracter_dag.py for tasks to queue
[2026-09-17T09:02:56.515+0000] {logging_mixin.py:188} INFO - [2026-09-17T09:02:56.515+0000] {dagbag.py:545} INFO - Filling up the DagBag from /opt/airflow/dags/data_extracter_dag.py
[2026-09-17T09:02:56.526+0000] {processor.py:840} INFO - DAG(s) 'data_extraction' retrieved from /opt/airflow/dags/data_extracter_dag.py
[2026-09-17T09:02:56.551+0000] {logging_mixin.py:188} INFO - [2026-09-17T09:02:56.551+0000] {dag.py:3096} INFO - Sync 1 DAGs
[2026-09-17T09:02:56.560+0000] {logging_mixin.py:188} INFO - [2026-09-17T09:02:56.560+0000] {dag.py:3954} INFO - Setting next_dagrun for data_extraction to None, run_after=None
[2026-09-17T09:02:56.577+0000] {processor.py:183} INFO - Processing /opt/airflow/dags/data_extracter_dag.py took 0.071 seconds
[2026-09-17T09:03:28.627+0000] {processor.py:161} INFO - Started process (PID=2827) to work on /opt/airflow/dags/data_extracter_dag.py
[2026-09-17T09:03:28.628+0000] {processor.py:830} INFO - Processing file /opt/airflow/dags/data_extracter_dag.py for tasks to queue
[2026-09-17T09:03:28.629+0000] {logging_mixin.py:188} INFO - [2026-09-17T09:03:28.629+0000] {dagbag.py:545} INFO - Filling up the DagBag from /opt/airflow/dags/data_extracter_dag.py
[2026-09-17T09:03:28.646+0000] {processor.py:840} INFO - DAG(s) 'data_extraction' retrieved from /opt/airflow/dags/data_extracter_dag.py
[2026-09-17T09:03:28.675+0000] {logging_mixin.py:188} INFO - [2026-09-17T09:03:28.675+0000] {dag.py:3096} INFO - Sync 1 DAGs
[2026-09-17T09:03:28.686+0000] {logging_mixin.py:188} INFO - [2026-09-17T09:03:28.685+0000] {dag.py:3954} INFO - Setting next_dagrun for data_extraction to None, run_after=None
[2026-09-17T09:03:28.708+0000] {processor.py:183} INFO - Processing /opt/airflow/dags/data_extracter_dag.py took 0.089 seconds
[2026-09-17T09:04:01.879+0000] {processor.py:161} INFO - Started process (PID=2835) to work on /opt/airflow/dags/data_extracter_dag.py
[2026-09-17T09:04:01.884+0000] {processor.py:830} INFO - Processing file /opt/airflow/dags/data_extracter_dag.py for tasks to queue
[2026-09-17T09:04:01.885+0000] {logging_mixin.py:188} INFO - [2026-09-17T09:04:01.885+0000] {dagbag.py:545} INFO - Filling up the DagBag from /opt/airflow/dags/data_extracter_dag.py
[2026-09-17T09:04:01.896+0000] {processor.py:840} INFO - DAG(s) 'data_extraction' retrieved from /opt/airflow/dags/data_extracter_dag.py
[2026-09-17T09:04:01.924+0000] {logging_mixin.py:188} INFO - [2026-09-17T09:04:01.924+0000] {dag.py:3096} INFO - Sync 1 DAGs
[2026-09-17T09:04:01.936+0000] {logging_mixin.py:188} INFO - [2026-09-17T09:04:01.936+0000] {dag.py:3954} INFO - Setting next_dagrun for data_extraction to None, run_after=None
[2026-09-17T09:04:01.962+0000] {processor.py:183} INFO - Processing /opt/airflow/dags/data_extracter_dag.py took 0.089 seconds
[2026-09-17T09:04:35.146+0000] {processor.py:161} INFO - Started process (PID=2843) to work on /opt/airflow/dags/data_extracter_dag.py
[2026-09-17T09:04:35.147+0000] {processor.py:830} INFO - Processing file /opt/airflow/dags/data_extracter_dag.py for tasks to queue
[2026-09-17T09:04:35.148+0000] {logging_mixin.py:188} INFO - [2026-09-17T09:04:35.148+0000] {dagbag.py:545} INFO - Filling up the DagBag from /opt/airflow/dags/data_extracter_dag.py
[2026-09-17T09:04:35.160+0000] {processor.py:840} INFO - DAG(s) 'data_extraction' retrieved from /opt/airflow/dags/data_extracter_dag.py
[2026-09-17T09:04:35.190+0000] {logging_mixin.py:188} INFO - [2026-09-17T09:04:35.190+0000] {dag.py:3096} INFO - Sync 1 DAGs
[2026-09-17T09:04:35.199+0000] {logging_mixin.py:188} INFO - [2026-09-17T09:04:35.199+0000] {dag.py:3954} INFO - Setting next_dagrun for data_extraction to None, run_after=None
[2026-09-17T09:04:35.220+0000] {processor.py:183} INFO - Processing /opt/airflow/dags/data_extracter_dag.py took 0.080 seconds
[2026-09-17T09:05:08.356+0000] {processor.py:161} INFO - Started process (PID=2851) to work on /opt/airflow/dags/data_extracter_dag.py
[2026-09-17T09:05:08.361+0000] {processor.py:830} INFO - Processing file /opt/airflow/dags/data_extracter_dag.py for tasks to queue
[2026-09-17T09:05:08.362+0000] {logging_mixin.py:188} INFO - [2026-09-17T09:05:08.361+0000] {dagbag.py:545} INFO - Filling up the DagBag from /opt/airflow/dags/data_extracter_dag.py
[2026-09-17T09:05:08.372+0000] {processor.py:840} INFO - DAG(s) 'data_extraction' retrieved from /opt/airflow/dags/data_extracter_dag.py
[2026-09-17T09:05:08.399+0000] {logging_mixin.py:188} INFO - [2026-09-17T09:05:08.399+0000] {dag.py:3096} INFO - Sync 1 DAGs
[2026-09-17T09:05:08.408+0000] {logging_mixin.py:188} INFO - [2026-09-17T09:05:08.408+0000] {dag.py:3954} INFO - Setting next_dagrun for data_extraction to None, run_after=None
[2026-09-17T09:05:08.427+0000] {processor.py:183} INFO - Processing /opt/airflow/dags/data_extracter_dag.py took 0.077 seconds
[2026-09-17T09:05:41.605+0000] {processor.py:161} INFO - Started process (PID=2859) to work on /opt/airflow/dags/data_extracter_dag.py
[2026-09-17T09:05:41.606+0000] {processor.py:830} INFO - Processing file /opt/airflow/dags/data_extracter_dag.py for tasks to queue
[2026-09-17T09:05:41.607+0000] {logging_mixin.py:188} INFO - [2026-09-17T09:05:41.607+0000] {dagbag.py:545} INFO - Filling up the DagBag from /opt/airflow/dags/data_extracter_dag.py
[2026-09-17T09:05:41.621+0000] {processor.py:840} INFO - DAG(s) 'data_extraction' retrieved from /opt/airflow/dags/data_extracter_dag.py
[2026-09-17T09:05:41.659+0000] {logging_mixin.py:188} INFO - [2026-09-17T09:05:41.659+0000] {dag.py:3096} INFO - Sync 1 DAGs
[2026-09-17T09:05:41.671+0000] {logging_mixin.py:188} INFO - [2026-09-17T09:05:41.671+0000] {dag.py:3954} INFO - Setting next_dagrun for data_extraction to None, run_after=None
[2026-09-17T09:05:41.697+0000] {processor.py:183} INFO - Processing /opt/airflow/dags/data_extracter_dag.py took 0.098 seconds
[2026-09-17T09:06:13.885+0000] {processor.py:161} INFO - Started process (PID=2867) to work on /opt/airflow/dags/data_extracter_dag.py
[2026-09-17T09:06:13.890+0000] {processor.py:830} INFO - Processing file /opt/airflow/dags/data_extracter_dag.py for tasks to queue
[2026-09-17T09:06:13.891+0000] {logging_mixin.py:188} INFO - [2026-09-17T09:06:13.891+0000] {dagbag.py:545} INFO - Filling up the DagBag from /opt/airflow/dags/data_extracter_dag.py
[2026-09-17T09:06:13.904+0000] {processor.py:840} INFO - DAG(s) 'data_extraction' retrieved from /opt/airflow/dags/data_extracter_dag.py
[2026-09-17T09:06:13.935+0000] {logging_mixin.py:188} INFO - [2026-09-17T09:06:13.935+0000] {dag.py:3096} INFO - Sync 1 DAGs
[2026-09-17T09:06:13.945+0000] {logging_mixin.py:188} INFO - [2026-09-17T09:06:13.945+0000] {dag.py:3954} INFO - Setting next_dagrun for data_extraction to None, run_after=None
[2026-09-17T09:06:13.963+0000] {processor.py:183} INFO - Processing /opt/airflow/dags/data_extracter_dag.py took 0.086 seconds
[2026-09-17T09:06:47.214+0000] {processor.py:161} INFO - Started process (PID=2875) to work on /opt/airflow/dags/data_extracter_dag.py
[2026-09-17T09:06:47.214+0000] {processor.py:830} INFO - Processing file /opt/airflow/dags/data_extracter_dag.py for tasks to queue
[2026-09-17T09:06:47.215+0000] {logging_mixin.py:188} INFO - [2026-09-17T09:06:47.215+0000] {dagbag.py:545} INFO - Filling up the DagBag from /opt/airflow/dags/data_extracter_dag.py
[2026-09-17T09:06:47.225+0000] {processor.py:840} INFO - DAG(s) 'data_extraction' retrieved from /opt/airflow/dags/data_extracter_dag.py
[2026-09-17T09:06:47.249+0000] {logging_mixin.py:188} INFO - [2026-09-17T09:06:47.249+0000] {dag.py:3096} INFO - Sync 1 DAGs
[2026-09-17T09:06:47.258+0000] {logging_mixin.py:188} INFO - [2026-09-17T09:06:47.258+0000] {dag.py:3954} INFO - Setting next_dagrun for data_extraction to None, run_after=None
[2026-09-17T09:06:47.277+0000] {processor.py:183} INFO - Processing /opt/airflow/dags/data_extracter_dag.py took 0.069 seconds
[2026-09-17T09:07:20.580+0000] {processor.py:161} INFO - Started process (PID=2887) to work on /opt/airflow/dags/data_extracter_dag.py
[2026-09-17T09:07:20.582+0000] {processor.py:830} INFO - Processing file /opt/airflow/dags/data_extracter_dag.py for tasks to queue
[2026-09-17T09:07:20.584+0000] {logging_mixin.py:188} INFO - [2026-09-17T09:07:20.583+0000] {dagbag.py:545} INFO - Filling up the DagBag from /opt/airflow/dags/data_extracter_dag.py
[2026-09-17T09:07:20.600+0000] {processor.py:840} INFO - DAG(s) 'data_extraction' retrieved from /opt/airflow/dags/data_extracter_dag.py
[2026-09-17T09:07:20.638+0000] {logging_mixin.py:188} INFO - [2026-09-17T09:07:20.638+0000] {dag.py:3096} INFO - Sync 1 DAGs
[2026-09-17T09:07:20.652+0000] {logging_mixin.py:188} INFO - [2026-09-17T09:07:20.652+0000] {dag.py:3954} INFO - Setting next_dagrun for data_extraction to None, run_after=None
[2026-09-17T09:07:20.674+0000] {processor.py:183} INFO - Processing /opt/airflow/dags/data_extracter_dag.py took 0.103 seconds
[2026-09-17T09:07:53.804+0000] {processor.py:161} INFO - Started process (PID=2896) to work on /opt/airflow/dags/data_extracter_dag.py
[2026-09-17T09:07:53.805+0000] {processor.py:830} INFO - Processing file /opt/airflow/dags/data_extracter_dag.py for tasks to queue
[2026-09-17T09:07:53.805+0000] {logging_mixin.py:188} INFO - [2026-09-17T09:07:53.805+0000] {dagbag.py:545} INFO - Filling up the DagBag from /opt/airflow/dags/data_extracter_dag.py
[2026-09-17T09:07:53.816+0000] {processor.py:840} INFO - DAG(s) 'data_extraction' retrieved from /opt/airflow/dags/data_extracter_dag.py
[2026-09-17T09:07:53.845+0000] {logging_mixin.py:188} INFO - [2026-09-17T09:07:53.844+0000] {dag.py:3096} INFO - Sync 1 DAGs
[2026-09-17T09:07:53.855+0000] {logging_mixin.py:188} INFO - [2026-09-17T09:07:53.855+0000] {dag.py:3954} INFO - Setting next_dagrun for data_extraction to None, run_after=None
[2026-09-17T09:07:53.876+0000] {processor.py:183} INFO - Processing /opt/airflow/dags/data_extracter_dag.py took 0.077 seconds
[2026-09-17T09:08:26.034+0000] {processor.py:161} INFO - Started process (PID=2904) to work on /opt/airflow/dags/data_extracter_dag.py
[2026-09-17T09:08:26.035+0000] {processor.py:830} INFO - Processing file /opt/airflow/dags/data_extracter_dag.py for tasks to queue
[2026-09-17T09:08:26.036+0000] {logging_mixin.py:188} INFO - [2026-09-17T09:08:26.036+0000] {dagbag.py:545} INFO - Filling up the DagBag from /opt/airflow/dags/data_extracter_dag.py
[2026-09-17T09:08:26.048+0000] {processor.py:840} INFO - DAG(s) 'data_extraction' retrieved from /opt/airflow/dags/data_extracter_dag.py
[2026-09-17T09:08:26.080+0000] {logging_mixin.py:188} INFO - [2026-09-17T09:08:26.080+0000] {dag.py:3096} INFO - Sync 1 DAGs
[2026-09-17T09:08:26.092+0000] {logging_mixin.py:188} INFO - [2026-09-17T09:08:26.092+0000] {dag.py:3954} INFO - Setting next_dagrun for data_extraction to None, run_after=None
[2026-09-17T09:08:26.116+0000] {processor.py:183} INFO - Processing /opt/airflow/dags/data_extracter_dag.py took 0.090 seconds
[2026-09-17T09:08:59.240+0000] {processor.py:161} INFO - Started process (PID=2912) to work on /opt/airflow/dags/data_extracter_dag.py
[2026-09-17T09:08:59.241+0000] {processor.py:830} INFO - Processing file /opt/airflow/dags/data_extracter_dag.py for tasks to queue
[2026-09-17T09:08:59.242+0000] {logging_mixin.py:188} INFO - [2026-09-17T09:08:59.241+0000] {dagbag.py:545} INFO - Filling up the DagBag from /opt/airflow/dags/data_extracter_dag.py
[2026-09-17T09:08:59.254+0000] {processor.py:840} INFO - DAG(s) 'data_extraction' retrieved from /opt/airflow/dags/data_extracter_dag.py
[2026-09-17T09:08:59.285+0000] {logging_mixin.py:188} INFO - [2026-09-17T09:08:59.285+0000] {dag.py:3096} INFO - Sync 1 DAGs
[2026-09-17T09:08:59.296+0000] {logging_mixin.py:188} INFO - [2026-09-17T09:08:59.296+0000] {dag.py:3954} INFO - Setting next_dagrun for data_extraction to None, run_after=None
[2026-09-17T09:08:59.320+0000] {processor.py:183} INFO - Processing /opt/airflow/dags/data_extracter_dag.py took 0.086 seconds
[2026-09-17T09:09:32.553+0000] {processor.py:161} INFO - Started process (PID=2920) to work on /opt/airflow/dags/data_extracter_dag.py
[2026-09-17T09:09:32.555+0000] {processor.py:830} INFO - Processing file /opt/airflow/dags/data_extracter_dag.py for tasks to queue
[2026-09-17T09:09:32.555+0000] {logging_mixin.py:188} INFO - [2026-09-17T09:09:32.555+0000] {dagbag.py:545} INFO - Filling up the DagBag from /opt/airflow/dags/data_extracter_dag.py
[2026-09-17T09:09:32.567+0000] {processor.py:840} INFO - DAG(s) 'data_extraction' retrieved from /opt/airflow/dags/data_extracter_dag.py
[2026-09-17T09:09:32.598+0000] {logging_mixin.py:188} INFO - [2026-09-17T09:09:32.598+0000] {dag.py:3096} INFO - Sync 1 DAGs
[2026-09-17T09:09:32.609+0000] {logging_mixin.py:188} INFO - [2026-09-17T09:09:32.608+0000] {dag.py:3954} INFO - Setting next_dagrun for data_extraction to None, run_after=None
[2026-09-17T09:09:32.632+0000] {processor.py:183} INFO - Processing /opt/airflow/dags/data_extracter_dag.py took 0.086 seconds
[2026-09-17T09:10:05.697+0000] {processor.py:161} INFO - Started process (PID=2928) to work on /opt/airflow/dags/data_extracter_dag.py
[2026-09-17T09:10:05.698+0000] {processor.py:830} INFO - Processing file /opt/airflow/dags/data_extracter_dag.py for tasks to queue
[2026-09-17T09:10:05.699+0000] {logging_mixin.py:188} INFO - [2026-09-17T09:10:05.699+0000] {dagbag.py:545} INFO - Filling up the DagBag from /opt/airflow/dags/data_extracter_dag.py
[2026-09-17T09:10:05.710+0000] {processor.py:840} INFO - DAG(s) 'data_extraction' retrieved from /opt/airflow/dags/data_extracter_dag.py
[2026-09-17T09:10:05.742+0000] {logging_mixin.py:188} INFO - [2026-09-17T09:10:05.742+0000] {dag.py:3096} INFO - Sync 1 DAGs
[2026-09-17T09:10:05.753+0000] {logging_mixin.py:188} INFO - [2026-09-17T09:10:05.753+0000] {dag.py:3954} INFO - Setting next_dagrun for data_extraction to None, run_after=None
[2026-09-17T09:10:05.777+0000] {processor.py:183} INFO - Processing /opt/airflow/dags/data_extracter_dag.py took 0.086 seconds
[2026-09-17T09:10:38.931+0000] {processor.py:161} INFO - Started process (PID=2936) to work on /opt/airflow/dags/data_extracter_dag.py
[2026-09-17T09:10:38.932+0000] {processor.py:830} INFO - Processing file /opt/airflow/dags/data_extracter_dag.py for tasks to queue
[2026-09-17T09:10:38.933+0000] {logging_mixin.py:188} INFO - [2026-09-17T09:10:38.933+0000] {dagbag.py:545} INFO - Filling up the DagBag from /opt/airflow/dags/data_extracter_dag.py
[2026-09-17T09:10:38.948+0000] {processor.py:840} INFO - DAG(s) 'data_extraction' retrieved from /opt/airflow/dags/data_extracter_dag.py
[2026-09-17T09:10:38.983+0000] {logging_mixin.py:188} INFO - [2026-09-17T09:10:38.983+0000] {dag.py:3096} INFO - Sync 1 DAGs
[2026-09-17T09:10:38.995+0000] {logging_mixin.py:188} INFO - [2026-09-17T09:10:38.994+0000] {dag.py:3954} INFO - Setting next_dagrun for data_extraction to None, run_after=None
[2026-09-17T09:10:39.018+0000] {processor.py:183} INFO - Processing /opt/airflow/dags/data_extracter_dag.py took 0.096 seconds
[2026-09-17T09:11:11.157+0000] {processor.py:161} INFO - Started process (PID=2944) to work on /opt/airflow/dags/data_extracter_dag.py
[2026-09-17T09:11:11.158+0000] {processor.py:830} INFO - Processing file /opt/airflow/dags/data_extracter_dag.py for tasks to queue
[2026-09-17T09:11:11.159+0000] {logging_mixin.py:188} INFO - [2026-09-17T09:11:11.158+0000] {dagbag.py:545} INFO - Filling up the DagBag from /opt/airflow/dags/data_extracter_dag.py
[2026-09-17T09:11:11.172+0000] {processor.py:840} INFO - DAG(s) 'data_extraction' retrieved from /opt/airflow/dags/data_extracter_dag.py
[2026-09-17T09:11:11.205+0000] {logging_mixin.py:188} INFO - [2026-09-17T09:11:11.204+0000] {dag.py:3096} INFO - Sync 1 DAGs
[2026-09-17T09:11:11.215+0000] {logging_mixin.py:188} INFO - [2026-09-17T09:11:11.215+0000] {dag.py:3954} INFO - Setting next_dagrun for data_extraction to None, run_after=None
[2026-09-17T09:11:11.238+0000] {processor.py:183} INFO - Processing /opt/airflow/dags/data_extracter_dag.py took 0.087 seconds
[2026-09-17T09:11:44.400+0000] {processor.py:161} INFO - Started process (PID=2952) to work on /opt/airflow/dags/data_extracter_dag.py
[2026-09-17T09:11:44.401+0000] {processor.py:830} INFO - Processing file /opt/airflow/dags/data_extracter_dag.py for tasks to queue
[2026-09-17T09:11:44.402+0000] {logging_mixin.py:188} INFO - [2026-09-17T09:11:44.402+0000] {dagbag.py:545} INFO - Filling up the DagBag from /opt/airflow/dags/data_extracter_dag.py
[2026-09-17T09:11:44.414+0000] {processor.py:840} INFO - DAG(s) 'data_extraction' retrieved from /opt/airflow/dags/data_extracter_dag.py
[2026-09-17T09:11:44.444+0000] {logging_mixin.py:188} INFO - [2026-09-17T09:11:44.444+0000] {dag.py:3096} INFO - Sync 1 DAGs
[2026-09-17T09:11:44.456+0000] {logging_mixin.py:188} INFO - [2026-09-17T09:11:44.456+0000] {dag.py:3954} INFO - Setting next_dagrun for data_extraction to None, run_after=None
[2026-09-17T09:11:44.479+0000] {processor.py:183} INFO - Processing /opt/airflow/dags/data_extracter_dag.py took 0.085 seconds
[2026-09-17T09:12:17.589+0000] {processor.py:161} INFO - Started process (PID=2960) to work on /opt/airflow/dags/data_extracter_dag.py
[2026-09-17T09:12:17.590+0000] {processor.py:830} INFO - Processing file /opt/airflow/dags/data_extracter_dag.py for tasks to queue
[2026-09-17T09:12:17.591+0000] {logging_mixin.py:188} INFO - [2026-09-17T09:12:17.590+0000] {dagbag.py:545} INFO - Filling up the DagBag from /opt/airflow/dags/data_extracter_dag.py
[2026-09-17T09:12:17.602+0000] {processor.py:840} INFO - DAG(s) 'data_extraction' retrieved from /opt/airflow/dags/data_extracter_dag.py
[2026-09-17T09:12:17.638+0000] {logging_mixin.py:188} INFO - [2026-09-17T09:12:17.637+0000] {dag.py:3096} INFO - Sync 1 DAGs
[2026-09-17T09:12:17.653+0000] {logging_mixin.py:188} INFO - [2026-09-17T09:12:17.653+0000] {dag.py:3954} INFO - Setting next_dagrun for data_extraction to None, run_after=None
[2026-09-17T09:12:17.674+0000] {processor.py:183} INFO - Processing /opt/airflow/dags/data_extracter_dag.py took 0.091 seconds
[2026-09-17T09:12:50.866+0000] {processor.py:161} INFO - Started process (PID=2968) to work on /opt/airflow/dags/data_extracter_dag.py
[2026-09-17T09:12:50.867+0000] {processor.py:830} INFO - Processing file /opt/airflow/dags/data_extracter_dag.py for tasks to queue
[2026-09-17T09:12:50.868+0000] {logging_mixin.py:188} INFO - [2026-09-17T09:12:50.868+0000] {dagbag.py:545} INFO - Filling up the DagBag from /opt/airflow/dags/data_extracter_dag.py
[2026-09-17T09:12:50.883+0000] {processor.py:840} INFO - DAG(s) 'data_extraction' retrieved from /opt/airflow/dags/data_extracter_dag.py
[2026-09-17T09:12:50.913+0000] {logging_mixin.py:188} INFO - [2026-09-17T09:12:50.913+0000] {dag.py:3096} INFO - Sync 1 DAGs
[2026-09-17T09:12:50.924+0000] {logging_mixin.py:188} INFO - [2026-09-17T09:12:50.924+0000] {dag.py:3954} INFO - Setting next_dagrun for data_extraction to None, run_after=None
[2026-09-17T09:12:50.947+0000] {processor.py:183} INFO - Processing /opt/airflow/dags/data_extracter_dag.py took 0.087 seconds
[2026-09-17T09:13:24.105+0000] {processor.py:161} INFO - Started process (PID=2976) to work on /opt/airflow/dags/data_extracter_dag.py
[2026-09-17T09:13:24.106+0000] {processor.py:830} INFO - Processing file /opt/airflow/dags/data_extracter_dag.py for tasks to queue
[2026-09-17T09:13:24.107+0000] {logging_mixin.py:188} INFO - [2026-09-17T09:13:24.106+0000] {dagbag.py:545} INFO - Filling up the DagBag from /opt/airflow/dags/data_extracter_dag.py
[2026-09-17T09:13:24.119+0000] {processor.py:840} INFO - DAG(s) 'data_extraction' retrieved from /opt/airflow/dags/data_extracter_dag.py
[2026-09-17T09:13:24.150+0000] {logging_mixin.py:188} INFO - [2026-09-17T09:13:24.150+0000] {dag.py:3096} INFO - Sync 1 DAGs
[2026-09-17T09:13:24.160+0000] {logging_mixin.py:188} INFO - [2026-09-17T09:13:24.160+0000] {dag.py:3954} INFO - Setting next_dagrun for data_extraction to None, run_after=None
[2026-09-17T09:13:24.183+0000] {processor.py:183} INFO - Processing /opt/airflow/dags/data_extracter_dag.py took 0.084 seconds
[2026-09-17T09:13:56.479+0000] {processor.py:161} INFO - Started process (PID=2984) to work on /opt/airflow/dags/data_extracter_dag.py
[2026-09-17T09:13:56.481+0000] {processor.py:830} INFO - Processing file /opt/airflow/dags/data_extracter_dag.py for tasks to queue
[2026-09-17T09:13:56.481+0000] {logging_mixin.py:188} INFO - [2026-09-17T09:13:56.481+0000] {dagbag.py:545} INFO - Filling up the DagBag from /opt/airflow/dags/data_extracter_dag.py
[2026-09-17T09:13:56.496+0000] {processor.py:840} INFO - DAG(s) 'data_extraction' retrieved from /opt/airflow/dags/data_extracter_dag.py
[2026-09-17T09:13:56.529+0000] {logging_mixin.py:188} INFO - [2026-09-17T09:13:56.529+0000] {dag.py:3096} INFO - Sync 1 DAGs
[2026-09-17T09:13:56.543+0000] {logging_mixin.py:188} INFO - [2026-09-17T09:13:56.542+0000] {dag.py:3954} INFO - Setting next_dagrun for data_extraction to None, run_after=None
[2026-09-17T09:13:56.565+0000] {processor.py:183} INFO - Processing /opt/airflow/dags/data_extracter_dag.py took 0.092 seconds
[2026-09-17T09:14:29.824+0000] {processor.py:161} INFO - Started process (PID=2992) to work on /opt/airflow/dags/data_extracter_dag.py
[2026-09-17T09:14:29.825+0000] {processor.py:830} INFO - Processing file /opt/airflow/dags/data_extracter_dag.py for tasks to queue
[2026-09-17T09:14:29.826+0000] {logging_mixin.py:188} INFO - [2026-09-17T09:14:29.826+0000] {dagbag.py:545} INFO - Filling up the DagBag from /opt/airflow/dags/data_extracter_dag.py
[2026-09-17T09:14:29.842+0000] {processor.py:840} INFO - DAG(s) 'data_extraction' retrieved from /opt/airflow/dags/data_extracter_dag.py
[2026-09-17T09:14:29.874+0000] {logging_mixin.py:188} INFO - [2026-09-17T09:14:29.874+0000] {dag.py:3096} INFO - Sync 1 DAGs
[2026-09-17T09:14:29.886+0000] {logging_mixin.py:188} INFO - [2026-09-17T09:14:29.885+0000] {dag.py:3954} INFO - Setting next_dagrun for data_extraction to None, run_after=None
[2026-09-17T09:14:29.912+0000] {processor.py:183} INFO - Processing /opt/airflow/dags/data_extracter_dag.py took 0.095 seconds
[2026-09-17T09:15:03.007+0000] {processor.py:161} INFO - Started process (PID=3000) to work on /opt/airflow/dags/data_extracter_dag.py
[2026-09-17T09:15:03.008+0000] {processor.py:830} INFO - Processing file /opt/airflow/dags/data_extracter_dag.py for tasks to queue
[2026-09-17T09:15:03.009+0000] {logging_mixin.py:188} INFO - [2026-09-17T09:15:03.009+0000] {dagbag.py:545} INFO - Filling up the DagBag from /opt/airflow/dags/data_extracter_dag.py
[2026-09-17T09:15:03.024+0000] {processor.py:840} INFO - DAG(s) 'data_extraction' retrieved from /opt/airflow/dags/data_extracter_dag.py
[2026-09-17T09:15:03.057+0000] {logging_mixin.py:188} INFO - [2026-09-17T09:15:03.056+0000] {dag.py:3096} INFO - Sync 1 DAGs
[2026-09-17T09:15:03.068+0000] {logging_mixin.py:188} INFO - [2026-09-17T09:15:03.068+0000] {dag.py:3954} INFO - Setting next_dagrun for data_extraction to None, run_after=None
[2026-09-17T09:15:03.089+0000] {processor.py:183} INFO - Processing /opt/airflow/dags/data_extracter_dag.py took 0.088 seconds
[2026-09-17T09:15:36.422+0000] {processor.py:161} INFO - Started process (PID=3008) to work on /opt/airflow/dags/data_extracter_dag.py
[2026-09-17T09:15:36.423+0000] {processor.py:830} INFO - Processing file /opt/airflow/dags/data_extracter_dag.py for tasks to queue
[2026-09-17T09:15:36.424+0000] {logging_mixin.py:188} INFO - [2026-09-17T09:15:36.423+0000] {dagbag.py:545} INFO - Filling up the DagBag from /opt/airflow/dags/data_extracter_dag.py
[2026-09-17T09:15:36.435+0000] {processor.py:840} INFO - DAG(s) 'data_extraction' retrieved from /opt/airflow/dags/data_extracter_dag.py
[2026-09-17T09:15:36.462+0000] {logging_mixin.py:188} INFO - [2026-09-17T09:15:36.462+0000] {dag.py:3096} INFO - Sync 1 DAGs
[2026-09-17T09:15:36.472+0000] {logging_mixin.py:188} INFO - [2026-09-17T09:15:36.472+0000] {dag.py:3954} INFO - Setting next_dagrun for data_extraction to None, run_after=None
[2026-09-17T09:15:36.493+0000] {processor.py:183} INFO - Processing /opt/airflow/dags/data_extracter_dag.py took 0.076 seconds
[2026-09-17T09:16:09.588+0000] {processor.py:161} INFO - Started process (PID=3016) to work on /opt/airflow/dags/data_extracter_dag.py
[2026-09-17T09:16:09.589+0000] {processor.py:830} INFO - Processing file /opt/airflow/dags/data_extracter_dag.py for tasks to queue
[2026-09-17T09:16:09.590+0000] {logging_mixin.py:188} INFO - [2026-09-17T09:16:09.590+0000] {dagbag.py:545} INFO - Filling up the DagBag from /opt/airflow/dags/data_extracter_dag.py
[2026-09-17T09:16:09.603+0000] {processor.py:840} INFO - DAG(s) 'data_extraction' retrieved from /opt/airflow/dags/data_extracter_dag.py
[2026-09-17T09:16:09.637+0000] {logging_mixin.py:188} INFO - [2026-09-17T09:16:09.637+0000] {dag.py:3096} INFO - Sync 1 DAGs
[2026-09-17T09:16:09.649+0000] {logging_mixin.py:188} INFO - [2026-09-17T09:16:09.648+0000] {dag.py:3954} INFO - Setting next_dagrun for data_extraction to None, run_after=None
[2026-09-17T09:16:09.672+0000] {processor.py:183} INFO - Processing /opt/airflow/dags/data_extracter_dag.py took 0.091 seconds
[2026-09-17T09:16:41.884+0000] {processor.py:161} INFO - Started process (PID=3020) to work on /opt/airflow/dags/data_extracter_dag.py
[2026-09-17T09:16:41.885+0000] {processor.py:830} INFO - Processing file /opt/airflow/dags/data_extracter_dag.py for tasks to queue
[2026-09-17T09:16:41.886+0000] {logging_mixin.py:188} INFO - [2026-09-17T09:16:41.886+0000] {dagbag.py:545} INFO - Filling up the DagBag from /opt/airflow/dags/data_extracter_dag.py
[2026-09-17T09:16:41.896+0000] {processor.py:840} INFO - DAG(s) 'data_extraction' retrieved from /opt/airflow/dags/data_extracter_dag.py
[2026-09-17T09:16:41.927+0000] {logging_mixin.py:188} INFO - [2026-09-17T09:16:41.927+0000] {dag.py:3096} INFO - Sync 1 DAGs
[2026-09-17T09:16:41.938+0000] {logging_mixin.py:188} INFO - [2026-09-17T09:16:41.938+0000] {dag.py:3954} INFO - Setting next_dagrun for data_extraction to None, run_after=None
[2026-09-17T09:16:41.960+0000] {processor.py:183} INFO - Processing /opt/airflow/dags/data_extracter_dag.py took 0.082 seconds
[2026-09-17T09:17:15.137+0000] {processor.py:161} INFO - Started process (PID=3034) to work on /opt/airflow/dags/data_extracter_dag.py
[2026-09-17T09:17:15.142+0000] {processor.py:830} INFO - Processing file /opt/airflow/dags/data_extracter_dag.py for tasks to queue
[2026-09-17T09:17:15.143+0000] {logging_mixin.py:188} INFO - [2026-09-17T09:17:15.142+0000] {dagbag.py:545} INFO - Filling up the DagBag from /opt/airflow/dags/data_extracter_dag.py
[2026-09-17T09:17:15.153+0000] {processor.py:840} INFO - DAG(s) 'data_extraction' retrieved from /opt/airflow/dags/data_extracter_dag.py
[2026-09-17T09:17:15.180+0000] {logging_mixin.py:188} INFO - [2026-09-17T09:17:15.180+0000] {dag.py:3096} INFO - Sync 1 DAGs
[2026-09-17T09:17:15.193+0000] {logging_mixin.py:188} INFO - [2026-09-17T09:17:15.193+0000] {dag.py:3954} INFO - Setting next_dagrun for data_extraction to None, run_after=None
[2026-09-17T09:17:15.217+0000] {processor.py:183} INFO - Processing /opt/airflow/dags/data_extracter_dag.py took 0.085 seconds
[2026-09-17T09:17:48.402+0000] {processor.py:161} INFO - Started process (PID=3042) to work on /opt/airflow/dags/data_extracter_dag.py
[2026-09-17T09:17:48.403+0000] {processor.py:830} INFO - Processing file /opt/airflow/dags/data_extracter_dag.py for tasks to queue
[2026-09-17T09:17:48.404+0000] {logging_mixin.py:188} INFO - [2026-09-17T09:17:48.403+0000] {dagbag.py:545} INFO - Filling up the DagBag from /opt/airflow/dags/data_extracter_dag.py
[2026-09-17T09:17:48.414+0000] {processor.py:840} INFO - DAG(s) 'data_extraction' retrieved from /opt/airflow/dags/data_extracter_dag.py
[2026-09-17T09:17:48.444+0000] {logging_mixin.py:188} INFO - [2026-09-17T09:17:48.443+0000] {dag.py:3096} INFO - Sync 1 DAGs
[2026-09-17T09:17:48.458+0000] {logging_mixin.py:188} INFO - [2026-09-17T09:17:48.458+0000] {dag.py:3954} INFO - Setting next_dagrun for data_extraction to None, run_after=None
[2026-09-17T09:17:48.480+0000] {processor.py:183} INFO - Processing /opt/airflow/dags/data_extracter_dag.py took 0.083 seconds
[2026-09-17T09:18:20.846+0000] {processor.py:161} INFO - Started process (PID=3048) to work on /opt/airflow/dags/data_extracter_dag.py
[2026-09-17T09:18:20.851+0000] {processor.py:830} INFO - Processing file /opt/airflow/dags/data_extracter_dag.py for tasks to queue
[2026-09-17T09:18:20.852+0000] {logging_mixin.py:188} INFO - [2026-09-17T09:18:20.852+0000] {dagbag.py:545} INFO - Filling up the DagBag from /opt/airflow/dags/data_extracter_dag.py
[2026-09-17T09:18:20.863+0000] {processor.py:840} INFO - DAG(s) 'data_extraction' retrieved from /opt/airflow/dags/data_extracter_dag.py
[2026-09-17T09:18:20.891+0000] {logging_mixin.py:188} INFO - [2026-09-17T09:18:20.891+0000] {dag.py:3096} INFO - Sync 1 DAGs
[2026-09-17T09:18:20.902+0000] {logging_mixin.py:188} INFO - [2026-09-17T09:18:20.902+0000] {dag.py:3954} INFO - Setting next_dagrun for data_extraction to None, run_after=None
[2026-09-17T09:18:20.924+0000] {processor.py:183} INFO - Processing /opt/airflow/dags/data_extracter_dag.py took 0.084 seconds
[2026-09-17T09:18:54.182+0000] {processor.py:161} INFO - Started process (PID=3056) to work on /opt/airflow/dags/data_extracter_dag.py
[2026-09-17T09:18:54.182+0000] {processor.py:830} INFO - Processing file /opt/airflow/dags/data_extracter_dag.py for tasks to queue
[2026-09-17T09:18:54.183+0000] {logging_mixin.py:188} INFO - [2026-09-17T09:18:54.183+0000] {dagbag.py:545} INFO - Filling up the DagBag from /opt/airflow/dags/data_extracter_dag.py
[2026-09-17T09:18:54.193+0000] {processor.py:840} INFO - DAG(s) 'data_extraction' retrieved from /opt/airflow/dags/data_extracter_dag.py
[2026-09-17T09:18:54.219+0000] {logging_mixin.py:188} INFO - [2026-09-17T09:18:54.218+0000] {dag.py:3096} INFO - Sync 1 DAGs
[2026-09-17T09:18:54.228+0000] {logging_mixin.py:188} INFO - [2026-09-17T09:18:54.228+0000] {dag.py:3954} INFO - Setting next_dagrun for data_extraction to None, run_after=None
[2026-09-17T09:18:54.249+0000] {processor.py:183} INFO - Processing /opt/airflow/dags/data_extracter_dag.py took 0.073 seconds
[2026-09-17T09:19:27.453+0000] {processor.py:161} INFO - Started process (PID=3064) to work on /opt/airflow/dags/data_extracter_dag.py
[2026-09-17T09:19:27.458+0000] {processor.py:830} INFO - Processing file /opt/airflow/dags/data_extracter_dag.py for tasks to queue
[2026-09-17T09:19:27.459+0000] {logging_mixin.py:188} INFO - [2026-09-17T09:19:27.459+0000] {dagbag.py:545} INFO - Filling up the DagBag from /opt/airflow/dags/data_extracter_dag.py
[2026-09-17T09:19:27.469+0000] {processor.py:840} INFO - DAG(s) 'data_extraction' retrieved from /opt/airflow/dags/data_extracter_dag.py
[2026-09-17T09:19:27.495+0000] {logging_mixin.py:188} INFO - [2026-09-17T09:19:27.495+0000] {dag.py:3096} INFO - Sync 1 DAGs
[2026-09-17T09:19:27.504+0000] {logging_mixin.py:188} INFO - [2026-09-17T09:19:27.504+0000] {dag.py:3954} INFO - Setting next_dagrun for data_extraction to None, run_after=None
[2026-09-17T09:19:27.525+0000] {processor.py:183} INFO - Processing /opt/airflow/dags/data_extracter_dag.py took 0.077 seconds
[2026-09-17T09:20:00.726+0000] {processor.py:161} INFO - Started process (PID=3078) to work on /opt/airflow/dags/data_extracter_dag.py
[2026-09-17T09:20:00.727+0000] {processor.py:830} INFO - Processing file /opt/airflow/dags/data_extracter_dag.py for tasks to queue
[2026-09-17T09:20:00.727+0000] {logging_mixin.py:188} INFO - [2026-09-17T09:20:00.727+0000] {dagbag.py:545} INFO - Filling up the DagBag from /opt/airflow/dags/data_extracter_dag.py
[2026-09-17T09:20:00.741+0000] {processor.py:840} INFO - DAG(s) 'data_extraction' retrieved from /opt/airflow/dags/data_extracter_dag.py
[2026-09-17T09:20:00.766+0000] {logging_mixin.py:188} INFO - [2026-09-17T09:20:00.766+0000] {dag.py:3096} INFO - Sync 1 DAGs
[2026-09-17T09:20:00.776+0000] {logging_mixin.py:188} INFO - [2026-09-17T09:20:00.776+0000] {dag.py:3954} INFO - Setting next_dagrun for data_extraction to None, run_after=None
[2026-09-17T09:20:00.796+0000] {processor.py:183} INFO - Processing /opt/airflow/dags/data_extracter_dag.py took 0.076 seconds
[2026-09-17T09:20:33.073+0000] {processor.py:161} INFO - Started process (PID=3080) to work on /opt/airflow/dags/data_extracter_dag.py
[2026-09-17T09:20:33.077+0000] {processor.py:830} INFO - Processing file /opt/airflow/dags/data_extracter_dag.py for tasks to queue
[2026-09-17T09:20:33.078+0000] {logging_mixin.py:188} INFO - [2026-09-17T09:20:33.078+0000] {dagbag.py:545} INFO - Filling up the DagBag from /opt/airflow/dags/data_extracter_dag.py
[2026-09-17T09:20:33.089+0000] {processor.py:840} INFO - DAG(s) 'data_extraction' retrieved from /opt/airflow/dags/data_extracter_dag.py
[2026-09-17T09:20:33.115+0000] {logging_mixin.py:188} INFO - [2026-09-17T09:20:33.115+0000] {dag.py:3096} INFO - Sync 1 DAGs
[2026-09-17T09:20:33.124+0000] {logging_mixin.py:188} INFO - [2026-09-17T09:20:33.124+0000] {dag.py:3954} INFO - Setting next_dagrun for data_extraction to None, run_after=None
[2026-09-17T09:20:33.154+0000] {processor.py:183} INFO - Processing /opt/airflow/dags/data_extracter_dag.py took 0.087 seconds
[2026-09-17T09:21:06.433+0000] {processor.py:161} INFO - Started process (PID=3088) to work on /opt/airflow/dags/data_extracter_dag.py
[2026-09-17T09:21:06.434+0000] {processor.py:830} INFO - Processing file /opt/airflow/dags/data_extracter_dag.py for tasks to queue
[2026-09-17T09:21:06.435+0000] {logging_mixin.py:188} INFO - [2026-09-17T09:21:06.434+0000] {dagbag.py:545} INFO - Filling up the DagBag from /opt/airflow/dags/data_extracter_dag.py
[2026-09-17T09:21:06.445+0000] {processor.py:840} INFO - DAG(s) 'data_extraction' retrieved from /opt/airflow/dags/data_extracter_dag.py
[2026-09-17T09:21:06.470+0000] {logging_mixin.py:188} INFO - [2026-09-17T09:21:06.470+0000] {dag.py:3096} INFO - Sync 1 DAGs
[2026-09-17T09:21:06.479+0000] {logging_mixin.py:188} INFO - [2026-09-17T09:21:06.479+0000] {dag.py:3954} INFO - Setting next_dagrun for data_extraction to None, run_after=None
[2026-09-17T09:21:06.498+0000] {processor.py:183} INFO - Processing /opt/airflow/dags/data_extracter_dag.py took 0.070 seconds
[2026-09-17T09:21:39.710+0000] {processor.py:161} INFO - Started process (PID=3096) to work on /opt/airflow/dags/data_extracter_dag.py
[2026-09-17T09:21:39.711+0000] {processor.py:830} INFO - Processing file /opt/airflow/dags/data_extracter_dag.py for tasks to queue
[2026-09-17T09:21:39.712+0000] {logging_mixin.py:188} INFO - [2026-09-17T09:21:39.712+0000] {dagbag.py:545} INFO - Filling up the DagBag from /opt/airflow/dags/data_extracter_dag.py
[2026-09-17T09:21:39.724+0000] {processor.py:840} INFO - DAG(s) 'data_extraction' retrieved from /opt/airflow/dags/data_extracter_dag.py
[2026-09-17T09:21:39.752+0000] {logging_mixin.py:188} INFO - [2026-09-17T09:21:39.751+0000] {dag.py:3096} INFO - Sync 1 DAGs
[2026-09-17T09:21:39.760+0000] {logging_mixin.py:188} INFO - [2026-09-17T09:21:39.760+0000] {dag.py:3954} INFO - Setting next_dagrun for data_extraction to None, run_after=None
[2026-09-17T09:21:39.779+0000] {processor.py:183} INFO - Processing /opt/airflow/dags/data_extracter_dag.py took 0.076 seconds
[2026-09-17T09:22:13.064+0000] {processor.py:161} INFO - Started process (PID=3104) to work on /opt/airflow/dags/data_extracter_dag.py
[2026-09-17T09:22:13.065+0000] {processor.py:830} INFO - Processing file /opt/airflow/dags/data_extracter_dag.py for tasks to queue
[2026-09-17T09:22:13.066+0000] {logging_mixin.py:188} INFO - [2026-09-17T09:22:13.066+0000] {dagbag.py:545} INFO - Filling up the DagBag from /opt/airflow/dags/data_extracter_dag.py
[2026-09-17T09:22:13.077+0000] {processor.py:840} INFO - DAG(s) 'data_extraction' retrieved from /opt/airflow/dags/data_extracter_dag.py
[2026-09-17T09:22:13.103+0000] {logging_mixin.py:188} INFO - [2026-09-17T09:22:13.103+0000] {dag.py:3096} INFO - Sync 1 DAGs
[2026-09-17T09:22:13.112+0000] {logging_mixin.py:188} INFO - [2026-09-17T09:22:13.112+0000] {dag.py:3954} INFO - Setting next_dagrun for data_extraction to None, run_after=None
[2026-09-17T09:22:13.133+0000] {processor.py:183} INFO - Processing /opt/airflow/dags/data_extracter_dag.py took 0.074 seconds
[2026-09-17T09:22:46.323+0000] {processor.py:161} INFO - Started process (PID=3112) to work on /opt/airflow/dags/data_extracter_dag.py
[2026-09-17T09:22:46.328+0000] {processor.py:830} INFO - Processing file /opt/airflow/dags/data_extracter_dag.py for tasks to queue
[2026-09-17T09:22:46.329+0000] {logging_mixin.py:188} INFO - [2026-09-17T09:22:46.328+0000] {dagbag.py:545} INFO - Filling up the DagBag from /opt/airflow/dags/data_extracter_dag.py
[2026-09-17T09:22:46.340+0000] {processor.py:840} INFO - DAG(s) 'data_extraction' retrieved from /opt/airflow/dags/data_extracter_dag.py
[2026-09-17T09:22:46.367+0000] {logging_mixin.py:188} INFO - [2026-09-17T09:22:46.367+0000] {dag.py:3096} INFO - Sync 1 DAGs
[2026-09-17T09:22:46.378+0000] {logging_mixin.py:188} INFO - [2026-09-17T09:22:46.377+0000] {dag.py:3954} INFO - Setting next_dagrun for data_extraction to None, run_after=None
[2026-09-17T09:22:46.402+0000] {processor.py:183} INFO - Processing /opt/airflow/dags/data_extracter_dag.py took 0.085 seconds
[2026-09-17T09:23:18.608+0000] {processor.py:161} INFO - Started process (PID=3121) to work on /opt/airflow/dags/data_extracter_dag.py
[2026-09-17T09:23:18.609+0000] {processor.py:830} INFO - Processing file /opt/airflow/dags/data_extracter_dag.py for tasks to queue
[2026-09-17T09:23:18.609+0000] {logging_mixin.py:188} INFO - [2026-09-17T09:23:18.609+0000] {dagbag.py:545} INFO - Filling up the DagBag from /opt/airflow/dags/data_extracter_dag.py
[2026-09-17T09:23:18.621+0000] {processor.py:840} INFO - DAG(s) 'data_extraction' retrieved from /opt/airflow/dags/data_extracter_dag.py
[2026-09-17T09:23:18.651+0000] {logging_mixin.py:188} INFO - [2026-09-17T09:23:18.651+0000] {dag.py:3096} INFO - Sync 1 DAGs
[2026-09-17T09:23:18.663+0000] {logging_mixin.py:188} INFO - [2026-09-17T09:23:18.663+0000] {dag.py:3954} INFO - Setting next_dagrun for data_extraction to None, run_after=None
[2026-09-17T09:23:18.686+0000] {processor.py:183} INFO - Processing /opt/airflow/dags/data_extracter_dag.py took 0.084 seconds
[2026-09-17T09:23:51.945+0000] {processor.py:161} INFO - Started process (PID=3129) to work on /opt/airflow/dags/data_extracter_dag.py
[2026-09-17T09:23:51.949+0000] {processor.py:830} INFO - Processing file /opt/airflow/dags/data_extracter_dag.py for tasks to queue
[2026-09-17T09:23:51.950+0000] {logging_mixin.py:188} INFO - [2026-09-17T09:23:51.950+0000] {dagbag.py:545} INFO - Filling up the DagBag from /opt/airflow/dags/data_extracter_dag.py
[2026-09-17T09:23:51.961+0000] {processor.py:840} INFO - DAG(s) 'data_extraction' retrieved from /opt/airflow/dags/data_extracter_dag.py
[2026-09-17T09:23:51.991+0000] {logging_mixin.py:188} INFO - [2026-09-17T09:23:51.990+0000] {dag.py:3096} INFO - Sync 1 DAGs
[2026-09-17T09:23:52.003+0000] {logging_mixin.py:188} INFO - [2026-09-17T09:23:52.003+0000] {dag.py:3954} INFO - Setting next_dagrun for data_extraction to None, run_after=None
[2026-09-17T09:23:52.028+0000] {processor.py:183} INFO - Processing /opt/airflow/dags/data_extracter_dag.py took 0.088 seconds
[2026-09-17T09:24:25.272+0000] {processor.py:161} INFO - Started process (PID=3137) to work on /opt/airflow/dags/data_extracter_dag.py
[2026-09-17T09:24:25.273+0000] {processor.py:830} INFO - Processing file /opt/airflow/dags/data_extracter_dag.py for tasks to queue
[2026-09-17T09:24:25.274+0000] {logging_mixin.py:188} INFO - [2026-09-17T09:24:25.274+0000] {dagbag.py:545} INFO - Filling up the DagBag from /opt/airflow/dags/data_extracter_dag.py
[2026-09-17T09:24:25.286+0000] {processor.py:840} INFO - DAG(s) 'data_extraction' retrieved from /opt/airflow/dags/data_extracter_dag.py
[2026-09-17T09:24:25.313+0000] {logging_mixin.py:188} INFO - [2026-09-17T09:24:25.313+0000] {dag.py:3096} INFO - Sync 1 DAGs
[2026-09-17T09:24:25.323+0000] {logging_mixin.py:188} INFO - [2026-09-17T09:24:25.323+0000] {dag.py:3954} INFO - Setting next_dagrun for data_extraction to None, run_after=None
[2026-09-17T09:24:25.342+0000] {processor.py:183} INFO - Processing /opt/airflow/dags/data_extracter_dag.py took 0.075 seconds
[2026-09-17T09:24:58.682+0000] {processor.py:161} INFO - Started process (PID=3146) to work on /opt/airflow/dags/data_extracter_dag.py
[2026-09-17T09:24:58.684+0000] {processor.py:830} INFO - Processing file /opt/airflow/dags/data_extracter_dag.py for tasks to queue
[2026-09-17T09:24:58.684+0000] {logging_mixin.py:188} INFO - [2026-09-17T09:24:58.684+0000] {dagbag.py:545} INFO - Filling up the DagBag from /opt/airflow/dags/data_extracter_dag.py
[2026-09-17T09:24:58.701+0000] {processor.py:840} INFO - DAG(s) 'data_extraction' retrieved from /opt/airflow/dags/data_extracter_dag.py
[2026-09-17T09:24:58.745+0000] {logging_mixin.py:188} INFO - [2026-09-17T09:24:58.745+0000] {dag.py:3096} INFO - Sync 1 DAGs
[2026-09-17T09:24:58.760+0000] {logging_mixin.py:188} INFO - [2026-09-17T09:24:58.759+0000] {dag.py:3954} INFO - Setting next_dagrun for data_extraction to None, run_after=None
[2026-09-17T09:24:58.785+0000] {processor.py:183} INFO - Processing /opt/airflow/dags/data_extracter_dag.py took 0.113 seconds
[2026-09-17T09:25:30.997+0000] {processor.py:161} INFO - Started process (PID=3154) to work on /opt/airflow/dags/data_extracter_dag.py
[2026-09-17T09:25:30.998+0000] {processor.py:830} INFO - Processing file /opt/airflow/dags/data_extracter_dag.py for tasks to queue
[2026-09-17T09:25:30.998+0000] {logging_mixin.py:188} INFO - [2026-09-17T09:25:30.998+0000] {dagbag.py:545} INFO - Filling up the DagBag from /opt/airflow/dags/data_extracter_dag.py
[2026-09-17T09:25:31.009+0000] {processor.py:840} INFO - DAG(s) 'data_extraction' retrieved from /opt/airflow/dags/data_extracter_dag.py
[2026-09-17T09:25:31.041+0000] {logging_mixin.py:188} INFO - [2026-09-17T09:25:31.041+0000] {dag.py:3096} INFO - Sync 1 DAGs
[2026-09-17T09:25:31.055+0000] {logging_mixin.py:188} INFO - [2026-09-17T09:25:31.055+0000] {dag.py:3954} INFO - Setting next_dagrun for data_extraction to None, run_after=None
[2026-09-17T09:25:31.080+0000] {processor.py:183} INFO - Processing /opt/airflow/dags/data_extracter_dag.py took 0.089 seconds
[2026-09-17T09:52:28.936+0000] {processor.py:161} INFO - Started process (PID=3162) to work on /opt/airflow/dags/data_extracter_dag.py
[2026-09-17T09:52:28.937+0000] {processor.py:830} INFO - Processing file /opt/airflow/dags/data_extracter_dag.py for tasks to queue
[2026-09-17T09:52:28.938+0000] {logging_mixin.py:188} INFO - [2026-09-17T09:52:28.938+0000] {dagbag.py:545} INFO - Filling up the DagBag from /opt/airflow/dags/data_extracter_dag.py
[2026-09-17T09:52:28.949+0000] {processor.py:840} INFO - DAG(s) 'data_extraction' retrieved from /opt/airflow/dags/data_extracter_dag.py
[2026-09-17T09:52:28.978+0000] {logging_mixin.py:188} INFO - [2026-09-17T09:52:28.978+0000] {dag.py:3096} INFO - Sync 1 DAGs
[2026-09-17T09:52:28.991+0000] {logging_mixin.py:188} INFO - [2026-09-17T09:52:28.990+0000] {dag.py:3954} INFO - Setting next_dagrun for data_extraction to None, run_after=None
[2026-09-17T09:52:29.013+0000] {processor.py:183} INFO - Processing /opt/airflow/dags/data_extracter_dag.py took 0.083 seconds
[2026-09-17T09:52:59.754+0000] {processor.py:161} INFO - Started process (PID=3170) to work on /opt/airflow/dags/data_extracter_dag.py
[2026-09-17T09:52:59.755+0000] {processor.py:830} INFO - Processing file /opt/airflow/dags/data_extracter_dag.py for tasks to queue
[2026-09-17T09:52:59.756+0000] {logging_mixin.py:188} INFO - [2026-09-17T09:52:59.756+0000] {dagbag.py:545} INFO - Filling up the DagBag from /opt/airflow/dags/data_extracter_dag.py
[2026-09-17T09:52:59.771+0000] {processor.py:840} INFO - DAG(s) 'data_extraction' retrieved from /opt/airflow/dags/data_extracter_dag.py
[2026-09-17T09:52:59.799+0000] {logging_mixin.py:188} INFO - [2026-09-17T09:52:59.799+0000] {dag.py:3096} INFO - Sync 1 DAGs
[2026-09-17T09:52:59.810+0000] {logging_mixin.py:188} INFO - [2026-09-17T09:52:59.809+0000] {dag.py:3954} INFO - Setting next_dagrun for data_extraction to None, run_after=None
[2026-09-17T09:52:59.833+0000] {processor.py:183} INFO - Processing /opt/airflow/dags/data_extracter_dag.py took 0.087 seconds
[2026-09-17T09:53:30.553+0000] {processor.py:161} INFO - Started process (PID=3178) to work on /opt/airflow/dags/data_extracter_dag.py
[2026-09-17T09:53:30.554+0000] {processor.py:830} INFO - Processing file /opt/airflow/dags/data_extracter_dag.py for tasks to queue
[2026-09-17T09:53:30.555+0000] {logging_mixin.py:188} INFO - [2026-09-17T09:53:30.555+0000] {dagbag.py:545} INFO - Filling up the DagBag from /opt/airflow/dags/data_extracter_dag.py
[2026-09-17T09:53:30.567+0000] {processor.py:840} INFO - DAG(s) 'data_extraction' retrieved from /opt/airflow/dags/data_extracter_dag.py
[2026-09-17T09:53:30.598+0000] {logging_mixin.py:188} INFO - [2026-09-17T09:53:30.598+0000] {dag.py:3096} INFO - Sync 1 DAGs
[2026-09-17T09:53:30.610+0000] {logging_mixin.py:188} INFO - [2026-09-17T09:53:30.609+0000] {dag.py:3954} INFO - Setting next_dagrun for data_extraction to None, run_after=None
[2026-09-17T09:53:30.634+0000] {processor.py:183} INFO - Processing /opt/airflow/dags/data_extracter_dag.py took 0.087 seconds
[2026-09-17T09:54:01.471+0000] {processor.py:161} INFO - Started process (PID=3187) to work on /opt/airflow/dags/data_extracter_dag.py
[2026-09-17T09:54:01.471+0000] {processor.py:830} INFO - Processing file /opt/airflow/dags/data_extracter_dag.py for tasks to queue
[2026-09-17T09:54:01.472+0000] {logging_mixin.py:188} INFO - [2026-09-17T09:54:01.472+0000] {dagbag.py:545} INFO - Filling up the DagBag from /opt/airflow/dags/data_extracter_dag.py
[2026-09-17T09:54:01.484+0000] {processor.py:840} INFO - DAG(s) 'data_extraction' retrieved from /opt/airflow/dags/data_extracter_dag.py
[2026-09-17T09:54:01.513+0000] {logging_mixin.py:188} INFO - [2026-09-17T09:54:01.512+0000] {dag.py:3096} INFO - Sync 1 DAGs
[2026-09-17T09:54:01.523+0000] {logging_mixin.py:188} INFO - [2026-09-17T09:54:01.523+0000] {dag.py:3954} INFO - Setting next_dagrun for data_extraction to None, run_after=None
[2026-09-17T09:54:01.545+0000] {processor.py:183} INFO - Processing /opt/airflow/dags/data_extracter_dag.py took 0.081 seconds
[2026-09-17T09:54:32.228+0000] {processor.py:161} INFO - Started process (PID=3195) to work on /opt/airflow/dags/data_extracter_dag.py
[2026-09-17T09:54:32.229+0000] {processor.py:830} INFO - Processing file /opt/airflow/dags/data_extracter_dag.py for tasks to queue
[2026-09-17T09:54:32.230+0000] {logging_mixin.py:188} INFO - [2026-09-17T09:54:32.229+0000] {dagbag.py:545} INFO - Filling up the DagBag from /opt/airflow/dags/data_extracter_dag.py
[2026-09-17T09:54:32.241+0000] {processor.py:840} INFO - DAG(s) 'data_extraction' retrieved from /opt/airflow/dags/data_extracter_dag.py
[2026-09-17T09:54:32.272+0000] {logging_mixin.py:188} INFO - [2026-09-17T09:54:32.271+0000] {dag.py:3096} INFO - Sync 1 DAGs
[2026-09-17T09:54:32.284+0000] {logging_mixin.py:188} INFO - [2026-09-17T09:54:32.283+0000] {dag.py:3954} INFO - Setting next_dagrun for data_extraction to None, run_after=None
[2026-09-17T09:54:32.307+0000] {processor.py:183} INFO - Processing /opt/airflow/dags/data_extracter_dag.py took 0.085 seconds
[2026-09-17T09:55:03.112+0000] {processor.py:161} INFO - Started process (PID=3203) to work on /opt/airflow/dags/data_extracter_dag.py
[2026-09-17T09:55:03.113+0000] {processor.py:830} INFO - Processing file /opt/airflow/dags/data_extracter_dag.py for tasks to queue
[2026-09-17T09:55:03.113+0000] {logging_mixin.py:188} INFO - [2026-09-17T09:55:03.113+0000] {dagbag.py:545} INFO - Filling up the DagBag from /opt/airflow/dags/data_extracter_dag.py
[2026-09-17T09:55:03.125+0000] {processor.py:840} INFO - DAG(s) 'data_extraction' retrieved from /opt/airflow/dags/data_extracter_dag.py
[2026-09-17T09:55:03.153+0000] {logging_mixin.py:188} INFO - [2026-09-17T09:55:03.153+0000] {dag.py:3096} INFO - Sync 1 DAGs
[2026-09-17T09:55:03.163+0000] {logging_mixin.py:188} INFO - [2026-09-17T09:55:03.163+0000] {dag.py:3954} INFO - Setting next_dagrun for data_extraction to None, run_after=None
[2026-09-17T09:55:03.187+0000] {processor.py:183} INFO - Processing /opt/airflow/dags/data_extracter_dag.py took 0.081 seconds
[2026-09-17T09:55:33.671+0000] {processor.py:161} INFO - Started process (PID=3211) to work on /opt/airflow/dags/data_extracter_dag.py
[2026-09-17T09:55:33.672+0000] {processor.py:830} INFO - Processing file /opt/airflow/dags/data_extracter_dag.py for tasks to queue
[2026-09-17T09:55:33.673+0000] {logging_mixin.py:188} INFO - [2026-09-17T09:55:33.672+0000] {dagbag.py:545} INFO - Filling up the DagBag from /opt/airflow/dags/data_extracter_dag.py
[2026-09-17T09:55:33.689+0000] {processor.py:840} INFO - DAG(s) 'data_extraction' retrieved from /opt/airflow/dags/data_extracter_dag.py
[2026-09-17T09:55:33.722+0000] {logging_mixin.py:188} INFO - [2026-09-17T09:55:33.722+0000] {dag.py:3096} INFO - Sync 1 DAGs
[2026-09-17T09:55:33.734+0000] {logging_mixin.py:188} INFO - [2026-09-17T09:55:33.734+0000] {dag.py:3954} INFO - Setting next_dagrun for data_extraction to None, run_after=None
[2026-09-17T09:55:33.757+0000] {processor.py:183} INFO - Processing /opt/airflow/dags/data_extracter_dag.py took 0.092 seconds
[2026-09-17T09:56:04.188+0000] {processor.py:161} INFO - Started process (PID=3219) to work on /opt/airflow/dags/data_extracter_dag.py
[2026-09-17T09:56:04.189+0000] {processor.py:830} INFO - Processing file /opt/airflow/dags/data_extracter_dag.py for tasks to queue
[2026-09-17T09:56:04.190+0000] {logging_mixin.py:188} INFO - [2026-09-17T09:56:04.190+0000] {dagbag.py:545} INFO - Filling up the DagBag from /opt/airflow/dags/data_extracter_dag.py
[2026-09-17T09:56:04.208+0000] {processor.py:840} INFO - DAG(s) 'data_extraction' retrieved from /opt/airflow/dags/data_extracter_dag.py
[2026-09-17T09:56:04.240+0000] {logging_mixin.py:188} INFO - [2026-09-17T09:56:04.240+0000] {dag.py:3096} INFO - Sync 1 DAGs
[2026-09-17T09:56:04.251+0000] {logging_mixin.py:188} INFO - [2026-09-17T09:56:04.251+0000] {dag.py:3954} INFO - Setting next_dagrun for data_extraction to None, run_after=None
[2026-09-17T09:56:04.306+0000] {processor.py:183} INFO - Processing /opt/airflow/dags/data_extracter_dag.py took 0.124 seconds
[2026-09-17T09:56:35.011+0000] {processor.py:161} INFO - Started process (PID=3231) to work on /opt/airflow/dags/data_extracter_dag.py
[2026-09-17T09:56:35.012+0000] {processor.py:830} INFO - Processing file /opt/airflow/dags/data_extracter_dag.py for tasks to queue
[2026-09-17T09:56:35.014+0000] {logging_mixin.py:188} INFO - [2026-09-17T09:56:35.013+0000] {dagbag.py:545} INFO - Filling up the DagBag from /opt/airflow/dags/data_extracter_dag.py
[2026-09-17T09:56:35.035+0000] {processor.py:840} INFO - DAG(s) 'data_extraction' retrieved from /opt/airflow/dags/data_extracter_dag.py
[2026-09-17T09:56:35.071+0000] {logging_mixin.py:188} INFO - [2026-09-17T09:56:35.071+0000] {dag.py:3096} INFO - Sync 1 DAGs
[2026-09-17T09:56:35.085+0000] {logging_mixin.py:188} INFO - [2026-09-17T09:56:35.084+0000] {dag.py:3954} INFO - Setting next_dagrun for data_extraction to None, run_after=None
[2026-09-17T09:56:35.112+0000] {processor.py:183} INFO - Processing /opt/airflow/dags/data_extracter_dag.py took 0.113 seconds
[2026-09-17T09:57:05.628+0000] {processor.py:161} INFO - Started process (PID=3240) to work on /opt/airflow/dags/data_extracter_dag.py
[2026-09-17T09:57:05.629+0000] {processor.py:830} INFO - Processing file /opt/airflow/dags/data_extracter_dag.py for tasks to queue
[2026-09-17T09:57:05.630+0000] {logging_mixin.py:188} INFO - [2026-09-17T09:57:05.629+0000] {dagbag.py:545} INFO - Filling up the DagBag from /opt/airflow/dags/data_extracter_dag.py
[2026-09-17T09:57:05.643+0000] {processor.py:840} INFO - DAG(s) 'data_extraction' retrieved from /opt/airflow/dags/data_extracter_dag.py
[2026-09-17T09:57:05.673+0000] {logging_mixin.py:188} INFO - [2026-09-17T09:57:05.673+0000] {dag.py:3096} INFO - Sync 1 DAGs
[2026-09-17T09:57:05.685+0000] {logging_mixin.py:188} INFO - [2026-09-17T09:57:05.685+0000] {dag.py:3954} INFO - Setting next_dagrun for data_extraction to None, run_after=None
[2026-09-17T09:57:05.703+0000] {processor.py:183} INFO - Processing /opt/airflow/dags/data_extracter_dag.py took 0.081 seconds
[2026-09-17T09:57:36.208+0000] {processor.py:161} INFO - Started process (PID=3248) to work on /opt/airflow/dags/data_extracter_dag.py
[2026-09-17T09:57:36.213+0000] {processor.py:830} INFO - Processing file /opt/airflow/dags/data_extracter_dag.py for tasks to queue
[2026-09-17T09:57:36.214+0000] {logging_mixin.py:188} INFO - [2026-09-17T09:57:36.214+0000] {dagbag.py:545} INFO - Filling up the DagBag from /opt/airflow/dags/data_extracter_dag.py
[2026-09-17T09:57:36.225+0000] {processor.py:840} INFO - DAG(s) 'data_extraction' retrieved from /opt/airflow/dags/data_extracter_dag.py
[2026-09-17T09:57:36.253+0000] {logging_mixin.py:188} INFO - [2026-09-17T09:57:36.253+0000] {dag.py:3096} INFO - Sync 1 DAGs
[2026-09-17T09:57:36.265+0000] {logging_mixin.py:188} INFO - [2026-09-17T09:57:36.264+0000] {dag.py:3954} INFO - Setting next_dagrun for data_extraction to None, run_after=None
[2026-09-17T09:57:36.284+0000] {processor.py:183} INFO - Processing /opt/airflow/dags/data_extracter_dag.py took 0.082 seconds
[2026-09-17T09:58:06.752+0000] {processor.py:161} INFO - Started process (PID=3256) to work on /opt/airflow/dags/data_extracter_dag.py
[2026-09-17T09:58:06.753+0000] {processor.py:830} INFO - Processing file /opt/airflow/dags/data_extracter_dag.py for tasks to queue
[2026-09-17T09:58:06.753+0000] {logging_mixin.py:188} INFO - [2026-09-17T09:58:06.753+0000] {dagbag.py:545} INFO - Filling up the DagBag from /opt/airflow/dags/data_extracter_dag.py
[2026-09-17T09:58:06.764+0000] {processor.py:840} INFO - DAG(s) 'data_extraction' retrieved from /opt/airflow/dags/data_extracter_dag.py
[2026-09-17T09:58:06.790+0000] {logging_mixin.py:188} INFO - [2026-09-17T09:58:06.790+0000] {dag.py:3096} INFO - Sync 1 DAGs
[2026-09-17T09:58:06.799+0000] {logging_mixin.py:188} INFO - [2026-09-17T09:58:06.799+0000] {dag.py:3954} INFO - Setting next_dagrun for data_extraction to None, run_after=None
[2026-09-17T09:58:06.818+0000] {processor.py:183} INFO - Processing /opt/airflow/dags/data_extracter_dag.py took 0.072 seconds
[2026-09-17T09:58:37.343+0000] {processor.py:161} INFO - Started process (PID=3264) to work on /opt/airflow/dags/data_extracter_dag.py
[2026-09-17T09:58:37.348+0000] {processor.py:830} INFO - Processing file /opt/airflow/dags/data_extracter_dag.py for tasks to queue
[2026-09-17T09:58:37.348+0000] {logging_mixin.py:188} INFO - [2026-09-17T09:58:37.348+0000] {dagbag.py:545} INFO - Filling up the DagBag from /opt/airflow/dags/data_extracter_dag.py
[2026-09-17T09:58:37.359+0000] {processor.py:840} INFO - DAG(s) 'data_extraction' retrieved from /opt/airflow/dags/data_extracter_dag.py
[2026-09-17T09:58:37.386+0000] {logging_mixin.py:188} INFO - [2026-09-17T09:58:37.386+0000] {dag.py:3096} INFO - Sync 1 DAGs
[2026-09-17T09:58:37.395+0000] {logging_mixin.py:188} INFO - [2026-09-17T09:58:37.395+0000] {dag.py:3954} INFO - Setting next_dagrun for data_extraction to None, run_after=None
[2026-09-17T09:58:37.419+0000] {processor.py:183} INFO - Processing /opt/airflow/dags/data_extracter_dag.py took 0.082 seconds
[2026-09-17T09:59:08.043+0000] {processor.py:161} INFO - Started process (PID=3272) to work on /opt/airflow/dags/data_extracter_dag.py
[2026-09-17T09:59:08.043+0000] {processor.py:830} INFO - Processing file /opt/airflow/dags/data_extracter_dag.py for tasks to queue
[2026-09-17T09:59:08.044+0000] {logging_mixin.py:188} INFO - [2026-09-17T09:59:08.044+0000] {dagbag.py:545} INFO - Filling up the DagBag from /opt/airflow/dags/data_extracter_dag.py
[2026-09-17T09:59:08.055+0000] {processor.py:840} INFO - DAG(s) 'data_extraction' retrieved from /opt/airflow/dags/data_extracter_dag.py
[2026-09-17T09:59:08.083+0000] {logging_mixin.py:188} INFO - [2026-09-17T09:59:08.083+0000] {dag.py:3096} INFO - Sync 1 DAGs
[2026-09-17T09:59:08.094+0000] {logging_mixin.py:188} INFO - [2026-09-17T09:59:08.093+0000] {dag.py:3954} INFO - Setting next_dagrun for data_extraction to None, run_after=None
[2026-09-17T09:59:08.114+0000] {processor.py:183} INFO - Processing /opt/airflow/dags/data_extracter_dag.py took 0.077 seconds
[2026-09-17T09:59:38.643+0000] {processor.py:161} INFO - Started process (PID=3274) to work on /opt/airflow/dags/data_extracter_dag.py
[2026-09-17T09:59:38.648+0000] {processor.py:830} INFO - Processing file /opt/airflow/dags/data_extracter_dag.py for tasks to queue
[2026-09-17T09:59:38.649+0000] {logging_mixin.py:188} INFO - [2026-09-17T09:59:38.649+0000] {dagbag.py:545} INFO - Filling up the DagBag from /opt/airflow/dags/data_extracter_dag.py
[2026-09-17T09:59:38.662+0000] {processor.py:840} INFO - DAG(s) 'data_extraction' retrieved from /opt/airflow/dags/data_extracter_dag.py
[2026-09-17T09:59:38.689+0000] {logging_mixin.py:188} INFO - [2026-09-17T09:59:38.689+0000] {dag.py:3096} INFO - Sync 1 DAGs
[2026-09-17T09:59:38.698+0000] {logging_mixin.py:188} INFO - [2026-09-17T09:59:38.698+0000] {dag.py:3954} INFO - Setting next_dagrun for data_extraction to None, run_after=None
[2026-09-17T09:59:38.717+0000] {processor.py:183} INFO - Processing /opt/airflow/dags/data_extracter_dag.py took 0.081 seconds
[2026-09-17T10:00:11.214+0000] {processor.py:161} INFO - Started process (PID=3282) to work on /opt/airflow/dags/data_extracter_dag.py
[2026-09-17T10:00:11.215+0000] {processor.py:830} INFO - Processing file /opt/airflow/dags/data_extracter_dag.py for tasks to queue
[2026-09-17T10:00:11.216+0000] {logging_mixin.py:188} INFO - [2026-09-17T10:00:11.216+0000] {dagbag.py:545} INFO - Filling up the DagBag from /opt/airflow/dags/data_extracter_dag.py
[2026-09-17T10:00:11.226+0000] {processor.py:840} INFO - DAG(s) 'data_extraction' retrieved from /opt/airflow/dags/data_extracter_dag.py
[2026-09-17T10:00:11.252+0000] {logging_mixin.py:188} INFO - [2026-09-17T10:00:11.252+0000] {dag.py:3096} INFO - Sync 1 DAGs
[2026-09-17T10:00:11.261+0000] {logging_mixin.py:188} INFO - [2026-09-17T10:00:11.261+0000] {dag.py:3954} INFO - Setting next_dagrun for data_extraction to None, run_after=None
[2026-09-17T10:00:11.279+0000] {processor.py:183} INFO - Processing /opt/airflow/dags/data_extracter_dag.py took 0.070 seconds
[2026-09-17T10:00:42.826+0000] {processor.py:161} INFO - Started process (PID=3291) to work on /opt/airflow/dags/data_extracter_dag.py
[2026-09-17T10:00:42.828+0000] {processor.py:830} INFO - Processing file /opt/airflow/dags/data_extracter_dag.py for tasks to queue
[2026-09-17T10:00:42.829+0000] {logging_mixin.py:188} INFO - [2026-09-17T10:00:42.829+0000] {dagbag.py:545} INFO - Filling up the DagBag from /opt/airflow/dags/data_extracter_dag.py
[2026-09-17T10:00:42.843+0000] {processor.py:840} INFO - DAG(s) 'data_extraction' retrieved from /opt/airflow/dags/data_extracter_dag.py
[2026-09-17T10:00:42.876+0000] {logging_mixin.py:188} INFO - [2026-09-17T10:00:42.876+0000] {dag.py:3096} INFO - Sync 1 DAGs
[2026-09-17T10:00:42.891+0000] {logging_mixin.py:188} INFO - [2026-09-17T10:00:42.891+0000] {dag.py:3954} INFO - Setting next_dagrun for data_extraction to None, run_after=None
[2026-09-17T10:00:42.915+0000] {processor.py:183} INFO - Processing /opt/airflow/dags/data_extracter_dag.py took 0.096 seconds
[2026-09-17T10:01:15.726+0000] {processor.py:161} INFO - Started process (PID=3306) to work on /opt/airflow/dags/data_extracter_dag.py
[2026-09-17T10:01:15.726+0000] {processor.py:830} INFO - Processing file /opt/airflow/dags/data_extracter_dag.py for tasks to queue
[2026-09-17T10:01:15.727+0000] {logging_mixin.py:188} INFO - [2026-09-17T10:01:15.727+0000] {dagbag.py:545} INFO - Filling up the DagBag from /opt/airflow/dags/data_extracter_dag.py
[2026-09-17T10:01:15.743+0000] {processor.py:840} INFO - DAG(s) 'data_extraction' retrieved from /opt/airflow/dags/data_extracter_dag.py
[2026-09-17T10:01:15.779+0000] {logging_mixin.py:188} INFO - [2026-09-17T10:01:15.778+0000] {dag.py:3096} INFO - Sync 1 DAGs
[2026-09-17T10:01:15.790+0000] {logging_mixin.py:188} INFO - [2026-09-17T10:01:15.790+0000] {dag.py:3954} INFO - Setting next_dagrun for data_extraction to None, run_after=None
[2026-09-17T10:01:15.815+0000] {processor.py:183} INFO - Processing /opt/airflow/dags/data_extracter_dag.py took 0.095 seconds
[2026-09-17T10:01:47.541+0000] {processor.py:161} INFO - Started process (PID=3317) to work on /opt/airflow/dags/data_extracter_dag.py
[2026-09-17T10:01:47.545+0000] {processor.py:830} INFO - Processing file /opt/airflow/dags/data_extracter_dag.py for tasks to queue
[2026-09-17T10:01:47.546+0000] {logging_mixin.py:188} INFO - [2026-09-17T10:01:47.546+0000] {dagbag.py:545} INFO - Filling up the DagBag from /opt/airflow/dags/data_extracter_dag.py
[2026-09-17T10:01:47.558+0000] {processor.py:840} INFO - DAG(s) 'data_extraction' retrieved from /opt/airflow/dags/data_extracter_dag.py
[2026-09-17T10:01:47.586+0000] {logging_mixin.py:188} INFO - [2026-09-17T10:01:47.586+0000] {dag.py:3096} INFO - Sync 1 DAGs
[2026-09-17T10:01:47.596+0000] {logging_mixin.py:188} INFO - [2026-09-17T10:01:47.595+0000] {dag.py:3954} INFO - Setting next_dagrun for data_extraction to None, run_after=None
[2026-09-17T10:01:47.621+0000] {processor.py:183} INFO - Processing /opt/airflow/dags/data_extracter_dag.py took 0.087 seconds
[2026-09-17T10:02:20.865+0000] {processor.py:161} INFO - Started process (PID=3325) to work on /opt/airflow/dags/data_extracter_dag.py
[2026-09-17T10:02:20.866+0000] {processor.py:830} INFO - Processing file /opt/airflow/dags/data_extracter_dag.py for tasks to queue
[2026-09-17T10:02:20.867+0000] {logging_mixin.py:188} INFO - [2026-09-17T10:02:20.867+0000] {dagbag.py:545} INFO - Filling up the DagBag from /opt/airflow/dags/data_extracter_dag.py
[2026-09-17T10:02:20.882+0000] {processor.py:840} INFO - DAG(s) 'data_extraction' retrieved from /opt/airflow/dags/data_extracter_dag.py
[2026-09-17T10:02:20.912+0000] {logging_mixin.py:188} INFO - [2026-09-17T10:02:20.912+0000] {dag.py:3096} INFO - Sync 1 DAGs
[2026-09-17T10:02:20.922+0000] {logging_mixin.py:188} INFO - [2026-09-17T10:02:20.921+0000] {dag.py:3954} INFO - Setting next_dagrun for data_extraction to None, run_after=None
[2026-09-17T10:02:20.946+0000] {processor.py:183} INFO - Processing /opt/airflow/dags/data_extracter_dag.py took 0.086 seconds
[2026-09-17T10:02:53.572+0000] {processor.py:161} INFO - Started process (PID=3333) to work on /opt/airflow/dags/data_extracter_dag.py
[2026-09-17T10:02:53.577+0000] {processor.py:830} INFO - Processing file /opt/airflow/dags/data_extracter_dag.py for tasks to queue
[2026-09-17T10:02:53.578+0000] {logging_mixin.py:188} INFO - [2026-09-17T10:02:53.578+0000] {dagbag.py:545} INFO - Filling up the DagBag from /opt/airflow/dags/data_extracter_dag.py
[2026-09-17T10:02:53.592+0000] {processor.py:840} INFO - DAG(s) 'data_extraction' retrieved from /opt/airflow/dags/data_extracter_dag.py
[2026-09-17T10:02:53.630+0000] {logging_mixin.py:188} INFO - [2026-09-17T10:02:53.630+0000] {dag.py:3096} INFO - Sync 1 DAGs
[2026-09-17T10:02:53.645+0000] {logging_mixin.py:188} INFO - [2026-09-17T10:02:53.645+0000] {dag.py:3954} INFO - Setting next_dagrun for data_extraction to None, run_after=None
[2026-09-17T10:02:53.670+0000] {processor.py:183} INFO - Processing /opt/airflow/dags/data_extracter_dag.py took 0.105 seconds
[2026-09-17T10:03:26.103+0000] {processor.py:161} INFO - Started process (PID=3341) to work on /opt/airflow/dags/data_extracter_dag.py
[2026-09-17T10:03:26.104+0000] {processor.py:830} INFO - Processing file /opt/airflow/dags/data_extracter_dag.py for tasks to queue
[2026-09-17T10:03:26.105+0000] {logging_mixin.py:188} INFO - [2026-09-17T10:03:26.105+0000] {dagbag.py:545} INFO - Filling up the DagBag from /opt/airflow/dags/data_extracter_dag.py
[2026-09-17T10:03:26.120+0000] {processor.py:840} INFO - DAG(s) 'data_extraction' retrieved from /opt/airflow/dags/data_extracter_dag.py
[2026-09-17T10:03:26.152+0000] {logging_mixin.py:188} INFO - [2026-09-17T10:03:26.152+0000] {dag.py:3096} INFO - Sync 1 DAGs
[2026-09-17T10:03:26.163+0000] {logging_mixin.py:188} INFO - [2026-09-17T10:03:26.163+0000] {dag.py:3954} INFO - Setting next_dagrun for data_extraction to None, run_after=None
[2026-09-17T10:03:26.185+0000] {processor.py:183} INFO - Processing /opt/airflow/dags/data_extracter_dag.py took 0.090 seconds
[2026-09-17T10:03:58.019+0000] {processor.py:161} INFO - Started process (PID=3349) to work on /opt/airflow/dags/data_extracter_dag.py
[2026-09-17T10:03:58.020+0000] {processor.py:830} INFO - Processing file /opt/airflow/dags/data_extracter_dag.py for tasks to queue
[2026-09-17T10:03:58.021+0000] {logging_mixin.py:188} INFO - [2026-09-17T10:03:58.021+0000] {dagbag.py:545} INFO - Filling up the DagBag from /opt/airflow/dags/data_extracter_dag.py
[2026-09-17T10:03:58.031+0000] {processor.py:840} INFO - DAG(s) 'data_extraction' retrieved from /opt/airflow/dags/data_extracter_dag.py
[2026-09-17T10:03:58.059+0000] {logging_mixin.py:188} INFO - [2026-09-17T10:03:58.058+0000] {dag.py:3096} INFO - Sync 1 DAGs
[2026-09-17T10:03:58.069+0000] {logging_mixin.py:188} INFO - [2026-09-17T10:03:58.069+0000] {dag.py:3954} INFO - Setting next_dagrun for data_extraction to None, run_after=None
[2026-09-17T10:03:58.090+0000] {processor.py:183} INFO - Processing /opt/airflow/dags/data_extracter_dag.py took 0.076 seconds
[2026-09-17T10:04:30.631+0000] {processor.py:161} INFO - Started process (PID=3357) to work on /opt/airflow/dags/data_extracter_dag.py
[2026-09-17T10:04:30.632+0000] {processor.py:830} INFO - Processing file /opt/airflow/dags/data_extracter_dag.py for tasks to queue
[2026-09-17T10:04:30.633+0000] {logging_mixin.py:188} INFO - [2026-09-17T10:04:30.633+0000] {dagbag.py:545} INFO - Filling up the DagBag from /opt/airflow/dags/data_extracter_dag.py
[2026-09-17T10:04:30.646+0000] {processor.py:840} INFO - DAG(s) 'data_extraction' retrieved from /opt/airflow/dags/data_extracter_dag.py
[2026-09-17T10:04:30.676+0000] {logging_mixin.py:188} INFO - [2026-09-17T10:04:30.676+0000] {dag.py:3096} INFO - Sync 1 DAGs
[2026-09-17T10:04:30.687+0000] {logging_mixin.py:188} INFO - [2026-09-17T10:04:30.686+0000] {dag.py:3954} INFO - Setting next_dagrun for data_extraction to None, run_after=None
[2026-09-17T10:04:30.706+0000] {processor.py:183} INFO - Processing /opt/airflow/dags/data_extracter_dag.py took 0.085 seconds
[2026-09-17T10:05:03.500+0000] {processor.py:161} INFO - Started process (PID=3366) to work on /opt/airflow/dags/data_extracter_dag.py
[2026-09-17T10:05:03.501+0000] {processor.py:830} INFO - Processing file /opt/airflow/dags/data_extracter_dag.py for tasks to queue
[2026-09-17T10:05:03.502+0000] {logging_mixin.py:188} INFO - [2026-09-17T10:05:03.502+0000] {dagbag.py:545} INFO - Filling up the DagBag from /opt/airflow/dags/data_extracter_dag.py
[2026-09-17T10:05:03.514+0000] {processor.py:840} INFO - DAG(s) 'data_extraction' retrieved from /opt/airflow/dags/data_extracter_dag.py
[2026-09-17T10:05:03.542+0000] {logging_mixin.py:188} INFO - [2026-09-17T10:05:03.542+0000] {dag.py:3096} INFO - Sync 1 DAGs
[2026-09-17T10:05:03.556+0000] {logging_mixin.py:188} INFO - [2026-09-17T10:05:03.556+0000] {dag.py:3954} INFO - Setting next_dagrun for data_extraction to None, run_after=None
[2026-09-17T10:05:03.579+0000] {processor.py:183} INFO - Processing /opt/airflow/dags/data_extracter_dag.py took 0.088 seconds
[2026-09-17T10:05:36.229+0000] {processor.py:161} INFO - Started process (PID=3374) to work on /opt/airflow/dags/data_extracter_dag.py
[2026-09-17T10:05:36.230+0000] {processor.py:830} INFO - Processing file /opt/airflow/dags/data_extracter_dag.py for tasks to queue
[2026-09-17T10:05:36.230+0000] {logging_mixin.py:188} INFO - [2026-09-17T10:05:36.230+0000] {dagbag.py:545} INFO - Filling up the DagBag from /opt/airflow/dags/data_extracter_dag.py
[2026-09-17T10:05:36.243+0000] {processor.py:840} INFO - DAG(s) 'data_extraction' retrieved from /opt/airflow/dags/data_extracter_dag.py
[2026-09-17T10:05:36.276+0000] {logging_mixin.py:188} INFO - [2026-09-17T10:05:36.276+0000] {dag.py:3096} INFO - Sync 1 DAGs
[2026-09-17T10:05:36.287+0000] {logging_mixin.py:188} INFO - [2026-09-17T10:05:36.286+0000] {dag.py:3954} INFO - Setting next_dagrun for data_extraction to None, run_after=None
[2026-09-17T10:05:36.310+0000] {processor.py:183} INFO - Processing /opt/airflow/dags/data_extracter_dag.py took 0.088 seconds
[2026-09-17T10:06:08.364+0000] {processor.py:161} INFO - Started process (PID=3382) to work on /opt/airflow/dags/data_extracter_dag.py
[2026-09-17T10:06:08.365+0000] {processor.py:830} INFO - Processing file /opt/airflow/dags/data_extracter_dag.py for tasks to queue
[2026-09-17T10:06:08.366+0000] {logging_mixin.py:188} INFO - [2026-09-17T10:06:08.366+0000] {dagbag.py:545} INFO - Filling up the DagBag from /opt/airflow/dags/data_extracter_dag.py
[2026-09-17T10:06:08.378+0000] {processor.py:840} INFO - DAG(s) 'data_extraction' retrieved from /opt/airflow/dags/data_extracter_dag.py
[2026-09-17T10:06:08.411+0000] {logging_mixin.py:188} INFO - [2026-09-17T10:06:08.411+0000] {dag.py:3096} INFO - Sync 1 DAGs
[2026-09-17T10:06:08.423+0000] {logging_mixin.py:188} INFO - [2026-09-17T10:06:08.423+0000] {dag.py:3954} INFO - Setting next_dagrun for data_extraction to None, run_after=None
[2026-09-17T10:06:08.446+0000] {processor.py:183} INFO - Processing /opt/airflow/dags/data_extracter_dag.py took 0.089 seconds
[2026-09-17T10:06:41.114+0000] {processor.py:161} INFO - Started process (PID=3390) to work on /opt/airflow/dags/data_extracter_dag.py
[2026-09-17T10:06:41.115+0000] {processor.py:830} INFO - Processing file /opt/airflow/dags/data_extracter_dag.py for tasks to queue
[2026-09-17T10:06:41.116+0000] {logging_mixin.py:188} INFO - [2026-09-17T10:06:41.116+0000] {dagbag.py:545} INFO - Filling up the DagBag from /opt/airflow/dags/data_extracter_dag.py
[2026-09-17T10:06:41.127+0000] {processor.py:840} INFO - DAG(s) 'data_extraction' retrieved from /opt/airflow/dags/data_extracter_dag.py
[2026-09-17T10:06:41.156+0000] {logging_mixin.py:188} INFO - [2026-09-17T10:06:41.156+0000] {dag.py:3096} INFO - Sync 1 DAGs
[2026-09-17T10:06:41.166+0000] {logging_mixin.py:188} INFO - [2026-09-17T10:06:41.166+0000] {dag.py:3954} INFO - Setting next_dagrun for data_extraction to None, run_after=None
[2026-09-17T10:06:41.184+0000] {processor.py:183} INFO - Processing /opt/airflow/dags/data_extracter_dag.py took 0.075 seconds
[2026-09-17T10:07:14.164+0000] {processor.py:161} INFO - Started process (PID=3398) to work on /opt/airflow/dags/data_extracter_dag.py
[2026-09-17T10:07:14.165+0000] {processor.py:830} INFO - Processing file /opt/airflow/dags/data_extracter_dag.py for tasks to queue
[2026-09-17T10:07:14.166+0000] {logging_mixin.py:188} INFO - [2026-09-17T10:07:14.165+0000] {dagbag.py:545} INFO - Filling up the DagBag from /opt/airflow/dags/data_extracter_dag.py
[2026-09-17T10:07:14.181+0000] {processor.py:840} INFO - DAG(s) 'data_extraction' retrieved from /opt/airflow/dags/data_extracter_dag.py
[2026-09-17T10:07:14.214+0000] {logging_mixin.py:188} INFO - [2026-09-17T10:07:14.213+0000] {dag.py:3096} INFO - Sync 1 DAGs
[2026-09-17T10:07:14.225+0000] {logging_mixin.py:188} INFO - [2026-09-17T10:07:14.225+0000] {dag.py:3954} INFO - Setting next_dagrun for data_extraction to None, run_after=None
[2026-09-17T10:07:14.245+0000] {processor.py:183} INFO - Processing /opt/airflow/dags/data_extracter_dag.py took 0.090 seconds
[2026-09-17T10:07:46.918+0000] {processor.py:161} INFO - Started process (PID=3406) to work on /opt/airflow/dags/data_extracter_dag.py
[2026-09-17T10:07:46.919+0000] {processor.py:830} INFO - Processing file /opt/airflow/dags/data_extracter_dag.py for tasks to queue
[2026-09-17T10:07:46.920+0000] {logging_mixin.py:188} INFO - [2026-09-17T10:07:46.919+0000] {dagbag.py:545} INFO - Filling up the DagBag from /opt/airflow/dags/data_extracter_dag.py
[2026-09-17T10:07:46.936+0000] {processor.py:840} INFO - DAG(s) 'data_extraction' retrieved from /opt/airflow/dags/data_extracter_dag.py
[2026-09-17T10:07:46.969+0000] {logging_mixin.py:188} INFO - [2026-09-17T10:07:46.969+0000] {dag.py:3096} INFO - Sync 1 DAGs
[2026-09-17T10:07:46.980+0000] {logging_mixin.py:188} INFO - [2026-09-17T10:07:46.980+0000] {dag.py:3954} INFO - Setting next_dagrun for data_extraction to None, run_after=None
[2026-09-17T10:07:47.002+0000] {processor.py:183} INFO - Processing /opt/airflow/dags/data_extracter_dag.py took 0.090 seconds
[2026-09-17T10:08:19.766+0000] {processor.py:161} INFO - Started process (PID=3414) to work on /opt/airflow/dags/data_extracter_dag.py
[2026-09-17T10:08:19.768+0000] {processor.py:830} INFO - Processing file /opt/airflow/dags/data_extracter_dag.py for tasks to queue
[2026-09-17T10:08:19.768+0000] {logging_mixin.py:188} INFO - [2026-09-17T10:08:19.768+0000] {dagbag.py:545} INFO - Filling up the DagBag from /opt/airflow/dags/data_extracter_dag.py
[2026-09-17T10:08:19.781+0000] {processor.py:840} INFO - DAG(s) 'data_extraction' retrieved from /opt/airflow/dags/data_extracter_dag.py
[2026-09-17T10:08:19.812+0000] {logging_mixin.py:188} INFO - [2026-09-17T10:08:19.812+0000] {dag.py:3096} INFO - Sync 1 DAGs
[2026-09-17T10:08:19.823+0000] {logging_mixin.py:188} INFO - [2026-09-17T10:08:19.823+0000] {dag.py:3954} INFO - Setting next_dagrun for data_extraction to None, run_after=None
[2026-09-17T10:08:19.847+0000] {processor.py:183} INFO - Processing /opt/airflow/dags/data_extracter_dag.py took 0.087 seconds
[2026-09-17T10:08:51.599+0000] {processor.py:161} INFO - Started process (PID=3422) to work on /opt/airflow/dags/data_extracter_dag.py
[2026-09-17T10:08:51.600+0000] {processor.py:830} INFO - Processing file /opt/airflow/dags/data_extracter_dag.py for tasks to queue
[2026-09-17T10:08:51.601+0000] {logging_mixin.py:188} INFO - [2026-09-17T10:08:51.601+0000] {dagbag.py:545} INFO - Filling up the DagBag from /opt/airflow/dags/data_extracter_dag.py
[2026-09-17T10:08:51.619+0000] {processor.py:840} INFO - DAG(s) 'data_extraction' retrieved from /opt/airflow/dags/data_extracter_dag.py
[2026-09-17T10:08:51.652+0000] {logging_mixin.py:188} INFO - [2026-09-17T10:08:51.651+0000] {dag.py:3096} INFO - Sync 1 DAGs
[2026-09-17T10:08:51.662+0000] {logging_mixin.py:188} INFO - [2026-09-17T10:08:51.662+0000] {dag.py:3954} INFO - Setting next_dagrun for data_extraction to None, run_after=None
[2026-09-17T10:08:51.683+0000] {processor.py:183} INFO - Processing /opt/airflow/dags/data_extracter_dag.py took 0.095 seconds
[2026-09-17T10:09:24.798+0000] {processor.py:161} INFO - Started process (PID=3430) to work on /opt/airflow/dags/data_extracter_dag.py
[2026-09-17T10:09:24.800+0000] {processor.py:830} INFO - Processing file /opt/airflow/dags/data_extracter_dag.py for tasks to queue
[2026-09-17T10:09:24.802+0000] {logging_mixin.py:188} INFO - [2026-09-17T10:09:24.801+0000] {dagbag.py:545} INFO - Filling up the DagBag from /opt/airflow/dags/data_extracter_dag.py
[2026-09-17T10:09:24.821+0000] {processor.py:840} INFO - DAG(s) 'data_extraction' retrieved from /opt/airflow/dags/data_extracter_dag.py
[2026-09-17T10:09:24.854+0000] {logging_mixin.py:188} INFO - [2026-09-17T10:09:24.854+0000] {dag.py:3096} INFO - Sync 1 DAGs
[2026-09-17T10:09:24.866+0000] {logging_mixin.py:188} INFO - [2026-09-17T10:09:24.866+0000] {dag.py:3954} INFO - Setting next_dagrun for data_extraction to None, run_after=None
[2026-09-17T10:09:24.890+0000] {processor.py:183} INFO - Processing /opt/airflow/dags/data_extracter_dag.py took 0.099 seconds
[2026-09-17T10:09:58.051+0000] {processor.py:161} INFO - Started process (PID=3438) to work on /opt/airflow/dags/data_extracter_dag.py
[2026-09-17T10:09:58.052+0000] {processor.py:830} INFO - Processing file /opt/airflow/dags/data_extracter_dag.py for tasks to queue
[2026-09-17T10:09:58.053+0000] {logging_mixin.py:188} INFO - [2026-09-17T10:09:58.053+0000] {dagbag.py:545} INFO - Filling up the DagBag from /opt/airflow/dags/data_extracter_dag.py
[2026-09-17T10:09:58.065+0000] {processor.py:840} INFO - DAG(s) 'data_extraction' retrieved from /opt/airflow/dags/data_extracter_dag.py
[2026-09-17T10:09:58.091+0000] {logging_mixin.py:188} INFO - [2026-09-17T10:09:58.091+0000] {dag.py:3096} INFO - Sync 1 DAGs
[2026-09-17T10:09:58.102+0000] {logging_mixin.py:188} INFO - [2026-09-17T10:09:58.102+0000] {dag.py:3954} INFO - Setting next_dagrun for data_extraction to None, run_after=None
[2026-09-17T10:09:58.127+0000] {processor.py:183} INFO - Processing /opt/airflow/dags/data_extracter_dag.py took 0.083 seconds
[2026-09-17T10:10:30.941+0000] {processor.py:161} INFO - Started process (PID=3446) to work on /opt/airflow/dags/data_extracter_dag.py
[2026-09-17T10:10:30.943+0000] {processor.py:830} INFO - Processing file /opt/airflow/dags/data_extracter_dag.py for tasks to queue
[2026-09-17T10:10:30.944+0000] {logging_mixin.py:188} INFO - [2026-09-17T10:10:30.943+0000] {dagbag.py:545} INFO - Filling up the DagBag from /opt/airflow/dags/data_extracter_dag.py
[2026-09-17T10:10:30.957+0000] {processor.py:840} INFO - DAG(s) 'data_extraction' retrieved from /opt/airflow/dags/data_extracter_dag.py
[2026-09-17T10:10:30.995+0000] {logging_mixin.py:188} INFO - [2026-09-17T10:10:30.994+0000] {dag.py:3096} INFO - Sync 1 DAGs
[2026-09-17T10:10:31.007+0000] {logging_mixin.py:188} INFO - [2026-09-17T10:10:31.007+0000] {dag.py:3954} INFO - Setting next_dagrun for data_extraction to None, run_after=None
[2026-09-17T10:10:31.033+0000] {processor.py:183} INFO - Processing /opt/airflow/dags/data_extracter_dag.py took 0.100 seconds
[2026-09-17T10:11:04.199+0000] {processor.py:161} INFO - Started process (PID=3454) to work on /opt/airflow/dags/data_extracter_dag.py
[2026-09-17T10:11:04.200+0000] {processor.py:830} INFO - Processing file /opt/airflow/dags/data_extracter_dag.py for tasks to queue
[2026-09-17T10:11:04.201+0000] {logging_mixin.py:188} INFO - [2026-09-17T10:11:04.200+0000] {dagbag.py:545} INFO - Filling up the DagBag from /opt/airflow/dags/data_extracter_dag.py
[2026-09-17T10:11:04.213+0000] {processor.py:840} INFO - DAG(s) 'data_extraction' retrieved from /opt/airflow/dags/data_extracter_dag.py
[2026-09-17T10:11:04.243+0000] {logging_mixin.py:188} INFO - [2026-09-17T10:11:04.242+0000] {dag.py:3096} INFO - Sync 1 DAGs
[2026-09-17T10:11:04.254+0000] {logging_mixin.py:188} INFO - [2026-09-17T10:11:04.254+0000] {dag.py:3954} INFO - Setting next_dagrun for data_extraction to None, run_after=None
[2026-09-17T10:11:04.282+0000] {processor.py:183} INFO - Processing /opt/airflow/dags/data_extracter_dag.py took 0.089 seconds
[2026-09-17T10:11:36.456+0000] {processor.py:161} INFO - Started process (PID=3462) to work on /opt/airflow/dags/data_extracter_dag.py
[2026-09-17T10:11:36.457+0000] {processor.py:830} INFO - Processing file /opt/airflow/dags/data_extracter_dag.py for tasks to queue
[2026-09-17T10:11:36.458+0000] {logging_mixin.py:188} INFO - [2026-09-17T10:11:36.458+0000] {dagbag.py:545} INFO - Filling up the DagBag from /opt/airflow/dags/data_extracter_dag.py
[2026-09-17T10:11:36.472+0000] {processor.py:840} INFO - DAG(s) 'data_extraction' retrieved from /opt/airflow/dags/data_extracter_dag.py
[2026-09-17T10:11:36.510+0000] {logging_mixin.py:188} INFO - [2026-09-17T10:11:36.510+0000] {dag.py:3096} INFO - Sync 1 DAGs
[2026-09-17T10:11:36.522+0000] {logging_mixin.py:188} INFO - [2026-09-17T10:11:36.521+0000] {dag.py:3954} INFO - Setting next_dagrun for data_extraction to None, run_after=None
[2026-09-17T10:11:36.541+0000] {processor.py:183} INFO - Processing /opt/airflow/dags/data_extracter_dag.py took 0.092 seconds
