[2026-09-17T21:26:33.417+0000] {processor.py:161} INFO - Started process (PID=1083) to work on /opt/airflow/dags/extraction_dag.py
[2026-09-17T21:26:33.419+0000] {processor.py:830} INFO - Processing file /opt/airflow/dags/extraction_dag.py for tasks to queue
[2026-09-17T21:26:33.427+0000] {logging_mixin.py:188} INFO - [2026-09-17T21:26:33.427+0000] {dagbag.py:545} INFO - Filling up the DagBag from /opt/airflow/dags/extraction_dag.py
[2026-09-17T21:26:33.447+0000] {processor.py:840} INFO - DAG(s) 'data_extraction' retrieved from /opt/airflow/dags/extraction_dag.py
[2026-09-17T21:26:33.581+0000] {logging_mixin.py:188} INFO - [2026-09-17T21:26:33.580+0000] {dag.py:3096} INFO - Sync 1 DAGs
[2026-09-17T21:26:33.597+0000] {logging_mixin.py:188} INFO - [2026-09-17T21:26:33.597+0000] {dag.py:3954} INFO - Setting next_dagrun for data_extraction to None, run_after=None
[2026-09-17T21:26:33.625+0000] {processor.py:183} INFO - Processing /opt/airflow/dags/extraction_dag.py took 0.217 seconds
[2026-09-17T21:27:03.676+0000] {processor.py:161} INFO - Started process (PID=1091) to work on /opt/airflow/dags/extraction_dag.py
[2026-09-17T21:27:03.678+0000] {processor.py:830} INFO - Processing file /opt/airflow/dags/extraction_dag.py for tasks to queue
[2026-09-17T21:27:03.679+0000] {logging_mixin.py:188} INFO - [2026-09-17T21:27:03.679+0000] {dagbag.py:545} INFO - Filling up the DagBag from /opt/airflow/dags/extraction_dag.py
[2026-09-17T21:27:03.693+0000] {processor.py:840} INFO - DAG(s) 'data_extraction' retrieved from /opt/airflow/dags/extraction_dag.py
[2026-09-17T21:27:03.725+0000] {logging_mixin.py:188} INFO - [2026-09-17T21:27:03.724+0000] {dag.py:3096} INFO - Sync 1 DAGs
[2026-09-17T21:27:03.740+0000] {logging_mixin.py:188} INFO - [2026-09-17T21:27:03.740+0000] {dag.py:3954} INFO - Setting next_dagrun for data_extraction to None, run_after=None
[2026-09-17T21:27:03.773+0000] {processor.py:183} INFO - Processing /opt/airflow/dags/extraction_dag.py took 0.105 seconds
[2026-09-17T21:27:34.063+0000] {processor.py:161} INFO - Started process (PID=1099) to work on /opt/airflow/dags/extraction_dag.py
[2026-09-17T21:27:34.064+0000] {processor.py:830} INFO - Processing file /opt/airflow/dags/extraction_dag.py for tasks to queue
[2026-09-17T21:27:34.066+0000] {logging_mixin.py:188} INFO - [2026-09-17T21:27:34.065+0000] {dagbag.py:545} INFO - Filling up the DagBag from /opt/airflow/dags/extraction_dag.py
[2026-09-17T21:27:34.080+0000] {processor.py:840} INFO - DAG(s) 'data_extraction' retrieved from /opt/airflow/dags/extraction_dag.py
[2026-09-17T21:27:34.111+0000] {logging_mixin.py:188} INFO - [2026-09-17T21:27:34.111+0000] {dag.py:3096} INFO - Sync 1 DAGs
[2026-09-17T21:27:34.124+0000] {logging_mixin.py:188} INFO - [2026-09-17T21:27:34.124+0000] {dag.py:3954} INFO - Setting next_dagrun for data_extraction to None, run_after=None
[2026-09-17T21:27:34.152+0000] {processor.py:183} INFO - Processing /opt/airflow/dags/extraction_dag.py took 0.098 seconds
[2026-09-17T21:28:04.559+0000] {processor.py:161} INFO - Started process (PID=1107) to work on /opt/airflow/dags/extraction_dag.py
[2026-09-17T21:28:04.564+0000] {processor.py:830} INFO - Processing file /opt/airflow/dags/extraction_dag.py for tasks to queue
[2026-09-17T21:28:04.566+0000] {logging_mixin.py:188} INFO - [2026-09-17T21:28:04.565+0000] {dagbag.py:545} INFO - Filling up the DagBag from /opt/airflow/dags/extraction_dag.py
[2026-09-17T21:28:04.578+0000] {processor.py:840} INFO - DAG(s) 'data_extraction' retrieved from /opt/airflow/dags/extraction_dag.py
[2026-09-17T21:28:04.611+0000] {logging_mixin.py:188} INFO - [2026-09-17T21:28:04.611+0000] {dag.py:3096} INFO - Sync 1 DAGs
[2026-09-17T21:28:04.624+0000] {logging_mixin.py:188} INFO - [2026-09-17T21:28:04.624+0000] {dag.py:3954} INFO - Setting next_dagrun for data_extraction to None, run_after=None
[2026-09-17T21:28:04.654+0000] {processor.py:183} INFO - Processing /opt/airflow/dags/extraction_dag.py took 0.104 seconds
[2026-09-17T21:28:35.164+0000] {processor.py:161} INFO - Started process (PID=1115) to work on /opt/airflow/dags/extraction_dag.py
[2026-09-17T21:28:35.165+0000] {processor.py:830} INFO - Processing file /opt/airflow/dags/extraction_dag.py for tasks to queue
[2026-09-17T21:28:35.166+0000] {logging_mixin.py:188} INFO - [2026-09-17T21:28:35.166+0000] {dagbag.py:545} INFO - Filling up the DagBag from /opt/airflow/dags/extraction_dag.py
[2026-09-17T21:28:35.177+0000] {processor.py:840} INFO - DAG(s) 'data_extraction' retrieved from /opt/airflow/dags/extraction_dag.py
[2026-09-17T21:28:35.210+0000] {logging_mixin.py:188} INFO - [2026-09-17T21:28:35.210+0000] {dag.py:3096} INFO - Sync 1 DAGs
[2026-09-17T21:28:35.224+0000] {logging_mixin.py:188} INFO - [2026-09-17T21:28:35.224+0000] {dag.py:3954} INFO - Setting next_dagrun for data_extraction to None, run_after=None
[2026-09-17T21:28:35.251+0000] {processor.py:183} INFO - Processing /opt/airflow/dags/extraction_dag.py took 0.097 seconds
[2026-09-17T21:29:05.288+0000] {processor.py:161} INFO - Started process (PID=1123) to work on /opt/airflow/dags/extraction_dag.py
[2026-09-17T21:29:05.294+0000] {processor.py:830} INFO - Processing file /opt/airflow/dags/extraction_dag.py for tasks to queue
[2026-09-17T21:29:05.295+0000] {logging_mixin.py:188} INFO - [2026-09-17T21:29:05.295+0000] {dagbag.py:545} INFO - Filling up the DagBag from /opt/airflow/dags/extraction_dag.py
[2026-09-17T21:29:05.307+0000] {processor.py:840} INFO - DAG(s) 'data_extraction' retrieved from /opt/airflow/dags/extraction_dag.py
[2026-09-17T21:29:05.338+0000] {logging_mixin.py:188} INFO - [2026-09-17T21:29:05.337+0000] {dag.py:3096} INFO - Sync 1 DAGs
[2026-09-17T21:29:05.352+0000] {logging_mixin.py:188} INFO - [2026-09-17T21:29:05.351+0000] {dag.py:3954} INFO - Setting next_dagrun for data_extraction to None, run_after=None
[2026-09-17T21:29:05.378+0000] {processor.py:183} INFO - Processing /opt/airflow/dags/extraction_dag.py took 0.099 seconds
[2026-09-17T21:29:36.028+0000] {processor.py:161} INFO - Started process (PID=1137) to work on /opt/airflow/dags/extraction_dag.py
[2026-09-17T21:29:36.029+0000] {processor.py:830} INFO - Processing file /opt/airflow/dags/extraction_dag.py for tasks to queue
[2026-09-17T21:29:36.030+0000] {logging_mixin.py:188} INFO - [2026-09-17T21:29:36.029+0000] {dagbag.py:545} INFO - Filling up the DagBag from /opt/airflow/dags/extraction_dag.py
[2026-09-17T21:29:36.050+0000] {processor.py:840} INFO - DAG(s) 'data_extraction' retrieved from /opt/airflow/dags/extraction_dag.py
[2026-09-17T21:29:36.098+0000] {logging_mixin.py:188} INFO - [2026-09-17T21:29:36.098+0000] {dag.py:3096} INFO - Sync 1 DAGs
[2026-09-17T21:29:36.120+0000] {logging_mixin.py:188} INFO - [2026-09-17T21:29:36.120+0000] {dag.py:3954} INFO - Setting next_dagrun for data_extraction to None, run_after=None
[2026-09-17T21:29:36.152+0000] {processor.py:183} INFO - Processing /opt/airflow/dags/extraction_dag.py took 0.135 seconds
[2026-09-17T21:30:06.306+0000] {processor.py:161} INFO - Started process (PID=1145) to work on /opt/airflow/dags/extraction_dag.py
[2026-09-17T21:30:06.308+0000] {processor.py:830} INFO - Processing file /opt/airflow/dags/extraction_dag.py for tasks to queue
[2026-09-17T21:30:06.310+0000] {logging_mixin.py:188} INFO - [2026-09-17T21:30:06.309+0000] {dagbag.py:545} INFO - Filling up the DagBag from /opt/airflow/dags/extraction_dag.py
[2026-09-17T21:30:06.328+0000] {processor.py:840} INFO - DAG(s) 'data_extraction' retrieved from /opt/airflow/dags/extraction_dag.py
[2026-09-17T21:30:06.371+0000] {logging_mixin.py:188} INFO - [2026-09-17T21:30:06.371+0000] {dag.py:3096} INFO - Sync 1 DAGs
[2026-09-17T21:30:06.392+0000] {logging_mixin.py:188} INFO - [2026-09-17T21:30:06.392+0000] {dag.py:3954} INFO - Setting next_dagrun for data_extraction to None, run_after=None
[2026-09-17T21:30:06.421+0000] {processor.py:183} INFO - Processing /opt/airflow/dags/extraction_dag.py took 0.134 seconds
[2026-09-17T21:30:36.761+0000] {processor.py:161} INFO - Started process (PID=1153) to work on /opt/airflow/dags/extraction_dag.py
[2026-09-17T21:30:36.767+0000] {processor.py:830} INFO - Processing file /opt/airflow/dags/extraction_dag.py for tasks to queue
[2026-09-17T21:30:36.768+0000] {logging_mixin.py:188} INFO - [2026-09-17T21:30:36.768+0000] {dagbag.py:545} INFO - Filling up the DagBag from /opt/airflow/dags/extraction_dag.py
[2026-09-17T21:30:36.781+0000] {processor.py:840} INFO - DAG(s) 'data_extraction' retrieved from /opt/airflow/dags/extraction_dag.py
[2026-09-17T21:30:36.818+0000] {logging_mixin.py:188} INFO - [2026-09-17T21:30:36.818+0000] {dag.py:3096} INFO - Sync 1 DAGs
[2026-09-17T21:30:36.840+0000] {logging_mixin.py:188} INFO - [2026-09-17T21:30:36.840+0000] {dag.py:3954} INFO - Setting next_dagrun for data_extraction to None, run_after=None
[2026-09-17T21:30:36.881+0000] {processor.py:183} INFO - Processing /opt/airflow/dags/extraction_dag.py took 0.129 seconds
[2026-09-17T21:31:07.610+0000] {processor.py:161} INFO - Started process (PID=1161) to work on /opt/airflow/dags/extraction_dag.py
[2026-09-17T21:31:07.612+0000] {processor.py:830} INFO - Processing file /opt/airflow/dags/extraction_dag.py for tasks to queue
[2026-09-17T21:31:07.614+0000] {logging_mixin.py:188} INFO - [2026-09-17T21:31:07.614+0000] {dagbag.py:545} INFO - Filling up the DagBag from /opt/airflow/dags/extraction_dag.py
[2026-09-17T21:31:07.633+0000] {processor.py:840} INFO - DAG(s) 'data_extraction' retrieved from /opt/airflow/dags/extraction_dag.py
[2026-09-17T21:31:07.674+0000] {logging_mixin.py:188} INFO - [2026-09-17T21:31:07.674+0000] {dag.py:3096} INFO - Sync 1 DAGs
[2026-09-17T21:31:07.698+0000] {logging_mixin.py:188} INFO - [2026-09-17T21:31:07.697+0000] {dag.py:3954} INFO - Setting next_dagrun for data_extraction to None, run_after=None
[2026-09-17T21:31:07.728+0000] {processor.py:183} INFO - Processing /opt/airflow/dags/extraction_dag.py took 0.132 seconds
[2026-09-17T21:31:38.194+0000] {processor.py:161} INFO - Started process (PID=1169) to work on /opt/airflow/dags/extraction_dag.py
[2026-09-17T21:31:38.200+0000] {processor.py:830} INFO - Processing file /opt/airflow/dags/extraction_dag.py for tasks to queue
[2026-09-17T21:31:38.201+0000] {logging_mixin.py:188} INFO - [2026-09-17T21:31:38.201+0000] {dagbag.py:545} INFO - Filling up the DagBag from /opt/airflow/dags/extraction_dag.py
[2026-09-17T21:31:38.214+0000] {processor.py:840} INFO - DAG(s) 'data_extraction' retrieved from /opt/airflow/dags/extraction_dag.py
[2026-09-17T21:31:38.246+0000] {logging_mixin.py:188} INFO - [2026-09-17T21:31:38.245+0000] {dag.py:3096} INFO - Sync 1 DAGs
[2026-09-17T21:31:38.261+0000] {logging_mixin.py:188} INFO - [2026-09-17T21:31:38.261+0000] {dag.py:3954} INFO - Setting next_dagrun for data_extraction to None, run_after=None
[2026-09-17T21:31:38.289+0000] {processor.py:183} INFO - Processing /opt/airflow/dags/extraction_dag.py took 0.105 seconds
[2026-09-17T21:32:08.449+0000] {processor.py:161} INFO - Started process (PID=1177) to work on /opt/airflow/dags/extraction_dag.py
[2026-09-17T21:32:08.451+0000] {processor.py:830} INFO - Processing file /opt/airflow/dags/extraction_dag.py for tasks to queue
[2026-09-17T21:32:08.452+0000] {logging_mixin.py:188} INFO - [2026-09-17T21:32:08.452+0000] {dagbag.py:545} INFO - Filling up the DagBag from /opt/airflow/dags/extraction_dag.py
[2026-09-17T21:32:08.469+0000] {processor.py:840} INFO - DAG(s) 'data_extraction' retrieved from /opt/airflow/dags/extraction_dag.py
[2026-09-17T21:32:08.503+0000] {logging_mixin.py:188} INFO - [2026-09-17T21:32:08.503+0000] {dag.py:3096} INFO - Sync 1 DAGs
[2026-09-17T21:32:08.519+0000] {logging_mixin.py:188} INFO - [2026-09-17T21:32:08.519+0000] {dag.py:3954} INFO - Setting next_dagrun for data_extraction to None, run_after=None
[2026-09-17T21:32:08.546+0000] {processor.py:183} INFO - Processing /opt/airflow/dags/extraction_dag.py took 0.107 seconds
[2026-09-17T21:32:38.731+0000] {processor.py:161} INFO - Started process (PID=1185) to work on /opt/airflow/dags/extraction_dag.py
[2026-09-17T21:32:38.737+0000] {processor.py:830} INFO - Processing file /opt/airflow/dags/extraction_dag.py for tasks to queue
[2026-09-17T21:32:38.738+0000] {logging_mixin.py:188} INFO - [2026-09-17T21:32:38.738+0000] {dagbag.py:545} INFO - Filling up the DagBag from /opt/airflow/dags/extraction_dag.py
[2026-09-17T21:32:38.752+0000] {processor.py:840} INFO - DAG(s) 'data_extraction' retrieved from /opt/airflow/dags/extraction_dag.py
[2026-09-17T21:32:38.788+0000] {logging_mixin.py:188} INFO - [2026-09-17T21:32:38.788+0000] {dag.py:3096} INFO - Sync 1 DAGs
[2026-09-17T21:32:38.807+0000] {logging_mixin.py:188} INFO - [2026-09-17T21:32:38.806+0000] {dag.py:3954} INFO - Setting next_dagrun for data_extraction to None, run_after=None
[2026-09-17T21:32:38.835+0000] {processor.py:183} INFO - Processing /opt/airflow/dags/extraction_dag.py took 0.114 seconds
[2026-09-17T21:33:08.946+0000] {processor.py:161} INFO - Started process (PID=1193) to work on /opt/airflow/dags/extraction_dag.py
[2026-09-17T21:33:08.952+0000] {processor.py:830} INFO - Processing file /opt/airflow/dags/extraction_dag.py for tasks to queue
[2026-09-17T21:33:08.954+0000] {logging_mixin.py:188} INFO - [2026-09-17T21:33:08.953+0000] {dagbag.py:545} INFO - Filling up the DagBag from /opt/airflow/dags/extraction_dag.py
[2026-09-17T21:33:08.969+0000] {processor.py:840} INFO - DAG(s) 'data_extraction' retrieved from /opt/airflow/dags/extraction_dag.py
[2026-09-17T21:33:08.999+0000] {logging_mixin.py:188} INFO - [2026-09-17T21:33:08.999+0000] {dag.py:3096} INFO - Sync 1 DAGs
[2026-09-17T21:33:09.014+0000] {logging_mixin.py:188} INFO - [2026-09-17T21:33:09.014+0000] {dag.py:3954} INFO - Setting next_dagrun for data_extraction to None, run_after=None
[2026-09-17T21:33:09.046+0000] {processor.py:183} INFO - Processing /opt/airflow/dags/extraction_dag.py took 0.110 seconds
[2026-09-17T21:33:39.645+0000] {processor.py:161} INFO - Started process (PID=1201) to work on /opt/airflow/dags/extraction_dag.py
[2026-09-17T21:33:39.646+0000] {processor.py:830} INFO - Processing file /opt/airflow/dags/extraction_dag.py for tasks to queue
[2026-09-17T21:33:39.647+0000] {logging_mixin.py:188} INFO - [2026-09-17T21:33:39.647+0000] {dagbag.py:545} INFO - Filling up the DagBag from /opt/airflow/dags/extraction_dag.py
[2026-09-17T21:33:39.663+0000] {processor.py:840} INFO - DAG(s) 'data_extraction' retrieved from /opt/airflow/dags/extraction_dag.py
[2026-09-17T21:33:39.698+0000] {logging_mixin.py:188} INFO - [2026-09-17T21:33:39.698+0000] {dag.py:3096} INFO - Sync 1 DAGs
[2026-09-17T21:33:39.711+0000] {logging_mixin.py:188} INFO - [2026-09-17T21:33:39.710+0000] {dag.py:3954} INFO - Setting next_dagrun for data_extraction to None, run_after=None
[2026-09-17T21:33:39.737+0000] {processor.py:183} INFO - Processing /opt/airflow/dags/extraction_dag.py took 0.100 seconds
[2026-09-17T21:34:10.763+0000] {processor.py:161} INFO - Started process (PID=1210) to work on /opt/airflow/dags/extraction_dag.py
[2026-09-17T21:34:10.765+0000] {processor.py:830} INFO - Processing file /opt/airflow/dags/extraction_dag.py for tasks to queue
[2026-09-17T21:34:10.766+0000] {logging_mixin.py:188} INFO - [2026-09-17T21:34:10.766+0000] {dagbag.py:545} INFO - Filling up the DagBag from /opt/airflow/dags/extraction_dag.py
[2026-09-17T21:34:10.780+0000] {processor.py:840} INFO - DAG(s) 'data_extraction' retrieved from /opt/airflow/dags/extraction_dag.py
[2026-09-17T21:34:10.813+0000] {logging_mixin.py:188} INFO - [2026-09-17T21:34:10.813+0000] {dag.py:3096} INFO - Sync 1 DAGs
[2026-09-17T21:34:10.829+0000] {logging_mixin.py:188} INFO - [2026-09-17T21:34:10.828+0000] {dag.py:3954} INFO - Setting next_dagrun for data_extraction to None, run_after=None
[2026-09-17T21:34:10.858+0000] {processor.py:183} INFO - Processing /opt/airflow/dags/extraction_dag.py took 0.105 seconds
[2026-09-17T21:34:20.969+0000] {processor.py:161} INFO - Started process (PID=1218) to work on /opt/airflow/dags/extraction_dag.py
[2026-09-17T21:34:20.970+0000] {processor.py:830} INFO - Processing file /opt/airflow/dags/extraction_dag.py for tasks to queue
[2026-09-17T21:34:20.971+0000] {logging_mixin.py:188} INFO - [2026-09-17T21:34:20.970+0000] {dagbag.py:545} INFO - Filling up the DagBag from /opt/airflow/dags/extraction_dag.py
[2026-09-17T21:34:20.976+0000] {logging_mixin.py:188} INFO - [2026-09-17T21:34:20.974+0000] {dagbag.py:355} ERROR - Failed to import: /opt/airflow/dags/extraction_dag.py
Traceback (most recent call last):
  File "/home/airflow/.local/lib/python3.10/site-packages/airflow/models/dagbag.py", line 351, in parse
    loader.exec_module(new_module)
  File "<frozen importlib._bootstrap_external>", line 879, in exec_module
  File "<frozen importlib._bootstrap_external>", line 1017, in get_code
  File "<frozen importlib._bootstrap_external>", line 947, in source_to_code
  File "<frozen importlib._bootstrap>", line 241, in _call_with_frames_removed
  File "/opt/airflow/dags/extraction_dag.py", line 114
    "views": statistics.get("viewCount", 0)),
                                           ^
SyntaxError: closing parenthesis ')' does not match opening parenthesis '{' on line 108
[2026-09-17T21:34:20.976+0000] {processor.py:842} WARNING - No viable dags retrieved from /opt/airflow/dags/extraction_dag.py
[2026-09-17T21:34:21.000+0000] {processor.py:183} INFO - Processing /opt/airflow/dags/extraction_dag.py took 0.038 seconds
[2026-09-17T21:34:24.013+0000] {processor.py:161} INFO - Started process (PID=1219) to work on /opt/airflow/dags/extraction_dag.py
[2026-09-17T21:34:24.014+0000] {processor.py:830} INFO - Processing file /opt/airflow/dags/extraction_dag.py for tasks to queue
[2026-09-17T21:34:24.015+0000] {logging_mixin.py:188} INFO - [2026-09-17T21:34:24.015+0000] {dagbag.py:545} INFO - Filling up the DagBag from /opt/airflow/dags/extraction_dag.py
[2026-09-17T21:34:24.028+0000] {processor.py:840} INFO - DAG(s) 'data_extraction' retrieved from /opt/airflow/dags/extraction_dag.py
[2026-09-17T21:34:24.063+0000] {logging_mixin.py:188} INFO - [2026-09-17T21:34:24.062+0000] {dag.py:3096} INFO - Sync 1 DAGs
[2026-09-17T21:34:24.076+0000] {logging_mixin.py:188} INFO - [2026-09-17T21:34:24.075+0000] {dag.py:3954} INFO - Setting next_dagrun for data_extraction to None, run_after=None
[2026-09-17T21:34:24.109+0000] {processor.py:183} INFO - Processing /opt/airflow/dags/extraction_dag.py took 0.103 seconds
[2026-09-17T21:34:26.086+0000] {processor.py:161} INFO - Started process (PID=1220) to work on /opt/airflow/dags/extraction_dag.py
[2026-09-17T21:34:26.088+0000] {processor.py:830} INFO - Processing file /opt/airflow/dags/extraction_dag.py for tasks to queue
[2026-09-17T21:34:26.090+0000] {logging_mixin.py:188} INFO - [2026-09-17T21:34:26.089+0000] {dagbag.py:545} INFO - Filling up the DagBag from /opt/airflow/dags/extraction_dag.py
[2026-09-17T21:34:26.100+0000] {logging_mixin.py:188} INFO - [2026-09-17T21:34:26.099+0000] {dagbag.py:355} ERROR - Failed to import: /opt/airflow/dags/extraction_dag.py
Traceback (most recent call last):
  File "/home/airflow/.local/lib/python3.10/site-packages/airflow/models/dagbag.py", line 351, in parse
    loader.exec_module(new_module)
  File "<frozen importlib._bootstrap_external>", line 879, in exec_module
  File "<frozen importlib._bootstrap_external>", line 1017, in get_code
  File "<frozen importlib._bootstrap_external>", line 947, in source_to_code
  File "<frozen importlib._bootstrap>", line 241, in _call_with_frames_removed
  File "/opt/airflow/dags/extraction_dag.py", line 117
    })
    ^
SyntaxError: closing parenthesis '}' does not match opening parenthesis '(' on line 115
[2026-09-17T21:34:26.101+0000] {processor.py:842} WARNING - No viable dags retrieved from /opt/airflow/dags/extraction_dag.py
[2026-09-17T21:34:26.136+0000] {processor.py:183} INFO - Processing /opt/airflow/dags/extraction_dag.py took 0.065 seconds
[2026-09-17T21:34:29.173+0000] {processor.py:161} INFO - Started process (PID=1221) to work on /opt/airflow/dags/extraction_dag.py
[2026-09-17T21:34:29.174+0000] {processor.py:830} INFO - Processing file /opt/airflow/dags/extraction_dag.py for tasks to queue
[2026-09-17T21:34:29.176+0000] {logging_mixin.py:188} INFO - [2026-09-17T21:34:29.175+0000] {dagbag.py:545} INFO - Filling up the DagBag from /opt/airflow/dags/extraction_dag.py
[2026-09-17T21:34:29.187+0000] {processor.py:840} INFO - DAG(s) 'data_extraction' retrieved from /opt/airflow/dags/extraction_dag.py
[2026-09-17T21:34:29.214+0000] {logging_mixin.py:188} INFO - [2026-09-17T21:34:29.214+0000] {dag.py:3096} INFO - Sync 1 DAGs
[2026-09-17T21:34:29.226+0000] {logging_mixin.py:188} INFO - [2026-09-17T21:34:29.225+0000] {dag.py:3954} INFO - Setting next_dagrun for data_extraction to None, run_after=None
[2026-09-17T21:34:29.256+0000] {processor.py:183} INFO - Processing /opt/airflow/dags/extraction_dag.py took 0.093 seconds
[2026-09-17T21:34:31.202+0000] {processor.py:161} INFO - Started process (PID=1222) to work on /opt/airflow/dags/extraction_dag.py
[2026-09-17T21:34:31.203+0000] {processor.py:830} INFO - Processing file /opt/airflow/dags/extraction_dag.py for tasks to queue
[2026-09-17T21:34:31.204+0000] {logging_mixin.py:188} INFO - [2026-09-17T21:34:31.203+0000] {dagbag.py:545} INFO - Filling up the DagBag from /opt/airflow/dags/extraction_dag.py
[2026-09-17T21:34:31.208+0000] {logging_mixin.py:188} INFO - [2026-09-17T21:34:31.208+0000] {dagbag.py:355} ERROR - Failed to import: /opt/airflow/dags/extraction_dag.py
Traceback (most recent call last):
  File "/home/airflow/.local/lib/python3.10/site-packages/airflow/models/dagbag.py", line 351, in parse
    loader.exec_module(new_module)
  File "<frozen importlib._bootstrap_external>", line 879, in exec_module
  File "<frozen importlib._bootstrap_external>", line 1017, in get_code
  File "<frozen importlib._bootstrap_external>", line 947, in source_to_code
  File "<frozen importlib._bootstrap>", line 241, in _call_with_frames_removed
  File "/opt/airflow/dags/extraction_dag.py", line 116
    "comments": statistics.get("commentCount", 0)),
                                                 ^
SyntaxError: closing parenthesis ')' does not match opening parenthesis '{' on line 108
[2026-09-17T21:34:31.209+0000] {processor.py:842} WARNING - No viable dags retrieved from /opt/airflow/dags/extraction_dag.py
[2026-09-17T21:34:31.239+0000] {processor.py:183} INFO - Processing /opt/airflow/dags/extraction_dag.py took 0.049 seconds
[2026-09-17T21:34:33.234+0000] {processor.py:161} INFO - Started process (PID=1223) to work on /opt/airflow/dags/extraction_dag.py
[2026-09-17T21:34:33.236+0000] {processor.py:830} INFO - Processing file /opt/airflow/dags/extraction_dag.py for tasks to queue
[2026-09-17T21:34:33.238+0000] {logging_mixin.py:188} INFO - [2026-09-17T21:34:33.237+0000] {dagbag.py:545} INFO - Filling up the DagBag from /opt/airflow/dags/extraction_dag.py
[2026-09-17T21:34:33.257+0000] {processor.py:840} INFO - DAG(s) 'data_extraction' retrieved from /opt/airflow/dags/extraction_dag.py
[2026-09-17T21:34:33.288+0000] {logging_mixin.py:188} INFO - [2026-09-17T21:34:33.288+0000] {dag.py:3096} INFO - Sync 1 DAGs
[2026-09-17T21:34:33.302+0000] {logging_mixin.py:188} INFO - [2026-09-17T21:34:33.301+0000] {dag.py:3954} INFO - Setting next_dagrun for data_extraction to None, run_after=None
[2026-09-17T21:34:33.327+0000] {processor.py:183} INFO - Processing /opt/airflow/dags/extraction_dag.py took 0.112 seconds
[2026-09-17T21:35:03.559+0000] {processor.py:161} INFO - Started process (PID=1231) to work on /opt/airflow/dags/extraction_dag.py
[2026-09-17T21:35:03.565+0000] {processor.py:830} INFO - Processing file /opt/airflow/dags/extraction_dag.py for tasks to queue
[2026-09-17T21:35:03.566+0000] {logging_mixin.py:188} INFO - [2026-09-17T21:35:03.566+0000] {dagbag.py:545} INFO - Filling up the DagBag from /opt/airflow/dags/extraction_dag.py
[2026-09-17T21:35:03.582+0000] {processor.py:840} INFO - DAG(s) 'data_extraction' retrieved from /opt/airflow/dags/extraction_dag.py
[2026-09-17T21:35:03.616+0000] {logging_mixin.py:188} INFO - [2026-09-17T21:35:03.616+0000] {dag.py:3096} INFO - Sync 1 DAGs
[2026-09-17T21:35:03.636+0000] {logging_mixin.py:188} INFO - [2026-09-17T21:35:03.635+0000] {dag.py:3954} INFO - Setting next_dagrun for data_extraction to None, run_after=None
[2026-09-17T21:35:03.668+0000] {processor.py:183} INFO - Processing /opt/airflow/dags/extraction_dag.py took 0.118 seconds
[2026-09-17T21:35:34.207+0000] {processor.py:161} INFO - Started process (PID=1239) to work on /opt/airflow/dags/extraction_dag.py
[2026-09-17T21:35:34.208+0000] {processor.py:830} INFO - Processing file /opt/airflow/dags/extraction_dag.py for tasks to queue
[2026-09-17T21:35:34.209+0000] {logging_mixin.py:188} INFO - [2026-09-17T21:35:34.209+0000] {dagbag.py:545} INFO - Filling up the DagBag from /opt/airflow/dags/extraction_dag.py
[2026-09-17T21:35:34.220+0000] {processor.py:840} INFO - DAG(s) 'data_extraction' retrieved from /opt/airflow/dags/extraction_dag.py
[2026-09-17T21:35:34.261+0000] {logging_mixin.py:188} INFO - [2026-09-17T21:35:34.261+0000] {dag.py:3096} INFO - Sync 1 DAGs
[2026-09-17T21:35:34.283+0000] {logging_mixin.py:188} INFO - [2026-09-17T21:35:34.283+0000] {dag.py:3954} INFO - Setting next_dagrun for data_extraction to None, run_after=None
[2026-09-17T21:35:34.321+0000] {processor.py:183} INFO - Processing /opt/airflow/dags/extraction_dag.py took 0.126 seconds
[2026-09-17T21:36:04.691+0000] {processor.py:161} INFO - Started process (PID=1247) to work on /opt/airflow/dags/extraction_dag.py
[2026-09-17T21:36:04.700+0000] {processor.py:830} INFO - Processing file /opt/airflow/dags/extraction_dag.py for tasks to queue
[2026-09-17T21:36:04.703+0000] {logging_mixin.py:188} INFO - [2026-09-17T21:36:04.702+0000] {dagbag.py:545} INFO - Filling up the DagBag from /opt/airflow/dags/extraction_dag.py
[2026-09-17T21:36:04.744+0000] {processor.py:840} INFO - DAG(s) 'data_extraction' retrieved from /opt/airflow/dags/extraction_dag.py
[2026-09-17T21:36:04.805+0000] {logging_mixin.py:188} INFO - [2026-09-17T21:36:04.804+0000] {dag.py:3096} INFO - Sync 1 DAGs
[2026-09-17T21:36:04.834+0000] {logging_mixin.py:188} INFO - [2026-09-17T21:36:04.834+0000] {dag.py:3954} INFO - Setting next_dagrun for data_extraction to None, run_after=None
[2026-09-17T21:36:04.900+0000] {processor.py:183} INFO - Processing /opt/airflow/dags/extraction_dag.py took 0.229 seconds
[2026-09-17T21:36:25.988+0000] {processor.py:161} INFO - Started process (PID=1254) to work on /opt/airflow/dags/extraction_dag.py
[2026-09-17T21:36:25.990+0000] {processor.py:830} INFO - Processing file /opt/airflow/dags/extraction_dag.py for tasks to queue
[2026-09-17T21:36:25.992+0000] {logging_mixin.py:188} INFO - [2026-09-17T21:36:25.991+0000] {dagbag.py:545} INFO - Filling up the DagBag from /opt/airflow/dags/extraction_dag.py
[2026-09-17T21:36:26.016+0000] {logging_mixin.py:188} INFO - [2026-09-17T21:36:26.013+0000] {dagbag.py:355} ERROR - Failed to import: /opt/airflow/dags/extraction_dag.py
Traceback (most recent call last):
  File "/home/airflow/.local/lib/python3.10/site-packages/airflow/models/dagbag.py", line 351, in parse
    loader.exec_module(new_module)
  File "<frozen importlib._bootstrap_external>", line 883, in exec_module
  File "<frozen importlib._bootstrap>", line 241, in _call_with_frames_removed
  File "/opt/airflow/dags/extraction_dag.py", line 136, in <module>
    extraction_dag()
  File "/home/airflow/.local/lib/python3.10/site-packages/airflow/models/dag.py", line 4081, in factory
    f(**f_kwargs)
  File "/opt/airflow/dags/extraction_dag.py", line 134, in extraction_dag
    playlist_id >> videos >> save_json(videos) >> next_dag
NameError: name 'next_dag' is not defined
[2026-09-17T21:36:26.016+0000] {processor.py:842} WARNING - No viable dags retrieved from /opt/airflow/dags/extraction_dag.py
[2026-09-17T21:36:26.054+0000] {processor.py:183} INFO - Processing /opt/airflow/dags/extraction_dag.py took 0.079 seconds
[2026-09-17T21:36:26.629+0000] {processor.py:161} INFO - Started process (PID=1255) to work on /opt/airflow/dags/extraction_dag.py
[2026-09-17T21:36:26.630+0000] {processor.py:830} INFO - Processing file /opt/airflow/dags/extraction_dag.py for tasks to queue
[2026-09-17T21:36:26.632+0000] {logging_mixin.py:188} INFO - [2026-09-17T21:36:26.631+0000] {dagbag.py:545} INFO - Filling up the DagBag from /opt/airflow/dags/extraction_dag.py
[2026-09-17T21:36:26.641+0000] {logging_mixin.py:188} INFO - [2026-09-17T21:36:26.640+0000] {dagbag.py:355} ERROR - Failed to import: /opt/airflow/dags/extraction_dag.py
Traceback (most recent call last):
  File "/home/airflow/.local/lib/python3.10/site-packages/airflow/models/dagbag.py", line 351, in parse
    loader.exec_module(new_module)
  File "<frozen importlib._bootstrap_external>", line 879, in exec_module
  File "<frozen importlib._bootstrap_external>", line 1017, in get_code
  File "<frozen importlib._bootstrap_external>", line 947, in source_to_code
  File "<frozen importlib._bootstrap>", line 241, in _call_with_frames_removed
  File "/opt/airflow/dags/extraction_dag.py", line 133
    next_dag = TriggerDagRunOperator(
IndentationError: unexpected indent
[2026-09-17T21:36:26.642+0000] {processor.py:842} WARNING - No viable dags retrieved from /opt/airflow/dags/extraction_dag.py
[2026-09-17T21:36:26.692+0000] {processor.py:183} INFO - Processing /opt/airflow/dags/extraction_dag.py took 0.080 seconds
[2026-09-17T21:36:28.740+0000] {processor.py:161} INFO - Started process (PID=1256) to work on /opt/airflow/dags/extraction_dag.py
[2026-09-17T21:36:28.741+0000] {processor.py:830} INFO - Processing file /opt/airflow/dags/extraction_dag.py for tasks to queue
[2026-09-17T21:36:28.742+0000] {logging_mixin.py:188} INFO - [2026-09-17T21:36:28.742+0000] {dagbag.py:545} INFO - Filling up the DagBag from /opt/airflow/dags/extraction_dag.py
[2026-09-17T21:36:28.763+0000] {processor.py:840} INFO - DAG(s) 'data_extraction' retrieved from /opt/airflow/dags/extraction_dag.py
[2026-09-17T21:36:28.906+0000] {logging_mixin.py:188} INFO - [2026-09-17T21:36:28.906+0000] {dag.py:3096} INFO - Sync 1 DAGs
[2026-09-17T21:36:28.923+0000] {logging_mixin.py:188} INFO - [2026-09-17T21:36:28.922+0000] {dag.py:3954} INFO - Setting next_dagrun for data_extraction to None, run_after=None
[2026-09-17T21:36:28.955+0000] {processor.py:183} INFO - Processing /opt/airflow/dags/extraction_dag.py took 0.228 seconds
[2026-09-17T21:36:38.913+0000] {processor.py:161} INFO - Started process (PID=1263) to work on /opt/airflow/dags/extraction_dag.py
[2026-09-17T21:36:38.916+0000] {processor.py:830} INFO - Processing file /opt/airflow/dags/extraction_dag.py for tasks to queue
[2026-09-17T21:36:38.918+0000] {logging_mixin.py:188} INFO - [2026-09-17T21:36:38.917+0000] {dagbag.py:545} INFO - Filling up the DagBag from /opt/airflow/dags/extraction_dag.py
[2026-09-17T21:36:38.951+0000] {processor.py:840} INFO - DAG(s) 'data_extraction' retrieved from /opt/airflow/dags/extraction_dag.py
[2026-09-17T21:36:38.986+0000] {logging_mixin.py:188} INFO - [2026-09-17T21:36:38.985+0000] {dag.py:3096} INFO - Sync 1 DAGs
[2026-09-17T21:36:39.017+0000] {logging_mixin.py:188} INFO - [2026-09-17T21:36:39.017+0000] {dag.py:3954} INFO - Setting next_dagrun for data_extraction to None, run_after=None
[2026-09-17T21:36:39.090+0000] {processor.py:183} INFO - Processing /opt/airflow/dags/extraction_dag.py took 0.194 seconds
[2026-09-17T21:36:41.092+0000] {processor.py:161} INFO - Started process (PID=1264) to work on /opt/airflow/dags/extraction_dag.py
[2026-09-17T21:36:41.099+0000] {processor.py:830} INFO - Processing file /opt/airflow/dags/extraction_dag.py for tasks to queue
[2026-09-17T21:36:41.100+0000] {logging_mixin.py:188} INFO - [2026-09-17T21:36:41.100+0000] {dagbag.py:545} INFO - Filling up the DagBag from /opt/airflow/dags/extraction_dag.py
[2026-09-17T21:36:41.117+0000] {processor.py:840} INFO - DAG(s) 'data_extraction' retrieved from /opt/airflow/dags/extraction_dag.py
[2026-09-17T21:36:41.139+0000] {logging_mixin.py:188} INFO - [2026-09-17T21:36:41.138+0000] {dag.py:3096} INFO - Sync 1 DAGs
[2026-09-17T21:36:41.159+0000] {logging_mixin.py:188} INFO - [2026-09-17T21:36:41.159+0000] {dag.py:3954} INFO - Setting next_dagrun for data_extraction to None, run_after=None
[2026-09-17T21:36:41.192+0000] {processor.py:183} INFO - Processing /opt/airflow/dags/extraction_dag.py took 0.110 seconds
[2026-09-17T21:36:43.177+0000] {processor.py:161} INFO - Started process (PID=1265) to work on /opt/airflow/dags/extraction_dag.py
[2026-09-17T21:36:43.178+0000] {processor.py:830} INFO - Processing file /opt/airflow/dags/extraction_dag.py for tasks to queue
[2026-09-17T21:36:43.180+0000] {logging_mixin.py:188} INFO - [2026-09-17T21:36:43.179+0000] {dagbag.py:545} INFO - Filling up the DagBag from /opt/airflow/dags/extraction_dag.py
[2026-09-17T21:36:43.204+0000] {processor.py:840} INFO - DAG(s) 'data_extraction' retrieved from /opt/airflow/dags/extraction_dag.py
[2026-09-17T21:36:43.233+0000] {logging_mixin.py:188} INFO - [2026-09-17T21:36:43.233+0000] {dag.py:3096} INFO - Sync 1 DAGs
[2026-09-17T21:36:43.261+0000] {logging_mixin.py:188} INFO - [2026-09-17T21:36:43.261+0000] {dag.py:3954} INFO - Setting next_dagrun for data_extraction to None, run_after=None
[2026-09-17T21:36:43.300+0000] {processor.py:183} INFO - Processing /opt/airflow/dags/extraction_dag.py took 0.135 seconds
[2026-09-17T21:36:44.389+0000] {processor.py:161} INFO - Started process (PID=1267) to work on /opt/airflow/dags/extraction_dag.py
[2026-09-17T21:36:44.391+0000] {processor.py:830} INFO - Processing file /opt/airflow/dags/extraction_dag.py for tasks to queue
[2026-09-17T21:36:44.393+0000] {logging_mixin.py:188} INFO - [2026-09-17T21:36:44.392+0000] {dagbag.py:545} INFO - Filling up the DagBag from /opt/airflow/dags/extraction_dag.py
[2026-09-17T21:36:44.413+0000] {processor.py:840} INFO - DAG(s) 'data_extraction' retrieved from /opt/airflow/dags/extraction_dag.py
[2026-09-17T21:36:44.434+0000] {logging_mixin.py:188} INFO - [2026-09-17T21:36:44.434+0000] {dag.py:3096} INFO - Sync 1 DAGs
[2026-09-17T21:36:44.467+0000] {logging_mixin.py:188} INFO - [2026-09-17T21:36:44.466+0000] {dag.py:3954} INFO - Setting next_dagrun for data_extraction to None, run_after=None
[2026-09-17T21:36:44.507+0000] {processor.py:183} INFO - Processing /opt/airflow/dags/extraction_dag.py took 0.139 seconds
[2026-09-17T21:36:47.426+0000] {processor.py:161} INFO - Started process (PID=1268) to work on /opt/airflow/dags/extraction_dag.py
[2026-09-17T21:36:47.427+0000] {processor.py:830} INFO - Processing file /opt/airflow/dags/extraction_dag.py for tasks to queue
[2026-09-17T21:36:47.428+0000] {logging_mixin.py:188} INFO - [2026-09-17T21:36:47.428+0000] {dagbag.py:545} INFO - Filling up the DagBag from /opt/airflow/dags/extraction_dag.py
[2026-09-17T21:36:47.471+0000] {processor.py:840} INFO - DAG(s) 'data_extraction' retrieved from /opt/airflow/dags/extraction_dag.py
[2026-09-17T21:36:47.498+0000] {logging_mixin.py:188} INFO - [2026-09-17T21:36:47.497+0000] {dag.py:3096} INFO - Sync 1 DAGs
[2026-09-17T21:36:47.524+0000] {logging_mixin.py:188} INFO - [2026-09-17T21:36:47.524+0000] {dag.py:3954} INFO - Setting next_dagrun for data_extraction to None, run_after=None
[2026-09-17T21:36:47.557+0000] {processor.py:183} INFO - Processing /opt/airflow/dags/extraction_dag.py took 0.142 seconds
[2026-09-17T21:36:57.515+0000] {processor.py:161} INFO - Started process (PID=1269) to work on /opt/airflow/dags/extraction_dag.py
[2026-09-17T21:36:57.517+0000] {processor.py:830} INFO - Processing file /opt/airflow/dags/extraction_dag.py for tasks to queue
[2026-09-17T21:36:57.519+0000] {logging_mixin.py:188} INFO - [2026-09-17T21:36:57.518+0000] {dagbag.py:545} INFO - Filling up the DagBag from /opt/airflow/dags/extraction_dag.py
[2026-09-17T21:36:57.547+0000] {processor.py:840} INFO - DAG(s) 'data_extraction' retrieved from /opt/airflow/dags/extraction_dag.py
[2026-09-17T21:36:57.573+0000] {logging_mixin.py:188} INFO - [2026-09-17T21:36:57.573+0000] {dag.py:3096} INFO - Sync 1 DAGs
[2026-09-17T21:36:57.598+0000] {logging_mixin.py:188} INFO - [2026-09-17T21:36:57.598+0000] {dag.py:3954} INFO - Setting next_dagrun for data_extraction to None, run_after=None
[2026-09-17T21:36:57.644+0000] {processor.py:183} INFO - Processing /opt/airflow/dags/extraction_dag.py took 0.144 seconds
[2026-09-17T21:37:10.690+0000] {processor.py:161} INFO - Started process (PID=1276) to work on /opt/airflow/dags/extraction_dag.py
[2026-09-17T21:37:10.692+0000] {processor.py:830} INFO - Processing file /opt/airflow/dags/extraction_dag.py for tasks to queue
[2026-09-17T21:37:10.696+0000] {logging_mixin.py:188} INFO - [2026-09-17T21:37:10.694+0000] {dagbag.py:545} INFO - Filling up the DagBag from /opt/airflow/dags/extraction_dag.py
[2026-09-17T21:37:10.723+0000] {logging_mixin.py:188} INFO - [2026-09-17T21:37:10.722+0000] {dagbag.py:355} ERROR - Failed to import: /opt/airflow/dags/extraction_dag.py
Traceback (most recent call last):
  File "/home/airflow/.local/lib/python3.10/site-packages/airflow/models/dagbag.py", line 351, in parse
    loader.exec_module(new_module)
  File "<frozen importlib._bootstrap_external>", line 879, in exec_module
  File "<frozen importlib._bootstrap_external>", line 1017, in get_code
  File "<frozen importlib._bootstrap_external>", line 947, in source_to_code
  File "<frozen importlib._bootstrap>", line 241, in _call_with_frames_removed
  File "/opt/airflow/dags/extraction_dag.py", line 137
    videos >> save_json(videos) >> next_dag
IndentationError: unexpected indent
[2026-09-17T21:37:10.724+0000] {processor.py:842} WARNING - No viable dags retrieved from /opt/airflow/dags/extraction_dag.py
[2026-09-17T21:37:10.807+0000] {processor.py:183} INFO - Processing /opt/airflow/dags/extraction_dag.py took 0.142 seconds
[2026-09-17T21:37:11.837+0000] {processor.py:161} INFO - Started process (PID=1277) to work on /opt/airflow/dags/extraction_dag.py
[2026-09-17T21:37:11.839+0000] {processor.py:830} INFO - Processing file /opt/airflow/dags/extraction_dag.py for tasks to queue
[2026-09-17T21:37:11.843+0000] {logging_mixin.py:188} INFO - [2026-09-17T21:37:11.842+0000] {dagbag.py:545} INFO - Filling up the DagBag from /opt/airflow/dags/extraction_dag.py
[2026-09-17T21:37:11.860+0000] {processor.py:840} INFO - DAG(s) 'data_extraction' retrieved from /opt/airflow/dags/extraction_dag.py
[2026-09-17T21:37:12.052+0000] {logging_mixin.py:188} INFO - [2026-09-17T21:37:12.051+0000] {dag.py:3096} INFO - Sync 1 DAGs
[2026-09-17T21:37:12.071+0000] {logging_mixin.py:188} INFO - [2026-09-17T21:37:12.070+0000] {dag.py:3954} INFO - Setting next_dagrun for data_extraction to None, run_after=None
[2026-09-17T21:37:12.115+0000] {processor.py:183} INFO - Processing /opt/airflow/dags/extraction_dag.py took 0.288 seconds
[2026-09-17T21:37:28.359+0000] {processor.py:161} INFO - Started process (PID=1279) to work on /opt/airflow/dags/extraction_dag.py
[2026-09-17T21:37:28.363+0000] {processor.py:830} INFO - Processing file /opt/airflow/dags/extraction_dag.py for tasks to queue
[2026-09-17T21:37:28.364+0000] {logging_mixin.py:188} INFO - [2026-09-17T21:37:28.363+0000] {dagbag.py:545} INFO - Filling up the DagBag from /opt/airflow/dags/extraction_dag.py
[2026-09-17T21:37:28.386+0000] {processor.py:840} INFO - DAG(s) 'data_extraction' retrieved from /opt/airflow/dags/extraction_dag.py
[2026-09-17T21:37:28.417+0000] {logging_mixin.py:188} INFO - [2026-09-17T21:37:28.417+0000] {dag.py:3096} INFO - Sync 1 DAGs
[2026-09-17T21:37:28.447+0000] {logging_mixin.py:188} INFO - [2026-09-17T21:37:28.446+0000] {dag.py:3954} INFO - Setting next_dagrun for data_extraction to None, run_after=None
[2026-09-17T21:37:28.496+0000] {processor.py:183} INFO - Processing /opt/airflow/dags/extraction_dag.py took 0.149 seconds
[2026-09-17T21:37:31.546+0000] {processor.py:161} INFO - Started process (PID=1280) to work on /opt/airflow/dags/extraction_dag.py
[2026-09-17T21:37:31.549+0000] {processor.py:830} INFO - Processing file /opt/airflow/dags/extraction_dag.py for tasks to queue
[2026-09-17T21:37:31.550+0000] {logging_mixin.py:188} INFO - [2026-09-17T21:37:31.549+0000] {dagbag.py:545} INFO - Filling up the DagBag from /opt/airflow/dags/extraction_dag.py
[2026-09-17T21:37:31.569+0000] {processor.py:840} INFO - DAG(s) 'data_extraction' retrieved from /opt/airflow/dags/extraction_dag.py
[2026-09-17T21:37:31.595+0000] {logging_mixin.py:188} INFO - [2026-09-17T21:37:31.594+0000] {dag.py:3096} INFO - Sync 1 DAGs
[2026-09-17T21:37:31.622+0000] {logging_mixin.py:188} INFO - [2026-09-17T21:37:31.622+0000] {dag.py:3954} INFO - Setting next_dagrun for data_extraction to None, run_after=None
[2026-09-17T21:37:31.664+0000] {processor.py:183} INFO - Processing /opt/airflow/dags/extraction_dag.py took 0.129 seconds
[2026-09-17T21:38:58.440+0000] {processor.py:161} INFO - Started process (PID=57) to work on /opt/airflow/dags/extraction_dag.py
[2026-09-17T21:38:58.451+0000] {processor.py:830} INFO - Processing file /opt/airflow/dags/extraction_dag.py for tasks to queue
[2026-09-17T21:38:58.460+0000] {logging_mixin.py:188} INFO - [2026-09-17T21:38:58.459+0000] {dagbag.py:545} INFO - Filling up the DagBag from /opt/airflow/dags/extraction_dag.py
[2026-09-17T21:38:58.507+0000] {processor.py:840} INFO - DAG(s) 'data_extraction' retrieved from /opt/airflow/dags/extraction_dag.py
[2026-09-17T21:38:58.952+0000] {logging_mixin.py:188} INFO - [2026-09-17T21:38:58.951+0000] {override.py:1829} INFO - Created Permission View: can delete on DAG:data_extraction
[2026-09-17T21:38:58.969+0000] {logging_mixin.py:188} INFO - [2026-09-17T21:38:58.968+0000] {override.py:1829} INFO - Created Permission View: can edit on DAG:data_extraction
[2026-09-17T21:38:58.980+0000] {logging_mixin.py:188} INFO - [2026-09-17T21:38:58.979+0000] {override.py:1829} INFO - Created Permission View: can read on DAG:data_extraction
[2026-09-17T21:38:58.980+0000] {logging_mixin.py:188} INFO - [2026-09-17T21:38:58.980+0000] {dag.py:3096} INFO - Sync 1 DAGs
[2026-09-17T21:38:59.001+0000] {logging_mixin.py:188} INFO - [2026-09-17T21:38:59.001+0000] {dag.py:3118} INFO - Creating ORM DAG for data_extraction
[2026-09-17T21:38:59.002+0000] {logging_mixin.py:188} INFO - [2026-09-17T21:38:59.002+0000] {dag.py:3954} INFO - Setting next_dagrun for data_extraction to None, run_after=None
[2026-09-17T21:38:59.031+0000] {processor.py:183} INFO - Processing /opt/airflow/dags/extraction_dag.py took 0.628 seconds
[2026-09-17T21:39:29.769+0000] {processor.py:161} INFO - Started process (PID=71) to work on /opt/airflow/dags/extraction_dag.py
[2026-09-17T21:39:29.771+0000] {processor.py:830} INFO - Processing file /opt/airflow/dags/extraction_dag.py for tasks to queue
[2026-09-17T21:39:29.773+0000] {logging_mixin.py:188} INFO - [2026-09-17T21:39:29.773+0000] {dagbag.py:545} INFO - Filling up the DagBag from /opt/airflow/dags/extraction_dag.py
[2026-09-17T21:39:29.788+0000] {processor.py:840} INFO - DAG(s) 'data_extraction' retrieved from /opt/airflow/dags/extraction_dag.py
[2026-09-17T21:39:29.824+0000] {logging_mixin.py:188} INFO - [2026-09-17T21:39:29.823+0000] {dag.py:3096} INFO - Sync 1 DAGs
[2026-09-17T21:39:29.840+0000] {logging_mixin.py:188} INFO - [2026-09-17T21:39:29.839+0000] {dag.py:3954} INFO - Setting next_dagrun for data_extraction to None, run_after=None
[2026-09-17T21:39:29.867+0000] {processor.py:183} INFO - Processing /opt/airflow/dags/extraction_dag.py took 0.112 seconds
[2026-09-17T21:40:00.268+0000] {processor.py:161} INFO - Started process (PID=80) to work on /opt/airflow/dags/extraction_dag.py
[2026-09-17T21:40:00.270+0000] {processor.py:830} INFO - Processing file /opt/airflow/dags/extraction_dag.py for tasks to queue
[2026-09-17T21:40:00.274+0000] {logging_mixin.py:188} INFO - [2026-09-17T21:40:00.273+0000] {dagbag.py:545} INFO - Filling up the DagBag from /opt/airflow/dags/extraction_dag.py
[2026-09-17T21:40:00.287+0000] {processor.py:840} INFO - DAG(s) 'data_extraction' retrieved from /opt/airflow/dags/extraction_dag.py
[2026-09-17T21:40:00.319+0000] {logging_mixin.py:188} INFO - [2026-09-17T21:40:00.318+0000] {dag.py:3096} INFO - Sync 1 DAGs
[2026-09-17T21:40:00.332+0000] {logging_mixin.py:188} INFO - [2026-09-17T21:40:00.332+0000] {dag.py:3954} INFO - Setting next_dagrun for data_extraction to None, run_after=None
[2026-09-17T21:40:00.360+0000] {processor.py:183} INFO - Processing /opt/airflow/dags/extraction_dag.py took 0.102 seconds
[2026-09-17T21:40:31.176+0000] {processor.py:161} INFO - Started process (PID=88) to work on /opt/airflow/dags/extraction_dag.py
[2026-09-17T21:40:31.192+0000] {processor.py:830} INFO - Processing file /opt/airflow/dags/extraction_dag.py for tasks to queue
[2026-09-17T21:40:31.203+0000] {logging_mixin.py:188} INFO - [2026-09-17T21:40:31.201+0000] {dagbag.py:545} INFO - Filling up the DagBag from /opt/airflow/dags/extraction_dag.py
[2026-09-17T21:40:31.232+0000] {processor.py:840} INFO - DAG(s) 'data_extraction' retrieved from /opt/airflow/dags/extraction_dag.py
[2026-09-17T21:40:31.334+0000] {logging_mixin.py:188} INFO - [2026-09-17T21:40:31.334+0000] {dag.py:3096} INFO - Sync 1 DAGs
[2026-09-17T21:40:31.361+0000] {logging_mixin.py:188} INFO - [2026-09-17T21:40:31.361+0000] {dag.py:3954} INFO - Setting next_dagrun for data_extraction to None, run_after=None
[2026-09-17T21:40:31.393+0000] {processor.py:183} INFO - Processing /opt/airflow/dags/extraction_dag.py took 0.250 seconds
[2026-09-17T21:41:02.362+0000] {processor.py:161} INFO - Started process (PID=96) to work on /opt/airflow/dags/extraction_dag.py
[2026-09-17T21:41:02.366+0000] {processor.py:830} INFO - Processing file /opt/airflow/dags/extraction_dag.py for tasks to queue
[2026-09-17T21:41:02.369+0000] {logging_mixin.py:188} INFO - [2026-09-17T21:41:02.368+0000] {dagbag.py:545} INFO - Filling up the DagBag from /opt/airflow/dags/extraction_dag.py
[2026-09-17T21:41:02.401+0000] {processor.py:840} INFO - DAG(s) 'data_extraction' retrieved from /opt/airflow/dags/extraction_dag.py
[2026-09-17T21:41:02.454+0000] {logging_mixin.py:188} INFO - [2026-09-17T21:41:02.453+0000] {dag.py:3096} INFO - Sync 1 DAGs
[2026-09-17T21:41:02.468+0000] {logging_mixin.py:188} INFO - [2026-09-17T21:41:02.468+0000] {dag.py:3954} INFO - Setting next_dagrun for data_extraction to None, run_after=None
[2026-09-17T21:41:02.496+0000] {processor.py:183} INFO - Processing /opt/airflow/dags/extraction_dag.py took 0.146 seconds
[2026-09-17T21:41:32.590+0000] {processor.py:161} INFO - Started process (PID=104) to work on /opt/airflow/dags/extraction_dag.py
[2026-09-17T21:41:32.592+0000] {processor.py:830} INFO - Processing file /opt/airflow/dags/extraction_dag.py for tasks to queue
[2026-09-17T21:41:32.595+0000] {logging_mixin.py:188} INFO - [2026-09-17T21:41:32.594+0000] {dagbag.py:545} INFO - Filling up the DagBag from /opt/airflow/dags/extraction_dag.py
[2026-09-17T21:41:32.613+0000] {processor.py:840} INFO - DAG(s) 'data_extraction' retrieved from /opt/airflow/dags/extraction_dag.py
[2026-09-17T21:41:32.651+0000] {logging_mixin.py:188} INFO - [2026-09-17T21:41:32.650+0000] {dag.py:3096} INFO - Sync 1 DAGs
[2026-09-17T21:41:32.676+0000] {logging_mixin.py:188} INFO - [2026-09-17T21:41:32.675+0000] {dag.py:3954} INFO - Setting next_dagrun for data_extraction to None, run_after=None
[2026-09-17T21:41:32.708+0000] {processor.py:183} INFO - Processing /opt/airflow/dags/extraction_dag.py took 0.130 seconds
[2026-09-17T21:41:37.740+0000] {processor.py:161} INFO - Started process (PID=106) to work on /opt/airflow/dags/extraction_dag.py
[2026-09-17T21:41:37.746+0000] {processor.py:830} INFO - Processing file /opt/airflow/dags/extraction_dag.py for tasks to queue
[2026-09-17T21:41:37.750+0000] {logging_mixin.py:188} INFO - [2026-09-17T21:41:37.749+0000] {dagbag.py:545} INFO - Filling up the DagBag from /opt/airflow/dags/extraction_dag.py
[2026-09-17T21:41:37.773+0000] {processor.py:840} INFO - DAG(s) 'data_extraction' retrieved from /opt/airflow/dags/extraction_dag.py
[2026-09-17T21:41:37.991+0000] {logging_mixin.py:188} INFO - [2026-09-17T21:41:37.990+0000] {dag.py:3096} INFO - Sync 1 DAGs
[2026-09-17T21:41:38.008+0000] {logging_mixin.py:188} INFO - [2026-09-17T21:41:38.008+0000] {dag.py:3954} INFO - Setting next_dagrun for data_extraction to None, run_after=None
[2026-09-17T21:41:38.032+0000] {processor.py:183} INFO - Processing /opt/airflow/dags/extraction_dag.py took 0.306 seconds
[2026-09-17T21:41:46.095+0000] {processor.py:161} INFO - Started process (PID=107) to work on /opt/airflow/dags/extraction_dag.py
[2026-09-17T21:41:46.096+0000] {processor.py:830} INFO - Processing file /opt/airflow/dags/extraction_dag.py for tasks to queue
[2026-09-17T21:41:46.098+0000] {logging_mixin.py:188} INFO - [2026-09-17T21:41:46.097+0000] {dagbag.py:545} INFO - Filling up the DagBag from /opt/airflow/dags/extraction_dag.py
[2026-09-17T21:41:46.109+0000] {processor.py:840} INFO - DAG(s) 'data_extraction' retrieved from /opt/airflow/dags/extraction_dag.py
[2026-09-17T21:41:46.149+0000] {logging_mixin.py:188} INFO - [2026-09-17T21:41:46.149+0000] {dag.py:3096} INFO - Sync 1 DAGs
[2026-09-17T21:41:46.163+0000] {logging_mixin.py:188} INFO - [2026-09-17T21:41:46.163+0000] {dag.py:3954} INFO - Setting next_dagrun for data_extraction to None, run_after=None
[2026-09-17T21:41:46.186+0000] {processor.py:183} INFO - Processing /opt/airflow/dags/extraction_dag.py took 0.097 seconds
[2026-09-17T21:42:00.474+0000] {processor.py:161} INFO - Started process (PID=114) to work on /opt/airflow/dags/extraction_dag.py
[2026-09-17T21:42:00.475+0000] {processor.py:830} INFO - Processing file /opt/airflow/dags/extraction_dag.py for tasks to queue
[2026-09-17T21:42:00.477+0000] {logging_mixin.py:188} INFO - [2026-09-17T21:42:00.477+0000] {dagbag.py:545} INFO - Filling up the DagBag from /opt/airflow/dags/extraction_dag.py
[2026-09-17T21:42:00.489+0000] {processor.py:840} INFO - DAG(s) 'data_extraction' retrieved from /opt/airflow/dags/extraction_dag.py
[2026-09-17T21:42:00.505+0000] {logging_mixin.py:188} INFO - [2026-09-17T21:42:00.504+0000] {dag.py:3096} INFO - Sync 1 DAGs
[2026-09-17T21:42:00.520+0000] {logging_mixin.py:188} INFO - [2026-09-17T21:42:00.519+0000] {dag.py:3954} INFO - Setting next_dagrun for data_extraction to None, run_after=None
[2026-09-17T21:42:00.549+0000] {processor.py:183} INFO - Processing /opt/airflow/dags/extraction_dag.py took 0.082 seconds
[2026-09-17T21:42:00.586+0000] {processor.py:161} INFO - Started process (PID=115) to work on /opt/airflow/dags/extraction_dag.py
[2026-09-17T21:42:00.588+0000] {processor.py:830} INFO - Processing file /opt/airflow/dags/extraction_dag.py for tasks to queue
[2026-09-17T21:42:00.591+0000] {logging_mixin.py:188} INFO - [2026-09-17T21:42:00.591+0000] {dagbag.py:545} INFO - Filling up the DagBag from /opt/airflow/dags/extraction_dag.py
[2026-09-17T21:42:00.605+0000] {processor.py:840} INFO - DAG(s) 'data_extraction' retrieved from /opt/airflow/dags/extraction_dag.py
[2026-09-17T21:42:00.624+0000] {logging_mixin.py:188} INFO - [2026-09-17T21:42:00.623+0000] {dag.py:3096} INFO - Sync 1 DAGs
[2026-09-17T21:42:00.639+0000] {logging_mixin.py:188} INFO - [2026-09-17T21:42:00.639+0000] {dag.py:3954} INFO - Setting next_dagrun for data_extraction to None, run_after=None
[2026-09-17T21:41:58.971+0000] {processor.py:183} INFO - Processing /opt/airflow/dags/extraction_dag.py took 0.091 seconds
[2026-09-17T21:41:59.000+0000] {processor.py:161} INFO - Started process (PID=116) to work on /opt/airflow/dags/extraction_dag.py
[2026-09-17T21:41:59.001+0000] {processor.py:830} INFO - Processing file /opt/airflow/dags/extraction_dag.py for tasks to queue
[2026-09-17T21:41:59.003+0000] {logging_mixin.py:188} INFO - [2026-09-17T21:41:59.002+0000] {dagbag.py:545} INFO - Filling up the DagBag from /opt/airflow/dags/extraction_dag.py
[2026-09-17T21:41:59.013+0000] {processor.py:840} INFO - DAG(s) 'data_extraction' retrieved from /opt/airflow/dags/extraction_dag.py
[2026-09-17T21:41:59.028+0000] {logging_mixin.py:188} INFO - [2026-09-17T21:41:59.028+0000] {dag.py:3096} INFO - Sync 1 DAGs
[2026-09-17T21:41:59.040+0000] {logging_mixin.py:188} INFO - [2026-09-17T21:41:59.040+0000] {dag.py:3954} INFO - Setting next_dagrun for data_extraction to None, run_after=None
[2026-09-17T21:41:59.063+0000] {processor.py:183} INFO - Processing /opt/airflow/dags/extraction_dag.py took 0.071 seconds
[2026-09-17T21:41:59.088+0000] {processor.py:161} INFO - Started process (PID=117) to work on /opt/airflow/dags/extraction_dag.py
[2026-09-17T21:41:59.089+0000] {processor.py:830} INFO - Processing file /opt/airflow/dags/extraction_dag.py for tasks to queue
[2026-09-17T21:41:59.091+0000] {logging_mixin.py:188} INFO - [2026-09-17T21:41:59.091+0000] {dagbag.py:545} INFO - Filling up the DagBag from /opt/airflow/dags/extraction_dag.py
[2026-09-17T21:41:59.102+0000] {processor.py:840} INFO - DAG(s) 'data_extraction' retrieved from /opt/airflow/dags/extraction_dag.py
[2026-09-17T21:41:59.119+0000] {logging_mixin.py:188} INFO - [2026-09-17T21:41:59.118+0000] {dag.py:3096} INFO - Sync 1 DAGs
[2026-09-17T21:41:59.131+0000] {logging_mixin.py:188} INFO - [2026-09-17T21:41:59.130+0000] {dag.py:3954} INFO - Setting next_dagrun for data_extraction to None, run_after=None
[2026-09-17T21:41:59.149+0000] {processor.py:183} INFO - Processing /opt/airflow/dags/extraction_dag.py took 0.068 seconds
[2026-09-17T21:41:59.175+0000] {processor.py:161} INFO - Started process (PID=118) to work on /opt/airflow/dags/extraction_dag.py
[2026-09-17T21:41:59.176+0000] {processor.py:830} INFO - Processing file /opt/airflow/dags/extraction_dag.py for tasks to queue
[2026-09-17T21:41:59.177+0000] {logging_mixin.py:188} INFO - [2026-09-17T21:41:59.177+0000] {dagbag.py:545} INFO - Filling up the DagBag from /opt/airflow/dags/extraction_dag.py
[2026-09-17T21:41:59.190+0000] {processor.py:840} INFO - DAG(s) 'data_extraction' retrieved from /opt/airflow/dags/extraction_dag.py
[2026-09-17T21:41:59.207+0000] {logging_mixin.py:188} INFO - [2026-09-17T21:41:59.207+0000] {dag.py:3096} INFO - Sync 1 DAGs
[2026-09-17T21:41:59.220+0000] {logging_mixin.py:188} INFO - [2026-09-17T21:41:59.219+0000] {dag.py:3954} INFO - Setting next_dagrun for data_extraction to None, run_after=None
[2026-09-17T21:41:59.245+0000] {processor.py:183} INFO - Processing /opt/airflow/dags/extraction_dag.py took 0.078 seconds
[2026-09-17T21:41:59.271+0000] {processor.py:161} INFO - Started process (PID=119) to work on /opt/airflow/dags/extraction_dag.py
[2026-09-17T21:41:59.272+0000] {processor.py:830} INFO - Processing file /opt/airflow/dags/extraction_dag.py for tasks to queue
[2026-09-17T21:41:59.274+0000] {logging_mixin.py:188} INFO - [2026-09-17T21:41:59.273+0000] {dagbag.py:545} INFO - Filling up the DagBag from /opt/airflow/dags/extraction_dag.py
[2026-09-17T21:41:59.286+0000] {processor.py:840} INFO - DAG(s) 'data_extraction' retrieved from /opt/airflow/dags/extraction_dag.py
[2026-09-17T21:41:59.301+0000] {logging_mixin.py:188} INFO - [2026-09-17T21:41:59.301+0000] {dag.py:3096} INFO - Sync 1 DAGs
[2026-09-17T21:41:59.313+0000] {logging_mixin.py:188} INFO - [2026-09-17T21:41:59.313+0000] {dag.py:3954} INFO - Setting next_dagrun for data_extraction to None, run_after=None
[2026-09-17T21:41:59.338+0000] {processor.py:183} INFO - Processing /opt/airflow/dags/extraction_dag.py took 0.074 seconds
[2026-09-17T21:41:59.364+0000] {processor.py:161} INFO - Started process (PID=120) to work on /opt/airflow/dags/extraction_dag.py
[2026-09-17T21:41:59.365+0000] {processor.py:830} INFO - Processing file /opt/airflow/dags/extraction_dag.py for tasks to queue
[2026-09-17T21:41:59.368+0000] {logging_mixin.py:188} INFO - [2026-09-17T21:41:59.367+0000] {dagbag.py:545} INFO - Filling up the DagBag from /opt/airflow/dags/extraction_dag.py
[2026-09-17T21:41:59.377+0000] {processor.py:840} INFO - DAG(s) 'data_extraction' retrieved from /opt/airflow/dags/extraction_dag.py
[2026-09-17T21:41:59.392+0000] {logging_mixin.py:188} INFO - [2026-09-17T21:41:59.392+0000] {dag.py:3096} INFO - Sync 1 DAGs
[2026-09-17T21:41:59.405+0000] {logging_mixin.py:188} INFO - [2026-09-17T21:41:59.405+0000] {dag.py:3954} INFO - Setting next_dagrun for data_extraction to None, run_after=None
[2026-09-17T21:41:59.430+0000] {processor.py:183} INFO - Processing /opt/airflow/dags/extraction_dag.py took 0.074 seconds
[2026-09-17T21:41:59.456+0000] {processor.py:161} INFO - Started process (PID=121) to work on /opt/airflow/dags/extraction_dag.py
[2026-09-17T21:41:59.456+0000] {processor.py:830} INFO - Processing file /opt/airflow/dags/extraction_dag.py for tasks to queue
[2026-09-17T21:41:59.458+0000] {logging_mixin.py:188} INFO - [2026-09-17T21:41:59.458+0000] {dagbag.py:545} INFO - Filling up the DagBag from /opt/airflow/dags/extraction_dag.py
[2026-09-17T21:41:59.471+0000] {processor.py:840} INFO - DAG(s) 'data_extraction' retrieved from /opt/airflow/dags/extraction_dag.py
[2026-09-17T21:41:59.490+0000] {logging_mixin.py:188} INFO - [2026-09-17T21:41:59.489+0000] {dag.py:3096} INFO - Sync 1 DAGs
[2026-09-17T21:41:59.503+0000] {logging_mixin.py:188} INFO - [2026-09-17T21:41:59.502+0000] {dag.py:3954} INFO - Setting next_dagrun for data_extraction to None, run_after=None
[2026-09-17T21:41:59.529+0000] {processor.py:183} INFO - Processing /opt/airflow/dags/extraction_dag.py took 0.080 seconds
[2026-09-17T21:41:59.567+0000] {processor.py:161} INFO - Started process (PID=122) to work on /opt/airflow/dags/extraction_dag.py
[2026-09-17T21:41:59.569+0000] {processor.py:830} INFO - Processing file /opt/airflow/dags/extraction_dag.py for tasks to queue
[2026-09-17T21:41:59.572+0000] {logging_mixin.py:188} INFO - [2026-09-17T21:41:59.571+0000] {dagbag.py:545} INFO - Filling up the DagBag from /opt/airflow/dags/extraction_dag.py
[2026-09-17T21:41:59.597+0000] {processor.py:840} INFO - DAG(s) 'data_extraction' retrieved from /opt/airflow/dags/extraction_dag.py
[2026-09-17T21:41:59.629+0000] {logging_mixin.py:188} INFO - [2026-09-17T21:41:59.629+0000] {dag.py:3096} INFO - Sync 1 DAGs
[2026-09-17T21:41:59.655+0000] {logging_mixin.py:188} INFO - [2026-09-17T21:41:59.654+0000] {dag.py:3954} INFO - Setting next_dagrun for data_extraction to None, run_after=None
[2026-09-17T21:41:59.684+0000] {processor.py:183} INFO - Processing /opt/airflow/dags/extraction_dag.py took 0.134 seconds
[2026-09-17T21:41:59.711+0000] {processor.py:161} INFO - Started process (PID=123) to work on /opt/airflow/dags/extraction_dag.py
[2026-09-17T21:41:59.712+0000] {processor.py:830} INFO - Processing file /opt/airflow/dags/extraction_dag.py for tasks to queue
[2026-09-17T21:41:59.714+0000] {logging_mixin.py:188} INFO - [2026-09-17T21:41:59.714+0000] {dagbag.py:545} INFO - Filling up the DagBag from /opt/airflow/dags/extraction_dag.py
[2026-09-17T21:41:59.729+0000] {processor.py:840} INFO - DAG(s) 'data_extraction' retrieved from /opt/airflow/dags/extraction_dag.py
[2026-09-17T21:41:59.746+0000] {logging_mixin.py:188} INFO - [2026-09-17T21:41:59.746+0000] {dag.py:3096} INFO - Sync 1 DAGs
[2026-09-17T21:41:59.760+0000] {logging_mixin.py:188} INFO - [2026-09-17T21:41:59.760+0000] {dag.py:3954} INFO - Setting next_dagrun for data_extraction to None, run_after=None
[2026-09-17T21:41:59.784+0000] {processor.py:183} INFO - Processing /opt/airflow/dags/extraction_dag.py took 0.080 seconds
[2026-09-17T21:41:59.817+0000] {processor.py:161} INFO - Started process (PID=124) to work on /opt/airflow/dags/extraction_dag.py
[2026-09-17T21:41:59.818+0000] {processor.py:830} INFO - Processing file /opt/airflow/dags/extraction_dag.py for tasks to queue
[2026-09-17T21:41:59.821+0000] {logging_mixin.py:188} INFO - [2026-09-17T21:41:59.820+0000] {dagbag.py:545} INFO - Filling up the DagBag from /opt/airflow/dags/extraction_dag.py
[2026-09-17T21:41:59.832+0000] {processor.py:840} INFO - DAG(s) 'data_extraction' retrieved from /opt/airflow/dags/extraction_dag.py
[2026-09-17T21:41:59.849+0000] {logging_mixin.py:188} INFO - [2026-09-17T21:41:59.848+0000] {dag.py:3096} INFO - Sync 1 DAGs
[2026-09-17T21:41:59.864+0000] {logging_mixin.py:188} INFO - [2026-09-17T21:41:59.864+0000] {dag.py:3954} INFO - Setting next_dagrun for data_extraction to None, run_after=None
[2026-09-17T21:41:59.892+0000] {processor.py:183} INFO - Processing /opt/airflow/dags/extraction_dag.py took 0.084 seconds
[2026-09-17T21:41:59.923+0000] {processor.py:161} INFO - Started process (PID=125) to work on /opt/airflow/dags/extraction_dag.py
[2026-09-17T21:41:59.924+0000] {processor.py:830} INFO - Processing file /opt/airflow/dags/extraction_dag.py for tasks to queue
[2026-09-17T21:41:59.926+0000] {logging_mixin.py:188} INFO - [2026-09-17T21:41:59.926+0000] {dagbag.py:545} INFO - Filling up the DagBag from /opt/airflow/dags/extraction_dag.py
[2026-09-17T21:41:59.938+0000] {processor.py:840} INFO - DAG(s) 'data_extraction' retrieved from /opt/airflow/dags/extraction_dag.py
[2026-09-17T21:41:59.955+0000] {logging_mixin.py:188} INFO - [2026-09-17T21:41:59.955+0000] {dag.py:3096} INFO - Sync 1 DAGs
[2026-09-17T21:41:59.978+0000] {logging_mixin.py:188} INFO - [2026-09-17T21:41:59.978+0000] {dag.py:3954} INFO - Setting next_dagrun for data_extraction to None, run_after=None
[2026-09-17T21:42:00.012+0000] {processor.py:183} INFO - Processing /opt/airflow/dags/extraction_dag.py took 0.099 seconds
[2026-09-17T21:42:00.041+0000] {processor.py:161} INFO - Started process (PID=126) to work on /opt/airflow/dags/extraction_dag.py
[2026-09-17T21:42:00.042+0000] {processor.py:830} INFO - Processing file /opt/airflow/dags/extraction_dag.py for tasks to queue
[2026-09-17T21:42:00.044+0000] {logging_mixin.py:188} INFO - [2026-09-17T21:42:00.043+0000] {dagbag.py:545} INFO - Filling up the DagBag from /opt/airflow/dags/extraction_dag.py
[2026-09-17T21:42:00.054+0000] {processor.py:840} INFO - DAG(s) 'data_extraction' retrieved from /opt/airflow/dags/extraction_dag.py
[2026-09-17T21:42:00.072+0000] {logging_mixin.py:188} INFO - [2026-09-17T21:42:00.072+0000] {dag.py:3096} INFO - Sync 1 DAGs
[2026-09-17T21:42:00.086+0000] {logging_mixin.py:188} INFO - [2026-09-17T21:42:00.085+0000] {dag.py:3954} INFO - Setting next_dagrun for data_extraction to None, run_after=None
[2026-09-17T21:42:00.109+0000] {processor.py:183} INFO - Processing /opt/airflow/dags/extraction_dag.py took 0.076 seconds
[2026-09-17T21:42:00.142+0000] {processor.py:161} INFO - Started process (PID=127) to work on /opt/airflow/dags/extraction_dag.py
[2026-09-17T21:42:00.143+0000] {processor.py:830} INFO - Processing file /opt/airflow/dags/extraction_dag.py for tasks to queue
[2026-09-17T21:42:00.145+0000] {logging_mixin.py:188} INFO - [2026-09-17T21:42:00.145+0000] {dagbag.py:545} INFO - Filling up the DagBag from /opt/airflow/dags/extraction_dag.py
[2026-09-17T21:42:00.157+0000] {processor.py:840} INFO - DAG(s) 'data_extraction' retrieved from /opt/airflow/dags/extraction_dag.py
[2026-09-17T21:42:00.175+0000] {logging_mixin.py:188} INFO - [2026-09-17T21:42:00.175+0000] {dag.py:3096} INFO - Sync 1 DAGs
[2026-09-17T21:42:00.190+0000] {logging_mixin.py:188} INFO - [2026-09-17T21:42:00.190+0000] {dag.py:3954} INFO - Setting next_dagrun for data_extraction to None, run_after=None
[2026-09-17T21:42:00.215+0000] {processor.py:183} INFO - Processing /opt/airflow/dags/extraction_dag.py took 0.081 seconds
[2026-09-17T21:42:00.260+0000] {processor.py:161} INFO - Started process (PID=128) to work on /opt/airflow/dags/extraction_dag.py
[2026-09-17T21:42:00.261+0000] {processor.py:830} INFO - Processing file /opt/airflow/dags/extraction_dag.py for tasks to queue
[2026-09-17T21:42:00.264+0000] {logging_mixin.py:188} INFO - [2026-09-17T21:42:00.263+0000] {dagbag.py:545} INFO - Filling up the DagBag from /opt/airflow/dags/extraction_dag.py
[2026-09-17T21:42:00.278+0000] {processor.py:840} INFO - DAG(s) 'data_extraction' retrieved from /opt/airflow/dags/extraction_dag.py
[2026-09-17T21:42:00.301+0000] {logging_mixin.py:188} INFO - [2026-09-17T21:42:00.300+0000] {dag.py:3096} INFO - Sync 1 DAGs
[2026-09-17T21:42:00.319+0000] {logging_mixin.py:188} INFO - [2026-09-17T21:42:00.318+0000] {dag.py:3954} INFO - Setting next_dagrun for data_extraction to None, run_after=None
[2026-09-17T21:42:00.352+0000] {processor.py:183} INFO - Processing /opt/airflow/dags/extraction_dag.py took 0.103 seconds
[2026-09-17T21:42:00.391+0000] {processor.py:161} INFO - Started process (PID=129) to work on /opt/airflow/dags/extraction_dag.py
[2026-09-17T21:42:00.392+0000] {processor.py:830} INFO - Processing file /opt/airflow/dags/extraction_dag.py for tasks to queue
[2026-09-17T21:42:00.394+0000] {logging_mixin.py:188} INFO - [2026-09-17T21:42:00.394+0000] {dagbag.py:545} INFO - Filling up the DagBag from /opt/airflow/dags/extraction_dag.py
[2026-09-17T21:42:00.406+0000] {processor.py:840} INFO - DAG(s) 'data_extraction' retrieved from /opt/airflow/dags/extraction_dag.py
[2026-09-17T21:42:00.427+0000] {logging_mixin.py:188} INFO - [2026-09-17T21:42:00.427+0000] {dag.py:3096} INFO - Sync 1 DAGs
[2026-09-17T21:42:00.459+0000] {logging_mixin.py:188} INFO - [2026-09-17T21:42:00.459+0000] {dag.py:3954} INFO - Setting next_dagrun for data_extraction to None, run_after=None
[2026-09-17T21:42:00.505+0000] {processor.py:183} INFO - Processing /opt/airflow/dags/extraction_dag.py took 0.125 seconds
[2026-09-17T21:42:00.546+0000] {processor.py:161} INFO - Started process (PID=130) to work on /opt/airflow/dags/extraction_dag.py
[2026-09-17T21:42:00.549+0000] {processor.py:830} INFO - Processing file /opt/airflow/dags/extraction_dag.py for tasks to queue
[2026-09-17T21:42:00.552+0000] {logging_mixin.py:188} INFO - [2026-09-17T21:42:00.551+0000] {dagbag.py:545} INFO - Filling up the DagBag from /opt/airflow/dags/extraction_dag.py
[2026-09-17T21:42:00.574+0000] {processor.py:840} INFO - DAG(s) 'data_extraction' retrieved from /opt/airflow/dags/extraction_dag.py
[2026-09-17T21:42:00.617+0000] {logging_mixin.py:188} INFO - [2026-09-17T21:42:00.615+0000] {dag.py:3096} INFO - Sync 1 DAGs
[2026-09-17T21:42:00.637+0000] {logging_mixin.py:188} INFO - [2026-09-17T21:42:00.637+0000] {dag.py:3954} INFO - Setting next_dagrun for data_extraction to None, run_after=None
[2026-09-17T21:42:00.659+0000] {processor.py:183} INFO - Processing /opt/airflow/dags/extraction_dag.py took 0.125 seconds
[2026-09-17T21:42:00.691+0000] {processor.py:161} INFO - Started process (PID=131) to work on /opt/airflow/dags/extraction_dag.py
[2026-09-17T21:42:00.692+0000] {processor.py:830} INFO - Processing file /opt/airflow/dags/extraction_dag.py for tasks to queue
[2026-09-17T21:42:00.694+0000] {logging_mixin.py:188} INFO - [2026-09-17T21:42:00.694+0000] {dagbag.py:545} INFO - Filling up the DagBag from /opt/airflow/dags/extraction_dag.py
[2026-09-17T21:42:00.705+0000] {processor.py:840} INFO - DAG(s) 'data_extraction' retrieved from /opt/airflow/dags/extraction_dag.py
[2026-09-17T21:42:00.721+0000] {logging_mixin.py:188} INFO - [2026-09-17T21:42:00.721+0000] {dag.py:3096} INFO - Sync 1 DAGs
[2026-09-17T21:42:00.736+0000] {logging_mixin.py:188} INFO - [2026-09-17T21:42:00.736+0000] {dag.py:3954} INFO - Setting next_dagrun for data_extraction to None, run_after=None
[2026-09-17T21:42:00.759+0000] {processor.py:183} INFO - Processing /opt/airflow/dags/extraction_dag.py took 0.076 seconds
[2026-09-17T21:42:01.720+0000] {processor.py:161} INFO - Started process (PID=132) to work on /opt/airflow/dags/extraction_dag.py
[2026-09-17T21:42:01.724+0000] {processor.py:830} INFO - Processing file /opt/airflow/dags/extraction_dag.py for tasks to queue
[2026-09-17T21:42:01.729+0000] {logging_mixin.py:188} INFO - [2026-09-17T21:42:01.729+0000] {dagbag.py:545} INFO - Filling up the DagBag from /opt/airflow/dags/extraction_dag.py
[2026-09-17T21:42:01.763+0000] {logging_mixin.py:188} INFO - [2026-09-17T21:42:01.748+0000] {dagbag.py:355} ERROR - Failed to import: /opt/airflow/dags/extraction_dag.py
Traceback (most recent call last):
  File "/home/airflow/.local/lib/python3.10/site-packages/airflow/models/dagbag.py", line 351, in parse
    loader.exec_module(new_module)
  File "<frozen importlib._bootstrap_external>", line 883, in exec_module
  File "<frozen importlib._bootstrap>", line 241, in _call_with_frames_removed
  File "/opt/airflow/dags/extraction_dag.py", line 140, in <module>
    extraction_dag()
  File "/home/airflow/.local/lib/python3.10/site-packages/airflow/models/dag.py", line 4081, in factory
    f(**f_kwargs)
  File "/opt/airflow/dags/extraction_dag.py", line 133, in extraction_dag
    next_dag = TriggerDagRunOperator(
  File "/home/airflow/.local/lib/python3.10/site-packages/airflow/models/baseoperator.py", line 485, in apply_defaults
    result = func(self, **kwargs, default_args=default_args)
  File "/home/airflow/.local/lib/python3.10/site-packages/airflow/operators/trigger_dagrun.py", line 125, in __init__
    super().__init__(**kwargs)
  File "/home/airflow/.local/lib/python3.10/site-packages/airflow/models/baseoperator.py", line 485, in apply_defaults
    result = func(self, **kwargs, default_args=default_args)
  File "/home/airflow/.local/lib/python3.10/site-packages/airflow/models/baseoperator.py", line 893, in __init__
    validate_key(task_id)
  File "/home/airflow/.local/lib/python3.10/site-packages/airflow/utils/helpers.py", line 57, in validate_key
    raise AirflowException(
airflow.exceptions.AirflowException: The key '' has to be made of alphanumeric characters, dashes, dots and underscores exclusively
[2026-09-17T21:42:01.763+0000] {processor.py:842} WARNING - No viable dags retrieved from /opt/airflow/dags/extraction_dag.py
[2026-09-17T21:42:01.807+0000] {processor.py:183} INFO - Processing /opt/airflow/dags/extraction_dag.py took 0.105 seconds
[2026-09-17T21:42:04.859+0000] {processor.py:161} INFO - Started process (PID=134) to work on /opt/airflow/dags/extraction_dag.py
[2026-09-17T21:42:04.860+0000] {processor.py:830} INFO - Processing file /opt/airflow/dags/extraction_dag.py for tasks to queue
[2026-09-17T21:42:04.863+0000] {logging_mixin.py:188} INFO - [2026-09-17T21:42:04.862+0000] {dagbag.py:545} INFO - Filling up the DagBag from /opt/airflow/dags/extraction_dag.py
[2026-09-17T21:42:04.873+0000] {logging_mixin.py:188} INFO - [2026-09-17T21:42:04.872+0000] {dagbag.py:355} ERROR - Failed to import: /opt/airflow/dags/extraction_dag.py
Traceback (most recent call last):
  File "/home/airflow/.local/lib/python3.10/site-packages/airflow/models/dagbag.py", line 351, in parse
    loader.exec_module(new_module)
  File "<frozen importlib._bootstrap_external>", line 883, in exec_module
  File "<frozen importlib._bootstrap>", line 241, in _call_with_frames_removed
  File "/opt/airflow/dags/extraction_dag.py", line 140, in <module>
    extraction_dag()
  File "/home/airflow/.local/lib/python3.10/site-packages/airflow/models/dag.py", line 4081, in factory
    f(**f_kwargs)
  File "/opt/airflow/dags/extraction_dag.py", line 133, in extraction_dag
    next_dag = TriggerDagRunOperator(
  File "/home/airflow/.local/lib/python3.10/site-packages/airflow/models/baseoperator.py", line 485, in apply_defaults
    result = func(self, **kwargs, default_args=default_args)
  File "/home/airflow/.local/lib/python3.10/site-packages/airflow/operators/trigger_dagrun.py", line 125, in __init__
    super().__init__(**kwargs)
  File "/home/airflow/.local/lib/python3.10/site-packages/airflow/models/baseoperator.py", line 485, in apply_defaults
    result = func(self, **kwargs, default_args=default_args)
  File "/home/airflow/.local/lib/python3.10/site-packages/airflow/models/baseoperator.py", line 893, in __init__
    validate_key(task_id)
  File "/home/airflow/.local/lib/python3.10/site-packages/airflow/utils/helpers.py", line 57, in validate_key
    raise AirflowException(
airflow.exceptions.AirflowException: The key '' has to be made of alphanumeric characters, dashes, dots and underscores exclusively
[2026-09-17T21:42:04.874+0000] {processor.py:842} WARNING - No viable dags retrieved from /opt/airflow/dags/extraction_dag.py
[2026-09-17T21:42:04.902+0000] {processor.py:183} INFO - Processing /opt/airflow/dags/extraction_dag.py took 0.052 seconds
[2026-09-17T21:42:06.871+0000] {processor.py:161} INFO - Started process (PID=135) to work on /opt/airflow/dags/extraction_dag.py
[2026-09-17T21:42:06.872+0000] {processor.py:830} INFO - Processing file /opt/airflow/dags/extraction_dag.py for tasks to queue
[2026-09-17T21:42:06.874+0000] {logging_mixin.py:188} INFO - [2026-09-17T21:42:06.874+0000] {dagbag.py:545} INFO - Filling up the DagBag from /opt/airflow/dags/extraction_dag.py
[2026-09-17T21:42:06.890+0000] {logging_mixin.py:188} INFO - [2026-09-17T21:42:06.887+0000] {dagbag.py:355} ERROR - Failed to import: /opt/airflow/dags/extraction_dag.py
Traceback (most recent call last):
  File "/home/airflow/.local/lib/python3.10/site-packages/airflow/models/dagbag.py", line 351, in parse
    loader.exec_module(new_module)
  File "<frozen importlib._bootstrap_external>", line 883, in exec_module
  File "<frozen importlib._bootstrap>", line 241, in _call_with_frames_removed
  File "/opt/airflow/dags/extraction_dag.py", line 140, in <module>
    extraction_dag()
  File "/home/airflow/.local/lib/python3.10/site-packages/airflow/models/dag.py", line 4081, in factory
    f(**f_kwargs)
  File "/opt/airflow/dags/extraction_dag.py", line 133, in extraction_dag
    next_dag = TriggerDagRunOperator(
  File "/home/airflow/.local/lib/python3.10/site-packages/airflow/models/baseoperator.py", line 485, in apply_defaults
    result = func(self, **kwargs, default_args=default_args)
  File "/home/airflow/.local/lib/python3.10/site-packages/airflow/operators/trigger_dagrun.py", line 125, in __init__
    super().__init__(**kwargs)
  File "/home/airflow/.local/lib/python3.10/site-packages/airflow/models/baseoperator.py", line 485, in apply_defaults
    result = func(self, **kwargs, default_args=default_args)
  File "/home/airflow/.local/lib/python3.10/site-packages/airflow/models/baseoperator.py", line 893, in __init__
    validate_key(task_id)
  File "/home/airflow/.local/lib/python3.10/site-packages/airflow/utils/helpers.py", line 57, in validate_key
    raise AirflowException(
airflow.exceptions.AirflowException: The key '' has to be made of alphanumeric characters, dashes, dots and underscores exclusively
[2026-09-17T21:42:06.890+0000] {processor.py:842} WARNING - No viable dags retrieved from /opt/airflow/dags/extraction_dag.py
[2026-09-17T21:42:06.918+0000] {processor.py:183} INFO - Processing /opt/airflow/dags/extraction_dag.py took 0.054 seconds
[2026-09-17T21:42:10.959+0000] {processor.py:161} INFO - Started process (PID=136) to work on /opt/airflow/dags/extraction_dag.py
[2026-09-17T21:42:10.960+0000] {processor.py:830} INFO - Processing file /opt/airflow/dags/extraction_dag.py for tasks to queue
[2026-09-17T21:42:10.962+0000] {logging_mixin.py:188} INFO - [2026-09-17T21:42:10.962+0000] {dagbag.py:545} INFO - Filling up the DagBag from /opt/airflow/dags/extraction_dag.py
[2026-09-17T21:42:10.975+0000] {processor.py:840} INFO - DAG(s) 'data_extraction' retrieved from /opt/airflow/dags/extraction_dag.py
[2026-09-17T21:42:11.132+0000] {logging_mixin.py:188} INFO - [2026-09-17T21:42:11.131+0000] {dag.py:3096} INFO - Sync 1 DAGs
[2026-09-17T21:42:11.146+0000] {logging_mixin.py:188} INFO - [2026-09-17T21:42:11.145+0000] {dag.py:3954} INFO - Setting next_dagrun for data_extraction to None, run_after=None
[2026-09-17T21:42:11.180+0000] {processor.py:183} INFO - Processing /opt/airflow/dags/extraction_dag.py took 0.228 seconds
[2026-09-17T21:42:41.245+0000] {processor.py:161} INFO - Started process (PID=162) to work on /opt/airflow/dags/extraction_dag.py
[2026-09-17T21:42:41.251+0000] {processor.py:830} INFO - Processing file /opt/airflow/dags/extraction_dag.py for tasks to queue
[2026-09-17T21:42:41.254+0000] {logging_mixin.py:188} INFO - [2026-09-17T21:42:41.253+0000] {dagbag.py:545} INFO - Filling up the DagBag from /opt/airflow/dags/extraction_dag.py
[2026-09-17T21:42:41.268+0000] {processor.py:840} INFO - DAG(s) 'data_extraction' retrieved from /opt/airflow/dags/extraction_dag.py
[2026-09-17T21:42:41.300+0000] {logging_mixin.py:188} INFO - [2026-09-17T21:42:41.300+0000] {dag.py:3096} INFO - Sync 1 DAGs
[2026-09-17T21:42:41.316+0000] {logging_mixin.py:188} INFO - [2026-09-17T21:42:41.316+0000] {dag.py:3954} INFO - Setting next_dagrun for data_extraction to None, run_after=None
[2026-09-17T21:42:41.342+0000] {processor.py:183} INFO - Processing /opt/airflow/dags/extraction_dag.py took 0.105 seconds
[2026-09-17T21:43:11.407+0000] {processor.py:161} INFO - Started process (PID=185) to work on /opt/airflow/dags/extraction_dag.py
[2026-09-17T21:43:11.413+0000] {processor.py:830} INFO - Processing file /opt/airflow/dags/extraction_dag.py for tasks to queue
[2026-09-17T21:43:11.415+0000] {logging_mixin.py:188} INFO - [2026-09-17T21:43:11.415+0000] {dagbag.py:545} INFO - Filling up the DagBag from /opt/airflow/dags/extraction_dag.py
[2026-09-17T21:43:11.437+0000] {processor.py:840} INFO - DAG(s) 'data_extraction' retrieved from /opt/airflow/dags/extraction_dag.py
[2026-09-17T21:43:11.471+0000] {logging_mixin.py:188} INFO - [2026-09-17T21:43:11.471+0000] {dag.py:3096} INFO - Sync 1 DAGs
[2026-09-17T21:43:11.489+0000] {logging_mixin.py:188} INFO - [2026-09-17T21:43:11.488+0000] {dag.py:3954} INFO - Setting next_dagrun for data_extraction to None, run_after=None
[2026-09-17T21:43:11.516+0000] {processor.py:183} INFO - Processing /opt/airflow/dags/extraction_dag.py took 0.118 seconds
[2026-09-17T21:43:42.135+0000] {processor.py:161} INFO - Started process (PID=199) to work on /opt/airflow/dags/extraction_dag.py
[2026-09-17T21:43:42.137+0000] {processor.py:830} INFO - Processing file /opt/airflow/dags/extraction_dag.py for tasks to queue
[2026-09-17T21:43:42.140+0000] {logging_mixin.py:188} INFO - [2026-09-17T21:43:42.140+0000] {dagbag.py:545} INFO - Filling up the DagBag from /opt/airflow/dags/extraction_dag.py
[2026-09-17T21:43:42.163+0000] {processor.py:840} INFO - DAG(s) 'data_extraction' retrieved from /opt/airflow/dags/extraction_dag.py
[2026-09-17T21:43:42.207+0000] {logging_mixin.py:188} INFO - [2026-09-17T21:43:42.207+0000] {dag.py:3096} INFO - Sync 1 DAGs
[2026-09-17T21:43:42.227+0000] {logging_mixin.py:188} INFO - [2026-09-17T21:43:42.227+0000] {dag.py:3954} INFO - Setting next_dagrun for data_extraction to None, run_after=None
[2026-09-17T21:43:42.259+0000] {processor.py:183} INFO - Processing /opt/airflow/dags/extraction_dag.py took 0.135 seconds
[2026-09-17T21:44:12.698+0000] {processor.py:161} INFO - Started process (PID=207) to work on /opt/airflow/dags/extraction_dag.py
[2026-09-17T21:44:12.700+0000] {processor.py:830} INFO - Processing file /opt/airflow/dags/extraction_dag.py for tasks to queue
[2026-09-17T21:44:12.702+0000] {logging_mixin.py:188} INFO - [2026-09-17T21:44:12.701+0000] {dagbag.py:545} INFO - Filling up the DagBag from /opt/airflow/dags/extraction_dag.py
[2026-09-17T21:44:12.714+0000] {processor.py:840} INFO - DAG(s) 'data_extraction' retrieved from /opt/airflow/dags/extraction_dag.py
[2026-09-17T21:44:12.741+0000] {logging_mixin.py:188} INFO - [2026-09-17T21:44:12.741+0000] {dag.py:3096} INFO - Sync 1 DAGs
[2026-09-17T21:44:12.756+0000] {logging_mixin.py:188} INFO - [2026-09-17T21:44:12.756+0000] {dag.py:3954} INFO - Setting next_dagrun for data_extraction to None, run_after=None
[2026-09-17T21:44:12.783+0000] {processor.py:183} INFO - Processing /opt/airflow/dags/extraction_dag.py took 0.091 seconds
[2026-09-17T21:44:42.851+0000] {processor.py:161} INFO - Started process (PID=215) to work on /opt/airflow/dags/extraction_dag.py
[2026-09-17T21:44:42.853+0000] {processor.py:830} INFO - Processing file /opt/airflow/dags/extraction_dag.py for tasks to queue
[2026-09-17T21:44:42.856+0000] {logging_mixin.py:188} INFO - [2026-09-17T21:44:42.855+0000] {dagbag.py:545} INFO - Filling up the DagBag from /opt/airflow/dags/extraction_dag.py
[2026-09-17T21:44:42.871+0000] {processor.py:840} INFO - DAG(s) 'data_extraction' retrieved from /opt/airflow/dags/extraction_dag.py
[2026-09-17T21:44:42.914+0000] {logging_mixin.py:188} INFO - [2026-09-17T21:44:42.914+0000] {dag.py:3096} INFO - Sync 1 DAGs
[2026-09-17T21:44:42.928+0000] {logging_mixin.py:188} INFO - [2026-09-17T21:44:42.928+0000] {dag.py:3954} INFO - Setting next_dagrun for data_extraction to None, run_after=None
[2026-09-17T21:44:42.952+0000] {processor.py:183} INFO - Processing /opt/airflow/dags/extraction_dag.py took 0.110 seconds
[2026-09-17T21:44:43.991+0000] {processor.py:161} INFO - Started process (PID=216) to work on /opt/airflow/dags/extraction_dag.py
[2026-09-17T21:44:43.992+0000] {processor.py:830} INFO - Processing file /opt/airflow/dags/extraction_dag.py for tasks to queue
[2026-09-17T21:44:43.994+0000] {logging_mixin.py:188} INFO - [2026-09-17T21:44:43.994+0000] {dagbag.py:545} INFO - Filling up the DagBag from /opt/airflow/dags/extraction_dag.py
[2026-09-17T21:44:44.003+0000] {logging_mixin.py:188} INFO - [2026-09-17T21:44:43.998+0000] {dagbag.py:355} ERROR - Failed to import: /opt/airflow/dags/extraction_dag.py
Traceback (most recent call last):
  File "/home/airflow/.local/lib/python3.10/site-packages/airflow/models/dagbag.py", line 351, in parse
    loader.exec_module(new_module)
  File "<frozen importlib._bootstrap_external>", line 879, in exec_module
  File "<frozen importlib._bootstrap_external>", line 1017, in get_code
  File "<frozen importlib._bootstrap_external>", line 947, in source_to_code
  File "<frozen importlib._bootstrap>", line 241, in _call_with_frames_removed
  File "/opt/airflow/dags/extraction_dag.py", line 122
    (datetime.now().strftime(%Y-%m-%d %H:%M))
                             ^
SyntaxError: f-string: invalid syntax
[2026-09-17T21:44:44.004+0000] {processor.py:842} WARNING - No viable dags retrieved from /opt/airflow/dags/extraction_dag.py
[2026-09-17T21:44:44.048+0000] {processor.py:183} INFO - Processing /opt/airflow/dags/extraction_dag.py took 0.066 seconds
[2026-09-17T21:44:47.025+0000] {processor.py:161} INFO - Started process (PID=217) to work on /opt/airflow/dags/extraction_dag.py
[2026-09-17T21:44:47.026+0000] {processor.py:830} INFO - Processing file /opt/airflow/dags/extraction_dag.py for tasks to queue
[2026-09-17T21:44:47.028+0000] {logging_mixin.py:188} INFO - [2026-09-17T21:44:47.028+0000] {dagbag.py:545} INFO - Filling up the DagBag from /opt/airflow/dags/extraction_dag.py
[2026-09-17T21:44:47.042+0000] {processor.py:840} INFO - DAG(s) 'data_extraction' retrieved from /opt/airflow/dags/extraction_dag.py
[2026-09-17T21:44:47.083+0000] {logging_mixin.py:188} INFO - [2026-09-17T21:44:47.082+0000] {dag.py:3096} INFO - Sync 1 DAGs
[2026-09-17T21:44:47.100+0000] {logging_mixin.py:188} INFO - [2026-09-17T21:44:47.100+0000] {dag.py:3954} INFO - Setting next_dagrun for data_extraction to None, run_after=None
[2026-09-17T21:44:47.132+0000] {processor.py:183} INFO - Processing /opt/airflow/dags/extraction_dag.py took 0.117 seconds
[2026-09-17T21:44:53.967+0000] {processor.py:161} INFO - Started process (PID=218) to work on /opt/airflow/dags/extraction_dag.py
[2026-09-17T21:44:53.973+0000] {processor.py:830} INFO - Processing file /opt/airflow/dags/extraction_dag.py for tasks to queue
[2026-09-17T21:44:53.975+0000] {logging_mixin.py:188} INFO - [2026-09-17T21:44:53.975+0000] {dagbag.py:545} INFO - Filling up the DagBag from /opt/airflow/dags/extraction_dag.py
[2026-09-17T21:44:53.991+0000] {processor.py:840} INFO - DAG(s) 'data_extraction' retrieved from /opt/airflow/dags/extraction_dag.py
[2026-09-17T21:44:54.021+0000] {logging_mixin.py:188} INFO - [2026-09-17T21:44:54.020+0000] {dag.py:3096} INFO - Sync 1 DAGs
[2026-09-17T21:44:54.036+0000] {logging_mixin.py:188} INFO - [2026-09-17T21:44:54.035+0000] {dag.py:3954} INFO - Setting next_dagrun for data_extraction to None, run_after=None
[2026-09-17T21:44:54.063+0000] {processor.py:183} INFO - Processing /opt/airflow/dags/extraction_dag.py took 0.104 seconds
[2026-09-17T21:44:58.040+0000] {processor.py:161} INFO - Started process (PID=219) to work on /opt/airflow/dags/extraction_dag.py
[2026-09-17T21:44:58.041+0000] {processor.py:830} INFO - Processing file /opt/airflow/dags/extraction_dag.py for tasks to queue
[2026-09-17T21:44:58.043+0000] {logging_mixin.py:188} INFO - [2026-09-17T21:44:58.043+0000] {dagbag.py:545} INFO - Filling up the DagBag from /opt/airflow/dags/extraction_dag.py
[2026-09-17T21:44:58.057+0000] {processor.py:840} INFO - DAG(s) 'data_extraction' retrieved from /opt/airflow/dags/extraction_dag.py
[2026-09-17T21:44:58.084+0000] {logging_mixin.py:188} INFO - [2026-09-17T21:44:58.083+0000] {dag.py:3096} INFO - Sync 1 DAGs
[2026-09-17T21:44:58.096+0000] {logging_mixin.py:188} INFO - [2026-09-17T21:44:58.096+0000] {dag.py:3954} INFO - Setting next_dagrun for data_extraction to None, run_after=None
[2026-09-17T21:44:58.122+0000] {processor.py:183} INFO - Processing /opt/airflow/dags/extraction_dag.py took 0.088 seconds
[2026-09-17T21:45:01.130+0000] {processor.py:161} INFO - Started process (PID=220) to work on /opt/airflow/dags/extraction_dag.py
[2026-09-17T21:45:01.131+0000] {processor.py:830} INFO - Processing file /opt/airflow/dags/extraction_dag.py for tasks to queue
[2026-09-17T21:45:01.133+0000] {logging_mixin.py:188} INFO - [2026-09-17T21:45:01.133+0000] {dagbag.py:545} INFO - Filling up the DagBag from /opt/airflow/dags/extraction_dag.py
[2026-09-17T21:45:01.146+0000] {processor.py:840} INFO - DAG(s) 'data_extraction' retrieved from /opt/airflow/dags/extraction_dag.py
[2026-09-17T21:45:01.171+0000] {logging_mixin.py:188} INFO - [2026-09-17T21:45:01.171+0000] {dag.py:3096} INFO - Sync 1 DAGs
[2026-09-17T21:45:01.185+0000] {logging_mixin.py:188} INFO - [2026-09-17T21:45:01.184+0000] {dag.py:3954} INFO - Setting next_dagrun for data_extraction to None, run_after=None
[2026-09-17T21:45:01.220+0000] {processor.py:183} INFO - Processing /opt/airflow/dags/extraction_dag.py took 0.097 seconds
[2026-09-17T21:45:03.194+0000] {processor.py:161} INFO - Started process (PID=221) to work on /opt/airflow/dags/extraction_dag.py
[2026-09-17T21:45:03.195+0000] {processor.py:830} INFO - Processing file /opt/airflow/dags/extraction_dag.py for tasks to queue
[2026-09-17T21:45:03.197+0000] {logging_mixin.py:188} INFO - [2026-09-17T21:45:03.196+0000] {dagbag.py:545} INFO - Filling up the DagBag from /opt/airflow/dags/extraction_dag.py
[2026-09-17T21:45:03.212+0000] {processor.py:840} INFO - DAG(s) 'data_extraction' retrieved from /opt/airflow/dags/extraction_dag.py
[2026-09-17T21:45:03.240+0000] {logging_mixin.py:188} INFO - [2026-09-17T21:45:03.240+0000] {dag.py:3096} INFO - Sync 1 DAGs
[2026-09-17T21:45:03.252+0000] {logging_mixin.py:188} INFO - [2026-09-17T21:45:03.252+0000] {dag.py:3954} INFO - Setting next_dagrun for data_extraction to None, run_after=None
[2026-09-17T21:45:03.279+0000] {processor.py:183} INFO - Processing /opt/airflow/dags/extraction_dag.py took 0.093 seconds
[2026-09-17T21:45:34.273+0000] {processor.py:161} INFO - Started process (PID=235) to work on /opt/airflow/dags/extraction_dag.py
[2026-09-17T21:45:34.275+0000] {processor.py:830} INFO - Processing file /opt/airflow/dags/extraction_dag.py for tasks to queue
[2026-09-17T21:45:34.278+0000] {logging_mixin.py:188} INFO - [2026-09-17T21:45:34.277+0000] {dagbag.py:545} INFO - Filling up the DagBag from /opt/airflow/dags/extraction_dag.py
[2026-09-17T21:45:34.289+0000] {processor.py:840} INFO - DAG(s) 'data_extraction' retrieved from /opt/airflow/dags/extraction_dag.py
[2026-09-17T21:45:34.317+0000] {logging_mixin.py:188} INFO - [2026-09-17T21:45:34.316+0000] {dag.py:3096} INFO - Sync 1 DAGs
[2026-09-17T21:45:34.330+0000] {logging_mixin.py:188} INFO - [2026-09-17T21:45:34.330+0000] {dag.py:3954} INFO - Setting next_dagrun for data_extraction to None, run_after=None
[2026-09-17T21:45:34.352+0000] {processor.py:183} INFO - Processing /opt/airflow/dags/extraction_dag.py took 0.087 seconds
[2026-09-17T21:46:05.342+0000] {processor.py:161} INFO - Started process (PID=243) to work on /opt/airflow/dags/extraction_dag.py
[2026-09-17T21:46:05.346+0000] {processor.py:830} INFO - Processing file /opt/airflow/dags/extraction_dag.py for tasks to queue
[2026-09-17T21:46:05.348+0000] {logging_mixin.py:188} INFO - [2026-09-17T21:46:05.348+0000] {dagbag.py:545} INFO - Filling up the DagBag from /opt/airflow/dags/extraction_dag.py
[2026-09-17T21:46:05.360+0000] {processor.py:840} INFO - DAG(s) 'data_extraction' retrieved from /opt/airflow/dags/extraction_dag.py
[2026-09-17T21:46:05.388+0000] {logging_mixin.py:188} INFO - [2026-09-17T21:46:05.387+0000] {dag.py:3096} INFO - Sync 1 DAGs
[2026-09-17T21:46:05.401+0000] {logging_mixin.py:188} INFO - [2026-09-17T21:46:05.401+0000] {dag.py:3954} INFO - Setting next_dagrun for data_extraction to None, run_after=None
[2026-09-17T21:46:05.430+0000] {processor.py:183} INFO - Processing /opt/airflow/dags/extraction_dag.py took 0.095 seconds
[2026-09-17T21:46:35.576+0000] {processor.py:161} INFO - Started process (PID=251) to work on /opt/airflow/dags/extraction_dag.py
[2026-09-17T21:46:35.581+0000] {processor.py:830} INFO - Processing file /opt/airflow/dags/extraction_dag.py for tasks to queue
[2026-09-17T21:46:35.583+0000] {logging_mixin.py:188} INFO - [2026-09-17T21:46:35.583+0000] {dagbag.py:545} INFO - Filling up the DagBag from /opt/airflow/dags/extraction_dag.py
[2026-09-17T21:46:35.593+0000] {processor.py:840} INFO - DAG(s) 'data_extraction' retrieved from /opt/airflow/dags/extraction_dag.py
[2026-09-17T21:46:35.623+0000] {logging_mixin.py:188} INFO - [2026-09-17T21:46:35.623+0000] {dag.py:3096} INFO - Sync 1 DAGs
[2026-09-17T21:46:35.638+0000] {logging_mixin.py:188} INFO - [2026-09-17T21:46:35.638+0000] {dag.py:3954} INFO - Setting next_dagrun for data_extraction to None, run_after=None
[2026-09-17T21:46:35.660+0000] {processor.py:183} INFO - Processing /opt/airflow/dags/extraction_dag.py took 0.093 seconds
[2026-09-17T21:47:05.755+0000] {processor.py:161} INFO - Started process (PID=259) to work on /opt/airflow/dags/extraction_dag.py
[2026-09-17T21:47:05.761+0000] {processor.py:830} INFO - Processing file /opt/airflow/dags/extraction_dag.py for tasks to queue
[2026-09-17T21:47:05.763+0000] {logging_mixin.py:188} INFO - [2026-09-17T21:47:05.763+0000] {dagbag.py:545} INFO - Filling up the DagBag from /opt/airflow/dags/extraction_dag.py
[2026-09-17T21:47:05.772+0000] {processor.py:840} INFO - DAG(s) 'data_extraction' retrieved from /opt/airflow/dags/extraction_dag.py
[2026-09-17T21:47:05.799+0000] {logging_mixin.py:188} INFO - [2026-09-17T21:47:05.799+0000] {dag.py:3096} INFO - Sync 1 DAGs
[2026-09-17T21:47:05.815+0000] {logging_mixin.py:188} INFO - [2026-09-17T21:47:05.815+0000] {dag.py:3954} INFO - Setting next_dagrun for data_extraction to None, run_after=None
[2026-09-17T21:47:05.841+0000] {processor.py:183} INFO - Processing /opt/airflow/dags/extraction_dag.py took 0.093 seconds
[2026-09-17T21:47:20.192+0000] {processor.py:161} INFO - Started process (PID=261) to work on /opt/airflow/dags/extraction_dag.py
[2026-09-17T21:47:20.197+0000] {processor.py:830} INFO - Processing file /opt/airflow/dags/extraction_dag.py for tasks to queue
[2026-09-17T21:47:20.199+0000] {logging_mixin.py:188} INFO - [2026-09-17T21:47:20.199+0000] {dagbag.py:545} INFO - Filling up the DagBag from /opt/airflow/dags/extraction_dag.py
[2026-09-17T21:47:20.211+0000] {processor.py:840} INFO - DAG(s) 'data_extraction' retrieved from /opt/airflow/dags/extraction_dag.py
[2026-09-17T21:47:20.524+0000] {logging_mixin.py:188} INFO - [2026-09-17T21:47:20.524+0000] {dag.py:3096} INFO - Sync 1 DAGs
[2026-09-17T21:47:20.536+0000] {logging_mixin.py:188} INFO - [2026-09-17T21:47:20.536+0000] {dag.py:3954} INFO - Setting next_dagrun for data_extraction to None, run_after=None
[2026-09-17T21:47:20.563+0000] {processor.py:183} INFO - Processing /opt/airflow/dags/extraction_dag.py took 0.378 seconds
[2026-09-17T21:47:23.610+0000] {processor.py:161} INFO - Started process (PID=268) to work on /opt/airflow/dags/extraction_dag.py
[2026-09-17T21:47:23.611+0000] {processor.py:830} INFO - Processing file /opt/airflow/dags/extraction_dag.py for tasks to queue
[2026-09-17T21:47:23.613+0000] {logging_mixin.py:188} INFO - [2026-09-17T21:47:23.613+0000] {dagbag.py:545} INFO - Filling up the DagBag from /opt/airflow/dags/extraction_dag.py
[2026-09-17T21:47:23.627+0000] {processor.py:840} INFO - DAG(s) 'data_extraction' retrieved from /opt/airflow/dags/extraction_dag.py
[2026-09-17T21:47:23.645+0000] {logging_mixin.py:188} INFO - [2026-09-17T21:47:23.645+0000] {dag.py:3096} INFO - Sync 1 DAGs
[2026-09-17T21:47:23.662+0000] {logging_mixin.py:188} INFO - [2026-09-17T21:47:23.661+0000] {dag.py:3954} INFO - Setting next_dagrun for data_extraction to None, run_after=None
[2026-09-17T21:47:23.697+0000] {processor.py:183} INFO - Processing /opt/airflow/dags/extraction_dag.py took 0.094 seconds
[2026-09-17T21:47:27.647+0000] {processor.py:161} INFO - Started process (PID=269) to work on /opt/airflow/dags/extraction_dag.py
[2026-09-17T21:47:27.648+0000] {processor.py:830} INFO - Processing file /opt/airflow/dags/extraction_dag.py for tasks to queue
[2026-09-17T21:47:27.650+0000] {logging_mixin.py:188} INFO - [2026-09-17T21:47:27.650+0000] {dagbag.py:545} INFO - Filling up the DagBag from /opt/airflow/dags/extraction_dag.py
[2026-09-17T21:47:27.663+0000] {processor.py:840} INFO - DAG(s) 'data_extraction' retrieved from /opt/airflow/dags/extraction_dag.py
[2026-09-17T21:47:27.681+0000] {logging_mixin.py:188} INFO - [2026-09-17T21:47:27.681+0000] {dag.py:3096} INFO - Sync 1 DAGs
[2026-09-17T21:47:27.695+0000] {logging_mixin.py:188} INFO - [2026-09-17T21:47:27.695+0000] {dag.py:3954} INFO - Setting next_dagrun for data_extraction to None, run_after=None
[2026-09-17T21:47:27.716+0000] {processor.py:183} INFO - Processing /opt/airflow/dags/extraction_dag.py took 0.076 seconds
[2026-09-17T21:47:33.395+0000] {processor.py:161} INFO - Started process (PID=270) to work on /opt/airflow/dags/extraction_dag.py
[2026-09-17T21:47:33.400+0000] {processor.py:830} INFO - Processing file /opt/airflow/dags/extraction_dag.py for tasks to queue
[2026-09-17T21:47:33.403+0000] {logging_mixin.py:188} INFO - [2026-09-17T21:47:33.403+0000] {dagbag.py:545} INFO - Filling up the DagBag from /opt/airflow/dags/extraction_dag.py
[2026-09-17T21:47:33.424+0000] {processor.py:840} INFO - DAG(s) 'data_extraction' retrieved from /opt/airflow/dags/extraction_dag.py
[2026-09-17T21:47:33.457+0000] {logging_mixin.py:188} INFO - [2026-09-17T21:47:33.457+0000] {dag.py:3096} INFO - Sync 1 DAGs
[2026-09-17T21:47:33.484+0000] {logging_mixin.py:188} INFO - [2026-09-17T21:47:33.484+0000] {dag.py:3954} INFO - Setting next_dagrun for data_extraction to None, run_after=None
[2026-09-17T21:47:33.518+0000] {processor.py:183} INFO - Processing /opt/airflow/dags/extraction_dag.py took 0.133 seconds
[2026-09-17T21:48:03.879+0000] {processor.py:161} INFO - Started process (PID=278) to work on /opt/airflow/dags/extraction_dag.py
[2026-09-17T21:48:03.885+0000] {processor.py:830} INFO - Processing file /opt/airflow/dags/extraction_dag.py for tasks to queue
[2026-09-17T21:48:03.887+0000] {logging_mixin.py:188} INFO - [2026-09-17T21:48:03.886+0000] {dagbag.py:545} INFO - Filling up the DagBag from /opt/airflow/dags/extraction_dag.py
[2026-09-17T21:48:03.899+0000] {processor.py:840} INFO - DAG(s) 'data_extraction' retrieved from /opt/airflow/dags/extraction_dag.py
[2026-09-17T21:48:04.019+0000] {logging_mixin.py:188} INFO - [2026-09-17T21:48:04.018+0000] {dag.py:3096} INFO - Sync 1 DAGs
[2026-09-17T21:48:04.032+0000] {logging_mixin.py:188} INFO - [2026-09-17T21:48:04.032+0000] {dag.py:3954} INFO - Setting next_dagrun for data_extraction to None, run_after=None
[2026-09-17T21:48:04.058+0000] {processor.py:183} INFO - Processing /opt/airflow/dags/extraction_dag.py took 0.186 seconds
[2026-09-17T21:48:34.720+0000] {processor.py:161} INFO - Started process (PID=286) to work on /opt/airflow/dags/extraction_dag.py
[2026-09-17T21:48:34.726+0000] {processor.py:830} INFO - Processing file /opt/airflow/dags/extraction_dag.py for tasks to queue
[2026-09-17T21:48:34.728+0000] {logging_mixin.py:188} INFO - [2026-09-17T21:48:34.728+0000] {dagbag.py:545} INFO - Filling up the DagBag from /opt/airflow/dags/extraction_dag.py
[2026-09-17T21:48:34.740+0000] {processor.py:840} INFO - DAG(s) 'data_extraction' retrieved from /opt/airflow/dags/extraction_dag.py
[2026-09-17T21:48:34.771+0000] {logging_mixin.py:188} INFO - [2026-09-17T21:48:34.770+0000] {dag.py:3096} INFO - Sync 1 DAGs
[2026-09-17T21:48:34.785+0000] {logging_mixin.py:188} INFO - [2026-09-17T21:48:34.785+0000] {dag.py:3954} INFO - Setting next_dagrun for data_extraction to None, run_after=None
[2026-09-17T21:48:34.815+0000] {processor.py:183} INFO - Processing /opt/airflow/dags/extraction_dag.py took 0.102 seconds
[2026-09-17T21:49:05.690+0000] {processor.py:161} INFO - Started process (PID=294) to work on /opt/airflow/dags/extraction_dag.py
[2026-09-17T21:49:05.692+0000] {processor.py:830} INFO - Processing file /opt/airflow/dags/extraction_dag.py for tasks to queue
[2026-09-17T21:49:05.694+0000] {logging_mixin.py:188} INFO - [2026-09-17T21:49:05.693+0000] {dagbag.py:545} INFO - Filling up the DagBag from /opt/airflow/dags/extraction_dag.py
[2026-09-17T21:49:05.706+0000] {processor.py:840} INFO - DAG(s) 'data_extraction' retrieved from /opt/airflow/dags/extraction_dag.py
[2026-09-17T21:49:05.734+0000] {logging_mixin.py:188} INFO - [2026-09-17T21:49:05.734+0000] {dag.py:3096} INFO - Sync 1 DAGs
[2026-09-17T21:49:05.752+0000] {logging_mixin.py:188} INFO - [2026-09-17T21:49:05.752+0000] {dag.py:3954} INFO - Setting next_dagrun for data_extraction to None, run_after=None
[2026-09-17T21:49:05.779+0000] {processor.py:183} INFO - Processing /opt/airflow/dags/extraction_dag.py took 0.096 seconds
[2026-09-17T21:49:36.570+0000] {processor.py:161} INFO - Started process (PID=302) to work on /opt/airflow/dags/extraction_dag.py
[2026-09-17T21:49:36.576+0000] {processor.py:830} INFO - Processing file /opt/airflow/dags/extraction_dag.py for tasks to queue
[2026-09-17T21:49:36.579+0000] {logging_mixin.py:188} INFO - [2026-09-17T21:49:36.578+0000] {dagbag.py:545} INFO - Filling up the DagBag from /opt/airflow/dags/extraction_dag.py
[2026-09-17T21:49:36.591+0000] {processor.py:840} INFO - DAG(s) 'data_extraction' retrieved from /opt/airflow/dags/extraction_dag.py
[2026-09-17T21:49:36.619+0000] {logging_mixin.py:188} INFO - [2026-09-17T21:49:36.619+0000] {dag.py:3096} INFO - Sync 1 DAGs
[2026-09-17T21:49:36.633+0000] {logging_mixin.py:188} INFO - [2026-09-17T21:49:36.633+0000] {dag.py:3954} INFO - Setting next_dagrun for data_extraction to None, run_after=None
[2026-09-17T21:49:36.660+0000] {processor.py:183} INFO - Processing /opt/airflow/dags/extraction_dag.py took 0.097 seconds
[2026-09-17T21:50:06.718+0000] {processor.py:161} INFO - Started process (PID=310) to work on /opt/airflow/dags/extraction_dag.py
[2026-09-17T21:50:06.724+0000] {processor.py:830} INFO - Processing file /opt/airflow/dags/extraction_dag.py for tasks to queue
[2026-09-17T21:50:06.726+0000] {logging_mixin.py:188} INFO - [2026-09-17T21:50:06.725+0000] {dagbag.py:545} INFO - Filling up the DagBag from /opt/airflow/dags/extraction_dag.py
[2026-09-17T21:50:06.736+0000] {processor.py:840} INFO - DAG(s) 'data_extraction' retrieved from /opt/airflow/dags/extraction_dag.py
[2026-09-17T21:50:06.764+0000] {logging_mixin.py:188} INFO - [2026-09-17T21:50:06.764+0000] {dag.py:3096} INFO - Sync 1 DAGs
[2026-09-17T21:50:06.779+0000] {logging_mixin.py:188} INFO - [2026-09-17T21:50:06.779+0000] {dag.py:3954} INFO - Setting next_dagrun for data_extraction to None, run_after=None
[2026-09-17T21:50:06.805+0000] {processor.py:183} INFO - Processing /opt/airflow/dags/extraction_dag.py took 0.093 seconds
[2026-09-17T21:50:37.297+0000] {processor.py:161} INFO - Started process (PID=328) to work on /opt/airflow/dags/extraction_dag.py
[2026-09-17T21:50:37.300+0000] {processor.py:830} INFO - Processing file /opt/airflow/dags/extraction_dag.py for tasks to queue
[2026-09-17T21:50:37.303+0000] {logging_mixin.py:188} INFO - [2026-09-17T21:50:37.302+0000] {dagbag.py:545} INFO - Filling up the DagBag from /opt/airflow/dags/extraction_dag.py
[2026-09-17T21:50:37.313+0000] {processor.py:840} INFO - DAG(s) 'data_extraction' retrieved from /opt/airflow/dags/extraction_dag.py
[2026-09-17T21:50:37.341+0000] {logging_mixin.py:188} INFO - [2026-09-17T21:50:37.340+0000] {dag.py:3096} INFO - Sync 1 DAGs
[2026-09-17T21:50:37.353+0000] {logging_mixin.py:188} INFO - [2026-09-17T21:50:37.353+0000] {dag.py:3954} INFO - Setting next_dagrun for data_extraction to None, run_after=None
[2026-09-17T21:50:37.376+0000] {processor.py:183} INFO - Processing /opt/airflow/dags/extraction_dag.py took 0.086 seconds
[2026-09-17T21:51:07.768+0000] {processor.py:161} INFO - Started process (PID=336) to work on /opt/airflow/dags/extraction_dag.py
[2026-09-17T21:51:07.774+0000] {processor.py:830} INFO - Processing file /opt/airflow/dags/extraction_dag.py for tasks to queue
[2026-09-17T21:51:07.776+0000] {logging_mixin.py:188} INFO - [2026-09-17T21:51:07.775+0000] {dagbag.py:545} INFO - Filling up the DagBag from /opt/airflow/dags/extraction_dag.py
[2026-09-17T21:51:07.788+0000] {processor.py:840} INFO - DAG(s) 'data_extraction' retrieved from /opt/airflow/dags/extraction_dag.py
[2026-09-17T21:51:07.817+0000] {logging_mixin.py:188} INFO - [2026-09-17T21:51:07.817+0000] {dag.py:3096} INFO - Sync 1 DAGs
[2026-09-17T21:51:07.829+0000] {logging_mixin.py:188} INFO - [2026-09-17T21:51:07.829+0000] {dag.py:3954} INFO - Setting next_dagrun for data_extraction to None, run_after=None
[2026-09-17T21:51:07.849+0000] {processor.py:183} INFO - Processing /opt/airflow/dags/extraction_dag.py took 0.088 seconds
[2026-09-17T21:51:38.536+0000] {processor.py:161} INFO - Started process (PID=344) to work on /opt/airflow/dags/extraction_dag.py
[2026-09-17T21:51:38.542+0000] {processor.py:830} INFO - Processing file /opt/airflow/dags/extraction_dag.py for tasks to queue
[2026-09-17T21:51:38.544+0000] {logging_mixin.py:188} INFO - [2026-09-17T21:51:38.543+0000] {dagbag.py:545} INFO - Filling up the DagBag from /opt/airflow/dags/extraction_dag.py
[2026-09-17T21:51:38.553+0000] {processor.py:840} INFO - DAG(s) 'data_extraction' retrieved from /opt/airflow/dags/extraction_dag.py
[2026-09-17T21:51:38.579+0000] {logging_mixin.py:188} INFO - [2026-09-17T21:51:38.578+0000] {dag.py:3096} INFO - Sync 1 DAGs
[2026-09-17T21:51:38.590+0000] {logging_mixin.py:188} INFO - [2026-09-17T21:51:38.590+0000] {dag.py:3954} INFO - Setting next_dagrun for data_extraction to None, run_after=None
[2026-09-17T21:51:38.617+0000] {processor.py:183} INFO - Processing /opt/airflow/dags/extraction_dag.py took 0.087 seconds
[2026-09-17T21:52:09.060+0000] {processor.py:161} INFO - Started process (PID=352) to work on /opt/airflow/dags/extraction_dag.py
[2026-09-17T21:52:09.061+0000] {processor.py:830} INFO - Processing file /opt/airflow/dags/extraction_dag.py for tasks to queue
[2026-09-17T21:52:09.062+0000] {logging_mixin.py:188} INFO - [2026-09-17T21:52:09.062+0000] {dagbag.py:545} INFO - Filling up the DagBag from /opt/airflow/dags/extraction_dag.py
[2026-09-17T21:52:09.072+0000] {processor.py:840} INFO - DAG(s) 'data_extraction' retrieved from /opt/airflow/dags/extraction_dag.py
[2026-09-17T21:52:09.094+0000] {logging_mixin.py:188} INFO - [2026-09-17T21:52:09.094+0000] {dag.py:3096} INFO - Sync 1 DAGs
[2026-09-17T21:52:09.105+0000] {logging_mixin.py:188} INFO - [2026-09-17T21:52:09.105+0000] {dag.py:3954} INFO - Setting next_dagrun for data_extraction to None, run_after=None
[2026-09-17T21:52:09.125+0000] {processor.py:183} INFO - Processing /opt/airflow/dags/extraction_dag.py took 0.071 seconds
[2026-09-17T21:52:39.460+0000] {processor.py:161} INFO - Started process (PID=360) to work on /opt/airflow/dags/extraction_dag.py
[2026-09-17T21:52:39.461+0000] {processor.py:830} INFO - Processing file /opt/airflow/dags/extraction_dag.py for tasks to queue
[2026-09-17T21:52:39.463+0000] {logging_mixin.py:188} INFO - [2026-09-17T21:52:39.463+0000] {dagbag.py:545} INFO - Filling up the DagBag from /opt/airflow/dags/extraction_dag.py
[2026-09-17T21:52:39.472+0000] {processor.py:840} INFO - DAG(s) 'data_extraction' retrieved from /opt/airflow/dags/extraction_dag.py
[2026-09-17T21:52:39.495+0000] {logging_mixin.py:188} INFO - [2026-09-17T21:52:39.494+0000] {dag.py:3096} INFO - Sync 1 DAGs
[2026-09-17T21:52:39.505+0000] {logging_mixin.py:188} INFO - [2026-09-17T21:52:39.505+0000] {dag.py:3954} INFO - Setting next_dagrun for data_extraction to None, run_after=None
[2026-09-17T21:52:39.527+0000] {processor.py:183} INFO - Processing /opt/airflow/dags/extraction_dag.py took 0.073 seconds
[2026-09-17T21:53:10.137+0000] {processor.py:161} INFO - Started process (PID=368) to work on /opt/airflow/dags/extraction_dag.py
[2026-09-17T21:53:10.138+0000] {processor.py:830} INFO - Processing file /opt/airflow/dags/extraction_dag.py for tasks to queue
[2026-09-17T21:53:10.140+0000] {logging_mixin.py:188} INFO - [2026-09-17T21:53:10.140+0000] {dagbag.py:545} INFO - Filling up the DagBag from /opt/airflow/dags/extraction_dag.py
[2026-09-17T21:53:10.149+0000] {processor.py:840} INFO - DAG(s) 'data_extraction' retrieved from /opt/airflow/dags/extraction_dag.py
[2026-09-17T21:53:10.172+0000] {logging_mixin.py:188} INFO - [2026-09-17T21:53:10.172+0000] {dag.py:3096} INFO - Sync 1 DAGs
[2026-09-17T21:53:10.182+0000] {logging_mixin.py:188} INFO - [2026-09-17T21:53:10.182+0000] {dag.py:3954} INFO - Setting next_dagrun for data_extraction to None, run_after=None
[2026-09-17T21:53:10.204+0000] {processor.py:183} INFO - Processing /opt/airflow/dags/extraction_dag.py took 0.074 seconds
[2026-09-17T21:53:40.726+0000] {processor.py:161} INFO - Started process (PID=378) to work on /opt/airflow/dags/extraction_dag.py
[2026-09-17T21:53:40.728+0000] {processor.py:830} INFO - Processing file /opt/airflow/dags/extraction_dag.py for tasks to queue
[2026-09-17T21:53:40.729+0000] {logging_mixin.py:188} INFO - [2026-09-17T21:53:40.729+0000] {dagbag.py:545} INFO - Filling up the DagBag from /opt/airflow/dags/extraction_dag.py
[2026-09-17T21:53:40.739+0000] {processor.py:840} INFO - DAG(s) 'data_extraction' retrieved from /opt/airflow/dags/extraction_dag.py
[2026-09-17T21:53:40.765+0000] {logging_mixin.py:188} INFO - [2026-09-17T21:53:40.764+0000] {dag.py:3096} INFO - Sync 1 DAGs
[2026-09-17T21:53:40.776+0000] {logging_mixin.py:188} INFO - [2026-09-17T21:53:40.776+0000] {dag.py:3954} INFO - Setting next_dagrun for data_extraction to None, run_after=None
[2026-09-17T21:53:40.798+0000] {processor.py:183} INFO - Processing /opt/airflow/dags/extraction_dag.py took 0.079 seconds
[2026-09-17T21:54:10.834+0000] {processor.py:161} INFO - Started process (PID=393) to work on /opt/airflow/dags/extraction_dag.py
[2026-09-17T21:54:10.836+0000] {processor.py:830} INFO - Processing file /opt/airflow/dags/extraction_dag.py for tasks to queue
[2026-09-17T21:54:10.839+0000] {logging_mixin.py:188} INFO - [2026-09-17T21:54:10.838+0000] {dagbag.py:545} INFO - Filling up the DagBag from /opt/airflow/dags/extraction_dag.py
[2026-09-17T21:54:10.853+0000] {processor.py:840} INFO - DAG(s) 'data_extraction' retrieved from /opt/airflow/dags/extraction_dag.py
[2026-09-17T21:54:10.885+0000] {logging_mixin.py:188} INFO - [2026-09-17T21:54:10.884+0000] {dag.py:3096} INFO - Sync 1 DAGs
[2026-09-17T21:54:10.901+0000] {logging_mixin.py:188} INFO - [2026-09-17T21:54:10.900+0000] {dag.py:3954} INFO - Setting next_dagrun for data_extraction to None, run_after=None
[2026-09-17T21:54:10.933+0000] {processor.py:183} INFO - Processing /opt/airflow/dags/extraction_dag.py took 0.108 seconds
[2026-09-17T21:54:41.535+0000] {processor.py:161} INFO - Started process (PID=403) to work on /opt/airflow/dags/extraction_dag.py
[2026-09-17T21:54:41.538+0000] {processor.py:830} INFO - Processing file /opt/airflow/dags/extraction_dag.py for tasks to queue
[2026-09-17T21:54:41.542+0000] {logging_mixin.py:188} INFO - [2026-09-17T21:54:41.540+0000] {dagbag.py:545} INFO - Filling up the DagBag from /opt/airflow/dags/extraction_dag.py
[2026-09-17T21:54:41.563+0000] {processor.py:840} INFO - DAG(s) 'data_extraction' retrieved from /opt/airflow/dags/extraction_dag.py
[2026-09-17T21:54:41.600+0000] {logging_mixin.py:188} INFO - [2026-09-17T21:54:41.600+0000] {dag.py:3096} INFO - Sync 1 DAGs
[2026-09-17T21:54:41.615+0000] {logging_mixin.py:188} INFO - [2026-09-17T21:54:41.615+0000] {dag.py:3954} INFO - Setting next_dagrun for data_extraction to None, run_after=None
[2026-09-17T21:54:41.641+0000] {processor.py:183} INFO - Processing /opt/airflow/dags/extraction_dag.py took 0.117 seconds
[2026-09-17T21:55:12.234+0000] {processor.py:161} INFO - Started process (PID=413) to work on /opt/airflow/dags/extraction_dag.py
[2026-09-17T21:55:12.235+0000] {processor.py:830} INFO - Processing file /opt/airflow/dags/extraction_dag.py for tasks to queue
[2026-09-17T21:55:12.236+0000] {logging_mixin.py:188} INFO - [2026-09-17T21:55:12.236+0000] {dagbag.py:545} INFO - Filling up the DagBag from /opt/airflow/dags/extraction_dag.py
[2026-09-17T21:55:12.246+0000] {processor.py:840} INFO - DAG(s) 'data_extraction' retrieved from /opt/airflow/dags/extraction_dag.py
[2026-09-17T21:55:12.270+0000] {logging_mixin.py:188} INFO - [2026-09-17T21:55:12.270+0000] {dag.py:3096} INFO - Sync 1 DAGs
[2026-09-17T21:55:12.281+0000] {logging_mixin.py:188} INFO - [2026-09-17T21:55:12.281+0000] {dag.py:3954} INFO - Setting next_dagrun for data_extraction to None, run_after=None
[2026-09-17T21:55:12.306+0000] {processor.py:183} INFO - Processing /opt/airflow/dags/extraction_dag.py took 0.079 seconds
[2026-09-17T21:55:42.820+0000] {processor.py:161} INFO - Started process (PID=422) to work on /opt/airflow/dags/extraction_dag.py
[2026-09-17T21:55:42.823+0000] {processor.py:830} INFO - Processing file /opt/airflow/dags/extraction_dag.py for tasks to queue
[2026-09-17T21:55:42.826+0000] {logging_mixin.py:188} INFO - [2026-09-17T21:55:42.826+0000] {dagbag.py:545} INFO - Filling up the DagBag from /opt/airflow/dags/extraction_dag.py
[2026-09-17T21:55:42.846+0000] {processor.py:840} INFO - DAG(s) 'data_extraction' retrieved from /opt/airflow/dags/extraction_dag.py
[2026-09-17T21:55:42.896+0000] {logging_mixin.py:188} INFO - [2026-09-17T21:55:42.896+0000] {dag.py:3096} INFO - Sync 1 DAGs
[2026-09-17T21:55:42.914+0000] {logging_mixin.py:188} INFO - [2026-09-17T21:55:42.914+0000] {dag.py:3954} INFO - Setting next_dagrun for data_extraction to None, run_after=None
[2026-09-17T21:55:42.942+0000] {processor.py:183} INFO - Processing /opt/airflow/dags/extraction_dag.py took 0.133 seconds
[2026-09-17T21:56:13.872+0000] {processor.py:161} INFO - Started process (PID=436) to work on /opt/airflow/dags/extraction_dag.py
[2026-09-17T21:56:13.873+0000] {processor.py:830} INFO - Processing file /opt/airflow/dags/extraction_dag.py for tasks to queue
[2026-09-17T21:56:13.874+0000] {logging_mixin.py:188} INFO - [2026-09-17T21:56:13.874+0000] {dagbag.py:545} INFO - Filling up the DagBag from /opt/airflow/dags/extraction_dag.py
[2026-09-17T21:56:13.884+0000] {processor.py:840} INFO - DAG(s) 'data_extraction' retrieved from /opt/airflow/dags/extraction_dag.py
[2026-09-17T21:56:13.908+0000] {logging_mixin.py:188} INFO - [2026-09-17T21:56:13.908+0000] {dag.py:3096} INFO - Sync 1 DAGs
[2026-09-17T21:56:13.919+0000] {logging_mixin.py:188} INFO - [2026-09-17T21:56:13.919+0000] {dag.py:3954} INFO - Setting next_dagrun for data_extraction to None, run_after=None
[2026-09-17T21:56:13.942+0000] {processor.py:183} INFO - Processing /opt/airflow/dags/extraction_dag.py took 0.077 seconds
[2026-09-17T21:56:44.317+0000] {processor.py:161} INFO - Started process (PID=444) to work on /opt/airflow/dags/extraction_dag.py
[2026-09-17T21:56:44.319+0000] {processor.py:830} INFO - Processing file /opt/airflow/dags/extraction_dag.py for tasks to queue
[2026-09-17T21:56:44.322+0000] {logging_mixin.py:188} INFO - [2026-09-17T21:56:44.321+0000] {dagbag.py:545} INFO - Filling up the DagBag from /opt/airflow/dags/extraction_dag.py
[2026-09-17T21:56:44.340+0000] {processor.py:840} INFO - DAG(s) 'data_extraction' retrieved from /opt/airflow/dags/extraction_dag.py
[2026-09-17T21:56:44.374+0000] {logging_mixin.py:188} INFO - [2026-09-17T21:56:44.374+0000] {dag.py:3096} INFO - Sync 1 DAGs
[2026-09-17T21:56:44.391+0000] {logging_mixin.py:188} INFO - [2026-09-17T21:56:44.390+0000] {dag.py:3954} INFO - Setting next_dagrun for data_extraction to None, run_after=None
[2026-09-17T21:56:44.419+0000] {processor.py:183} INFO - Processing /opt/airflow/dags/extraction_dag.py took 0.112 seconds
[2026-09-17T21:57:14.849+0000] {processor.py:161} INFO - Started process (PID=470) to work on /opt/airflow/dags/extraction_dag.py
[2026-09-17T21:57:14.855+0000] {processor.py:830} INFO - Processing file /opt/airflow/dags/extraction_dag.py for tasks to queue
[2026-09-17T21:57:14.857+0000] {logging_mixin.py:188} INFO - [2026-09-17T21:57:14.857+0000] {dagbag.py:545} INFO - Filling up the DagBag from /opt/airflow/dags/extraction_dag.py
[2026-09-17T21:57:14.869+0000] {processor.py:840} INFO - DAG(s) 'data_extraction' retrieved from /opt/airflow/dags/extraction_dag.py
[2026-09-17T21:57:14.898+0000] {logging_mixin.py:188} INFO - [2026-09-17T21:57:14.898+0000] {dag.py:3096} INFO - Sync 1 DAGs
[2026-09-17T21:57:14.912+0000] {logging_mixin.py:188} INFO - [2026-09-17T21:57:14.912+0000] {dag.py:3954} INFO - Setting next_dagrun for data_extraction to None, run_after=None
[2026-09-17T21:57:14.939+0000] {processor.py:183} INFO - Processing /opt/airflow/dags/extraction_dag.py took 0.098 seconds
[2026-09-17T21:57:45.879+0000] {processor.py:161} INFO - Started process (PID=479) to work on /opt/airflow/dags/extraction_dag.py
[2026-09-17T21:57:45.884+0000] {processor.py:830} INFO - Processing file /opt/airflow/dags/extraction_dag.py for tasks to queue
[2026-09-17T21:57:45.886+0000] {logging_mixin.py:188} INFO - [2026-09-17T21:57:45.886+0000] {dagbag.py:545} INFO - Filling up the DagBag from /opt/airflow/dags/extraction_dag.py
[2026-09-17T21:57:45.895+0000] {processor.py:840} INFO - DAG(s) 'data_extraction' retrieved from /opt/airflow/dags/extraction_dag.py
[2026-09-17T21:57:45.929+0000] {logging_mixin.py:188} INFO - [2026-09-17T21:57:45.928+0000] {dag.py:3096} INFO - Sync 1 DAGs
[2026-09-17T21:57:45.943+0000] {logging_mixin.py:188} INFO - [2026-09-17T21:57:45.942+0000] {dag.py:3954} INFO - Setting next_dagrun for data_extraction to None, run_after=None
[2026-09-17T21:57:45.970+0000] {processor.py:183} INFO - Processing /opt/airflow/dags/extraction_dag.py took 0.096 seconds
[2026-09-17T21:58:16.934+0000] {processor.py:161} INFO - Started process (PID=487) to work on /opt/airflow/dags/extraction_dag.py
[2026-09-17T21:58:16.939+0000] {processor.py:830} INFO - Processing file /opt/airflow/dags/extraction_dag.py for tasks to queue
[2026-09-17T21:58:16.941+0000] {logging_mixin.py:188} INFO - [2026-09-17T21:58:16.941+0000] {dagbag.py:545} INFO - Filling up the DagBag from /opt/airflow/dags/extraction_dag.py
[2026-09-17T21:58:16.951+0000] {processor.py:840} INFO - DAG(s) 'data_extraction' retrieved from /opt/airflow/dags/extraction_dag.py
[2026-09-17T21:58:16.981+0000] {logging_mixin.py:188} INFO - [2026-09-17T21:58:16.980+0000] {dag.py:3096} INFO - Sync 1 DAGs
[2026-09-17T21:58:16.993+0000] {logging_mixin.py:188} INFO - [2026-09-17T21:58:16.993+0000] {dag.py:3954} INFO - Setting next_dagrun for data_extraction to None, run_after=None
[2026-09-17T21:58:17.017+0000] {processor.py:183} INFO - Processing /opt/airflow/dags/extraction_dag.py took 0.090 seconds
[2026-09-17T21:58:47.081+0000] {processor.py:161} INFO - Started process (PID=505) to work on /opt/airflow/dags/extraction_dag.py
[2026-09-17T21:58:47.087+0000] {processor.py:830} INFO - Processing file /opt/airflow/dags/extraction_dag.py for tasks to queue
[2026-09-17T21:58:47.089+0000] {logging_mixin.py:188} INFO - [2026-09-17T21:58:47.088+0000] {dagbag.py:545} INFO - Filling up the DagBag from /opt/airflow/dags/extraction_dag.py
[2026-09-17T21:58:47.100+0000] {processor.py:840} INFO - DAG(s) 'data_extraction' retrieved from /opt/airflow/dags/extraction_dag.py
[2026-09-17T21:58:47.126+0000] {logging_mixin.py:188} INFO - [2026-09-17T21:58:47.125+0000] {dag.py:3096} INFO - Sync 1 DAGs
[2026-09-17T21:58:47.139+0000] {logging_mixin.py:188} INFO - [2026-09-17T21:58:47.139+0000] {dag.py:3954} INFO - Setting next_dagrun for data_extraction to None, run_after=None
[2026-09-17T21:58:47.169+0000] {processor.py:183} INFO - Processing /opt/airflow/dags/extraction_dag.py took 0.094 seconds
[2026-09-17T21:59:17.476+0000] {processor.py:161} INFO - Started process (PID=520) to work on /opt/airflow/dags/extraction_dag.py
[2026-09-17T21:59:17.482+0000] {processor.py:830} INFO - Processing file /opt/airflow/dags/extraction_dag.py for tasks to queue
[2026-09-17T21:59:17.485+0000] {logging_mixin.py:188} INFO - [2026-09-17T21:59:17.485+0000] {dagbag.py:545} INFO - Filling up the DagBag from /opt/airflow/dags/extraction_dag.py
[2026-09-17T21:59:17.498+0000] {processor.py:840} INFO - DAG(s) 'data_extraction' retrieved from /opt/airflow/dags/extraction_dag.py
[2026-09-17T21:59:17.523+0000] {logging_mixin.py:188} INFO - [2026-09-17T21:59:17.522+0000] {dag.py:3096} INFO - Sync 1 DAGs
[2026-09-17T21:59:17.536+0000] {logging_mixin.py:188} INFO - [2026-09-17T21:59:17.536+0000] {dag.py:3954} INFO - Setting next_dagrun for data_extraction to None, run_after=None
[2026-09-17T21:59:17.567+0000] {processor.py:183} INFO - Processing /opt/airflow/dags/extraction_dag.py took 0.100 seconds
[2026-09-17T21:59:48.066+0000] {processor.py:161} INFO - Started process (PID=529) to work on /opt/airflow/dags/extraction_dag.py
[2026-09-17T21:59:48.071+0000] {processor.py:830} INFO - Processing file /opt/airflow/dags/extraction_dag.py for tasks to queue
[2026-09-17T21:59:48.073+0000] {logging_mixin.py:188} INFO - [2026-09-17T21:59:48.073+0000] {dagbag.py:545} INFO - Filling up the DagBag from /opt/airflow/dags/extraction_dag.py
[2026-09-17T21:59:48.083+0000] {processor.py:840} INFO - DAG(s) 'data_extraction' retrieved from /opt/airflow/dags/extraction_dag.py
[2026-09-17T21:59:48.107+0000] {logging_mixin.py:188} INFO - [2026-09-17T21:59:48.106+0000] {dag.py:3096} INFO - Sync 1 DAGs
[2026-09-17T21:59:48.118+0000] {logging_mixin.py:188} INFO - [2026-09-17T21:59:48.118+0000] {dag.py:3954} INFO - Setting next_dagrun for data_extraction to None, run_after=None
[2026-09-17T21:59:48.137+0000] {processor.py:183} INFO - Processing /opt/airflow/dags/extraction_dag.py took 0.078 seconds
[2026-09-17T22:00:18.541+0000] {processor.py:161} INFO - Started process (PID=537) to work on /opt/airflow/dags/extraction_dag.py
[2026-09-17T22:00:18.546+0000] {processor.py:830} INFO - Processing file /opt/airflow/dags/extraction_dag.py for tasks to queue
[2026-09-17T22:00:18.548+0000] {logging_mixin.py:188} INFO - [2026-09-17T22:00:18.548+0000] {dagbag.py:545} INFO - Filling up the DagBag from /opt/airflow/dags/extraction_dag.py
[2026-09-17T22:00:18.558+0000] {processor.py:840} INFO - DAG(s) 'data_extraction' retrieved from /opt/airflow/dags/extraction_dag.py
[2026-09-17T22:00:18.584+0000] {logging_mixin.py:188} INFO - [2026-09-17T22:00:18.583+0000] {dag.py:3096} INFO - Sync 1 DAGs
[2026-09-17T22:00:18.595+0000] {logging_mixin.py:188} INFO - [2026-09-17T22:00:18.594+0000] {dag.py:3954} INFO - Setting next_dagrun for data_extraction to None, run_after=None
[2026-09-17T22:00:18.617+0000] {processor.py:183} INFO - Processing /opt/airflow/dags/extraction_dag.py took 0.083 seconds
[2026-09-17T22:00:49.279+0000] {processor.py:161} INFO - Started process (PID=545) to work on /opt/airflow/dags/extraction_dag.py
[2026-09-17T22:00:49.284+0000] {processor.py:830} INFO - Processing file /opt/airflow/dags/extraction_dag.py for tasks to queue
[2026-09-17T22:00:49.286+0000] {logging_mixin.py:188} INFO - [2026-09-17T22:00:49.286+0000] {dagbag.py:545} INFO - Filling up the DagBag from /opt/airflow/dags/extraction_dag.py
[2026-09-17T22:00:49.295+0000] {processor.py:840} INFO - DAG(s) 'data_extraction' retrieved from /opt/airflow/dags/extraction_dag.py
[2026-09-17T22:00:49.318+0000] {logging_mixin.py:188} INFO - [2026-09-17T22:00:49.318+0000] {dag.py:3096} INFO - Sync 1 DAGs
[2026-09-17T22:00:49.331+0000] {logging_mixin.py:188} INFO - [2026-09-17T22:00:49.330+0000] {dag.py:3954} INFO - Setting next_dagrun for data_extraction to None, run_after=None
[2026-09-17T22:00:49.356+0000] {processor.py:183} INFO - Processing /opt/airflow/dags/extraction_dag.py took 0.084 seconds
[2026-09-17T22:01:20.156+0000] {processor.py:161} INFO - Started process (PID=554) to work on /opt/airflow/dags/extraction_dag.py
[2026-09-17T22:01:20.157+0000] {processor.py:830} INFO - Processing file /opt/airflow/dags/extraction_dag.py for tasks to queue
[2026-09-17T22:01:20.159+0000] {logging_mixin.py:188} INFO - [2026-09-17T22:01:20.159+0000] {dagbag.py:545} INFO - Filling up the DagBag from /opt/airflow/dags/extraction_dag.py
[2026-09-17T22:01:20.172+0000] {processor.py:840} INFO - DAG(s) 'data_extraction' retrieved from /opt/airflow/dags/extraction_dag.py
[2026-09-17T22:01:20.199+0000] {logging_mixin.py:188} INFO - [2026-09-17T22:01:20.199+0000] {dag.py:3096} INFO - Sync 1 DAGs
[2026-09-17T22:01:20.212+0000] {logging_mixin.py:188} INFO - [2026-09-17T22:01:20.212+0000] {dag.py:3954} INFO - Setting next_dagrun for data_extraction to None, run_after=None
[2026-09-17T22:01:20.237+0000] {processor.py:183} INFO - Processing /opt/airflow/dags/extraction_dag.py took 0.088 seconds
[2026-09-17T22:01:50.998+0000] {processor.py:161} INFO - Started process (PID=562) to work on /opt/airflow/dags/extraction_dag.py
[2026-09-17T22:01:51.004+0000] {processor.py:830} INFO - Processing file /opt/airflow/dags/extraction_dag.py for tasks to queue
[2026-09-17T22:01:51.006+0000] {logging_mixin.py:188} INFO - [2026-09-17T22:01:51.006+0000] {dagbag.py:545} INFO - Filling up the DagBag from /opt/airflow/dags/extraction_dag.py
[2026-09-17T22:01:51.017+0000] {processor.py:840} INFO - DAG(s) 'data_extraction' retrieved from /opt/airflow/dags/extraction_dag.py
[2026-09-17T22:01:51.050+0000] {logging_mixin.py:188} INFO - [2026-09-17T22:01:51.049+0000] {dag.py:3096} INFO - Sync 1 DAGs
[2026-09-17T22:01:51.063+0000] {logging_mixin.py:188} INFO - [2026-09-17T22:01:51.062+0000] {dag.py:3954} INFO - Setting next_dagrun for data_extraction to None, run_after=None
[2026-09-17T22:01:51.089+0000] {processor.py:183} INFO - Processing /opt/airflow/dags/extraction_dag.py took 0.098 seconds
[2026-09-17T22:02:21.127+0000] {processor.py:161} INFO - Started process (PID=570) to work on /opt/airflow/dags/extraction_dag.py
[2026-09-17T22:02:21.128+0000] {processor.py:830} INFO - Processing file /opt/airflow/dags/extraction_dag.py for tasks to queue
[2026-09-17T22:02:21.130+0000] {logging_mixin.py:188} INFO - [2026-09-17T22:02:21.129+0000] {dagbag.py:545} INFO - Filling up the DagBag from /opt/airflow/dags/extraction_dag.py
[2026-09-17T22:02:21.139+0000] {processor.py:840} INFO - DAG(s) 'data_extraction' retrieved from /opt/airflow/dags/extraction_dag.py
[2026-09-17T22:02:21.165+0000] {logging_mixin.py:188} INFO - [2026-09-17T22:02:21.164+0000] {dag.py:3096} INFO - Sync 1 DAGs
[2026-09-17T22:02:21.176+0000] {logging_mixin.py:188} INFO - [2026-09-17T22:02:21.176+0000] {dag.py:3954} INFO - Setting next_dagrun for data_extraction to None, run_after=None
[2026-09-17T22:02:21.198+0000] {processor.py:183} INFO - Processing /opt/airflow/dags/extraction_dag.py took 0.077 seconds
[2026-09-17T22:02:52.002+0000] {processor.py:161} INFO - Started process (PID=578) to work on /opt/airflow/dags/extraction_dag.py
[2026-09-17T22:02:52.007+0000] {processor.py:830} INFO - Processing file /opt/airflow/dags/extraction_dag.py for tasks to queue
[2026-09-17T22:02:52.010+0000] {logging_mixin.py:188} INFO - [2026-09-17T22:02:52.009+0000] {dagbag.py:545} INFO - Filling up the DagBag from /opt/airflow/dags/extraction_dag.py
[2026-09-17T22:02:52.021+0000] {processor.py:840} INFO - DAG(s) 'data_extraction' retrieved from /opt/airflow/dags/extraction_dag.py
[2026-09-17T22:02:52.054+0000] {logging_mixin.py:188} INFO - [2026-09-17T22:02:52.054+0000] {dag.py:3096} INFO - Sync 1 DAGs
[2026-09-17T22:02:52.072+0000] {logging_mixin.py:188} INFO - [2026-09-17T22:02:52.072+0000] {dag.py:3954} INFO - Setting next_dagrun for data_extraction to None, run_after=None
[2026-09-17T22:02:52.101+0000] {processor.py:183} INFO - Processing /opt/airflow/dags/extraction_dag.py took 0.107 seconds
[2026-09-17T22:05:05.743+0000] {processor.py:161} INFO - Started process (PID=50) to work on /opt/airflow/dags/extraction_dag.py
[2026-09-17T22:05:05.745+0000] {processor.py:830} INFO - Processing file /opt/airflow/dags/extraction_dag.py for tasks to queue
[2026-09-17T22:05:05.749+0000] {logging_mixin.py:188} INFO - [2026-09-17T22:05:05.749+0000] {dagbag.py:545} INFO - Filling up the DagBag from /opt/airflow/dags/extraction_dag.py
[2026-09-17T22:05:05.767+0000] {processor.py:840} INFO - DAG(s) 'data_extraction' retrieved from /opt/airflow/dags/extraction_dag.py
[2026-09-17T22:05:06.059+0000] {logging_mixin.py:188} INFO - [2026-09-17T22:05:06.058+0000] {override.py:1829} INFO - Created Permission View: can delete on DAG:data_extraction
[2026-09-17T22:05:06.077+0000] {logging_mixin.py:188} INFO - [2026-09-17T22:05:06.077+0000] {override.py:1829} INFO - Created Permission View: can read on DAG:data_extraction
[2026-09-17T22:05:06.089+0000] {logging_mixin.py:188} INFO - [2026-09-17T22:05:06.088+0000] {override.py:1829} INFO - Created Permission View: can edit on DAG:data_extraction
[2026-09-17T22:05:06.089+0000] {logging_mixin.py:188} INFO - [2026-09-17T22:05:06.089+0000] {dag.py:3096} INFO - Sync 1 DAGs
[2026-09-17T22:05:06.105+0000] {logging_mixin.py:188} INFO - [2026-09-17T22:05:06.105+0000] {dag.py:3118} INFO - Creating ORM DAG for data_extraction
[2026-09-17T22:05:06.106+0000] {logging_mixin.py:188} INFO - [2026-09-17T22:05:06.105+0000] {dag.py:3954} INFO - Setting next_dagrun for data_extraction to None, run_after=None
[2026-09-17T22:05:06.132+0000] {processor.py:183} INFO - Processing /opt/airflow/dags/extraction_dag.py took 0.402 seconds
[2026-09-17T22:05:36.769+0000] {processor.py:161} INFO - Started process (PID=65) to work on /opt/airflow/dags/extraction_dag.py
[2026-09-17T22:05:36.771+0000] {processor.py:830} INFO - Processing file /opt/airflow/dags/extraction_dag.py for tasks to queue
[2026-09-17T22:05:36.774+0000] {logging_mixin.py:188} INFO - [2026-09-17T22:05:36.773+0000] {dagbag.py:545} INFO - Filling up the DagBag from /opt/airflow/dags/extraction_dag.py
[2026-09-17T22:05:36.790+0000] {processor.py:840} INFO - DAG(s) 'data_extraction' retrieved from /opt/airflow/dags/extraction_dag.py
[2026-09-17T22:05:36.823+0000] {logging_mixin.py:188} INFO - [2026-09-17T22:05:36.822+0000] {dag.py:3096} INFO - Sync 1 DAGs
[2026-09-17T22:05:36.840+0000] {logging_mixin.py:188} INFO - [2026-09-17T22:05:36.840+0000] {dag.py:3954} INFO - Setting next_dagrun for data_extraction to None, run_after=None
[2026-09-17T22:05:36.867+0000] {processor.py:183} INFO - Processing /opt/airflow/dags/extraction_dag.py took 0.109 seconds
[2026-09-17T22:06:07.770+0000] {processor.py:161} INFO - Started process (PID=73) to work on /opt/airflow/dags/extraction_dag.py
[2026-09-17T22:06:07.772+0000] {processor.py:830} INFO - Processing file /opt/airflow/dags/extraction_dag.py for tasks to queue
[2026-09-17T22:06:07.774+0000] {logging_mixin.py:188} INFO - [2026-09-17T22:06:07.774+0000] {dagbag.py:545} INFO - Filling up the DagBag from /opt/airflow/dags/extraction_dag.py
[2026-09-17T22:06:07.787+0000] {processor.py:840} INFO - DAG(s) 'data_extraction' retrieved from /opt/airflow/dags/extraction_dag.py
[2026-09-17T22:06:07.818+0000] {logging_mixin.py:188} INFO - [2026-09-17T22:06:07.818+0000] {dag.py:3096} INFO - Sync 1 DAGs
[2026-09-17T22:06:07.833+0000] {logging_mixin.py:188} INFO - [2026-09-17T22:06:07.833+0000] {dag.py:3954} INFO - Setting next_dagrun for data_extraction to None, run_after=None
[2026-09-17T22:06:07.860+0000] {processor.py:183} INFO - Processing /opt/airflow/dags/extraction_dag.py took 0.100 seconds
[2026-09-17T22:06:38.703+0000] {processor.py:161} INFO - Started process (PID=81) to work on /opt/airflow/dags/extraction_dag.py
[2026-09-17T22:06:38.705+0000] {processor.py:830} INFO - Processing file /opt/airflow/dags/extraction_dag.py for tasks to queue
[2026-09-17T22:06:38.707+0000] {logging_mixin.py:188} INFO - [2026-09-17T22:06:38.707+0000] {dagbag.py:545} INFO - Filling up the DagBag from /opt/airflow/dags/extraction_dag.py
[2026-09-17T22:06:38.723+0000] {processor.py:840} INFO - DAG(s) 'data_extraction' retrieved from /opt/airflow/dags/extraction_dag.py
[2026-09-17T22:06:38.757+0000] {logging_mixin.py:188} INFO - [2026-09-17T22:06:38.756+0000] {dag.py:3096} INFO - Sync 1 DAGs
[2026-09-17T22:06:38.773+0000] {logging_mixin.py:188} INFO - [2026-09-17T22:06:38.773+0000] {dag.py:3954} INFO - Setting next_dagrun for data_extraction to None, run_after=None
[2026-09-17T22:06:38.804+0000] {processor.py:183} INFO - Processing /opt/airflow/dags/extraction_dag.py took 0.114 seconds
[2026-09-17T22:07:09.574+0000] {processor.py:161} INFO - Started process (PID=89) to work on /opt/airflow/dags/extraction_dag.py
[2026-09-17T22:07:09.576+0000] {processor.py:830} INFO - Processing file /opt/airflow/dags/extraction_dag.py for tasks to queue
[2026-09-17T22:07:09.579+0000] {logging_mixin.py:188} INFO - [2026-09-17T22:07:09.578+0000] {dagbag.py:545} INFO - Filling up the DagBag from /opt/airflow/dags/extraction_dag.py
[2026-09-17T22:07:09.592+0000] {processor.py:840} INFO - DAG(s) 'data_extraction' retrieved from /opt/airflow/dags/extraction_dag.py
[2026-09-17T22:07:09.625+0000] {logging_mixin.py:188} INFO - [2026-09-17T22:07:09.624+0000] {dag.py:3096} INFO - Sync 1 DAGs
[2026-09-17T22:07:09.639+0000] {logging_mixin.py:188} INFO - [2026-09-17T22:07:09.639+0000] {dag.py:3954} INFO - Setting next_dagrun for data_extraction to None, run_after=None
[2026-09-17T22:07:09.665+0000] {processor.py:183} INFO - Processing /opt/airflow/dags/extraction_dag.py took 0.100 seconds
[2026-09-17T22:07:40.647+0000] {processor.py:161} INFO - Started process (PID=97) to work on /opt/airflow/dags/extraction_dag.py
[2026-09-17T22:07:40.649+0000] {processor.py:830} INFO - Processing file /opt/airflow/dags/extraction_dag.py for tasks to queue
[2026-09-17T22:07:40.651+0000] {logging_mixin.py:188} INFO - [2026-09-17T22:07:40.651+0000] {dagbag.py:545} INFO - Filling up the DagBag from /opt/airflow/dags/extraction_dag.py
[2026-09-17T22:07:40.665+0000] {processor.py:840} INFO - DAG(s) 'data_extraction' retrieved from /opt/airflow/dags/extraction_dag.py
[2026-09-17T22:07:40.698+0000] {logging_mixin.py:188} INFO - [2026-09-17T22:07:40.697+0000] {dag.py:3096} INFO - Sync 1 DAGs
[2026-09-17T22:07:40.714+0000] {logging_mixin.py:188} INFO - [2026-09-17T22:07:40.714+0000] {dag.py:3954} INFO - Setting next_dagrun for data_extraction to None, run_after=None
[2026-09-17T22:07:40.738+0000] {processor.py:183} INFO - Processing /opt/airflow/dags/extraction_dag.py took 0.103 seconds
[2026-09-17T22:08:11.197+0000] {processor.py:161} INFO - Started process (PID=110) to work on /opt/airflow/dags/extraction_dag.py
[2026-09-17T22:08:11.198+0000] {processor.py:830} INFO - Processing file /opt/airflow/dags/extraction_dag.py for tasks to queue
[2026-09-17T22:08:11.200+0000] {logging_mixin.py:188} INFO - [2026-09-17T22:08:11.200+0000] {dagbag.py:545} INFO - Filling up the DagBag from /opt/airflow/dags/extraction_dag.py
[2026-09-17T22:08:11.211+0000] {processor.py:840} INFO - DAG(s) 'data_extraction' retrieved from /opt/airflow/dags/extraction_dag.py
[2026-09-17T22:08:11.240+0000] {logging_mixin.py:188} INFO - [2026-09-17T22:08:11.240+0000] {dag.py:3096} INFO - Sync 1 DAGs
[2026-09-17T22:08:11.253+0000] {logging_mixin.py:188} INFO - [2026-09-17T22:08:11.252+0000] {dag.py:3954} INFO - Setting next_dagrun for data_extraction to None, run_after=None
[2026-09-17T22:08:11.284+0000] {processor.py:183} INFO - Processing /opt/airflow/dags/extraction_dag.py took 0.094 seconds
[2026-09-17T22:08:42.104+0000] {processor.py:161} INFO - Started process (PID=118) to work on /opt/airflow/dags/extraction_dag.py
[2026-09-17T22:08:42.106+0000] {processor.py:830} INFO - Processing file /opt/airflow/dags/extraction_dag.py for tasks to queue
[2026-09-17T22:08:42.108+0000] {logging_mixin.py:188} INFO - [2026-09-17T22:08:42.107+0000] {dagbag.py:545} INFO - Filling up the DagBag from /opt/airflow/dags/extraction_dag.py
[2026-09-17T22:08:42.118+0000] {processor.py:840} INFO - DAG(s) 'data_extraction' retrieved from /opt/airflow/dags/extraction_dag.py
[2026-09-17T22:08:42.147+0000] {logging_mixin.py:188} INFO - [2026-09-17T22:08:42.147+0000] {dag.py:3096} INFO - Sync 1 DAGs
[2026-09-17T22:08:42.163+0000] {logging_mixin.py:188} INFO - [2026-09-17T22:08:42.162+0000] {dag.py:3954} INFO - Setting next_dagrun for data_extraction to None, run_after=None
[2026-09-17T22:08:42.191+0000] {processor.py:183} INFO - Processing /opt/airflow/dags/extraction_dag.py took 0.096 seconds
[2026-09-17T22:09:13.091+0000] {processor.py:161} INFO - Started process (PID=126) to work on /opt/airflow/dags/extraction_dag.py
[2026-09-17T22:09:13.093+0000] {processor.py:830} INFO - Processing file /opt/airflow/dags/extraction_dag.py for tasks to queue
[2026-09-17T22:09:13.094+0000] {logging_mixin.py:188} INFO - [2026-09-17T22:09:13.094+0000] {dagbag.py:545} INFO - Filling up the DagBag from /opt/airflow/dags/extraction_dag.py
[2026-09-17T22:09:13.106+0000] {processor.py:840} INFO - DAG(s) 'data_extraction' retrieved from /opt/airflow/dags/extraction_dag.py
[2026-09-17T22:09:13.133+0000] {logging_mixin.py:188} INFO - [2026-09-17T22:09:13.132+0000] {dag.py:3096} INFO - Sync 1 DAGs
[2026-09-17T22:09:13.143+0000] {logging_mixin.py:188} INFO - [2026-09-17T22:09:13.143+0000] {dag.py:3954} INFO - Setting next_dagrun for data_extraction to None, run_after=None
[2026-09-17T22:09:13.169+0000] {processor.py:183} INFO - Processing /opt/airflow/dags/extraction_dag.py took 0.084 seconds
[2026-09-17T22:09:43.426+0000] {processor.py:161} INFO - Started process (PID=137) to work on /opt/airflow/dags/extraction_dag.py
[2026-09-17T22:09:43.432+0000] {processor.py:830} INFO - Processing file /opt/airflow/dags/extraction_dag.py for tasks to queue
[2026-09-17T22:09:43.434+0000] {logging_mixin.py:188} INFO - [2026-09-17T22:09:43.434+0000] {dagbag.py:545} INFO - Filling up the DagBag from /opt/airflow/dags/extraction_dag.py
[2026-09-17T22:09:43.443+0000] {processor.py:840} INFO - DAG(s) 'data_extraction' retrieved from /opt/airflow/dags/extraction_dag.py
[2026-09-17T22:09:43.471+0000] {logging_mixin.py:188} INFO - [2026-09-17T22:09:43.470+0000] {dag.py:3096} INFO - Sync 1 DAGs
[2026-09-17T22:09:43.483+0000] {logging_mixin.py:188} INFO - [2026-09-17T22:09:43.483+0000] {dag.py:3954} INFO - Setting next_dagrun for data_extraction to None, run_after=None
[2026-09-17T22:09:43.510+0000] {processor.py:183} INFO - Processing /opt/airflow/dags/extraction_dag.py took 0.092 seconds
[2026-09-17T22:10:13.916+0000] {processor.py:161} INFO - Started process (PID=151) to work on /opt/airflow/dags/extraction_dag.py
[2026-09-17T22:10:13.923+0000] {processor.py:830} INFO - Processing file /opt/airflow/dags/extraction_dag.py for tasks to queue
[2026-09-17T22:10:13.926+0000] {logging_mixin.py:188} INFO - [2026-09-17T22:10:13.926+0000] {dagbag.py:545} INFO - Filling up the DagBag from /opt/airflow/dags/extraction_dag.py
[2026-09-17T22:10:13.938+0000] {processor.py:840} INFO - DAG(s) 'data_extraction' retrieved from /opt/airflow/dags/extraction_dag.py
[2026-09-17T22:10:13.967+0000] {logging_mixin.py:188} INFO - [2026-09-17T22:10:13.967+0000] {dag.py:3096} INFO - Sync 1 DAGs
[2026-09-17T22:10:13.980+0000] {logging_mixin.py:188} INFO - [2026-09-17T22:10:13.980+0000] {dag.py:3954} INFO - Setting next_dagrun for data_extraction to None, run_after=None
[2026-09-17T22:10:14.003+0000] {processor.py:183} INFO - Processing /opt/airflow/dags/extraction_dag.py took 0.096 seconds
[2026-09-17T22:10:44.401+0000] {processor.py:161} INFO - Started process (PID=159) to work on /opt/airflow/dags/extraction_dag.py
[2026-09-17T22:10:44.407+0000] {processor.py:830} INFO - Processing file /opt/airflow/dags/extraction_dag.py for tasks to queue
[2026-09-17T22:10:44.409+0000] {logging_mixin.py:188} INFO - [2026-09-17T22:10:44.409+0000] {dagbag.py:545} INFO - Filling up the DagBag from /opt/airflow/dags/extraction_dag.py
[2026-09-17T22:10:44.418+0000] {processor.py:840} INFO - DAG(s) 'data_extraction' retrieved from /opt/airflow/dags/extraction_dag.py
[2026-09-17T22:10:44.444+0000] {logging_mixin.py:188} INFO - [2026-09-17T22:10:44.442+0000] {dag.py:3096} INFO - Sync 1 DAGs
[2026-09-17T22:10:44.455+0000] {logging_mixin.py:188} INFO - [2026-09-17T22:10:44.455+0000] {dag.py:3954} INFO - Setting next_dagrun for data_extraction to None, run_after=None
[2026-09-17T22:10:44.479+0000] {processor.py:183} INFO - Processing /opt/airflow/dags/extraction_dag.py took 0.084 seconds
[2026-09-17T22:11:15.133+0000] {processor.py:161} INFO - Started process (PID=169) to work on /opt/airflow/dags/extraction_dag.py
[2026-09-17T22:11:15.138+0000] {processor.py:830} INFO - Processing file /opt/airflow/dags/extraction_dag.py for tasks to queue
[2026-09-17T22:11:15.140+0000] {logging_mixin.py:188} INFO - [2026-09-17T22:11:15.140+0000] {dagbag.py:545} INFO - Filling up the DagBag from /opt/airflow/dags/extraction_dag.py
[2026-09-17T22:11:15.150+0000] {processor.py:840} INFO - DAG(s) 'data_extraction' retrieved from /opt/airflow/dags/extraction_dag.py
[2026-09-17T22:11:15.175+0000] {logging_mixin.py:188} INFO - [2026-09-17T22:11:15.175+0000] {dag.py:3096} INFO - Sync 1 DAGs
[2026-09-17T22:11:15.187+0000] {logging_mixin.py:188} INFO - [2026-09-17T22:11:15.187+0000] {dag.py:3954} INFO - Setting next_dagrun for data_extraction to None, run_after=None
[2026-09-17T22:11:15.212+0000] {processor.py:183} INFO - Processing /opt/airflow/dags/extraction_dag.py took 0.085 seconds
[2026-09-17T22:11:46.006+0000] {processor.py:161} INFO - Started process (PID=177) to work on /opt/airflow/dags/extraction_dag.py
[2026-09-17T22:11:46.008+0000] {processor.py:830} INFO - Processing file /opt/airflow/dags/extraction_dag.py for tasks to queue
[2026-09-17T22:11:46.010+0000] {logging_mixin.py:188} INFO - [2026-09-17T22:11:46.010+0000] {dagbag.py:545} INFO - Filling up the DagBag from /opt/airflow/dags/extraction_dag.py
[2026-09-17T22:11:46.025+0000] {processor.py:840} INFO - DAG(s) 'data_extraction' retrieved from /opt/airflow/dags/extraction_dag.py
[2026-09-17T22:11:46.057+0000] {logging_mixin.py:188} INFO - [2026-09-17T22:11:46.056+0000] {dag.py:3096} INFO - Sync 1 DAGs
[2026-09-17T22:11:46.070+0000] {logging_mixin.py:188} INFO - [2026-09-17T22:11:46.069+0000] {dag.py:3954} INFO - Setting next_dagrun for data_extraction to None, run_after=None
[2026-09-17T22:11:46.095+0000] {processor.py:183} INFO - Processing /opt/airflow/dags/extraction_dag.py took 0.097 seconds
[2026-09-17T22:12:16.886+0000] {processor.py:161} INFO - Started process (PID=190) to work on /opt/airflow/dags/extraction_dag.py
[2026-09-17T22:12:16.891+0000] {processor.py:830} INFO - Processing file /opt/airflow/dags/extraction_dag.py for tasks to queue
[2026-09-17T22:12:16.893+0000] {logging_mixin.py:188} INFO - [2026-09-17T22:12:16.893+0000] {dagbag.py:545} INFO - Filling up the DagBag from /opt/airflow/dags/extraction_dag.py
[2026-09-17T22:12:16.904+0000] {processor.py:840} INFO - DAG(s) 'data_extraction' retrieved from /opt/airflow/dags/extraction_dag.py
[2026-09-17T22:12:16.930+0000] {logging_mixin.py:188} INFO - [2026-09-17T22:12:16.930+0000] {dag.py:3096} INFO - Sync 1 DAGs
[2026-09-17T22:12:16.942+0000] {logging_mixin.py:188} INFO - [2026-09-17T22:12:16.942+0000] {dag.py:3954} INFO - Setting next_dagrun for data_extraction to None, run_after=None
[2026-09-17T22:12:16.963+0000] {processor.py:183} INFO - Processing /opt/airflow/dags/extraction_dag.py took 0.085 seconds
[2026-09-17T22:12:47.346+0000] {processor.py:161} INFO - Started process (PID=198) to work on /opt/airflow/dags/extraction_dag.py
[2026-09-17T22:12:47.349+0000] {processor.py:830} INFO - Processing file /opt/airflow/dags/extraction_dag.py for tasks to queue
[2026-09-17T22:12:47.361+0000] {logging_mixin.py:188} INFO - [2026-09-17T22:12:47.360+0000] {dagbag.py:545} INFO - Filling up the DagBag from /opt/airflow/dags/extraction_dag.py
[2026-09-17T22:12:47.384+0000] {processor.py:840} INFO - DAG(s) 'data_extraction' retrieved from /opt/airflow/dags/extraction_dag.py
[2026-09-17T22:12:47.417+0000] {logging_mixin.py:188} INFO - [2026-09-17T22:12:47.416+0000] {dag.py:3096} INFO - Sync 1 DAGs
[2026-09-17T22:12:47.432+0000] {logging_mixin.py:188} INFO - [2026-09-17T22:12:47.432+0000] {dag.py:3954} INFO - Setting next_dagrun for data_extraction to None, run_after=None
[2026-09-17T22:12:47.460+0000] {processor.py:183} INFO - Processing /opt/airflow/dags/extraction_dag.py took 0.128 seconds
[2026-09-17T22:13:18.268+0000] {processor.py:161} INFO - Started process (PID=206) to work on /opt/airflow/dags/extraction_dag.py
[2026-09-17T22:13:18.273+0000] {processor.py:830} INFO - Processing file /opt/airflow/dags/extraction_dag.py for tasks to queue
[2026-09-17T22:13:18.276+0000] {logging_mixin.py:188} INFO - [2026-09-17T22:13:18.275+0000] {dagbag.py:545} INFO - Filling up the DagBag from /opt/airflow/dags/extraction_dag.py
[2026-09-17T22:13:18.288+0000] {processor.py:840} INFO - DAG(s) 'data_extraction' retrieved from /opt/airflow/dags/extraction_dag.py
[2026-09-17T22:13:18.319+0000] {logging_mixin.py:188} INFO - [2026-09-17T22:13:18.319+0000] {dag.py:3096} INFO - Sync 1 DAGs
[2026-09-17T22:13:18.337+0000] {logging_mixin.py:188} INFO - [2026-09-17T22:13:18.336+0000] {dag.py:3954} INFO - Setting next_dagrun for data_extraction to None, run_after=None
[2026-09-17T22:13:18.362+0000] {processor.py:183} INFO - Processing /opt/airflow/dags/extraction_dag.py took 0.103 seconds
[2026-09-17T22:13:49.122+0000] {processor.py:161} INFO - Started process (PID=214) to work on /opt/airflow/dags/extraction_dag.py
[2026-09-17T22:13:49.127+0000] {processor.py:830} INFO - Processing file /opt/airflow/dags/extraction_dag.py for tasks to queue
[2026-09-17T22:13:49.130+0000] {logging_mixin.py:188} INFO - [2026-09-17T22:13:49.130+0000] {dagbag.py:545} INFO - Filling up the DagBag from /opt/airflow/dags/extraction_dag.py
[2026-09-17T22:13:49.141+0000] {processor.py:840} INFO - DAG(s) 'data_extraction' retrieved from /opt/airflow/dags/extraction_dag.py
[2026-09-17T22:13:49.168+0000] {logging_mixin.py:188} INFO - [2026-09-17T22:13:49.168+0000] {dag.py:3096} INFO - Sync 1 DAGs
[2026-09-17T22:13:49.182+0000] {logging_mixin.py:188} INFO - [2026-09-17T22:13:49.182+0000] {dag.py:3954} INFO - Setting next_dagrun for data_extraction to None, run_after=None
[2026-09-17T22:13:49.213+0000] {processor.py:183} INFO - Processing /opt/airflow/dags/extraction_dag.py took 0.098 seconds
[2026-09-17T22:14:20.132+0000] {processor.py:161} INFO - Started process (PID=228) to work on /opt/airflow/dags/extraction_dag.py
[2026-09-17T22:14:20.138+0000] {processor.py:830} INFO - Processing file /opt/airflow/dags/extraction_dag.py for tasks to queue
[2026-09-17T22:14:20.140+0000] {logging_mixin.py:188} INFO - [2026-09-17T22:14:20.140+0000] {dagbag.py:545} INFO - Filling up the DagBag from /opt/airflow/dags/extraction_dag.py
[2026-09-17T22:14:20.159+0000] {processor.py:840} INFO - DAG(s) 'data_extraction' retrieved from /opt/airflow/dags/extraction_dag.py
[2026-09-17T22:14:20.192+0000] {logging_mixin.py:188} INFO - [2026-09-17T22:14:20.192+0000] {dag.py:3096} INFO - Sync 1 DAGs
[2026-09-17T22:14:20.208+0000] {logging_mixin.py:188} INFO - [2026-09-17T22:14:20.208+0000] {dag.py:3954} INFO - Setting next_dagrun for data_extraction to None, run_after=None
[2026-09-17T22:14:20.240+0000] {processor.py:183} INFO - Processing /opt/airflow/dags/extraction_dag.py took 0.116 seconds
[2026-09-17T22:14:50.306+0000] {processor.py:161} INFO - Started process (PID=236) to work on /opt/airflow/dags/extraction_dag.py
[2026-09-17T22:14:50.308+0000] {processor.py:830} INFO - Processing file /opt/airflow/dags/extraction_dag.py for tasks to queue
[2026-09-17T22:14:50.309+0000] {logging_mixin.py:188} INFO - [2026-09-17T22:14:50.309+0000] {dagbag.py:545} INFO - Filling up the DagBag from /opt/airflow/dags/extraction_dag.py
[2026-09-17T22:14:50.319+0000] {processor.py:840} INFO - DAG(s) 'data_extraction' retrieved from /opt/airflow/dags/extraction_dag.py
[2026-09-17T22:14:50.351+0000] {logging_mixin.py:188} INFO - [2026-09-17T22:14:50.350+0000] {dag.py:3096} INFO - Sync 1 DAGs
[2026-09-17T22:14:50.365+0000] {logging_mixin.py:188} INFO - [2026-09-17T22:14:50.365+0000] {dag.py:3954} INFO - Setting next_dagrun for data_extraction to None, run_after=None
[2026-09-17T22:14:50.392+0000] {processor.py:183} INFO - Processing /opt/airflow/dags/extraction_dag.py took 0.093 seconds
[2026-09-17T22:15:21.071+0000] {processor.py:161} INFO - Started process (PID=244) to work on /opt/airflow/dags/extraction_dag.py
[2026-09-17T22:15:21.077+0000] {processor.py:830} INFO - Processing file /opt/airflow/dags/extraction_dag.py for tasks to queue
[2026-09-17T22:15:21.079+0000] {logging_mixin.py:188} INFO - [2026-09-17T22:15:21.079+0000] {dagbag.py:545} INFO - Filling up the DagBag from /opt/airflow/dags/extraction_dag.py
[2026-09-17T22:15:21.088+0000] {processor.py:840} INFO - DAG(s) 'data_extraction' retrieved from /opt/airflow/dags/extraction_dag.py
[2026-09-17T22:15:21.114+0000] {logging_mixin.py:188} INFO - [2026-09-17T22:15:21.114+0000] {dag.py:3096} INFO - Sync 1 DAGs
[2026-09-17T22:15:21.126+0000] {logging_mixin.py:188} INFO - [2026-09-17T22:15:21.125+0000] {dag.py:3954} INFO - Setting next_dagrun for data_extraction to None, run_after=None
[2026-09-17T22:15:21.162+0000] {processor.py:183} INFO - Processing /opt/airflow/dags/extraction_dag.py took 0.098 seconds
[2026-09-17T22:15:52.057+0000] {processor.py:161} INFO - Started process (PID=252) to work on /opt/airflow/dags/extraction_dag.py
[2026-09-17T22:15:52.057+0000] {processor.py:830} INFO - Processing file /opt/airflow/dags/extraction_dag.py for tasks to queue
[2026-09-17T22:15:52.059+0000] {logging_mixin.py:188} INFO - [2026-09-17T22:15:52.059+0000] {dagbag.py:545} INFO - Filling up the DagBag from /opt/airflow/dags/extraction_dag.py
[2026-09-17T22:15:52.068+0000] {processor.py:840} INFO - DAG(s) 'data_extraction' retrieved from /opt/airflow/dags/extraction_dag.py
[2026-09-17T22:15:52.093+0000] {logging_mixin.py:188} INFO - [2026-09-17T22:15:52.093+0000] {dag.py:3096} INFO - Sync 1 DAGs
[2026-09-17T22:15:52.104+0000] {logging_mixin.py:188} INFO - [2026-09-17T22:15:52.104+0000] {dag.py:3954} INFO - Setting next_dagrun for data_extraction to None, run_after=None
[2026-09-17T22:15:52.128+0000] {processor.py:183} INFO - Processing /opt/airflow/dags/extraction_dag.py took 0.078 seconds
[2026-09-17T22:16:23.001+0000] {processor.py:161} INFO - Started process (PID=260) to work on /opt/airflow/dags/extraction_dag.py
[2026-09-17T22:16:23.002+0000] {processor.py:830} INFO - Processing file /opt/airflow/dags/extraction_dag.py for tasks to queue
[2026-09-17T22:16:23.004+0000] {logging_mixin.py:188} INFO - [2026-09-17T22:16:23.004+0000] {dagbag.py:545} INFO - Filling up the DagBag from /opt/airflow/dags/extraction_dag.py
[2026-09-17T22:16:23.013+0000] {processor.py:840} INFO - DAG(s) 'data_extraction' retrieved from /opt/airflow/dags/extraction_dag.py
[2026-09-17T22:16:23.038+0000] {logging_mixin.py:188} INFO - [2026-09-17T22:16:23.037+0000] {dag.py:3096} INFO - Sync 1 DAGs
[2026-09-17T22:16:23.049+0000] {logging_mixin.py:188} INFO - [2026-09-17T22:16:23.049+0000] {dag.py:3954} INFO - Setting next_dagrun for data_extraction to None, run_after=None
[2026-09-17T22:16:23.069+0000] {processor.py:183} INFO - Processing /opt/airflow/dags/extraction_dag.py took 0.074 seconds
[2026-09-17T22:16:53.501+0000] {processor.py:161} INFO - Started process (PID=268) to work on /opt/airflow/dags/extraction_dag.py
[2026-09-17T22:16:53.506+0000] {processor.py:830} INFO - Processing file /opt/airflow/dags/extraction_dag.py for tasks to queue
[2026-09-17T22:16:53.508+0000] {logging_mixin.py:188} INFO - [2026-09-17T22:16:53.508+0000] {dagbag.py:545} INFO - Filling up the DagBag from /opt/airflow/dags/extraction_dag.py
[2026-09-17T22:16:53.517+0000] {processor.py:840} INFO - DAG(s) 'data_extraction' retrieved from /opt/airflow/dags/extraction_dag.py
[2026-09-17T22:16:53.542+0000] {logging_mixin.py:188} INFO - [2026-09-17T22:16:53.542+0000] {dag.py:3096} INFO - Sync 1 DAGs
[2026-09-17T22:16:53.553+0000] {logging_mixin.py:188} INFO - [2026-09-17T22:16:53.553+0000] {dag.py:3954} INFO - Setting next_dagrun for data_extraction to None, run_after=None
[2026-09-17T22:16:53.572+0000] {processor.py:183} INFO - Processing /opt/airflow/dags/extraction_dag.py took 0.079 seconds
[2026-09-17T22:17:24.489+0000] {processor.py:161} INFO - Started process (PID=276) to work on /opt/airflow/dags/extraction_dag.py
[2026-09-17T22:17:24.490+0000] {processor.py:830} INFO - Processing file /opt/airflow/dags/extraction_dag.py for tasks to queue
[2026-09-17T22:17:24.491+0000] {logging_mixin.py:188} INFO - [2026-09-17T22:17:24.491+0000] {dagbag.py:545} INFO - Filling up the DagBag from /opt/airflow/dags/extraction_dag.py
[2026-09-17T22:17:24.500+0000] {processor.py:840} INFO - DAG(s) 'data_extraction' retrieved from /opt/airflow/dags/extraction_dag.py
[2026-09-17T22:17:24.525+0000] {logging_mixin.py:188} INFO - [2026-09-17T22:17:24.525+0000] {dag.py:3096} INFO - Sync 1 DAGs
[2026-09-17T22:17:24.537+0000] {logging_mixin.py:188} INFO - [2026-09-17T22:17:24.536+0000] {dag.py:3954} INFO - Setting next_dagrun for data_extraction to None, run_after=None
[2026-09-17T22:17:24.559+0000] {processor.py:183} INFO - Processing /opt/airflow/dags/extraction_dag.py took 0.077 seconds
[2026-09-17T22:17:55.461+0000] {processor.py:161} INFO - Started process (PID=284) to work on /opt/airflow/dags/extraction_dag.py
[2026-09-17T22:17:55.467+0000] {processor.py:830} INFO - Processing file /opt/airflow/dags/extraction_dag.py for tasks to queue
[2026-09-17T22:17:55.468+0000] {logging_mixin.py:188} INFO - [2026-09-17T22:17:55.468+0000] {dagbag.py:545} INFO - Filling up the DagBag from /opt/airflow/dags/extraction_dag.py
[2026-09-17T22:17:55.478+0000] {processor.py:840} INFO - DAG(s) 'data_extraction' retrieved from /opt/airflow/dags/extraction_dag.py
[2026-09-17T22:17:55.503+0000] {logging_mixin.py:188} INFO - [2026-09-17T22:17:55.503+0000] {dag.py:3096} INFO - Sync 1 DAGs
[2026-09-17T22:17:55.515+0000] {logging_mixin.py:188} INFO - [2026-09-17T22:17:55.515+0000] {dag.py:3954} INFO - Setting next_dagrun for data_extraction to None, run_after=None
[2026-09-17T22:17:55.537+0000] {processor.py:183} INFO - Processing /opt/airflow/dags/extraction_dag.py took 0.084 seconds
[2026-09-17T22:18:26.226+0000] {processor.py:161} INFO - Started process (PID=292) to work on /opt/airflow/dags/extraction_dag.py
[2026-09-17T22:18:26.227+0000] {processor.py:830} INFO - Processing file /opt/airflow/dags/extraction_dag.py for tasks to queue
[2026-09-17T22:18:26.229+0000] {logging_mixin.py:188} INFO - [2026-09-17T22:18:26.229+0000] {dagbag.py:545} INFO - Filling up the DagBag from /opt/airflow/dags/extraction_dag.py
[2026-09-17T22:18:26.241+0000] {processor.py:840} INFO - DAG(s) 'data_extraction' retrieved from /opt/airflow/dags/extraction_dag.py
[2026-09-17T22:18:26.272+0000] {logging_mixin.py:188} INFO - [2026-09-17T22:18:26.272+0000] {dag.py:3096} INFO - Sync 1 DAGs
[2026-09-17T22:18:26.285+0000] {logging_mixin.py:188} INFO - [2026-09-17T22:18:26.285+0000] {dag.py:3954} INFO - Setting next_dagrun for data_extraction to None, run_after=None
[2026-09-17T22:18:26.312+0000] {processor.py:183} INFO - Processing /opt/airflow/dags/extraction_dag.py took 0.094 seconds
[2026-09-17T22:18:57.126+0000] {processor.py:161} INFO - Started process (PID=306) to work on /opt/airflow/dags/extraction_dag.py
[2026-09-17T22:18:57.132+0000] {processor.py:830} INFO - Processing file /opt/airflow/dags/extraction_dag.py for tasks to queue
[2026-09-17T22:18:57.134+0000] {logging_mixin.py:188} INFO - [2026-09-17T22:18:57.134+0000] {dagbag.py:545} INFO - Filling up the DagBag from /opt/airflow/dags/extraction_dag.py
[2026-09-17T22:18:57.143+0000] {processor.py:840} INFO - DAG(s) 'data_extraction' retrieved from /opt/airflow/dags/extraction_dag.py
[2026-09-17T22:18:57.167+0000] {logging_mixin.py:188} INFO - [2026-09-17T22:18:57.167+0000] {dag.py:3096} INFO - Sync 1 DAGs
[2026-09-17T22:18:57.179+0000] {logging_mixin.py:188} INFO - [2026-09-17T22:18:57.178+0000] {dag.py:3954} INFO - Setting next_dagrun for data_extraction to None, run_after=None
[2026-09-17T22:18:57.196+0000] {processor.py:183} INFO - Processing /opt/airflow/dags/extraction_dag.py took 0.077 seconds
[2026-09-17T22:19:28.106+0000] {processor.py:161} INFO - Started process (PID=314) to work on /opt/airflow/dags/extraction_dag.py
[2026-09-17T22:19:28.108+0000] {processor.py:830} INFO - Processing file /opt/airflow/dags/extraction_dag.py for tasks to queue
[2026-09-17T22:19:28.109+0000] {logging_mixin.py:188} INFO - [2026-09-17T22:19:28.109+0000] {dagbag.py:545} INFO - Filling up the DagBag from /opt/airflow/dags/extraction_dag.py
[2026-09-17T22:19:28.118+0000] {processor.py:840} INFO - DAG(s) 'data_extraction' retrieved from /opt/airflow/dags/extraction_dag.py
[2026-09-17T22:19:28.144+0000] {logging_mixin.py:188} INFO - [2026-09-17T22:19:28.144+0000] {dag.py:3096} INFO - Sync 1 DAGs
[2026-09-17T22:19:28.155+0000] {logging_mixin.py:188} INFO - [2026-09-17T22:19:28.155+0000] {dag.py:3954} INFO - Setting next_dagrun for data_extraction to None, run_after=None
[2026-09-17T22:19:28.180+0000] {processor.py:183} INFO - Processing /opt/airflow/dags/extraction_dag.py took 0.080 seconds
[2026-09-17T22:19:59.073+0000] {processor.py:161} INFO - Started process (PID=322) to work on /opt/airflow/dags/extraction_dag.py
[2026-09-17T22:19:59.079+0000] {processor.py:830} INFO - Processing file /opt/airflow/dags/extraction_dag.py for tasks to queue
[2026-09-17T22:19:59.081+0000] {logging_mixin.py:188} INFO - [2026-09-17T22:19:59.080+0000] {dagbag.py:545} INFO - Filling up the DagBag from /opt/airflow/dags/extraction_dag.py
[2026-09-17T22:19:59.090+0000] {processor.py:840} INFO - DAG(s) 'data_extraction' retrieved from /opt/airflow/dags/extraction_dag.py
[2026-09-17T22:19:59.115+0000] {logging_mixin.py:188} INFO - [2026-09-17T22:19:59.115+0000] {dag.py:3096} INFO - Sync 1 DAGs
[2026-09-17T22:19:59.126+0000] {logging_mixin.py:188} INFO - [2026-09-17T22:19:59.126+0000] {dag.py:3954} INFO - Setting next_dagrun for data_extraction to None, run_after=None
[2026-09-17T22:19:59.152+0000] {processor.py:183} INFO - Processing /opt/airflow/dags/extraction_dag.py took 0.085 seconds
[2026-09-17T22:20:30.028+0000] {processor.py:161} INFO - Started process (PID=330) to work on /opt/airflow/dags/extraction_dag.py
[2026-09-17T22:20:30.029+0000] {processor.py:830} INFO - Processing file /opt/airflow/dags/extraction_dag.py for tasks to queue
[2026-09-17T22:20:30.030+0000] {logging_mixin.py:188} INFO - [2026-09-17T22:20:30.030+0000] {dagbag.py:545} INFO - Filling up the DagBag from /opt/airflow/dags/extraction_dag.py
[2026-09-17T22:20:30.039+0000] {processor.py:840} INFO - DAG(s) 'data_extraction' retrieved from /opt/airflow/dags/extraction_dag.py
[2026-09-17T22:20:30.063+0000] {logging_mixin.py:188} INFO - [2026-09-17T22:20:30.063+0000] {dag.py:3096} INFO - Sync 1 DAGs
[2026-09-17T22:20:30.074+0000] {logging_mixin.py:188} INFO - [2026-09-17T22:20:30.074+0000] {dag.py:3954} INFO - Setting next_dagrun for data_extraction to None, run_after=None
[2026-09-17T22:20:30.099+0000] {processor.py:183} INFO - Processing /opt/airflow/dags/extraction_dag.py took 0.079 seconds
[2026-09-17T22:21:00.415+0000] {processor.py:161} INFO - Started process (PID=338) to work on /opt/airflow/dags/extraction_dag.py
[2026-09-17T22:21:00.421+0000] {processor.py:830} INFO - Processing file /opt/airflow/dags/extraction_dag.py for tasks to queue
[2026-09-17T22:21:00.423+0000] {logging_mixin.py:188} INFO - [2026-09-17T22:21:00.422+0000] {dagbag.py:545} INFO - Filling up the DagBag from /opt/airflow/dags/extraction_dag.py
[2026-09-17T22:21:00.432+0000] {processor.py:840} INFO - DAG(s) 'data_extraction' retrieved from /opt/airflow/dags/extraction_dag.py
[2026-09-17T22:21:00.459+0000] {logging_mixin.py:188} INFO - [2026-09-17T22:21:00.459+0000] {dag.py:3096} INFO - Sync 1 DAGs
[2026-09-17T22:21:00.471+0000] {logging_mixin.py:188} INFO - [2026-09-17T22:21:00.471+0000] {dag.py:3954} INFO - Setting next_dagrun for data_extraction to None, run_after=None
[2026-09-17T22:21:00.495+0000] {processor.py:183} INFO - Processing /opt/airflow/dags/extraction_dag.py took 0.086 seconds
[2026-09-17T22:21:31.451+0000] {processor.py:161} INFO - Started process (PID=346) to work on /opt/airflow/dags/extraction_dag.py
[2026-09-17T22:21:31.452+0000] {processor.py:830} INFO - Processing file /opt/airflow/dags/extraction_dag.py for tasks to queue
[2026-09-17T22:21:31.454+0000] {logging_mixin.py:188} INFO - [2026-09-17T22:21:31.454+0000] {dagbag.py:545} INFO - Filling up the DagBag from /opt/airflow/dags/extraction_dag.py
[2026-09-17T22:21:31.463+0000] {processor.py:840} INFO - DAG(s) 'data_extraction' retrieved from /opt/airflow/dags/extraction_dag.py
[2026-09-17T22:21:31.486+0000] {logging_mixin.py:188} INFO - [2026-09-17T22:21:31.486+0000] {dag.py:3096} INFO - Sync 1 DAGs
[2026-09-17T22:21:31.496+0000] {logging_mixin.py:188} INFO - [2026-09-17T22:21:31.496+0000] {dag.py:3954} INFO - Setting next_dagrun for data_extraction to None, run_after=None
[2026-09-17T22:21:31.514+0000] {processor.py:183} INFO - Processing /opt/airflow/dags/extraction_dag.py took 0.069 seconds
[2026-09-17T22:22:02.290+0000] {processor.py:161} INFO - Started process (PID=354) to work on /opt/airflow/dags/extraction_dag.py
[2026-09-17T22:22:02.296+0000] {processor.py:830} INFO - Processing file /opt/airflow/dags/extraction_dag.py for tasks to queue
[2026-09-17T22:22:02.297+0000] {logging_mixin.py:188} INFO - [2026-09-17T22:22:02.297+0000] {dagbag.py:545} INFO - Filling up the DagBag from /opt/airflow/dags/extraction_dag.py
[2026-09-17T22:22:02.306+0000] {processor.py:840} INFO - DAG(s) 'data_extraction' retrieved from /opt/airflow/dags/extraction_dag.py
[2026-09-17T22:22:02.330+0000] {logging_mixin.py:188} INFO - [2026-09-17T22:22:02.330+0000] {dag.py:3096} INFO - Sync 1 DAGs
[2026-09-17T22:22:02.340+0000] {logging_mixin.py:188} INFO - [2026-09-17T22:22:02.340+0000] {dag.py:3954} INFO - Setting next_dagrun for data_extraction to None, run_after=None
[2026-09-17T22:22:02.358+0000] {processor.py:183} INFO - Processing /opt/airflow/dags/extraction_dag.py took 0.076 seconds
[2026-09-17T22:22:33.193+0000] {processor.py:161} INFO - Started process (PID=362) to work on /opt/airflow/dags/extraction_dag.py
[2026-09-17T22:22:33.195+0000] {processor.py:830} INFO - Processing file /opt/airflow/dags/extraction_dag.py for tasks to queue
[2026-09-17T22:22:33.197+0000] {logging_mixin.py:188} INFO - [2026-09-17T22:22:33.196+0000] {dagbag.py:545} INFO - Filling up the DagBag from /opt/airflow/dags/extraction_dag.py
[2026-09-17T22:22:33.206+0000] {processor.py:840} INFO - DAG(s) 'data_extraction' retrieved from /opt/airflow/dags/extraction_dag.py
[2026-09-17T22:22:33.231+0000] {logging_mixin.py:188} INFO - [2026-09-17T22:22:33.231+0000] {dag.py:3096} INFO - Sync 1 DAGs
[2026-09-17T22:22:33.243+0000] {logging_mixin.py:188} INFO - [2026-09-17T22:22:33.242+0000] {dag.py:3954} INFO - Setting next_dagrun for data_extraction to None, run_after=None
[2026-09-17T22:22:33.268+0000] {processor.py:183} INFO - Processing /opt/airflow/dags/extraction_dag.py took 0.082 seconds
[2026-09-17T22:23:04.000+0000] {processor.py:161} INFO - Started process (PID=376) to work on /opt/airflow/dags/extraction_dag.py
[2026-09-17T22:23:04.001+0000] {processor.py:830} INFO - Processing file /opt/airflow/dags/extraction_dag.py for tasks to queue
[2026-09-17T22:23:04.002+0000] {logging_mixin.py:188} INFO - [2026-09-17T22:23:04.002+0000] {dagbag.py:545} INFO - Filling up the DagBag from /opt/airflow/dags/extraction_dag.py
[2026-09-17T22:23:04.012+0000] {processor.py:840} INFO - DAG(s) 'data_extraction' retrieved from /opt/airflow/dags/extraction_dag.py
[2026-09-17T22:23:04.037+0000] {logging_mixin.py:188} INFO - [2026-09-17T22:23:04.037+0000] {dag.py:3096} INFO - Sync 1 DAGs
[2026-09-17T22:23:04.048+0000] {logging_mixin.py:188} INFO - [2026-09-17T22:23:04.048+0000] {dag.py:3954} INFO - Setting next_dagrun for data_extraction to None, run_after=None
[2026-09-17T22:23:04.071+0000] {processor.py:183} INFO - Processing /opt/airflow/dags/extraction_dag.py took 0.078 seconds
[2026-09-17T22:23:34.892+0000] {processor.py:161} INFO - Started process (PID=384) to work on /opt/airflow/dags/extraction_dag.py
[2026-09-17T22:23:34.898+0000] {processor.py:830} INFO - Processing file /opt/airflow/dags/extraction_dag.py for tasks to queue
[2026-09-17T22:23:34.899+0000] {logging_mixin.py:188} INFO - [2026-09-17T22:23:34.899+0000] {dagbag.py:545} INFO - Filling up the DagBag from /opt/airflow/dags/extraction_dag.py
[2026-09-17T22:23:34.909+0000] {processor.py:840} INFO - DAG(s) 'data_extraction' retrieved from /opt/airflow/dags/extraction_dag.py
[2026-09-17T22:23:34.933+0000] {logging_mixin.py:188} INFO - [2026-09-17T22:23:34.932+0000] {dag.py:3096} INFO - Sync 1 DAGs
[2026-09-17T22:23:34.943+0000] {logging_mixin.py:188} INFO - [2026-09-17T22:23:34.943+0000] {dag.py:3954} INFO - Setting next_dagrun for data_extraction to None, run_after=None
[2026-09-17T22:23:34.962+0000] {processor.py:183} INFO - Processing /opt/airflow/dags/extraction_dag.py took 0.076 seconds
[2026-09-17T22:24:05.643+0000] {processor.py:161} INFO - Started process (PID=392) to work on /opt/airflow/dags/extraction_dag.py
[2026-09-17T22:24:05.644+0000] {processor.py:830} INFO - Processing file /opt/airflow/dags/extraction_dag.py for tasks to queue
[2026-09-17T22:24:05.646+0000] {logging_mixin.py:188} INFO - [2026-09-17T22:24:05.646+0000] {dagbag.py:545} INFO - Filling up the DagBag from /opt/airflow/dags/extraction_dag.py
[2026-09-17T22:24:05.654+0000] {processor.py:840} INFO - DAG(s) 'data_extraction' retrieved from /opt/airflow/dags/extraction_dag.py
[2026-09-17T22:24:05.680+0000] {logging_mixin.py:188} INFO - [2026-09-17T22:24:05.680+0000] {dag.py:3096} INFO - Sync 1 DAGs
[2026-09-17T22:24:05.691+0000] {logging_mixin.py:188} INFO - [2026-09-17T22:24:05.691+0000] {dag.py:3954} INFO - Setting next_dagrun for data_extraction to None, run_after=None
[2026-09-17T22:24:05.715+0000] {processor.py:183} INFO - Processing /opt/airflow/dags/extraction_dag.py took 0.078 seconds
[2026-09-17T22:24:36.713+0000] {processor.py:161} INFO - Started process (PID=400) to work on /opt/airflow/dags/extraction_dag.py
[2026-09-17T22:24:36.718+0000] {processor.py:830} INFO - Processing file /opt/airflow/dags/extraction_dag.py for tasks to queue
[2026-09-17T22:24:36.720+0000] {logging_mixin.py:188} INFO - [2026-09-17T22:24:36.720+0000] {dagbag.py:545} INFO - Filling up the DagBag from /opt/airflow/dags/extraction_dag.py
[2026-09-17T22:24:36.729+0000] {processor.py:840} INFO - DAG(s) 'data_extraction' retrieved from /opt/airflow/dags/extraction_dag.py
[2026-09-17T22:24:36.753+0000] {logging_mixin.py:188} INFO - [2026-09-17T22:24:36.753+0000] {dag.py:3096} INFO - Sync 1 DAGs
[2026-09-17T22:24:36.764+0000] {logging_mixin.py:188} INFO - [2026-09-17T22:24:36.764+0000] {dag.py:3954} INFO - Setting next_dagrun for data_extraction to None, run_after=None
[2026-09-17T22:24:36.783+0000] {processor.py:183} INFO - Processing /opt/airflow/dags/extraction_dag.py took 0.078 seconds
[2026-09-17T22:25:07.253+0000] {processor.py:161} INFO - Started process (PID=408) to work on /opt/airflow/dags/extraction_dag.py
[2026-09-17T22:25:07.254+0000] {processor.py:830} INFO - Processing file /opt/airflow/dags/extraction_dag.py for tasks to queue
[2026-09-17T22:25:07.256+0000] {logging_mixin.py:188} INFO - [2026-09-17T22:25:07.256+0000] {dagbag.py:545} INFO - Filling up the DagBag from /opt/airflow/dags/extraction_dag.py
[2026-09-17T22:25:07.265+0000] {processor.py:840} INFO - DAG(s) 'data_extraction' retrieved from /opt/airflow/dags/extraction_dag.py
[2026-09-17T22:25:07.290+0000] {logging_mixin.py:188} INFO - [2026-09-17T22:25:07.290+0000] {dag.py:3096} INFO - Sync 1 DAGs
[2026-09-17T22:25:07.301+0000] {logging_mixin.py:188} INFO - [2026-09-17T22:25:07.301+0000] {dag.py:3954} INFO - Setting next_dagrun for data_extraction to None, run_after=None
[2026-09-17T22:25:07.320+0000] {processor.py:183} INFO - Processing /opt/airflow/dags/extraction_dag.py took 0.075 seconds
[2026-09-17T22:25:37.720+0000] {processor.py:161} INFO - Started process (PID=416) to work on /opt/airflow/dags/extraction_dag.py
[2026-09-17T22:25:37.721+0000] {processor.py:830} INFO - Processing file /opt/airflow/dags/extraction_dag.py for tasks to queue
[2026-09-17T22:25:37.722+0000] {logging_mixin.py:188} INFO - [2026-09-17T22:25:37.722+0000] {dagbag.py:545} INFO - Filling up the DagBag from /opt/airflow/dags/extraction_dag.py
[2026-09-17T22:25:37.731+0000] {processor.py:840} INFO - DAG(s) 'data_extraction' retrieved from /opt/airflow/dags/extraction_dag.py
[2026-09-17T22:25:37.753+0000] {logging_mixin.py:188} INFO - [2026-09-17T22:25:37.753+0000] {dag.py:3096} INFO - Sync 1 DAGs
[2026-09-17T22:25:37.764+0000] {logging_mixin.py:188} INFO - [2026-09-17T22:25:37.764+0000] {dag.py:3954} INFO - Setting next_dagrun for data_extraction to None, run_after=None
[2026-09-17T22:25:37.790+0000] {processor.py:183} INFO - Processing /opt/airflow/dags/extraction_dag.py took 0.078 seconds
[2026-09-17T22:26:08.373+0000] {processor.py:161} INFO - Started process (PID=424) to work on /opt/airflow/dags/extraction_dag.py
[2026-09-17T22:26:08.375+0000] {processor.py:830} INFO - Processing file /opt/airflow/dags/extraction_dag.py for tasks to queue
[2026-09-17T22:26:08.377+0000] {logging_mixin.py:188} INFO - [2026-09-17T22:26:08.376+0000] {dagbag.py:545} INFO - Filling up the DagBag from /opt/airflow/dags/extraction_dag.py
[2026-09-17T22:26:08.389+0000] {processor.py:840} INFO - DAG(s) 'data_extraction' retrieved from /opt/airflow/dags/extraction_dag.py
[2026-09-17T22:26:08.445+0000] {logging_mixin.py:188} INFO - [2026-09-17T22:26:08.444+0000] {dag.py:3096} INFO - Sync 1 DAGs
[2026-09-17T22:26:08.463+0000] {logging_mixin.py:188} INFO - [2026-09-17T22:26:08.463+0000] {dag.py:3954} INFO - Setting next_dagrun for data_extraction to None, run_after=None
[2026-09-17T22:26:08.495+0000] {processor.py:183} INFO - Processing /opt/airflow/dags/extraction_dag.py took 0.128 seconds
[2026-09-17T22:26:39.106+0000] {processor.py:161} INFO - Started process (PID=432) to work on /opt/airflow/dags/extraction_dag.py
[2026-09-17T22:26:39.107+0000] {processor.py:830} INFO - Processing file /opt/airflow/dags/extraction_dag.py for tasks to queue
[2026-09-17T22:26:39.109+0000] {logging_mixin.py:188} INFO - [2026-09-17T22:26:39.108+0000] {dagbag.py:545} INFO - Filling up the DagBag from /opt/airflow/dags/extraction_dag.py
[2026-09-17T22:26:39.119+0000] {processor.py:840} INFO - DAG(s) 'data_extraction' retrieved from /opt/airflow/dags/extraction_dag.py
[2026-09-17T22:26:39.145+0000] {logging_mixin.py:188} INFO - [2026-09-17T22:26:39.144+0000] {dag.py:3096} INFO - Sync 1 DAGs
[2026-09-17T22:26:39.157+0000] {logging_mixin.py:188} INFO - [2026-09-17T22:26:39.156+0000] {dag.py:3954} INFO - Setting next_dagrun for data_extraction to None, run_after=None
[2026-09-17T22:26:39.178+0000] {processor.py:183} INFO - Processing /opt/airflow/dags/extraction_dag.py took 0.078 seconds
[2026-09-17T22:27:09.240+0000] {processor.py:161} INFO - Started process (PID=440) to work on /opt/airflow/dags/extraction_dag.py
[2026-09-17T22:27:09.245+0000] {processor.py:830} INFO - Processing file /opt/airflow/dags/extraction_dag.py for tasks to queue
[2026-09-17T22:27:09.247+0000] {logging_mixin.py:188} INFO - [2026-09-17T22:27:09.247+0000] {dagbag.py:545} INFO - Filling up the DagBag from /opt/airflow/dags/extraction_dag.py
[2026-09-17T22:27:09.258+0000] {processor.py:840} INFO - DAG(s) 'data_extraction' retrieved from /opt/airflow/dags/extraction_dag.py
[2026-09-17T22:27:09.284+0000] {logging_mixin.py:188} INFO - [2026-09-17T22:27:09.284+0000] {dag.py:3096} INFO - Sync 1 DAGs
[2026-09-17T22:27:09.300+0000] {logging_mixin.py:188} INFO - [2026-09-17T22:27:09.300+0000] {dag.py:3954} INFO - Setting next_dagrun for data_extraction to None, run_after=None
[2026-09-17T22:27:09.322+0000] {processor.py:183} INFO - Processing /opt/airflow/dags/extraction_dag.py took 0.090 seconds
[2026-09-17T22:27:39.451+0000] {processor.py:161} INFO - Started process (PID=455) to work on /opt/airflow/dags/extraction_dag.py
[2026-09-17T22:27:39.456+0000] {processor.py:830} INFO - Processing file /opt/airflow/dags/extraction_dag.py for tasks to queue
[2026-09-17T22:27:39.459+0000] {logging_mixin.py:188} INFO - [2026-09-17T22:27:39.458+0000] {dagbag.py:545} INFO - Filling up the DagBag from /opt/airflow/dags/extraction_dag.py
[2026-09-17T22:27:39.473+0000] {processor.py:840} INFO - DAG(s) 'data_extraction' retrieved from /opt/airflow/dags/extraction_dag.py
[2026-09-17T22:27:39.501+0000] {logging_mixin.py:188} INFO - [2026-09-17T22:27:39.501+0000] {dag.py:3096} INFO - Sync 1 DAGs
[2026-09-17T22:27:39.514+0000] {logging_mixin.py:188} INFO - [2026-09-17T22:27:39.514+0000] {dag.py:3954} INFO - Setting next_dagrun for data_extraction to None, run_after=None
[2026-09-17T22:27:39.540+0000] {processor.py:183} INFO - Processing /opt/airflow/dags/extraction_dag.py took 0.099 seconds
[2026-09-17T22:28:10.365+0000] {processor.py:161} INFO - Started process (PID=465) to work on /opt/airflow/dags/extraction_dag.py
[2026-09-17T22:28:10.366+0000] {processor.py:830} INFO - Processing file /opt/airflow/dags/extraction_dag.py for tasks to queue
[2026-09-17T22:28:10.368+0000] {logging_mixin.py:188} INFO - [2026-09-17T22:28:10.368+0000] {dagbag.py:545} INFO - Filling up the DagBag from /opt/airflow/dags/extraction_dag.py
[2026-09-17T22:28:10.381+0000] {processor.py:840} INFO - DAG(s) 'data_extraction' retrieved from /opt/airflow/dags/extraction_dag.py
[2026-09-17T22:28:10.412+0000] {logging_mixin.py:188} INFO - [2026-09-17T22:28:10.411+0000] {dag.py:3096} INFO - Sync 1 DAGs
[2026-09-17T22:28:10.426+0000] {logging_mixin.py:188} INFO - [2026-09-17T22:28:10.426+0000] {dag.py:3954} INFO - Setting next_dagrun for data_extraction to None, run_after=None
[2026-09-17T22:28:10.457+0000] {processor.py:183} INFO - Processing /opt/airflow/dags/extraction_dag.py took 0.106 seconds
[2026-09-17T22:28:40.569+0000] {processor.py:161} INFO - Started process (PID=476) to work on /opt/airflow/dags/extraction_dag.py
[2026-09-17T22:28:40.571+0000] {processor.py:830} INFO - Processing file /opt/airflow/dags/extraction_dag.py for tasks to queue
[2026-09-17T22:28:40.573+0000] {logging_mixin.py:188} INFO - [2026-09-17T22:28:40.573+0000] {dagbag.py:545} INFO - Filling up the DagBag from /opt/airflow/dags/extraction_dag.py
[2026-09-17T22:28:40.586+0000] {processor.py:840} INFO - DAG(s) 'data_extraction' retrieved from /opt/airflow/dags/extraction_dag.py
[2026-09-17T22:28:40.622+0000] {logging_mixin.py:188} INFO - [2026-09-17T22:28:40.621+0000] {dag.py:3096} INFO - Sync 1 DAGs
[2026-09-17T22:28:40.636+0000] {logging_mixin.py:188} INFO - [2026-09-17T22:28:40.635+0000] {dag.py:3954} INFO - Setting next_dagrun for data_extraction to None, run_after=None
[2026-09-17T22:28:40.666+0000] {processor.py:183} INFO - Processing /opt/airflow/dags/extraction_dag.py took 0.106 seconds
[2026-09-17T22:29:11.229+0000] {processor.py:161} INFO - Started process (PID=484) to work on /opt/airflow/dags/extraction_dag.py
[2026-09-17T22:29:11.230+0000] {processor.py:830} INFO - Processing file /opt/airflow/dags/extraction_dag.py for tasks to queue
[2026-09-17T22:29:11.232+0000] {logging_mixin.py:188} INFO - [2026-09-17T22:29:11.232+0000] {dagbag.py:545} INFO - Filling up the DagBag from /opt/airflow/dags/extraction_dag.py
[2026-09-17T22:29:11.247+0000] {processor.py:840} INFO - DAG(s) 'data_extraction' retrieved from /opt/airflow/dags/extraction_dag.py
[2026-09-17T22:29:11.276+0000] {logging_mixin.py:188} INFO - [2026-09-17T22:29:11.276+0000] {dag.py:3096} INFO - Sync 1 DAGs
[2026-09-17T22:29:11.288+0000] {logging_mixin.py:188} INFO - [2026-09-17T22:29:11.288+0000] {dag.py:3954} INFO - Setting next_dagrun for data_extraction to None, run_after=None
[2026-09-17T22:29:11.317+0000] {processor.py:183} INFO - Processing /opt/airflow/dags/extraction_dag.py took 0.095 seconds
[2026-09-17T22:29:41.884+0000] {processor.py:161} INFO - Started process (PID=497) to work on /opt/airflow/dags/extraction_dag.py
[2026-09-17T22:29:41.886+0000] {processor.py:830} INFO - Processing file /opt/airflow/dags/extraction_dag.py for tasks to queue
[2026-09-17T22:29:41.888+0000] {logging_mixin.py:188} INFO - [2026-09-17T22:29:41.887+0000] {dagbag.py:545} INFO - Filling up the DagBag from /opt/airflow/dags/extraction_dag.py
[2026-09-17T22:29:41.898+0000] {processor.py:840} INFO - DAG(s) 'data_extraction' retrieved from /opt/airflow/dags/extraction_dag.py
[2026-09-17T22:29:41.928+0000] {logging_mixin.py:188} INFO - [2026-09-17T22:29:41.928+0000] {dag.py:3096} INFO - Sync 1 DAGs
[2026-09-17T22:29:41.942+0000] {logging_mixin.py:188} INFO - [2026-09-17T22:29:41.941+0000] {dag.py:3954} INFO - Setting next_dagrun for data_extraction to None, run_after=None
[2026-09-17T22:29:41.962+0000] {processor.py:183} INFO - Processing /opt/airflow/dags/extraction_dag.py took 0.087 seconds
[2026-09-17T22:30:12.217+0000] {processor.py:161} INFO - Started process (PID=505) to work on /opt/airflow/dags/extraction_dag.py
[2026-09-17T22:30:12.223+0000] {processor.py:830} INFO - Processing file /opt/airflow/dags/extraction_dag.py for tasks to queue
[2026-09-17T22:30:12.225+0000] {logging_mixin.py:188} INFO - [2026-09-17T22:30:12.224+0000] {dagbag.py:545} INFO - Filling up the DagBag from /opt/airflow/dags/extraction_dag.py
[2026-09-17T22:30:12.234+0000] {processor.py:840} INFO - DAG(s) 'data_extraction' retrieved from /opt/airflow/dags/extraction_dag.py
[2026-09-17T22:30:12.263+0000] {logging_mixin.py:188} INFO - [2026-09-17T22:30:12.263+0000] {dag.py:3096} INFO - Sync 1 DAGs
[2026-09-17T22:30:12.274+0000] {logging_mixin.py:188} INFO - [2026-09-17T22:30:12.274+0000] {dag.py:3954} INFO - Setting next_dagrun for data_extraction to None, run_after=None
[2026-09-17T22:30:12.297+0000] {processor.py:183} INFO - Processing /opt/airflow/dags/extraction_dag.py took 0.087 seconds
[2026-09-17T22:30:42.998+0000] {processor.py:161} INFO - Started process (PID=513) to work on /opt/airflow/dags/extraction_dag.py
[2026-09-17T22:30:43.000+0000] {processor.py:830} INFO - Processing file /opt/airflow/dags/extraction_dag.py for tasks to queue
[2026-09-17T22:30:43.002+0000] {logging_mixin.py:188} INFO - [2026-09-17T22:30:43.001+0000] {dagbag.py:545} INFO - Filling up the DagBag from /opt/airflow/dags/extraction_dag.py
[2026-09-17T22:30:43.012+0000] {processor.py:840} INFO - DAG(s) 'data_extraction' retrieved from /opt/airflow/dags/extraction_dag.py
[2026-09-17T22:30:43.039+0000] {logging_mixin.py:188} INFO - [2026-09-17T22:30:43.039+0000] {dag.py:3096} INFO - Sync 1 DAGs
[2026-09-17T22:30:43.053+0000] {logging_mixin.py:188} INFO - [2026-09-17T22:30:43.053+0000] {dag.py:3954} INFO - Setting next_dagrun for data_extraction to None, run_after=None
[2026-09-17T22:30:43.078+0000] {processor.py:183} INFO - Processing /opt/airflow/dags/extraction_dag.py took 0.088 seconds
[2026-09-17T22:31:13.950+0000] {processor.py:161} INFO - Started process (PID=524) to work on /opt/airflow/dags/extraction_dag.py
[2026-09-17T22:31:13.956+0000] {processor.py:830} INFO - Processing file /opt/airflow/dags/extraction_dag.py for tasks to queue
[2026-09-17T22:31:13.958+0000] {logging_mixin.py:188} INFO - [2026-09-17T22:31:13.958+0000] {dagbag.py:545} INFO - Filling up the DagBag from /opt/airflow/dags/extraction_dag.py
[2026-09-17T22:31:13.969+0000] {processor.py:840} INFO - DAG(s) 'data_extraction' retrieved from /opt/airflow/dags/extraction_dag.py
[2026-09-17T22:31:13.993+0000] {logging_mixin.py:188} INFO - [2026-09-17T22:31:13.993+0000] {dag.py:3096} INFO - Sync 1 DAGs
[2026-09-17T22:31:14.009+0000] {logging_mixin.py:188} INFO - [2026-09-17T22:31:14.008+0000] {dag.py:3954} INFO - Setting next_dagrun for data_extraction to None, run_after=None
[2026-09-17T22:31:14.031+0000] {processor.py:183} INFO - Processing /opt/airflow/dags/extraction_dag.py took 0.089 seconds
[2026-09-17T22:31:45.005+0000] {processor.py:161} INFO - Started process (PID=532) to work on /opt/airflow/dags/extraction_dag.py
[2026-09-17T22:31:45.012+0000] {processor.py:830} INFO - Processing file /opt/airflow/dags/extraction_dag.py for tasks to queue
[2026-09-17T22:31:45.013+0000] {logging_mixin.py:188} INFO - [2026-09-17T22:31:45.013+0000] {dagbag.py:545} INFO - Filling up the DagBag from /opt/airflow/dags/extraction_dag.py
[2026-09-17T22:31:45.024+0000] {processor.py:840} INFO - DAG(s) 'data_extraction' retrieved from /opt/airflow/dags/extraction_dag.py
[2026-09-17T22:31:45.054+0000] {logging_mixin.py:188} INFO - [2026-09-17T22:31:45.054+0000] {dag.py:3096} INFO - Sync 1 DAGs
[2026-09-17T22:31:45.067+0000] {logging_mixin.py:188} INFO - [2026-09-17T22:31:45.067+0000] {dag.py:3954} INFO - Setting next_dagrun for data_extraction to None, run_after=None
[2026-09-17T22:31:45.094+0000] {processor.py:183} INFO - Processing /opt/airflow/dags/extraction_dag.py took 0.096 seconds
[2026-09-17T22:32:15.650+0000] {processor.py:161} INFO - Started process (PID=551) to work on /opt/airflow/dags/extraction_dag.py
[2026-09-17T22:32:15.651+0000] {processor.py:830} INFO - Processing file /opt/airflow/dags/extraction_dag.py for tasks to queue
[2026-09-17T22:32:15.653+0000] {logging_mixin.py:188} INFO - [2026-09-17T22:32:15.652+0000] {dagbag.py:545} INFO - Filling up the DagBag from /opt/airflow/dags/extraction_dag.py
[2026-09-17T22:32:15.663+0000] {processor.py:840} INFO - DAG(s) 'data_extraction' retrieved from /opt/airflow/dags/extraction_dag.py
[2026-09-17T22:32:15.689+0000] {logging_mixin.py:188} INFO - [2026-09-17T22:32:15.688+0000] {dag.py:3096} INFO - Sync 1 DAGs
[2026-09-17T22:32:15.700+0000] {logging_mixin.py:188} INFO - [2026-09-17T22:32:15.699+0000] {dag.py:3954} INFO - Setting next_dagrun for data_extraction to None, run_after=None
[2026-09-17T22:32:15.723+0000] {processor.py:183} INFO - Processing /opt/airflow/dags/extraction_dag.py took 0.079 seconds
[2026-09-17T22:32:46.130+0000] {processor.py:161} INFO - Started process (PID=560) to work on /opt/airflow/dags/extraction_dag.py
[2026-09-17T22:32:46.131+0000] {processor.py:830} INFO - Processing file /opt/airflow/dags/extraction_dag.py for tasks to queue
[2026-09-17T22:32:46.133+0000] {logging_mixin.py:188} INFO - [2026-09-17T22:32:46.133+0000] {dagbag.py:545} INFO - Filling up the DagBag from /opt/airflow/dags/extraction_dag.py
[2026-09-17T22:32:46.146+0000] {processor.py:840} INFO - DAG(s) 'data_extraction' retrieved from /opt/airflow/dags/extraction_dag.py
[2026-09-17T22:32:46.172+0000] {logging_mixin.py:188} INFO - [2026-09-17T22:32:46.172+0000] {dag.py:3096} INFO - Sync 1 DAGs
[2026-09-17T22:32:46.185+0000] {logging_mixin.py:188} INFO - [2026-09-17T22:32:46.185+0000] {dag.py:3954} INFO - Setting next_dagrun for data_extraction to None, run_after=None
[2026-09-17T22:32:46.208+0000] {processor.py:183} INFO - Processing /opt/airflow/dags/extraction_dag.py took 0.089 seconds
[2026-09-17T22:33:16.828+0000] {processor.py:161} INFO - Started process (PID=568) to work on /opt/airflow/dags/extraction_dag.py
[2026-09-17T22:33:16.829+0000] {processor.py:830} INFO - Processing file /opt/airflow/dags/extraction_dag.py for tasks to queue
[2026-09-17T22:33:16.831+0000] {logging_mixin.py:188} INFO - [2026-09-17T22:33:16.830+0000] {dagbag.py:545} INFO - Filling up the DagBag from /opt/airflow/dags/extraction_dag.py
[2026-09-17T22:33:16.841+0000] {processor.py:840} INFO - DAG(s) 'data_extraction' retrieved from /opt/airflow/dags/extraction_dag.py
[2026-09-17T22:33:16.866+0000] {logging_mixin.py:188} INFO - [2026-09-17T22:33:16.866+0000] {dag.py:3096} INFO - Sync 1 DAGs
[2026-09-17T22:33:16.877+0000] {logging_mixin.py:188} INFO - [2026-09-17T22:33:16.877+0000] {dag.py:3954} INFO - Setting next_dagrun for data_extraction to None, run_after=None
[2026-09-17T22:33:16.900+0000] {processor.py:183} INFO - Processing /opt/airflow/dags/extraction_dag.py took 0.080 seconds
[2026-09-17T22:33:47.053+0000] {processor.py:161} INFO - Started process (PID=581) to work on /opt/airflow/dags/extraction_dag.py
[2026-09-17T22:33:47.058+0000] {processor.py:830} INFO - Processing file /opt/airflow/dags/extraction_dag.py for tasks to queue
[2026-09-17T22:33:47.061+0000] {logging_mixin.py:188} INFO - [2026-09-17T22:33:47.060+0000] {dagbag.py:545} INFO - Filling up the DagBag from /opt/airflow/dags/extraction_dag.py
[2026-09-17T22:33:47.072+0000] {processor.py:840} INFO - DAG(s) 'data_extraction' retrieved from /opt/airflow/dags/extraction_dag.py
[2026-09-17T22:33:47.100+0000] {logging_mixin.py:188} INFO - [2026-09-17T22:33:47.100+0000] {dag.py:3096} INFO - Sync 1 DAGs
[2026-09-17T22:33:47.112+0000] {logging_mixin.py:188} INFO - [2026-09-17T22:33:47.111+0000] {dag.py:3954} INFO - Setting next_dagrun for data_extraction to None, run_after=None
[2026-09-17T22:33:47.130+0000] {processor.py:183} INFO - Processing /opt/airflow/dags/extraction_dag.py took 0.085 seconds
[2026-09-17T22:34:17.953+0000] {processor.py:161} INFO - Started process (PID=589) to work on /opt/airflow/dags/extraction_dag.py
[2026-09-17T22:34:17.954+0000] {processor.py:830} INFO - Processing file /opt/airflow/dags/extraction_dag.py for tasks to queue
[2026-09-17T22:34:17.956+0000] {logging_mixin.py:188} INFO - [2026-09-17T22:34:17.956+0000] {dagbag.py:545} INFO - Filling up the DagBag from /opt/airflow/dags/extraction_dag.py
[2026-09-17T22:34:17.968+0000] {processor.py:840} INFO - DAG(s) 'data_extraction' retrieved from /opt/airflow/dags/extraction_dag.py
[2026-09-17T22:34:17.996+0000] {logging_mixin.py:188} INFO - [2026-09-17T22:34:17.995+0000] {dag.py:3096} INFO - Sync 1 DAGs
[2026-09-17T22:34:18.009+0000] {logging_mixin.py:188} INFO - [2026-09-17T22:34:18.009+0000] {dag.py:3954} INFO - Setting next_dagrun for data_extraction to None, run_after=None
[2026-09-17T22:34:18.030+0000] {processor.py:183} INFO - Processing /opt/airflow/dags/extraction_dag.py took 0.084 seconds
[2026-09-17T22:34:48.401+0000] {processor.py:161} INFO - Started process (PID=605) to work on /opt/airflow/dags/extraction_dag.py
[2026-09-17T22:34:48.403+0000] {processor.py:830} INFO - Processing file /opt/airflow/dags/extraction_dag.py for tasks to queue
[2026-09-17T22:34:48.405+0000] {logging_mixin.py:188} INFO - [2026-09-17T22:34:48.404+0000] {dagbag.py:545} INFO - Filling up the DagBag from /opt/airflow/dags/extraction_dag.py
[2026-09-17T22:34:48.414+0000] {processor.py:840} INFO - DAG(s) 'data_extraction' retrieved from /opt/airflow/dags/extraction_dag.py
[2026-09-17T22:34:48.438+0000] {logging_mixin.py:188} INFO - [2026-09-17T22:34:48.437+0000] {dag.py:3096} INFO - Sync 1 DAGs
[2026-09-17T22:34:48.448+0000] {logging_mixin.py:188} INFO - [2026-09-17T22:34:48.448+0000] {dag.py:3954} INFO - Setting next_dagrun for data_extraction to None, run_after=None
[2026-09-17T22:34:48.467+0000] {processor.py:183} INFO - Processing /opt/airflow/dags/extraction_dag.py took 0.072 seconds
[2026-09-17T22:35:19.029+0000] {processor.py:161} INFO - Started process (PID=613) to work on /opt/airflow/dags/extraction_dag.py
[2026-09-17T22:35:19.030+0000] {processor.py:830} INFO - Processing file /opt/airflow/dags/extraction_dag.py for tasks to queue
[2026-09-17T22:35:19.031+0000] {logging_mixin.py:188} INFO - [2026-09-17T22:35:19.031+0000] {dagbag.py:545} INFO - Filling up the DagBag from /opt/airflow/dags/extraction_dag.py
[2026-09-17T22:35:19.041+0000] {processor.py:840} INFO - DAG(s) 'data_extraction' retrieved from /opt/airflow/dags/extraction_dag.py
[2026-09-17T22:35:19.065+0000] {logging_mixin.py:188} INFO - [2026-09-17T22:35:19.065+0000] {dag.py:3096} INFO - Sync 1 DAGs
[2026-09-17T22:35:19.076+0000] {logging_mixin.py:188} INFO - [2026-09-17T22:35:19.076+0000] {dag.py:3954} INFO - Setting next_dagrun for data_extraction to None, run_after=None
[2026-09-17T22:35:19.102+0000] {processor.py:183} INFO - Processing /opt/airflow/dags/extraction_dag.py took 0.079 seconds
[2026-09-17T22:35:49.419+0000] {processor.py:161} INFO - Started process (PID=621) to work on /opt/airflow/dags/extraction_dag.py
[2026-09-17T22:35:49.424+0000] {processor.py:830} INFO - Processing file /opt/airflow/dags/extraction_dag.py for tasks to queue
[2026-09-17T22:35:49.426+0000] {logging_mixin.py:188} INFO - [2026-09-17T22:35:49.426+0000] {dagbag.py:545} INFO - Filling up the DagBag from /opt/airflow/dags/extraction_dag.py
[2026-09-17T22:35:49.440+0000] {processor.py:840} INFO - DAG(s) 'data_extraction' retrieved from /opt/airflow/dags/extraction_dag.py
[2026-09-17T22:35:49.469+0000] {logging_mixin.py:188} INFO - [2026-09-17T22:35:49.469+0000] {dag.py:3096} INFO - Sync 1 DAGs
[2026-09-17T22:35:49.481+0000] {logging_mixin.py:188} INFO - [2026-09-17T22:35:49.481+0000] {dag.py:3954} INFO - Setting next_dagrun for data_extraction to None, run_after=None
[2026-09-17T22:35:49.504+0000] {processor.py:183} INFO - Processing /opt/airflow/dags/extraction_dag.py took 0.095 seconds
[2026-09-17T22:36:20.359+0000] {processor.py:161} INFO - Started process (PID=629) to work on /opt/airflow/dags/extraction_dag.py
[2026-09-17T22:36:20.360+0000] {processor.py:830} INFO - Processing file /opt/airflow/dags/extraction_dag.py for tasks to queue
[2026-09-17T22:36:20.362+0000] {logging_mixin.py:188} INFO - [2026-09-17T22:36:20.362+0000] {dagbag.py:545} INFO - Filling up the DagBag from /opt/airflow/dags/extraction_dag.py
[2026-09-17T22:36:20.371+0000] {processor.py:840} INFO - DAG(s) 'data_extraction' retrieved from /opt/airflow/dags/extraction_dag.py
[2026-09-17T22:36:20.397+0000] {logging_mixin.py:188} INFO - [2026-09-17T22:36:20.397+0000] {dag.py:3096} INFO - Sync 1 DAGs
[2026-09-17T22:36:20.409+0000] {logging_mixin.py:188} INFO - [2026-09-17T22:36:20.409+0000] {dag.py:3954} INFO - Setting next_dagrun for data_extraction to None, run_after=None
[2026-09-17T22:36:20.433+0000] {processor.py:183} INFO - Processing /opt/airflow/dags/extraction_dag.py took 0.080 seconds
[2026-09-17T22:36:50.496+0000] {processor.py:161} INFO - Started process (PID=644) to work on /opt/airflow/dags/extraction_dag.py
[2026-09-17T22:36:50.498+0000] {processor.py:830} INFO - Processing file /opt/airflow/dags/extraction_dag.py for tasks to queue
[2026-09-17T22:36:50.500+0000] {logging_mixin.py:188} INFO - [2026-09-17T22:36:50.500+0000] {dagbag.py:545} INFO - Filling up the DagBag from /opt/airflow/dags/extraction_dag.py
[2026-09-17T22:36:50.511+0000] {processor.py:840} INFO - DAG(s) 'data_extraction' retrieved from /opt/airflow/dags/extraction_dag.py
[2026-09-17T22:36:50.537+0000] {logging_mixin.py:188} INFO - [2026-09-17T22:36:50.537+0000] {dag.py:3096} INFO - Sync 1 DAGs
[2026-09-17T22:36:50.550+0000] {logging_mixin.py:188} INFO - [2026-09-17T22:36:50.550+0000] {dag.py:3954} INFO - Setting next_dagrun for data_extraction to None, run_after=None
[2026-09-17T22:36:50.581+0000] {processor.py:183} INFO - Processing /opt/airflow/dags/extraction_dag.py took 0.090 seconds
[2026-09-17T22:37:20.924+0000] {processor.py:161} INFO - Started process (PID=657) to work on /opt/airflow/dags/extraction_dag.py
[2026-09-17T22:37:20.926+0000] {processor.py:830} INFO - Processing file /opt/airflow/dags/extraction_dag.py for tasks to queue
[2026-09-17T22:37:20.928+0000] {logging_mixin.py:188} INFO - [2026-09-17T22:37:20.928+0000] {dagbag.py:545} INFO - Filling up the DagBag from /opt/airflow/dags/extraction_dag.py
[2026-09-17T22:37:20.946+0000] {processor.py:840} INFO - DAG(s) 'data_extraction' retrieved from /opt/airflow/dags/extraction_dag.py
[2026-09-17T22:37:20.986+0000] {logging_mixin.py:188} INFO - [2026-09-17T22:37:20.985+0000] {dag.py:3096} INFO - Sync 1 DAGs
[2026-09-17T22:37:21.003+0000] {logging_mixin.py:188} INFO - [2026-09-17T22:37:21.003+0000] {dag.py:3954} INFO - Setting next_dagrun for data_extraction to None, run_after=None
[2026-09-17T22:37:21.035+0000] {processor.py:183} INFO - Processing /opt/airflow/dags/extraction_dag.py took 0.122 seconds
[2026-09-17T22:37:51.885+0000] {processor.py:161} INFO - Started process (PID=665) to work on /opt/airflow/dags/extraction_dag.py
[2026-09-17T22:37:51.887+0000] {processor.py:830} INFO - Processing file /opt/airflow/dags/extraction_dag.py for tasks to queue
[2026-09-17T22:37:51.889+0000] {logging_mixin.py:188} INFO - [2026-09-17T22:37:51.889+0000] {dagbag.py:545} INFO - Filling up the DagBag from /opt/airflow/dags/extraction_dag.py
[2026-09-17T22:37:51.898+0000] {processor.py:840} INFO - DAG(s) 'data_extraction' retrieved from /opt/airflow/dags/extraction_dag.py
[2026-09-17T22:37:51.922+0000] {logging_mixin.py:188} INFO - [2026-09-17T22:37:51.922+0000] {dag.py:3096} INFO - Sync 1 DAGs
[2026-09-17T22:37:51.933+0000] {logging_mixin.py:188} INFO - [2026-09-17T22:37:51.933+0000] {dag.py:3954} INFO - Setting next_dagrun for data_extraction to None, run_after=None
[2026-09-17T22:37:51.954+0000] {processor.py:183} INFO - Processing /opt/airflow/dags/extraction_dag.py took 0.075 seconds
[2026-09-17T22:38:22.329+0000] {processor.py:161} INFO - Started process (PID=673) to work on /opt/airflow/dags/extraction_dag.py
[2026-09-17T22:38:22.330+0000] {processor.py:830} INFO - Processing file /opt/airflow/dags/extraction_dag.py for tasks to queue
[2026-09-17T22:38:22.331+0000] {logging_mixin.py:188} INFO - [2026-09-17T22:38:22.331+0000] {dagbag.py:545} INFO - Filling up the DagBag from /opt/airflow/dags/extraction_dag.py
[2026-09-17T22:38:22.342+0000] {processor.py:840} INFO - DAG(s) 'data_extraction' retrieved from /opt/airflow/dags/extraction_dag.py
[2026-09-17T22:38:22.367+0000] {logging_mixin.py:188} INFO - [2026-09-17T22:38:22.367+0000] {dag.py:3096} INFO - Sync 1 DAGs
[2026-09-17T22:38:22.381+0000] {logging_mixin.py:188} INFO - [2026-09-17T22:38:22.381+0000] {dag.py:3954} INFO - Setting next_dagrun for data_extraction to None, run_after=None
[2026-09-17T22:38:22.406+0000] {processor.py:183} INFO - Processing /opt/airflow/dags/extraction_dag.py took 0.084 seconds
[2026-09-17T22:38:53.162+0000] {processor.py:161} INFO - Started process (PID=681) to work on /opt/airflow/dags/extraction_dag.py
[2026-09-17T22:38:53.164+0000] {processor.py:830} INFO - Processing file /opt/airflow/dags/extraction_dag.py for tasks to queue
[2026-09-17T22:38:53.166+0000] {logging_mixin.py:188} INFO - [2026-09-17T22:38:53.166+0000] {dagbag.py:545} INFO - Filling up the DagBag from /opt/airflow/dags/extraction_dag.py
[2026-09-17T22:38:53.181+0000] {processor.py:840} INFO - DAG(s) 'data_extraction' retrieved from /opt/airflow/dags/extraction_dag.py
[2026-09-17T22:38:53.210+0000] {logging_mixin.py:188} INFO - [2026-09-17T22:38:53.210+0000] {dag.py:3096} INFO - Sync 1 DAGs
[2026-09-17T22:38:53.229+0000] {logging_mixin.py:188} INFO - [2026-09-17T22:38:53.229+0000] {dag.py:3954} INFO - Setting next_dagrun for data_extraction to None, run_after=None
[2026-09-17T22:38:53.259+0000] {processor.py:183} INFO - Processing /opt/airflow/dags/extraction_dag.py took 0.105 seconds
[2026-09-17T22:39:24.051+0000] {processor.py:161} INFO - Started process (PID=689) to work on /opt/airflow/dags/extraction_dag.py
[2026-09-17T22:39:24.052+0000] {processor.py:830} INFO - Processing file /opt/airflow/dags/extraction_dag.py for tasks to queue
[2026-09-17T22:39:24.056+0000] {logging_mixin.py:188} INFO - [2026-09-17T22:39:24.055+0000] {dagbag.py:545} INFO - Filling up the DagBag from /opt/airflow/dags/extraction_dag.py
[2026-09-17T22:39:24.067+0000] {processor.py:840} INFO - DAG(s) 'data_extraction' retrieved from /opt/airflow/dags/extraction_dag.py
[2026-09-17T22:39:24.097+0000] {logging_mixin.py:188} INFO - [2026-09-17T22:39:24.096+0000] {dag.py:3096} INFO - Sync 1 DAGs
[2026-09-17T22:39:24.111+0000] {logging_mixin.py:188} INFO - [2026-09-17T22:39:24.110+0000] {dag.py:3954} INFO - Setting next_dagrun for data_extraction to None, run_after=None
[2026-09-17T22:39:24.141+0000] {processor.py:183} INFO - Processing /opt/airflow/dags/extraction_dag.py took 0.099 seconds
[2026-09-17T22:39:54.936+0000] {processor.py:161} INFO - Started process (PID=697) to work on /opt/airflow/dags/extraction_dag.py
[2026-09-17T22:39:54.938+0000] {processor.py:830} INFO - Processing file /opt/airflow/dags/extraction_dag.py for tasks to queue
[2026-09-17T22:39:54.940+0000] {logging_mixin.py:188} INFO - [2026-09-17T22:39:54.940+0000] {dagbag.py:545} INFO - Filling up the DagBag from /opt/airflow/dags/extraction_dag.py
[2026-09-17T22:39:54.954+0000] {processor.py:840} INFO - DAG(s) 'data_extraction' retrieved from /opt/airflow/dags/extraction_dag.py
[2026-09-17T22:39:54.987+0000] {logging_mixin.py:188} INFO - [2026-09-17T22:39:54.986+0000] {dag.py:3096} INFO - Sync 1 DAGs
[2026-09-17T22:39:55.003+0000] {logging_mixin.py:188} INFO - [2026-09-17T22:39:55.002+0000] {dag.py:3954} INFO - Setting next_dagrun for data_extraction to None, run_after=None
[2026-09-17T22:39:55.036+0000] {processor.py:183} INFO - Processing /opt/airflow/dags/extraction_dag.py took 0.108 seconds
[2026-09-17T22:40:25.868+0000] {processor.py:161} INFO - Started process (PID=705) to work on /opt/airflow/dags/extraction_dag.py
[2026-09-17T22:40:25.869+0000] {processor.py:830} INFO - Processing file /opt/airflow/dags/extraction_dag.py for tasks to queue
[2026-09-17T22:40:25.871+0000] {logging_mixin.py:188} INFO - [2026-09-17T22:40:25.871+0000] {dagbag.py:545} INFO - Filling up the DagBag from /opt/airflow/dags/extraction_dag.py
[2026-09-17T22:40:25.885+0000] {processor.py:840} INFO - DAG(s) 'data_extraction' retrieved from /opt/airflow/dags/extraction_dag.py
[2026-09-17T22:40:25.915+0000] {logging_mixin.py:188} INFO - [2026-09-17T22:40:25.915+0000] {dag.py:3096} INFO - Sync 1 DAGs
[2026-09-17T22:40:25.929+0000] {logging_mixin.py:188} INFO - [2026-09-17T22:40:25.929+0000] {dag.py:3954} INFO - Setting next_dagrun for data_extraction to None, run_after=None
[2026-09-17T22:40:25.963+0000] {processor.py:183} INFO - Processing /opt/airflow/dags/extraction_dag.py took 0.105 seconds
[2026-09-17T22:40:56.737+0000] {processor.py:161} INFO - Started process (PID=719) to work on /opt/airflow/dags/extraction_dag.py
[2026-09-17T22:40:56.739+0000] {processor.py:830} INFO - Processing file /opt/airflow/dags/extraction_dag.py for tasks to queue
[2026-09-17T22:40:56.741+0000] {logging_mixin.py:188} INFO - [2026-09-17T22:40:56.740+0000] {dagbag.py:545} INFO - Filling up the DagBag from /opt/airflow/dags/extraction_dag.py
[2026-09-17T22:40:56.751+0000] {processor.py:840} INFO - DAG(s) 'data_extraction' retrieved from /opt/airflow/dags/extraction_dag.py
[2026-09-17T22:40:56.778+0000] {logging_mixin.py:188} INFO - [2026-09-17T22:40:56.778+0000] {dag.py:3096} INFO - Sync 1 DAGs
[2026-09-17T22:40:56.789+0000] {logging_mixin.py:188} INFO - [2026-09-17T22:40:56.789+0000] {dag.py:3954} INFO - Setting next_dagrun for data_extraction to None, run_after=None
[2026-09-17T22:40:56.810+0000] {processor.py:183} INFO - Processing /opt/airflow/dags/extraction_dag.py took 0.080 seconds
[2026-09-17T22:41:27.425+0000] {processor.py:161} INFO - Started process (PID=732) to work on /opt/airflow/dags/extraction_dag.py
[2026-09-17T22:41:27.426+0000] {processor.py:830} INFO - Processing file /opt/airflow/dags/extraction_dag.py for tasks to queue
[2026-09-17T22:41:27.428+0000] {logging_mixin.py:188} INFO - [2026-09-17T22:41:27.428+0000] {dagbag.py:545} INFO - Filling up the DagBag from /opt/airflow/dags/extraction_dag.py
[2026-09-17T22:41:27.439+0000] {processor.py:840} INFO - DAG(s) 'data_extraction' retrieved from /opt/airflow/dags/extraction_dag.py
[2026-09-17T22:41:27.466+0000] {logging_mixin.py:188} INFO - [2026-09-17T22:41:27.465+0000] {dag.py:3096} INFO - Sync 1 DAGs
[2026-09-17T22:41:27.480+0000] {logging_mixin.py:188} INFO - [2026-09-17T22:41:27.480+0000] {dag.py:3954} INFO - Setting next_dagrun for data_extraction to None, run_after=None
[2026-09-17T22:41:27.504+0000] {processor.py:183} INFO - Processing /opt/airflow/dags/extraction_dag.py took 0.086 seconds
[2026-09-17T22:41:57.868+0000] {processor.py:161} INFO - Started process (PID=740) to work on /opt/airflow/dags/extraction_dag.py
[2026-09-17T22:41:57.870+0000] {processor.py:830} INFO - Processing file /opt/airflow/dags/extraction_dag.py for tasks to queue
[2026-09-17T22:41:57.872+0000] {logging_mixin.py:188} INFO - [2026-09-17T22:41:57.872+0000] {dagbag.py:545} INFO - Filling up the DagBag from /opt/airflow/dags/extraction_dag.py
[2026-09-17T22:41:57.882+0000] {processor.py:840} INFO - DAG(s) 'data_extraction' retrieved from /opt/airflow/dags/extraction_dag.py
[2026-09-17T22:41:57.910+0000] {logging_mixin.py:188} INFO - [2026-09-17T22:41:57.910+0000] {dag.py:3096} INFO - Sync 1 DAGs
[2026-09-17T22:41:57.923+0000] {logging_mixin.py:188} INFO - [2026-09-17T22:41:57.922+0000] {dag.py:3954} INFO - Setting next_dagrun for data_extraction to None, run_after=None
[2026-09-17T22:41:57.949+0000] {processor.py:183} INFO - Processing /opt/airflow/dags/extraction_dag.py took 0.088 seconds
[2026-09-17T22:42:28.777+0000] {processor.py:161} INFO - Started process (PID=748) to work on /opt/airflow/dags/extraction_dag.py
[2026-09-17T22:42:28.779+0000] {processor.py:830} INFO - Processing file /opt/airflow/dags/extraction_dag.py for tasks to queue
[2026-09-17T22:42:28.781+0000] {logging_mixin.py:188} INFO - [2026-09-17T22:42:28.781+0000] {dagbag.py:545} INFO - Filling up the DagBag from /opt/airflow/dags/extraction_dag.py
[2026-09-17T22:42:28.796+0000] {processor.py:840} INFO - DAG(s) 'data_extraction' retrieved from /opt/airflow/dags/extraction_dag.py
[2026-09-17T22:42:28.832+0000] {logging_mixin.py:188} INFO - [2026-09-17T22:42:28.832+0000] {dag.py:3096} INFO - Sync 1 DAGs
[2026-09-17T22:42:28.853+0000] {logging_mixin.py:188} INFO - [2026-09-17T22:42:28.853+0000] {dag.py:3954} INFO - Setting next_dagrun for data_extraction to None, run_after=None
[2026-09-17T22:42:28.888+0000] {processor.py:183} INFO - Processing /opt/airflow/dags/extraction_dag.py took 0.121 seconds
[2026-09-17T22:42:59.185+0000] {processor.py:161} INFO - Started process (PID=756) to work on /opt/airflow/dags/extraction_dag.py
[2026-09-17T22:42:59.185+0000] {processor.py:830} INFO - Processing file /opt/airflow/dags/extraction_dag.py for tasks to queue
[2026-09-17T22:42:59.187+0000] {logging_mixin.py:188} INFO - [2026-09-17T22:42:59.187+0000] {dagbag.py:545} INFO - Filling up the DagBag from /opt/airflow/dags/extraction_dag.py
[2026-09-17T22:42:59.198+0000] {processor.py:840} INFO - DAG(s) 'data_extraction' retrieved from /opt/airflow/dags/extraction_dag.py
[2026-09-17T22:42:59.224+0000] {logging_mixin.py:188} INFO - [2026-09-17T22:42:59.223+0000] {dag.py:3096} INFO - Sync 1 DAGs
[2026-09-17T22:42:59.235+0000] {logging_mixin.py:188} INFO - [2026-09-17T22:42:59.235+0000] {dag.py:3954} INFO - Setting next_dagrun for data_extraction to None, run_after=None
[2026-09-17T22:42:59.261+0000] {processor.py:183} INFO - Processing /opt/airflow/dags/extraction_dag.py took 0.084 seconds
[2026-09-17T22:43:29.903+0000] {processor.py:161} INFO - Started process (PID=764) to work on /opt/airflow/dags/extraction_dag.py
[2026-09-17T22:43:29.905+0000] {processor.py:830} INFO - Processing file /opt/airflow/dags/extraction_dag.py for tasks to queue
[2026-09-17T22:43:29.907+0000] {logging_mixin.py:188} INFO - [2026-09-17T22:43:29.907+0000] {dagbag.py:545} INFO - Filling up the DagBag from /opt/airflow/dags/extraction_dag.py
[2026-09-17T22:43:29.916+0000] {processor.py:840} INFO - DAG(s) 'data_extraction' retrieved from /opt/airflow/dags/extraction_dag.py
[2026-09-17T22:43:29.944+0000] {logging_mixin.py:188} INFO - [2026-09-17T22:43:29.943+0000] {dag.py:3096} INFO - Sync 1 DAGs
[2026-09-17T22:43:29.955+0000] {logging_mixin.py:188} INFO - [2026-09-17T22:43:29.955+0000] {dag.py:3954} INFO - Setting next_dagrun for data_extraction to None, run_after=None
[2026-09-17T22:43:29.984+0000] {processor.py:183} INFO - Processing /opt/airflow/dags/extraction_dag.py took 0.088 seconds
[2026-09-17T22:44:00.716+0000] {processor.py:161} INFO - Started process (PID=772) to work on /opt/airflow/dags/extraction_dag.py
[2026-09-17T22:44:00.717+0000] {processor.py:830} INFO - Processing file /opt/airflow/dags/extraction_dag.py for tasks to queue
[2026-09-17T22:44:00.720+0000] {logging_mixin.py:188} INFO - [2026-09-17T22:44:00.719+0000] {dagbag.py:545} INFO - Filling up the DagBag from /opt/airflow/dags/extraction_dag.py
[2026-09-17T22:44:00.734+0000] {processor.py:840} INFO - DAG(s) 'data_extraction' retrieved from /opt/airflow/dags/extraction_dag.py
[2026-09-17T22:44:00.765+0000] {logging_mixin.py:188} INFO - [2026-09-17T22:44:00.765+0000] {dag.py:3096} INFO - Sync 1 DAGs
[2026-09-17T22:44:00.778+0000] {logging_mixin.py:188} INFO - [2026-09-17T22:44:00.778+0000] {dag.py:3954} INFO - Setting next_dagrun for data_extraction to None, run_after=None
[2026-09-17T22:44:00.801+0000] {processor.py:183} INFO - Processing /opt/airflow/dags/extraction_dag.py took 0.094 seconds
[2026-09-17T22:44:31.701+0000] {processor.py:161} INFO - Started process (PID=780) to work on /opt/airflow/dags/extraction_dag.py
[2026-09-17T22:44:31.702+0000] {processor.py:830} INFO - Processing file /opt/airflow/dags/extraction_dag.py for tasks to queue
[2026-09-17T22:44:31.704+0000] {logging_mixin.py:188} INFO - [2026-09-17T22:44:31.704+0000] {dagbag.py:545} INFO - Filling up the DagBag from /opt/airflow/dags/extraction_dag.py
[2026-09-17T22:44:31.715+0000] {processor.py:840} INFO - DAG(s) 'data_extraction' retrieved from /opt/airflow/dags/extraction_dag.py
[2026-09-17T22:44:31.743+0000] {logging_mixin.py:188} INFO - [2026-09-17T22:44:31.743+0000] {dag.py:3096} INFO - Sync 1 DAGs
[2026-09-17T22:44:31.754+0000] {logging_mixin.py:188} INFO - [2026-09-17T22:44:31.754+0000] {dag.py:3954} INFO - Setting next_dagrun for data_extraction to None, run_after=None
[2026-09-17T22:44:31.781+0000] {processor.py:183} INFO - Processing /opt/airflow/dags/extraction_dag.py took 0.088 seconds
[2026-09-17T22:45:02.600+0000] {processor.py:161} INFO - Started process (PID=788) to work on /opt/airflow/dags/extraction_dag.py
[2026-09-17T22:45:02.601+0000] {processor.py:830} INFO - Processing file /opt/airflow/dags/extraction_dag.py for tasks to queue
[2026-09-17T22:45:02.603+0000] {logging_mixin.py:188} INFO - [2026-09-17T22:45:02.603+0000] {dagbag.py:545} INFO - Filling up the DagBag from /opt/airflow/dags/extraction_dag.py
[2026-09-17T22:45:02.615+0000] {processor.py:840} INFO - DAG(s) 'data_extraction' retrieved from /opt/airflow/dags/extraction_dag.py
[2026-09-17T22:45:02.641+0000] {logging_mixin.py:188} INFO - [2026-09-17T22:45:02.641+0000] {dag.py:3096} INFO - Sync 1 DAGs
[2026-09-17T22:45:02.652+0000] {logging_mixin.py:188} INFO - [2026-09-17T22:45:02.652+0000] {dag.py:3954} INFO - Setting next_dagrun for data_extraction to None, run_after=None
[2026-09-17T22:45:02.681+0000] {processor.py:183} INFO - Processing /opt/airflow/dags/extraction_dag.py took 0.088 seconds
[2026-09-17T22:45:32.906+0000] {processor.py:161} INFO - Started process (PID=802) to work on /opt/airflow/dags/extraction_dag.py
[2026-09-17T22:45:32.908+0000] {processor.py:830} INFO - Processing file /opt/airflow/dags/extraction_dag.py for tasks to queue
[2026-09-17T22:45:32.910+0000] {logging_mixin.py:188} INFO - [2026-09-17T22:45:32.910+0000] {dagbag.py:545} INFO - Filling up the DagBag from /opt/airflow/dags/extraction_dag.py
[2026-09-17T22:45:32.921+0000] {processor.py:840} INFO - DAG(s) 'data_extraction' retrieved from /opt/airflow/dags/extraction_dag.py
[2026-09-17T22:45:32.945+0000] {logging_mixin.py:188} INFO - [2026-09-17T22:45:32.945+0000] {dag.py:3096} INFO - Sync 1 DAGs
[2026-09-17T22:45:32.957+0000] {logging_mixin.py:188} INFO - [2026-09-17T22:45:32.956+0000] {dag.py:3954} INFO - Setting next_dagrun for data_extraction to None, run_after=None
[2026-09-17T22:45:32.982+0000] {processor.py:183} INFO - Processing /opt/airflow/dags/extraction_dag.py took 0.085 seconds
[2026-09-17T22:46:03.854+0000] {processor.py:161} INFO - Started process (PID=810) to work on /opt/airflow/dags/extraction_dag.py
[2026-09-17T22:46:03.856+0000] {processor.py:830} INFO - Processing file /opt/airflow/dags/extraction_dag.py for tasks to queue
[2026-09-17T22:46:03.858+0000] {logging_mixin.py:188} INFO - [2026-09-17T22:46:03.857+0000] {dagbag.py:545} INFO - Filling up the DagBag from /opt/airflow/dags/extraction_dag.py
[2026-09-17T22:46:03.869+0000] {processor.py:840} INFO - DAG(s) 'data_extraction' retrieved from /opt/airflow/dags/extraction_dag.py
[2026-09-17T22:46:03.899+0000] {logging_mixin.py:188} INFO - [2026-09-17T22:46:03.898+0000] {dag.py:3096} INFO - Sync 1 DAGs
[2026-09-17T22:46:03.910+0000] {logging_mixin.py:188} INFO - [2026-09-17T22:46:03.910+0000] {dag.py:3954} INFO - Setting next_dagrun for data_extraction to None, run_after=None
[2026-09-17T22:46:03.939+0000] {processor.py:183} INFO - Processing /opt/airflow/dags/extraction_dag.py took 0.094 seconds
[2026-09-17T22:46:34.636+0000] {processor.py:161} INFO - Started process (PID=818) to work on /opt/airflow/dags/extraction_dag.py
[2026-09-17T22:46:34.637+0000] {processor.py:830} INFO - Processing file /opt/airflow/dags/extraction_dag.py for tasks to queue
[2026-09-17T22:46:34.639+0000] {logging_mixin.py:188} INFO - [2026-09-17T22:46:34.639+0000] {dagbag.py:545} INFO - Filling up the DagBag from /opt/airflow/dags/extraction_dag.py
[2026-09-17T22:46:34.652+0000] {processor.py:840} INFO - DAG(s) 'data_extraction' retrieved from /opt/airflow/dags/extraction_dag.py
[2026-09-17T22:46:34.679+0000] {logging_mixin.py:188} INFO - [2026-09-17T22:46:34.678+0000] {dag.py:3096} INFO - Sync 1 DAGs
[2026-09-17T22:46:34.689+0000] {logging_mixin.py:188} INFO - [2026-09-17T22:46:34.689+0000] {dag.py:3954} INFO - Setting next_dagrun for data_extraction to None, run_after=None
[2026-09-17T22:46:34.715+0000] {processor.py:183} INFO - Processing /opt/airflow/dags/extraction_dag.py took 0.088 seconds
[2026-09-17T22:47:05.126+0000] {processor.py:161} INFO - Started process (PID=826) to work on /opt/airflow/dags/extraction_dag.py
[2026-09-17T22:47:05.127+0000] {processor.py:830} INFO - Processing file /opt/airflow/dags/extraction_dag.py for tasks to queue
[2026-09-17T22:47:05.129+0000] {logging_mixin.py:188} INFO - [2026-09-17T22:47:05.129+0000] {dagbag.py:545} INFO - Filling up the DagBag from /opt/airflow/dags/extraction_dag.py
[2026-09-17T22:47:05.140+0000] {processor.py:840} INFO - DAG(s) 'data_extraction' retrieved from /opt/airflow/dags/extraction_dag.py
[2026-09-17T22:47:05.167+0000] {logging_mixin.py:188} INFO - [2026-09-17T22:47:05.167+0000] {dag.py:3096} INFO - Sync 1 DAGs
[2026-09-17T22:47:05.179+0000] {logging_mixin.py:188} INFO - [2026-09-17T22:47:05.179+0000] {dag.py:3954} INFO - Setting next_dagrun for data_extraction to None, run_after=None
[2026-09-17T22:47:05.202+0000] {processor.py:183} INFO - Processing /opt/airflow/dags/extraction_dag.py took 0.083 seconds
[2026-09-17T22:47:36.137+0000] {processor.py:161} INFO - Started process (PID=834) to work on /opt/airflow/dags/extraction_dag.py
[2026-09-17T22:47:36.138+0000] {processor.py:830} INFO - Processing file /opt/airflow/dags/extraction_dag.py for tasks to queue
[2026-09-17T22:47:36.140+0000] {logging_mixin.py:188} INFO - [2026-09-17T22:47:36.140+0000] {dagbag.py:545} INFO - Filling up the DagBag from /opt/airflow/dags/extraction_dag.py
[2026-09-17T22:47:36.153+0000] {processor.py:840} INFO - DAG(s) 'data_extraction' retrieved from /opt/airflow/dags/extraction_dag.py
[2026-09-17T22:47:36.183+0000] {logging_mixin.py:188} INFO - [2026-09-17T22:47:36.183+0000] {dag.py:3096} INFO - Sync 1 DAGs
[2026-09-17T22:47:36.199+0000] {logging_mixin.py:188} INFO - [2026-09-17T22:47:36.199+0000] {dag.py:3954} INFO - Setting next_dagrun for data_extraction to None, run_after=None
[2026-09-17T22:47:36.223+0000] {processor.py:183} INFO - Processing /opt/airflow/dags/extraction_dag.py took 0.093 seconds
[2026-09-17T22:48:07.193+0000] {processor.py:161} INFO - Started process (PID=847) to work on /opt/airflow/dags/extraction_dag.py
[2026-09-17T22:48:07.195+0000] {processor.py:830} INFO - Processing file /opt/airflow/dags/extraction_dag.py for tasks to queue
[2026-09-17T22:48:07.197+0000] {logging_mixin.py:188} INFO - [2026-09-17T22:48:07.196+0000] {dagbag.py:545} INFO - Filling up the DagBag from /opt/airflow/dags/extraction_dag.py
[2026-09-17T22:48:07.210+0000] {processor.py:840} INFO - DAG(s) 'data_extraction' retrieved from /opt/airflow/dags/extraction_dag.py
[2026-09-17T22:48:07.239+0000] {logging_mixin.py:188} INFO - [2026-09-17T22:48:07.239+0000] {dag.py:3096} INFO - Sync 1 DAGs
[2026-09-17T22:48:07.252+0000] {logging_mixin.py:188} INFO - [2026-09-17T22:48:07.251+0000] {dag.py:3954} INFO - Setting next_dagrun for data_extraction to None, run_after=None
[2026-09-17T22:48:07.277+0000] {processor.py:183} INFO - Processing /opt/airflow/dags/extraction_dag.py took 0.091 seconds
[2026-09-17T22:48:38.105+0000] {processor.py:161} INFO - Started process (PID=855) to work on /opt/airflow/dags/extraction_dag.py
[2026-09-17T22:48:38.107+0000] {processor.py:830} INFO - Processing file /opt/airflow/dags/extraction_dag.py for tasks to queue
[2026-09-17T22:48:38.108+0000] {logging_mixin.py:188} INFO - [2026-09-17T22:48:38.108+0000] {dagbag.py:545} INFO - Filling up the DagBag from /opt/airflow/dags/extraction_dag.py
[2026-09-17T22:48:38.119+0000] {processor.py:840} INFO - DAG(s) 'data_extraction' retrieved from /opt/airflow/dags/extraction_dag.py
[2026-09-17T22:48:38.146+0000] {logging_mixin.py:188} INFO - [2026-09-17T22:48:38.145+0000] {dag.py:3096} INFO - Sync 1 DAGs
[2026-09-17T22:48:38.158+0000] {logging_mixin.py:188} INFO - [2026-09-17T22:48:38.158+0000] {dag.py:3954} INFO - Setting next_dagrun for data_extraction to None, run_after=None
[2026-09-17T22:48:38.187+0000] {processor.py:183} INFO - Processing /opt/airflow/dags/extraction_dag.py took 0.088 seconds
[2026-09-17T22:49:08.263+0000] {processor.py:161} INFO - Started process (PID=865) to work on /opt/airflow/dags/extraction_dag.py
[2026-09-17T22:49:08.264+0000] {processor.py:830} INFO - Processing file /opt/airflow/dags/extraction_dag.py for tasks to queue
[2026-09-17T22:49:08.266+0000] {logging_mixin.py:188} INFO - [2026-09-17T22:49:08.265+0000] {dagbag.py:545} INFO - Filling up the DagBag from /opt/airflow/dags/extraction_dag.py
[2026-09-17T22:49:08.275+0000] {processor.py:840} INFO - DAG(s) 'data_extraction' retrieved from /opt/airflow/dags/extraction_dag.py
[2026-09-17T22:49:08.300+0000] {logging_mixin.py:188} INFO - [2026-09-17T22:49:08.300+0000] {dag.py:3096} INFO - Sync 1 DAGs
[2026-09-17T22:49:08.312+0000] {logging_mixin.py:188} INFO - [2026-09-17T22:49:08.312+0000] {dag.py:3954} INFO - Setting next_dagrun for data_extraction to None, run_after=None
[2026-09-17T22:49:08.335+0000] {processor.py:183} INFO - Processing /opt/airflow/dags/extraction_dag.py took 0.079 seconds
[2026-09-17T22:49:39.207+0000] {processor.py:161} INFO - Started process (PID=878) to work on /opt/airflow/dags/extraction_dag.py
[2026-09-17T22:49:39.213+0000] {processor.py:830} INFO - Processing file /opt/airflow/dags/extraction_dag.py for tasks to queue
[2026-09-17T22:49:39.216+0000] {logging_mixin.py:188} INFO - [2026-09-17T22:49:39.215+0000] {dagbag.py:545} INFO - Filling up the DagBag from /opt/airflow/dags/extraction_dag.py
[2026-09-17T22:49:39.227+0000] {processor.py:840} INFO - DAG(s) 'data_extraction' retrieved from /opt/airflow/dags/extraction_dag.py
[2026-09-17T22:49:39.258+0000] {logging_mixin.py:188} INFO - [2026-09-17T22:49:39.258+0000] {dag.py:3096} INFO - Sync 1 DAGs
[2026-09-17T22:49:39.271+0000] {logging_mixin.py:188} INFO - [2026-09-17T22:49:39.271+0000] {dag.py:3954} INFO - Setting next_dagrun for data_extraction to None, run_after=None
[2026-09-17T22:49:39.297+0000] {processor.py:183} INFO - Processing /opt/airflow/dags/extraction_dag.py took 0.097 seconds
[2026-09-17T22:50:10.154+0000] {processor.py:161} INFO - Started process (PID=892) to work on /opt/airflow/dags/extraction_dag.py
[2026-09-17T22:50:10.155+0000] {processor.py:830} INFO - Processing file /opt/airflow/dags/extraction_dag.py for tasks to queue
[2026-09-17T22:50:10.156+0000] {logging_mixin.py:188} INFO - [2026-09-17T22:50:10.156+0000] {dagbag.py:545} INFO - Filling up the DagBag from /opt/airflow/dags/extraction_dag.py
[2026-09-17T22:50:10.166+0000] {processor.py:840} INFO - DAG(s) 'data_extraction' retrieved from /opt/airflow/dags/extraction_dag.py
[2026-09-17T22:50:10.191+0000] {logging_mixin.py:188} INFO - [2026-09-17T22:50:10.191+0000] {dag.py:3096} INFO - Sync 1 DAGs
[2026-09-17T22:50:10.202+0000] {logging_mixin.py:188} INFO - [2026-09-17T22:50:10.201+0000] {dag.py:3954} INFO - Setting next_dagrun for data_extraction to None, run_after=None
[2026-09-17T22:50:10.220+0000] {processor.py:183} INFO - Processing /opt/airflow/dags/extraction_dag.py took 0.074 seconds
[2026-09-17T22:50:41.026+0000] {processor.py:161} INFO - Started process (PID=900) to work on /opt/airflow/dags/extraction_dag.py
[2026-09-17T22:50:41.032+0000] {processor.py:830} INFO - Processing file /opt/airflow/dags/extraction_dag.py for tasks to queue
[2026-09-17T22:50:41.033+0000] {logging_mixin.py:188} INFO - [2026-09-17T22:50:41.033+0000] {dagbag.py:545} INFO - Filling up the DagBag from /opt/airflow/dags/extraction_dag.py
[2026-09-17T22:50:41.043+0000] {processor.py:840} INFO - DAG(s) 'data_extraction' retrieved from /opt/airflow/dags/extraction_dag.py
[2026-09-17T22:50:41.069+0000] {logging_mixin.py:188} INFO - [2026-09-17T22:50:41.068+0000] {dag.py:3096} INFO - Sync 1 DAGs
[2026-09-17T22:50:41.080+0000] {logging_mixin.py:188} INFO - [2026-09-17T22:50:41.080+0000] {dag.py:3954} INFO - Setting next_dagrun for data_extraction to None, run_after=None
[2026-09-17T22:50:41.099+0000] {processor.py:183} INFO - Processing /opt/airflow/dags/extraction_dag.py took 0.080 seconds
[2026-09-17T22:51:11.854+0000] {processor.py:161} INFO - Started process (PID=907) to work on /opt/airflow/dags/extraction_dag.py
[2026-09-17T22:51:11.855+0000] {processor.py:830} INFO - Processing file /opt/airflow/dags/extraction_dag.py for tasks to queue
[2026-09-17T22:51:11.857+0000] {logging_mixin.py:188} INFO - [2026-09-17T22:51:11.857+0000] {dagbag.py:545} INFO - Filling up the DagBag from /opt/airflow/dags/extraction_dag.py
[2026-09-17T22:51:11.867+0000] {processor.py:840} INFO - DAG(s) 'data_extraction' retrieved from /opt/airflow/dags/extraction_dag.py
[2026-09-17T22:51:11.892+0000] {logging_mixin.py:188} INFO - [2026-09-17T22:51:11.892+0000] {dag.py:3096} INFO - Sync 1 DAGs
[2026-09-17T22:51:11.904+0000] {logging_mixin.py:188} INFO - [2026-09-17T22:51:11.904+0000] {dag.py:3954} INFO - Setting next_dagrun for data_extraction to None, run_after=None
[2026-09-17T22:51:11.931+0000] {processor.py:183} INFO - Processing /opt/airflow/dags/extraction_dag.py took 0.083 seconds
[2026-09-17T22:51:42.119+0000] {processor.py:161} INFO - Started process (PID=920) to work on /opt/airflow/dags/extraction_dag.py
[2026-09-17T22:51:42.125+0000] {processor.py:830} INFO - Processing file /opt/airflow/dags/extraction_dag.py for tasks to queue
[2026-09-17T22:51:42.127+0000] {logging_mixin.py:188} INFO - [2026-09-17T22:51:42.127+0000] {dagbag.py:545} INFO - Filling up the DagBag from /opt/airflow/dags/extraction_dag.py
[2026-09-17T22:51:42.140+0000] {processor.py:840} INFO - DAG(s) 'data_extraction' retrieved from /opt/airflow/dags/extraction_dag.py
[2026-09-17T22:51:42.171+0000] {logging_mixin.py:188} INFO - [2026-09-17T22:51:42.171+0000] {dag.py:3096} INFO - Sync 1 DAGs
[2026-09-17T22:51:42.186+0000] {logging_mixin.py:188} INFO - [2026-09-17T22:51:42.186+0000] {dag.py:3954} INFO - Setting next_dagrun for data_extraction to None, run_after=None
[2026-09-17T22:51:42.208+0000] {processor.py:183} INFO - Processing /opt/airflow/dags/extraction_dag.py took 0.098 seconds
[2026-09-17T22:52:12.647+0000] {processor.py:161} INFO - Started process (PID=928) to work on /opt/airflow/dags/extraction_dag.py
[2026-09-17T22:52:12.650+0000] {processor.py:830} INFO - Processing file /opt/airflow/dags/extraction_dag.py for tasks to queue
[2026-09-17T22:52:12.653+0000] {logging_mixin.py:188} INFO - [2026-09-17T22:52:12.652+0000] {dagbag.py:545} INFO - Filling up the DagBag from /opt/airflow/dags/extraction_dag.py
[2026-09-17T22:52:12.668+0000] {processor.py:840} INFO - DAG(s) 'data_extraction' retrieved from /opt/airflow/dags/extraction_dag.py
[2026-09-17T22:52:12.695+0000] {logging_mixin.py:188} INFO - [2026-09-17T22:52:12.695+0000] {dag.py:3096} INFO - Sync 1 DAGs
[2026-09-17T22:52:12.707+0000] {logging_mixin.py:188} INFO - [2026-09-17T22:52:12.707+0000] {dag.py:3954} INFO - Setting next_dagrun for data_extraction to None, run_after=None
[2026-09-17T22:52:12.732+0000] {processor.py:183} INFO - Processing /opt/airflow/dags/extraction_dag.py took 0.094 seconds
[2026-09-17T22:52:43.708+0000] {processor.py:161} INFO - Started process (PID=937) to work on /opt/airflow/dags/extraction_dag.py
[2026-09-17T22:52:43.710+0000] {processor.py:830} INFO - Processing file /opt/airflow/dags/extraction_dag.py for tasks to queue
[2026-09-17T22:52:43.713+0000] {logging_mixin.py:188} INFO - [2026-09-17T22:52:43.713+0000] {dagbag.py:545} INFO - Filling up the DagBag from /opt/airflow/dags/extraction_dag.py
[2026-09-17T22:52:43.737+0000] {processor.py:840} INFO - DAG(s) 'data_extraction' retrieved from /opt/airflow/dags/extraction_dag.py
[2026-09-17T22:52:43.788+0000] {logging_mixin.py:188} INFO - [2026-09-17T22:52:43.787+0000] {dag.py:3096} INFO - Sync 1 DAGs
[2026-09-17T22:52:43.813+0000] {logging_mixin.py:188} INFO - [2026-09-17T22:52:43.812+0000] {dag.py:3954} INFO - Setting next_dagrun for data_extraction to None, run_after=None
[2026-09-17T22:52:43.852+0000] {processor.py:183} INFO - Processing /opt/airflow/dags/extraction_dag.py took 0.157 seconds
[2026-09-17T22:53:14.706+0000] {processor.py:161} INFO - Started process (PID=950) to work on /opt/airflow/dags/extraction_dag.py
[2026-09-17T22:53:14.708+0000] {processor.py:830} INFO - Processing file /opt/airflow/dags/extraction_dag.py for tasks to queue
[2026-09-17T22:53:14.710+0000] {logging_mixin.py:188} INFO - [2026-09-17T22:53:14.709+0000] {dagbag.py:545} INFO - Filling up the DagBag from /opt/airflow/dags/extraction_dag.py
[2026-09-17T22:53:14.720+0000] {processor.py:840} INFO - DAG(s) 'data_extraction' retrieved from /opt/airflow/dags/extraction_dag.py
[2026-09-17T22:53:14.745+0000] {logging_mixin.py:188} INFO - [2026-09-17T22:53:14.745+0000] {dag.py:3096} INFO - Sync 1 DAGs
[2026-09-17T22:53:14.757+0000] {logging_mixin.py:188} INFO - [2026-09-17T22:53:14.757+0000] {dag.py:3954} INFO - Setting next_dagrun for data_extraction to None, run_after=None
[2026-09-17T22:53:14.781+0000] {processor.py:183} INFO - Processing /opt/airflow/dags/extraction_dag.py took 0.083 seconds
[2026-09-17T22:53:44.968+0000] {processor.py:161} INFO - Started process (PID=958) to work on /opt/airflow/dags/extraction_dag.py
[2026-09-17T22:53:44.969+0000] {processor.py:830} INFO - Processing file /opt/airflow/dags/extraction_dag.py for tasks to queue
[2026-09-17T22:53:44.971+0000] {logging_mixin.py:188} INFO - [2026-09-17T22:53:44.971+0000] {dagbag.py:545} INFO - Filling up the DagBag from /opt/airflow/dags/extraction_dag.py
[2026-09-17T22:53:44.982+0000] {processor.py:840} INFO - DAG(s) 'data_extraction' retrieved from /opt/airflow/dags/extraction_dag.py
[2026-09-17T22:53:45.008+0000] {logging_mixin.py:188} INFO - [2026-09-17T22:53:45.008+0000] {dag.py:3096} INFO - Sync 1 DAGs
[2026-09-17T22:53:45.022+0000] {logging_mixin.py:188} INFO - [2026-09-17T22:53:45.022+0000] {dag.py:3954} INFO - Setting next_dagrun for data_extraction to None, run_after=None
[2026-09-17T22:53:45.052+0000] {processor.py:183} INFO - Processing /opt/airflow/dags/extraction_dag.py took 0.092 seconds
[2026-09-17T22:54:15.676+0000] {processor.py:161} INFO - Started process (PID=967) to work on /opt/airflow/dags/extraction_dag.py
[2026-09-17T22:54:15.683+0000] {processor.py:830} INFO - Processing file /opt/airflow/dags/extraction_dag.py for tasks to queue
[2026-09-17T22:54:15.686+0000] {logging_mixin.py:188} INFO - [2026-09-17T22:54:15.686+0000] {dagbag.py:545} INFO - Filling up the DagBag from /opt/airflow/dags/extraction_dag.py
[2026-09-17T22:54:15.699+0000] {processor.py:840} INFO - DAG(s) 'data_extraction' retrieved from /opt/airflow/dags/extraction_dag.py
[2026-09-17T22:54:15.730+0000] {logging_mixin.py:188} INFO - [2026-09-17T22:54:15.730+0000] {dag.py:3096} INFO - Sync 1 DAGs
[2026-09-17T22:54:15.744+0000] {logging_mixin.py:188} INFO - [2026-09-17T22:54:15.744+0000] {dag.py:3954} INFO - Setting next_dagrun for data_extraction to None, run_after=None
[2026-09-17T22:54:15.773+0000] {processor.py:183} INFO - Processing /opt/airflow/dags/extraction_dag.py took 0.110 seconds
[2026-09-17T22:54:46.445+0000] {processor.py:161} INFO - Started process (PID=987) to work on /opt/airflow/dags/extraction_dag.py
[2026-09-17T22:54:46.451+0000] {processor.py:830} INFO - Processing file /opt/airflow/dags/extraction_dag.py for tasks to queue
[2026-09-17T22:54:46.453+0000] {logging_mixin.py:188} INFO - [2026-09-17T22:54:46.452+0000] {dagbag.py:545} INFO - Filling up the DagBag from /opt/airflow/dags/extraction_dag.py
[2026-09-17T22:54:46.462+0000] {processor.py:840} INFO - DAG(s) 'data_extraction' retrieved from /opt/airflow/dags/extraction_dag.py
[2026-09-17T22:54:46.491+0000] {logging_mixin.py:188} INFO - [2026-09-17T22:54:46.491+0000] {dag.py:3096} INFO - Sync 1 DAGs
[2026-09-17T22:54:46.503+0000] {logging_mixin.py:188} INFO - [2026-09-17T22:54:46.503+0000] {dag.py:3954} INFO - Setting next_dagrun for data_extraction to None, run_after=None
[2026-09-17T22:54:46.527+0000] {processor.py:183} INFO - Processing /opt/airflow/dags/extraction_dag.py took 0.088 seconds
[2026-09-17T22:55:17.387+0000] {processor.py:161} INFO - Started process (PID=995) to work on /opt/airflow/dags/extraction_dag.py
[2026-09-17T22:55:17.392+0000] {processor.py:830} INFO - Processing file /opt/airflow/dags/extraction_dag.py for tasks to queue
[2026-09-17T22:55:17.394+0000] {logging_mixin.py:188} INFO - [2026-09-17T22:55:17.394+0000] {dagbag.py:545} INFO - Filling up the DagBag from /opt/airflow/dags/extraction_dag.py
[2026-09-17T22:55:17.403+0000] {processor.py:840} INFO - DAG(s) 'data_extraction' retrieved from /opt/airflow/dags/extraction_dag.py
[2026-09-17T22:55:17.430+0000] {logging_mixin.py:188} INFO - [2026-09-17T22:55:17.430+0000] {dag.py:3096} INFO - Sync 1 DAGs
[2026-09-17T22:55:17.443+0000] {logging_mixin.py:188} INFO - [2026-09-17T22:55:17.443+0000] {dag.py:3954} INFO - Setting next_dagrun for data_extraction to None, run_after=None
[2026-09-17T22:55:17.468+0000] {processor.py:183} INFO - Processing /opt/airflow/dags/extraction_dag.py took 0.088 seconds
[2026-09-17T22:55:47.639+0000] {processor.py:161} INFO - Started process (PID=1003) to work on /opt/airflow/dags/extraction_dag.py
[2026-09-17T22:55:47.639+0000] {processor.py:830} INFO - Processing file /opt/airflow/dags/extraction_dag.py for tasks to queue
[2026-09-17T22:55:47.641+0000] {logging_mixin.py:188} INFO - [2026-09-17T22:55:47.641+0000] {dagbag.py:545} INFO - Filling up the DagBag from /opt/airflow/dags/extraction_dag.py
[2026-09-17T22:55:47.650+0000] {processor.py:840} INFO - DAG(s) 'data_extraction' retrieved from /opt/airflow/dags/extraction_dag.py
[2026-09-17T22:55:47.675+0000] {logging_mixin.py:188} INFO - [2026-09-17T22:55:47.675+0000] {dag.py:3096} INFO - Sync 1 DAGs
[2026-09-17T22:55:47.686+0000] {logging_mixin.py:188} INFO - [2026-09-17T22:55:47.686+0000] {dag.py:3954} INFO - Setting next_dagrun for data_extraction to None, run_after=None
[2026-09-17T22:55:47.709+0000] {processor.py:183} INFO - Processing /opt/airflow/dags/extraction_dag.py took 0.077 seconds
[2026-09-17T22:56:18.528+0000] {processor.py:161} INFO - Started process (PID=1011) to work on /opt/airflow/dags/extraction_dag.py
[2026-09-17T22:56:18.532+0000] {processor.py:830} INFO - Processing file /opt/airflow/dags/extraction_dag.py for tasks to queue
[2026-09-17T22:56:18.534+0000] {logging_mixin.py:188} INFO - [2026-09-17T22:56:18.534+0000] {dagbag.py:545} INFO - Filling up the DagBag from /opt/airflow/dags/extraction_dag.py
[2026-09-17T22:56:18.543+0000] {processor.py:840} INFO - DAG(s) 'data_extraction' retrieved from /opt/airflow/dags/extraction_dag.py
[2026-09-17T22:56:18.571+0000] {logging_mixin.py:188} INFO - [2026-09-17T22:56:18.570+0000] {dag.py:3096} INFO - Sync 1 DAGs
[2026-09-17T22:56:18.583+0000] {logging_mixin.py:188} INFO - [2026-09-17T22:56:18.583+0000] {dag.py:3954} INFO - Setting next_dagrun for data_extraction to None, run_after=None
[2026-09-17T22:56:18.608+0000] {processor.py:183} INFO - Processing /opt/airflow/dags/extraction_dag.py took 0.089 seconds
[2026-09-17T22:56:49.213+0000] {processor.py:161} INFO - Started process (PID=1019) to work on /opt/airflow/dags/extraction_dag.py
[2026-09-17T22:56:49.214+0000] {processor.py:830} INFO - Processing file /opt/airflow/dags/extraction_dag.py for tasks to queue
[2026-09-17T22:56:49.216+0000] {logging_mixin.py:188} INFO - [2026-09-17T22:56:49.216+0000] {dagbag.py:545} INFO - Filling up the DagBag from /opt/airflow/dags/extraction_dag.py
[2026-09-17T22:56:49.227+0000] {processor.py:840} INFO - DAG(s) 'data_extraction' retrieved from /opt/airflow/dags/extraction_dag.py
[2026-09-17T22:56:49.256+0000] {logging_mixin.py:188} INFO - [2026-09-17T22:56:49.256+0000] {dag.py:3096} INFO - Sync 1 DAGs
[2026-09-17T22:56:49.267+0000] {logging_mixin.py:188} INFO - [2026-09-17T22:56:49.267+0000] {dag.py:3954} INFO - Setting next_dagrun for data_extraction to None, run_after=None
[2026-09-17T22:56:49.291+0000] {processor.py:183} INFO - Processing /opt/airflow/dags/extraction_dag.py took 0.086 seconds
[2026-09-17T22:57:20.186+0000] {processor.py:161} INFO - Started process (PID=1035) to work on /opt/airflow/dags/extraction_dag.py
[2026-09-17T22:57:20.188+0000] {processor.py:830} INFO - Processing file /opt/airflow/dags/extraction_dag.py for tasks to queue
[2026-09-17T22:57:20.191+0000] {logging_mixin.py:188} INFO - [2026-09-17T22:57:20.190+0000] {dagbag.py:545} INFO - Filling up the DagBag from /opt/airflow/dags/extraction_dag.py
[2026-09-17T22:57:20.205+0000] {processor.py:840} INFO - DAG(s) 'data_extraction' retrieved from /opt/airflow/dags/extraction_dag.py
[2026-09-17T22:57:20.235+0000] {logging_mixin.py:188} INFO - [2026-09-17T22:57:20.235+0000] {dag.py:3096} INFO - Sync 1 DAGs
[2026-09-17T22:57:20.249+0000] {logging_mixin.py:188} INFO - [2026-09-17T22:57:20.249+0000] {dag.py:3954} INFO - Setting next_dagrun for data_extraction to None, run_after=None
[2026-09-17T22:57:20.281+0000] {processor.py:183} INFO - Processing /opt/airflow/dags/extraction_dag.py took 0.103 seconds
[2026-09-17T22:57:50.977+0000] {processor.py:161} INFO - Started process (PID=1043) to work on /opt/airflow/dags/extraction_dag.py
[2026-09-17T22:57:50.983+0000] {processor.py:830} INFO - Processing file /opt/airflow/dags/extraction_dag.py for tasks to queue
[2026-09-17T22:57:50.985+0000] {logging_mixin.py:188} INFO - [2026-09-17T22:57:50.985+0000] {dagbag.py:545} INFO - Filling up the DagBag from /opt/airflow/dags/extraction_dag.py
[2026-09-17T22:57:50.995+0000] {processor.py:840} INFO - DAG(s) 'data_extraction' retrieved from /opt/airflow/dags/extraction_dag.py
[2026-09-17T22:57:51.018+0000] {logging_mixin.py:188} INFO - [2026-09-17T22:57:51.018+0000] {dag.py:3096} INFO - Sync 1 DAGs
[2026-09-17T22:57:51.029+0000] {logging_mixin.py:188} INFO - [2026-09-17T22:57:51.029+0000] {dag.py:3954} INFO - Setting next_dagrun for data_extraction to None, run_after=None
[2026-09-17T22:57:51.047+0000] {processor.py:183} INFO - Processing /opt/airflow/dags/extraction_dag.py took 0.080 seconds
[2026-09-17T22:58:21.681+0000] {processor.py:161} INFO - Started process (PID=1051) to work on /opt/airflow/dags/extraction_dag.py
[2026-09-17T22:58:21.682+0000] {processor.py:830} INFO - Processing file /opt/airflow/dags/extraction_dag.py for tasks to queue
[2026-09-17T22:58:21.684+0000] {logging_mixin.py:188} INFO - [2026-09-17T22:58:21.684+0000] {dagbag.py:545} INFO - Filling up the DagBag from /opt/airflow/dags/extraction_dag.py
[2026-09-17T22:58:21.694+0000] {processor.py:840} INFO - DAG(s) 'data_extraction' retrieved from /opt/airflow/dags/extraction_dag.py
[2026-09-17T22:58:21.733+0000] {logging_mixin.py:188} INFO - [2026-09-17T22:58:21.733+0000] {dag.py:3096} INFO - Sync 1 DAGs
[2026-09-17T22:58:21.745+0000] {logging_mixin.py:188} INFO - [2026-09-17T22:58:21.745+0000] {dag.py:3954} INFO - Setting next_dagrun for data_extraction to None, run_after=None
[2026-09-17T22:58:21.770+0000] {processor.py:183} INFO - Processing /opt/airflow/dags/extraction_dag.py took 0.095 seconds
[2026-09-17T22:58:52.774+0000] {processor.py:161} INFO - Started process (PID=1074) to work on /opt/airflow/dags/extraction_dag.py
[2026-09-17T22:58:52.776+0000] {processor.py:830} INFO - Processing file /opt/airflow/dags/extraction_dag.py for tasks to queue
[2026-09-17T22:58:52.778+0000] {logging_mixin.py:188} INFO - [2026-09-17T22:58:52.778+0000] {dagbag.py:545} INFO - Filling up the DagBag from /opt/airflow/dags/extraction_dag.py
[2026-09-17T22:58:52.791+0000] {processor.py:840} INFO - DAG(s) 'data_extraction' retrieved from /opt/airflow/dags/extraction_dag.py
[2026-09-17T22:58:52.821+0000] {logging_mixin.py:188} INFO - [2026-09-17T22:58:52.820+0000] {dag.py:3096} INFO - Sync 1 DAGs
[2026-09-17T22:58:52.836+0000] {logging_mixin.py:188} INFO - [2026-09-17T22:58:52.835+0000] {dag.py:3954} INFO - Setting next_dagrun for data_extraction to None, run_after=None
[2026-09-17T22:58:52.858+0000] {processor.py:183} INFO - Processing /opt/airflow/dags/extraction_dag.py took 0.093 seconds
[2026-09-17T22:59:23.559+0000] {processor.py:161} INFO - Started process (PID=1082) to work on /opt/airflow/dags/extraction_dag.py
[2026-09-17T22:59:23.560+0000] {processor.py:830} INFO - Processing file /opt/airflow/dags/extraction_dag.py for tasks to queue
[2026-09-17T22:59:23.562+0000] {logging_mixin.py:188} INFO - [2026-09-17T22:59:23.561+0000] {dagbag.py:545} INFO - Filling up the DagBag from /opt/airflow/dags/extraction_dag.py
[2026-09-17T22:59:23.573+0000] {processor.py:840} INFO - DAG(s) 'data_extraction' retrieved from /opt/airflow/dags/extraction_dag.py
[2026-09-17T22:59:23.600+0000] {logging_mixin.py:188} INFO - [2026-09-17T22:59:23.600+0000] {dag.py:3096} INFO - Sync 1 DAGs
[2026-09-17T22:59:23.612+0000] {logging_mixin.py:188} INFO - [2026-09-17T22:59:23.612+0000] {dag.py:3954} INFO - Setting next_dagrun for data_extraction to None, run_after=None
[2026-09-17T22:59:23.631+0000] {processor.py:183} INFO - Processing /opt/airflow/dags/extraction_dag.py took 0.080 seconds
[2026-09-17T22:59:54.370+0000] {processor.py:161} INFO - Started process (PID=1091) to work on /opt/airflow/dags/extraction_dag.py
[2026-09-17T22:59:54.375+0000] {processor.py:830} INFO - Processing file /opt/airflow/dags/extraction_dag.py for tasks to queue
[2026-09-17T22:59:54.378+0000] {logging_mixin.py:188} INFO - [2026-09-17T22:59:54.377+0000] {dagbag.py:545} INFO - Filling up the DagBag from /opt/airflow/dags/extraction_dag.py
[2026-09-17T22:59:54.389+0000] {processor.py:840} INFO - DAG(s) 'data_extraction' retrieved from /opt/airflow/dags/extraction_dag.py
[2026-09-17T22:59:54.415+0000] {logging_mixin.py:188} INFO - [2026-09-17T22:59:54.414+0000] {dag.py:3096} INFO - Sync 1 DAGs
[2026-09-17T22:59:54.427+0000] {logging_mixin.py:188} INFO - [2026-09-17T22:59:54.427+0000] {dag.py:3954} INFO - Setting next_dagrun for data_extraction to None, run_after=None
[2026-09-17T22:59:54.453+0000] {processor.py:183} INFO - Processing /opt/airflow/dags/extraction_dag.py took 0.092 seconds
[2026-09-17T23:00:24.553+0000] {processor.py:161} INFO - Started process (PID=1104) to work on /opt/airflow/dags/extraction_dag.py
[2026-09-17T23:00:24.559+0000] {processor.py:830} INFO - Processing file /opt/airflow/dags/extraction_dag.py for tasks to queue
[2026-09-17T23:00:24.562+0000] {logging_mixin.py:188} INFO - [2026-09-17T23:00:24.560+0000] {dagbag.py:545} INFO - Filling up the DagBag from /opt/airflow/dags/extraction_dag.py
[2026-09-17T23:00:24.572+0000] {processor.py:840} INFO - DAG(s) 'data_extraction' retrieved from /opt/airflow/dags/extraction_dag.py
[2026-09-17T23:00:24.598+0000] {logging_mixin.py:188} INFO - [2026-09-17T23:00:24.597+0000] {dag.py:3096} INFO - Sync 1 DAGs
[2026-09-17T23:00:24.610+0000] {logging_mixin.py:188} INFO - [2026-09-17T23:00:24.610+0000] {dag.py:3954} INFO - Setting next_dagrun for data_extraction to None, run_after=None
[2026-09-17T23:00:24.636+0000] {processor.py:183} INFO - Processing /opt/airflow/dags/extraction_dag.py took 0.095 seconds
[2026-09-17T23:00:55.450+0000] {processor.py:161} INFO - Started process (PID=1114) to work on /opt/airflow/dags/extraction_dag.py
[2026-09-17T23:00:55.451+0000] {processor.py:830} INFO - Processing file /opt/airflow/dags/extraction_dag.py for tasks to queue
[2026-09-17T23:00:55.452+0000] {logging_mixin.py:188} INFO - [2026-09-17T23:00:55.452+0000] {dagbag.py:545} INFO - Filling up the DagBag from /opt/airflow/dags/extraction_dag.py
[2026-09-17T23:00:55.461+0000] {processor.py:840} INFO - DAG(s) 'data_extraction' retrieved from /opt/airflow/dags/extraction_dag.py
[2026-09-17T23:00:55.486+0000] {logging_mixin.py:188} INFO - [2026-09-17T23:00:55.486+0000] {dag.py:3096} INFO - Sync 1 DAGs
[2026-09-17T23:00:55.496+0000] {logging_mixin.py:188} INFO - [2026-09-17T23:00:55.496+0000] {dag.py:3954} INFO - Setting next_dagrun for data_extraction to None, run_after=None
[2026-09-17T23:00:55.520+0000] {processor.py:183} INFO - Processing /opt/airflow/dags/extraction_dag.py took 0.078 seconds
[2026-09-17T23:01:26.062+0000] {processor.py:161} INFO - Started process (PID=1127) to work on /opt/airflow/dags/extraction_dag.py
[2026-09-17T23:01:26.067+0000] {processor.py:830} INFO - Processing file /opt/airflow/dags/extraction_dag.py for tasks to queue
[2026-09-17T23:01:26.069+0000] {logging_mixin.py:188} INFO - [2026-09-17T23:01:26.069+0000] {dagbag.py:545} INFO - Filling up the DagBag from /opt/airflow/dags/extraction_dag.py
[2026-09-17T23:01:26.079+0000] {processor.py:840} INFO - DAG(s) 'data_extraction' retrieved from /opt/airflow/dags/extraction_dag.py
[2026-09-17T23:01:26.105+0000] {logging_mixin.py:188} INFO - [2026-09-17T23:01:26.104+0000] {dag.py:3096} INFO - Sync 1 DAGs
[2026-09-17T23:01:26.116+0000] {logging_mixin.py:188} INFO - [2026-09-17T23:01:26.116+0000] {dag.py:3954} INFO - Setting next_dagrun for data_extraction to None, run_after=None
[2026-09-17T23:01:26.134+0000] {processor.py:183} INFO - Processing /opt/airflow/dags/extraction_dag.py took 0.080 seconds
[2026-09-17T23:01:56.798+0000] {processor.py:161} INFO - Started process (PID=1135) to work on /opt/airflow/dags/extraction_dag.py
[2026-09-17T23:01:56.803+0000] {processor.py:830} INFO - Processing file /opt/airflow/dags/extraction_dag.py for tasks to queue
[2026-09-17T23:01:56.805+0000] {logging_mixin.py:188} INFO - [2026-09-17T23:01:56.805+0000] {dagbag.py:545} INFO - Filling up the DagBag from /opt/airflow/dags/extraction_dag.py
[2026-09-17T23:01:56.816+0000] {processor.py:840} INFO - DAG(s) 'data_extraction' retrieved from /opt/airflow/dags/extraction_dag.py
[2026-09-17T23:01:56.845+0000] {logging_mixin.py:188} INFO - [2026-09-17T23:01:56.845+0000] {dag.py:3096} INFO - Sync 1 DAGs
[2026-09-17T23:01:56.864+0000] {logging_mixin.py:188} INFO - [2026-09-17T23:01:56.864+0000] {dag.py:3954} INFO - Setting next_dagrun for data_extraction to None, run_after=None
[2026-09-17T23:01:56.891+0000] {processor.py:183} INFO - Processing /opt/airflow/dags/extraction_dag.py took 0.103 seconds
[2026-09-17T23:02:26.996+0000] {processor.py:161} INFO - Started process (PID=1143) to work on /opt/airflow/dags/extraction_dag.py
[2026-09-17T23:02:26.997+0000] {processor.py:830} INFO - Processing file /opt/airflow/dags/extraction_dag.py for tasks to queue
[2026-09-17T23:02:26.999+0000] {logging_mixin.py:188} INFO - [2026-09-17T23:02:26.998+0000] {dagbag.py:545} INFO - Filling up the DagBag from /opt/airflow/dags/extraction_dag.py
[2026-09-17T23:02:27.010+0000] {processor.py:840} INFO - DAG(s) 'data_extraction' retrieved from /opt/airflow/dags/extraction_dag.py
[2026-09-17T23:02:27.036+0000] {logging_mixin.py:188} INFO - [2026-09-17T23:02:27.036+0000] {dag.py:3096} INFO - Sync 1 DAGs
[2026-09-17T23:02:27.047+0000] {logging_mixin.py:188} INFO - [2026-09-17T23:02:27.047+0000] {dag.py:3954} INFO - Setting next_dagrun for data_extraction to None, run_after=None
[2026-09-17T23:02:27.071+0000] {processor.py:183} INFO - Processing /opt/airflow/dags/extraction_dag.py took 0.082 seconds
[2026-09-17T23:02:57.648+0000] {processor.py:161} INFO - Started process (PID=1152) to work on /opt/airflow/dags/extraction_dag.py
[2026-09-17T23:02:57.650+0000] {processor.py:830} INFO - Processing file /opt/airflow/dags/extraction_dag.py for tasks to queue
[2026-09-17T23:02:57.651+0000] {logging_mixin.py:188} INFO - [2026-09-17T23:02:57.651+0000] {dagbag.py:545} INFO - Filling up the DagBag from /opt/airflow/dags/extraction_dag.py
[2026-09-17T23:02:57.666+0000] {processor.py:840} INFO - DAG(s) 'data_extraction' retrieved from /opt/airflow/dags/extraction_dag.py
[2026-09-17T23:02:57.698+0000] {logging_mixin.py:188} INFO - [2026-09-17T23:02:57.698+0000] {dag.py:3096} INFO - Sync 1 DAGs
[2026-09-17T23:02:57.719+0000] {logging_mixin.py:188} INFO - [2026-09-17T23:02:57.719+0000] {dag.py:3954} INFO - Setting next_dagrun for data_extraction to None, run_after=None
[2026-09-17T23:02:57.754+0000] {processor.py:183} INFO - Processing /opt/airflow/dags/extraction_dag.py took 0.113 seconds
[2026-09-17T23:03:28.636+0000] {processor.py:161} INFO - Started process (PID=1169) to work on /opt/airflow/dags/extraction_dag.py
[2026-09-17T23:03:28.638+0000] {processor.py:830} INFO - Processing file /opt/airflow/dags/extraction_dag.py for tasks to queue
[2026-09-17T23:03:28.640+0000] {logging_mixin.py:188} INFO - [2026-09-17T23:03:28.640+0000] {dagbag.py:545} INFO - Filling up the DagBag from /opt/airflow/dags/extraction_dag.py
[2026-09-17T23:03:28.654+0000] {processor.py:840} INFO - DAG(s) 'data_extraction' retrieved from /opt/airflow/dags/extraction_dag.py
[2026-09-17T23:03:28.680+0000] {logging_mixin.py:188} INFO - [2026-09-17T23:03:28.680+0000] {dag.py:3096} INFO - Sync 1 DAGs
[2026-09-17T23:03:28.691+0000] {logging_mixin.py:188} INFO - [2026-09-17T23:03:28.691+0000] {dag.py:3954} INFO - Setting next_dagrun for data_extraction to None, run_after=None
[2026-09-17T23:03:28.712+0000] {processor.py:183} INFO - Processing /opt/airflow/dags/extraction_dag.py took 0.085 seconds
[2026-09-17T23:03:59.647+0000] {processor.py:161} INFO - Started process (PID=1199) to work on /opt/airflow/dags/extraction_dag.py
[2026-09-17T23:03:59.653+0000] {processor.py:830} INFO - Processing file /opt/airflow/dags/extraction_dag.py for tasks to queue
[2026-09-17T23:03:59.655+0000] {logging_mixin.py:188} INFO - [2026-09-17T23:03:59.655+0000] {dagbag.py:545} INFO - Filling up the DagBag from /opt/airflow/dags/extraction_dag.py
[2026-09-17T23:03:59.665+0000] {processor.py:840} INFO - DAG(s) 'data_extraction' retrieved from /opt/airflow/dags/extraction_dag.py
[2026-09-17T23:03:59.688+0000] {logging_mixin.py:188} INFO - [2026-09-17T23:03:59.688+0000] {dag.py:3096} INFO - Sync 1 DAGs
[2026-09-17T23:03:59.700+0000] {logging_mixin.py:188} INFO - [2026-09-17T23:03:59.699+0000] {dag.py:3954} INFO - Setting next_dagrun for data_extraction to None, run_after=None
[2026-09-17T23:03:59.718+0000] {processor.py:183} INFO - Processing /opt/airflow/dags/extraction_dag.py took 0.077 seconds
[2026-09-17T23:04:29.763+0000] {processor.py:161} INFO - Started process (PID=1212) to work on /opt/airflow/dags/extraction_dag.py
[2026-09-17T23:04:29.769+0000] {processor.py:830} INFO - Processing file /opt/airflow/dags/extraction_dag.py for tasks to queue
[2026-09-17T23:04:29.771+0000] {logging_mixin.py:188} INFO - [2026-09-17T23:04:29.770+0000] {dagbag.py:545} INFO - Filling up the DagBag from /opt/airflow/dags/extraction_dag.py
[2026-09-17T23:04:29.786+0000] {processor.py:840} INFO - DAG(s) 'data_extraction' retrieved from /opt/airflow/dags/extraction_dag.py
[2026-09-17T23:04:29.813+0000] {logging_mixin.py:188} INFO - [2026-09-17T23:04:29.813+0000] {dag.py:3096} INFO - Sync 1 DAGs
[2026-09-17T23:04:29.824+0000] {logging_mixin.py:188} INFO - [2026-09-17T23:04:29.824+0000] {dag.py:3954} INFO - Setting next_dagrun for data_extraction to None, run_after=None
[2026-09-17T23:04:29.844+0000] {processor.py:183} INFO - Processing /opt/airflow/dags/extraction_dag.py took 0.087 seconds
[2026-09-17T23:05:00.240+0000] {processor.py:161} INFO - Started process (PID=1220) to work on /opt/airflow/dags/extraction_dag.py
[2026-09-17T23:05:00.241+0000] {processor.py:830} INFO - Processing file /opt/airflow/dags/extraction_dag.py for tasks to queue
[2026-09-17T23:05:00.244+0000] {logging_mixin.py:188} INFO - [2026-09-17T23:05:00.244+0000] {dagbag.py:545} INFO - Filling up the DagBag from /opt/airflow/dags/extraction_dag.py
[2026-09-17T23:05:00.257+0000] {processor.py:840} INFO - DAG(s) 'data_extraction' retrieved from /opt/airflow/dags/extraction_dag.py
[2026-09-17T23:05:00.286+0000] {logging_mixin.py:188} INFO - [2026-09-17T23:05:00.286+0000] {dag.py:3096} INFO - Sync 1 DAGs
[2026-09-17T23:05:00.298+0000] {logging_mixin.py:188} INFO - [2026-09-17T23:05:00.297+0000] {dag.py:3954} INFO - Setting next_dagrun for data_extraction to None, run_after=None
[2026-09-17T23:05:00.316+0000] {processor.py:183} INFO - Processing /opt/airflow/dags/extraction_dag.py took 0.087 seconds
[2026-09-17T23:05:30.538+0000] {processor.py:161} INFO - Started process (PID=1230) to work on /opt/airflow/dags/extraction_dag.py
[2026-09-17T23:05:30.544+0000] {processor.py:830} INFO - Processing file /opt/airflow/dags/extraction_dag.py for tasks to queue
[2026-09-17T23:05:30.546+0000] {logging_mixin.py:188} INFO - [2026-09-17T23:05:30.546+0000] {dagbag.py:545} INFO - Filling up the DagBag from /opt/airflow/dags/extraction_dag.py
[2026-09-17T23:05:30.555+0000] {processor.py:840} INFO - DAG(s) 'data_extraction' retrieved from /opt/airflow/dags/extraction_dag.py
[2026-09-17T23:05:30.581+0000] {logging_mixin.py:188} INFO - [2026-09-17T23:05:30.581+0000] {dag.py:3096} INFO - Sync 1 DAGs
[2026-09-17T23:05:30.592+0000] {logging_mixin.py:188} INFO - [2026-09-17T23:05:30.592+0000] {dag.py:3954} INFO - Setting next_dagrun for data_extraction to None, run_after=None
[2026-09-17T23:05:30.612+0000] {processor.py:183} INFO - Processing /opt/airflow/dags/extraction_dag.py took 0.081 seconds
[2026-09-17T23:06:01.122+0000] {processor.py:161} INFO - Started process (PID=1243) to work on /opt/airflow/dags/extraction_dag.py
[2026-09-17T23:06:01.124+0000] {processor.py:830} INFO - Processing file /opt/airflow/dags/extraction_dag.py for tasks to queue
[2026-09-17T23:06:01.125+0000] {logging_mixin.py:188} INFO - [2026-09-17T23:06:01.125+0000] {dagbag.py:545} INFO - Filling up the DagBag from /opt/airflow/dags/extraction_dag.py
[2026-09-17T23:06:01.139+0000] {processor.py:840} INFO - DAG(s) 'data_extraction' retrieved from /opt/airflow/dags/extraction_dag.py
[2026-09-17T23:06:01.170+0000] {logging_mixin.py:188} INFO - [2026-09-17T23:06:01.170+0000] {dag.py:3096} INFO - Sync 1 DAGs
[2026-09-17T23:06:01.185+0000] {logging_mixin.py:188} INFO - [2026-09-17T23:06:01.185+0000] {dag.py:3954} INFO - Setting next_dagrun for data_extraction to None, run_after=None
[2026-09-17T23:06:01.214+0000] {processor.py:183} INFO - Processing /opt/airflow/dags/extraction_dag.py took 0.099 seconds
[2026-09-17T23:06:31.949+0000] {processor.py:161} INFO - Started process (PID=1251) to work on /opt/airflow/dags/extraction_dag.py
[2026-09-17T23:06:31.950+0000] {processor.py:830} INFO - Processing file /opt/airflow/dags/extraction_dag.py for tasks to queue
[2026-09-17T23:06:31.952+0000] {logging_mixin.py:188} INFO - [2026-09-17T23:06:31.952+0000] {dagbag.py:545} INFO - Filling up the DagBag from /opt/airflow/dags/extraction_dag.py
[2026-09-17T23:06:31.961+0000] {processor.py:840} INFO - DAG(s) 'data_extraction' retrieved from /opt/airflow/dags/extraction_dag.py
[2026-09-17T23:06:31.986+0000] {logging_mixin.py:188} INFO - [2026-09-17T23:06:31.986+0000] {dag.py:3096} INFO - Sync 1 DAGs
[2026-09-17T23:06:31.997+0000] {logging_mixin.py:188} INFO - [2026-09-17T23:06:31.997+0000] {dag.py:3954} INFO - Setting next_dagrun for data_extraction to None, run_after=None
[2026-09-17T23:06:32.016+0000] {processor.py:183} INFO - Processing /opt/airflow/dags/extraction_dag.py took 0.074 seconds
[2026-09-17T23:07:02.671+0000] {processor.py:161} INFO - Started process (PID=1259) to work on /opt/airflow/dags/extraction_dag.py
[2026-09-17T23:07:02.672+0000] {processor.py:830} INFO - Processing file /opt/airflow/dags/extraction_dag.py for tasks to queue
[2026-09-17T23:07:02.674+0000] {logging_mixin.py:188} INFO - [2026-09-17T23:07:02.674+0000] {dagbag.py:545} INFO - Filling up the DagBag from /opt/airflow/dags/extraction_dag.py
[2026-09-17T23:07:02.683+0000] {processor.py:840} INFO - DAG(s) 'data_extraction' retrieved from /opt/airflow/dags/extraction_dag.py
[2026-09-17T23:07:02.708+0000] {logging_mixin.py:188} INFO - [2026-09-17T23:07:02.707+0000] {dag.py:3096} INFO - Sync 1 DAGs
[2026-09-17T23:07:02.718+0000] {logging_mixin.py:188} INFO - [2026-09-17T23:07:02.718+0000] {dag.py:3954} INFO - Setting next_dagrun for data_extraction to None, run_after=None
[2026-09-17T23:07:02.741+0000] {processor.py:183} INFO - Processing /opt/airflow/dags/extraction_dag.py took 0.076 seconds
[2026-09-17T23:07:33.520+0000] {processor.py:161} INFO - Started process (PID=1273) to work on /opt/airflow/dags/extraction_dag.py
[2026-09-17T23:07:33.522+0000] {processor.py:830} INFO - Processing file /opt/airflow/dags/extraction_dag.py for tasks to queue
[2026-09-17T23:07:33.524+0000] {logging_mixin.py:188} INFO - [2026-09-17T23:07:33.524+0000] {dagbag.py:545} INFO - Filling up the DagBag from /opt/airflow/dags/extraction_dag.py
[2026-09-17T23:07:33.533+0000] {processor.py:840} INFO - DAG(s) 'data_extraction' retrieved from /opt/airflow/dags/extraction_dag.py
[2026-09-17T23:07:33.561+0000] {logging_mixin.py:188} INFO - [2026-09-17T23:07:33.561+0000] {dag.py:3096} INFO - Sync 1 DAGs
[2026-09-17T23:07:33.574+0000] {logging_mixin.py:188} INFO - [2026-09-17T23:07:33.573+0000] {dag.py:3954} INFO - Setting next_dagrun for data_extraction to None, run_after=None
[2026-09-17T23:07:33.603+0000] {processor.py:183} INFO - Processing /opt/airflow/dags/extraction_dag.py took 0.089 seconds
[2026-09-17T23:08:04.161+0000] {processor.py:161} INFO - Started process (PID=1281) to work on /opt/airflow/dags/extraction_dag.py
[2026-09-17T23:08:04.165+0000] {processor.py:830} INFO - Processing file /opt/airflow/dags/extraction_dag.py for tasks to queue
[2026-09-17T23:08:04.168+0000] {logging_mixin.py:188} INFO - [2026-09-17T23:08:04.167+0000] {dagbag.py:545} INFO - Filling up the DagBag from /opt/airflow/dags/extraction_dag.py
[2026-09-17T23:08:04.182+0000] {processor.py:840} INFO - DAG(s) 'data_extraction' retrieved from /opt/airflow/dags/extraction_dag.py
[2026-09-17T23:08:04.208+0000] {logging_mixin.py:188} INFO - [2026-09-17T23:08:04.208+0000] {dag.py:3096} INFO - Sync 1 DAGs
[2026-09-17T23:08:04.219+0000] {logging_mixin.py:188} INFO - [2026-09-17T23:08:04.219+0000] {dag.py:3954} INFO - Setting next_dagrun for data_extraction to None, run_after=None
[2026-09-17T23:08:04.244+0000] {processor.py:183} INFO - Processing /opt/airflow/dags/extraction_dag.py took 0.097 seconds
[2026-09-17T23:08:34.350+0000] {processor.py:161} INFO - Started process (PID=1289) to work on /opt/airflow/dags/extraction_dag.py
[2026-09-17T23:08:34.351+0000] {processor.py:830} INFO - Processing file /opt/airflow/dags/extraction_dag.py for tasks to queue
[2026-09-17T23:08:34.353+0000] {logging_mixin.py:188} INFO - [2026-09-17T23:08:34.353+0000] {dagbag.py:545} INFO - Filling up the DagBag from /opt/airflow/dags/extraction_dag.py
[2026-09-17T23:08:34.363+0000] {processor.py:840} INFO - DAG(s) 'data_extraction' retrieved from /opt/airflow/dags/extraction_dag.py
[2026-09-17T23:08:34.389+0000] {logging_mixin.py:188} INFO - [2026-09-17T23:08:34.388+0000] {dag.py:3096} INFO - Sync 1 DAGs
[2026-09-17T23:08:34.400+0000] {logging_mixin.py:188} INFO - [2026-09-17T23:08:34.400+0000] {dag.py:3954} INFO - Setting next_dagrun for data_extraction to None, run_after=None
[2026-09-17T23:08:34.423+0000] {processor.py:183} INFO - Processing /opt/airflow/dags/extraction_dag.py took 0.079 seconds
[2026-09-17T23:09:04.707+0000] {processor.py:161} INFO - Started process (PID=1297) to work on /opt/airflow/dags/extraction_dag.py
[2026-09-17T23:09:04.713+0000] {processor.py:830} INFO - Processing file /opt/airflow/dags/extraction_dag.py for tasks to queue
[2026-09-17T23:09:04.715+0000] {logging_mixin.py:188} INFO - [2026-09-17T23:09:04.715+0000] {dagbag.py:545} INFO - Filling up the DagBag from /opt/airflow/dags/extraction_dag.py
[2026-09-17T23:09:04.726+0000] {processor.py:840} INFO - DAG(s) 'data_extraction' retrieved from /opt/airflow/dags/extraction_dag.py
[2026-09-17T23:09:04.757+0000] {logging_mixin.py:188} INFO - [2026-09-17T23:09:04.756+0000] {dag.py:3096} INFO - Sync 1 DAGs
[2026-09-17T23:09:04.769+0000] {logging_mixin.py:188} INFO - [2026-09-17T23:09:04.769+0000] {dag.py:3954} INFO - Setting next_dagrun for data_extraction to None, run_after=None
[2026-09-17T23:09:04.802+0000] {processor.py:183} INFO - Processing /opt/airflow/dags/extraction_dag.py took 0.102 seconds
[2026-09-17T23:09:35.551+0000] {processor.py:161} INFO - Started process (PID=1305) to work on /opt/airflow/dags/extraction_dag.py
[2026-09-17T23:09:35.552+0000] {processor.py:830} INFO - Processing file /opt/airflow/dags/extraction_dag.py for tasks to queue
[2026-09-17T23:09:35.554+0000] {logging_mixin.py:188} INFO - [2026-09-17T23:09:35.553+0000] {dagbag.py:545} INFO - Filling up the DagBag from /opt/airflow/dags/extraction_dag.py
[2026-09-17T23:09:35.563+0000] {processor.py:840} INFO - DAG(s) 'data_extraction' retrieved from /opt/airflow/dags/extraction_dag.py
[2026-09-17T23:09:35.588+0000] {logging_mixin.py:188} INFO - [2026-09-17T23:09:35.588+0000] {dag.py:3096} INFO - Sync 1 DAGs
[2026-09-17T23:09:35.599+0000] {logging_mixin.py:188} INFO - [2026-09-17T23:09:35.599+0000] {dag.py:3954} INFO - Setting next_dagrun for data_extraction to None, run_after=None
[2026-09-17T23:09:35.622+0000] {processor.py:183} INFO - Processing /opt/airflow/dags/extraction_dag.py took 0.078 seconds
[2026-09-17T23:10:06.269+0000] {processor.py:161} INFO - Started process (PID=1313) to work on /opt/airflow/dags/extraction_dag.py
[2026-09-17T23:10:06.271+0000] {processor.py:830} INFO - Processing file /opt/airflow/dags/extraction_dag.py for tasks to queue
[2026-09-17T23:10:06.273+0000] {logging_mixin.py:188} INFO - [2026-09-17T23:10:06.272+0000] {dagbag.py:545} INFO - Filling up the DagBag from /opt/airflow/dags/extraction_dag.py
[2026-09-17T23:10:06.282+0000] {processor.py:840} INFO - DAG(s) 'data_extraction' retrieved from /opt/airflow/dags/extraction_dag.py
[2026-09-17T23:10:06.307+0000] {logging_mixin.py:188} INFO - [2026-09-17T23:10:06.307+0000] {dag.py:3096} INFO - Sync 1 DAGs
[2026-09-17T23:10:06.318+0000] {logging_mixin.py:188} INFO - [2026-09-17T23:10:06.318+0000] {dag.py:3954} INFO - Setting next_dagrun for data_extraction to None, run_after=None
[2026-09-17T23:10:06.339+0000] {processor.py:183} INFO - Processing /opt/airflow/dags/extraction_dag.py took 0.077 seconds
[2026-09-17T23:10:37.125+0000] {processor.py:161} INFO - Started process (PID=1321) to work on /opt/airflow/dags/extraction_dag.py
[2026-09-17T23:10:37.126+0000] {processor.py:830} INFO - Processing file /opt/airflow/dags/extraction_dag.py for tasks to queue
[2026-09-17T23:10:37.128+0000] {logging_mixin.py:188} INFO - [2026-09-17T23:10:37.127+0000] {dagbag.py:545} INFO - Filling up the DagBag from /opt/airflow/dags/extraction_dag.py
[2026-09-17T23:10:37.137+0000] {processor.py:840} INFO - DAG(s) 'data_extraction' retrieved from /opt/airflow/dags/extraction_dag.py
[2026-09-17T23:10:37.164+0000] {logging_mixin.py:188} INFO - [2026-09-17T23:10:37.164+0000] {dag.py:3096} INFO - Sync 1 DAGs
[2026-09-17T23:10:37.176+0000] {logging_mixin.py:188} INFO - [2026-09-17T23:10:37.175+0000] {dag.py:3954} INFO - Setting next_dagrun for data_extraction to None, run_after=None
[2026-09-17T23:10:37.199+0000] {processor.py:183} INFO - Processing /opt/airflow/dags/extraction_dag.py took 0.081 seconds
[2026-09-17T23:11:08.075+0000] {processor.py:161} INFO - Started process (PID=1329) to work on /opt/airflow/dags/extraction_dag.py
[2026-09-17T23:11:08.081+0000] {processor.py:830} INFO - Processing file /opt/airflow/dags/extraction_dag.py for tasks to queue
[2026-09-17T23:11:08.083+0000] {logging_mixin.py:188} INFO - [2026-09-17T23:11:08.083+0000] {dagbag.py:545} INFO - Filling up the DagBag from /opt/airflow/dags/extraction_dag.py
[2026-09-17T23:11:08.092+0000] {processor.py:840} INFO - DAG(s) 'data_extraction' retrieved from /opt/airflow/dags/extraction_dag.py
[2026-09-17T23:11:08.118+0000] {logging_mixin.py:188} INFO - [2026-09-17T23:11:08.117+0000] {dag.py:3096} INFO - Sync 1 DAGs
[2026-09-17T23:11:08.129+0000] {logging_mixin.py:188} INFO - [2026-09-17T23:11:08.128+0000] {dag.py:3954} INFO - Setting next_dagrun for data_extraction to None, run_after=None
[2026-09-17T23:11:08.147+0000] {processor.py:183} INFO - Processing /opt/airflow/dags/extraction_dag.py took 0.078 seconds
[2026-09-17T23:11:38.886+0000] {processor.py:161} INFO - Started process (PID=1337) to work on /opt/airflow/dags/extraction_dag.py
[2026-09-17T23:11:38.887+0000] {processor.py:830} INFO - Processing file /opt/airflow/dags/extraction_dag.py for tasks to queue
[2026-09-17T23:11:38.890+0000] {logging_mixin.py:188} INFO - [2026-09-17T23:11:38.890+0000] {dagbag.py:545} INFO - Filling up the DagBag from /opt/airflow/dags/extraction_dag.py
[2026-09-17T23:11:38.899+0000] {processor.py:840} INFO - DAG(s) 'data_extraction' retrieved from /opt/airflow/dags/extraction_dag.py
[2026-09-17T23:11:38.924+0000] {logging_mixin.py:188} INFO - [2026-09-17T23:11:38.924+0000] {dag.py:3096} INFO - Sync 1 DAGs
[2026-09-17T23:11:38.935+0000] {logging_mixin.py:188} INFO - [2026-09-17T23:11:38.935+0000] {dag.py:3954} INFO - Setting next_dagrun for data_extraction to None, run_after=None
[2026-09-17T23:11:38.959+0000] {processor.py:183} INFO - Processing /opt/airflow/dags/extraction_dag.py took 0.079 seconds
[2026-09-17T23:12:09.617+0000] {processor.py:161} INFO - Started process (PID=1351) to work on /opt/airflow/dags/extraction_dag.py
[2026-09-17T23:12:09.622+0000] {processor.py:830} INFO - Processing file /opt/airflow/dags/extraction_dag.py for tasks to queue
[2026-09-17T23:12:09.624+0000] {logging_mixin.py:188} INFO - [2026-09-17T23:12:09.624+0000] {dagbag.py:545} INFO - Filling up the DagBag from /opt/airflow/dags/extraction_dag.py
[2026-09-17T23:12:09.634+0000] {processor.py:840} INFO - DAG(s) 'data_extraction' retrieved from /opt/airflow/dags/extraction_dag.py
[2026-09-17T23:12:09.660+0000] {logging_mixin.py:188} INFO - [2026-09-17T23:12:09.660+0000] {dag.py:3096} INFO - Sync 1 DAGs
[2026-09-17T23:12:09.671+0000] {logging_mixin.py:188} INFO - [2026-09-17T23:12:09.670+0000] {dag.py:3954} INFO - Setting next_dagrun for data_extraction to None, run_after=None
[2026-09-17T23:12:09.692+0000] {processor.py:183} INFO - Processing /opt/airflow/dags/extraction_dag.py took 0.084 seconds
[2026-09-17T23:12:40.323+0000] {processor.py:161} INFO - Started process (PID=1359) to work on /opt/airflow/dags/extraction_dag.py
[2026-09-17T23:12:40.324+0000] {processor.py:830} INFO - Processing file /opt/airflow/dags/extraction_dag.py for tasks to queue
[2026-09-17T23:12:40.326+0000] {logging_mixin.py:188} INFO - [2026-09-17T23:12:40.325+0000] {dagbag.py:545} INFO - Filling up the DagBag from /opt/airflow/dags/extraction_dag.py
[2026-09-17T23:12:40.335+0000] {processor.py:840} INFO - DAG(s) 'data_extraction' retrieved from /opt/airflow/dags/extraction_dag.py
[2026-09-17T23:12:40.366+0000] {logging_mixin.py:188} INFO - [2026-09-17T23:12:40.365+0000] {dag.py:3096} INFO - Sync 1 DAGs
[2026-09-17T23:12:40.380+0000] {logging_mixin.py:188} INFO - [2026-09-17T23:12:40.380+0000] {dag.py:3954} INFO - Setting next_dagrun for data_extraction to None, run_after=None
[2026-09-17T23:12:40.410+0000] {processor.py:183} INFO - Processing /opt/airflow/dags/extraction_dag.py took 0.094 seconds
[2026-09-17T23:13:10.828+0000] {processor.py:161} INFO - Started process (PID=1367) to work on /opt/airflow/dags/extraction_dag.py
[2026-09-17T23:13:10.833+0000] {processor.py:830} INFO - Processing file /opt/airflow/dags/extraction_dag.py for tasks to queue
[2026-09-17T23:13:10.835+0000] {logging_mixin.py:188} INFO - [2026-09-17T23:13:10.835+0000] {dagbag.py:545} INFO - Filling up the DagBag from /opt/airflow/dags/extraction_dag.py
[2026-09-17T23:13:10.845+0000] {processor.py:840} INFO - DAG(s) 'data_extraction' retrieved from /opt/airflow/dags/extraction_dag.py
[2026-09-17T23:13:10.872+0000] {logging_mixin.py:188} INFO - [2026-09-17T23:13:10.872+0000] {dag.py:3096} INFO - Sync 1 DAGs
[2026-09-17T23:13:10.883+0000] {logging_mixin.py:188} INFO - [2026-09-17T23:13:10.883+0000] {dag.py:3954} INFO - Setting next_dagrun for data_extraction to None, run_after=None
[2026-09-17T23:13:10.914+0000] {processor.py:183} INFO - Processing /opt/airflow/dags/extraction_dag.py took 0.092 seconds
[2026-09-17T23:13:41.224+0000] {processor.py:161} INFO - Started process (PID=1375) to work on /opt/airflow/dags/extraction_dag.py
[2026-09-17T23:13:41.229+0000] {processor.py:830} INFO - Processing file /opt/airflow/dags/extraction_dag.py for tasks to queue
[2026-09-17T23:13:41.232+0000] {logging_mixin.py:188} INFO - [2026-09-17T23:13:41.231+0000] {dagbag.py:545} INFO - Filling up the DagBag from /opt/airflow/dags/extraction_dag.py
[2026-09-17T23:13:41.244+0000] {processor.py:840} INFO - DAG(s) 'data_extraction' retrieved from /opt/airflow/dags/extraction_dag.py
[2026-09-17T23:13:41.275+0000] {logging_mixin.py:188} INFO - [2026-09-17T23:13:41.275+0000] {dag.py:3096} INFO - Sync 1 DAGs
[2026-09-17T23:13:41.290+0000] {logging_mixin.py:188} INFO - [2026-09-17T23:13:41.290+0000] {dag.py:3954} INFO - Setting next_dagrun for data_extraction to None, run_after=None
[2026-09-17T23:13:41.314+0000] {processor.py:183} INFO - Processing /opt/airflow/dags/extraction_dag.py took 0.098 seconds
[2026-09-17T23:14:11.352+0000] {processor.py:161} INFO - Started process (PID=1384) to work on /opt/airflow/dags/extraction_dag.py
[2026-09-17T23:14:11.353+0000] {processor.py:830} INFO - Processing file /opt/airflow/dags/extraction_dag.py for tasks to queue
[2026-09-17T23:14:11.355+0000] {logging_mixin.py:188} INFO - [2026-09-17T23:14:11.355+0000] {dagbag.py:545} INFO - Filling up the DagBag from /opt/airflow/dags/extraction_dag.py
[2026-09-17T23:14:11.366+0000] {processor.py:840} INFO - DAG(s) 'data_extraction' retrieved from /opt/airflow/dags/extraction_dag.py
[2026-09-17T23:14:11.392+0000] {logging_mixin.py:188} INFO - [2026-09-17T23:14:11.392+0000] {dag.py:3096} INFO - Sync 1 DAGs
[2026-09-17T23:14:11.404+0000] {logging_mixin.py:188} INFO - [2026-09-17T23:14:11.403+0000] {dag.py:3954} INFO - Setting next_dagrun for data_extraction to None, run_after=None
[2026-09-17T23:14:11.427+0000] {processor.py:183} INFO - Processing /opt/airflow/dags/extraction_dag.py took 0.081 seconds
[2026-09-17T23:14:42.150+0000] {processor.py:161} INFO - Started process (PID=1392) to work on /opt/airflow/dags/extraction_dag.py
[2026-09-17T23:14:42.156+0000] {processor.py:830} INFO - Processing file /opt/airflow/dags/extraction_dag.py for tasks to queue
[2026-09-17T23:14:42.158+0000] {logging_mixin.py:188} INFO - [2026-09-17T23:14:42.158+0000] {dagbag.py:545} INFO - Filling up the DagBag from /opt/airflow/dags/extraction_dag.py
[2026-09-17T23:14:42.168+0000] {processor.py:840} INFO - DAG(s) 'data_extraction' retrieved from /opt/airflow/dags/extraction_dag.py
[2026-09-17T23:14:42.197+0000] {logging_mixin.py:188} INFO - [2026-09-17T23:14:42.197+0000] {dag.py:3096} INFO - Sync 1 DAGs
[2026-09-17T23:14:42.208+0000] {logging_mixin.py:188} INFO - [2026-09-17T23:14:42.208+0000] {dag.py:3954} INFO - Setting next_dagrun for data_extraction to None, run_after=None
[2026-09-17T23:14:42.234+0000] {processor.py:183} INFO - Processing /opt/airflow/dags/extraction_dag.py took 0.091 seconds
[2026-09-17T23:15:13.042+0000] {processor.py:161} INFO - Started process (PID=1400) to work on /opt/airflow/dags/extraction_dag.py
[2026-09-17T23:15:13.043+0000] {processor.py:830} INFO - Processing file /opt/airflow/dags/extraction_dag.py for tasks to queue
[2026-09-17T23:15:13.045+0000] {logging_mixin.py:188} INFO - [2026-09-17T23:15:13.044+0000] {dagbag.py:545} INFO - Filling up the DagBag from /opt/airflow/dags/extraction_dag.py
[2026-09-17T23:15:13.057+0000] {processor.py:840} INFO - DAG(s) 'data_extraction' retrieved from /opt/airflow/dags/extraction_dag.py
[2026-09-17T23:15:13.086+0000] {logging_mixin.py:188} INFO - [2026-09-17T23:15:13.085+0000] {dag.py:3096} INFO - Sync 1 DAGs
[2026-09-17T23:15:13.097+0000] {logging_mixin.py:188} INFO - [2026-09-17T23:15:13.097+0000] {dag.py:3954} INFO - Setting next_dagrun for data_extraction to None, run_after=None
[2026-09-17T23:15:13.117+0000] {processor.py:183} INFO - Processing /opt/airflow/dags/extraction_dag.py took 0.083 seconds
[2026-09-17T23:15:43.842+0000] {processor.py:161} INFO - Started process (PID=1408) to work on /opt/airflow/dags/extraction_dag.py
[2026-09-17T23:15:43.848+0000] {processor.py:830} INFO - Processing file /opt/airflow/dags/extraction_dag.py for tasks to queue
[2026-09-17T23:15:43.850+0000] {logging_mixin.py:188} INFO - [2026-09-17T23:15:43.849+0000] {dagbag.py:545} INFO - Filling up the DagBag from /opt/airflow/dags/extraction_dag.py
[2026-09-17T23:15:43.860+0000] {processor.py:840} INFO - DAG(s) 'data_extraction' retrieved from /opt/airflow/dags/extraction_dag.py
[2026-09-17T23:15:43.889+0000] {logging_mixin.py:188} INFO - [2026-09-17T23:15:43.889+0000] {dag.py:3096} INFO - Sync 1 DAGs
[2026-09-17T23:15:43.900+0000] {logging_mixin.py:188} INFO - [2026-09-17T23:15:43.900+0000] {dag.py:3954} INFO - Setting next_dagrun for data_extraction to None, run_after=None
[2026-09-17T23:15:43.924+0000] {processor.py:183} INFO - Processing /opt/airflow/dags/extraction_dag.py took 0.091 seconds
[2026-09-17T23:16:14.659+0000] {processor.py:161} INFO - Started process (PID=1422) to work on /opt/airflow/dags/extraction_dag.py
[2026-09-17T23:16:14.665+0000] {processor.py:830} INFO - Processing file /opt/airflow/dags/extraction_dag.py for tasks to queue
[2026-09-17T23:16:14.668+0000] {logging_mixin.py:188} INFO - [2026-09-17T23:16:14.668+0000] {dagbag.py:545} INFO - Filling up the DagBag from /opt/airflow/dags/extraction_dag.py
[2026-09-17T23:16:14.683+0000] {processor.py:840} INFO - DAG(s) 'data_extraction' retrieved from /opt/airflow/dags/extraction_dag.py
[2026-09-17T23:16:14.724+0000] {logging_mixin.py:188} INFO - [2026-09-17T23:16:14.724+0000] {dag.py:3096} INFO - Sync 1 DAGs
[2026-09-17T23:16:14.740+0000] {logging_mixin.py:188} INFO - [2026-09-17T23:16:14.740+0000] {dag.py:3954} INFO - Setting next_dagrun for data_extraction to None, run_after=None
[2026-09-17T23:16:14.765+0000] {processor.py:183} INFO - Processing /opt/airflow/dags/extraction_dag.py took 0.116 seconds
[2026-09-17T23:16:45.461+0000] {processor.py:161} INFO - Started process (PID=1430) to work on /opt/airflow/dags/extraction_dag.py
[2026-09-17T23:16:45.462+0000] {processor.py:830} INFO - Processing file /opt/airflow/dags/extraction_dag.py for tasks to queue
[2026-09-17T23:16:45.463+0000] {logging_mixin.py:188} INFO - [2026-09-17T23:16:45.463+0000] {dagbag.py:545} INFO - Filling up the DagBag from /opt/airflow/dags/extraction_dag.py
[2026-09-17T23:16:45.473+0000] {processor.py:840} INFO - DAG(s) 'data_extraction' retrieved from /opt/airflow/dags/extraction_dag.py
[2026-09-17T23:16:45.498+0000] {logging_mixin.py:188} INFO - [2026-09-17T23:16:45.498+0000] {dag.py:3096} INFO - Sync 1 DAGs
[2026-09-17T23:16:45.509+0000] {logging_mixin.py:188} INFO - [2026-09-17T23:16:45.508+0000] {dag.py:3954} INFO - Setting next_dagrun for data_extraction to None, run_after=None
[2026-09-17T23:16:45.535+0000] {processor.py:183} INFO - Processing /opt/airflow/dags/extraction_dag.py took 0.081 seconds
[2026-09-17T23:17:16.174+0000] {processor.py:161} INFO - Started process (PID=1438) to work on /opt/airflow/dags/extraction_dag.py
[2026-09-17T23:17:16.180+0000] {processor.py:830} INFO - Processing file /opt/airflow/dags/extraction_dag.py for tasks to queue
[2026-09-17T23:17:16.181+0000] {logging_mixin.py:188} INFO - [2026-09-17T23:17:16.181+0000] {dagbag.py:545} INFO - Filling up the DagBag from /opt/airflow/dags/extraction_dag.py
[2026-09-17T23:17:16.190+0000] {processor.py:840} INFO - DAG(s) 'data_extraction' retrieved from /opt/airflow/dags/extraction_dag.py
[2026-09-17T23:17:16.215+0000] {logging_mixin.py:188} INFO - [2026-09-17T23:17:16.215+0000] {dag.py:3096} INFO - Sync 1 DAGs
[2026-09-17T23:17:16.226+0000] {logging_mixin.py:188} INFO - [2026-09-17T23:17:16.226+0000] {dag.py:3954} INFO - Setting next_dagrun for data_extraction to None, run_after=None
[2026-09-17T23:17:16.244+0000] {processor.py:183} INFO - Processing /opt/airflow/dags/extraction_dag.py took 0.077 seconds
[2026-09-17T23:17:47.130+0000] {processor.py:161} INFO - Started process (PID=1446) to work on /opt/airflow/dags/extraction_dag.py
[2026-09-17T23:17:47.131+0000] {processor.py:830} INFO - Processing file /opt/airflow/dags/extraction_dag.py for tasks to queue
[2026-09-17T23:17:47.133+0000] {logging_mixin.py:188} INFO - [2026-09-17T23:17:47.132+0000] {dagbag.py:545} INFO - Filling up the DagBag from /opt/airflow/dags/extraction_dag.py
[2026-09-17T23:17:47.143+0000] {processor.py:840} INFO - DAG(s) 'data_extraction' retrieved from /opt/airflow/dags/extraction_dag.py
[2026-09-17T23:17:47.170+0000] {logging_mixin.py:188} INFO - [2026-09-17T23:17:47.170+0000] {dag.py:3096} INFO - Sync 1 DAGs
[2026-09-17T23:17:47.182+0000] {logging_mixin.py:188} INFO - [2026-09-17T23:17:47.181+0000] {dag.py:3954} INFO - Setting next_dagrun for data_extraction to None, run_after=None
[2026-09-17T23:17:47.208+0000] {processor.py:183} INFO - Processing /opt/airflow/dags/extraction_dag.py took 0.085 seconds
[2026-09-17T23:18:18.041+0000] {processor.py:161} INFO - Started process (PID=1454) to work on /opt/airflow/dags/extraction_dag.py
[2026-09-17T23:18:18.046+0000] {processor.py:830} INFO - Processing file /opt/airflow/dags/extraction_dag.py for tasks to queue
[2026-09-17T23:18:18.048+0000] {logging_mixin.py:188} INFO - [2026-09-17T23:18:18.048+0000] {dagbag.py:545} INFO - Filling up the DagBag from /opt/airflow/dags/extraction_dag.py
[2026-09-17T23:18:18.057+0000] {processor.py:840} INFO - DAG(s) 'data_extraction' retrieved from /opt/airflow/dags/extraction_dag.py
[2026-09-17T23:18:18.082+0000] {logging_mixin.py:188} INFO - [2026-09-17T23:18:18.082+0000] {dag.py:3096} INFO - Sync 1 DAGs
[2026-09-17T23:18:18.093+0000] {logging_mixin.py:188} INFO - [2026-09-17T23:18:18.093+0000] {dag.py:3954} INFO - Setting next_dagrun for data_extraction to None, run_after=None
[2026-09-17T23:18:18.112+0000] {processor.py:183} INFO - Processing /opt/airflow/dags/extraction_dag.py took 0.078 seconds
[2026-09-17T23:18:48.934+0000] {processor.py:161} INFO - Started process (PID=1462) to work on /opt/airflow/dags/extraction_dag.py
[2026-09-17T23:18:48.934+0000] {processor.py:830} INFO - Processing file /opt/airflow/dags/extraction_dag.py for tasks to queue
[2026-09-17T23:18:48.936+0000] {logging_mixin.py:188} INFO - [2026-09-17T23:18:48.936+0000] {dagbag.py:545} INFO - Filling up the DagBag from /opt/airflow/dags/extraction_dag.py
[2026-09-17T23:18:48.946+0000] {processor.py:840} INFO - DAG(s) 'data_extraction' retrieved from /opt/airflow/dags/extraction_dag.py
[2026-09-17T23:18:48.978+0000] {logging_mixin.py:188} INFO - [2026-09-17T23:18:48.977+0000] {dag.py:3096} INFO - Sync 1 DAGs
[2026-09-17T23:18:48.992+0000] {logging_mixin.py:188} INFO - [2026-09-17T23:18:48.991+0000] {dag.py:3954} INFO - Setting next_dagrun for data_extraction to None, run_after=None
[2026-09-17T23:18:49.018+0000] {processor.py:183} INFO - Processing /opt/airflow/dags/extraction_dag.py took 0.091 seconds
[2026-09-17T23:19:19.707+0000] {processor.py:161} INFO - Started process (PID=1470) to work on /opt/airflow/dags/extraction_dag.py
[2026-09-17T23:19:19.713+0000] {processor.py:830} INFO - Processing file /opt/airflow/dags/extraction_dag.py for tasks to queue
[2026-09-17T23:19:19.714+0000] {logging_mixin.py:188} INFO - [2026-09-17T23:19:19.714+0000] {dagbag.py:545} INFO - Filling up the DagBag from /opt/airflow/dags/extraction_dag.py
[2026-09-17T23:19:19.723+0000] {processor.py:840} INFO - DAG(s) 'data_extraction' retrieved from /opt/airflow/dags/extraction_dag.py
[2026-09-17T23:19:19.747+0000] {logging_mixin.py:188} INFO - [2026-09-17T23:19:19.746+0000] {dag.py:3096} INFO - Sync 1 DAGs
[2026-09-17T23:19:19.757+0000] {logging_mixin.py:188} INFO - [2026-09-17T23:19:19.757+0000] {dag.py:3954} INFO - Setting next_dagrun for data_extraction to None, run_after=None
[2026-09-17T23:19:19.777+0000] {processor.py:183} INFO - Processing /opt/airflow/dags/extraction_dag.py took 0.077 seconds
[2026-09-17T23:19:50.047+0000] {processor.py:161} INFO - Started process (PID=1478) to work on /opt/airflow/dags/extraction_dag.py
[2026-09-17T23:19:50.048+0000] {processor.py:830} INFO - Processing file /opt/airflow/dags/extraction_dag.py for tasks to queue
[2026-09-17T23:19:50.050+0000] {logging_mixin.py:188} INFO - [2026-09-17T23:19:50.050+0000] {dagbag.py:545} INFO - Filling up the DagBag from /opt/airflow/dags/extraction_dag.py
[2026-09-17T23:19:50.060+0000] {processor.py:840} INFO - DAG(s) 'data_extraction' retrieved from /opt/airflow/dags/extraction_dag.py
[2026-09-17T23:19:50.086+0000] {logging_mixin.py:188} INFO - [2026-09-17T23:19:50.086+0000] {dag.py:3096} INFO - Sync 1 DAGs
[2026-09-17T23:19:50.099+0000] {logging_mixin.py:188} INFO - [2026-09-17T23:19:50.098+0000] {dag.py:3954} INFO - Setting next_dagrun for data_extraction to None, run_after=None
[2026-09-17T23:19:50.125+0000] {processor.py:183} INFO - Processing /opt/airflow/dags/extraction_dag.py took 0.086 seconds
[2026-09-17T23:20:20.904+0000] {processor.py:161} INFO - Started process (PID=1486) to work on /opt/airflow/dags/extraction_dag.py
[2026-09-17T23:20:20.910+0000] {processor.py:830} INFO - Processing file /opt/airflow/dags/extraction_dag.py for tasks to queue
[2026-09-17T23:20:20.912+0000] {logging_mixin.py:188} INFO - [2026-09-17T23:20:20.912+0000] {dagbag.py:545} INFO - Filling up the DagBag from /opt/airflow/dags/extraction_dag.py
[2026-09-17T23:20:20.924+0000] {processor.py:840} INFO - DAG(s) 'data_extraction' retrieved from /opt/airflow/dags/extraction_dag.py
[2026-09-17T23:20:20.956+0000] {logging_mixin.py:188} INFO - [2026-09-17T23:20:20.956+0000] {dag.py:3096} INFO - Sync 1 DAGs
[2026-09-17T23:20:20.968+0000] {logging_mixin.py:188} INFO - [2026-09-17T23:20:20.968+0000] {dag.py:3954} INFO - Setting next_dagrun for data_extraction to None, run_after=None
[2026-09-17T23:20:20.998+0000] {processor.py:183} INFO - Processing /opt/airflow/dags/extraction_dag.py took 0.105 seconds
[2026-09-17T23:20:51.498+0000] {processor.py:161} INFO - Started process (PID=1500) to work on /opt/airflow/dags/extraction_dag.py
[2026-09-17T23:20:51.498+0000] {processor.py:830} INFO - Processing file /opt/airflow/dags/extraction_dag.py for tasks to queue
[2026-09-17T23:20:51.500+0000] {logging_mixin.py:188} INFO - [2026-09-17T23:20:51.500+0000] {dagbag.py:545} INFO - Filling up the DagBag from /opt/airflow/dags/extraction_dag.py
[2026-09-17T23:20:51.508+0000] {processor.py:840} INFO - DAG(s) 'data_extraction' retrieved from /opt/airflow/dags/extraction_dag.py
[2026-09-17T23:20:51.531+0000] {logging_mixin.py:188} INFO - [2026-09-17T23:20:51.531+0000] {dag.py:3096} INFO - Sync 1 DAGs
[2026-09-17T23:20:51.543+0000] {logging_mixin.py:188} INFO - [2026-09-17T23:20:51.542+0000] {dag.py:3954} INFO - Setting next_dagrun for data_extraction to None, run_after=None
[2026-09-17T23:20:51.564+0000] {processor.py:183} INFO - Processing /opt/airflow/dags/extraction_dag.py took 0.073 seconds
[2026-09-17T23:21:21.670+0000] {processor.py:161} INFO - Started process (PID=1508) to work on /opt/airflow/dags/extraction_dag.py
[2026-09-17T23:21:21.676+0000] {processor.py:830} INFO - Processing file /opt/airflow/dags/extraction_dag.py for tasks to queue
[2026-09-17T23:21:21.678+0000] {logging_mixin.py:188} INFO - [2026-09-17T23:21:21.677+0000] {dagbag.py:545} INFO - Filling up the DagBag from /opt/airflow/dags/extraction_dag.py
[2026-09-17T23:21:21.689+0000] {processor.py:840} INFO - DAG(s) 'data_extraction' retrieved from /opt/airflow/dags/extraction_dag.py
[2026-09-17T23:21:21.715+0000] {logging_mixin.py:188} INFO - [2026-09-17T23:21:21.715+0000] {dag.py:3096} INFO - Sync 1 DAGs
[2026-09-17T23:21:21.726+0000] {logging_mixin.py:188} INFO - [2026-09-17T23:21:21.726+0000] {dag.py:3954} INFO - Setting next_dagrun for data_extraction to None, run_after=None
[2026-09-17T23:21:21.745+0000] {processor.py:183} INFO - Processing /opt/airflow/dags/extraction_dag.py took 0.082 seconds
[2026-09-17T23:21:52.529+0000] {processor.py:161} INFO - Started process (PID=1516) to work on /opt/airflow/dags/extraction_dag.py
[2026-09-17T23:21:52.530+0000] {processor.py:830} INFO - Processing file /opt/airflow/dags/extraction_dag.py for tasks to queue
[2026-09-17T23:21:52.532+0000] {logging_mixin.py:188} INFO - [2026-09-17T23:21:52.531+0000] {dagbag.py:545} INFO - Filling up the DagBag from /opt/airflow/dags/extraction_dag.py
[2026-09-17T23:21:52.541+0000] {processor.py:840} INFO - DAG(s) 'data_extraction' retrieved from /opt/airflow/dags/extraction_dag.py
[2026-09-17T23:21:52.566+0000] {logging_mixin.py:188} INFO - [2026-09-17T23:21:52.566+0000] {dag.py:3096} INFO - Sync 1 DAGs
[2026-09-17T23:21:52.579+0000] {logging_mixin.py:188} INFO - [2026-09-17T23:21:52.579+0000] {dag.py:3954} INFO - Setting next_dagrun for data_extraction to None, run_after=None
[2026-09-17T23:21:52.607+0000] {processor.py:183} INFO - Processing /opt/airflow/dags/extraction_dag.py took 0.086 seconds
[2026-09-17T23:22:22.961+0000] {processor.py:161} INFO - Started process (PID=1524) to work on /opt/airflow/dags/extraction_dag.py
[2026-09-17T23:22:22.966+0000] {processor.py:830} INFO - Processing file /opt/airflow/dags/extraction_dag.py for tasks to queue
[2026-09-17T23:22:22.969+0000] {logging_mixin.py:188} INFO - [2026-09-17T23:22:22.968+0000] {dagbag.py:545} INFO - Filling up the DagBag from /opt/airflow/dags/extraction_dag.py
[2026-09-17T23:22:22.978+0000] {processor.py:840} INFO - DAG(s) 'data_extraction' retrieved from /opt/airflow/dags/extraction_dag.py
[2026-09-17T23:22:23.004+0000] {logging_mixin.py:188} INFO - [2026-09-17T23:22:23.004+0000] {dag.py:3096} INFO - Sync 1 DAGs
[2026-09-17T23:22:23.015+0000] {logging_mixin.py:188} INFO - [2026-09-17T23:22:23.015+0000] {dag.py:3954} INFO - Setting next_dagrun for data_extraction to None, run_after=None
[2026-09-17T23:22:23.040+0000] {processor.py:183} INFO - Processing /opt/airflow/dags/extraction_dag.py took 0.086 seconds
[2026-09-17T23:22:53.422+0000] {processor.py:161} INFO - Started process (PID=1532) to work on /opt/airflow/dags/extraction_dag.py
[2026-09-17T23:22:53.424+0000] {processor.py:830} INFO - Processing file /opt/airflow/dags/extraction_dag.py for tasks to queue
[2026-09-17T23:22:53.427+0000] {logging_mixin.py:188} INFO - [2026-09-17T23:22:53.426+0000] {dagbag.py:545} INFO - Filling up the DagBag from /opt/airflow/dags/extraction_dag.py
[2026-09-17T23:22:53.443+0000] {processor.py:840} INFO - DAG(s) 'data_extraction' retrieved from /opt/airflow/dags/extraction_dag.py
[2026-09-17T23:22:53.501+0000] {logging_mixin.py:188} INFO - [2026-09-17T23:22:53.500+0000] {dag.py:3096} INFO - Sync 1 DAGs
[2026-09-17T23:22:53.525+0000] {logging_mixin.py:188} INFO - [2026-09-17T23:22:53.524+0000] {dag.py:3954} INFO - Setting next_dagrun for data_extraction to None, run_after=None
[2026-09-17T23:22:53.551+0000] {processor.py:183} INFO - Processing /opt/airflow/dags/extraction_dag.py took 0.144 seconds
[2026-09-17T23:23:24.207+0000] {processor.py:161} INFO - Started process (PID=1540) to work on /opt/airflow/dags/extraction_dag.py
[2026-09-17T23:23:24.213+0000] {processor.py:830} INFO - Processing file /opt/airflow/dags/extraction_dag.py for tasks to queue
[2026-09-17T23:23:24.215+0000] {logging_mixin.py:188} INFO - [2026-09-17T23:23:24.215+0000] {dagbag.py:545} INFO - Filling up the DagBag from /opt/airflow/dags/extraction_dag.py
[2026-09-17T23:23:24.225+0000] {processor.py:840} INFO - DAG(s) 'data_extraction' retrieved from /opt/airflow/dags/extraction_dag.py
[2026-09-17T23:23:24.251+0000] {logging_mixin.py:188} INFO - [2026-09-17T23:23:24.251+0000] {dag.py:3096} INFO - Sync 1 DAGs
[2026-09-17T23:23:24.262+0000] {logging_mixin.py:188} INFO - [2026-09-17T23:23:24.261+0000] {dag.py:3954} INFO - Setting next_dagrun for data_extraction to None, run_after=None
[2026-09-17T23:23:24.287+0000] {processor.py:183} INFO - Processing /opt/airflow/dags/extraction_dag.py took 0.086 seconds
[2026-09-17T23:23:54.415+0000] {processor.py:161} INFO - Started process (PID=1548) to work on /opt/airflow/dags/extraction_dag.py
[2026-09-17T23:23:54.416+0000] {processor.py:830} INFO - Processing file /opt/airflow/dags/extraction_dag.py for tasks to queue
[2026-09-17T23:23:54.419+0000] {logging_mixin.py:188} INFO - [2026-09-17T23:23:54.419+0000] {dagbag.py:545} INFO - Filling up the DagBag from /opt/airflow/dags/extraction_dag.py
[2026-09-17T23:23:54.430+0000] {processor.py:840} INFO - DAG(s) 'data_extraction' retrieved from /opt/airflow/dags/extraction_dag.py
[2026-09-17T23:23:54.456+0000] {logging_mixin.py:188} INFO - [2026-09-17T23:23:54.456+0000] {dag.py:3096} INFO - Sync 1 DAGs
[2026-09-17T23:23:54.467+0000] {logging_mixin.py:188} INFO - [2026-09-17T23:23:54.467+0000] {dag.py:3954} INFO - Setting next_dagrun for data_extraction to None, run_after=None
[2026-09-17T23:23:54.490+0000] {processor.py:183} INFO - Processing /opt/airflow/dags/extraction_dag.py took 0.085 seconds
[2026-09-17T23:24:24.807+0000] {processor.py:161} INFO - Started process (PID=1556) to work on /opt/airflow/dags/extraction_dag.py
[2026-09-17T23:24:24.808+0000] {processor.py:830} INFO - Processing file /opt/airflow/dags/extraction_dag.py for tasks to queue
[2026-09-17T23:24:24.810+0000] {logging_mixin.py:188} INFO - [2026-09-17T23:24:24.810+0000] {dagbag.py:545} INFO - Filling up the DagBag from /opt/airflow/dags/extraction_dag.py
[2026-09-17T23:24:24.820+0000] {processor.py:840} INFO - DAG(s) 'data_extraction' retrieved from /opt/airflow/dags/extraction_dag.py
[2026-09-17T23:24:24.845+0000] {logging_mixin.py:188} INFO - [2026-09-17T23:24:24.845+0000] {dag.py:3096} INFO - Sync 1 DAGs
[2026-09-17T23:24:24.857+0000] {logging_mixin.py:188} INFO - [2026-09-17T23:24:24.857+0000] {dag.py:3954} INFO - Setting next_dagrun for data_extraction to None, run_after=None
[2026-09-17T23:24:24.881+0000] {processor.py:183} INFO - Processing /opt/airflow/dags/extraction_dag.py took 0.081 seconds
[2026-09-17T23:24:55.325+0000] {processor.py:161} INFO - Started process (PID=1564) to work on /opt/airflow/dags/extraction_dag.py
[2026-09-17T23:24:55.327+0000] {processor.py:830} INFO - Processing file /opt/airflow/dags/extraction_dag.py for tasks to queue
[2026-09-17T23:24:55.329+0000] {logging_mixin.py:188} INFO - [2026-09-17T23:24:55.329+0000] {dagbag.py:545} INFO - Filling up the DagBag from /opt/airflow/dags/extraction_dag.py
[2026-09-17T23:24:55.344+0000] {processor.py:840} INFO - DAG(s) 'data_extraction' retrieved from /opt/airflow/dags/extraction_dag.py
[2026-09-17T23:24:55.378+0000] {logging_mixin.py:188} INFO - [2026-09-17T23:24:55.378+0000] {dag.py:3096} INFO - Sync 1 DAGs
[2026-09-17T23:24:55.397+0000] {logging_mixin.py:188} INFO - [2026-09-17T23:24:55.397+0000] {dag.py:3954} INFO - Setting next_dagrun for data_extraction to None, run_after=None
[2026-09-17T23:24:55.437+0000] {processor.py:183} INFO - Processing /opt/airflow/dags/extraction_dag.py took 0.121 seconds
[2026-09-17T23:25:26.223+0000] {processor.py:161} INFO - Started process (PID=1572) to work on /opt/airflow/dags/extraction_dag.py
[2026-09-17T23:25:26.225+0000] {processor.py:830} INFO - Processing file /opt/airflow/dags/extraction_dag.py for tasks to queue
[2026-09-17T23:25:26.227+0000] {logging_mixin.py:188} INFO - [2026-09-17T23:25:26.227+0000] {dagbag.py:545} INFO - Filling up the DagBag from /opt/airflow/dags/extraction_dag.py
[2026-09-17T23:25:26.244+0000] {processor.py:840} INFO - DAG(s) 'data_extraction' retrieved from /opt/airflow/dags/extraction_dag.py
[2026-09-17T23:25:26.282+0000] {logging_mixin.py:188} INFO - [2026-09-17T23:25:26.282+0000] {dag.py:3096} INFO - Sync 1 DAGs
[2026-09-17T23:25:26.301+0000] {logging_mixin.py:188} INFO - [2026-09-17T23:25:26.300+0000] {dag.py:3954} INFO - Setting next_dagrun for data_extraction to None, run_after=None
[2026-09-17T23:25:26.341+0000] {processor.py:183} INFO - Processing /opt/airflow/dags/extraction_dag.py took 0.132 seconds
[2026-09-17T23:25:56.492+0000] {processor.py:161} INFO - Started process (PID=1580) to work on /opt/airflow/dags/extraction_dag.py
[2026-09-17T23:25:56.493+0000] {processor.py:830} INFO - Processing file /opt/airflow/dags/extraction_dag.py for tasks to queue
[2026-09-17T23:25:56.495+0000] {logging_mixin.py:188} INFO - [2026-09-17T23:25:56.495+0000] {dagbag.py:545} INFO - Filling up the DagBag from /opt/airflow/dags/extraction_dag.py
[2026-09-17T23:25:56.510+0000] {processor.py:840} INFO - DAG(s) 'data_extraction' retrieved from /opt/airflow/dags/extraction_dag.py
[2026-09-17T23:25:56.545+0000] {logging_mixin.py:188} INFO - [2026-09-17T23:25:56.545+0000] {dag.py:3096} INFO - Sync 1 DAGs
[2026-09-17T23:25:56.807+0000] {logging_mixin.py:188} INFO - [2026-09-17T23:25:56.807+0000] {dag.py:3954} INFO - Setting next_dagrun for data_extraction to None, run_after=None
[2026-09-17T23:25:56.839+0000] {processor.py:183} INFO - Processing /opt/airflow/dags/extraction_dag.py took 0.357 seconds
[2026-09-17T23:26:27.727+0000] {processor.py:161} INFO - Started process (PID=1594) to work on /opt/airflow/dags/extraction_dag.py
[2026-09-17T23:26:27.728+0000] {processor.py:830} INFO - Processing file /opt/airflow/dags/extraction_dag.py for tasks to queue
[2026-09-17T23:26:27.731+0000] {logging_mixin.py:188} INFO - [2026-09-17T23:26:27.731+0000] {dagbag.py:545} INFO - Filling up the DagBag from /opt/airflow/dags/extraction_dag.py
[2026-09-17T23:26:27.744+0000] {processor.py:840} INFO - DAG(s) 'data_extraction' retrieved from /opt/airflow/dags/extraction_dag.py
[2026-09-17T23:26:27.778+0000] {logging_mixin.py:188} INFO - [2026-09-17T23:26:27.778+0000] {dag.py:3096} INFO - Sync 1 DAGs
[2026-09-17T23:26:27.790+0000] {logging_mixin.py:188} INFO - [2026-09-17T23:26:27.789+0000] {dag.py:3954} INFO - Setting next_dagrun for data_extraction to None, run_after=None
[2026-09-17T23:26:27.816+0000] {processor.py:183} INFO - Processing /opt/airflow/dags/extraction_dag.py took 0.097 seconds
[2026-09-17T23:26:58.036+0000] {processor.py:161} INFO - Started process (PID=1603) to work on /opt/airflow/dags/extraction_dag.py
[2026-09-17T23:26:58.038+0000] {processor.py:830} INFO - Processing file /opt/airflow/dags/extraction_dag.py for tasks to queue
[2026-09-17T23:26:58.040+0000] {logging_mixin.py:188} INFO - [2026-09-17T23:26:58.039+0000] {dagbag.py:545} INFO - Filling up the DagBag from /opt/airflow/dags/extraction_dag.py
[2026-09-17T23:26:58.050+0000] {processor.py:840} INFO - DAG(s) 'data_extraction' retrieved from /opt/airflow/dags/extraction_dag.py
[2026-09-17T23:26:58.077+0000] {logging_mixin.py:188} INFO - [2026-09-17T23:26:58.076+0000] {dag.py:3096} INFO - Sync 1 DAGs
[2026-09-17T23:26:58.093+0000] {logging_mixin.py:188} INFO - [2026-09-17T23:26:58.092+0000] {dag.py:3954} INFO - Setting next_dagrun for data_extraction to None, run_after=None
[2026-09-17T23:26:58.119+0000] {processor.py:183} INFO - Processing /opt/airflow/dags/extraction_dag.py took 0.089 seconds
[2026-09-17T23:27:28.466+0000] {processor.py:161} INFO - Started process (PID=1612) to work on /opt/airflow/dags/extraction_dag.py
[2026-09-17T23:27:28.467+0000] {processor.py:830} INFO - Processing file /opt/airflow/dags/extraction_dag.py for tasks to queue
[2026-09-17T23:27:28.469+0000] {logging_mixin.py:188} INFO - [2026-09-17T23:27:28.469+0000] {dagbag.py:545} INFO - Filling up the DagBag from /opt/airflow/dags/extraction_dag.py
[2026-09-17T23:27:28.479+0000] {processor.py:840} INFO - DAG(s) 'data_extraction' retrieved from /opt/airflow/dags/extraction_dag.py
[2026-09-17T23:27:28.513+0000] {logging_mixin.py:188} INFO - [2026-09-17T23:27:28.512+0000] {dag.py:3096} INFO - Sync 1 DAGs
[2026-09-17T23:27:28.687+0000] {logging_mixin.py:188} INFO - [2026-09-17T23:27:28.687+0000] {dag.py:3954} INFO - Setting next_dagrun for data_extraction to None, run_after=None
[2026-09-17T23:27:28.715+0000] {processor.py:183} INFO - Processing /opt/airflow/dags/extraction_dag.py took 0.259 seconds
[2026-09-17T23:27:59.676+0000] {processor.py:161} INFO - Started process (PID=1620) to work on /opt/airflow/dags/extraction_dag.py
[2026-09-17T23:27:59.677+0000] {processor.py:830} INFO - Processing file /opt/airflow/dags/extraction_dag.py for tasks to queue
[2026-09-17T23:27:59.679+0000] {logging_mixin.py:188} INFO - [2026-09-17T23:27:59.679+0000] {dagbag.py:545} INFO - Filling up the DagBag from /opt/airflow/dags/extraction_dag.py
[2026-09-17T23:27:59.690+0000] {processor.py:840} INFO - DAG(s) 'data_extraction' retrieved from /opt/airflow/dags/extraction_dag.py
[2026-09-17T23:27:59.722+0000] {logging_mixin.py:188} INFO - [2026-09-17T23:27:59.721+0000] {dag.py:3096} INFO - Sync 1 DAGs
[2026-09-17T23:27:59.737+0000] {logging_mixin.py:188} INFO - [2026-09-17T23:27:59.737+0000] {dag.py:3954} INFO - Setting next_dagrun for data_extraction to None, run_after=None
[2026-09-17T23:27:59.765+0000] {processor.py:183} INFO - Processing /opt/airflow/dags/extraction_dag.py took 0.097 seconds
[2026-09-17T23:28:30.709+0000] {processor.py:161} INFO - Started process (PID=1628) to work on /opt/airflow/dags/extraction_dag.py
[2026-09-17T23:28:30.711+0000] {processor.py:830} INFO - Processing file /opt/airflow/dags/extraction_dag.py for tasks to queue
[2026-09-17T23:28:30.714+0000] {logging_mixin.py:188} INFO - [2026-09-17T23:28:30.713+0000] {dagbag.py:545} INFO - Filling up the DagBag from /opt/airflow/dags/extraction_dag.py
[2026-09-17T23:28:30.723+0000] {processor.py:840} INFO - DAG(s) 'data_extraction' retrieved from /opt/airflow/dags/extraction_dag.py
[2026-09-17T23:28:30.751+0000] {logging_mixin.py:188} INFO - [2026-09-17T23:28:30.750+0000] {dag.py:3096} INFO - Sync 1 DAGs
[2026-09-17T23:28:30.762+0000] {logging_mixin.py:188} INFO - [2026-09-17T23:28:30.762+0000] {dag.py:3954} INFO - Setting next_dagrun for data_extraction to None, run_after=None
[2026-09-17T23:28:30.798+0000] {processor.py:183} INFO - Processing /opt/airflow/dags/extraction_dag.py took 0.095 seconds
[2026-09-17T23:29:01.720+0000] {processor.py:161} INFO - Started process (PID=1636) to work on /opt/airflow/dags/extraction_dag.py
[2026-09-17T23:29:01.722+0000] {processor.py:830} INFO - Processing file /opt/airflow/dags/extraction_dag.py for tasks to queue
[2026-09-17T23:29:01.724+0000] {logging_mixin.py:188} INFO - [2026-09-17T23:29:01.723+0000] {dagbag.py:545} INFO - Filling up the DagBag from /opt/airflow/dags/extraction_dag.py
[2026-09-17T23:29:01.743+0000] {processor.py:840} INFO - DAG(s) 'data_extraction' retrieved from /opt/airflow/dags/extraction_dag.py
[2026-09-17T23:29:01.780+0000] {logging_mixin.py:188} INFO - [2026-09-17T23:29:01.780+0000] {dag.py:3096} INFO - Sync 1 DAGs
[2026-09-17T23:29:01.965+0000] {logging_mixin.py:188} INFO - [2026-09-17T23:29:01.964+0000] {dag.py:3954} INFO - Setting next_dagrun for data_extraction to None, run_after=None
[2026-09-17T23:29:01.993+0000] {processor.py:183} INFO - Processing /opt/airflow/dags/extraction_dag.py took 0.282 seconds
[2026-09-17T23:29:32.816+0000] {processor.py:161} INFO - Started process (PID=1644) to work on /opt/airflow/dags/extraction_dag.py
[2026-09-17T23:29:32.821+0000] {processor.py:830} INFO - Processing file /opt/airflow/dags/extraction_dag.py for tasks to queue
[2026-09-17T23:29:32.824+0000] {logging_mixin.py:188} INFO - [2026-09-17T23:29:32.823+0000] {dagbag.py:545} INFO - Filling up the DagBag from /opt/airflow/dags/extraction_dag.py
[2026-09-17T23:29:32.835+0000] {processor.py:840} INFO - DAG(s) 'data_extraction' retrieved from /opt/airflow/dags/extraction_dag.py
[2026-09-17T23:29:32.867+0000] {logging_mixin.py:188} INFO - [2026-09-17T23:29:32.866+0000] {dag.py:3096} INFO - Sync 1 DAGs
[2026-09-17T23:29:32.879+0000] {logging_mixin.py:188} INFO - [2026-09-17T23:29:32.879+0000] {dag.py:3954} INFO - Setting next_dagrun for data_extraction to None, run_after=None
[2026-09-17T23:29:32.906+0000] {processor.py:183} INFO - Processing /opt/airflow/dags/extraction_dag.py took 0.099 seconds
[2026-09-17T23:30:03.048+0000] {processor.py:161} INFO - Started process (PID=1652) to work on /opt/airflow/dags/extraction_dag.py
[2026-09-17T23:30:03.049+0000] {processor.py:830} INFO - Processing file /opt/airflow/dags/extraction_dag.py for tasks to queue
[2026-09-17T23:30:03.051+0000] {logging_mixin.py:188} INFO - [2026-09-17T23:30:03.051+0000] {dagbag.py:545} INFO - Filling up the DagBag from /opt/airflow/dags/extraction_dag.py
[2026-09-17T23:30:03.063+0000] {processor.py:840} INFO - DAG(s) 'data_extraction' retrieved from /opt/airflow/dags/extraction_dag.py
[2026-09-17T23:30:03.088+0000] {logging_mixin.py:188} INFO - [2026-09-17T23:30:03.088+0000] {dag.py:3096} INFO - Sync 1 DAGs
[2026-09-17T23:30:03.100+0000] {logging_mixin.py:188} INFO - [2026-09-17T23:30:03.099+0000] {dag.py:3954} INFO - Setting next_dagrun for data_extraction to None, run_after=None
[2026-09-17T23:30:03.126+0000] {processor.py:183} INFO - Processing /opt/airflow/dags/extraction_dag.py took 0.086 seconds
[2026-09-17T23:30:33.917+0000] {processor.py:161} INFO - Started process (PID=1661) to work on /opt/airflow/dags/extraction_dag.py
[2026-09-17T23:30:33.919+0000] {processor.py:830} INFO - Processing file /opt/airflow/dags/extraction_dag.py for tasks to queue
[2026-09-17T23:30:33.921+0000] {logging_mixin.py:188} INFO - [2026-09-17T23:30:33.921+0000] {dagbag.py:545} INFO - Filling up the DagBag from /opt/airflow/dags/extraction_dag.py
[2026-09-17T23:30:33.932+0000] {processor.py:840} INFO - DAG(s) 'data_extraction' retrieved from /opt/airflow/dags/extraction_dag.py
[2026-09-17T23:30:33.958+0000] {logging_mixin.py:188} INFO - [2026-09-17T23:30:33.958+0000] {dag.py:3096} INFO - Sync 1 DAGs
[2026-09-17T23:30:33.973+0000] {logging_mixin.py:188} INFO - [2026-09-17T23:30:33.972+0000] {dag.py:3954} INFO - Setting next_dagrun for data_extraction to None, run_after=None
[2026-09-17T23:30:34.004+0000] {processor.py:183} INFO - Processing /opt/airflow/dags/extraction_dag.py took 0.094 seconds
[2026-09-17T23:31:04.049+0000] {processor.py:161} INFO - Started process (PID=1674) to work on /opt/airflow/dags/extraction_dag.py
[2026-09-17T23:31:04.055+0000] {processor.py:830} INFO - Processing file /opt/airflow/dags/extraction_dag.py for tasks to queue
[2026-09-17T23:31:04.058+0000] {logging_mixin.py:188} INFO - [2026-09-17T23:31:04.057+0000] {dagbag.py:545} INFO - Filling up the DagBag from /opt/airflow/dags/extraction_dag.py
[2026-09-17T23:31:04.078+0000] {processor.py:840} INFO - DAG(s) 'data_extraction' retrieved from /opt/airflow/dags/extraction_dag.py
[2026-09-17T23:31:04.107+0000] {logging_mixin.py:188} INFO - [2026-09-17T23:31:04.106+0000] {dag.py:3096} INFO - Sync 1 DAGs
[2026-09-17T23:31:04.121+0000] {logging_mixin.py:188} INFO - [2026-09-17T23:31:04.121+0000] {dag.py:3954} INFO - Setting next_dagrun for data_extraction to None, run_after=None
[2026-09-17T23:31:04.149+0000] {processor.py:183} INFO - Processing /opt/airflow/dags/extraction_dag.py took 0.110 seconds
[2026-09-17T23:31:34.987+0000] {processor.py:161} INFO - Started process (PID=1683) to work on /opt/airflow/dags/extraction_dag.py
[2026-09-17T23:31:34.988+0000] {processor.py:830} INFO - Processing file /opt/airflow/dags/extraction_dag.py for tasks to queue
[2026-09-17T23:31:34.991+0000] {logging_mixin.py:188} INFO - [2026-09-17T23:31:34.990+0000] {dagbag.py:545} INFO - Filling up the DagBag from /opt/airflow/dags/extraction_dag.py
[2026-09-17T23:31:35.007+0000] {processor.py:840} INFO - DAG(s) 'data_extraction' retrieved from /opt/airflow/dags/extraction_dag.py
[2026-09-17T23:31:35.038+0000] {logging_mixin.py:188} INFO - [2026-09-17T23:31:35.037+0000] {dag.py:3096} INFO - Sync 1 DAGs
[2026-09-17T23:31:35.052+0000] {logging_mixin.py:188} INFO - [2026-09-17T23:31:35.052+0000] {dag.py:3954} INFO - Setting next_dagrun for data_extraction to None, run_after=None
[2026-09-17T23:31:35.080+0000] {processor.py:183} INFO - Processing /opt/airflow/dags/extraction_dag.py took 0.101 seconds
[2026-09-17T23:32:05.782+0000] {processor.py:161} INFO - Started process (PID=1691) to work on /opt/airflow/dags/extraction_dag.py
[2026-09-17T23:32:05.783+0000] {processor.py:830} INFO - Processing file /opt/airflow/dags/extraction_dag.py for tasks to queue
[2026-09-17T23:32:05.785+0000] {logging_mixin.py:188} INFO - [2026-09-17T23:32:05.784+0000] {dagbag.py:545} INFO - Filling up the DagBag from /opt/airflow/dags/extraction_dag.py
[2026-09-17T23:32:05.798+0000] {processor.py:840} INFO - DAG(s) 'data_extraction' retrieved from /opt/airflow/dags/extraction_dag.py
[2026-09-17T23:32:05.833+0000] {logging_mixin.py:188} INFO - [2026-09-17T23:32:05.832+0000] {dag.py:3096} INFO - Sync 1 DAGs
[2026-09-17T23:32:05.852+0000] {logging_mixin.py:188} INFO - [2026-09-17T23:32:05.852+0000] {dag.py:3954} INFO - Setting next_dagrun for data_extraction to None, run_after=None
[2026-09-17T23:32:05.884+0000] {processor.py:183} INFO - Processing /opt/airflow/dags/extraction_dag.py took 0.110 seconds
[2026-09-17T23:32:36.027+0000] {processor.py:161} INFO - Started process (PID=1699) to work on /opt/airflow/dags/extraction_dag.py
[2026-09-17T23:32:36.028+0000] {processor.py:830} INFO - Processing file /opt/airflow/dags/extraction_dag.py for tasks to queue
[2026-09-17T23:32:36.030+0000] {logging_mixin.py:188} INFO - [2026-09-17T23:32:36.030+0000] {dagbag.py:545} INFO - Filling up the DagBag from /opt/airflow/dags/extraction_dag.py
[2026-09-17T23:32:36.041+0000] {processor.py:840} INFO - DAG(s) 'data_extraction' retrieved from /opt/airflow/dags/extraction_dag.py
[2026-09-17T23:32:36.067+0000] {logging_mixin.py:188} INFO - [2026-09-17T23:32:36.067+0000] {dag.py:3096} INFO - Sync 1 DAGs
[2026-09-17T23:32:36.080+0000] {logging_mixin.py:188} INFO - [2026-09-17T23:32:36.080+0000] {dag.py:3954} INFO - Setting next_dagrun for data_extraction to None, run_after=None
[2026-09-17T23:32:36.107+0000] {processor.py:183} INFO - Processing /opt/airflow/dags/extraction_dag.py took 0.088 seconds
[2026-09-17T23:33:06.412+0000] {processor.py:161} INFO - Started process (PID=1707) to work on /opt/airflow/dags/extraction_dag.py
[2026-09-17T23:33:06.414+0000] {processor.py:830} INFO - Processing file /opt/airflow/dags/extraction_dag.py for tasks to queue
[2026-09-17T23:33:06.417+0000] {logging_mixin.py:188} INFO - [2026-09-17T23:33:06.416+0000] {dagbag.py:545} INFO - Filling up the DagBag from /opt/airflow/dags/extraction_dag.py
[2026-09-17T23:33:06.432+0000] {processor.py:840} INFO - DAG(s) 'data_extraction' retrieved from /opt/airflow/dags/extraction_dag.py
[2026-09-17T23:33:06.461+0000] {logging_mixin.py:188} INFO - [2026-09-17T23:33:06.461+0000] {dag.py:3096} INFO - Sync 1 DAGs
[2026-09-17T23:33:06.473+0000] {logging_mixin.py:188} INFO - [2026-09-17T23:33:06.473+0000] {dag.py:3954} INFO - Setting next_dagrun for data_extraction to None, run_after=None
[2026-09-17T23:33:06.506+0000] {processor.py:183} INFO - Processing /opt/airflow/dags/extraction_dag.py took 0.103 seconds
[2026-09-17T23:33:37.134+0000] {processor.py:161} INFO - Started process (PID=1715) to work on /opt/airflow/dags/extraction_dag.py
[2026-09-17T23:33:37.136+0000] {processor.py:830} INFO - Processing file /opt/airflow/dags/extraction_dag.py for tasks to queue
[2026-09-17T23:33:37.139+0000] {logging_mixin.py:188} INFO - [2026-09-17T23:33:37.138+0000] {dagbag.py:545} INFO - Filling up the DagBag from /opt/airflow/dags/extraction_dag.py
[2026-09-17T23:33:37.152+0000] {processor.py:840} INFO - DAG(s) 'data_extraction' retrieved from /opt/airflow/dags/extraction_dag.py
[2026-09-17T23:33:37.178+0000] {logging_mixin.py:188} INFO - [2026-09-17T23:33:37.177+0000] {dag.py:3096} INFO - Sync 1 DAGs
[2026-09-17T23:33:37.189+0000] {logging_mixin.py:188} INFO - [2026-09-17T23:33:37.189+0000] {dag.py:3954} INFO - Setting next_dagrun for data_extraction to None, run_after=None
[2026-09-17T23:33:37.214+0000] {processor.py:183} INFO - Processing /opt/airflow/dags/extraction_dag.py took 0.105 seconds
[2026-09-17T23:34:08.109+0000] {processor.py:161} INFO - Started process (PID=1723) to work on /opt/airflow/dags/extraction_dag.py
[2026-09-17T23:34:08.110+0000] {processor.py:830} INFO - Processing file /opt/airflow/dags/extraction_dag.py for tasks to queue
[2026-09-17T23:34:08.112+0000] {logging_mixin.py:188} INFO - [2026-09-17T23:34:08.112+0000] {dagbag.py:545} INFO - Filling up the DagBag from /opt/airflow/dags/extraction_dag.py
[2026-09-17T23:34:08.122+0000] {processor.py:840} INFO - DAG(s) 'data_extraction' retrieved from /opt/airflow/dags/extraction_dag.py
[2026-09-17T23:34:08.149+0000] {logging_mixin.py:188} INFO - [2026-09-17T23:34:08.149+0000] {dag.py:3096} INFO - Sync 1 DAGs
[2026-09-17T23:34:08.161+0000] {logging_mixin.py:188} INFO - [2026-09-17T23:34:08.160+0000] {dag.py:3954} INFO - Setting next_dagrun for data_extraction to None, run_after=None
[2026-09-17T23:34:08.182+0000] {processor.py:183} INFO - Processing /opt/airflow/dags/extraction_dag.py took 0.079 seconds
[2026-09-17T23:34:39.086+0000] {processor.py:161} INFO - Started process (PID=1731) to work on /opt/airflow/dags/extraction_dag.py
[2026-09-17T23:34:39.088+0000] {processor.py:830} INFO - Processing file /opt/airflow/dags/extraction_dag.py for tasks to queue
[2026-09-17T23:34:39.090+0000] {logging_mixin.py:188} INFO - [2026-09-17T23:34:39.089+0000] {dagbag.py:545} INFO - Filling up the DagBag from /opt/airflow/dags/extraction_dag.py
[2026-09-17T23:34:39.102+0000] {processor.py:840} INFO - DAG(s) 'data_extraction' retrieved from /opt/airflow/dags/extraction_dag.py
[2026-09-17T23:34:39.133+0000] {logging_mixin.py:188} INFO - [2026-09-17T23:34:39.132+0000] {dag.py:3096} INFO - Sync 1 DAGs
[2026-09-17T23:34:39.146+0000] {logging_mixin.py:188} INFO - [2026-09-17T23:34:39.146+0000] {dag.py:3954} INFO - Setting next_dagrun for data_extraction to None, run_after=None
[2026-09-17T23:34:39.175+0000] {processor.py:183} INFO - Processing /opt/airflow/dags/extraction_dag.py took 0.096 seconds
[2026-09-17T23:35:10.121+0000] {processor.py:161} INFO - Started process (PID=1739) to work on /opt/airflow/dags/extraction_dag.py
[2026-09-17T23:35:10.122+0000] {processor.py:830} INFO - Processing file /opt/airflow/dags/extraction_dag.py for tasks to queue
[2026-09-17T23:35:10.124+0000] {logging_mixin.py:188} INFO - [2026-09-17T23:35:10.123+0000] {dagbag.py:545} INFO - Filling up the DagBag from /opt/airflow/dags/extraction_dag.py
[2026-09-17T23:35:10.135+0000] {processor.py:840} INFO - DAG(s) 'data_extraction' retrieved from /opt/airflow/dags/extraction_dag.py
[2026-09-17T23:35:10.161+0000] {logging_mixin.py:188} INFO - [2026-09-17T23:35:10.160+0000] {dag.py:3096} INFO - Sync 1 DAGs
[2026-09-17T23:35:10.173+0000] {logging_mixin.py:188} INFO - [2026-09-17T23:35:10.172+0000] {dag.py:3954} INFO - Setting next_dagrun for data_extraction to None, run_after=None
[2026-09-17T23:35:10.198+0000] {processor.py:183} INFO - Processing /opt/airflow/dags/extraction_dag.py took 0.086 seconds
[2026-09-17T23:35:41.090+0000] {processor.py:161} INFO - Started process (PID=1753) to work on /opt/airflow/dags/extraction_dag.py
[2026-09-17T23:35:41.091+0000] {processor.py:830} INFO - Processing file /opt/airflow/dags/extraction_dag.py for tasks to queue
[2026-09-17T23:35:41.093+0000] {logging_mixin.py:188} INFO - [2026-09-17T23:35:41.093+0000] {dagbag.py:545} INFO - Filling up the DagBag from /opt/airflow/dags/extraction_dag.py
[2026-09-17T23:35:41.103+0000] {processor.py:840} INFO - DAG(s) 'data_extraction' retrieved from /opt/airflow/dags/extraction_dag.py
[2026-09-17T23:35:41.128+0000] {logging_mixin.py:188} INFO - [2026-09-17T23:35:41.127+0000] {dag.py:3096} INFO - Sync 1 DAGs
[2026-09-17T23:35:41.139+0000] {logging_mixin.py:188} INFO - [2026-09-17T23:35:41.139+0000] {dag.py:3954} INFO - Setting next_dagrun for data_extraction to None, run_after=None
[2026-09-17T23:35:41.164+0000] {processor.py:183} INFO - Processing /opt/airflow/dags/extraction_dag.py took 0.081 seconds
[2026-09-17T23:36:11.404+0000] {processor.py:161} INFO - Started process (PID=1761) to work on /opt/airflow/dags/extraction_dag.py
[2026-09-17T23:36:11.406+0000] {processor.py:830} INFO - Processing file /opt/airflow/dags/extraction_dag.py for tasks to queue
[2026-09-17T23:36:11.407+0000] {logging_mixin.py:188} INFO - [2026-09-17T23:36:11.407+0000] {dagbag.py:545} INFO - Filling up the DagBag from /opt/airflow/dags/extraction_dag.py
[2026-09-17T23:36:11.417+0000] {processor.py:840} INFO - DAG(s) 'data_extraction' retrieved from /opt/airflow/dags/extraction_dag.py
[2026-09-17T23:36:11.443+0000] {logging_mixin.py:188} INFO - [2026-09-17T23:36:11.443+0000] {dag.py:3096} INFO - Sync 1 DAGs
[2026-09-17T23:36:11.457+0000] {logging_mixin.py:188} INFO - [2026-09-17T23:36:11.457+0000] {dag.py:3954} INFO - Setting next_dagrun for data_extraction to None, run_after=None
[2026-09-17T23:36:11.485+0000] {processor.py:183} INFO - Processing /opt/airflow/dags/extraction_dag.py took 0.088 seconds
[2026-09-17T23:36:42.432+0000] {processor.py:161} INFO - Started process (PID=1769) to work on /opt/airflow/dags/extraction_dag.py
[2026-09-17T23:36:42.433+0000] {processor.py:830} INFO - Processing file /opt/airflow/dags/extraction_dag.py for tasks to queue
[2026-09-17T23:36:42.434+0000] {logging_mixin.py:188} INFO - [2026-09-17T23:36:42.434+0000] {dagbag.py:545} INFO - Filling up the DagBag from /opt/airflow/dags/extraction_dag.py
[2026-09-17T23:36:42.445+0000] {processor.py:840} INFO - DAG(s) 'data_extraction' retrieved from /opt/airflow/dags/extraction_dag.py
[2026-09-17T23:36:42.472+0000] {logging_mixin.py:188} INFO - [2026-09-17T23:36:42.471+0000] {dag.py:3096} INFO - Sync 1 DAGs
[2026-09-17T23:36:42.483+0000] {logging_mixin.py:188} INFO - [2026-09-17T23:36:42.483+0000] {dag.py:3954} INFO - Setting next_dagrun for data_extraction to None, run_after=None
[2026-09-17T23:36:42.510+0000] {processor.py:183} INFO - Processing /opt/airflow/dags/extraction_dag.py took 0.085 seconds
[2026-09-17T23:37:13.488+0000] {processor.py:161} INFO - Started process (PID=1777) to work on /opt/airflow/dags/extraction_dag.py
[2026-09-17T23:37:13.490+0000] {processor.py:830} INFO - Processing file /opt/airflow/dags/extraction_dag.py for tasks to queue
[2026-09-17T23:37:13.492+0000] {logging_mixin.py:188} INFO - [2026-09-17T23:37:13.491+0000] {dagbag.py:545} INFO - Filling up the DagBag from /opt/airflow/dags/extraction_dag.py
[2026-09-17T23:37:13.502+0000] {processor.py:840} INFO - DAG(s) 'data_extraction' retrieved from /opt/airflow/dags/extraction_dag.py
[2026-09-17T23:37:13.530+0000] {logging_mixin.py:188} INFO - [2026-09-17T23:37:13.529+0000] {dag.py:3096} INFO - Sync 1 DAGs
[2026-09-17T23:37:13.542+0000] {logging_mixin.py:188} INFO - [2026-09-17T23:37:13.541+0000] {dag.py:3954} INFO - Setting next_dagrun for data_extraction to None, run_after=None
[2026-09-17T23:37:13.569+0000] {processor.py:183} INFO - Processing /opt/airflow/dags/extraction_dag.py took 0.087 seconds
[2026-09-17T23:37:44.435+0000] {processor.py:161} INFO - Started process (PID=1785) to work on /opt/airflow/dags/extraction_dag.py
[2026-09-17T23:37:44.436+0000] {processor.py:830} INFO - Processing file /opt/airflow/dags/extraction_dag.py for tasks to queue
[2026-09-17T23:37:44.438+0000] {logging_mixin.py:188} INFO - [2026-09-17T23:37:44.438+0000] {dagbag.py:545} INFO - Filling up the DagBag from /opt/airflow/dags/extraction_dag.py
[2026-09-17T23:37:44.449+0000] {processor.py:840} INFO - DAG(s) 'data_extraction' retrieved from /opt/airflow/dags/extraction_dag.py
[2026-09-17T23:37:44.476+0000] {logging_mixin.py:188} INFO - [2026-09-17T23:37:44.476+0000] {dag.py:3096} INFO - Sync 1 DAGs
[2026-09-17T23:37:44.490+0000] {logging_mixin.py:188} INFO - [2026-09-17T23:37:44.489+0000] {dag.py:3954} INFO - Setting next_dagrun for data_extraction to None, run_after=None
[2026-09-17T23:37:44.520+0000] {processor.py:183} INFO - Processing /opt/airflow/dags/extraction_dag.py took 0.091 seconds
[2026-09-17T23:38:15.390+0000] {processor.py:161} INFO - Started process (PID=1793) to work on /opt/airflow/dags/extraction_dag.py
[2026-09-17T23:38:15.392+0000] {processor.py:830} INFO - Processing file /opt/airflow/dags/extraction_dag.py for tasks to queue
[2026-09-17T23:38:15.397+0000] {logging_mixin.py:188} INFO - [2026-09-17T23:38:15.396+0000] {dagbag.py:545} INFO - Filling up the DagBag from /opt/airflow/dags/extraction_dag.py
[2026-09-17T23:38:15.413+0000] {processor.py:840} INFO - DAG(s) 'data_extraction' retrieved from /opt/airflow/dags/extraction_dag.py
[2026-09-17T23:38:15.449+0000] {logging_mixin.py:188} INFO - [2026-09-17T23:38:15.448+0000] {dag.py:3096} INFO - Sync 1 DAGs
[2026-09-17T23:38:15.469+0000] {logging_mixin.py:188} INFO - [2026-09-17T23:38:15.468+0000] {dag.py:3954} INFO - Setting next_dagrun for data_extraction to None, run_after=None
[2026-09-17T23:38:15.504+0000] {processor.py:183} INFO - Processing /opt/airflow/dags/extraction_dag.py took 0.123 seconds
[2026-09-17T23:38:46.420+0000] {processor.py:161} INFO - Started process (PID=1801) to work on /opt/airflow/dags/extraction_dag.py
[2026-09-17T23:38:46.422+0000] {processor.py:830} INFO - Processing file /opt/airflow/dags/extraction_dag.py for tasks to queue
[2026-09-17T23:38:46.424+0000] {logging_mixin.py:188} INFO - [2026-09-17T23:38:46.423+0000] {dagbag.py:545} INFO - Filling up the DagBag from /opt/airflow/dags/extraction_dag.py
[2026-09-17T23:38:46.434+0000] {processor.py:840} INFO - DAG(s) 'data_extraction' retrieved from /opt/airflow/dags/extraction_dag.py
[2026-09-17T23:38:46.461+0000] {logging_mixin.py:188} INFO - [2026-09-17T23:38:46.461+0000] {dag.py:3096} INFO - Sync 1 DAGs
[2026-09-17T23:38:46.480+0000] {logging_mixin.py:188} INFO - [2026-09-17T23:38:46.480+0000] {dag.py:3954} INFO - Setting next_dagrun for data_extraction to None, run_after=None
[2026-09-17T23:38:46.508+0000] {processor.py:183} INFO - Processing /opt/airflow/dags/extraction_dag.py took 0.097 seconds
[2026-09-17T23:39:17.355+0000] {processor.py:161} INFO - Started process (PID=1809) to work on /opt/airflow/dags/extraction_dag.py
[2026-09-17T23:39:17.356+0000] {processor.py:830} INFO - Processing file /opt/airflow/dags/extraction_dag.py for tasks to queue
[2026-09-17T23:39:17.358+0000] {logging_mixin.py:188} INFO - [2026-09-17T23:39:17.358+0000] {dagbag.py:545} INFO - Filling up the DagBag from /opt/airflow/dags/extraction_dag.py
[2026-09-17T23:39:17.369+0000] {processor.py:840} INFO - DAG(s) 'data_extraction' retrieved from /opt/airflow/dags/extraction_dag.py
[2026-09-17T23:39:17.394+0000] {logging_mixin.py:188} INFO - [2026-09-17T23:39:17.394+0000] {dag.py:3096} INFO - Sync 1 DAGs
[2026-09-17T23:39:17.407+0000] {logging_mixin.py:188} INFO - [2026-09-17T23:39:17.407+0000] {dag.py:3954} INFO - Setting next_dagrun for data_extraction to None, run_after=None
[2026-09-17T23:39:17.437+0000] {processor.py:183} INFO - Processing /opt/airflow/dags/extraction_dag.py took 0.089 seconds
[2026-09-17T23:39:48.216+0000] {processor.py:161} INFO - Started process (PID=1823) to work on /opt/airflow/dags/extraction_dag.py
[2026-09-17T23:39:48.218+0000] {processor.py:830} INFO - Processing file /opt/airflow/dags/extraction_dag.py for tasks to queue
[2026-09-17T23:39:48.222+0000] {logging_mixin.py:188} INFO - [2026-09-17T23:39:48.221+0000] {dagbag.py:545} INFO - Filling up the DagBag from /opt/airflow/dags/extraction_dag.py
[2026-09-17T23:39:48.240+0000] {processor.py:840} INFO - DAG(s) 'data_extraction' retrieved from /opt/airflow/dags/extraction_dag.py
[2026-09-17T23:39:48.278+0000] {logging_mixin.py:188} INFO - [2026-09-17T23:39:48.278+0000] {dag.py:3096} INFO - Sync 1 DAGs
[2026-09-17T23:39:48.295+0000] {logging_mixin.py:188} INFO - [2026-09-17T23:39:48.294+0000] {dag.py:3954} INFO - Setting next_dagrun for data_extraction to None, run_after=None
[2026-09-17T23:39:47.569+0000] {processor.py:183} INFO - Processing /opt/airflow/dags/extraction_dag.py took 0.125 seconds
[2026-09-17T23:40:17.918+0000] {processor.py:161} INFO - Started process (PID=1831) to work on /opt/airflow/dags/extraction_dag.py
[2026-09-17T23:40:17.919+0000] {processor.py:830} INFO - Processing file /opt/airflow/dags/extraction_dag.py for tasks to queue
[2026-09-17T23:40:17.920+0000] {logging_mixin.py:188} INFO - [2026-09-17T23:40:17.920+0000] {dagbag.py:545} INFO - Filling up the DagBag from /opt/airflow/dags/extraction_dag.py
[2026-09-17T23:40:17.931+0000] {processor.py:840} INFO - DAG(s) 'data_extraction' retrieved from /opt/airflow/dags/extraction_dag.py
[2026-09-17T23:40:17.958+0000] {logging_mixin.py:188} INFO - [2026-09-17T23:40:17.958+0000] {dag.py:3096} INFO - Sync 1 DAGs
[2026-09-17T23:40:17.972+0000] {logging_mixin.py:188} INFO - [2026-09-17T23:40:17.971+0000] {dag.py:3954} INFO - Setting next_dagrun for data_extraction to None, run_after=None
[2026-09-17T23:40:17.998+0000] {processor.py:183} INFO - Processing /opt/airflow/dags/extraction_dag.py took 0.088 seconds
[2026-09-17T23:40:48.668+0000] {processor.py:161} INFO - Started process (PID=1840) to work on /opt/airflow/dags/extraction_dag.py
[2026-09-17T23:40:48.669+0000] {processor.py:830} INFO - Processing file /opt/airflow/dags/extraction_dag.py for tasks to queue
[2026-09-17T23:40:48.671+0000] {logging_mixin.py:188} INFO - [2026-09-17T23:40:48.671+0000] {dagbag.py:545} INFO - Filling up the DagBag from /opt/airflow/dags/extraction_dag.py
[2026-09-17T23:40:48.680+0000] {processor.py:840} INFO - DAG(s) 'data_extraction' retrieved from /opt/airflow/dags/extraction_dag.py
[2026-09-17T23:40:48.706+0000] {logging_mixin.py:188} INFO - [2026-09-17T23:40:48.706+0000] {dag.py:3096} INFO - Sync 1 DAGs
[2026-09-17T23:40:48.720+0000] {logging_mixin.py:188} INFO - [2026-09-17T23:40:48.720+0000] {dag.py:3954} INFO - Setting next_dagrun for data_extraction to None, run_after=None
[2026-09-17T23:40:48.745+0000] {processor.py:183} INFO - Processing /opt/airflow/dags/extraction_dag.py took 0.084 seconds
[2026-09-17T23:41:19.508+0000] {processor.py:161} INFO - Started process (PID=1848) to work on /opt/airflow/dags/extraction_dag.py
[2026-09-17T23:41:19.509+0000] {processor.py:830} INFO - Processing file /opt/airflow/dags/extraction_dag.py for tasks to queue
[2026-09-17T23:41:19.511+0000] {logging_mixin.py:188} INFO - [2026-09-17T23:41:19.511+0000] {dagbag.py:545} INFO - Filling up the DagBag from /opt/airflow/dags/extraction_dag.py
[2026-09-17T23:41:19.523+0000] {processor.py:840} INFO - DAG(s) 'data_extraction' retrieved from /opt/airflow/dags/extraction_dag.py
[2026-09-17T23:41:19.552+0000] {logging_mixin.py:188} INFO - [2026-09-17T23:41:19.551+0000] {dag.py:3096} INFO - Sync 1 DAGs
[2026-09-17T23:41:19.565+0000] {logging_mixin.py:188} INFO - [2026-09-17T23:41:19.565+0000] {dag.py:3954} INFO - Setting next_dagrun for data_extraction to None, run_after=None
[2026-09-17T23:41:19.589+0000] {processor.py:183} INFO - Processing /opt/airflow/dags/extraction_dag.py took 0.089 seconds
[2026-09-17T23:41:49.670+0000] {processor.py:161} INFO - Started process (PID=1856) to work on /opt/airflow/dags/extraction_dag.py
[2026-09-17T23:41:49.671+0000] {processor.py:830} INFO - Processing file /opt/airflow/dags/extraction_dag.py for tasks to queue
[2026-09-17T23:41:49.673+0000] {logging_mixin.py:188} INFO - [2026-09-17T23:41:49.673+0000] {dagbag.py:545} INFO - Filling up the DagBag from /opt/airflow/dags/extraction_dag.py
[2026-09-17T23:41:49.688+0000] {processor.py:840} INFO - DAG(s) 'data_extraction' retrieved from /opt/airflow/dags/extraction_dag.py
[2026-09-17T23:41:49.720+0000] {logging_mixin.py:188} INFO - [2026-09-17T23:41:49.719+0000] {dag.py:3096} INFO - Sync 1 DAGs
[2026-09-17T23:41:49.734+0000] {logging_mixin.py:188} INFO - [2026-09-17T23:41:49.734+0000] {dag.py:3954} INFO - Setting next_dagrun for data_extraction to None, run_after=None
[2026-09-17T23:41:49.762+0000] {processor.py:183} INFO - Processing /opt/airflow/dags/extraction_dag.py took 0.100 seconds
[2026-09-17T23:42:20.476+0000] {processor.py:161} INFO - Started process (PID=1864) to work on /opt/airflow/dags/extraction_dag.py
[2026-09-17T23:42:20.478+0000] {processor.py:830} INFO - Processing file /opt/airflow/dags/extraction_dag.py for tasks to queue
[2026-09-17T23:42:20.480+0000] {logging_mixin.py:188} INFO - [2026-09-17T23:42:20.479+0000] {dagbag.py:545} INFO - Filling up the DagBag from /opt/airflow/dags/extraction_dag.py
[2026-09-17T23:42:20.490+0000] {processor.py:840} INFO - DAG(s) 'data_extraction' retrieved from /opt/airflow/dags/extraction_dag.py
[2026-09-17T23:42:20.516+0000] {logging_mixin.py:188} INFO - [2026-09-17T23:42:20.516+0000] {dag.py:3096} INFO - Sync 1 DAGs
[2026-09-17T23:42:20.528+0000] {logging_mixin.py:188} INFO - [2026-09-17T23:42:20.527+0000] {dag.py:3954} INFO - Setting next_dagrun for data_extraction to None, run_after=None
[2026-09-17T23:42:20.553+0000] {processor.py:183} INFO - Processing /opt/airflow/dags/extraction_dag.py took 0.083 seconds
[2026-09-17T23:42:51.539+0000] {processor.py:161} INFO - Started process (PID=1872) to work on /opt/airflow/dags/extraction_dag.py
[2026-09-17T23:42:51.540+0000] {processor.py:830} INFO - Processing file /opt/airflow/dags/extraction_dag.py for tasks to queue
[2026-09-17T23:42:51.542+0000] {logging_mixin.py:188} INFO - [2026-09-17T23:42:51.541+0000] {dagbag.py:545} INFO - Filling up the DagBag from /opt/airflow/dags/extraction_dag.py
[2026-09-17T23:42:51.553+0000] {processor.py:840} INFO - DAG(s) 'data_extraction' retrieved from /opt/airflow/dags/extraction_dag.py
[2026-09-17T23:42:51.578+0000] {logging_mixin.py:188} INFO - [2026-09-17T23:42:51.578+0000] {dag.py:3096} INFO - Sync 1 DAGs
[2026-09-17T23:42:51.590+0000] {logging_mixin.py:188} INFO - [2026-09-17T23:42:51.589+0000] {dag.py:3954} INFO - Setting next_dagrun for data_extraction to None, run_after=None
[2026-09-17T23:42:51.615+0000] {processor.py:183} INFO - Processing /opt/airflow/dags/extraction_dag.py took 0.084 seconds
[2026-09-17T23:43:22.203+0000] {processor.py:161} INFO - Started process (PID=1880) to work on /opt/airflow/dags/extraction_dag.py
[2026-09-17T23:43:22.205+0000] {processor.py:830} INFO - Processing file /opt/airflow/dags/extraction_dag.py for tasks to queue
[2026-09-17T23:43:22.207+0000] {logging_mixin.py:188} INFO - [2026-09-17T23:43:22.207+0000] {dagbag.py:545} INFO - Filling up the DagBag from /opt/airflow/dags/extraction_dag.py
[2026-09-17T23:43:22.221+0000] {processor.py:840} INFO - DAG(s) 'data_extraction' retrieved from /opt/airflow/dags/extraction_dag.py
[2026-09-17T23:43:22.249+0000] {logging_mixin.py:188} INFO - [2026-09-17T23:43:22.249+0000] {dag.py:3096} INFO - Sync 1 DAGs
[2026-09-17T23:43:22.260+0000] {logging_mixin.py:188} INFO - [2026-09-17T23:43:22.260+0000] {dag.py:3954} INFO - Setting next_dagrun for data_extraction to None, run_after=None
[2026-09-17T23:43:22.288+0000] {processor.py:183} INFO - Processing /opt/airflow/dags/extraction_dag.py took 0.094 seconds
[2026-09-17T23:43:52.658+0000] {processor.py:161} INFO - Started process (PID=1888) to work on /opt/airflow/dags/extraction_dag.py
[2026-09-17T23:43:52.660+0000] {processor.py:830} INFO - Processing file /opt/airflow/dags/extraction_dag.py for tasks to queue
[2026-09-17T23:43:52.662+0000] {logging_mixin.py:188} INFO - [2026-09-17T23:43:52.662+0000] {dagbag.py:545} INFO - Filling up the DagBag from /opt/airflow/dags/extraction_dag.py
[2026-09-17T23:43:52.676+0000] {processor.py:840} INFO - DAG(s) 'data_extraction' retrieved from /opt/airflow/dags/extraction_dag.py
[2026-09-17T23:43:52.708+0000] {logging_mixin.py:188} INFO - [2026-09-17T23:43:52.708+0000] {dag.py:3096} INFO - Sync 1 DAGs
[2026-09-17T23:43:52.722+0000] {logging_mixin.py:188} INFO - [2026-09-17T23:43:52.721+0000] {dag.py:3954} INFO - Setting next_dagrun for data_extraction to None, run_after=None
[2026-09-17T23:43:52.749+0000] {processor.py:183} INFO - Processing /opt/airflow/dags/extraction_dag.py took 0.098 seconds
[2026-09-17T23:44:23.738+0000] {processor.py:161} INFO - Started process (PID=1902) to work on /opt/airflow/dags/extraction_dag.py
[2026-09-17T23:44:23.739+0000] {processor.py:830} INFO - Processing file /opt/airflow/dags/extraction_dag.py for tasks to queue
[2026-09-17T23:44:23.741+0000] {logging_mixin.py:188} INFO - [2026-09-17T23:44:23.740+0000] {dagbag.py:545} INFO - Filling up the DagBag from /opt/airflow/dags/extraction_dag.py
[2026-09-17T23:44:23.751+0000] {processor.py:840} INFO - DAG(s) 'data_extraction' retrieved from /opt/airflow/dags/extraction_dag.py
[2026-09-17T23:44:23.777+0000] {logging_mixin.py:188} INFO - [2026-09-17T23:44:23.777+0000] {dag.py:3096} INFO - Sync 1 DAGs
[2026-09-17T23:44:23.788+0000] {logging_mixin.py:188} INFO - [2026-09-17T23:44:23.788+0000] {dag.py:3954} INFO - Setting next_dagrun for data_extraction to None, run_after=None
[2026-09-17T23:44:23.814+0000] {processor.py:183} INFO - Processing /opt/airflow/dags/extraction_dag.py took 0.083 seconds
[2026-09-17T23:44:54.502+0000] {processor.py:161} INFO - Started process (PID=1910) to work on /opt/airflow/dags/extraction_dag.py
[2026-09-17T23:44:54.503+0000] {processor.py:830} INFO - Processing file /opt/airflow/dags/extraction_dag.py for tasks to queue
[2026-09-17T23:44:54.505+0000] {logging_mixin.py:188} INFO - [2026-09-17T23:44:54.504+0000] {dagbag.py:545} INFO - Filling up the DagBag from /opt/airflow/dags/extraction_dag.py
[2026-09-17T23:44:54.515+0000] {processor.py:840} INFO - DAG(s) 'data_extraction' retrieved from /opt/airflow/dags/extraction_dag.py
[2026-09-17T23:44:54.538+0000] {logging_mixin.py:188} INFO - [2026-09-17T23:44:54.538+0000] {dag.py:3096} INFO - Sync 1 DAGs
[2026-09-17T23:44:54.549+0000] {logging_mixin.py:188} INFO - [2026-09-17T23:44:54.549+0000] {dag.py:3954} INFO - Setting next_dagrun for data_extraction to None, run_after=None
[2026-09-17T23:44:54.570+0000] {processor.py:183} INFO - Processing /opt/airflow/dags/extraction_dag.py took 0.076 seconds
[2026-09-17T23:45:25.580+0000] {processor.py:161} INFO - Started process (PID=1918) to work on /opt/airflow/dags/extraction_dag.py
[2026-09-17T23:45:25.582+0000] {processor.py:830} INFO - Processing file /opt/airflow/dags/extraction_dag.py for tasks to queue
[2026-09-17T23:45:25.584+0000] {logging_mixin.py:188} INFO - [2026-09-17T23:45:25.584+0000] {dagbag.py:545} INFO - Filling up the DagBag from /opt/airflow/dags/extraction_dag.py
[2026-09-17T23:45:25.593+0000] {processor.py:840} INFO - DAG(s) 'data_extraction' retrieved from /opt/airflow/dags/extraction_dag.py
[2026-09-17T23:45:25.618+0000] {logging_mixin.py:188} INFO - [2026-09-17T23:45:25.618+0000] {dag.py:3096} INFO - Sync 1 DAGs
[2026-09-17T23:45:25.629+0000] {logging_mixin.py:188} INFO - [2026-09-17T23:45:25.629+0000] {dag.py:3954} INFO - Setting next_dagrun for data_extraction to None, run_after=None
[2026-09-17T23:45:25.655+0000] {processor.py:183} INFO - Processing /opt/airflow/dags/extraction_dag.py took 0.081 seconds
[2026-09-17T23:45:55.818+0000] {processor.py:161} INFO - Started process (PID=1926) to work on /opt/airflow/dags/extraction_dag.py
[2026-09-17T23:45:55.819+0000] {processor.py:830} INFO - Processing file /opt/airflow/dags/extraction_dag.py for tasks to queue
[2026-09-17T23:45:55.821+0000] {logging_mixin.py:188} INFO - [2026-09-17T23:45:55.821+0000] {dagbag.py:545} INFO - Filling up the DagBag from /opt/airflow/dags/extraction_dag.py
[2026-09-17T23:45:55.834+0000] {processor.py:840} INFO - DAG(s) 'data_extraction' retrieved from /opt/airflow/dags/extraction_dag.py
[2026-09-17T23:45:55.860+0000] {logging_mixin.py:188} INFO - [2026-09-17T23:45:55.859+0000] {dag.py:3096} INFO - Sync 1 DAGs
[2026-09-17T23:45:55.871+0000] {logging_mixin.py:188} INFO - [2026-09-17T23:45:55.871+0000] {dag.py:3954} INFO - Setting next_dagrun for data_extraction to None, run_after=None
[2026-09-17T23:45:55.897+0000] {processor.py:183} INFO - Processing /opt/airflow/dags/extraction_dag.py took 0.088 seconds
[2026-09-17T23:46:26.855+0000] {processor.py:161} INFO - Started process (PID=1934) to work on /opt/airflow/dags/extraction_dag.py
[2026-09-17T23:46:26.856+0000] {processor.py:830} INFO - Processing file /opt/airflow/dags/extraction_dag.py for tasks to queue
[2026-09-17T23:46:26.858+0000] {logging_mixin.py:188} INFO - [2026-09-17T23:46:26.858+0000] {dagbag.py:545} INFO - Filling up the DagBag from /opt/airflow/dags/extraction_dag.py
[2026-09-17T23:46:26.868+0000] {processor.py:840} INFO - DAG(s) 'data_extraction' retrieved from /opt/airflow/dags/extraction_dag.py
[2026-09-17T23:46:26.895+0000] {logging_mixin.py:188} INFO - [2026-09-17T23:46:26.895+0000] {dag.py:3096} INFO - Sync 1 DAGs
[2026-09-17T23:46:26.909+0000] {logging_mixin.py:188} INFO - [2026-09-17T23:46:26.909+0000] {dag.py:3954} INFO - Setting next_dagrun for data_extraction to None, run_after=None
[2026-09-17T23:46:26.932+0000] {processor.py:183} INFO - Processing /opt/airflow/dags/extraction_dag.py took 0.084 seconds
[2026-09-17T23:46:57.811+0000] {processor.py:161} INFO - Started process (PID=1943) to work on /opt/airflow/dags/extraction_dag.py
[2026-09-17T23:46:57.812+0000] {processor.py:830} INFO - Processing file /opt/airflow/dags/extraction_dag.py for tasks to queue
[2026-09-17T23:46:57.816+0000] {logging_mixin.py:188} INFO - [2026-09-17T23:46:57.814+0000] {dagbag.py:545} INFO - Filling up the DagBag from /opt/airflow/dags/extraction_dag.py
[2026-09-17T23:46:57.835+0000] {processor.py:840} INFO - DAG(s) 'data_extraction' retrieved from /opt/airflow/dags/extraction_dag.py
[2026-09-17T23:46:57.892+0000] {logging_mixin.py:188} INFO - [2026-09-17T23:46:57.892+0000] {dag.py:3096} INFO - Sync 1 DAGs
[2026-09-17T23:46:57.915+0000] {logging_mixin.py:188} INFO - [2026-09-17T23:46:57.914+0000] {dag.py:3954} INFO - Setting next_dagrun for data_extraction to None, run_after=None
[2026-09-17T23:46:57.949+0000] {processor.py:183} INFO - Processing /opt/airflow/dags/extraction_dag.py took 0.156 seconds
