[2026-09-17T21:26:33.431+0000] {processor.py:161} INFO - Started process (PID=1084) to work on /opt/airflow/dags/loading_dag.py
[2026-09-17T21:26:33.432+0000] {processor.py:830} INFO - Processing file /opt/airflow/dags/loading_dag.py for tasks to queue
[2026-09-17T21:26:33.433+0000] {logging_mixin.py:188} INFO - [2026-09-17T21:26:33.433+0000] {dagbag.py:545} INFO - Filling up the DagBag from /opt/airflow/dags/loading_dag.py
[2026-09-17T21:26:33.456+0000] {processor.py:840} INFO - DAG(s) 'data_loading' retrieved from /opt/airflow/dags/loading_dag.py
[2026-09-17T21:26:33.591+0000] {logging_mixin.py:188} INFO - [2026-09-17T21:26:33.589+0000] {override.py:1829} INFO - Created Permission View: can read on DAG:data_loading
[2026-09-17T21:26:33.606+0000] {logging_mixin.py:188} INFO - [2026-09-17T21:26:33.606+0000] {override.py:1829} INFO - Created Permission View: can edit on DAG:data_loading
[2026-09-17T21:26:33.616+0000] {logging_mixin.py:188} INFO - [2026-09-17T21:26:33.615+0000] {override.py:1829} INFO - Created Permission View: can delete on DAG:data_loading
[2026-09-17T21:26:33.616+0000] {logging_mixin.py:188} INFO - [2026-09-17T21:26:33.616+0000] {dag.py:3096} INFO - Sync 1 DAGs
[2026-09-17T21:26:33.632+0000] {logging_mixin.py:188} INFO - [2026-09-17T21:26:33.631+0000] {dag.py:3118} INFO - Creating ORM DAG for data_loading
[2026-09-17T21:26:33.643+0000] {logging_mixin.py:188} INFO - [2026-09-17T21:26:33.643+0000] {dag.py:3954} INFO - Setting next_dagrun for data_loading to None, run_after=None
[2026-09-17T21:26:33.661+0000] {processor.py:183} INFO - Processing /opt/airflow/dags/loading_dag.py took 0.238 seconds
[2026-09-17T21:27:03.693+0000] {processor.py:161} INFO - Started process (PID=1092) to work on /opt/airflow/dags/loading_dag.py
[2026-09-17T21:27:03.695+0000] {processor.py:830} INFO - Processing file /opt/airflow/dags/loading_dag.py for tasks to queue
[2026-09-17T21:27:03.696+0000] {logging_mixin.py:188} INFO - [2026-09-17T21:27:03.695+0000] {dagbag.py:545} INFO - Filling up the DagBag from /opt/airflow/dags/loading_dag.py
[2026-09-17T21:27:03.711+0000] {processor.py:840} INFO - DAG(s) 'data_loading' retrieved from /opt/airflow/dags/loading_dag.py
[2026-09-17T21:27:03.743+0000] {logging_mixin.py:188} INFO - [2026-09-17T21:27:03.742+0000] {dag.py:3096} INFO - Sync 1 DAGs
[2026-09-17T21:27:03.773+0000] {logging_mixin.py:188} INFO - [2026-09-17T21:27:03.772+0000] {dag.py:3954} INFO - Setting next_dagrun for data_loading to None, run_after=None
[2026-09-17T21:27:03.800+0000] {processor.py:183} INFO - Processing /opt/airflow/dags/loading_dag.py took 0.115 seconds
[2026-09-17T21:27:34.079+0000] {processor.py:161} INFO - Started process (PID=1100) to work on /opt/airflow/dags/loading_dag.py
[2026-09-17T21:27:34.080+0000] {processor.py:830} INFO - Processing file /opt/airflow/dags/loading_dag.py for tasks to queue
[2026-09-17T21:27:34.081+0000] {logging_mixin.py:188} INFO - [2026-09-17T21:27:34.081+0000] {dagbag.py:545} INFO - Filling up the DagBag from /opt/airflow/dags/loading_dag.py
[2026-09-17T21:27:34.094+0000] {processor.py:840} INFO - DAG(s) 'data_loading' retrieved from /opt/airflow/dags/loading_dag.py
[2026-09-17T21:27:34.122+0000] {logging_mixin.py:188} INFO - [2026-09-17T21:27:34.122+0000] {dag.py:3096} INFO - Sync 1 DAGs
[2026-09-17T21:27:34.147+0000] {logging_mixin.py:188} INFO - [2026-09-17T21:27:34.146+0000] {dag.py:3954} INFO - Setting next_dagrun for data_loading to None, run_after=None
[2026-09-17T21:27:34.168+0000] {processor.py:183} INFO - Processing /opt/airflow/dags/loading_dag.py took 0.096 seconds
[2026-09-17T21:28:04.568+0000] {processor.py:161} INFO - Started process (PID=1108) to work on /opt/airflow/dags/loading_dag.py
[2026-09-17T21:28:04.570+0000] {processor.py:830} INFO - Processing file /opt/airflow/dags/loading_dag.py for tasks to queue
[2026-09-17T21:28:04.571+0000] {logging_mixin.py:188} INFO - [2026-09-17T21:28:04.571+0000] {dagbag.py:545} INFO - Filling up the DagBag from /opt/airflow/dags/loading_dag.py
[2026-09-17T21:28:04.584+0000] {processor.py:840} INFO - DAG(s) 'data_loading' retrieved from /opt/airflow/dags/loading_dag.py
[2026-09-17T21:28:04.615+0000] {logging_mixin.py:188} INFO - [2026-09-17T21:28:04.615+0000] {dag.py:3096} INFO - Sync 1 DAGs
[2026-09-17T21:28:04.637+0000] {logging_mixin.py:188} INFO - [2026-09-17T21:28:04.637+0000] {dag.py:3954} INFO - Setting next_dagrun for data_loading to None, run_after=None
[2026-09-17T21:28:04.662+0000] {processor.py:183} INFO - Processing /opt/airflow/dags/loading_dag.py took 0.103 seconds
[2026-09-17T21:28:35.170+0000] {processor.py:161} INFO - Started process (PID=1116) to work on /opt/airflow/dags/loading_dag.py
[2026-09-17T21:28:35.171+0000] {processor.py:830} INFO - Processing file /opt/airflow/dags/loading_dag.py for tasks to queue
[2026-09-17T21:28:35.172+0000] {logging_mixin.py:188} INFO - [2026-09-17T21:28:35.171+0000] {dagbag.py:545} INFO - Filling up the DagBag from /opt/airflow/dags/loading_dag.py
[2026-09-17T21:28:35.185+0000] {processor.py:840} INFO - DAG(s) 'data_loading' retrieved from /opt/airflow/dags/loading_dag.py
[2026-09-17T21:28:35.215+0000] {logging_mixin.py:188} INFO - [2026-09-17T21:28:35.215+0000] {dag.py:3096} INFO - Sync 1 DAGs
[2026-09-17T21:28:35.236+0000] {logging_mixin.py:188} INFO - [2026-09-17T21:28:35.236+0000] {dag.py:3954} INFO - Setting next_dagrun for data_loading to None, run_after=None
[2026-09-17T21:28:35.259+0000] {processor.py:183} INFO - Processing /opt/airflow/dags/loading_dag.py took 0.095 seconds
[2026-09-17T21:29:05.411+0000] {processor.py:161} INFO - Started process (PID=1124) to work on /opt/airflow/dags/loading_dag.py
[2026-09-17T21:29:05.413+0000] {processor.py:830} INFO - Processing file /opt/airflow/dags/loading_dag.py for tasks to queue
[2026-09-17T21:29:05.414+0000] {logging_mixin.py:188} INFO - [2026-09-17T21:29:05.414+0000] {dagbag.py:545} INFO - Filling up the DagBag from /opt/airflow/dags/loading_dag.py
[2026-09-17T21:29:05.428+0000] {processor.py:840} INFO - DAG(s) 'data_loading' retrieved from /opt/airflow/dags/loading_dag.py
[2026-09-17T21:29:05.468+0000] {logging_mixin.py:188} INFO - [2026-09-17T21:29:05.468+0000] {dag.py:3096} INFO - Sync 1 DAGs
[2026-09-17T21:29:05.503+0000] {logging_mixin.py:188} INFO - [2026-09-17T21:29:05.503+0000] {dag.py:3954} INFO - Setting next_dagrun for data_loading to None, run_after=None
[2026-09-17T21:29:05.530+0000] {processor.py:183} INFO - Processing /opt/airflow/dags/loading_dag.py took 0.128 seconds
[2026-09-17T21:29:36.047+0000] {processor.py:161} INFO - Started process (PID=1138) to work on /opt/airflow/dags/loading_dag.py
[2026-09-17T21:29:36.048+0000] {processor.py:830} INFO - Processing file /opt/airflow/dags/loading_dag.py for tasks to queue
[2026-09-17T21:29:36.050+0000] {logging_mixin.py:188} INFO - [2026-09-17T21:29:36.049+0000] {dagbag.py:545} INFO - Filling up the DagBag from /opt/airflow/dags/loading_dag.py
[2026-09-17T21:29:36.072+0000] {processor.py:840} INFO - DAG(s) 'data_loading' retrieved from /opt/airflow/dags/loading_dag.py
[2026-09-17T21:29:36.118+0000] {logging_mixin.py:188} INFO - [2026-09-17T21:29:36.118+0000] {dag.py:3096} INFO - Sync 1 DAGs
[2026-09-17T21:29:36.152+0000] {logging_mixin.py:188} INFO - [2026-09-17T21:29:36.152+0000] {dag.py:3954} INFO - Setting next_dagrun for data_loading to None, run_after=None
[2026-09-17T21:29:36.176+0000] {processor.py:183} INFO - Processing /opt/airflow/dags/loading_dag.py took 0.141 seconds
[2026-09-17T21:30:06.317+0000] {processor.py:161} INFO - Started process (PID=1146) to work on /opt/airflow/dags/loading_dag.py
[2026-09-17T21:30:06.319+0000] {processor.py:830} INFO - Processing file /opt/airflow/dags/loading_dag.py for tasks to queue
[2026-09-17T21:30:06.321+0000] {logging_mixin.py:188} INFO - [2026-09-17T21:30:06.320+0000] {dagbag.py:545} INFO - Filling up the DagBag from /opt/airflow/dags/loading_dag.py
[2026-09-17T21:30:06.343+0000] {processor.py:840} INFO - DAG(s) 'data_loading' retrieved from /opt/airflow/dags/loading_dag.py
[2026-09-17T21:30:06.386+0000] {logging_mixin.py:188} INFO - [2026-09-17T21:30:06.386+0000] {dag.py:3096} INFO - Sync 1 DAGs
[2026-09-17T21:30:06.418+0000] {logging_mixin.py:188} INFO - [2026-09-17T21:30:06.417+0000] {dag.py:3954} INFO - Setting next_dagrun for data_loading to None, run_after=None
[2026-09-17T21:30:06.440+0000] {processor.py:183} INFO - Processing /opt/airflow/dags/loading_dag.py took 0.136 seconds
[2026-09-17T21:30:36.774+0000] {processor.py:161} INFO - Started process (PID=1154) to work on /opt/airflow/dags/loading_dag.py
[2026-09-17T21:30:36.776+0000] {processor.py:830} INFO - Processing file /opt/airflow/dags/loading_dag.py for tasks to queue
[2026-09-17T21:30:36.777+0000] {logging_mixin.py:188} INFO - [2026-09-17T21:30:36.777+0000] {dagbag.py:545} INFO - Filling up the DagBag from /opt/airflow/dags/loading_dag.py
[2026-09-17T21:30:36.791+0000] {processor.py:840} INFO - DAG(s) 'data_loading' retrieved from /opt/airflow/dags/loading_dag.py
[2026-09-17T21:30:36.829+0000] {logging_mixin.py:188} INFO - [2026-09-17T21:30:36.828+0000] {dag.py:3096} INFO - Sync 1 DAGs
[2026-09-17T21:30:36.868+0000] {logging_mixin.py:188} INFO - [2026-09-17T21:30:36.867+0000] {dag.py:3954} INFO - Setting next_dagrun for data_loading to None, run_after=None
[2026-09-17T21:30:36.899+0000] {processor.py:183} INFO - Processing /opt/airflow/dags/loading_dag.py took 0.133 seconds
[2026-09-17T21:31:07.617+0000] {processor.py:161} INFO - Started process (PID=1162) to work on /opt/airflow/dags/loading_dag.py
[2026-09-17T21:31:07.619+0000] {processor.py:830} INFO - Processing file /opt/airflow/dags/loading_dag.py for tasks to queue
[2026-09-17T21:31:07.620+0000] {logging_mixin.py:188} INFO - [2026-09-17T21:31:07.620+0000] {dagbag.py:545} INFO - Filling up the DagBag from /opt/airflow/dags/loading_dag.py
[2026-09-17T21:31:07.644+0000] {processor.py:840} INFO - DAG(s) 'data_loading' retrieved from /opt/airflow/dags/loading_dag.py
[2026-09-17T21:31:07.685+0000] {logging_mixin.py:188} INFO - [2026-09-17T21:31:07.685+0000] {dag.py:3096} INFO - Sync 1 DAGs
[2026-09-17T21:31:07.718+0000] {logging_mixin.py:188} INFO - [2026-09-17T21:31:07.717+0000] {dag.py:3954} INFO - Setting next_dagrun for data_loading to None, run_after=None
[2026-09-17T21:31:07.743+0000] {processor.py:183} INFO - Processing /opt/airflow/dags/loading_dag.py took 0.136 seconds
[2026-09-17T21:31:38.200+0000] {processor.py:161} INFO - Started process (PID=1170) to work on /opt/airflow/dags/loading_dag.py
[2026-09-17T21:31:38.201+0000] {processor.py:830} INFO - Processing file /opt/airflow/dags/loading_dag.py for tasks to queue
[2026-09-17T21:31:38.202+0000] {logging_mixin.py:188} INFO - [2026-09-17T21:31:38.202+0000] {dagbag.py:545} INFO - Filling up the DagBag from /opt/airflow/dags/loading_dag.py
[2026-09-17T21:31:38.216+0000] {processor.py:840} INFO - DAG(s) 'data_loading' retrieved from /opt/airflow/dags/loading_dag.py
[2026-09-17T21:31:38.246+0000] {logging_mixin.py:188} INFO - [2026-09-17T21:31:38.245+0000] {dag.py:3096} INFO - Sync 1 DAGs
[2026-09-17T21:31:38.270+0000] {logging_mixin.py:188} INFO - [2026-09-17T21:31:38.270+0000] {dag.py:3954} INFO - Setting next_dagrun for data_loading to None, run_after=None
[2026-09-17T21:31:38.296+0000] {processor.py:183} INFO - Processing /opt/airflow/dags/loading_dag.py took 0.103 seconds
[2026-09-17T21:32:08.464+0000] {processor.py:161} INFO - Started process (PID=1178) to work on /opt/airflow/dags/loading_dag.py
[2026-09-17T21:32:08.465+0000] {processor.py:830} INFO - Processing file /opt/airflow/dags/loading_dag.py for tasks to queue
[2026-09-17T21:32:08.466+0000] {logging_mixin.py:188} INFO - [2026-09-17T21:32:08.466+0000] {dagbag.py:545} INFO - Filling up the DagBag from /opt/airflow/dags/loading_dag.py
[2026-09-17T21:32:08.483+0000] {processor.py:840} INFO - DAG(s) 'data_loading' retrieved from /opt/airflow/dags/loading_dag.py
[2026-09-17T21:32:08.515+0000] {logging_mixin.py:188} INFO - [2026-09-17T21:32:08.514+0000] {dag.py:3096} INFO - Sync 1 DAGs
[2026-09-17T21:32:08.541+0000] {logging_mixin.py:188} INFO - [2026-09-17T21:32:08.541+0000] {dag.py:3954} INFO - Setting next_dagrun for data_loading to None, run_after=None
[2026-09-17T21:32:08.562+0000] {processor.py:183} INFO - Processing /opt/airflow/dags/loading_dag.py took 0.107 seconds
[2026-09-17T21:32:38.736+0000] {processor.py:161} INFO - Started process (PID=1186) to work on /opt/airflow/dags/loading_dag.py
[2026-09-17T21:32:38.738+0000] {processor.py:830} INFO - Processing file /opt/airflow/dags/loading_dag.py for tasks to queue
[2026-09-17T21:32:38.739+0000] {logging_mixin.py:188} INFO - [2026-09-17T21:32:38.739+0000] {dagbag.py:545} INFO - Filling up the DagBag from /opt/airflow/dags/loading_dag.py
[2026-09-17T21:32:38.753+0000] {processor.py:840} INFO - DAG(s) 'data_loading' retrieved from /opt/airflow/dags/loading_dag.py
[2026-09-17T21:32:38.787+0000] {logging_mixin.py:188} INFO - [2026-09-17T21:32:38.787+0000] {dag.py:3096} INFO - Sync 1 DAGs
[2026-09-17T21:32:38.819+0000] {logging_mixin.py:188} INFO - [2026-09-17T21:32:38.819+0000] {dag.py:3954} INFO - Setting next_dagrun for data_loading to None, run_after=None
[2026-09-17T21:32:38.841+0000] {processor.py:183} INFO - Processing /opt/airflow/dags/loading_dag.py took 0.111 seconds
[2026-09-17T21:33:08.954+0000] {processor.py:161} INFO - Started process (PID=1194) to work on /opt/airflow/dags/loading_dag.py
[2026-09-17T21:33:08.956+0000] {processor.py:830} INFO - Processing file /opt/airflow/dags/loading_dag.py for tasks to queue
[2026-09-17T21:33:08.957+0000] {logging_mixin.py:188} INFO - [2026-09-17T21:33:08.957+0000] {dagbag.py:545} INFO - Filling up the DagBag from /opt/airflow/dags/loading_dag.py
[2026-09-17T21:33:08.974+0000] {processor.py:840} INFO - DAG(s) 'data_loading' retrieved from /opt/airflow/dags/loading_dag.py
[2026-09-17T21:33:09.001+0000] {logging_mixin.py:188} INFO - [2026-09-17T21:33:09.001+0000] {dag.py:3096} INFO - Sync 1 DAGs
[2026-09-17T21:33:09.021+0000] {logging_mixin.py:188} INFO - [2026-09-17T21:33:09.020+0000] {dag.py:3954} INFO - Setting next_dagrun for data_loading to None, run_after=None
[2026-09-17T21:33:09.048+0000] {processor.py:183} INFO - Processing /opt/airflow/dags/loading_dag.py took 0.101 seconds
[2026-09-17T21:33:39.659+0000] {processor.py:161} INFO - Started process (PID=1202) to work on /opt/airflow/dags/loading_dag.py
[2026-09-17T21:33:39.660+0000] {processor.py:830} INFO - Processing file /opt/airflow/dags/loading_dag.py for tasks to queue
[2026-09-17T21:33:39.661+0000] {logging_mixin.py:188} INFO - [2026-09-17T21:33:39.661+0000] {dagbag.py:545} INFO - Filling up the DagBag from /opt/airflow/dags/loading_dag.py
[2026-09-17T21:33:39.678+0000] {processor.py:840} INFO - DAG(s) 'data_loading' retrieved from /opt/airflow/dags/loading_dag.py
[2026-09-17T21:33:39.711+0000] {logging_mixin.py:188} INFO - [2026-09-17T21:33:39.711+0000] {dag.py:3096} INFO - Sync 1 DAGs
[2026-09-17T21:33:39.736+0000] {logging_mixin.py:188} INFO - [2026-09-17T21:33:39.736+0000] {dag.py:3954} INFO - Setting next_dagrun for data_loading to None, run_after=None
[2026-09-17T21:33:39.757+0000] {processor.py:183} INFO - Processing /opt/airflow/dags/loading_dag.py took 0.106 seconds
[2026-09-17T21:34:10.770+0000] {processor.py:161} INFO - Started process (PID=1211) to work on /opt/airflow/dags/loading_dag.py
[2026-09-17T21:34:10.772+0000] {processor.py:830} INFO - Processing file /opt/airflow/dags/loading_dag.py for tasks to queue
[2026-09-17T21:34:10.773+0000] {logging_mixin.py:188} INFO - [2026-09-17T21:34:10.772+0000] {dagbag.py:545} INFO - Filling up the DagBag from /opt/airflow/dags/loading_dag.py
[2026-09-17T21:34:10.785+0000] {processor.py:840} INFO - DAG(s) 'data_loading' retrieved from /opt/airflow/dags/loading_dag.py
[2026-09-17T21:34:10.815+0000] {logging_mixin.py:188} INFO - [2026-09-17T21:34:10.814+0000] {dag.py:3096} INFO - Sync 1 DAGs
[2026-09-17T21:34:10.841+0000] {logging_mixin.py:188} INFO - [2026-09-17T21:34:10.841+0000] {dag.py:3954} INFO - Setting next_dagrun for data_loading to None, run_after=None
[2026-09-17T21:34:10.866+0000] {processor.py:183} INFO - Processing /opt/airflow/dags/loading_dag.py took 0.104 seconds
[2026-09-17T21:34:41.085+0000] {processor.py:161} INFO - Started process (PID=1230) to work on /opt/airflow/dags/loading_dag.py
[2026-09-17T21:34:41.087+0000] {processor.py:830} INFO - Processing file /opt/airflow/dags/loading_dag.py for tasks to queue
[2026-09-17T21:34:41.088+0000] {logging_mixin.py:188} INFO - [2026-09-17T21:34:41.087+0000] {dagbag.py:545} INFO - Filling up the DagBag from /opt/airflow/dags/loading_dag.py
[2026-09-17T21:34:41.105+0000] {processor.py:840} INFO - DAG(s) 'data_loading' retrieved from /opt/airflow/dags/loading_dag.py
[2026-09-17T21:34:41.136+0000] {logging_mixin.py:188} INFO - [2026-09-17T21:34:41.136+0000] {dag.py:3096} INFO - Sync 1 DAGs
[2026-09-17T21:34:41.162+0000] {logging_mixin.py:188} INFO - [2026-09-17T21:34:41.161+0000] {dag.py:3954} INFO - Setting next_dagrun for data_loading to None, run_after=None
[2026-09-17T21:34:41.190+0000] {processor.py:183} INFO - Processing /opt/airflow/dags/loading_dag.py took 0.115 seconds
[2026-09-17T21:35:11.683+0000] {processor.py:161} INFO - Started process (PID=1238) to work on /opt/airflow/dags/loading_dag.py
[2026-09-17T21:35:11.689+0000] {processor.py:830} INFO - Processing file /opt/airflow/dags/loading_dag.py for tasks to queue
[2026-09-17T21:35:11.690+0000] {logging_mixin.py:188} INFO - [2026-09-17T21:35:11.690+0000] {dagbag.py:545} INFO - Filling up the DagBag from /opt/airflow/dags/loading_dag.py
[2026-09-17T21:35:11.705+0000] {processor.py:840} INFO - DAG(s) 'data_loading' retrieved from /opt/airflow/dags/loading_dag.py
[2026-09-17T21:35:11.737+0000] {logging_mixin.py:188} INFO - [2026-09-17T21:35:11.737+0000] {dag.py:3096} INFO - Sync 1 DAGs
[2026-09-17T21:35:11.764+0000] {logging_mixin.py:188} INFO - [2026-09-17T21:35:11.764+0000] {dag.py:3954} INFO - Setting next_dagrun for data_loading to None, run_after=None
[2026-09-17T21:35:11.789+0000] {processor.py:183} INFO - Processing /opt/airflow/dags/loading_dag.py took 0.118 seconds
[2026-09-17T21:35:42.283+0000] {processor.py:161} INFO - Started process (PID=1246) to work on /opt/airflow/dags/loading_dag.py
[2026-09-17T21:35:42.284+0000] {processor.py:830} INFO - Processing file /opt/airflow/dags/loading_dag.py for tasks to queue
[2026-09-17T21:35:42.285+0000] {logging_mixin.py:188} INFO - [2026-09-17T21:35:42.285+0000] {dagbag.py:545} INFO - Filling up the DagBag from /opt/airflow/dags/loading_dag.py
[2026-09-17T21:35:42.298+0000] {processor.py:840} INFO - DAG(s) 'data_loading' retrieved from /opt/airflow/dags/loading_dag.py
[2026-09-17T21:35:42.331+0000] {logging_mixin.py:188} INFO - [2026-09-17T21:35:42.331+0000] {dag.py:3096} INFO - Sync 1 DAGs
[2026-09-17T21:35:42.355+0000] {logging_mixin.py:188} INFO - [2026-09-17T21:35:42.355+0000] {dag.py:3954} INFO - Setting next_dagrun for data_loading to None, run_after=None
[2026-09-17T21:35:42.381+0000] {processor.py:183} INFO - Processing /opt/airflow/dags/loading_dag.py took 0.107 seconds
[2026-09-17T21:36:12.839+0000] {processor.py:161} INFO - Started process (PID=1253) to work on /opt/airflow/dags/loading_dag.py
[2026-09-17T21:36:12.846+0000] {processor.py:830} INFO - Processing file /opt/airflow/dags/loading_dag.py for tasks to queue
[2026-09-17T21:36:12.848+0000] {logging_mixin.py:188} INFO - [2026-09-17T21:36:12.847+0000] {dagbag.py:545} INFO - Filling up the DagBag from /opt/airflow/dags/loading_dag.py
[2026-09-17T21:36:12.871+0000] {processor.py:840} INFO - DAG(s) 'data_loading' retrieved from /opt/airflow/dags/loading_dag.py
[2026-09-17T21:36:12.916+0000] {logging_mixin.py:188} INFO - [2026-09-17T21:36:12.915+0000] {dag.py:3096} INFO - Sync 1 DAGs
[2026-09-17T21:36:12.952+0000] {logging_mixin.py:188} INFO - [2026-09-17T21:36:12.952+0000] {dag.py:3954} INFO - Setting next_dagrun for data_loading to None, run_after=None
[2026-09-17T21:36:12.988+0000] {processor.py:183} INFO - Processing /opt/airflow/dags/loading_dag.py took 0.164 seconds
[2026-09-17T21:36:43.188+0000] {processor.py:161} INFO - Started process (PID=1266) to work on /opt/airflow/dags/loading_dag.py
[2026-09-17T21:36:43.190+0000] {processor.py:830} INFO - Processing file /opt/airflow/dags/loading_dag.py for tasks to queue
[2026-09-17T21:36:43.192+0000] {logging_mixin.py:188} INFO - [2026-09-17T21:36:43.191+0000] {dagbag.py:545} INFO - Filling up the DagBag from /opt/airflow/dags/loading_dag.py
[2026-09-17T21:36:43.218+0000] {processor.py:840} INFO - DAG(s) 'data_loading' retrieved from /opt/airflow/dags/loading_dag.py
[2026-09-17T21:36:43.263+0000] {logging_mixin.py:188} INFO - [2026-09-17T21:36:43.263+0000] {dag.py:3096} INFO - Sync 1 DAGs
[2026-09-17T21:36:43.298+0000] {logging_mixin.py:188} INFO - [2026-09-17T21:36:43.297+0000] {dag.py:3954} INFO - Setting next_dagrun for data_loading to None, run_after=None
[2026-09-17T21:36:43.336+0000] {processor.py:183} INFO - Processing /opt/airflow/dags/loading_dag.py took 0.157 seconds
[2026-09-17T21:37:13.887+0000] {processor.py:161} INFO - Started process (PID=1278) to work on /opt/airflow/dags/loading_dag.py
[2026-09-17T21:37:13.889+0000] {processor.py:830} INFO - Processing file /opt/airflow/dags/loading_dag.py for tasks to queue
[2026-09-17T21:37:13.891+0000] {logging_mixin.py:188} INFO - [2026-09-17T21:37:13.890+0000] {dagbag.py:545} INFO - Filling up the DagBag from /opt/airflow/dags/loading_dag.py
[2026-09-17T21:37:13.916+0000] {processor.py:840} INFO - DAG(s) 'data_loading' retrieved from /opt/airflow/dags/loading_dag.py
[2026-09-17T21:37:13.961+0000] {logging_mixin.py:188} INFO - [2026-09-17T21:37:13.960+0000] {dag.py:3096} INFO - Sync 1 DAGs
[2026-09-17T21:37:14.009+0000] {logging_mixin.py:188} INFO - [2026-09-17T21:37:14.009+0000] {dag.py:3954} INFO - Setting next_dagrun for data_loading to None, run_after=None
[2026-09-17T21:37:14.052+0000] {processor.py:183} INFO - Processing /opt/airflow/dags/loading_dag.py took 0.178 seconds
[2026-09-17T21:37:44.140+0000] {processor.py:161} INFO - Started process (PID=1288) to work on /opt/airflow/dags/loading_dag.py
[2026-09-17T21:37:44.141+0000] {processor.py:830} INFO - Processing file /opt/airflow/dags/loading_dag.py for tasks to queue
[2026-09-17T21:37:44.143+0000] {logging_mixin.py:188} INFO - [2026-09-17T21:37:44.142+0000] {dagbag.py:545} INFO - Filling up the DagBag from /opt/airflow/dags/loading_dag.py
[2026-09-17T21:37:44.158+0000] {processor.py:840} INFO - DAG(s) 'data_loading' retrieved from /opt/airflow/dags/loading_dag.py
[2026-09-17T21:37:44.192+0000] {logging_mixin.py:188} INFO - [2026-09-17T21:37:44.191+0000] {dag.py:3096} INFO - Sync 1 DAGs
[2026-09-17T21:37:44.228+0000] {logging_mixin.py:188} INFO - [2026-09-17T21:37:44.227+0000] {dag.py:3954} INFO - Setting next_dagrun for data_loading to None, run_after=None
[2026-09-17T21:37:44.263+0000] {processor.py:183} INFO - Processing /opt/airflow/dags/loading_dag.py took 0.134 seconds
[2026-09-17T21:38:58.658+0000] {processor.py:161} INFO - Started process (PID=58) to work on /opt/airflow/dags/loading_dag.py
[2026-09-17T21:38:58.662+0000] {processor.py:830} INFO - Processing file /opt/airflow/dags/loading_dag.py for tasks to queue
[2026-09-17T21:38:58.671+0000] {logging_mixin.py:188} INFO - [2026-09-17T21:38:58.670+0000] {dagbag.py:545} INFO - Filling up the DagBag from /opt/airflow/dags/loading_dag.py
[2026-09-17T21:38:58.729+0000] {processor.py:840} INFO - DAG(s) 'data_loading' retrieved from /opt/airflow/dags/loading_dag.py
[2026-09-17T21:38:58.954+0000] {logging_mixin.py:188} INFO - [2026-09-17T21:38:58.953+0000] {override.py:1829} INFO - Created Permission View: can delete on DAG:data_loading
[2026-09-17T21:38:58.971+0000] {logging_mixin.py:188} INFO - [2026-09-17T21:38:58.970+0000] {override.py:1829} INFO - Created Permission View: can edit on DAG:data_loading
[2026-09-17T21:38:58.982+0000] {logging_mixin.py:188} INFO - [2026-09-17T21:38:58.982+0000] {override.py:1829} INFO - Created Permission View: can read on DAG:data_loading
[2026-09-17T21:38:58.983+0000] {logging_mixin.py:188} INFO - [2026-09-17T21:38:58.983+0000] {dag.py:3096} INFO - Sync 1 DAGs
[2026-09-17T21:38:59.005+0000] {logging_mixin.py:188} INFO - [2026-09-17T21:38:59.005+0000] {dag.py:3118} INFO - Creating ORM DAG for data_loading
[2026-09-17T21:38:59.025+0000] {logging_mixin.py:188} INFO - [2026-09-17T21:38:59.024+0000] {dag.py:3954} INFO - Setting next_dagrun for data_loading to None, run_after=None
[2026-09-17T21:38:59.054+0000] {processor.py:183} INFO - Processing /opt/airflow/dags/loading_dag.py took 0.425 seconds
[2026-09-17T21:39:29.776+0000] {processor.py:161} INFO - Started process (PID=72) to work on /opt/airflow/dags/loading_dag.py
[2026-09-17T21:39:29.777+0000] {processor.py:830} INFO - Processing file /opt/airflow/dags/loading_dag.py for tasks to queue
[2026-09-17T21:39:29.781+0000] {logging_mixin.py:188} INFO - [2026-09-17T21:39:29.780+0000] {dagbag.py:545} INFO - Filling up the DagBag from /opt/airflow/dags/loading_dag.py
[2026-09-17T21:39:29.796+0000] {processor.py:840} INFO - DAG(s) 'data_loading' retrieved from /opt/airflow/dags/loading_dag.py
[2026-09-17T21:39:29.829+0000] {logging_mixin.py:188} INFO - [2026-09-17T21:39:29.829+0000] {dag.py:3096} INFO - Sync 1 DAGs
[2026-09-17T21:39:29.858+0000] {logging_mixin.py:188} INFO - [2026-09-17T21:39:29.858+0000] {dag.py:3954} INFO - Setting next_dagrun for data_loading to None, run_after=None
[2026-09-17T21:39:29.880+0000] {processor.py:183} INFO - Processing /opt/airflow/dags/loading_dag.py took 0.112 seconds
[2026-09-17T21:40:00.278+0000] {processor.py:161} INFO - Started process (PID=81) to work on /opt/airflow/dags/loading_dag.py
[2026-09-17T21:40:00.280+0000] {processor.py:830} INFO - Processing file /opt/airflow/dags/loading_dag.py for tasks to queue
[2026-09-17T21:40:00.283+0000] {logging_mixin.py:188} INFO - [2026-09-17T21:40:00.282+0000] {dagbag.py:545} INFO - Filling up the DagBag from /opt/airflow/dags/loading_dag.py
[2026-09-17T21:40:00.300+0000] {processor.py:840} INFO - DAG(s) 'data_loading' retrieved from /opt/airflow/dags/loading_dag.py
[2026-09-17T21:40:00.333+0000] {logging_mixin.py:188} INFO - [2026-09-17T21:40:00.332+0000] {dag.py:3096} INFO - Sync 1 DAGs
[2026-09-17T21:40:00.359+0000] {logging_mixin.py:188} INFO - [2026-09-17T21:40:00.359+0000] {dag.py:3954} INFO - Setting next_dagrun for data_loading to None, run_after=None
[2026-09-17T21:40:00.388+0000] {processor.py:183} INFO - Processing /opt/airflow/dags/loading_dag.py took 0.121 seconds
[2026-09-17T21:40:31.194+0000] {processor.py:161} INFO - Started process (PID=89) to work on /opt/airflow/dags/loading_dag.py
[2026-09-17T21:40:31.199+0000] {processor.py:830} INFO - Processing file /opt/airflow/dags/loading_dag.py for tasks to queue
[2026-09-17T21:40:31.206+0000] {logging_mixin.py:188} INFO - [2026-09-17T21:40:31.205+0000] {dagbag.py:545} INFO - Filling up the DagBag from /opt/airflow/dags/loading_dag.py
[2026-09-17T21:40:31.233+0000] {processor.py:840} INFO - DAG(s) 'data_loading' retrieved from /opt/airflow/dags/loading_dag.py
[2026-09-17T21:40:31.336+0000] {logging_mixin.py:188} INFO - [2026-09-17T21:40:31.336+0000] {dag.py:3096} INFO - Sync 1 DAGs
[2026-09-17T21:40:31.379+0000] {logging_mixin.py:188} INFO - [2026-09-17T21:40:31.379+0000] {dag.py:3954} INFO - Setting next_dagrun for data_loading to None, run_after=None
[2026-09-17T21:40:31.414+0000] {processor.py:183} INFO - Processing /opt/airflow/dags/loading_dag.py took 0.254 seconds
[2026-09-17T21:41:02.378+0000] {processor.py:161} INFO - Started process (PID=97) to work on /opt/airflow/dags/loading_dag.py
[2026-09-17T21:41:02.380+0000] {processor.py:830} INFO - Processing file /opt/airflow/dags/loading_dag.py for tasks to queue
[2026-09-17T21:41:02.385+0000] {logging_mixin.py:188} INFO - [2026-09-17T21:41:02.384+0000] {dagbag.py:545} INFO - Filling up the DagBag from /opt/airflow/dags/loading_dag.py
[2026-09-17T21:41:02.429+0000] {processor.py:840} INFO - DAG(s) 'data_loading' retrieved from /opt/airflow/dags/loading_dag.py
[2026-09-17T21:41:02.460+0000] {logging_mixin.py:188} INFO - [2026-09-17T21:41:02.460+0000] {dag.py:3096} INFO - Sync 1 DAGs
[2026-09-17T21:41:02.483+0000] {logging_mixin.py:188} INFO - [2026-09-17T21:41:02.483+0000] {dag.py:3954} INFO - Setting next_dagrun for data_loading to None, run_after=None
[2026-09-17T21:41:02.510+0000] {processor.py:183} INFO - Processing /opt/airflow/dags/loading_dag.py took 0.145 seconds
[2026-09-17T21:41:32.600+0000] {processor.py:161} INFO - Started process (PID=105) to work on /opt/airflow/dags/loading_dag.py
[2026-09-17T21:41:32.602+0000] {processor.py:830} INFO - Processing file /opt/airflow/dags/loading_dag.py for tasks to queue
[2026-09-17T21:41:32.605+0000] {logging_mixin.py:188} INFO - [2026-09-17T21:41:32.605+0000] {dagbag.py:545} INFO - Filling up the DagBag from /opt/airflow/dags/loading_dag.py
[2026-09-17T21:41:32.623+0000] {processor.py:840} INFO - DAG(s) 'data_loading' retrieved from /opt/airflow/dags/loading_dag.py
[2026-09-17T21:41:32.658+0000] {logging_mixin.py:188} INFO - [2026-09-17T21:41:32.658+0000] {dag.py:3096} INFO - Sync 1 DAGs
[2026-09-17T21:41:32.695+0000] {logging_mixin.py:188} INFO - [2026-09-17T21:41:32.695+0000] {dag.py:3954} INFO - Setting next_dagrun for data_loading to None, run_after=None
[2026-09-17T21:41:32.721+0000] {processor.py:183} INFO - Processing /opt/airflow/dags/loading_dag.py took 0.131 seconds
[2026-09-17T21:42:02.810+0000] {processor.py:161} INFO - Started process (PID=133) to work on /opt/airflow/dags/loading_dag.py
[2026-09-17T21:42:02.816+0000] {processor.py:830} INFO - Processing file /opt/airflow/dags/loading_dag.py for tasks to queue
[2026-09-17T21:42:02.817+0000] {logging_mixin.py:188} INFO - [2026-09-17T21:42:02.817+0000] {dagbag.py:545} INFO - Filling up the DagBag from /opt/airflow/dags/loading_dag.py
[2026-09-17T21:42:02.828+0000] {processor.py:840} INFO - DAG(s) 'data_loading' retrieved from /opt/airflow/dags/loading_dag.py
[2026-09-17T21:42:02.854+0000] {logging_mixin.py:188} INFO - [2026-09-17T21:42:02.854+0000] {dag.py:3096} INFO - Sync 1 DAGs
[2026-09-17T21:42:02.899+0000] {logging_mixin.py:188} INFO - [2026-09-17T21:42:02.899+0000] {dag.py:3954} INFO - Setting next_dagrun for data_loading to None, run_after=None
[2026-09-17T21:42:02.920+0000] {processor.py:183} INFO - Processing /opt/airflow/dags/loading_dag.py took 0.116 seconds
[2026-09-17T21:42:32.994+0000] {processor.py:161} INFO - Started process (PID=161) to work on /opt/airflow/dags/loading_dag.py
[2026-09-17T21:42:32.995+0000] {processor.py:830} INFO - Processing file /opt/airflow/dags/loading_dag.py for tasks to queue
[2026-09-17T21:42:32.998+0000] {logging_mixin.py:188} INFO - [2026-09-17T21:42:32.997+0000] {dagbag.py:545} INFO - Filling up the DagBag from /opt/airflow/dags/loading_dag.py
[2026-09-17T21:42:33.022+0000] {processor.py:840} INFO - DAG(s) 'data_loading' retrieved from /opt/airflow/dags/loading_dag.py
[2026-09-17T21:42:33.090+0000] {logging_mixin.py:188} INFO - [2026-09-17T21:42:33.090+0000] {dag.py:3096} INFO - Sync 1 DAGs
[2026-09-17T21:42:33.134+0000] {logging_mixin.py:188} INFO - [2026-09-17T21:42:33.134+0000] {dag.py:3954} INFO - Setting next_dagrun for data_loading to None, run_after=None
[2026-09-17T21:42:33.171+0000] {processor.py:183} INFO - Processing /opt/airflow/dags/loading_dag.py took 0.186 seconds
[2026-09-17T21:43:04.106+0000] {processor.py:161} INFO - Started process (PID=184) to work on /opt/airflow/dags/loading_dag.py
[2026-09-17T21:43:04.109+0000] {processor.py:830} INFO - Processing file /opt/airflow/dags/loading_dag.py for tasks to queue
[2026-09-17T21:43:04.114+0000] {logging_mixin.py:188} INFO - [2026-09-17T21:43:04.114+0000] {dagbag.py:545} INFO - Filling up the DagBag from /opt/airflow/dags/loading_dag.py
[2026-09-17T21:43:04.169+0000] {processor.py:840} INFO - DAG(s) 'data_loading' retrieved from /opt/airflow/dags/loading_dag.py
[2026-09-17T21:43:04.230+0000] {logging_mixin.py:188} INFO - [2026-09-17T21:43:04.230+0000] {dag.py:3096} INFO - Sync 1 DAGs
[2026-09-17T21:43:04.305+0000] {logging_mixin.py:188} INFO - [2026-09-17T21:43:04.304+0000] {dag.py:3954} INFO - Setting next_dagrun for data_loading to None, run_after=None
[2026-09-17T21:43:04.339+0000] {processor.py:183} INFO - Processing /opt/airflow/dags/loading_dag.py took 0.241 seconds
[2026-09-17T21:43:35.003+0000] {processor.py:161} INFO - Started process (PID=192) to work on /opt/airflow/dags/loading_dag.py
[2026-09-17T21:43:35.005+0000] {processor.py:830} INFO - Processing file /opt/airflow/dags/loading_dag.py for tasks to queue
[2026-09-17T21:43:35.007+0000] {logging_mixin.py:188} INFO - [2026-09-17T21:43:35.007+0000] {dagbag.py:545} INFO - Filling up the DagBag from /opt/airflow/dags/loading_dag.py
[2026-09-17T21:43:35.046+0000] {processor.py:840} INFO - DAG(s) 'data_loading' retrieved from /opt/airflow/dags/loading_dag.py
[2026-09-17T21:43:35.173+0000] {logging_mixin.py:188} INFO - [2026-09-17T21:43:35.172+0000] {dag.py:3096} INFO - Sync 1 DAGs
[2026-09-17T21:43:35.223+0000] {logging_mixin.py:188} INFO - [2026-09-17T21:43:35.223+0000] {dag.py:3954} INFO - Setting next_dagrun for data_loading to None, run_after=None
[2026-09-17T21:43:35.268+0000] {processor.py:183} INFO - Processing /opt/airflow/dags/loading_dag.py took 0.277 seconds
[2026-09-17T21:44:05.566+0000] {processor.py:161} INFO - Started process (PID=200) to work on /opt/airflow/dags/loading_dag.py
[2026-09-17T21:44:05.568+0000] {processor.py:830} INFO - Processing file /opt/airflow/dags/loading_dag.py for tasks to queue
[2026-09-17T21:44:05.579+0000] {logging_mixin.py:188} INFO - [2026-09-17T21:44:05.574+0000] {dagbag.py:545} INFO - Filling up the DagBag from /opt/airflow/dags/loading_dag.py
[2026-09-17T21:44:05.617+0000] {processor.py:840} INFO - DAG(s) 'data_loading' retrieved from /opt/airflow/dags/loading_dag.py
[2026-09-17T21:44:05.664+0000] {logging_mixin.py:188} INFO - [2026-09-17T21:44:05.664+0000] {dag.py:3096} INFO - Sync 1 DAGs
[2026-09-17T21:44:05.698+0000] {logging_mixin.py:188} INFO - [2026-09-17T21:44:05.698+0000] {dag.py:3954} INFO - Setting next_dagrun for data_loading to None, run_after=None
[2026-09-17T21:44:05.726+0000] {processor.py:183} INFO - Processing /opt/airflow/dags/loading_dag.py took 0.172 seconds
[2026-09-17T21:44:35.799+0000] {processor.py:161} INFO - Started process (PID=214) to work on /opt/airflow/dags/loading_dag.py
[2026-09-17T21:44:35.800+0000] {processor.py:830} INFO - Processing file /opt/airflow/dags/loading_dag.py for tasks to queue
[2026-09-17T21:44:35.804+0000] {logging_mixin.py:188} INFO - [2026-09-17T21:44:35.804+0000] {dagbag.py:545} INFO - Filling up the DagBag from /opt/airflow/dags/loading_dag.py
[2026-09-17T21:44:35.825+0000] {processor.py:840} INFO - DAG(s) 'data_loading' retrieved from /opt/airflow/dags/loading_dag.py
[2026-09-17T21:44:35.859+0000] {logging_mixin.py:188} INFO - [2026-09-17T21:44:35.858+0000] {dag.py:3096} INFO - Sync 1 DAGs
[2026-09-17T21:44:35.890+0000] {logging_mixin.py:188} INFO - [2026-09-17T21:44:35.890+0000] {dag.py:3954} INFO - Setting next_dagrun for data_loading to None, run_after=None
[2026-09-17T21:44:35.919+0000] {processor.py:183} INFO - Processing /opt/airflow/dags/loading_dag.py took 0.137 seconds
[2026-09-17T21:45:06.289+0000] {processor.py:161} INFO - Started process (PID=228) to work on /opt/airflow/dags/loading_dag.py
[2026-09-17T21:45:06.294+0000] {processor.py:830} INFO - Processing file /opt/airflow/dags/loading_dag.py for tasks to queue
[2026-09-17T21:45:06.297+0000] {logging_mixin.py:188} INFO - [2026-09-17T21:45:06.297+0000] {dagbag.py:545} INFO - Filling up the DagBag from /opt/airflow/dags/loading_dag.py
[2026-09-17T21:45:06.313+0000] {processor.py:840} INFO - DAG(s) 'data_loading' retrieved from /opt/airflow/dags/loading_dag.py
[2026-09-17T21:45:06.344+0000] {logging_mixin.py:188} INFO - [2026-09-17T21:45:06.344+0000] {dag.py:3096} INFO - Sync 1 DAGs
[2026-09-17T21:45:06.369+0000] {logging_mixin.py:188} INFO - [2026-09-17T21:45:06.368+0000] {dag.py:3954} INFO - Setting next_dagrun for data_loading to None, run_after=None
[2026-09-17T21:45:06.395+0000] {processor.py:183} INFO - Processing /opt/airflow/dags/loading_dag.py took 0.116 seconds
[2026-09-17T21:45:37.303+0000] {processor.py:161} INFO - Started process (PID=236) to work on /opt/airflow/dags/loading_dag.py
[2026-09-17T21:45:37.305+0000] {processor.py:830} INFO - Processing file /opt/airflow/dags/loading_dag.py for tasks to queue
[2026-09-17T21:45:37.307+0000] {logging_mixin.py:188} INFO - [2026-09-17T21:45:37.307+0000] {dagbag.py:545} INFO - Filling up the DagBag from /opt/airflow/dags/loading_dag.py
[2026-09-17T21:45:37.319+0000] {processor.py:840} INFO - DAG(s) 'data_loading' retrieved from /opt/airflow/dags/loading_dag.py
[2026-09-17T21:45:37.349+0000] {logging_mixin.py:188} INFO - [2026-09-17T21:45:37.349+0000] {dag.py:3096} INFO - Sync 1 DAGs
[2026-09-17T21:45:37.371+0000] {logging_mixin.py:188} INFO - [2026-09-17T21:45:37.371+0000] {dag.py:3954} INFO - Setting next_dagrun for data_loading to None, run_after=None
[2026-09-17T21:45:37.404+0000] {processor.py:183} INFO - Processing /opt/airflow/dags/loading_dag.py took 0.108 seconds
[2026-09-17T21:46:07.474+0000] {processor.py:161} INFO - Started process (PID=244) to work on /opt/airflow/dags/loading_dag.py
[2026-09-17T21:46:07.479+0000] {processor.py:830} INFO - Processing file /opt/airflow/dags/loading_dag.py for tasks to queue
[2026-09-17T21:46:07.482+0000] {logging_mixin.py:188} INFO - [2026-09-17T21:46:07.481+0000] {dagbag.py:545} INFO - Filling up the DagBag from /opt/airflow/dags/loading_dag.py
[2026-09-17T21:46:07.497+0000] {processor.py:840} INFO - DAG(s) 'data_loading' retrieved from /opt/airflow/dags/loading_dag.py
[2026-09-17T21:46:07.546+0000] {logging_mixin.py:188} INFO - [2026-09-17T21:46:07.545+0000] {dag.py:3096} INFO - Sync 1 DAGs
[2026-09-17T21:46:07.591+0000] {logging_mixin.py:188} INFO - [2026-09-17T21:46:07.590+0000] {dag.py:3954} INFO - Setting next_dagrun for data_loading to None, run_after=None
[2026-09-17T21:46:07.618+0000] {processor.py:183} INFO - Processing /opt/airflow/dags/loading_dag.py took 0.154 seconds
[2026-09-17T21:46:37.696+0000] {processor.py:161} INFO - Started process (PID=252) to work on /opt/airflow/dags/loading_dag.py
[2026-09-17T21:46:37.701+0000] {processor.py:830} INFO - Processing file /opt/airflow/dags/loading_dag.py for tasks to queue
[2026-09-17T21:46:37.704+0000] {logging_mixin.py:188} INFO - [2026-09-17T21:46:37.703+0000] {dagbag.py:545} INFO - Filling up the DagBag from /opt/airflow/dags/loading_dag.py
[2026-09-17T21:46:37.717+0000] {processor.py:840} INFO - DAG(s) 'data_loading' retrieved from /opt/airflow/dags/loading_dag.py
[2026-09-17T21:46:37.748+0000] {logging_mixin.py:188} INFO - [2026-09-17T21:46:37.748+0000] {dag.py:3096} INFO - Sync 1 DAGs
[2026-09-17T21:46:37.769+0000] {logging_mixin.py:188} INFO - [2026-09-17T21:46:37.769+0000] {dag.py:3954} INFO - Setting next_dagrun for data_loading to None, run_after=None
[2026-09-17T21:46:37.791+0000] {processor.py:183} INFO - Processing /opt/airflow/dags/loading_dag.py took 0.103 seconds
[2026-09-17T21:47:08.106+0000] {processor.py:161} INFO - Started process (PID=260) to work on /opt/airflow/dags/loading_dag.py
[2026-09-17T21:47:08.112+0000] {processor.py:830} INFO - Processing file /opt/airflow/dags/loading_dag.py for tasks to queue
[2026-09-17T21:47:08.115+0000] {logging_mixin.py:188} INFO - [2026-09-17T21:47:08.114+0000] {dagbag.py:545} INFO - Filling up the DagBag from /opt/airflow/dags/loading_dag.py
[2026-09-17T21:47:08.130+0000] {processor.py:840} INFO - DAG(s) 'data_loading' retrieved from /opt/airflow/dags/loading_dag.py
[2026-09-17T21:47:08.154+0000] {logging_mixin.py:188} INFO - [2026-09-17T21:47:08.154+0000] {dag.py:3096} INFO - Sync 1 DAGs
[2026-09-17T21:47:08.178+0000] {logging_mixin.py:188} INFO - [2026-09-17T21:47:08.178+0000] {dag.py:3954} INFO - Setting next_dagrun for data_loading to None, run_after=None
[2026-09-17T21:47:08.211+0000] {processor.py:183} INFO - Processing /opt/airflow/dags/loading_dag.py took 0.124 seconds
[2026-09-17T21:47:38.548+0000] {processor.py:161} INFO - Started process (PID=271) to work on /opt/airflow/dags/loading_dag.py
[2026-09-17T21:47:38.556+0000] {processor.py:830} INFO - Processing file /opt/airflow/dags/loading_dag.py for tasks to queue
[2026-09-17T21:47:38.562+0000] {logging_mixin.py:188} INFO - [2026-09-17T21:47:38.561+0000] {dagbag.py:545} INFO - Filling up the DagBag from /opt/airflow/dags/loading_dag.py
[2026-09-17T21:47:38.583+0000] {processor.py:840} INFO - DAG(s) 'data_loading' retrieved from /opt/airflow/dags/loading_dag.py
[2026-09-17T21:47:38.628+0000] {logging_mixin.py:188} INFO - [2026-09-17T21:47:38.627+0000] {dag.py:3096} INFO - Sync 1 DAGs
[2026-09-17T21:47:38.659+0000] {logging_mixin.py:188} INFO - [2026-09-17T21:47:38.659+0000] {dag.py:3954} INFO - Setting next_dagrun for data_loading to None, run_after=None
[2026-09-17T21:47:38.688+0000] {processor.py:183} INFO - Processing /opt/airflow/dags/loading_dag.py took 0.162 seconds
[2026-09-17T21:48:08.990+0000] {processor.py:161} INFO - Started process (PID=279) to work on /opt/airflow/dags/loading_dag.py
[2026-09-17T21:48:08.992+0000] {processor.py:830} INFO - Processing file /opt/airflow/dags/loading_dag.py for tasks to queue
[2026-09-17T21:48:08.995+0000] {logging_mixin.py:188} INFO - [2026-09-17T21:48:08.994+0000] {dagbag.py:545} INFO - Filling up the DagBag from /opt/airflow/dags/loading_dag.py
[2026-09-17T21:48:09.014+0000] {processor.py:840} INFO - DAG(s) 'data_loading' retrieved from /opt/airflow/dags/loading_dag.py
[2026-09-17T21:48:09.062+0000] {logging_mixin.py:188} INFO - [2026-09-17T21:48:09.061+0000] {dag.py:3096} INFO - Sync 1 DAGs
[2026-09-17T21:48:09.089+0000] {logging_mixin.py:188} INFO - [2026-09-17T21:48:09.089+0000] {dag.py:3954} INFO - Setting next_dagrun for data_loading to None, run_after=None
[2026-09-17T21:48:09.107+0000] {processor.py:183} INFO - Processing /opt/airflow/dags/loading_dag.py took 0.129 seconds
[2026-09-17T21:48:39.761+0000] {processor.py:161} INFO - Started process (PID=287) to work on /opt/airflow/dags/loading_dag.py
[2026-09-17T21:48:39.763+0000] {processor.py:830} INFO - Processing file /opt/airflow/dags/loading_dag.py for tasks to queue
[2026-09-17T21:48:39.765+0000] {logging_mixin.py:188} INFO - [2026-09-17T21:48:39.764+0000] {dagbag.py:545} INFO - Filling up the DagBag from /opt/airflow/dags/loading_dag.py
[2026-09-17T21:48:39.777+0000] {processor.py:840} INFO - DAG(s) 'data_loading' retrieved from /opt/airflow/dags/loading_dag.py
[2026-09-17T21:48:39.803+0000] {logging_mixin.py:188} INFO - [2026-09-17T21:48:39.803+0000] {dag.py:3096} INFO - Sync 1 DAGs
[2026-09-17T21:48:39.824+0000] {logging_mixin.py:188} INFO - [2026-09-17T21:48:39.824+0000] {dag.py:3954} INFO - Setting next_dagrun for data_loading to None, run_after=None
[2026-09-17T21:48:39.850+0000] {processor.py:183} INFO - Processing /opt/airflow/dags/loading_dag.py took 0.095 seconds
[2026-09-17T21:49:10.782+0000] {processor.py:161} INFO - Started process (PID=295) to work on /opt/airflow/dags/loading_dag.py
[2026-09-17T21:49:10.784+0000] {processor.py:830} INFO - Processing file /opt/airflow/dags/loading_dag.py for tasks to queue
[2026-09-17T21:49:10.786+0000] {logging_mixin.py:188} INFO - [2026-09-17T21:49:10.786+0000] {dagbag.py:545} INFO - Filling up the DagBag from /opt/airflow/dags/loading_dag.py
[2026-09-17T21:49:10.800+0000] {processor.py:840} INFO - DAG(s) 'data_loading' retrieved from /opt/airflow/dags/loading_dag.py
[2026-09-17T21:49:10.829+0000] {logging_mixin.py:188} INFO - [2026-09-17T21:49:10.829+0000] {dag.py:3096} INFO - Sync 1 DAGs
[2026-09-17T21:49:10.851+0000] {logging_mixin.py:188} INFO - [2026-09-17T21:49:10.851+0000] {dag.py:3954} INFO - Setting next_dagrun for data_loading to None, run_after=None
[2026-09-17T21:49:10.882+0000] {processor.py:183} INFO - Processing /opt/airflow/dags/loading_dag.py took 0.109 seconds
[2026-09-17T21:49:41.631+0000] {processor.py:161} INFO - Started process (PID=309) to work on /opt/airflow/dags/loading_dag.py
[2026-09-17T21:49:41.637+0000] {processor.py:830} INFO - Processing file /opt/airflow/dags/loading_dag.py for tasks to queue
[2026-09-17T21:49:41.639+0000] {logging_mixin.py:188} INFO - [2026-09-17T21:49:41.638+0000] {dagbag.py:545} INFO - Filling up the DagBag from /opt/airflow/dags/loading_dag.py
[2026-09-17T21:49:41.649+0000] {processor.py:840} INFO - DAG(s) 'data_loading' retrieved from /opt/airflow/dags/loading_dag.py
[2026-09-17T21:49:41.676+0000] {logging_mixin.py:188} INFO - [2026-09-17T21:49:41.676+0000] {dag.py:3096} INFO - Sync 1 DAGs
[2026-09-17T21:49:41.697+0000] {logging_mixin.py:188} INFO - [2026-09-17T21:49:41.697+0000] {dag.py:3954} INFO - Setting next_dagrun for data_loading to None, run_after=None
[2026-09-17T21:49:41.737+0000] {processor.py:183} INFO - Processing /opt/airflow/dags/loading_dag.py took 0.112 seconds
[2026-09-17T21:50:11.772+0000] {processor.py:161} INFO - Started process (PID=317) to work on /opt/airflow/dags/loading_dag.py
[2026-09-17T21:50:11.778+0000] {processor.py:830} INFO - Processing file /opt/airflow/dags/loading_dag.py for tasks to queue
[2026-09-17T21:50:11.780+0000] {logging_mixin.py:188} INFO - [2026-09-17T21:50:11.779+0000] {dagbag.py:545} INFO - Filling up the DagBag from /opt/airflow/dags/loading_dag.py
[2026-09-17T21:50:11.791+0000] {processor.py:840} INFO - DAG(s) 'data_loading' retrieved from /opt/airflow/dags/loading_dag.py
[2026-09-17T21:50:11.818+0000] {logging_mixin.py:188} INFO - [2026-09-17T21:50:11.817+0000] {dag.py:3096} INFO - Sync 1 DAGs
[2026-09-17T21:50:11.837+0000] {logging_mixin.py:188} INFO - [2026-09-17T21:50:11.837+0000] {dag.py:3954} INFO - Setting next_dagrun for data_loading to None, run_after=None
[2026-09-17T21:50:11.865+0000] {processor.py:183} INFO - Processing /opt/airflow/dags/loading_dag.py took 0.101 seconds
[2026-09-17T21:50:42.357+0000] {processor.py:161} INFO - Started process (PID=329) to work on /opt/airflow/dags/loading_dag.py
[2026-09-17T21:50:42.363+0000] {processor.py:830} INFO - Processing file /opt/airflow/dags/loading_dag.py for tasks to queue
[2026-09-17T21:50:42.365+0000] {logging_mixin.py:188} INFO - [2026-09-17T21:50:42.364+0000] {dagbag.py:545} INFO - Filling up the DagBag from /opt/airflow/dags/loading_dag.py
[2026-09-17T21:50:42.376+0000] {processor.py:840} INFO - DAG(s) 'data_loading' retrieved from /opt/airflow/dags/loading_dag.py
[2026-09-17T21:50:42.404+0000] {logging_mixin.py:188} INFO - [2026-09-17T21:50:42.404+0000] {dag.py:3096} INFO - Sync 1 DAGs
[2026-09-17T21:50:42.425+0000] {logging_mixin.py:188} INFO - [2026-09-17T21:50:42.424+0000] {dag.py:3954} INFO - Setting next_dagrun for data_loading to None, run_after=None
[2026-09-17T21:50:42.449+0000] {processor.py:183} INFO - Processing /opt/airflow/dags/loading_dag.py took 0.099 seconds
[2026-09-17T21:51:12.818+0000] {processor.py:161} INFO - Started process (PID=337) to work on /opt/airflow/dags/loading_dag.py
[2026-09-17T21:51:12.820+0000] {processor.py:830} INFO - Processing file /opt/airflow/dags/loading_dag.py for tasks to queue
[2026-09-17T21:51:12.822+0000] {logging_mixin.py:188} INFO - [2026-09-17T21:51:12.822+0000] {dagbag.py:545} INFO - Filling up the DagBag from /opt/airflow/dags/loading_dag.py
[2026-09-17T21:51:12.835+0000] {processor.py:840} INFO - DAG(s) 'data_loading' retrieved from /opt/airflow/dags/loading_dag.py
[2026-09-17T21:51:12.866+0000] {logging_mixin.py:188} INFO - [2026-09-17T21:51:12.865+0000] {dag.py:3096} INFO - Sync 1 DAGs
[2026-09-17T21:51:12.893+0000] {logging_mixin.py:188} INFO - [2026-09-17T21:51:12.893+0000] {dag.py:3954} INFO - Setting next_dagrun for data_loading to None, run_after=None
[2026-09-17T21:51:12.916+0000] {processor.py:183} INFO - Processing /opt/airflow/dags/loading_dag.py took 0.108 seconds
[2026-09-17T21:51:43.575+0000] {processor.py:161} INFO - Started process (PID=345) to work on /opt/airflow/dags/loading_dag.py
[2026-09-17T21:51:43.580+0000] {processor.py:830} INFO - Processing file /opt/airflow/dags/loading_dag.py for tasks to queue
[2026-09-17T21:51:43.582+0000] {logging_mixin.py:188} INFO - [2026-09-17T21:51:43.582+0000] {dagbag.py:545} INFO - Filling up the DagBag from /opt/airflow/dags/loading_dag.py
[2026-09-17T21:51:43.592+0000] {processor.py:840} INFO - DAG(s) 'data_loading' retrieved from /opt/airflow/dags/loading_dag.py
[2026-09-17T21:51:43.620+0000] {logging_mixin.py:188} INFO - [2026-09-17T21:51:43.620+0000] {dag.py:3096} INFO - Sync 1 DAGs
[2026-09-17T21:51:43.640+0000] {logging_mixin.py:188} INFO - [2026-09-17T21:51:43.640+0000] {dag.py:3954} INFO - Setting next_dagrun for data_loading to None, run_after=None
[2026-09-17T21:51:43.664+0000] {processor.py:183} INFO - Processing /opt/airflow/dags/loading_dag.py took 0.097 seconds
[2026-09-17T21:52:14.105+0000] {processor.py:161} INFO - Started process (PID=353) to work on /opt/airflow/dags/loading_dag.py
[2026-09-17T21:52:14.110+0000] {processor.py:830} INFO - Processing file /opt/airflow/dags/loading_dag.py for tasks to queue
[2026-09-17T21:52:14.112+0000] {logging_mixin.py:188} INFO - [2026-09-17T21:52:14.111+0000] {dagbag.py:545} INFO - Filling up the DagBag from /opt/airflow/dags/loading_dag.py
[2026-09-17T21:52:14.122+0000] {processor.py:840} INFO - DAG(s) 'data_loading' retrieved from /opt/airflow/dags/loading_dag.py
[2026-09-17T21:52:14.145+0000] {logging_mixin.py:188} INFO - [2026-09-17T21:52:14.144+0000] {dag.py:3096} INFO - Sync 1 DAGs
[2026-09-17T21:52:14.162+0000] {logging_mixin.py:188} INFO - [2026-09-17T21:52:14.162+0000] {dag.py:3954} INFO - Setting next_dagrun for data_loading to None, run_after=None
[2026-09-17T21:52:14.178+0000] {processor.py:183} INFO - Processing /opt/airflow/dags/loading_dag.py took 0.079 seconds
[2026-09-17T21:52:44.852+0000] {processor.py:161} INFO - Started process (PID=361) to work on /opt/airflow/dags/loading_dag.py
[2026-09-17T21:52:44.858+0000] {processor.py:830} INFO - Processing file /opt/airflow/dags/loading_dag.py for tasks to queue
[2026-09-17T21:52:44.860+0000] {logging_mixin.py:188} INFO - [2026-09-17T21:52:44.860+0000] {dagbag.py:545} INFO - Filling up the DagBag from /opt/airflow/dags/loading_dag.py
[2026-09-17T21:52:44.875+0000] {processor.py:840} INFO - DAG(s) 'data_loading' retrieved from /opt/airflow/dags/loading_dag.py
[2026-09-17T21:52:44.903+0000] {logging_mixin.py:188} INFO - [2026-09-17T21:52:44.902+0000] {dag.py:3096} INFO - Sync 1 DAGs
[2026-09-17T21:52:44.923+0000] {logging_mixin.py:188} INFO - [2026-09-17T21:52:44.922+0000] {dag.py:3954} INFO - Setting next_dagrun for data_loading to None, run_after=None
[2026-09-17T21:52:44.943+0000] {processor.py:183} INFO - Processing /opt/airflow/dags/loading_dag.py took 0.099 seconds
[2026-09-17T21:53:15.457+0000] {processor.py:161} INFO - Started process (PID=369) to work on /opt/airflow/dags/loading_dag.py
[2026-09-17T21:53:15.462+0000] {processor.py:830} INFO - Processing file /opt/airflow/dags/loading_dag.py for tasks to queue
[2026-09-17T21:53:15.464+0000] {logging_mixin.py:188} INFO - [2026-09-17T21:53:15.464+0000] {dagbag.py:545} INFO - Filling up the DagBag from /opt/airflow/dags/loading_dag.py
[2026-09-17T21:53:15.477+0000] {processor.py:840} INFO - DAG(s) 'data_loading' retrieved from /opt/airflow/dags/loading_dag.py
[2026-09-17T21:53:15.503+0000] {logging_mixin.py:188} INFO - [2026-09-17T21:53:15.503+0000] {dag.py:3096} INFO - Sync 1 DAGs
[2026-09-17T21:53:15.523+0000] {logging_mixin.py:188} INFO - [2026-09-17T21:53:15.523+0000] {dag.py:3954} INFO - Setting next_dagrun for data_loading to None, run_after=None
[2026-09-17T21:53:15.543+0000] {processor.py:183} INFO - Processing /opt/airflow/dags/loading_dag.py took 0.093 seconds
[2026-09-17T21:53:23.571+0000] {processor.py:161} INFO - Started process (PID=370) to work on /opt/airflow/dags/loading_dag.py
[2026-09-17T21:53:23.576+0000] {processor.py:830} INFO - Processing file /opt/airflow/dags/loading_dag.py for tasks to queue
[2026-09-17T21:53:23.579+0000] {logging_mixin.py:188} INFO - [2026-09-17T21:53:23.578+0000] {dagbag.py:545} INFO - Filling up the DagBag from /opt/airflow/dags/loading_dag.py
[2026-09-17T21:53:23.593+0000] {logging_mixin.py:188} INFO - [2026-09-17T21:53:23.588+0000] {dagbag.py:355} ERROR - Failed to import: /opt/airflow/dags/loading_dag.py
Traceback (most recent call last):
  File "/home/airflow/.local/lib/python3.10/site-packages/airflow/models/dagbag.py", line 351, in parse
    loader.exec_module(new_module)
  File "<frozen importlib._bootstrap_external>", line 883, in exec_module
  File "<frozen importlib._bootstrap>", line 241, in _call_with_frames_removed
  File "/opt/airflow/dags/loading_dag.py", line 191, in <module>
    loading()
  File "/home/airflow/.local/lib/python3.10/site-packages/airflow/models/dag.py", line 4081, in factory
    f(**f_kwargs)
  File "/opt/airflow/dags/loading_dag.py", line 188, in loading
    transformed = transform_data(videos)
  File "/home/airflow/.local/lib/python3.10/site-packages/airflow/decorators/base.py", line 372, in __call__
    op = self.operator_class(
  File "/home/airflow/.local/lib/python3.10/site-packages/airflow/models/baseoperator.py", line 485, in apply_defaults
    result = func(self, **kwargs, default_args=default_args)
  File "/home/airflow/.local/lib/python3.10/site-packages/airflow/decorators/python.py", line 52, in __init__
    super().__init__(
  File "/home/airflow/.local/lib/python3.10/site-packages/airflow/models/baseoperator.py", line 485, in apply_defaults
    result = func(self, **kwargs, default_args=default_args)
  File "/home/airflow/.local/lib/python3.10/site-packages/airflow/decorators/base.py", line 253, in __init__
    signature.bind(*op_args, **op_kwargs)
  File "/usr/local/lib/python3.10/inspect.py", line 3186, in bind
    return self._bind(args, kwargs)
  File "/usr/local/lib/python3.10/inspect.py", line 3107, in _bind
    raise TypeError('too many positional arguments') from None
TypeError: too many positional arguments
[2026-09-17T21:53:23.594+0000] {processor.py:842} WARNING - No viable dags retrieved from /opt/airflow/dags/loading_dag.py
[2026-09-17T21:53:23.620+0000] {processor.py:183} INFO - Processing /opt/airflow/dags/loading_dag.py took 0.056 seconds
[2026-09-17T21:53:37.675+0000] {processor.py:161} INFO - Started process (PID=377) to work on /opt/airflow/dags/loading_dag.py
[2026-09-17T21:53:37.675+0000] {processor.py:830} INFO - Processing file /opt/airflow/dags/loading_dag.py for tasks to queue
[2026-09-17T21:53:37.678+0000] {logging_mixin.py:188} INFO - [2026-09-17T21:53:37.677+0000] {dagbag.py:545} INFO - Filling up the DagBag from /opt/airflow/dags/loading_dag.py
[2026-09-17T21:53:37.692+0000] {processor.py:840} INFO - DAG(s) 'data_loading' retrieved from /opt/airflow/dags/loading_dag.py
[2026-09-17T21:53:37.793+0000] {logging_mixin.py:188} INFO - [2026-09-17T21:53:37.793+0000] {dag.py:3096} INFO - Sync 1 DAGs
[2026-09-17T21:53:37.808+0000] {logging_mixin.py:188} INFO - [2026-09-17T21:53:37.808+0000] {dag.py:3954} INFO - Setting next_dagrun for data_loading to None, run_after=None
[2026-09-17T21:53:37.837+0000] {processor.py:183} INFO - Processing /opt/airflow/dags/loading_dag.py took 0.169 seconds
[2026-09-17T21:53:49.984+0000] {processor.py:161} INFO - Started process (PID=379) to work on /opt/airflow/dags/loading_dag.py
[2026-09-17T21:53:49.985+0000] {processor.py:830} INFO - Processing file /opt/airflow/dags/loading_dag.py for tasks to queue
[2026-09-17T21:53:49.987+0000] {logging_mixin.py:188} INFO - [2026-09-17T21:53:49.987+0000] {dagbag.py:545} INFO - Filling up the DagBag from /opt/airflow/dags/loading_dag.py
[2026-09-17T21:53:49.990+0000] {logging_mixin.py:188} INFO - [2026-09-17T21:53:49.990+0000] {dagbag.py:355} ERROR - Failed to import: /opt/airflow/dags/loading_dag.py
Traceback (most recent call last):
  File "/home/airflow/.local/lib/python3.10/site-packages/airflow/models/dagbag.py", line 351, in parse
    loader.exec_module(new_module)
  File "<frozen importlib._bootstrap_external>", line 879, in exec_module
  File "<frozen importlib._bootstrap_external>", line 1017, in get_code
  File "<frozen importlib._bootstrap_external>", line 947, in source_to_code
  File "<frozen importlib._bootstrap>", line 241, in _call_with_frames_removed
  File "/opt/airflow/dags/loading_dag.py", line 127
    def transform_data()-
                        ^
SyntaxError: expected ':'
[2026-09-17T21:53:49.990+0000] {processor.py:842} WARNING - No viable dags retrieved from /opt/airflow/dags/loading_dag.py
[2026-09-17T21:53:50.013+0000] {processor.py:183} INFO - Processing /opt/airflow/dags/loading_dag.py took 0.036 seconds
[2026-09-17T21:53:52.009+0000] {processor.py:161} INFO - Started process (PID=380) to work on /opt/airflow/dags/loading_dag.py
[2026-09-17T21:53:52.010+0000] {processor.py:830} INFO - Processing file /opt/airflow/dags/loading_dag.py for tasks to queue
[2026-09-17T21:53:52.012+0000] {logging_mixin.py:188} INFO - [2026-09-17T21:53:52.012+0000] {dagbag.py:545} INFO - Filling up the DagBag from /opt/airflow/dags/loading_dag.py
[2026-09-17T21:53:52.015+0000] {logging_mixin.py:188} INFO - [2026-09-17T21:53:52.014+0000] {dagbag.py:355} ERROR - Failed to import: /opt/airflow/dags/loading_dag.py
Traceback (most recent call last):
  File "/home/airflow/.local/lib/python3.10/site-packages/airflow/models/dagbag.py", line 351, in parse
    loader.exec_module(new_module)
  File "<frozen importlib._bootstrap_external>", line 879, in exec_module
  File "<frozen importlib._bootstrap_external>", line 1017, in get_code
  File "<frozen importlib._bootstrap_external>", line 947, in source_to_code
  File "<frozen importlib._bootstrap>", line 241, in _call_with_frames_removed
  File "/opt/airflow/dags/loading_dag.py", line 127
    def transform_data()->
                        ^^
SyntaxError: expected ':'
[2026-09-17T21:53:52.015+0000] {processor.py:842} WARNING - No viable dags retrieved from /opt/airflow/dags/loading_dag.py
[2026-09-17T21:53:52.037+0000] {processor.py:183} INFO - Processing /opt/airflow/dags/loading_dag.py took 0.034 seconds
[2026-09-17T21:53:53.051+0000] {processor.py:161} INFO - Started process (PID=381) to work on /opt/airflow/dags/loading_dag.py
[2026-09-17T21:53:53.052+0000] {processor.py:830} INFO - Processing file /opt/airflow/dags/loading_dag.py for tasks to queue
[2026-09-17T21:53:53.053+0000] {logging_mixin.py:188} INFO - [2026-09-17T21:53:53.053+0000] {dagbag.py:545} INFO - Filling up the DagBag from /opt/airflow/dags/loading_dag.py
[2026-09-17T21:53:53.058+0000] {logging_mixin.py:188} INFO - [2026-09-17T21:53:53.057+0000] {dagbag.py:355} ERROR - Failed to import: /opt/airflow/dags/loading_dag.py
Traceback (most recent call last):
  File "/home/airflow/.local/lib/python3.10/site-packages/airflow/models/dagbag.py", line 351, in parse
    loader.exec_module(new_module)
  File "<frozen importlib._bootstrap_external>", line 879, in exec_module
  File "<frozen importlib._bootstrap_external>", line 1017, in get_code
  File "<frozen importlib._bootstrap_external>", line 947, in source_to_code
  File "<frozen importlib._bootstrap>", line 241, in _call_with_frames_removed
  File "/opt/airflow/dags/loading_dag.py", line 128
    return map(lambda video: {
IndentationError: unexpected indent
[2026-09-17T21:53:53.058+0000] {processor.py:842} WARNING - No viable dags retrieved from /opt/airflow/dags/loading_dag.py
[2026-09-17T21:53:53.081+0000] {processor.py:183} INFO - Processing /opt/airflow/dags/loading_dag.py took 0.039 seconds
[2026-09-17T21:53:55.090+0000] {processor.py:161} INFO - Started process (PID=382) to work on /opt/airflow/dags/loading_dag.py
[2026-09-17T21:53:55.095+0000] {processor.py:830} INFO - Processing file /opt/airflow/dags/loading_dag.py for tasks to queue
[2026-09-17T21:53:55.097+0000] {logging_mixin.py:188} INFO - [2026-09-17T21:53:55.097+0000] {dagbag.py:545} INFO - Filling up the DagBag from /opt/airflow/dags/loading_dag.py
[2026-09-17T21:53:55.101+0000] {logging_mixin.py:188} INFO - [2026-09-17T21:53:55.100+0000] {dagbag.py:355} ERROR - Failed to import: /opt/airflow/dags/loading_dag.py
Traceback (most recent call last):
  File "/home/airflow/.local/lib/python3.10/site-packages/airflow/models/dagbag.py", line 351, in parse
    loader.exec_module(new_module)
  File "<frozen importlib._bootstrap_external>", line 879, in exec_module
  File "<frozen importlib._bootstrap_external>", line 1017, in get_code
  File "<frozen importlib._bootstrap_external>", line 947, in source_to_code
  File "<frozen importlib._bootstrap>", line 241, in _call_with_frames_removed
  File "/opt/airflow/dags/loading_dag.py", line 127
    def transform_data()->videos:list[Dict[str,Any]]:
                                                     ^
SyntaxError: invalid syntax
[2026-09-17T21:53:55.101+0000] {processor.py:842} WARNING - No viable dags retrieved from /opt/airflow/dags/loading_dag.py
[2026-09-17T21:53:55.124+0000] {processor.py:183} INFO - Processing /opt/airflow/dags/loading_dag.py took 0.039 seconds
[2026-09-17T21:53:58.164+0000] {processor.py:161} INFO - Started process (PID=383) to work on /opt/airflow/dags/loading_dag.py
[2026-09-17T21:53:58.165+0000] {processor.py:830} INFO - Processing file /opt/airflow/dags/loading_dag.py for tasks to queue
[2026-09-17T21:53:58.167+0000] {logging_mixin.py:188} INFO - [2026-09-17T21:53:58.167+0000] {dagbag.py:545} INFO - Filling up the DagBag from /opt/airflow/dags/loading_dag.py
[2026-09-17T21:53:58.171+0000] {logging_mixin.py:188} INFO - [2026-09-17T21:53:58.171+0000] {dagbag.py:355} ERROR - Failed to import: /opt/airflow/dags/loading_dag.py
Traceback (most recent call last):
  File "/home/airflow/.local/lib/python3.10/site-packages/airflow/models/dagbag.py", line 351, in parse
    loader.exec_module(new_module)
  File "<frozen importlib._bootstrap_external>", line 879, in exec_module
  File "<frozen importlib._bootstrap_external>", line 1017, in get_code
  File "<frozen importlib._bootstrap_external>", line 947, in source_to_code
  File "<frozen importlib._bootstrap>", line 241, in _call_with_frames_removed
  File "/opt/airflow/dags/loading_dag.py", line 128
    return map(lambda video: {
IndentationError: unexpected indent
[2026-09-17T21:53:58.172+0000] {processor.py:842} WARNING - No viable dags retrieved from /opt/airflow/dags/loading_dag.py
[2026-09-17T21:53:58.196+0000] {processor.py:183} INFO - Processing /opt/airflow/dags/loading_dag.py took 0.040 seconds
[2026-09-17T21:54:03.213+0000] {processor.py:161} INFO - Started process (PID=391) to work on /opt/airflow/dags/loading_dag.py
[2026-09-17T21:54:03.214+0000] {processor.py:830} INFO - Processing file /opt/airflow/dags/loading_dag.py for tasks to queue
[2026-09-17T21:54:03.217+0000] {logging_mixin.py:188} INFO - [2026-09-17T21:54:03.216+0000] {dagbag.py:545} INFO - Filling up the DagBag from /opt/airflow/dags/loading_dag.py
[2026-09-17T21:54:03.222+0000] {logging_mixin.py:188} INFO - [2026-09-17T21:54:03.221+0000] {dagbag.py:355} ERROR - Failed to import: /opt/airflow/dags/loading_dag.py
Traceback (most recent call last):
  File "/home/airflow/.local/lib/python3.10/site-packages/airflow/models/dagbag.py", line 351, in parse
    loader.exec_module(new_module)
  File "<frozen importlib._bootstrap_external>", line 879, in exec_module
  File "<frozen importlib._bootstrap_external>", line 1017, in get_code
  File "<frozen importlib._bootstrap_external>", line 947, in source_to_code
  File "<frozen importlib._bootstrap>", line 241, in _call_with_frames_removed
  File "/opt/airflow/dags/loading_dag.py", line 127
    def transform_data()->list[Dict[str,Any]]
                                             ^
SyntaxError: expected ':'
[2026-09-17T21:54:03.223+0000] {processor.py:842} WARNING - No viable dags retrieved from /opt/airflow/dags/loading_dag.py
[2026-09-17T21:54:03.310+0000] {processor.py:183} INFO - Processing /opt/airflow/dags/loading_dag.py took 0.110 seconds
[2026-09-17T21:54:06.376+0000] {processor.py:161} INFO - Started process (PID=392) to work on /opt/airflow/dags/loading_dag.py
[2026-09-17T21:54:06.377+0000] {processor.py:830} INFO - Processing file /opt/airflow/dags/loading_dag.py for tasks to queue
[2026-09-17T21:54:06.379+0000] {logging_mixin.py:188} INFO - [2026-09-17T21:54:06.379+0000] {dagbag.py:545} INFO - Filling up the DagBag from /opt/airflow/dags/loading_dag.py
[2026-09-17T21:54:06.393+0000] {processor.py:840} INFO - DAG(s) 'data_loading' retrieved from /opt/airflow/dags/loading_dag.py
[2026-09-17T21:54:06.407+0000] {logging_mixin.py:188} INFO - [2026-09-17T21:54:06.407+0000] {dag.py:3096} INFO - Sync 1 DAGs
[2026-09-17T21:54:06.431+0000] {logging_mixin.py:188} INFO - [2026-09-17T21:54:06.431+0000] {dag.py:3954} INFO - Setting next_dagrun for data_loading to None, run_after=None
[2026-09-17T21:54:06.454+0000] {processor.py:183} INFO - Processing /opt/airflow/dags/loading_dag.py took 0.089 seconds
[2026-09-17T21:54:16.949+0000] {processor.py:161} INFO - Started process (PID=394) to work on /opt/airflow/dags/loading_dag.py
[2026-09-17T21:54:16.950+0000] {processor.py:830} INFO - Processing file /opt/airflow/dags/loading_dag.py for tasks to queue
[2026-09-17T21:54:16.953+0000] {logging_mixin.py:188} INFO - [2026-09-17T21:54:16.952+0000] {dagbag.py:545} INFO - Filling up the DagBag from /opt/airflow/dags/loading_dag.py
[2026-09-17T21:54:16.964+0000] {processor.py:840} INFO - DAG(s) 'data_loading' retrieved from /opt/airflow/dags/loading_dag.py
[2026-09-17T21:54:16.987+0000] {logging_mixin.py:188} INFO - [2026-09-17T21:54:16.987+0000] {dag.py:3096} INFO - Sync 1 DAGs
[2026-09-17T21:54:17.006+0000] {logging_mixin.py:188} INFO - [2026-09-17T21:54:17.006+0000] {dag.py:3954} INFO - Setting next_dagrun for data_loading to None, run_after=None
[2026-09-17T21:54:17.032+0000] {processor.py:183} INFO - Processing /opt/airflow/dags/loading_dag.py took 0.090 seconds
[2026-09-17T21:54:34.113+0000] {processor.py:161} INFO - Started process (PID=401) to work on /opt/airflow/dags/loading_dag.py
[2026-09-17T21:54:34.115+0000] {processor.py:830} INFO - Processing file /opt/airflow/dags/loading_dag.py for tasks to queue
[2026-09-17T21:54:34.116+0000] {logging_mixin.py:188} INFO - [2026-09-17T21:54:34.116+0000] {dagbag.py:545} INFO - Filling up the DagBag from /opt/airflow/dags/loading_dag.py
[2026-09-17T21:54:34.128+0000] {processor.py:840} INFO - DAG(s) 'data_loading' retrieved from /opt/airflow/dags/loading_dag.py
[2026-09-17T21:54:34.151+0000] {logging_mixin.py:188} INFO - [2026-09-17T21:54:34.151+0000] {dag.py:3096} INFO - Sync 1 DAGs
[2026-09-17T21:54:34.172+0000] {logging_mixin.py:188} INFO - [2026-09-17T21:54:34.172+0000] {dag.py:3954} INFO - Setting next_dagrun for data_loading to None, run_after=None
[2026-09-17T21:54:34.193+0000] {processor.py:183} INFO - Processing /opt/airflow/dags/loading_dag.py took 0.086 seconds
[2026-09-17T21:54:41.523+0000] {processor.py:161} INFO - Started process (PID=402) to work on /opt/airflow/dags/loading_dag.py
[2026-09-17T21:54:41.526+0000] {processor.py:830} INFO - Processing file /opt/airflow/dags/loading_dag.py for tasks to queue
[2026-09-17T21:54:41.529+0000] {logging_mixin.py:188} INFO - [2026-09-17T21:54:41.528+0000] {dagbag.py:545} INFO - Filling up the DagBag from /opt/airflow/dags/loading_dag.py
[2026-09-17T21:54:41.556+0000] {processor.py:840} INFO - DAG(s) 'data_loading' retrieved from /opt/airflow/dags/loading_dag.py
[2026-09-17T21:54:41.592+0000] {logging_mixin.py:188} INFO - [2026-09-17T21:54:41.592+0000] {dag.py:3096} INFO - Sync 1 DAGs
[2026-09-17T21:54:41.617+0000] {logging_mixin.py:188} INFO - [2026-09-17T21:54:41.617+0000] {dag.py:3954} INFO - Setting next_dagrun for data_loading to None, run_after=None
[2026-09-17T21:54:41.642+0000] {processor.py:183} INFO - Processing /opt/airflow/dags/loading_dag.py took 0.134 seconds
[2026-09-17T21:54:43.552+0000] {processor.py:161} INFO - Started process (PID=404) to work on /opt/airflow/dags/loading_dag.py
[2026-09-17T21:54:43.553+0000] {processor.py:830} INFO - Processing file /opt/airflow/dags/loading_dag.py for tasks to queue
[2026-09-17T21:54:43.555+0000] {logging_mixin.py:188} INFO - [2026-09-17T21:54:43.554+0000] {dagbag.py:545} INFO - Filling up the DagBag from /opt/airflow/dags/loading_dag.py
[2026-09-17T21:54:43.567+0000] {processor.py:840} INFO - DAG(s) 'data_loading' retrieved from /opt/airflow/dags/loading_dag.py
[2026-09-17T21:54:43.604+0000] {logging_mixin.py:188} INFO - [2026-09-17T21:54:43.603+0000] {dag.py:3096} INFO - Sync 1 DAGs
[2026-09-17T21:54:43.628+0000] {logging_mixin.py:188} INFO - [2026-09-17T21:54:43.627+0000] {dag.py:3954} INFO - Setting next_dagrun for data_loading to None, run_after=None
[2026-09-17T21:54:43.654+0000] {processor.py:183} INFO - Processing /opt/airflow/dags/loading_dag.py took 0.108 seconds
[2026-09-17T21:54:47.706+0000] {processor.py:161} INFO - Started process (PID=405) to work on /opt/airflow/dags/loading_dag.py
[2026-09-17T21:54:47.707+0000] {processor.py:830} INFO - Processing file /opt/airflow/dags/loading_dag.py for tasks to queue
[2026-09-17T21:54:47.709+0000] {logging_mixin.py:188} INFO - [2026-09-17T21:54:47.709+0000] {dagbag.py:545} INFO - Filling up the DagBag from /opt/airflow/dags/loading_dag.py
[2026-09-17T21:54:47.730+0000] {processor.py:840} INFO - DAG(s) 'data_loading' retrieved from /opt/airflow/dags/loading_dag.py
[2026-09-17T21:54:47.824+0000] {logging_mixin.py:188} INFO - [2026-09-17T21:54:47.824+0000] {dag.py:3096} INFO - Sync 1 DAGs
[2026-09-17T21:54:47.848+0000] {logging_mixin.py:188} INFO - [2026-09-17T21:54:47.848+0000] {dag.py:3954} INFO - Setting next_dagrun for data_loading to None, run_after=None
[2026-09-17T21:54:47.871+0000] {processor.py:183} INFO - Processing /opt/airflow/dags/loading_dag.py took 0.172 seconds
[2026-09-17T21:54:52.928+0000] {processor.py:161} INFO - Started process (PID=406) to work on /opt/airflow/dags/loading_dag.py
[2026-09-17T21:54:52.929+0000] {processor.py:830} INFO - Processing file /opt/airflow/dags/loading_dag.py for tasks to queue
[2026-09-17T21:54:52.932+0000] {logging_mixin.py:188} INFO - [2026-09-17T21:54:52.931+0000] {dagbag.py:545} INFO - Filling up the DagBag from /opt/airflow/dags/loading_dag.py
[2026-09-17T21:54:52.951+0000] {processor.py:840} INFO - DAG(s) 'data_loading' retrieved from /opt/airflow/dags/loading_dag.py
[2026-09-17T21:54:52.985+0000] {logging_mixin.py:188} INFO - [2026-09-17T21:54:52.985+0000] {dag.py:3096} INFO - Sync 1 DAGs
[2026-09-17T21:54:53.010+0000] {logging_mixin.py:188} INFO - [2026-09-17T21:54:53.009+0000] {dag.py:3954} INFO - Setting next_dagrun for data_loading to None, run_after=None
[2026-09-17T21:54:53.039+0000] {processor.py:183} INFO - Processing /opt/airflow/dags/loading_dag.py took 0.121 seconds
[2026-09-17T21:55:23.353+0000] {processor.py:161} INFO - Started process (PID=414) to work on /opt/airflow/dags/loading_dag.py
[2026-09-17T21:55:23.359+0000] {processor.py:830} INFO - Processing file /opt/airflow/dags/loading_dag.py for tasks to queue
[2026-09-17T21:55:23.362+0000] {logging_mixin.py:188} INFO - [2026-09-17T21:55:23.361+0000] {dagbag.py:545} INFO - Filling up the DagBag from /opt/airflow/dags/loading_dag.py
[2026-09-17T21:55:23.372+0000] {processor.py:840} INFO - DAG(s) 'data_loading' retrieved from /opt/airflow/dags/loading_dag.py
[2026-09-17T21:55:23.399+0000] {logging_mixin.py:188} INFO - [2026-09-17T21:55:23.399+0000] {dag.py:3096} INFO - Sync 1 DAGs
[2026-09-17T21:55:23.422+0000] {logging_mixin.py:188} INFO - [2026-09-17T21:55:23.422+0000] {dag.py:3954} INFO - Setting next_dagrun for data_loading to None, run_after=None
[2026-09-17T21:55:23.450+0000] {processor.py:183} INFO - Processing /opt/airflow/dags/loading_dag.py took 0.104 seconds
[2026-09-17T21:55:42.808+0000] {processor.py:161} INFO - Started process (PID=421) to work on /opt/airflow/dags/loading_dag.py
[2026-09-17T21:55:42.810+0000] {processor.py:830} INFO - Processing file /opt/airflow/dags/loading_dag.py for tasks to queue
[2026-09-17T21:55:42.813+0000] {logging_mixin.py:188} INFO - [2026-09-17T21:55:42.812+0000] {dagbag.py:545} INFO - Filling up the DagBag from /opt/airflow/dags/loading_dag.py
[2026-09-17T21:55:42.836+0000] {processor.py:840} INFO - DAG(s) 'data_loading' retrieved from /opt/airflow/dags/loading_dag.py
[2026-09-17T21:55:42.886+0000] {logging_mixin.py:188} INFO - [2026-09-17T21:55:42.886+0000] {dag.py:3096} INFO - Sync 1 DAGs
[2026-09-17T21:55:42.922+0000] {logging_mixin.py:188} INFO - [2026-09-17T21:55:42.921+0000] {dag.py:3954} INFO - Setting next_dagrun for data_loading to None, run_after=None
[2026-09-17T21:55:42.952+0000] {processor.py:183} INFO - Processing /opt/airflow/dags/loading_dag.py took 0.157 seconds
[2026-09-17T21:55:45.980+0000] {processor.py:161} INFO - Started process (PID=423) to work on /opt/airflow/dags/loading_dag.py
[2026-09-17T21:55:45.981+0000] {processor.py:830} INFO - Processing file /opt/airflow/dags/loading_dag.py for tasks to queue
[2026-09-17T21:55:45.983+0000] {logging_mixin.py:188} INFO - [2026-09-17T21:55:45.983+0000] {dagbag.py:545} INFO - Filling up the DagBag from /opt/airflow/dags/loading_dag.py
[2026-09-17T21:55:45.995+0000] {processor.py:840} INFO - DAG(s) 'data_loading' retrieved from /opt/airflow/dags/loading_dag.py
[2026-09-17T21:55:46.022+0000] {logging_mixin.py:188} INFO - [2026-09-17T21:55:46.021+0000] {dag.py:3096} INFO - Sync 1 DAGs
[2026-09-17T21:55:46.039+0000] {logging_mixin.py:188} INFO - [2026-09-17T21:55:46.039+0000] {dag.py:3954} INFO - Setting next_dagrun for data_loading to None, run_after=None
[2026-09-17T21:55:46.061+0000] {processor.py:183} INFO - Processing /opt/airflow/dags/loading_dag.py took 0.087 seconds
[2026-09-17T21:55:46.999+0000] {processor.py:161} INFO - Started process (PID=424) to work on /opt/airflow/dags/loading_dag.py
[2026-09-17T21:55:47.000+0000] {processor.py:830} INFO - Processing file /opt/airflow/dags/loading_dag.py for tasks to queue
[2026-09-17T21:55:47.002+0000] {logging_mixin.py:188} INFO - [2026-09-17T21:55:47.001+0000] {dagbag.py:545} INFO - Filling up the DagBag from /opt/airflow/dags/loading_dag.py
[2026-09-17T21:55:47.017+0000] {processor.py:840} INFO - DAG(s) 'data_loading' retrieved from /opt/airflow/dags/loading_dag.py
[2026-09-17T21:55:47.043+0000] {logging_mixin.py:188} INFO - [2026-09-17T21:55:47.043+0000] {dag.py:3096} INFO - Sync 1 DAGs
[2026-09-17T21:55:47.072+0000] {logging_mixin.py:188} INFO - [2026-09-17T21:55:47.072+0000] {dag.py:3954} INFO - Setting next_dagrun for data_loading to None, run_after=None
[2026-09-17T21:55:47.095+0000] {processor.py:183} INFO - Processing /opt/airflow/dags/loading_dag.py took 0.103 seconds
[2026-09-17T21:55:49.101+0000] {processor.py:161} INFO - Started process (PID=425) to work on /opt/airflow/dags/loading_dag.py
[2026-09-17T21:55:49.102+0000] {processor.py:830} INFO - Processing file /opt/airflow/dags/loading_dag.py for tasks to queue
[2026-09-17T21:55:49.104+0000] {logging_mixin.py:188} INFO - [2026-09-17T21:55:49.104+0000] {dagbag.py:545} INFO - Filling up the DagBag from /opt/airflow/dags/loading_dag.py
[2026-09-17T21:55:49.115+0000] {processor.py:840} INFO - DAG(s) 'data_loading' retrieved from /opt/airflow/dags/loading_dag.py
[2026-09-17T21:55:49.138+0000] {logging_mixin.py:188} INFO - [2026-09-17T21:55:49.138+0000] {dag.py:3096} INFO - Sync 1 DAGs
[2026-09-17T21:55:49.156+0000] {logging_mixin.py:188} INFO - [2026-09-17T21:55:49.156+0000] {dag.py:3954} INFO - Setting next_dagrun for data_loading to None, run_after=None
[2026-09-17T21:55:49.178+0000] {processor.py:183} INFO - Processing /opt/airflow/dags/loading_dag.py took 0.083 seconds
[2026-09-17T21:55:59.180+0000] {processor.py:161} INFO - Started process (PID=432) to work on /opt/airflow/dags/loading_dag.py
[2026-09-17T21:55:59.181+0000] {processor.py:830} INFO - Processing file /opt/airflow/dags/loading_dag.py for tasks to queue
[2026-09-17T21:55:59.183+0000] {logging_mixin.py:188} INFO - [2026-09-17T21:55:59.182+0000] {dagbag.py:545} INFO - Filling up the DagBag from /opt/airflow/dags/loading_dag.py
[2026-09-17T21:55:59.194+0000] {processor.py:840} INFO - DAG(s) 'data_loading' retrieved from /opt/airflow/dags/loading_dag.py
[2026-09-17T21:55:59.218+0000] {logging_mixin.py:188} INFO - [2026-09-17T21:55:59.218+0000] {dag.py:3096} INFO - Sync 1 DAGs
[2026-09-17T21:55:59.239+0000] {logging_mixin.py:188} INFO - [2026-09-17T21:55:59.239+0000] {dag.py:3954} INFO - Setting next_dagrun for data_loading to None, run_after=None
[2026-09-17T21:55:59.266+0000] {processor.py:183} INFO - Processing /opt/airflow/dags/loading_dag.py took 0.092 seconds
[2026-09-17T21:56:02.263+0000] {processor.py:161} INFO - Started process (PID=433) to work on /opt/airflow/dags/loading_dag.py
[2026-09-17T21:56:02.264+0000] {processor.py:830} INFO - Processing file /opt/airflow/dags/loading_dag.py for tasks to queue
[2026-09-17T21:56:02.265+0000] {logging_mixin.py:188} INFO - [2026-09-17T21:56:02.265+0000] {dagbag.py:545} INFO - Filling up the DagBag from /opt/airflow/dags/loading_dag.py
[2026-09-17T21:56:02.277+0000] {processor.py:840} INFO - DAG(s) 'data_loading' retrieved from /opt/airflow/dags/loading_dag.py
[2026-09-17T21:56:02.299+0000] {logging_mixin.py:188} INFO - [2026-09-17T21:56:02.299+0000] {dag.py:3096} INFO - Sync 1 DAGs
[2026-09-17T21:56:02.318+0000] {logging_mixin.py:188} INFO - [2026-09-17T21:56:02.317+0000] {dag.py:3954} INFO - Setting next_dagrun for data_loading to None, run_after=None
[2026-09-17T21:56:02.341+0000] {processor.py:183} INFO - Processing /opt/airflow/dags/loading_dag.py took 0.085 seconds
[2026-09-17T21:56:06.869+0000] {processor.py:161} INFO - Started process (PID=434) to work on /opt/airflow/dags/loading_dag.py
[2026-09-17T21:56:06.871+0000] {processor.py:830} INFO - Processing file /opt/airflow/dags/loading_dag.py for tasks to queue
[2026-09-17T21:56:06.873+0000] {logging_mixin.py:188} INFO - [2026-09-17T21:56:06.873+0000] {dagbag.py:545} INFO - Filling up the DagBag from /opt/airflow/dags/loading_dag.py
[2026-09-17T21:56:06.892+0000] {processor.py:840} INFO - DAG(s) 'data_loading' retrieved from /opt/airflow/dags/loading_dag.py
[2026-09-17T21:56:06.925+0000] {logging_mixin.py:188} INFO - [2026-09-17T21:56:06.925+0000] {dag.py:3096} INFO - Sync 1 DAGs
[2026-09-17T21:56:06.951+0000] {logging_mixin.py:188} INFO - [2026-09-17T21:56:06.950+0000] {dag.py:3954} INFO - Setting next_dagrun for data_loading to None, run_after=None
[2026-09-17T21:56:06.989+0000] {processor.py:183} INFO - Processing /opt/airflow/dags/loading_dag.py took 0.132 seconds
[2026-09-17T21:56:13.865+0000] {processor.py:161} INFO - Started process (PID=435) to work on /opt/airflow/dags/loading_dag.py
[2026-09-17T21:56:13.866+0000] {processor.py:830} INFO - Processing file /opt/airflow/dags/loading_dag.py for tasks to queue
[2026-09-17T21:56:13.867+0000] {logging_mixin.py:188} INFO - [2026-09-17T21:56:13.867+0000] {dagbag.py:545} INFO - Filling up the DagBag from /opt/airflow/dags/loading_dag.py
[2026-09-17T21:56:13.880+0000] {processor.py:840} INFO - DAG(s) 'data_loading' retrieved from /opt/airflow/dags/loading_dag.py
[2026-09-17T21:56:13.904+0000] {logging_mixin.py:188} INFO - [2026-09-17T21:56:13.904+0000] {dag.py:3096} INFO - Sync 1 DAGs
[2026-09-17T21:56:13.924+0000] {logging_mixin.py:188} INFO - [2026-09-17T21:56:13.924+0000] {dag.py:3954} INFO - Setting next_dagrun for data_loading to None, run_after=None
[2026-09-17T21:56:13.944+0000] {processor.py:183} INFO - Processing /opt/airflow/dags/loading_dag.py took 0.087 seconds
[2026-09-17T21:56:34.150+0000] {processor.py:161} INFO - Started process (PID=443) to work on /opt/airflow/dags/loading_dag.py
[2026-09-17T21:56:34.151+0000] {processor.py:830} INFO - Processing file /opt/airflow/dags/loading_dag.py for tasks to queue
[2026-09-17T21:56:34.154+0000] {logging_mixin.py:188} INFO - [2026-09-17T21:56:34.153+0000] {dagbag.py:545} INFO - Filling up the DagBag from /opt/airflow/dags/loading_dag.py
[2026-09-17T21:56:34.170+0000] {processor.py:840} INFO - DAG(s) 'data_loading' retrieved from /opt/airflow/dags/loading_dag.py
[2026-09-17T21:56:34.201+0000] {logging_mixin.py:188} INFO - [2026-09-17T21:56:34.201+0000] {dag.py:3096} INFO - Sync 1 DAGs
[2026-09-17T21:56:34.226+0000] {logging_mixin.py:188} INFO - [2026-09-17T21:56:34.226+0000] {dag.py:3954} INFO - Setting next_dagrun for data_loading to None, run_after=None
[2026-09-17T21:56:34.259+0000] {processor.py:183} INFO - Processing /opt/airflow/dags/loading_dag.py took 0.116 seconds
[2026-09-17T21:56:46.440+0000] {processor.py:161} INFO - Started process (PID=445) to work on /opt/airflow/dags/loading_dag.py
[2026-09-17T21:56:46.441+0000] {processor.py:830} INFO - Processing file /opt/airflow/dags/loading_dag.py for tasks to queue
[2026-09-17T21:56:46.444+0000] {logging_mixin.py:188} INFO - [2026-09-17T21:56:46.443+0000] {dagbag.py:545} INFO - Filling up the DagBag from /opt/airflow/dags/loading_dag.py
[2026-09-17T21:56:46.462+0000] {processor.py:840} INFO - DAG(s) 'data_loading' retrieved from /opt/airflow/dags/loading_dag.py
[2026-09-17T21:56:46.497+0000] {logging_mixin.py:188} INFO - [2026-09-17T21:56:46.496+0000] {dag.py:3096} INFO - Sync 1 DAGs
[2026-09-17T21:56:46.525+0000] {logging_mixin.py:188} INFO - [2026-09-17T21:56:46.525+0000] {dag.py:3954} INFO - Setting next_dagrun for data_loading to None, run_after=None
[2026-09-17T21:56:46.565+0000] {processor.py:183} INFO - Processing /opt/airflow/dags/loading_dag.py took 0.136 seconds
[2026-09-17T21:56:50.753+0000] {processor.py:161} INFO - Started process (PID=446) to work on /opt/airflow/dags/loading_dag.py
[2026-09-17T21:56:50.756+0000] {processor.py:830} INFO - Processing file /opt/airflow/dags/loading_dag.py for tasks to queue
[2026-09-17T21:56:50.758+0000] {logging_mixin.py:188} INFO - [2026-09-17T21:56:50.758+0000] {dagbag.py:545} INFO - Filling up the DagBag from /opt/airflow/dags/loading_dag.py
[2026-09-17T21:56:50.772+0000] {processor.py:840} INFO - DAG(s) 'data_loading' retrieved from /opt/airflow/dags/loading_dag.py
[2026-09-17T21:56:50.808+0000] {logging_mixin.py:188} INFO - [2026-09-17T21:56:50.808+0000] {dag.py:3096} INFO - Sync 1 DAGs
[2026-09-17T21:56:50.833+0000] {logging_mixin.py:188} INFO - [2026-09-17T21:56:50.833+0000] {dag.py:3954} INFO - Setting next_dagrun for data_loading to None, run_after=None
[2026-09-17T21:56:50.865+0000] {processor.py:183} INFO - Processing /opt/airflow/dags/loading_dag.py took 0.119 seconds
[2026-09-17T21:56:50.908+0000] {processor.py:161} INFO - Started process (PID=447) to work on /opt/airflow/dags/loading_dag.py
[2026-09-17T21:56:50.909+0000] {processor.py:830} INFO - Processing file /opt/airflow/dags/loading_dag.py for tasks to queue
[2026-09-17T21:56:50.911+0000] {logging_mixin.py:188} INFO - [2026-09-17T21:56:50.911+0000] {dagbag.py:545} INFO - Filling up the DagBag from /opt/airflow/dags/loading_dag.py
[2026-09-17T21:56:50.926+0000] {processor.py:840} INFO - DAG(s) 'data_loading' retrieved from /opt/airflow/dags/loading_dag.py
[2026-09-17T21:56:50.959+0000] {logging_mixin.py:188} INFO - [2026-09-17T21:56:50.959+0000] {dag.py:3096} INFO - Sync 1 DAGs
[2026-09-17T21:56:50.985+0000] {logging_mixin.py:188} INFO - [2026-09-17T21:56:50.985+0000] {dag.py:3954} INFO - Setting next_dagrun for data_loading to None, run_after=None
[2026-09-17T21:56:51.016+0000] {processor.py:183} INFO - Processing /opt/airflow/dags/loading_dag.py took 0.122 seconds
[2026-09-17T21:56:51.052+0000] {processor.py:161} INFO - Started process (PID=448) to work on /opt/airflow/dags/loading_dag.py
[2026-09-17T21:56:51.054+0000] {processor.py:830} INFO - Processing file /opt/airflow/dags/loading_dag.py for tasks to queue
[2026-09-17T21:56:51.056+0000] {logging_mixin.py:188} INFO - [2026-09-17T21:56:51.055+0000] {dagbag.py:545} INFO - Filling up the DagBag from /opt/airflow/dags/loading_dag.py
[2026-09-17T21:56:51.070+0000] {processor.py:840} INFO - DAG(s) 'data_loading' retrieved from /opt/airflow/dags/loading_dag.py
[2026-09-17T21:56:51.102+0000] {logging_mixin.py:188} INFO - [2026-09-17T21:56:51.101+0000] {dag.py:3096} INFO - Sync 1 DAGs
[2026-09-17T21:56:51.122+0000] {logging_mixin.py:188} INFO - [2026-09-17T21:56:51.122+0000] {dag.py:3954} INFO - Setting next_dagrun for data_loading to None, run_after=None
[2026-09-17T21:56:51.148+0000] {processor.py:183} INFO - Processing /opt/airflow/dags/loading_dag.py took 0.107 seconds
[2026-09-17T21:56:51.174+0000] {processor.py:161} INFO - Started process (PID=449) to work on /opt/airflow/dags/loading_dag.py
[2026-09-17T21:56:51.175+0000] {processor.py:830} INFO - Processing file /opt/airflow/dags/loading_dag.py for tasks to queue
[2026-09-17T21:56:51.176+0000] {logging_mixin.py:188} INFO - [2026-09-17T21:56:51.176+0000] {dagbag.py:545} INFO - Filling up the DagBag from /opt/airflow/dags/loading_dag.py
[2026-09-17T21:56:51.189+0000] {processor.py:840} INFO - DAG(s) 'data_loading' retrieved from /opt/airflow/dags/loading_dag.py
[2026-09-17T21:56:51.217+0000] {logging_mixin.py:188} INFO - [2026-09-17T21:56:51.217+0000] {dag.py:3096} INFO - Sync 1 DAGs
[2026-09-17T21:56:51.237+0000] {logging_mixin.py:188} INFO - [2026-09-17T21:56:51.237+0000] {dag.py:3954} INFO - Setting next_dagrun for data_loading to None, run_after=None
[2026-09-17T21:56:51.259+0000] {processor.py:183} INFO - Processing /opt/airflow/dags/loading_dag.py took 0.092 seconds
[2026-09-17T21:56:51.283+0000] {processor.py:161} INFO - Started process (PID=450) to work on /opt/airflow/dags/loading_dag.py
[2026-09-17T21:56:51.284+0000] {processor.py:830} INFO - Processing file /opt/airflow/dags/loading_dag.py for tasks to queue
[2026-09-17T21:56:51.286+0000] {logging_mixin.py:188} INFO - [2026-09-17T21:56:51.285+0000] {dagbag.py:545} INFO - Filling up the DagBag from /opt/airflow/dags/loading_dag.py
[2026-09-17T21:56:51.296+0000] {processor.py:840} INFO - DAG(s) 'data_loading' retrieved from /opt/airflow/dags/loading_dag.py
[2026-09-17T21:56:51.322+0000] {logging_mixin.py:188} INFO - [2026-09-17T21:56:51.321+0000] {dag.py:3096} INFO - Sync 1 DAGs
[2026-09-17T21:56:51.341+0000] {logging_mixin.py:188} INFO - [2026-09-17T21:56:51.341+0000] {dag.py:3954} INFO - Setting next_dagrun for data_loading to None, run_after=None
[2026-09-17T21:56:51.364+0000] {processor.py:183} INFO - Processing /opt/airflow/dags/loading_dag.py took 0.087 seconds
[2026-09-17T21:56:51.390+0000] {processor.py:161} INFO - Started process (PID=451) to work on /opt/airflow/dags/loading_dag.py
[2026-09-17T21:56:51.391+0000] {processor.py:830} INFO - Processing file /opt/airflow/dags/loading_dag.py for tasks to queue
[2026-09-17T21:56:51.393+0000] {logging_mixin.py:188} INFO - [2026-09-17T21:56:51.392+0000] {dagbag.py:545} INFO - Filling up the DagBag from /opt/airflow/dags/loading_dag.py
[2026-09-17T21:56:51.405+0000] {processor.py:840} INFO - DAG(s) 'data_loading' retrieved from /opt/airflow/dags/loading_dag.py
[2026-09-17T21:56:51.436+0000] {logging_mixin.py:188} INFO - [2026-09-17T21:56:51.436+0000] {dag.py:3096} INFO - Sync 1 DAGs
[2026-09-17T21:56:51.460+0000] {logging_mixin.py:188} INFO - [2026-09-17T21:56:51.460+0000] {dag.py:3954} INFO - Setting next_dagrun for data_loading to None, run_after=None
[2026-09-17T21:56:51.478+0000] {processor.py:183} INFO - Processing /opt/airflow/dags/loading_dag.py took 0.096 seconds
[2026-09-17T21:56:51.502+0000] {processor.py:161} INFO - Started process (PID=452) to work on /opt/airflow/dags/loading_dag.py
[2026-09-17T21:56:51.502+0000] {processor.py:830} INFO - Processing file /opt/airflow/dags/loading_dag.py for tasks to queue
[2026-09-17T21:56:51.504+0000] {logging_mixin.py:188} INFO - [2026-09-17T21:56:51.504+0000] {dagbag.py:545} INFO - Filling up the DagBag from /opt/airflow/dags/loading_dag.py
[2026-09-17T21:56:51.514+0000] {processor.py:840} INFO - DAG(s) 'data_loading' retrieved from /opt/airflow/dags/loading_dag.py
[2026-09-17T21:56:51.537+0000] {logging_mixin.py:188} INFO - [2026-09-17T21:56:51.537+0000] {dag.py:3096} INFO - Sync 1 DAGs
[2026-09-17T21:56:51.556+0000] {logging_mixin.py:188} INFO - [2026-09-17T21:56:51.555+0000] {dag.py:3954} INFO - Setting next_dagrun for data_loading to None, run_after=None
[2026-09-17T21:56:51.577+0000] {processor.py:183} INFO - Processing /opt/airflow/dags/loading_dag.py took 0.082 seconds
[2026-09-17T21:56:51.604+0000] {processor.py:161} INFO - Started process (PID=453) to work on /opt/airflow/dags/loading_dag.py
[2026-09-17T21:56:51.605+0000] {processor.py:830} INFO - Processing file /opt/airflow/dags/loading_dag.py for tasks to queue
[2026-09-17T21:56:51.607+0000] {logging_mixin.py:188} INFO - [2026-09-17T21:56:51.606+0000] {dagbag.py:545} INFO - Filling up the DagBag from /opt/airflow/dags/loading_dag.py
[2026-09-17T21:56:51.617+0000] {processor.py:840} INFO - DAG(s) 'data_loading' retrieved from /opt/airflow/dags/loading_dag.py
[2026-09-17T21:56:51.647+0000] {logging_mixin.py:188} INFO - [2026-09-17T21:56:51.647+0000] {dag.py:3096} INFO - Sync 1 DAGs
[2026-09-17T21:56:51.668+0000] {logging_mixin.py:188} INFO - [2026-09-17T21:56:51.668+0000] {dag.py:3954} INFO - Setting next_dagrun for data_loading to None, run_after=None
[2026-09-17T21:56:51.693+0000] {processor.py:183} INFO - Processing /opt/airflow/dags/loading_dag.py took 0.095 seconds
[2026-09-17T21:56:51.718+0000] {processor.py:161} INFO - Started process (PID=454) to work on /opt/airflow/dags/loading_dag.py
[2026-09-17T21:56:51.719+0000] {processor.py:830} INFO - Processing file /opt/airflow/dags/loading_dag.py for tasks to queue
[2026-09-17T21:56:51.720+0000] {logging_mixin.py:188} INFO - [2026-09-17T21:56:51.720+0000] {dagbag.py:545} INFO - Filling up the DagBag from /opt/airflow/dags/loading_dag.py
[2026-09-17T21:56:51.734+0000] {processor.py:840} INFO - DAG(s) 'data_loading' retrieved from /opt/airflow/dags/loading_dag.py
[2026-09-17T21:56:51.758+0000] {logging_mixin.py:188} INFO - [2026-09-17T21:56:51.758+0000] {dag.py:3096} INFO - Sync 1 DAGs
[2026-09-17T21:56:51.776+0000] {logging_mixin.py:188} INFO - [2026-09-17T21:56:51.776+0000] {dag.py:3954} INFO - Setting next_dagrun for data_loading to None, run_after=None
[2026-09-17T21:56:51.800+0000] {processor.py:183} INFO - Processing /opt/airflow/dags/loading_dag.py took 0.090 seconds
[2026-09-17T21:56:51.826+0000] {processor.py:161} INFO - Started process (PID=455) to work on /opt/airflow/dags/loading_dag.py
[2026-09-17T21:56:51.827+0000] {processor.py:830} INFO - Processing file /opt/airflow/dags/loading_dag.py for tasks to queue
[2026-09-17T21:56:51.829+0000] {logging_mixin.py:188} INFO - [2026-09-17T21:56:51.829+0000] {dagbag.py:545} INFO - Filling up the DagBag from /opt/airflow/dags/loading_dag.py
[2026-09-17T21:56:51.841+0000] {processor.py:840} INFO - DAG(s) 'data_loading' retrieved from /opt/airflow/dags/loading_dag.py
[2026-09-17T21:56:51.868+0000] {logging_mixin.py:188} INFO - [2026-09-17T21:56:51.868+0000] {dag.py:3096} INFO - Sync 1 DAGs
[2026-09-17T21:56:51.886+0000] {logging_mixin.py:188} INFO - [2026-09-17T21:56:51.885+0000] {dag.py:3954} INFO - Setting next_dagrun for data_loading to None, run_after=None
[2026-09-17T21:56:51.911+0000] {processor.py:183} INFO - Processing /opt/airflow/dags/loading_dag.py took 0.092 seconds
[2026-09-17T21:56:51.938+0000] {processor.py:161} INFO - Started process (PID=456) to work on /opt/airflow/dags/loading_dag.py
[2026-09-17T21:56:51.938+0000] {processor.py:830} INFO - Processing file /opt/airflow/dags/loading_dag.py for tasks to queue
[2026-09-17T21:56:51.940+0000] {logging_mixin.py:188} INFO - [2026-09-17T21:56:51.940+0000] {dagbag.py:545} INFO - Filling up the DagBag from /opt/airflow/dags/loading_dag.py
[2026-09-17T21:56:51.950+0000] {processor.py:840} INFO - DAG(s) 'data_loading' retrieved from /opt/airflow/dags/loading_dag.py
[2026-09-17T21:56:51.977+0000] {logging_mixin.py:188} INFO - [2026-09-17T21:56:51.977+0000] {dag.py:3096} INFO - Sync 1 DAGs
[2026-09-17T21:56:51.998+0000] {logging_mixin.py:188} INFO - [2026-09-17T21:56:51.998+0000] {dag.py:3954} INFO - Setting next_dagrun for data_loading to None, run_after=None
[2026-09-17T21:56:52.020+0000] {processor.py:183} INFO - Processing /opt/airflow/dags/loading_dag.py took 0.089 seconds
[2026-09-17T21:56:52.044+0000] {processor.py:161} INFO - Started process (PID=457) to work on /opt/airflow/dags/loading_dag.py
[2026-09-17T21:56:52.046+0000] {processor.py:830} INFO - Processing file /opt/airflow/dags/loading_dag.py for tasks to queue
[2026-09-17T21:56:52.048+0000] {logging_mixin.py:188} INFO - [2026-09-17T21:56:52.047+0000] {dagbag.py:545} INFO - Filling up the DagBag from /opt/airflow/dags/loading_dag.py
[2026-09-17T21:56:52.059+0000] {processor.py:840} INFO - DAG(s) 'data_loading' retrieved from /opt/airflow/dags/loading_dag.py
[2026-09-17T21:56:52.084+0000] {logging_mixin.py:188} INFO - [2026-09-17T21:56:52.084+0000] {dag.py:3096} INFO - Sync 1 DAGs
[2026-09-17T21:56:52.103+0000] {logging_mixin.py:188} INFO - [2026-09-17T21:56:52.103+0000] {dag.py:3954} INFO - Setting next_dagrun for data_loading to None, run_after=None
[2026-09-17T21:56:52.126+0000] {processor.py:183} INFO - Processing /opt/airflow/dags/loading_dag.py took 0.088 seconds
[2026-09-17T21:56:52.147+0000] {processor.py:161} INFO - Started process (PID=458) to work on /opt/airflow/dags/loading_dag.py
[2026-09-17T21:56:52.148+0000] {processor.py:830} INFO - Processing file /opt/airflow/dags/loading_dag.py for tasks to queue
[2026-09-17T21:56:52.150+0000] {logging_mixin.py:188} INFO - [2026-09-17T21:56:52.149+0000] {dagbag.py:545} INFO - Filling up the DagBag from /opt/airflow/dags/loading_dag.py
[2026-09-17T21:56:52.160+0000] {processor.py:840} INFO - DAG(s) 'data_loading' retrieved from /opt/airflow/dags/loading_dag.py
[2026-09-17T21:56:52.186+0000] {logging_mixin.py:188} INFO - [2026-09-17T21:56:52.185+0000] {dag.py:3096} INFO - Sync 1 DAGs
[2026-09-17T21:56:52.206+0000] {logging_mixin.py:188} INFO - [2026-09-17T21:56:52.206+0000] {dag.py:3954} INFO - Setting next_dagrun for data_loading to None, run_after=None
[2026-09-17T21:56:52.228+0000] {processor.py:183} INFO - Processing /opt/airflow/dags/loading_dag.py took 0.086 seconds
[2026-09-17T21:56:52.251+0000] {processor.py:161} INFO - Started process (PID=459) to work on /opt/airflow/dags/loading_dag.py
[2026-09-17T21:56:52.252+0000] {processor.py:830} INFO - Processing file /opt/airflow/dags/loading_dag.py for tasks to queue
[2026-09-17T21:56:52.254+0000] {logging_mixin.py:188} INFO - [2026-09-17T21:56:52.254+0000] {dagbag.py:545} INFO - Filling up the DagBag from /opt/airflow/dags/loading_dag.py
[2026-09-17T21:56:52.263+0000] {processor.py:840} INFO - DAG(s) 'data_loading' retrieved from /opt/airflow/dags/loading_dag.py
[2026-09-17T21:56:52.286+0000] {logging_mixin.py:188} INFO - [2026-09-17T21:56:52.286+0000] {dag.py:3096} INFO - Sync 1 DAGs
[2026-09-17T21:56:52.303+0000] {logging_mixin.py:188} INFO - [2026-09-17T21:56:52.303+0000] {dag.py:3954} INFO - Setting next_dagrun for data_loading to None, run_after=None
[2026-09-17T21:56:52.325+0000] {processor.py:183} INFO - Processing /opt/airflow/dags/loading_dag.py took 0.080 seconds
[2026-09-17T21:56:52.355+0000] {processor.py:161} INFO - Started process (PID=460) to work on /opt/airflow/dags/loading_dag.py
[2026-09-17T21:56:52.356+0000] {processor.py:830} INFO - Processing file /opt/airflow/dags/loading_dag.py for tasks to queue
[2026-09-17T21:56:52.357+0000] {logging_mixin.py:188} INFO - [2026-09-17T21:56:52.357+0000] {dagbag.py:545} INFO - Filling up the DagBag from /opt/airflow/dags/loading_dag.py
[2026-09-17T21:56:52.369+0000] {processor.py:840} INFO - DAG(s) 'data_loading' retrieved from /opt/airflow/dags/loading_dag.py
[2026-09-17T21:56:52.395+0000] {logging_mixin.py:188} INFO - [2026-09-17T21:56:52.395+0000] {dag.py:3096} INFO - Sync 1 DAGs
[2026-09-17T21:56:52.413+0000] {logging_mixin.py:188} INFO - [2026-09-17T21:56:52.413+0000] {dag.py:3954} INFO - Setting next_dagrun for data_loading to None, run_after=None
[2026-09-17T21:56:52.435+0000] {processor.py:183} INFO - Processing /opt/airflow/dags/loading_dag.py took 0.087 seconds
[2026-09-17T21:56:52.457+0000] {processor.py:161} INFO - Started process (PID=461) to work on /opt/airflow/dags/loading_dag.py
[2026-09-17T21:56:52.458+0000] {processor.py:830} INFO - Processing file /opt/airflow/dags/loading_dag.py for tasks to queue
[2026-09-17T21:56:52.459+0000] {logging_mixin.py:188} INFO - [2026-09-17T21:56:52.459+0000] {dagbag.py:545} INFO - Filling up the DagBag from /opt/airflow/dags/loading_dag.py
[2026-09-17T21:56:52.469+0000] {processor.py:840} INFO - DAG(s) 'data_loading' retrieved from /opt/airflow/dags/loading_dag.py
[2026-09-17T21:56:52.493+0000] {logging_mixin.py:188} INFO - [2026-09-17T21:56:52.492+0000] {dag.py:3096} INFO - Sync 1 DAGs
[2026-09-17T21:56:52.511+0000] {logging_mixin.py:188} INFO - [2026-09-17T21:56:52.511+0000] {dag.py:3954} INFO - Setting next_dagrun for data_loading to None, run_after=None
[2026-09-17T21:56:52.532+0000] {processor.py:183} INFO - Processing /opt/airflow/dags/loading_dag.py took 0.080 seconds
[2026-09-17T21:56:52.553+0000] {processor.py:161} INFO - Started process (PID=462) to work on /opt/airflow/dags/loading_dag.py
[2026-09-17T21:56:52.554+0000] {processor.py:830} INFO - Processing file /opt/airflow/dags/loading_dag.py for tasks to queue
[2026-09-17T21:56:52.557+0000] {logging_mixin.py:188} INFO - [2026-09-17T21:56:52.557+0000] {dagbag.py:545} INFO - Filling up the DagBag from /opt/airflow/dags/loading_dag.py
[2026-09-17T21:56:52.568+0000] {processor.py:840} INFO - DAG(s) 'data_loading' retrieved from /opt/airflow/dags/loading_dag.py
[2026-09-17T21:56:52.595+0000] {logging_mixin.py:188} INFO - [2026-09-17T21:56:52.595+0000] {dag.py:3096} INFO - Sync 1 DAGs
[2026-09-17T21:56:52.616+0000] {logging_mixin.py:188} INFO - [2026-09-17T21:56:52.615+0000] {dag.py:3954} INFO - Setting next_dagrun for data_loading to None, run_after=None
[2026-09-17T21:56:52.638+0000] {processor.py:183} INFO - Processing /opt/airflow/dags/loading_dag.py took 0.090 seconds
[2026-09-17T21:56:52.663+0000] {processor.py:161} INFO - Started process (PID=463) to work on /opt/airflow/dags/loading_dag.py
[2026-09-17T21:56:52.665+0000] {processor.py:830} INFO - Processing file /opt/airflow/dags/loading_dag.py for tasks to queue
[2026-09-17T21:56:52.667+0000] {logging_mixin.py:188} INFO - [2026-09-17T21:56:52.667+0000] {dagbag.py:545} INFO - Filling up the DagBag from /opt/airflow/dags/loading_dag.py
[2026-09-17T21:56:52.681+0000] {processor.py:840} INFO - DAG(s) 'data_loading' retrieved from /opt/airflow/dags/loading_dag.py
[2026-09-17T21:56:52.707+0000] {logging_mixin.py:188} INFO - [2026-09-17T21:56:52.707+0000] {dag.py:3096} INFO - Sync 1 DAGs
[2026-09-17T21:56:52.731+0000] {logging_mixin.py:188} INFO - [2026-09-17T21:56:52.731+0000] {dag.py:3954} INFO - Setting next_dagrun for data_loading to None, run_after=None
[2026-09-17T21:56:52.752+0000] {processor.py:183} INFO - Processing /opt/airflow/dags/loading_dag.py took 0.096 seconds
[2026-09-17T21:57:23.006+0000] {processor.py:161} INFO - Started process (PID=478) to work on /opt/airflow/dags/loading_dag.py
[2026-09-17T21:57:23.012+0000] {processor.py:830} INFO - Processing file /opt/airflow/dags/loading_dag.py for tasks to queue
[2026-09-17T21:57:23.014+0000] {logging_mixin.py:188} INFO - [2026-09-17T21:57:23.014+0000] {dagbag.py:545} INFO - Filling up the DagBag from /opt/airflow/dags/loading_dag.py
[2026-09-17T21:57:23.025+0000] {processor.py:840} INFO - DAG(s) 'data_loading' retrieved from /opt/airflow/dags/loading_dag.py
[2026-09-17T21:57:23.051+0000] {logging_mixin.py:188} INFO - [2026-09-17T21:57:23.051+0000] {dag.py:3096} INFO - Sync 1 DAGs
[2026-09-17T21:57:23.072+0000] {logging_mixin.py:188} INFO - [2026-09-17T21:57:23.071+0000] {dag.py:3954} INFO - Setting next_dagrun for data_loading to None, run_after=None
[2026-09-17T21:57:23.092+0000] {processor.py:183} INFO - Processing /opt/airflow/dags/loading_dag.py took 0.092 seconds
[2026-09-17T21:57:53.947+0000] {processor.py:161} INFO - Started process (PID=486) to work on /opt/airflow/dags/loading_dag.py
[2026-09-17T21:57:53.953+0000] {processor.py:830} INFO - Processing file /opt/airflow/dags/loading_dag.py for tasks to queue
[2026-09-17T21:57:53.954+0000] {logging_mixin.py:188} INFO - [2026-09-17T21:57:53.954+0000] {dagbag.py:545} INFO - Filling up the DagBag from /opt/airflow/dags/loading_dag.py
[2026-09-17T21:57:53.965+0000] {processor.py:840} INFO - DAG(s) 'data_loading' retrieved from /opt/airflow/dags/loading_dag.py
[2026-09-17T21:57:53.989+0000] {logging_mixin.py:188} INFO - [2026-09-17T21:57:53.989+0000] {dag.py:3096} INFO - Sync 1 DAGs
[2026-09-17T21:57:54.008+0000] {logging_mixin.py:188} INFO - [2026-09-17T21:57:54.008+0000] {dag.py:3954} INFO - Setting next_dagrun for data_loading to None, run_after=None
[2026-09-17T21:57:54.030+0000] {processor.py:183} INFO - Processing /opt/airflow/dags/loading_dag.py took 0.089 seconds
[2026-09-17T21:58:21.990+0000] {processor.py:161} INFO - Started process (PID=494) to work on /opt/airflow/dags/loading_dag.py
[2026-09-17T21:58:21.996+0000] {processor.py:830} INFO - Processing file /opt/airflow/dags/loading_dag.py for tasks to queue
[2026-09-17T21:58:21.998+0000] {logging_mixin.py:188} INFO - [2026-09-17T21:58:21.997+0000] {dagbag.py:545} INFO - Filling up the DagBag from /opt/airflow/dags/loading_dag.py
[2026-09-17T21:58:22.013+0000] {processor.py:840} INFO - DAG(s) 'data_loading' retrieved from /opt/airflow/dags/loading_dag.py
[2026-09-17T21:58:22.044+0000] {logging_mixin.py:188} INFO - [2026-09-17T21:58:22.043+0000] {dag.py:3096} INFO - Sync 1 DAGs
[2026-09-17T21:58:22.080+0000] {logging_mixin.py:188} INFO - [2026-09-17T21:58:22.080+0000] {dag.py:3954} INFO - Setting next_dagrun for data_loading to None, run_after=None
[2026-09-17T21:58:22.115+0000] {processor.py:183} INFO - Processing /opt/airflow/dags/loading_dag.py took 0.134 seconds
[2026-09-17T21:58:32.772+0000] {processor.py:161} INFO - Started process (PID=495) to work on /opt/airflow/dags/loading_dag.py
[2026-09-17T21:58:32.779+0000] {processor.py:830} INFO - Processing file /opt/airflow/dags/loading_dag.py for tasks to queue
[2026-09-17T21:58:32.783+0000] {logging_mixin.py:188} INFO - [2026-09-17T21:58:32.782+0000] {dagbag.py:545} INFO - Filling up the DagBag from /opt/airflow/dags/loading_dag.py
[2026-09-17T21:58:32.792+0000] {logging_mixin.py:188} INFO - [2026-09-17T21:58:32.791+0000] {dagbag.py:355} ERROR - Failed to import: /opt/airflow/dags/loading_dag.py
Traceback (most recent call last):
  File "/home/airflow/.local/lib/python3.10/site-packages/airflow/models/dagbag.py", line 351, in parse
    loader.exec_module(new_module)
  File "<frozen importlib._bootstrap_external>", line 879, in exec_module
  File "<frozen importlib._bootstrap_external>", line 1017, in get_code
  File "<frozen importlib._bootstrap_external>", line 947, in source_to_code
  File "<frozen importlib._bootstrap>", line 241, in _call_with_frames_removed
  File "/opt/airflow/dags/loading_dag.py", line 133
    "video_id":video.[],
                     ^
SyntaxError: invalid syntax
[2026-09-17T21:58:32.793+0000] {processor.py:842} WARNING - No viable dags retrieved from /opt/airflow/dags/loading_dag.py
[2026-09-17T21:58:32.827+0000] {processor.py:183} INFO - Processing /opt/airflow/dags/loading_dag.py took 0.071 seconds
[2026-09-17T21:58:33.794+0000] {processor.py:161} INFO - Started process (PID=496) to work on /opt/airflow/dags/loading_dag.py
[2026-09-17T21:58:33.795+0000] {processor.py:830} INFO - Processing file /opt/airflow/dags/loading_dag.py for tasks to queue
[2026-09-17T21:58:33.797+0000] {logging_mixin.py:188} INFO - [2026-09-17T21:58:33.796+0000] {dagbag.py:545} INFO - Filling up the DagBag from /opt/airflow/dags/loading_dag.py
[2026-09-17T21:58:33.802+0000] {logging_mixin.py:188} INFO - [2026-09-17T21:58:33.800+0000] {dagbag.py:355} ERROR - Failed to import: /opt/airflow/dags/loading_dag.py
Traceback (most recent call last):
  File "/home/airflow/.local/lib/python3.10/site-packages/airflow/models/dagbag.py", line 351, in parse
    loader.exec_module(new_module)
  File "<frozen importlib._bootstrap_external>", line 879, in exec_module
  File "<frozen importlib._bootstrap_external>", line 1017, in get_code
  File "<frozen importlib._bootstrap_external>", line 947, in source_to_code
  File "<frozen importlib._bootstrap>", line 241, in _call_with_frames_removed
  File "/opt/airflow/dags/loading_dag.py", line 133
    "video_id":video[],
               ^^^^^^^
SyntaxError: invalid syntax. Perhaps you forgot a comma?
[2026-09-17T21:58:33.803+0000] {processor.py:842} WARNING - No viable dags retrieved from /opt/airflow/dags/loading_dag.py
[2026-09-17T21:58:33.829+0000] {processor.py:183} INFO - Processing /opt/airflow/dags/loading_dag.py took 0.044 seconds
[2026-09-17T21:58:34.808+0000] {processor.py:161} INFO - Started process (PID=497) to work on /opt/airflow/dags/loading_dag.py
[2026-09-17T21:58:34.809+0000] {processor.py:830} INFO - Processing file /opt/airflow/dags/loading_dag.py for tasks to queue
[2026-09-17T21:58:34.813+0000] {logging_mixin.py:188} INFO - [2026-09-17T21:58:34.812+0000] {dagbag.py:545} INFO - Filling up the DagBag from /opt/airflow/dags/loading_dag.py
[2026-09-17T21:58:34.828+0000] {processor.py:840} INFO - DAG(s) 'data_loading' retrieved from /opt/airflow/dags/loading_dag.py
[2026-09-17T21:58:34.856+0000] {logging_mixin.py:188} INFO - [2026-09-17T21:58:34.856+0000] {dag.py:3096} INFO - Sync 1 DAGs
[2026-09-17T21:58:34.876+0000] {logging_mixin.py:188} INFO - [2026-09-17T21:58:34.876+0000] {dag.py:3954} INFO - Setting next_dagrun for data_loading to None, run_after=None
[2026-09-17T21:58:34.905+0000] {processor.py:183} INFO - Processing /opt/airflow/dags/loading_dag.py took 0.106 seconds
[2026-09-17T21:58:42.928+0000] {processor.py:161} INFO - Started process (PID=498) to work on /opt/airflow/dags/loading_dag.py
[2026-09-17T21:58:42.930+0000] {processor.py:830} INFO - Processing file /opt/airflow/dags/loading_dag.py for tasks to queue
[2026-09-17T21:58:42.932+0000] {logging_mixin.py:188} INFO - [2026-09-17T21:58:42.932+0000] {dagbag.py:545} INFO - Filling up the DagBag from /opt/airflow/dags/loading_dag.py
[2026-09-17T21:58:42.947+0000] {processor.py:840} INFO - DAG(s) 'data_loading' retrieved from /opt/airflow/dags/loading_dag.py
[2026-09-17T21:58:42.980+0000] {logging_mixin.py:188} INFO - [2026-09-17T21:58:42.979+0000] {dag.py:3096} INFO - Sync 1 DAGs
[2026-09-17T21:58:43.004+0000] {logging_mixin.py:188} INFO - [2026-09-17T21:58:43.004+0000] {dag.py:3954} INFO - Setting next_dagrun for data_loading to None, run_after=None
[2026-09-17T21:58:43.034+0000] {processor.py:183} INFO - Processing /opt/airflow/dags/loading_dag.py took 0.113 seconds
[2026-09-17T21:58:48.094+0000] {processor.py:161} INFO - Started process (PID=506) to work on /opt/airflow/dags/loading_dag.py
[2026-09-17T21:58:48.096+0000] {processor.py:830} INFO - Processing file /opt/airflow/dags/loading_dag.py for tasks to queue
[2026-09-17T21:58:48.098+0000] {logging_mixin.py:188} INFO - [2026-09-17T21:58:48.098+0000] {dagbag.py:545} INFO - Filling up the DagBag from /opt/airflow/dags/loading_dag.py
[2026-09-17T21:58:48.115+0000] {processor.py:840} INFO - DAG(s) 'data_loading' retrieved from /opt/airflow/dags/loading_dag.py
[2026-09-17T21:58:48.142+0000] {logging_mixin.py:188} INFO - [2026-09-17T21:58:48.142+0000] {dag.py:3096} INFO - Sync 1 DAGs
[2026-09-17T21:58:48.165+0000] {logging_mixin.py:188} INFO - [2026-09-17T21:58:48.165+0000] {dag.py:3954} INFO - Setting next_dagrun for data_loading to None, run_after=None
[2026-09-17T21:58:48.193+0000] {processor.py:183} INFO - Processing /opt/airflow/dags/loading_dag.py took 0.107 seconds
[2026-09-17T21:58:53.231+0000] {processor.py:161} INFO - Started process (PID=507) to work on /opt/airflow/dags/loading_dag.py
[2026-09-17T21:58:53.232+0000] {processor.py:830} INFO - Processing file /opt/airflow/dags/loading_dag.py for tasks to queue
[2026-09-17T21:58:53.233+0000] {logging_mixin.py:188} INFO - [2026-09-17T21:58:53.233+0000] {dagbag.py:545} INFO - Filling up the DagBag from /opt/airflow/dags/loading_dag.py
[2026-09-17T21:58:53.237+0000] {logging_mixin.py:188} INFO - [2026-09-17T21:58:53.237+0000] {dagbag.py:355} ERROR - Failed to import: /opt/airflow/dags/loading_dag.py
Traceback (most recent call last):
  File "/home/airflow/.local/lib/python3.10/site-packages/airflow/models/dagbag.py", line 351, in parse
    loader.exec_module(new_module)
  File "<frozen importlib._bootstrap_external>", line 879, in exec_module
  File "<frozen importlib._bootstrap_external>", line 1017, in get_code
  File "<frozen importlib._bootstrap_external>", line 947, in source_to_code
  File "<frozen importlib._bootstrap>", line 241, in _call_with_frames_removed
  File "/opt/airflow/dags/loading_dag.py", line 136
    "published_at":video[],
                   ^^^^^^^
SyntaxError: invalid syntax. Perhaps you forgot a comma?
[2026-09-17T21:58:53.238+0000] {processor.py:842} WARNING - No viable dags retrieved from /opt/airflow/dags/loading_dag.py
[2026-09-17T21:58:53.262+0000] {processor.py:183} INFO - Processing /opt/airflow/dags/loading_dag.py took 0.038 seconds
[2026-09-17T21:58:54.252+0000] {processor.py:161} INFO - Started process (PID=508) to work on /opt/airflow/dags/loading_dag.py
[2026-09-17T21:58:54.253+0000] {processor.py:830} INFO - Processing file /opt/airflow/dags/loading_dag.py for tasks to queue
[2026-09-17T21:58:54.255+0000] {logging_mixin.py:188} INFO - [2026-09-17T21:58:54.254+0000] {dagbag.py:545} INFO - Filling up the DagBag from /opt/airflow/dags/loading_dag.py
[2026-09-17T21:58:54.270+0000] {processor.py:840} INFO - DAG(s) 'data_loading' retrieved from /opt/airflow/dags/loading_dag.py
[2026-09-17T21:58:54.303+0000] {logging_mixin.py:188} INFO - [2026-09-17T21:58:54.303+0000] {dag.py:3096} INFO - Sync 1 DAGs
[2026-09-17T21:58:54.329+0000] {logging_mixin.py:188} INFO - [2026-09-17T21:58:54.328+0000] {dag.py:3954} INFO - Setting next_dagrun for data_loading to None, run_after=None
[2026-09-17T21:58:54.356+0000] {processor.py:183} INFO - Processing /opt/airflow/dags/loading_dag.py took 0.112 seconds
[2026-09-17T21:58:59.106+0000] {processor.py:161} INFO - Started process (PID=509) to work on /opt/airflow/dags/loading_dag.py
[2026-09-17T21:58:59.107+0000] {processor.py:830} INFO - Processing file /opt/airflow/dags/loading_dag.py for tasks to queue
[2026-09-17T21:58:59.108+0000] {logging_mixin.py:188} INFO - [2026-09-17T21:58:59.108+0000] {dagbag.py:545} INFO - Filling up the DagBag from /opt/airflow/dags/loading_dag.py
[2026-09-17T21:58:59.113+0000] {logging_mixin.py:188} INFO - [2026-09-17T21:58:59.112+0000] {dagbag.py:355} ERROR - Failed to import: /opt/airflow/dags/loading_dag.py
Traceback (most recent call last):
  File "/home/airflow/.local/lib/python3.10/site-packages/airflow/models/dagbag.py", line 351, in parse
    loader.exec_module(new_module)
  File "<frozen importlib._bootstrap_external>", line 879, in exec_module
  File "<frozen importlib._bootstrap_external>", line 1017, in get_code
  File "<frozen importlib._bootstrap_external>", line 947, in source_to_code
  File "<frozen importlib._bootstrap>", line 241, in _call_with_frames_removed
  File "/opt/airflow/dags/loading_dag.py", line 137
    "duration":yt_duration_format(video[]),
                                  ^^^^^^^
SyntaxError: invalid syntax. Perhaps you forgot a comma?
[2026-09-17T21:58:59.113+0000] {processor.py:842} WARNING - No viable dags retrieved from /opt/airflow/dags/loading_dag.py
[2026-09-17T21:58:59.138+0000] {processor.py:183} INFO - Processing /opt/airflow/dags/loading_dag.py took 0.040 seconds
[2026-09-17T21:59:00.125+0000] {processor.py:161} INFO - Started process (PID=510) to work on /opt/airflow/dags/loading_dag.py
[2026-09-17T21:59:00.126+0000] {processor.py:830} INFO - Processing file /opt/airflow/dags/loading_dag.py for tasks to queue
[2026-09-17T21:59:00.128+0000] {logging_mixin.py:188} INFO - [2026-09-17T21:59:00.128+0000] {dagbag.py:545} INFO - Filling up the DagBag from /opt/airflow/dags/loading_dag.py
[2026-09-17T21:59:00.141+0000] {processor.py:840} INFO - DAG(s) 'data_loading' retrieved from /opt/airflow/dags/loading_dag.py
[2026-09-17T21:59:00.169+0000] {logging_mixin.py:188} INFO - [2026-09-17T21:59:00.168+0000] {dag.py:3096} INFO - Sync 1 DAGs
[2026-09-17T21:59:00.189+0000] {logging_mixin.py:188} INFO - [2026-09-17T21:59:00.189+0000] {dag.py:3954} INFO - Setting next_dagrun for data_loading to None, run_after=None
[2026-09-17T21:59:00.218+0000] {processor.py:183} INFO - Processing /opt/airflow/dags/loading_dag.py took 0.100 seconds
[2026-09-17T21:59:06.224+0000] {processor.py:161} INFO - Started process (PID=511) to work on /opt/airflow/dags/loading_dag.py
[2026-09-17T21:59:06.226+0000] {processor.py:830} INFO - Processing file /opt/airflow/dags/loading_dag.py for tasks to queue
[2026-09-17T21:59:06.229+0000] {logging_mixin.py:188} INFO - [2026-09-17T21:59:06.228+0000] {dagbag.py:545} INFO - Filling up the DagBag from /opt/airflow/dags/loading_dag.py
[2026-09-17T21:59:06.233+0000] {logging_mixin.py:188} INFO - [2026-09-17T21:59:06.232+0000] {dagbag.py:355} ERROR - Failed to import: /opt/airflow/dags/loading_dag.py
Traceback (most recent call last):
  File "/home/airflow/.local/lib/python3.10/site-packages/airflow/models/dagbag.py", line 351, in parse
    loader.exec_module(new_module)
  File "<frozen importlib._bootstrap_external>", line 879, in exec_module
  File "<frozen importlib._bootstrap_external>", line 1017, in get_code
  File "<frozen importlib._bootstrap_external>", line 947, in source_to_code
  File "<frozen importlib._bootstrap>", line 241, in _call_with_frames_removed
  File "/opt/airflow/dags/loading_dag.py", line 138
    "views":video],
                 ^
SyntaxError: closing parenthesis ']' does not match opening parenthesis '{' on line 132
[2026-09-17T21:59:06.234+0000] {processor.py:842} WARNING - No viable dags retrieved from /opt/airflow/dags/loading_dag.py
[2026-09-17T21:59:06.262+0000] {processor.py:183} INFO - Processing /opt/airflow/dags/loading_dag.py took 0.047 seconds
[2026-09-17T21:59:09.302+0000] {processor.py:161} INFO - Started process (PID=512) to work on /opt/airflow/dags/loading_dag.py
[2026-09-17T21:59:09.302+0000] {processor.py:830} INFO - Processing file /opt/airflow/dags/loading_dag.py for tasks to queue
[2026-09-17T21:59:09.304+0000] {logging_mixin.py:188} INFO - [2026-09-17T21:59:09.304+0000] {dagbag.py:545} INFO - Filling up the DagBag from /opt/airflow/dags/loading_dag.py
[2026-09-17T21:59:09.316+0000] {processor.py:840} INFO - DAG(s) 'data_loading' retrieved from /opt/airflow/dags/loading_dag.py
[2026-09-17T21:59:09.344+0000] {logging_mixin.py:188} INFO - [2026-09-17T21:59:09.343+0000] {dag.py:3096} INFO - Sync 1 DAGs
[2026-09-17T21:59:09.368+0000] {logging_mixin.py:188} INFO - [2026-09-17T21:59:09.368+0000] {dag.py:3954} INFO - Setting next_dagrun for data_loading to None, run_after=None
[2026-09-17T21:59:09.404+0000] {processor.py:183} INFO - Processing /opt/airflow/dags/loading_dag.py took 0.110 seconds
[2026-09-17T21:59:14.360+0000] {processor.py:161} INFO - Started process (PID=513) to work on /opt/airflow/dags/loading_dag.py
[2026-09-17T21:59:14.361+0000] {processor.py:830} INFO - Processing file /opt/airflow/dags/loading_dag.py for tasks to queue
[2026-09-17T21:59:14.363+0000] {logging_mixin.py:188} INFO - [2026-09-17T21:59:14.363+0000] {dagbag.py:545} INFO - Filling up the DagBag from /opt/airflow/dags/loading_dag.py
[2026-09-17T21:59:14.376+0000] {processor.py:840} INFO - DAG(s) 'data_loading' retrieved from /opt/airflow/dags/loading_dag.py
[2026-09-17T21:59:14.407+0000] {logging_mixin.py:188} INFO - [2026-09-17T21:59:14.406+0000] {dag.py:3096} INFO - Sync 1 DAGs
[2026-09-17T21:59:14.432+0000] {logging_mixin.py:188} INFO - [2026-09-17T21:59:14.432+0000] {dag.py:3954} INFO - Setting next_dagrun for data_loading to None, run_after=None
[2026-09-17T21:59:14.461+0000] {processor.py:183} INFO - Processing /opt/airflow/dags/loading_dag.py took 0.110 seconds
[2026-09-17T21:59:20.529+0000] {processor.py:161} INFO - Started process (PID=521) to work on /opt/airflow/dags/loading_dag.py
[2026-09-17T21:59:20.530+0000] {processor.py:830} INFO - Processing file /opt/airflow/dags/loading_dag.py for tasks to queue
[2026-09-17T21:59:20.532+0000] {logging_mixin.py:188} INFO - [2026-09-17T21:59:20.532+0000] {dagbag.py:545} INFO - Filling up the DagBag from /opt/airflow/dags/loading_dag.py
[2026-09-17T21:59:20.537+0000] {logging_mixin.py:188} INFO - [2026-09-17T21:59:20.536+0000] {dagbag.py:355} ERROR - Failed to import: /opt/airflow/dags/loading_dag.py
Traceback (most recent call last):
  File "/home/airflow/.local/lib/python3.10/site-packages/airflow/models/dagbag.py", line 351, in parse
    loader.exec_module(new_module)
  File "<frozen importlib._bootstrap_external>", line 879, in exec_module
  File "<frozen importlib._bootstrap_external>", line 1017, in get_code
  File "<frozen importlib._bootstrap_external>", line 947, in source_to_code
  File "<frozen importlib._bootstrap>", line 241, in _call_with_frames_removed
  File "/opt/airflow/dags/loading_dag.py", line 140
    "comments":video[]} ,records)
               ^^^^^^^
SyntaxError: invalid syntax. Perhaps you forgot a comma?
[2026-09-17T21:59:20.537+0000] {processor.py:842} WARNING - No viable dags retrieved from /opt/airflow/dags/loading_dag.py
[2026-09-17T21:59:20.562+0000] {processor.py:183} INFO - Processing /opt/airflow/dags/loading_dag.py took 0.039 seconds
[2026-09-17T21:59:22.560+0000] {processor.py:161} INFO - Started process (PID=522) to work on /opt/airflow/dags/loading_dag.py
[2026-09-17T21:59:22.565+0000] {processor.py:830} INFO - Processing file /opt/airflow/dags/loading_dag.py for tasks to queue
[2026-09-17T21:59:22.567+0000] {logging_mixin.py:188} INFO - [2026-09-17T21:59:22.567+0000] {dagbag.py:545} INFO - Filling up the DagBag from /opt/airflow/dags/loading_dag.py
[2026-09-17T21:59:22.580+0000] {processor.py:840} INFO - DAG(s) 'data_loading' retrieved from /opt/airflow/dags/loading_dag.py
[2026-09-17T21:59:22.603+0000] {logging_mixin.py:188} INFO - [2026-09-17T21:59:22.603+0000] {dag.py:3096} INFO - Sync 1 DAGs
[2026-09-17T21:59:22.621+0000] {logging_mixin.py:188} INFO - [2026-09-17T21:59:22.621+0000] {dag.py:3954} INFO - Setting next_dagrun for data_loading to None, run_after=None
[2026-09-17T21:59:22.650+0000] {processor.py:183} INFO - Processing /opt/airflow/dags/loading_dag.py took 0.098 seconds
[2026-09-17T21:59:53.137+0000] {processor.py:161} INFO - Started process (PID=530) to work on /opt/airflow/dags/loading_dag.py
[2026-09-17T21:59:53.143+0000] {processor.py:830} INFO - Processing file /opt/airflow/dags/loading_dag.py for tasks to queue
[2026-09-17T21:59:53.145+0000] {logging_mixin.py:188} INFO - [2026-09-17T21:59:53.144+0000] {dagbag.py:545} INFO - Filling up the DagBag from /opt/airflow/dags/loading_dag.py
[2026-09-17T21:59:53.155+0000] {processor.py:840} INFO - DAG(s) 'data_loading' retrieved from /opt/airflow/dags/loading_dag.py
[2026-09-17T21:59:53.181+0000] {logging_mixin.py:188} INFO - [2026-09-17T21:59:53.181+0000] {dag.py:3096} INFO - Sync 1 DAGs
[2026-09-17T21:59:53.199+0000] {logging_mixin.py:188} INFO - [2026-09-17T21:59:53.199+0000] {dag.py:3954} INFO - Setting next_dagrun for data_loading to None, run_after=None
[2026-09-17T21:59:53.223+0000] {processor.py:183} INFO - Processing /opt/airflow/dags/loading_dag.py took 0.093 seconds
[2026-09-17T22:00:24.175+0000] {processor.py:161} INFO - Started process (PID=538) to work on /opt/airflow/dags/loading_dag.py
[2026-09-17T22:00:24.180+0000] {processor.py:830} INFO - Processing file /opt/airflow/dags/loading_dag.py for tasks to queue
[2026-09-17T22:00:24.182+0000] {logging_mixin.py:188} INFO - [2026-09-17T22:00:24.182+0000] {dagbag.py:545} INFO - Filling up the DagBag from /opt/airflow/dags/loading_dag.py
[2026-09-17T22:00:24.193+0000] {processor.py:840} INFO - DAG(s) 'data_loading' retrieved from /opt/airflow/dags/loading_dag.py
[2026-09-17T22:00:24.224+0000] {logging_mixin.py:188} INFO - [2026-09-17T22:00:24.224+0000] {dag.py:3096} INFO - Sync 1 DAGs
[2026-09-17T22:00:24.244+0000] {logging_mixin.py:188} INFO - [2026-09-17T22:00:24.244+0000] {dag.py:3954} INFO - Setting next_dagrun for data_loading to None, run_after=None
[2026-09-17T22:00:24.270+0000] {processor.py:183} INFO - Processing /opt/airflow/dags/loading_dag.py took 0.103 seconds
[2026-09-17T22:00:54.354+0000] {processor.py:161} INFO - Started process (PID=546) to work on /opt/airflow/dags/loading_dag.py
[2026-09-17T22:00:54.360+0000] {processor.py:830} INFO - Processing file /opt/airflow/dags/loading_dag.py for tasks to queue
[2026-09-17T22:00:54.361+0000] {logging_mixin.py:188} INFO - [2026-09-17T22:00:54.361+0000] {dagbag.py:545} INFO - Filling up the DagBag from /opt/airflow/dags/loading_dag.py
[2026-09-17T22:00:54.375+0000] {processor.py:840} INFO - DAG(s) 'data_loading' retrieved from /opt/airflow/dags/loading_dag.py
[2026-09-17T22:00:54.403+0000] {logging_mixin.py:188} INFO - [2026-09-17T22:00:54.403+0000] {dag.py:3096} INFO - Sync 1 DAGs
[2026-09-17T22:00:54.424+0000] {logging_mixin.py:188} INFO - [2026-09-17T22:00:54.424+0000] {dag.py:3954} INFO - Setting next_dagrun for data_loading to None, run_after=None
[2026-09-17T22:00:54.451+0000] {processor.py:183} INFO - Processing /opt/airflow/dags/loading_dag.py took 0.107 seconds
[2026-09-17T22:01:25.211+0000] {processor.py:161} INFO - Started process (PID=555) to work on /opt/airflow/dags/loading_dag.py
[2026-09-17T22:01:25.213+0000] {processor.py:830} INFO - Processing file /opt/airflow/dags/loading_dag.py for tasks to queue
[2026-09-17T22:01:25.215+0000] {logging_mixin.py:188} INFO - [2026-09-17T22:01:25.215+0000] {dagbag.py:545} INFO - Filling up the DagBag from /opt/airflow/dags/loading_dag.py
[2026-09-17T22:01:25.228+0000] {processor.py:840} INFO - DAG(s) 'data_loading' retrieved from /opt/airflow/dags/loading_dag.py
[2026-09-17T22:01:25.258+0000] {logging_mixin.py:188} INFO - [2026-09-17T22:01:25.258+0000] {dag.py:3096} INFO - Sync 1 DAGs
[2026-09-17T22:01:25.278+0000] {logging_mixin.py:188} INFO - [2026-09-17T22:01:25.278+0000] {dag.py:3954} INFO - Setting next_dagrun for data_loading to None, run_after=None
[2026-09-17T22:01:25.300+0000] {processor.py:183} INFO - Processing /opt/airflow/dags/loading_dag.py took 0.097 seconds
[2026-09-17T22:01:56.049+0000] {processor.py:161} INFO - Started process (PID=563) to work on /opt/airflow/dags/loading_dag.py
[2026-09-17T22:01:56.050+0000] {processor.py:830} INFO - Processing file /opt/airflow/dags/loading_dag.py for tasks to queue
[2026-09-17T22:01:56.052+0000] {logging_mixin.py:188} INFO - [2026-09-17T22:01:56.052+0000] {dagbag.py:545} INFO - Filling up the DagBag from /opt/airflow/dags/loading_dag.py
[2026-09-17T22:01:56.064+0000] {processor.py:840} INFO - DAG(s) 'data_loading' retrieved from /opt/airflow/dags/loading_dag.py
[2026-09-17T22:01:56.090+0000] {logging_mixin.py:188} INFO - [2026-09-17T22:01:56.090+0000] {dag.py:3096} INFO - Sync 1 DAGs
[2026-09-17T22:01:56.109+0000] {logging_mixin.py:188} INFO - [2026-09-17T22:01:56.109+0000] {dag.py:3954} INFO - Setting next_dagrun for data_loading to None, run_after=None
[2026-09-17T22:01:56.135+0000] {processor.py:183} INFO - Processing /opt/airflow/dags/loading_dag.py took 0.094 seconds
[2026-09-17T22:02:26.182+0000] {processor.py:161} INFO - Started process (PID=571) to work on /opt/airflow/dags/loading_dag.py
[2026-09-17T22:02:26.184+0000] {processor.py:830} INFO - Processing file /opt/airflow/dags/loading_dag.py for tasks to queue
[2026-09-17T22:02:26.185+0000] {logging_mixin.py:188} INFO - [2026-09-17T22:02:26.185+0000] {dagbag.py:545} INFO - Filling up the DagBag from /opt/airflow/dags/loading_dag.py
[2026-09-17T22:02:26.196+0000] {processor.py:840} INFO - DAG(s) 'data_loading' retrieved from /opt/airflow/dags/loading_dag.py
[2026-09-17T22:02:26.223+0000] {logging_mixin.py:188} INFO - [2026-09-17T22:02:26.222+0000] {dag.py:3096} INFO - Sync 1 DAGs
[2026-09-17T22:02:26.243+0000] {logging_mixin.py:188} INFO - [2026-09-17T22:02:26.243+0000] {dag.py:3954} INFO - Setting next_dagrun for data_loading to None, run_after=None
[2026-09-17T22:02:26.267+0000] {processor.py:183} INFO - Processing /opt/airflow/dags/loading_dag.py took 0.092 seconds
[2026-09-17T22:02:57.087+0000] {processor.py:161} INFO - Started process (PID=585) to work on /opt/airflow/dags/loading_dag.py
[2026-09-17T22:02:57.088+0000] {processor.py:830} INFO - Processing file /opt/airflow/dags/loading_dag.py for tasks to queue
[2026-09-17T22:02:57.092+0000] {logging_mixin.py:188} INFO - [2026-09-17T22:02:57.091+0000] {dagbag.py:545} INFO - Filling up the DagBag from /opt/airflow/dags/loading_dag.py
[2026-09-17T22:02:57.105+0000] {processor.py:840} INFO - DAG(s) 'data_loading' retrieved from /opt/airflow/dags/loading_dag.py
[2026-09-17T22:02:57.138+0000] {logging_mixin.py:188} INFO - [2026-09-17T22:02:57.138+0000] {dag.py:3096} INFO - Sync 1 DAGs
[2026-09-17T22:02:57.159+0000] {logging_mixin.py:188} INFO - [2026-09-17T22:02:57.159+0000] {dag.py:3954} INFO - Setting next_dagrun for data_loading to None, run_after=None
[2026-09-17T22:02:57.183+0000] {processor.py:183} INFO - Processing /opt/airflow/dags/loading_dag.py took 0.105 seconds
[2026-09-17T22:05:05.689+0000] {processor.py:161} INFO - Started process (PID=49) to work on /opt/airflow/dags/loading_dag.py
[2026-09-17T22:05:05.691+0000] {processor.py:830} INFO - Processing file /opt/airflow/dags/loading_dag.py for tasks to queue
[2026-09-17T22:05:05.694+0000] {logging_mixin.py:188} INFO - [2026-09-17T22:05:05.693+0000] {dagbag.py:545} INFO - Filling up the DagBag from /opt/airflow/dags/loading_dag.py
[2026-09-17T22:05:05.721+0000] {processor.py:840} INFO - DAG(s) 'data_loading' retrieved from /opt/airflow/dags/loading_dag.py
[2026-09-17T22:05:06.062+0000] {logging_mixin.py:188} INFO - [2026-09-17T22:05:06.061+0000] {override.py:1829} INFO - Created Permission View: can delete on DAG:data_loading
[2026-09-17T22:05:06.078+0000] {logging_mixin.py:188} INFO - [2026-09-17T22:05:06.078+0000] {override.py:1829} INFO - Created Permission View: can read on DAG:data_loading
[2026-09-17T22:05:06.090+0000] {logging_mixin.py:188} INFO - [2026-09-17T22:05:06.089+0000] {override.py:1829} INFO - Created Permission View: can edit on DAG:data_loading
[2026-09-17T22:05:06.090+0000] {logging_mixin.py:188} INFO - [2026-09-17T22:05:06.090+0000] {dag.py:3096} INFO - Sync 1 DAGs
[2026-09-17T22:05:06.104+0000] {logging_mixin.py:188} INFO - [2026-09-17T22:05:06.104+0000] {dag.py:3118} INFO - Creating ORM DAG for data_loading
[2026-09-17T22:05:06.118+0000] {logging_mixin.py:188} INFO - [2026-09-17T22:05:06.118+0000] {dag.py:3954} INFO - Setting next_dagrun for data_loading to None, run_after=None
[2026-09-17T22:05:06.149+0000] {processor.py:183} INFO - Processing /opt/airflow/dags/loading_dag.py took 0.474 seconds
[2026-09-17T22:05:36.752+0000] {processor.py:161} INFO - Started process (PID=64) to work on /opt/airflow/dags/loading_dag.py
[2026-09-17T22:05:36.753+0000] {processor.py:830} INFO - Processing file /opt/airflow/dags/loading_dag.py for tasks to queue
[2026-09-17T22:05:36.756+0000] {logging_mixin.py:188} INFO - [2026-09-17T22:05:36.755+0000] {dagbag.py:545} INFO - Filling up the DagBag from /opt/airflow/dags/loading_dag.py
[2026-09-17T22:05:36.774+0000] {processor.py:840} INFO - DAG(s) 'data_loading' retrieved from /opt/airflow/dags/loading_dag.py
[2026-09-17T22:05:36.809+0000] {logging_mixin.py:188} INFO - [2026-09-17T22:05:36.809+0000] {dag.py:3096} INFO - Sync 1 DAGs
[2026-09-17T22:05:36.838+0000] {logging_mixin.py:188} INFO - [2026-09-17T22:05:36.838+0000] {dag.py:3954} INFO - Setting next_dagrun for data_loading to None, run_after=None
[2026-09-17T22:05:36.866+0000] {processor.py:183} INFO - Processing /opt/airflow/dags/loading_dag.py took 0.122 seconds
[2026-09-17T22:06:07.760+0000] {processor.py:161} INFO - Started process (PID=72) to work on /opt/airflow/dags/loading_dag.py
[2026-09-17T22:06:07.762+0000] {processor.py:830} INFO - Processing file /opt/airflow/dags/loading_dag.py for tasks to queue
[2026-09-17T22:06:07.764+0000] {logging_mixin.py:188} INFO - [2026-09-17T22:06:07.764+0000] {dagbag.py:545} INFO - Filling up the DagBag from /opt/airflow/dags/loading_dag.py
[2026-09-17T22:06:07.778+0000] {processor.py:840} INFO - DAG(s) 'data_loading' retrieved from /opt/airflow/dags/loading_dag.py
[2026-09-17T22:06:07.809+0000] {logging_mixin.py:188} INFO - [2026-09-17T22:06:07.809+0000] {dag.py:3096} INFO - Sync 1 DAGs
[2026-09-17T22:06:07.832+0000] {logging_mixin.py:188} INFO - [2026-09-17T22:06:07.832+0000] {dag.py:3954} INFO - Setting next_dagrun for data_loading to None, run_after=None
[2026-09-17T22:06:07.860+0000] {processor.py:183} INFO - Processing /opt/airflow/dags/loading_dag.py took 0.109 seconds
[2026-09-17T22:06:38.691+0000] {processor.py:161} INFO - Started process (PID=80) to work on /opt/airflow/dags/loading_dag.py
[2026-09-17T22:06:38.694+0000] {processor.py:830} INFO - Processing file /opt/airflow/dags/loading_dag.py for tasks to queue
[2026-09-17T22:06:38.698+0000] {logging_mixin.py:188} INFO - [2026-09-17T22:06:38.697+0000] {dagbag.py:545} INFO - Filling up the DagBag from /opt/airflow/dags/loading_dag.py
[2026-09-17T22:06:38.716+0000] {processor.py:840} INFO - DAG(s) 'data_loading' retrieved from /opt/airflow/dags/loading_dag.py
[2026-09-17T22:06:38.754+0000] {logging_mixin.py:188} INFO - [2026-09-17T22:06:38.754+0000] {dag.py:3096} INFO - Sync 1 DAGs
[2026-09-17T22:06:38.780+0000] {logging_mixin.py:188} INFO - [2026-09-17T22:06:38.780+0000] {dag.py:3954} INFO - Setting next_dagrun for data_loading to None, run_after=None
[2026-09-17T22:06:38.805+0000] {processor.py:183} INFO - Processing /opt/airflow/dags/loading_dag.py took 0.125 seconds
[2026-09-17T22:07:09.565+0000] {processor.py:161} INFO - Started process (PID=88) to work on /opt/airflow/dags/loading_dag.py
[2026-09-17T22:07:09.570+0000] {processor.py:830} INFO - Processing file /opt/airflow/dags/loading_dag.py for tasks to queue
[2026-09-17T22:07:09.573+0000] {logging_mixin.py:188} INFO - [2026-09-17T22:07:09.572+0000] {dagbag.py:545} INFO - Filling up the DagBag from /opt/airflow/dags/loading_dag.py
[2026-09-17T22:07:09.587+0000] {processor.py:840} INFO - DAG(s) 'data_loading' retrieved from /opt/airflow/dags/loading_dag.py
[2026-09-17T22:07:09.622+0000] {logging_mixin.py:188} INFO - [2026-09-17T22:07:09.622+0000] {dag.py:3096} INFO - Sync 1 DAGs
[2026-09-17T22:07:09.648+0000] {logging_mixin.py:188} INFO - [2026-09-17T22:07:09.648+0000] {dag.py:3954} INFO - Setting next_dagrun for data_loading to None, run_after=None
[2026-09-17T22:07:09.675+0000] {processor.py:183} INFO - Processing /opt/airflow/dags/loading_dag.py took 0.121 seconds
[2026-09-17T22:07:40.636+0000] {processor.py:161} INFO - Started process (PID=96) to work on /opt/airflow/dags/loading_dag.py
[2026-09-17T22:07:40.642+0000] {processor.py:830} INFO - Processing file /opt/airflow/dags/loading_dag.py for tasks to queue
[2026-09-17T22:07:40.645+0000] {logging_mixin.py:188} INFO - [2026-09-17T22:07:40.644+0000] {dagbag.py:545} INFO - Filling up the DagBag from /opt/airflow/dags/loading_dag.py
[2026-09-17T22:07:40.663+0000] {processor.py:840} INFO - DAG(s) 'data_loading' retrieved from /opt/airflow/dags/loading_dag.py
[2026-09-17T22:07:40.698+0000] {logging_mixin.py:188} INFO - [2026-09-17T22:07:40.698+0000] {dag.py:3096} INFO - Sync 1 DAGs
[2026-09-17T22:07:40.723+0000] {logging_mixin.py:188} INFO - [2026-09-17T22:07:40.723+0000] {dag.py:3954} INFO - Setting next_dagrun for data_loading to None, run_after=None
[2026-09-17T22:07:40.748+0000] {processor.py:183} INFO - Processing /opt/airflow/dags/loading_dag.py took 0.122 seconds
[2026-09-17T22:08:11.190+0000] {processor.py:161} INFO - Started process (PID=109) to work on /opt/airflow/dags/loading_dag.py
[2026-09-17T22:08:11.196+0000] {processor.py:830} INFO - Processing file /opt/airflow/dags/loading_dag.py for tasks to queue
[2026-09-17T22:08:11.199+0000] {logging_mixin.py:188} INFO - [2026-09-17T22:08:11.198+0000] {dagbag.py:545} INFO - Filling up the DagBag from /opt/airflow/dags/loading_dag.py
[2026-09-17T22:08:11.211+0000] {processor.py:840} INFO - DAG(s) 'data_loading' retrieved from /opt/airflow/dags/loading_dag.py
[2026-09-17T22:08:11.239+0000] {logging_mixin.py:188} INFO - [2026-09-17T22:08:11.239+0000] {dag.py:3096} INFO - Sync 1 DAGs
[2026-09-17T22:08:11.265+0000] {logging_mixin.py:188} INFO - [2026-09-17T22:08:11.265+0000] {dag.py:3954} INFO - Setting next_dagrun for data_loading to None, run_after=None
[2026-09-17T22:08:11.287+0000] {processor.py:183} INFO - Processing /opt/airflow/dags/loading_dag.py took 0.105 seconds
[2026-09-17T22:08:42.094+0000] {processor.py:161} INFO - Started process (PID=117) to work on /opt/airflow/dags/loading_dag.py
[2026-09-17T22:08:42.100+0000] {processor.py:830} INFO - Processing file /opt/airflow/dags/loading_dag.py for tasks to queue
[2026-09-17T22:08:42.103+0000] {logging_mixin.py:188} INFO - [2026-09-17T22:08:42.102+0000] {dagbag.py:545} INFO - Filling up the DagBag from /opt/airflow/dags/loading_dag.py
[2026-09-17T22:08:42.116+0000] {processor.py:840} INFO - DAG(s) 'data_loading' retrieved from /opt/airflow/dags/loading_dag.py
[2026-09-17T22:08:42.146+0000] {logging_mixin.py:188} INFO - [2026-09-17T22:08:42.146+0000] {dag.py:3096} INFO - Sync 1 DAGs
[2026-09-17T22:08:42.170+0000] {logging_mixin.py:188} INFO - [2026-09-17T22:08:42.170+0000] {dag.py:3954} INFO - Setting next_dagrun for data_loading to None, run_after=None
[2026-09-17T22:08:42.198+0000] {processor.py:183} INFO - Processing /opt/airflow/dags/loading_dag.py took 0.112 seconds
[2026-09-17T22:09:13.084+0000] {processor.py:161} INFO - Started process (PID=125) to work on /opt/airflow/dags/loading_dag.py
[2026-09-17T22:09:13.090+0000] {processor.py:830} INFO - Processing file /opt/airflow/dags/loading_dag.py for tasks to queue
[2026-09-17T22:09:13.092+0000] {logging_mixin.py:188} INFO - [2026-09-17T22:09:13.091+0000] {dagbag.py:545} INFO - Filling up the DagBag from /opt/airflow/dags/loading_dag.py
[2026-09-17T22:09:13.104+0000] {processor.py:840} INFO - DAG(s) 'data_loading' retrieved from /opt/airflow/dags/loading_dag.py
[2026-09-17T22:09:13.132+0000] {logging_mixin.py:188} INFO - [2026-09-17T22:09:13.132+0000] {dag.py:3096} INFO - Sync 1 DAGs
[2026-09-17T22:09:13.152+0000] {logging_mixin.py:188} INFO - [2026-09-17T22:09:13.152+0000] {dag.py:3954} INFO - Setting next_dagrun for data_loading to None, run_after=None
[2026-09-17T22:09:13.174+0000] {processor.py:183} INFO - Processing /opt/airflow/dags/loading_dag.py took 0.096 seconds
[2026-09-17T22:09:28.377+0000] {processor.py:161} INFO - Started process (PID=134) to work on /opt/airflow/dags/loading_dag.py
[2026-09-17T22:09:28.383+0000] {processor.py:830} INFO - Processing file /opt/airflow/dags/loading_dag.py for tasks to queue
[2026-09-17T22:09:28.390+0000] {logging_mixin.py:188} INFO - [2026-09-17T22:09:28.389+0000] {dagbag.py:545} INFO - Filling up the DagBag from /opt/airflow/dags/loading_dag.py
[2026-09-17T22:09:28.394+0000] {logging_mixin.py:188} INFO - [2026-09-17T22:09:28.393+0000] {dagbag.py:355} ERROR - Failed to import: /opt/airflow/dags/loading_dag.py
Traceback (most recent call last):
  File "/home/airflow/.local/lib/python3.10/site-packages/airflow/models/dagbag.py", line 351, in parse
    loader.exec_module(new_module)
  File "<frozen importlib._bootstrap_external>", line 879, in exec_module
  File "<frozen importlib._bootstrap_external>", line 1017, in get_code
  File "<frozen importlib._bootstrap_external>", line 947, in source_to_code
  File "<frozen importlib._bootstrap>", line 241, in _call_with_frames_removed
  File "/opt/airflow/dags/loading_dag.py", line 18
    sql = 
          ^
SyntaxError: invalid syntax
[2026-09-17T22:09:28.395+0000] {processor.py:842} WARNING - No viable dags retrieved from /opt/airflow/dags/loading_dag.py
[2026-09-17T22:09:28.428+0000] {processor.py:183} INFO - Processing /opt/airflow/dags/loading_dag.py took 0.065 seconds
[2026-09-17T22:09:31.781+0000] {processor.py:161} INFO - Started process (PID=135) to work on /opt/airflow/dags/loading_dag.py
[2026-09-17T22:09:31.784+0000] {processor.py:830} INFO - Processing file /opt/airflow/dags/loading_dag.py for tasks to queue
[2026-09-17T22:09:31.788+0000] {logging_mixin.py:188} INFO - [2026-09-17T22:09:31.787+0000] {dagbag.py:545} INFO - Filling up the DagBag from /opt/airflow/dags/loading_dag.py
[2026-09-17T22:09:31.832+0000] {processor.py:840} INFO - DAG(s) 'data_loading' retrieved from /opt/airflow/dags/loading_dag.py
[2026-09-17T22:09:31.897+0000] {logging_mixin.py:188} INFO - [2026-09-17T22:09:31.897+0000] {dag.py:3096} INFO - Sync 1 DAGs
[2026-09-17T22:09:31.934+0000] {logging_mixin.py:188} INFO - [2026-09-17T22:09:31.934+0000] {dag.py:3954} INFO - Setting next_dagrun for data_loading to None, run_after=None
[2026-09-17T22:09:31.974+0000] {processor.py:183} INFO - Processing /opt/airflow/dags/loading_dag.py took 0.209 seconds
[2026-09-17T22:09:33.326+0000] {processor.py:161} INFO - Started process (PID=136) to work on /opt/airflow/dags/loading_dag.py
[2026-09-17T22:09:33.327+0000] {processor.py:830} INFO - Processing file /opt/airflow/dags/loading_dag.py for tasks to queue
[2026-09-17T22:09:33.329+0000] {logging_mixin.py:188} INFO - [2026-09-17T22:09:33.328+0000] {dagbag.py:545} INFO - Filling up the DagBag from /opt/airflow/dags/loading_dag.py
[2026-09-17T22:09:33.343+0000] {processor.py:840} INFO - DAG(s) 'data_loading' retrieved from /opt/airflow/dags/loading_dag.py
[2026-09-17T22:09:33.373+0000] {logging_mixin.py:188} INFO - [2026-09-17T22:09:33.373+0000] {dag.py:3096} INFO - Sync 1 DAGs
[2026-09-17T22:09:33.395+0000] {logging_mixin.py:188} INFO - [2026-09-17T22:09:33.394+0000] {dag.py:3954} INFO - Setting next_dagrun for data_loading to None, run_after=None
[2026-09-17T22:09:33.420+0000] {processor.py:183} INFO - Processing /opt/airflow/dags/loading_dag.py took 0.104 seconds
[2026-09-17T22:09:49.589+0000] {processor.py:161} INFO - Started process (PID=144) to work on /opt/airflow/dags/loading_dag.py
[2026-09-17T22:09:49.605+0000] {processor.py:830} INFO - Processing file /opt/airflow/dags/loading_dag.py for tasks to queue
[2026-09-17T22:09:49.609+0000] {logging_mixin.py:188} INFO - [2026-09-17T22:09:49.608+0000] {dagbag.py:545} INFO - Filling up the DagBag from /opt/airflow/dags/loading_dag.py
[2026-09-17T22:09:49.623+0000] {processor.py:840} INFO - DAG(s) 'data_loading' retrieved from /opt/airflow/dags/loading_dag.py
[2026-09-17T22:09:49.648+0000] {logging_mixin.py:188} INFO - [2026-09-17T22:09:49.648+0000] {dag.py:3096} INFO - Sync 1 DAGs
[2026-09-17T22:09:49.668+0000] {logging_mixin.py:188} INFO - [2026-09-17T22:09:49.667+0000] {dag.py:3954} INFO - Setting next_dagrun for data_loading to None, run_after=None
[2026-09-17T22:09:49.695+0000] {processor.py:183} INFO - Processing /opt/airflow/dags/loading_dag.py took 0.114 seconds
[2026-09-17T22:10:20.156+0000] {processor.py:161} INFO - Started process (PID=152) to work on /opt/airflow/dags/loading_dag.py
[2026-09-17T22:10:20.162+0000] {processor.py:830} INFO - Processing file /opt/airflow/dags/loading_dag.py for tasks to queue
[2026-09-17T22:10:20.163+0000] {logging_mixin.py:188} INFO - [2026-09-17T22:10:20.163+0000] {dagbag.py:545} INFO - Filling up the DagBag from /opt/airflow/dags/loading_dag.py
[2026-09-17T22:10:20.174+0000] {processor.py:840} INFO - DAG(s) 'data_loading' retrieved from /opt/airflow/dags/loading_dag.py
[2026-09-17T22:10:20.199+0000] {logging_mixin.py:188} INFO - [2026-09-17T22:10:20.199+0000] {dag.py:3096} INFO - Sync 1 DAGs
[2026-09-17T22:10:20.218+0000] {logging_mixin.py:188} INFO - [2026-09-17T22:10:20.218+0000] {dag.py:3954} INFO - Setting next_dagrun for data_loading to None, run_after=None
[2026-09-17T22:10:20.242+0000] {processor.py:183} INFO - Processing /opt/airflow/dags/loading_dag.py took 0.095 seconds
[2026-09-17T22:10:50.473+0000] {processor.py:161} INFO - Started process (PID=160) to work on /opt/airflow/dags/loading_dag.py
[2026-09-17T22:10:50.478+0000] {processor.py:830} INFO - Processing file /opt/airflow/dags/loading_dag.py for tasks to queue
[2026-09-17T22:10:50.481+0000] {logging_mixin.py:188} INFO - [2026-09-17T22:10:50.481+0000] {dagbag.py:545} INFO - Filling up the DagBag from /opt/airflow/dags/loading_dag.py
[2026-09-17T22:10:50.498+0000] {processor.py:840} INFO - DAG(s) 'data_loading' retrieved from /opt/airflow/dags/loading_dag.py
[2026-09-17T22:10:50.526+0000] {logging_mixin.py:188} INFO - [2026-09-17T22:10:50.526+0000] {dag.py:3096} INFO - Sync 1 DAGs
[2026-09-17T22:10:50.547+0000] {logging_mixin.py:188} INFO - [2026-09-17T22:10:50.547+0000] {dag.py:3954} INFO - Setting next_dagrun for data_loading to None, run_after=None
[2026-09-17T22:10:50.571+0000] {processor.py:183} INFO - Processing /opt/airflow/dags/loading_dag.py took 0.107 seconds
[2026-09-17T22:11:09.026+0000] {processor.py:161} INFO - Started process (PID=167) to work on /opt/airflow/dags/loading_dag.py
[2026-09-17T22:11:09.031+0000] {processor.py:830} INFO - Processing file /opt/airflow/dags/loading_dag.py for tasks to queue
[2026-09-17T22:11:09.033+0000] {logging_mixin.py:188} INFO - [2026-09-17T22:11:09.033+0000] {dagbag.py:545} INFO - Filling up the DagBag from /opt/airflow/dags/loading_dag.py
[2026-09-17T22:11:09.043+0000] {logging_mixin.py:188} INFO - [2026-09-17T22:11:09.041+0000] {dagbag.py:355} ERROR - Failed to import: /opt/airflow/dags/loading_dag.py
Traceback (most recent call last):
  File "/home/airflow/.local/lib/python3.10/site-packages/airflow/models/dagbag.py", line 351, in parse
    loader.exec_module(new_module)
  File "<frozen importlib._bootstrap_external>", line 883, in exec_module
  File "<frozen importlib._bootstrap>", line 241, in _call_with_frames_removed
  File "/opt/airflow/dags/loading_dag.py", line 194, in <module>
    loading()
  File "/home/airflow/.local/lib/python3.10/site-packages/airflow/models/dag.py", line 4081, in factory
    f(**f_kwargs)
  File "/opt/airflow/dags/loading_dag.py", line 192, in loading
    prepare_st_db() >>  synchronize_staging(videos) >> prepare_core_db() >> synchronize_core(transformed)
NameError: name 'prepare_st_db' is not defined
[2026-09-17T22:11:09.043+0000] {processor.py:842} WARNING - No viable dags retrieved from /opt/airflow/dags/loading_dag.py
[2026-09-17T22:11:09.068+0000] {processor.py:183} INFO - Processing /opt/airflow/dags/loading_dag.py took 0.049 seconds
[2026-09-17T22:11:11.065+0000] {processor.py:161} INFO - Started process (PID=168) to work on /opt/airflow/dags/loading_dag.py
[2026-09-17T22:11:11.066+0000] {processor.py:830} INFO - Processing file /opt/airflow/dags/loading_dag.py for tasks to queue
[2026-09-17T22:11:11.068+0000] {logging_mixin.py:188} INFO - [2026-09-17T22:11:11.067+0000] {dagbag.py:545} INFO - Filling up the DagBag from /opt/airflow/dags/loading_dag.py
[2026-09-17T22:11:11.077+0000] {logging_mixin.py:188} INFO - [2026-09-17T22:11:11.076+0000] {dagbag.py:355} ERROR - Failed to import: /opt/airflow/dags/loading_dag.py
Traceback (most recent call last):
  File "/home/airflow/.local/lib/python3.10/site-packages/airflow/models/dagbag.py", line 351, in parse
    loader.exec_module(new_module)
  File "<frozen importlib._bootstrap_external>", line 883, in exec_module
  File "<frozen importlib._bootstrap>", line 241, in _call_with_frames_removed
  File "/opt/airflow/dags/loading_dag.py", line 194, in <module>
    loading()
  File "/home/airflow/.local/lib/python3.10/site-packages/airflow/models/dag.py", line 4081, in factory
    f(**f_kwargs)
  File "/opt/airflow/dags/loading_dag.py", line 192, in loading
    prepare_stagi_db() >>  synchronize_staging(videos) >> prepare_core_db() >> synchronize_core(transformed)
NameError: name 'prepare_stagi_db' is not defined
[2026-09-17T22:11:11.078+0000] {processor.py:842} WARNING - No viable dags retrieved from /opt/airflow/dags/loading_dag.py
[2026-09-17T22:11:11.100+0000] {processor.py:183} INFO - Processing /opt/airflow/dags/loading_dag.py took 0.041 seconds
[2026-09-17T22:11:26.799+0000] {processor.py:161} INFO - Started process (PID=170) to work on /opt/airflow/dags/loading_dag.py
[2026-09-17T22:11:26.805+0000] {processor.py:830} INFO - Processing file /opt/airflow/dags/loading_dag.py for tasks to queue
[2026-09-17T22:11:26.807+0000] {logging_mixin.py:188} INFO - [2026-09-17T22:11:26.807+0000] {dagbag.py:545} INFO - Filling up the DagBag from /opt/airflow/dags/loading_dag.py
[2026-09-17T22:11:26.825+0000] {processor.py:840} INFO - DAG(s) 'data_loading' retrieved from /opt/airflow/dags/loading_dag.py
[2026-09-17T22:11:26.926+0000] {logging_mixin.py:188} INFO - [2026-09-17T22:11:26.925+0000] {dag.py:3096} INFO - Sync 1 DAGs
[2026-09-17T22:11:26.944+0000] {logging_mixin.py:188} INFO - [2026-09-17T22:11:26.944+0000] {dag.py:3954} INFO - Setting next_dagrun for data_loading to None, run_after=None
[2026-09-17T22:11:26.973+0000] {processor.py:183} INFO - Processing /opt/airflow/dags/loading_dag.py took 0.182 seconds
[2026-09-17T22:11:57.749+0000] {processor.py:161} INFO - Started process (PID=178) to work on /opt/airflow/dags/loading_dag.py
[2026-09-17T22:11:57.754+0000] {processor.py:830} INFO - Processing file /opt/airflow/dags/loading_dag.py for tasks to queue
[2026-09-17T22:11:57.756+0000] {logging_mixin.py:188} INFO - [2026-09-17T22:11:57.756+0000] {dagbag.py:545} INFO - Filling up the DagBag from /opt/airflow/dags/loading_dag.py
[2026-09-17T22:11:57.767+0000] {processor.py:840} INFO - DAG(s) 'data_loading' retrieved from /opt/airflow/dags/loading_dag.py
[2026-09-17T22:11:57.796+0000] {logging_mixin.py:188} INFO - [2026-09-17T22:11:57.795+0000] {dag.py:3096} INFO - Sync 1 DAGs
[2026-09-17T22:11:57.816+0000] {logging_mixin.py:188} INFO - [2026-09-17T22:11:57.816+0000] {dag.py:3954} INFO - Setting next_dagrun for data_loading to None, run_after=None
[2026-09-17T22:11:57.841+0000] {processor.py:183} INFO - Processing /opt/airflow/dags/loading_dag.py took 0.099 seconds
[2026-09-17T22:12:28.508+0000] {processor.py:161} INFO - Started process (PID=191) to work on /opt/airflow/dags/loading_dag.py
[2026-09-17T22:12:28.515+0000] {processor.py:830} INFO - Processing file /opt/airflow/dags/loading_dag.py for tasks to queue
[2026-09-17T22:12:28.517+0000] {logging_mixin.py:188} INFO - [2026-09-17T22:12:28.516+0000] {dagbag.py:545} INFO - Filling up the DagBag from /opt/airflow/dags/loading_dag.py
[2026-09-17T22:12:28.526+0000] {processor.py:840} INFO - DAG(s) 'data_loading' retrieved from /opt/airflow/dags/loading_dag.py
[2026-09-17T22:12:28.552+0000] {logging_mixin.py:188} INFO - [2026-09-17T22:12:28.552+0000] {dag.py:3096} INFO - Sync 1 DAGs
[2026-09-17T22:12:28.571+0000] {logging_mixin.py:188} INFO - [2026-09-17T22:12:28.570+0000] {dag.py:3954} INFO - Setting next_dagrun for data_loading to None, run_after=None
[2026-09-17T22:12:28.593+0000] {processor.py:183} INFO - Processing /opt/airflow/dags/loading_dag.py took 0.091 seconds
[2026-09-17T22:12:59.501+0000] {processor.py:161} INFO - Started process (PID=205) to work on /opt/airflow/dags/loading_dag.py
[2026-09-17T22:12:59.502+0000] {processor.py:830} INFO - Processing file /opt/airflow/dags/loading_dag.py for tasks to queue
[2026-09-17T22:12:59.505+0000] {logging_mixin.py:188} INFO - [2026-09-17T22:12:59.504+0000] {dagbag.py:545} INFO - Filling up the DagBag from /opt/airflow/dags/loading_dag.py
[2026-09-17T22:12:59.520+0000] {processor.py:840} INFO - DAG(s) 'data_loading' retrieved from /opt/airflow/dags/loading_dag.py
[2026-09-17T22:12:59.580+0000] {logging_mixin.py:188} INFO - [2026-09-17T22:12:59.579+0000] {dag.py:3096} INFO - Sync 1 DAGs
[2026-09-17T22:12:59.609+0000] {logging_mixin.py:188} INFO - [2026-09-17T22:12:59.609+0000] {dag.py:3954} INFO - Setting next_dagrun for data_loading to None, run_after=None
[2026-09-17T22:12:59.634+0000] {processor.py:183} INFO - Processing /opt/airflow/dags/loading_dag.py took 0.145 seconds
[2026-09-17T22:13:30.364+0000] {processor.py:161} INFO - Started process (PID=213) to work on /opt/airflow/dags/loading_dag.py
[2026-09-17T22:13:30.370+0000] {processor.py:830} INFO - Processing file /opt/airflow/dags/loading_dag.py for tasks to queue
[2026-09-17T22:13:30.372+0000] {logging_mixin.py:188} INFO - [2026-09-17T22:13:30.371+0000] {dagbag.py:545} INFO - Filling up the DagBag from /opt/airflow/dags/loading_dag.py
[2026-09-17T22:13:30.382+0000] {processor.py:840} INFO - DAG(s) 'data_loading' retrieved from /opt/airflow/dags/loading_dag.py
[2026-09-17T22:13:30.408+0000] {logging_mixin.py:188} INFO - [2026-09-17T22:13:30.408+0000] {dag.py:3096} INFO - Sync 1 DAGs
[2026-09-17T22:13:30.427+0000] {logging_mixin.py:188} INFO - [2026-09-17T22:13:30.427+0000] {dag.py:3954} INFO - Setting next_dagrun for data_loading to None, run_after=None
[2026-09-17T22:13:30.456+0000] {processor.py:183} INFO - Processing /opt/airflow/dags/loading_dag.py took 0.099 seconds
[2026-09-17T22:14:01.269+0000] {processor.py:161} INFO - Started process (PID=221) to work on /opt/airflow/dags/loading_dag.py
[2026-09-17T22:14:01.275+0000] {processor.py:830} INFO - Processing file /opt/airflow/dags/loading_dag.py for tasks to queue
[2026-09-17T22:14:01.279+0000] {logging_mixin.py:188} INFO - [2026-09-17T22:14:01.278+0000] {dagbag.py:545} INFO - Filling up the DagBag from /opt/airflow/dags/loading_dag.py
[2026-09-17T22:14:01.298+0000] {processor.py:840} INFO - DAG(s) 'data_loading' retrieved from /opt/airflow/dags/loading_dag.py
[2026-09-17T22:14:01.341+0000] {logging_mixin.py:188} INFO - [2026-09-17T22:14:01.341+0000] {dag.py:3096} INFO - Sync 1 DAGs
[2026-09-17T22:14:01.383+0000] {logging_mixin.py:188} INFO - [2026-09-17T22:14:01.383+0000] {dag.py:3954} INFO - Setting next_dagrun for data_loading to None, run_after=None
[2026-09-17T22:14:01.414+0000] {processor.py:183} INFO - Processing /opt/airflow/dags/loading_dag.py took 0.168 seconds
[2026-09-17T22:14:32.353+0000] {processor.py:161} INFO - Started process (PID=229) to work on /opt/airflow/dags/loading_dag.py
[2026-09-17T22:14:32.358+0000] {processor.py:830} INFO - Processing file /opt/airflow/dags/loading_dag.py for tasks to queue
[2026-09-17T22:14:32.360+0000] {logging_mixin.py:188} INFO - [2026-09-17T22:14:32.360+0000] {dagbag.py:545} INFO - Filling up the DagBag from /opt/airflow/dags/loading_dag.py
[2026-09-17T22:14:32.371+0000] {processor.py:840} INFO - DAG(s) 'data_loading' retrieved from /opt/airflow/dags/loading_dag.py
[2026-09-17T22:14:32.398+0000] {logging_mixin.py:188} INFO - [2026-09-17T22:14:32.398+0000] {dag.py:3096} INFO - Sync 1 DAGs
[2026-09-17T22:14:32.420+0000] {logging_mixin.py:188} INFO - [2026-09-17T22:14:32.420+0000] {dag.py:3954} INFO - Setting next_dagrun for data_loading to None, run_after=None
[2026-09-17T22:14:32.455+0000] {processor.py:183} INFO - Processing /opt/airflow/dags/loading_dag.py took 0.108 seconds
[2026-09-17T22:15:02.505+0000] {processor.py:161} INFO - Started process (PID=237) to work on /opt/airflow/dags/loading_dag.py
[2026-09-17T22:15:02.506+0000] {processor.py:830} INFO - Processing file /opt/airflow/dags/loading_dag.py for tasks to queue
[2026-09-17T22:15:02.508+0000] {logging_mixin.py:188} INFO - [2026-09-17T22:15:02.508+0000] {dagbag.py:545} INFO - Filling up the DagBag from /opt/airflow/dags/loading_dag.py
[2026-09-17T22:15:02.524+0000] {processor.py:840} INFO - DAG(s) 'data_loading' retrieved from /opt/airflow/dags/loading_dag.py
[2026-09-17T22:15:02.558+0000] {logging_mixin.py:188} INFO - [2026-09-17T22:15:02.558+0000] {dag.py:3096} INFO - Sync 1 DAGs
[2026-09-17T22:15:02.587+0000] {logging_mixin.py:188} INFO - [2026-09-17T22:15:02.587+0000] {dag.py:3954} INFO - Setting next_dagrun for data_loading to None, run_after=None
[2026-09-17T22:15:02.615+0000] {processor.py:183} INFO - Processing /opt/airflow/dags/loading_dag.py took 0.121 seconds
[2026-09-17T22:15:32.759+0000] {processor.py:161} INFO - Started process (PID=245) to work on /opt/airflow/dags/loading_dag.py
[2026-09-17T22:15:32.765+0000] {processor.py:830} INFO - Processing file /opt/airflow/dags/loading_dag.py for tasks to queue
[2026-09-17T22:15:32.767+0000] {logging_mixin.py:188} INFO - [2026-09-17T22:15:32.766+0000] {dagbag.py:545} INFO - Filling up the DagBag from /opt/airflow/dags/loading_dag.py
[2026-09-17T22:15:32.776+0000] {processor.py:840} INFO - DAG(s) 'data_loading' retrieved from /opt/airflow/dags/loading_dag.py
[2026-09-17T22:15:32.804+0000] {logging_mixin.py:188} INFO - [2026-09-17T22:15:32.804+0000] {dag.py:3096} INFO - Sync 1 DAGs
[2026-09-17T22:15:32.825+0000] {logging_mixin.py:188} INFO - [2026-09-17T22:15:32.825+0000] {dag.py:3954} INFO - Setting next_dagrun for data_loading to None, run_after=None
[2026-09-17T22:15:32.852+0000] {processor.py:183} INFO - Processing /opt/airflow/dags/loading_dag.py took 0.099 seconds
[2026-09-17T22:16:03.717+0000] {processor.py:161} INFO - Started process (PID=253) to work on /opt/airflow/dags/loading_dag.py
[2026-09-17T22:16:03.718+0000] {processor.py:830} INFO - Processing file /opt/airflow/dags/loading_dag.py for tasks to queue
[2026-09-17T22:16:03.720+0000] {logging_mixin.py:188} INFO - [2026-09-17T22:16:03.720+0000] {dagbag.py:545} INFO - Filling up the DagBag from /opt/airflow/dags/loading_dag.py
[2026-09-17T22:16:03.730+0000] {processor.py:840} INFO - DAG(s) 'data_loading' retrieved from /opt/airflow/dags/loading_dag.py
[2026-09-17T22:16:03.753+0000] {logging_mixin.py:188} INFO - [2026-09-17T22:16:03.753+0000] {dag.py:3096} INFO - Sync 1 DAGs
[2026-09-17T22:16:03.771+0000] {logging_mixin.py:188} INFO - [2026-09-17T22:16:03.770+0000] {dag.py:3954} INFO - Setting next_dagrun for data_loading to None, run_after=None
[2026-09-17T22:16:03.794+0000] {processor.py:183} INFO - Processing /opt/airflow/dags/loading_dag.py took 0.083 seconds
[2026-09-17T22:16:34.685+0000] {processor.py:161} INFO - Started process (PID=261) to work on /opt/airflow/dags/loading_dag.py
[2026-09-17T22:16:34.687+0000] {processor.py:830} INFO - Processing file /opt/airflow/dags/loading_dag.py for tasks to queue
[2026-09-17T22:16:34.688+0000] {logging_mixin.py:188} INFO - [2026-09-17T22:16:34.688+0000] {dagbag.py:545} INFO - Filling up the DagBag from /opt/airflow/dags/loading_dag.py
[2026-09-17T22:16:34.699+0000] {processor.py:840} INFO - DAG(s) 'data_loading' retrieved from /opt/airflow/dags/loading_dag.py
[2026-09-17T22:16:34.723+0000] {logging_mixin.py:188} INFO - [2026-09-17T22:16:34.723+0000] {dag.py:3096} INFO - Sync 1 DAGs
[2026-09-17T22:16:34.741+0000] {logging_mixin.py:188} INFO - [2026-09-17T22:16:34.741+0000] {dag.py:3954} INFO - Setting next_dagrun for data_loading to None, run_after=None
[2026-09-17T22:16:34.766+0000] {processor.py:183} INFO - Processing /opt/airflow/dags/loading_dag.py took 0.091 seconds
[2026-09-17T22:17:05.609+0000] {processor.py:161} INFO - Started process (PID=275) to work on /opt/airflow/dags/loading_dag.py
[2026-09-17T22:17:05.615+0000] {processor.py:830} INFO - Processing file /opt/airflow/dags/loading_dag.py for tasks to queue
[2026-09-17T22:17:05.617+0000] {logging_mixin.py:188} INFO - [2026-09-17T22:17:05.617+0000] {dagbag.py:545} INFO - Filling up the DagBag from /opt/airflow/dags/loading_dag.py
[2026-09-17T22:17:05.627+0000] {processor.py:840} INFO - DAG(s) 'data_loading' retrieved from /opt/airflow/dags/loading_dag.py
[2026-09-17T22:17:05.652+0000] {logging_mixin.py:188} INFO - [2026-09-17T22:17:05.652+0000] {dag.py:3096} INFO - Sync 1 DAGs
[2026-09-17T22:17:05.670+0000] {logging_mixin.py:188} INFO - [2026-09-17T22:17:05.669+0000] {dag.py:3954} INFO - Setting next_dagrun for data_loading to None, run_after=None
[2026-09-17T22:17:05.693+0000] {processor.py:183} INFO - Processing /opt/airflow/dags/loading_dag.py took 0.090 seconds
[2026-09-17T22:17:36.640+0000] {processor.py:161} INFO - Started process (PID=283) to work on /opt/airflow/dags/loading_dag.py
[2026-09-17T22:17:36.641+0000] {processor.py:830} INFO - Processing file /opt/airflow/dags/loading_dag.py for tasks to queue
[2026-09-17T22:17:36.643+0000] {logging_mixin.py:188} INFO - [2026-09-17T22:17:36.643+0000] {dagbag.py:545} INFO - Filling up the DagBag from /opt/airflow/dags/loading_dag.py
[2026-09-17T22:17:36.653+0000] {processor.py:840} INFO - DAG(s) 'data_loading' retrieved from /opt/airflow/dags/loading_dag.py
[2026-09-17T22:17:36.678+0000] {logging_mixin.py:188} INFO - [2026-09-17T22:17:36.678+0000] {dag.py:3096} INFO - Sync 1 DAGs
[2026-09-17T22:17:36.698+0000] {logging_mixin.py:188} INFO - [2026-09-17T22:17:36.698+0000] {dag.py:3954} INFO - Setting next_dagrun for data_loading to None, run_after=None
[2026-09-17T22:17:36.724+0000] {processor.py:183} INFO - Processing /opt/airflow/dags/loading_dag.py took 0.090 seconds
[2026-09-17T22:18:07.589+0000] {processor.py:161} INFO - Started process (PID=291) to work on /opt/airflow/dags/loading_dag.py
[2026-09-17T22:18:07.595+0000] {processor.py:830} INFO - Processing file /opt/airflow/dags/loading_dag.py for tasks to queue
[2026-09-17T22:18:07.596+0000] {logging_mixin.py:188} INFO - [2026-09-17T22:18:07.596+0000] {dagbag.py:545} INFO - Filling up the DagBag from /opt/airflow/dags/loading_dag.py
[2026-09-17T22:18:07.607+0000] {processor.py:840} INFO - DAG(s) 'data_loading' retrieved from /opt/airflow/dags/loading_dag.py
[2026-09-17T22:18:07.632+0000] {logging_mixin.py:188} INFO - [2026-09-17T22:18:07.632+0000] {dag.py:3096} INFO - Sync 1 DAGs
[2026-09-17T22:18:07.652+0000] {logging_mixin.py:188} INFO - [2026-09-17T22:18:07.652+0000] {dag.py:3954} INFO - Setting next_dagrun for data_loading to None, run_after=None
[2026-09-17T22:18:07.673+0000] {processor.py:183} INFO - Processing /opt/airflow/dags/loading_dag.py took 0.091 seconds
[2026-09-17T22:18:38.324+0000] {processor.py:161} INFO - Started process (PID=299) to work on /opt/airflow/dags/loading_dag.py
[2026-09-17T22:18:38.325+0000] {processor.py:830} INFO - Processing file /opt/airflow/dags/loading_dag.py for tasks to queue
[2026-09-17T22:18:38.327+0000] {logging_mixin.py:188} INFO - [2026-09-17T22:18:38.326+0000] {dagbag.py:545} INFO - Filling up the DagBag from /opt/airflow/dags/loading_dag.py
[2026-09-17T22:18:38.336+0000] {processor.py:840} INFO - DAG(s) 'data_loading' retrieved from /opt/airflow/dags/loading_dag.py
[2026-09-17T22:18:38.366+0000] {logging_mixin.py:188} INFO - [2026-09-17T22:18:38.366+0000] {dag.py:3096} INFO - Sync 1 DAGs
[2026-09-17T22:18:38.389+0000] {logging_mixin.py:188} INFO - [2026-09-17T22:18:38.388+0000] {dag.py:3954} INFO - Setting next_dagrun for data_loading to None, run_after=None
[2026-09-17T22:18:38.414+0000] {processor.py:183} INFO - Processing /opt/airflow/dags/loading_dag.py took 0.097 seconds
[2026-09-17T22:19:09.423+0000] {processor.py:161} INFO - Started process (PID=307) to work on /opt/airflow/dags/loading_dag.py
[2026-09-17T22:19:09.429+0000] {processor.py:830} INFO - Processing file /opt/airflow/dags/loading_dag.py for tasks to queue
[2026-09-17T22:19:09.430+0000] {logging_mixin.py:188} INFO - [2026-09-17T22:19:09.430+0000] {dagbag.py:545} INFO - Filling up the DagBag from /opt/airflow/dags/loading_dag.py
[2026-09-17T22:19:09.440+0000] {processor.py:840} INFO - DAG(s) 'data_loading' retrieved from /opt/airflow/dags/loading_dag.py
[2026-09-17T22:19:09.465+0000] {logging_mixin.py:188} INFO - [2026-09-17T22:19:09.465+0000] {dag.py:3096} INFO - Sync 1 DAGs
[2026-09-17T22:19:09.483+0000] {logging_mixin.py:188} INFO - [2026-09-17T22:19:09.483+0000] {dag.py:3954} INFO - Setting next_dagrun for data_loading to None, run_after=None
[2026-09-17T22:19:09.507+0000] {processor.py:183} INFO - Processing /opt/airflow/dags/loading_dag.py took 0.091 seconds
[2026-09-17T22:19:39.852+0000] {processor.py:161} INFO - Started process (PID=315) to work on /opt/airflow/dags/loading_dag.py
[2026-09-17T22:19:39.853+0000] {processor.py:830} INFO - Processing file /opt/airflow/dags/loading_dag.py for tasks to queue
[2026-09-17T22:19:39.854+0000] {logging_mixin.py:188} INFO - [2026-09-17T22:19:39.854+0000] {dagbag.py:545} INFO - Filling up the DagBag from /opt/airflow/dags/loading_dag.py
[2026-09-17T22:19:39.864+0000] {processor.py:840} INFO - DAG(s) 'data_loading' retrieved from /opt/airflow/dags/loading_dag.py
[2026-09-17T22:19:39.889+0000] {logging_mixin.py:188} INFO - [2026-09-17T22:19:39.889+0000] {dag.py:3096} INFO - Sync 1 DAGs
[2026-09-17T22:19:39.908+0000] {logging_mixin.py:188} INFO - [2026-09-17T22:19:39.908+0000] {dag.py:3954} INFO - Setting next_dagrun for data_loading to None, run_after=None
[2026-09-17T22:19:39.930+0000] {processor.py:183} INFO - Processing /opt/airflow/dags/loading_dag.py took 0.085 seconds
[2026-09-17T22:20:10.755+0000] {processor.py:161} INFO - Started process (PID=323) to work on /opt/airflow/dags/loading_dag.py
[2026-09-17T22:20:10.761+0000] {processor.py:830} INFO - Processing file /opt/airflow/dags/loading_dag.py for tasks to queue
[2026-09-17T22:20:10.762+0000] {logging_mixin.py:188} INFO - [2026-09-17T22:20:10.762+0000] {dagbag.py:545} INFO - Filling up the DagBag from /opt/airflow/dags/loading_dag.py
[2026-09-17T22:20:10.773+0000] {processor.py:840} INFO - DAG(s) 'data_loading' retrieved from /opt/airflow/dags/loading_dag.py
[2026-09-17T22:20:10.799+0000] {logging_mixin.py:188} INFO - [2026-09-17T22:20:10.799+0000] {dag.py:3096} INFO - Sync 1 DAGs
[2026-09-17T22:20:10.820+0000] {logging_mixin.py:188} INFO - [2026-09-17T22:20:10.819+0000] {dag.py:3954} INFO - Setting next_dagrun for data_loading to None, run_after=None
[2026-09-17T22:20:10.840+0000] {processor.py:183} INFO - Processing /opt/airflow/dags/loading_dag.py took 0.092 seconds
[2026-09-17T22:20:41.681+0000] {processor.py:161} INFO - Started process (PID=331) to work on /opt/airflow/dags/loading_dag.py
[2026-09-17T22:20:41.682+0000] {processor.py:830} INFO - Processing file /opt/airflow/dags/loading_dag.py for tasks to queue
[2026-09-17T22:20:41.683+0000] {logging_mixin.py:188} INFO - [2026-09-17T22:20:41.683+0000] {dagbag.py:545} INFO - Filling up the DagBag from /opt/airflow/dags/loading_dag.py
[2026-09-17T22:20:41.695+0000] {processor.py:840} INFO - DAG(s) 'data_loading' retrieved from /opt/airflow/dags/loading_dag.py
[2026-09-17T22:20:41.721+0000] {logging_mixin.py:188} INFO - [2026-09-17T22:20:41.721+0000] {dag.py:3096} INFO - Sync 1 DAGs
[2026-09-17T22:20:41.743+0000] {logging_mixin.py:188} INFO - [2026-09-17T22:20:41.743+0000] {dag.py:3954} INFO - Setting next_dagrun for data_loading to None, run_after=None
[2026-09-17T22:20:41.768+0000] {processor.py:183} INFO - Processing /opt/airflow/dags/loading_dag.py took 0.094 seconds
[2026-09-17T22:21:12.658+0000] {processor.py:161} INFO - Started process (PID=339) to work on /opt/airflow/dags/loading_dag.py
[2026-09-17T22:21:12.660+0000] {processor.py:830} INFO - Processing file /opt/airflow/dags/loading_dag.py for tasks to queue
[2026-09-17T22:21:12.661+0000] {logging_mixin.py:188} INFO - [2026-09-17T22:21:12.661+0000] {dagbag.py:545} INFO - Filling up the DagBag from /opt/airflow/dags/loading_dag.py
[2026-09-17T22:21:12.671+0000] {processor.py:840} INFO - DAG(s) 'data_loading' retrieved from /opt/airflow/dags/loading_dag.py
[2026-09-17T22:21:12.695+0000] {logging_mixin.py:188} INFO - [2026-09-17T22:21:12.695+0000] {dag.py:3096} INFO - Sync 1 DAGs
[2026-09-17T22:21:12.714+0000] {logging_mixin.py:188} INFO - [2026-09-17T22:21:12.714+0000] {dag.py:3954} INFO - Setting next_dagrun for data_loading to None, run_after=None
[2026-09-17T22:21:12.733+0000] {processor.py:183} INFO - Processing /opt/airflow/dags/loading_dag.py took 0.082 seconds
[2026-09-17T22:21:43.578+0000] {processor.py:161} INFO - Started process (PID=353) to work on /opt/airflow/dags/loading_dag.py
[2026-09-17T22:21:43.580+0000] {processor.py:830} INFO - Processing file /opt/airflow/dags/loading_dag.py for tasks to queue
[2026-09-17T22:21:43.582+0000] {logging_mixin.py:188} INFO - [2026-09-17T22:21:43.582+0000] {dagbag.py:545} INFO - Filling up the DagBag from /opt/airflow/dags/loading_dag.py
[2026-09-17T22:21:43.597+0000] {processor.py:840} INFO - DAG(s) 'data_loading' retrieved from /opt/airflow/dags/loading_dag.py
[2026-09-17T22:21:43.624+0000] {logging_mixin.py:188} INFO - [2026-09-17T22:21:43.624+0000] {dag.py:3096} INFO - Sync 1 DAGs
[2026-09-17T22:21:43.644+0000] {logging_mixin.py:188} INFO - [2026-09-17T22:21:43.643+0000] {dag.py:3954} INFO - Setting next_dagrun for data_loading to None, run_after=None
[2026-09-17T22:21:43.665+0000] {processor.py:183} INFO - Processing /opt/airflow/dags/loading_dag.py took 0.095 seconds
[2026-09-17T22:22:14.480+0000] {processor.py:161} INFO - Started process (PID=361) to work on /opt/airflow/dags/loading_dag.py
[2026-09-17T22:22:14.485+0000] {processor.py:830} INFO - Processing file /opt/airflow/dags/loading_dag.py for tasks to queue
[2026-09-17T22:22:14.487+0000] {logging_mixin.py:188} INFO - [2026-09-17T22:22:14.487+0000] {dagbag.py:545} INFO - Filling up the DagBag from /opt/airflow/dags/loading_dag.py
[2026-09-17T22:22:14.497+0000] {processor.py:840} INFO - DAG(s) 'data_loading' retrieved from /opt/airflow/dags/loading_dag.py
[2026-09-17T22:22:14.521+0000] {logging_mixin.py:188} INFO - [2026-09-17T22:22:14.521+0000] {dag.py:3096} INFO - Sync 1 DAGs
[2026-09-17T22:22:14.539+0000] {logging_mixin.py:188} INFO - [2026-09-17T22:22:14.539+0000] {dag.py:3954} INFO - Setting next_dagrun for data_loading to None, run_after=None
[2026-09-17T22:22:14.562+0000] {processor.py:183} INFO - Processing /opt/airflow/dags/loading_dag.py took 0.089 seconds
[2026-09-17T22:22:45.342+0000] {processor.py:161} INFO - Started process (PID=369) to work on /opt/airflow/dags/loading_dag.py
[2026-09-17T22:22:45.343+0000] {processor.py:830} INFO - Processing file /opt/airflow/dags/loading_dag.py for tasks to queue
[2026-09-17T22:22:45.346+0000] {logging_mixin.py:188} INFO - [2026-09-17T22:22:45.346+0000] {dagbag.py:545} INFO - Filling up the DagBag from /opt/airflow/dags/loading_dag.py
[2026-09-17T22:22:45.359+0000] {processor.py:840} INFO - DAG(s) 'data_loading' retrieved from /opt/airflow/dags/loading_dag.py
[2026-09-17T22:22:45.389+0000] {logging_mixin.py:188} INFO - [2026-09-17T22:22:45.388+0000] {dag.py:3096} INFO - Sync 1 DAGs
[2026-09-17T22:22:45.410+0000] {logging_mixin.py:188} INFO - [2026-09-17T22:22:45.410+0000] {dag.py:3954} INFO - Setting next_dagrun for data_loading to None, run_after=None
[2026-09-17T22:22:45.435+0000] {processor.py:183} INFO - Processing /opt/airflow/dags/loading_dag.py took 0.099 seconds
[2026-09-17T22:23:16.145+0000] {processor.py:161} INFO - Started process (PID=377) to work on /opt/airflow/dags/loading_dag.py
[2026-09-17T22:23:16.151+0000] {processor.py:830} INFO - Processing file /opt/airflow/dags/loading_dag.py for tasks to queue
[2026-09-17T22:23:16.153+0000] {logging_mixin.py:188} INFO - [2026-09-17T22:23:16.153+0000] {dagbag.py:545} INFO - Filling up the DagBag from /opt/airflow/dags/loading_dag.py
[2026-09-17T22:23:16.164+0000] {processor.py:840} INFO - DAG(s) 'data_loading' retrieved from /opt/airflow/dags/loading_dag.py
[2026-09-17T22:23:16.191+0000] {logging_mixin.py:188} INFO - [2026-09-17T22:23:16.191+0000] {dag.py:3096} INFO - Sync 1 DAGs
[2026-09-17T22:23:16.211+0000] {logging_mixin.py:188} INFO - [2026-09-17T22:23:16.211+0000] {dag.py:3954} INFO - Setting next_dagrun for data_loading to None, run_after=None
[2026-09-17T22:23:16.239+0000] {processor.py:183} INFO - Processing /opt/airflow/dags/loading_dag.py took 0.101 seconds
[2026-09-17T22:23:46.405+0000] {processor.py:161} INFO - Started process (PID=385) to work on /opt/airflow/dags/loading_dag.py
[2026-09-17T22:23:46.406+0000] {processor.py:830} INFO - Processing file /opt/airflow/dags/loading_dag.py for tasks to queue
[2026-09-17T22:23:46.408+0000] {logging_mixin.py:188} INFO - [2026-09-17T22:23:46.408+0000] {dagbag.py:545} INFO - Filling up the DagBag from /opt/airflow/dags/loading_dag.py
[2026-09-17T22:23:46.417+0000] {processor.py:840} INFO - DAG(s) 'data_loading' retrieved from /opt/airflow/dags/loading_dag.py
[2026-09-17T22:23:46.442+0000] {logging_mixin.py:188} INFO - [2026-09-17T22:23:46.442+0000] {dag.py:3096} INFO - Sync 1 DAGs
[2026-09-17T22:23:46.460+0000] {logging_mixin.py:188} INFO - [2026-09-17T22:23:46.460+0000] {dag.py:3954} INFO - Setting next_dagrun for data_loading to None, run_after=None
[2026-09-17T22:23:46.479+0000] {processor.py:183} INFO - Processing /opt/airflow/dags/loading_dag.py took 0.081 seconds
[2026-09-17T22:24:17.455+0000] {processor.py:161} INFO - Started process (PID=393) to work on /opt/airflow/dags/loading_dag.py
[2026-09-17T22:24:17.457+0000] {processor.py:830} INFO - Processing file /opt/airflow/dags/loading_dag.py for tasks to queue
[2026-09-17T22:24:17.459+0000] {logging_mixin.py:188} INFO - [2026-09-17T22:24:17.459+0000] {dagbag.py:545} INFO - Filling up the DagBag from /opt/airflow/dags/loading_dag.py
[2026-09-17T22:24:17.471+0000] {processor.py:840} INFO - DAG(s) 'data_loading' retrieved from /opt/airflow/dags/loading_dag.py
[2026-09-17T22:24:17.501+0000] {logging_mixin.py:188} INFO - [2026-09-17T22:24:17.500+0000] {dag.py:3096} INFO - Sync 1 DAGs
[2026-09-17T22:24:17.523+0000] {logging_mixin.py:188} INFO - [2026-09-17T22:24:17.522+0000] {dag.py:3954} INFO - Setting next_dagrun for data_loading to None, run_after=None
[2026-09-17T22:24:17.546+0000] {processor.py:183} INFO - Processing /opt/airflow/dags/loading_dag.py took 0.098 seconds
[2026-09-17T22:24:48.043+0000] {processor.py:161} INFO - Started process (PID=401) to work on /opt/airflow/dags/loading_dag.py
[2026-09-17T22:24:48.044+0000] {processor.py:830} INFO - Processing file /opt/airflow/dags/loading_dag.py for tasks to queue
[2026-09-17T22:24:48.046+0000] {logging_mixin.py:188} INFO - [2026-09-17T22:24:48.046+0000] {dagbag.py:545} INFO - Filling up the DagBag from /opt/airflow/dags/loading_dag.py
[2026-09-17T22:24:48.055+0000] {processor.py:840} INFO - DAG(s) 'data_loading' retrieved from /opt/airflow/dags/loading_dag.py
[2026-09-17T22:24:48.080+0000] {logging_mixin.py:188} INFO - [2026-09-17T22:24:48.080+0000] {dag.py:3096} INFO - Sync 1 DAGs
[2026-09-17T22:24:48.099+0000] {logging_mixin.py:188} INFO - [2026-09-17T22:24:48.098+0000] {dag.py:3954} INFO - Setting next_dagrun for data_loading to None, run_after=None
[2026-09-17T22:24:48.122+0000] {processor.py:183} INFO - Processing /opt/airflow/dags/loading_dag.py took 0.085 seconds
[2026-09-17T22:25:18.930+0000] {processor.py:161} INFO - Started process (PID=409) to work on /opt/airflow/dags/loading_dag.py
[2026-09-17T22:25:18.936+0000] {processor.py:830} INFO - Processing file /opt/airflow/dags/loading_dag.py for tasks to queue
[2026-09-17T22:25:18.938+0000] {logging_mixin.py:188} INFO - [2026-09-17T22:25:18.937+0000] {dagbag.py:545} INFO - Filling up the DagBag from /opt/airflow/dags/loading_dag.py
[2026-09-17T22:25:18.947+0000] {processor.py:840} INFO - DAG(s) 'data_loading' retrieved from /opt/airflow/dags/loading_dag.py
[2026-09-17T22:25:18.973+0000] {logging_mixin.py:188} INFO - [2026-09-17T22:25:18.972+0000] {dag.py:3096} INFO - Sync 1 DAGs
[2026-09-17T22:25:18.992+0000] {logging_mixin.py:188} INFO - [2026-09-17T22:25:18.992+0000] {dag.py:3954} INFO - Setting next_dagrun for data_loading to None, run_after=None
[2026-09-17T22:25:19.022+0000] {processor.py:183} INFO - Processing /opt/airflow/dags/loading_dag.py took 0.098 seconds
[2026-09-17T22:25:49.860+0000] {processor.py:161} INFO - Started process (PID=423) to work on /opt/airflow/dags/loading_dag.py
[2026-09-17T22:25:49.861+0000] {processor.py:830} INFO - Processing file /opt/airflow/dags/loading_dag.py for tasks to queue
[2026-09-17T22:25:49.862+0000] {logging_mixin.py:188} INFO - [2026-09-17T22:25:49.862+0000] {dagbag.py:545} INFO - Filling up the DagBag from /opt/airflow/dags/loading_dag.py
[2026-09-17T22:25:49.872+0000] {processor.py:840} INFO - DAG(s) 'data_loading' retrieved from /opt/airflow/dags/loading_dag.py
[2026-09-17T22:25:49.897+0000] {logging_mixin.py:188} INFO - [2026-09-17T22:25:49.896+0000] {dag.py:3096} INFO - Sync 1 DAGs
[2026-09-17T22:25:49.915+0000] {logging_mixin.py:188} INFO - [2026-09-17T22:25:49.915+0000] {dag.py:3954} INFO - Setting next_dagrun for data_loading to None, run_after=None
[2026-09-17T22:25:49.939+0000] {processor.py:183} INFO - Processing /opt/airflow/dags/loading_dag.py took 0.086 seconds
[2026-09-17T22:26:20.834+0000] {processor.py:161} INFO - Started process (PID=431) to work on /opt/airflow/dags/loading_dag.py
[2026-09-17T22:26:20.836+0000] {processor.py:830} INFO - Processing file /opt/airflow/dags/loading_dag.py for tasks to queue
[2026-09-17T22:26:20.839+0000] {logging_mixin.py:188} INFO - [2026-09-17T22:26:20.838+0000] {dagbag.py:545} INFO - Filling up the DagBag from /opt/airflow/dags/loading_dag.py
[2026-09-17T22:26:20.854+0000] {processor.py:840} INFO - DAG(s) 'data_loading' retrieved from /opt/airflow/dags/loading_dag.py
[2026-09-17T22:26:20.880+0000] {logging_mixin.py:188} INFO - [2026-09-17T22:26:20.880+0000] {dag.py:3096} INFO - Sync 1 DAGs
[2026-09-17T22:26:20.900+0000] {logging_mixin.py:188} INFO - [2026-09-17T22:26:20.900+0000] {dag.py:3954} INFO - Setting next_dagrun for data_loading to None, run_after=None
[2026-09-17T22:26:20.929+0000] {processor.py:183} INFO - Processing /opt/airflow/dags/loading_dag.py took 0.102 seconds
[2026-09-17T22:26:51.244+0000] {processor.py:161} INFO - Started process (PID=439) to work on /opt/airflow/dags/loading_dag.py
[2026-09-17T22:26:51.245+0000] {processor.py:830} INFO - Processing file /opt/airflow/dags/loading_dag.py for tasks to queue
[2026-09-17T22:26:51.247+0000] {logging_mixin.py:188} INFO - [2026-09-17T22:26:51.247+0000] {dagbag.py:545} INFO - Filling up the DagBag from /opt/airflow/dags/loading_dag.py
[2026-09-17T22:26:51.258+0000] {processor.py:840} INFO - DAG(s) 'data_loading' retrieved from /opt/airflow/dags/loading_dag.py
[2026-09-17T22:26:51.282+0000] {logging_mixin.py:188} INFO - [2026-09-17T22:26:51.282+0000] {dag.py:3096} INFO - Sync 1 DAGs
[2026-09-17T22:26:51.302+0000] {logging_mixin.py:188} INFO - [2026-09-17T22:26:51.302+0000] {dag.py:3954} INFO - Setting next_dagrun for data_loading to None, run_after=None
[2026-09-17T22:26:51.330+0000] {processor.py:183} INFO - Processing /opt/airflow/dags/loading_dag.py took 0.095 seconds
[2026-09-17T22:27:21.623+0000] {processor.py:161} INFO - Started process (PID=447) to work on /opt/airflow/dags/loading_dag.py
[2026-09-17T22:27:21.629+0000] {processor.py:830} INFO - Processing file /opt/airflow/dags/loading_dag.py for tasks to queue
[2026-09-17T22:27:21.632+0000] {logging_mixin.py:188} INFO - [2026-09-17T22:27:21.631+0000] {dagbag.py:545} INFO - Filling up the DagBag from /opt/airflow/dags/loading_dag.py
[2026-09-17T22:27:21.644+0000] {processor.py:840} INFO - DAG(s) 'data_loading' retrieved from /opt/airflow/dags/loading_dag.py
[2026-09-17T22:27:21.669+0000] {logging_mixin.py:188} INFO - [2026-09-17T22:27:21.669+0000] {dag.py:3096} INFO - Sync 1 DAGs
[2026-09-17T22:27:21.687+0000] {logging_mixin.py:188} INFO - [2026-09-17T22:27:21.687+0000] {dag.py:3954} INFO - Setting next_dagrun for data_loading to None, run_after=None
[2026-09-17T22:27:21.711+0000] {processor.py:183} INFO - Processing /opt/airflow/dags/loading_dag.py took 0.103 seconds
[2026-09-17T22:27:34.313+0000] {processor.py:161} INFO - Started process (PID=448) to work on /opt/airflow/dags/loading_dag.py
[2026-09-17T22:27:34.314+0000] {processor.py:830} INFO - Processing file /opt/airflow/dags/loading_dag.py for tasks to queue
[2026-09-17T22:27:34.316+0000] {logging_mixin.py:188} INFO - [2026-09-17T22:27:34.315+0000] {dagbag.py:545} INFO - Filling up the DagBag from /opt/airflow/dags/loading_dag.py
[2026-09-17T22:27:34.329+0000] {processor.py:840} INFO - DAG(s) 'data_loading' retrieved from /opt/airflow/dags/loading_dag.py
[2026-09-17T22:27:34.359+0000] {logging_mixin.py:188} INFO - [2026-09-17T22:27:34.359+0000] {dag.py:3096} INFO - Sync 1 DAGs
[2026-09-17T22:27:34.387+0000] {logging_mixin.py:188} INFO - [2026-09-17T22:27:34.386+0000] {dag.py:3954} INFO - Setting next_dagrun for data_loading to None, run_after=None
[2026-09-17T22:27:34.412+0000] {processor.py:183} INFO - Processing /opt/airflow/dags/loading_dag.py took 0.106 seconds
[2026-09-17T22:27:42.486+0000] {processor.py:161} INFO - Started process (PID=456) to work on /opt/airflow/dags/loading_dag.py
[2026-09-17T22:27:42.487+0000] {processor.py:830} INFO - Processing file /opt/airflow/dags/loading_dag.py for tasks to queue
[2026-09-17T22:27:42.490+0000] {logging_mixin.py:188} INFO - [2026-09-17T22:27:42.490+0000] {dagbag.py:545} INFO - Filling up the DagBag from /opt/airflow/dags/loading_dag.py
[2026-09-17T22:27:42.498+0000] {logging_mixin.py:188} INFO - [2026-09-17T22:27:42.497+0000] {dagbag.py:355} ERROR - Failed to import: /opt/airflow/dags/loading_dag.py
Traceback (most recent call last):
  File "/home/airflow/.local/lib/python3.10/site-packages/airflow/models/dagbag.py", line 351, in parse
    loader.exec_module(new_module)
  File "<frozen importlib._bootstrap_external>", line 879, in exec_module
  File "<frozen importlib._bootstrap_external>", line 1017, in get_code
  File "<frozen importlib._bootstrap_external>", line 947, in source_to_code
  File "<frozen importlib._bootstrap>", line 241, in _call_with_frames_removed
  File "/opt/airflow/dags/loading_dag.py", line 86
    )
    ^
SyntaxError: positional argument follows keyword argument
[2026-09-17T22:27:42.498+0000] {processor.py:842} WARNING - No viable dags retrieved from /opt/airflow/dags/loading_dag.py
[2026-09-17T22:27:42.537+0000] {processor.py:183} INFO - Processing /opt/airflow/dags/loading_dag.py took 0.060 seconds
[2026-09-17T22:27:44.505+0000] {processor.py:161} INFO - Started process (PID=457) to work on /opt/airflow/dags/loading_dag.py
[2026-09-17T22:27:44.506+0000] {processor.py:830} INFO - Processing file /opt/airflow/dags/loading_dag.py for tasks to queue
[2026-09-17T22:27:44.509+0000] {logging_mixin.py:188} INFO - [2026-09-17T22:27:44.508+0000] {dagbag.py:545} INFO - Filling up the DagBag from /opt/airflow/dags/loading_dag.py
[2026-09-17T22:27:44.523+0000] {processor.py:840} INFO - DAG(s) 'data_loading' retrieved from /opt/airflow/dags/loading_dag.py
[2026-09-17T22:27:44.558+0000] {logging_mixin.py:188} INFO - [2026-09-17T22:27:44.557+0000] {dag.py:3096} INFO - Sync 1 DAGs
[2026-09-17T22:27:44.579+0000] {logging_mixin.py:188} INFO - [2026-09-17T22:27:44.579+0000] {dag.py:3954} INFO - Setting next_dagrun for data_loading to None, run_after=None
[2026-09-17T22:27:44.614+0000] {processor.py:183} INFO - Processing /opt/airflow/dags/loading_dag.py took 0.120 seconds
[2026-09-17T22:27:48.632+0000] {processor.py:161} INFO - Started process (PID=458) to work on /opt/airflow/dags/loading_dag.py
[2026-09-17T22:27:48.633+0000] {processor.py:830} INFO - Processing file /opt/airflow/dags/loading_dag.py for tasks to queue
[2026-09-17T22:27:48.635+0000] {logging_mixin.py:188} INFO - [2026-09-17T22:27:48.635+0000] {dagbag.py:545} INFO - Filling up the DagBag from /opt/airflow/dags/loading_dag.py
[2026-09-17T22:27:48.650+0000] {processor.py:840} INFO - DAG(s) 'data_loading' retrieved from /opt/airflow/dags/loading_dag.py
[2026-09-17T22:27:48.678+0000] {logging_mixin.py:188} INFO - [2026-09-17T22:27:48.678+0000] {dag.py:3096} INFO - Sync 1 DAGs
[2026-09-17T22:27:48.700+0000] {logging_mixin.py:188} INFO - [2026-09-17T22:27:48.699+0000] {dag.py:3954} INFO - Setting next_dagrun for data_loading to None, run_after=None
[2026-09-17T22:27:48.725+0000] {processor.py:183} INFO - Processing /opt/airflow/dags/loading_dag.py took 0.102 seconds
[2026-09-17T22:28:16.417+0000] {processor.py:161} INFO - Started process (PID=466) to work on /opt/airflow/dags/loading_dag.py
[2026-09-17T22:28:16.423+0000] {processor.py:830} INFO - Processing file /opt/airflow/dags/loading_dag.py for tasks to queue
[2026-09-17T22:28:16.426+0000] {logging_mixin.py:188} INFO - [2026-09-17T22:28:16.425+0000] {dagbag.py:545} INFO - Filling up the DagBag from /opt/airflow/dags/loading_dag.py
[2026-09-17T22:28:16.440+0000] {processor.py:840} INFO - DAG(s) 'data_loading' retrieved from /opt/airflow/dags/loading_dag.py
[2026-09-17T22:28:16.471+0000] {logging_mixin.py:188} INFO - [2026-09-17T22:28:16.471+0000] {dag.py:3096} INFO - Sync 1 DAGs
[2026-09-17T22:28:16.496+0000] {logging_mixin.py:188} INFO - [2026-09-17T22:28:16.496+0000] {dag.py:3954} INFO - Setting next_dagrun for data_loading to None, run_after=None
[2026-09-17T22:28:16.521+0000] {processor.py:183} INFO - Processing /opt/airflow/dags/loading_dag.py took 0.111 seconds
[2026-09-17T22:28:18.548+0000] {processor.py:161} INFO - Started process (PID=467) to work on /opt/airflow/dags/loading_dag.py
[2026-09-17T22:28:18.549+0000] {processor.py:830} INFO - Processing file /opt/airflow/dags/loading_dag.py for tasks to queue
[2026-09-17T22:28:18.551+0000] {logging_mixin.py:188} INFO - [2026-09-17T22:28:18.551+0000] {dagbag.py:545} INFO - Filling up the DagBag from /opt/airflow/dags/loading_dag.py
[2026-09-17T22:28:18.568+0000] {processor.py:840} INFO - DAG(s) 'data_loading' retrieved from /opt/airflow/dags/loading_dag.py
[2026-09-17T22:28:18.601+0000] {logging_mixin.py:188} INFO - [2026-09-17T22:28:18.600+0000] {dag.py:3096} INFO - Sync 1 DAGs
[2026-09-17T22:28:18.625+0000] {logging_mixin.py:188} INFO - [2026-09-17T22:28:18.624+0000] {dag.py:3954} INFO - Setting next_dagrun for data_loading to None, run_after=None
[2026-09-17T22:28:18.658+0000] {processor.py:183} INFO - Processing /opt/airflow/dags/loading_dag.py took 0.121 seconds
[2026-09-17T22:28:35.370+0000] {processor.py:161} INFO - Started process (PID=474) to work on /opt/airflow/dags/loading_dag.py
[2026-09-17T22:28:35.371+0000] {processor.py:830} INFO - Processing file /opt/airflow/dags/loading_dag.py for tasks to queue
[2026-09-17T22:28:35.374+0000] {logging_mixin.py:188} INFO - [2026-09-17T22:28:35.373+0000] {dagbag.py:545} INFO - Filling up the DagBag from /opt/airflow/dags/loading_dag.py
[2026-09-17T22:28:35.378+0000] {logging_mixin.py:188} INFO - [2026-09-17T22:28:35.377+0000] {dagbag.py:355} ERROR - Failed to import: /opt/airflow/dags/loading_dag.py
Traceback (most recent call last):
  File "/home/airflow/.local/lib/python3.10/site-packages/airflow/models/dagbag.py", line 351, in parse
    loader.exec_module(new_module)
  File "<frozen importlib._bootstrap_external>", line 879, in exec_module
  File "<frozen importlib._bootstrap_external>", line 1017, in get_code
  File "<frozen importlib._bootstrap_external>", line 947, in source_to_code
  File "<frozen importlib._bootstrap>", line 241, in _call_with_frames_removed
  File "/opt/airflow/dags/loading_dag.py", line 154
    )
    ^
SyntaxError: closing parenthesis ')' does not match opening parenthesis '[' on line 145
[2026-09-17T22:28:35.378+0000] {processor.py:842} WARNING - No viable dags retrieved from /opt/airflow/dags/loading_dag.py
[2026-09-17T22:28:35.405+0000] {processor.py:183} INFO - Processing /opt/airflow/dags/loading_dag.py took 0.042 seconds
[2026-09-17T22:28:37.414+0000] {processor.py:161} INFO - Started process (PID=475) to work on /opt/airflow/dags/loading_dag.py
[2026-09-17T22:28:37.415+0000] {processor.py:830} INFO - Processing file /opt/airflow/dags/loading_dag.py for tasks to queue
[2026-09-17T22:28:37.417+0000] {logging_mixin.py:188} INFO - [2026-09-17T22:28:37.416+0000] {dagbag.py:545} INFO - Filling up the DagBag from /opt/airflow/dags/loading_dag.py
[2026-09-17T22:28:37.435+0000] {processor.py:840} INFO - DAG(s) 'data_loading' retrieved from /opt/airflow/dags/loading_dag.py
[2026-09-17T22:28:37.479+0000] {logging_mixin.py:188} INFO - [2026-09-17T22:28:37.479+0000] {dag.py:3096} INFO - Sync 1 DAGs
[2026-09-17T22:28:37.514+0000] {logging_mixin.py:188} INFO - [2026-09-17T22:28:37.514+0000] {dag.py:3954} INFO - Setting next_dagrun for data_loading to None, run_after=None
[2026-09-17T22:28:37.556+0000] {processor.py:183} INFO - Processing /opt/airflow/dags/loading_dag.py took 0.150 seconds
[2026-09-17T22:29:08.191+0000] {processor.py:161} INFO - Started process (PID=483) to work on /opt/airflow/dags/loading_dag.py
[2026-09-17T22:29:08.193+0000] {processor.py:830} INFO - Processing file /opt/airflow/dags/loading_dag.py for tasks to queue
[2026-09-17T22:29:08.196+0000] {logging_mixin.py:188} INFO - [2026-09-17T22:29:08.196+0000] {dagbag.py:545} INFO - Filling up the DagBag from /opt/airflow/dags/loading_dag.py
[2026-09-17T22:29:08.210+0000] {processor.py:840} INFO - DAG(s) 'data_loading' retrieved from /opt/airflow/dags/loading_dag.py
[2026-09-17T22:29:08.238+0000] {logging_mixin.py:188} INFO - [2026-09-17T22:29:08.238+0000] {dag.py:3096} INFO - Sync 1 DAGs
[2026-09-17T22:29:08.262+0000] {logging_mixin.py:188} INFO - [2026-09-17T22:29:08.261+0000] {dag.py:3954} INFO - Setting next_dagrun for data_loading to None, run_after=None
[2026-09-17T22:29:08.286+0000] {processor.py:183} INFO - Processing /opt/airflow/dags/loading_dag.py took 0.104 seconds
[2026-09-17T22:29:38.828+0000] {processor.py:161} INFO - Started process (PID=496) to work on /opt/airflow/dags/loading_dag.py
[2026-09-17T22:29:38.829+0000] {processor.py:830} INFO - Processing file /opt/airflow/dags/loading_dag.py for tasks to queue
[2026-09-17T22:29:38.831+0000] {logging_mixin.py:188} INFO - [2026-09-17T22:29:38.831+0000] {dagbag.py:545} INFO - Filling up the DagBag from /opt/airflow/dags/loading_dag.py
[2026-09-17T22:29:38.840+0000] {processor.py:840} INFO - DAG(s) 'data_loading' retrieved from /opt/airflow/dags/loading_dag.py
[2026-09-17T22:29:38.865+0000] {logging_mixin.py:188} INFO - [2026-09-17T22:29:38.864+0000] {dag.py:3096} INFO - Sync 1 DAGs
[2026-09-17T22:29:38.886+0000] {logging_mixin.py:188} INFO - [2026-09-17T22:29:38.885+0000] {dag.py:3954} INFO - Setting next_dagrun for data_loading to None, run_after=None
[2026-09-17T22:29:38.909+0000] {processor.py:183} INFO - Processing /opt/airflow/dags/loading_dag.py took 0.088 seconds
[2026-09-17T22:30:09.175+0000] {processor.py:161} INFO - Started process (PID=504) to work on /opt/airflow/dags/loading_dag.py
[2026-09-17T22:30:09.180+0000] {processor.py:830} INFO - Processing file /opt/airflow/dags/loading_dag.py for tasks to queue
[2026-09-17T22:30:09.182+0000] {logging_mixin.py:188} INFO - [2026-09-17T22:30:09.182+0000] {dagbag.py:545} INFO - Filling up the DagBag from /opt/airflow/dags/loading_dag.py
[2026-09-17T22:30:09.193+0000] {processor.py:840} INFO - DAG(s) 'data_loading' retrieved from /opt/airflow/dags/loading_dag.py
[2026-09-17T22:30:09.226+0000] {logging_mixin.py:188} INFO - [2026-09-17T22:30:09.225+0000] {dag.py:3096} INFO - Sync 1 DAGs
[2026-09-17T22:30:09.259+0000] {logging_mixin.py:188} INFO - [2026-09-17T22:30:09.259+0000] {dag.py:3954} INFO - Setting next_dagrun for data_loading to None, run_after=None
[2026-09-17T22:30:09.289+0000] {processor.py:183} INFO - Processing /opt/airflow/dags/loading_dag.py took 0.120 seconds
[2026-09-17T22:30:39.964+0000] {processor.py:161} INFO - Started process (PID=512) to work on /opt/airflow/dags/loading_dag.py
[2026-09-17T22:30:39.966+0000] {processor.py:830} INFO - Processing file /opt/airflow/dags/loading_dag.py for tasks to queue
[2026-09-17T22:30:39.968+0000] {logging_mixin.py:188} INFO - [2026-09-17T22:30:39.968+0000] {dagbag.py:545} INFO - Filling up the DagBag from /opt/airflow/dags/loading_dag.py
[2026-09-17T22:30:39.978+0000] {processor.py:840} INFO - DAG(s) 'data_loading' retrieved from /opt/airflow/dags/loading_dag.py
[2026-09-17T22:30:40.007+0000] {logging_mixin.py:188} INFO - [2026-09-17T22:30:40.006+0000] {dag.py:3096} INFO - Sync 1 DAGs
[2026-09-17T22:30:40.028+0000] {logging_mixin.py:188} INFO - [2026-09-17T22:30:40.028+0000] {dag.py:3954} INFO - Setting next_dagrun for data_loading to None, run_after=None
[2026-09-17T22:30:40.061+0000] {processor.py:183} INFO - Processing /opt/airflow/dags/loading_dag.py took 0.104 seconds
[2026-09-17T22:31:03.286+0000] {processor.py:161} INFO - Started process (PID=520) to work on /opt/airflow/dags/loading_dag.py
[2026-09-17T22:31:03.291+0000] {processor.py:830} INFO - Processing file /opt/airflow/dags/loading_dag.py for tasks to queue
[2026-09-17T22:31:03.293+0000] {logging_mixin.py:188} INFO - [2026-09-17T22:31:03.293+0000] {dagbag.py:545} INFO - Filling up the DagBag from /opt/airflow/dags/loading_dag.py
[2026-09-17T22:31:03.306+0000] {processor.py:840} INFO - DAG(s) 'data_loading' retrieved from /opt/airflow/dags/loading_dag.py
[2026-09-17T22:31:03.336+0000] {logging_mixin.py:188} INFO - [2026-09-17T22:31:03.336+0000] {dag.py:3096} INFO - Sync 1 DAGs
[2026-09-17T22:31:03.372+0000] {logging_mixin.py:188} INFO - [2026-09-17T22:31:03.371+0000] {dag.py:3954} INFO - Setting next_dagrun for data_loading to None, run_after=None
[2026-09-17T22:31:03.408+0000] {processor.py:183} INFO - Processing /opt/airflow/dags/loading_dag.py took 0.130 seconds
[2026-09-17T22:31:04.732+0000] {processor.py:161} INFO - Started process (PID=521) to work on /opt/airflow/dags/loading_dag.py
[2026-09-17T22:31:04.733+0000] {processor.py:830} INFO - Processing file /opt/airflow/dags/loading_dag.py for tasks to queue
[2026-09-17T22:31:04.735+0000] {logging_mixin.py:188} INFO - [2026-09-17T22:31:04.735+0000] {dagbag.py:545} INFO - Filling up the DagBag from /opt/airflow/dags/loading_dag.py
[2026-09-17T22:31:04.748+0000] {processor.py:840} INFO - DAG(s) 'data_loading' retrieved from /opt/airflow/dags/loading_dag.py
[2026-09-17T22:31:04.774+0000] {logging_mixin.py:188} INFO - [2026-09-17T22:31:04.774+0000] {dag.py:3096} INFO - Sync 1 DAGs
[2026-09-17T22:31:04.791+0000] {logging_mixin.py:188} INFO - [2026-09-17T22:31:04.791+0000] {dag.py:3954} INFO - Setting next_dagrun for data_loading to None, run_after=None
[2026-09-17T22:31:04.819+0000] {processor.py:183} INFO - Processing /opt/airflow/dags/loading_dag.py took 0.094 seconds
[2026-09-17T22:31:07.764+0000] {processor.py:161} INFO - Started process (PID=522) to work on /opt/airflow/dags/loading_dag.py
[2026-09-17T22:31:07.765+0000] {processor.py:830} INFO - Processing file /opt/airflow/dags/loading_dag.py for tasks to queue
[2026-09-17T22:31:07.766+0000] {logging_mixin.py:188} INFO - [2026-09-17T22:31:07.766+0000] {dagbag.py:545} INFO - Filling up the DagBag from /opt/airflow/dags/loading_dag.py
[2026-09-17T22:31:07.778+0000] {processor.py:840} INFO - DAG(s) 'data_loading' retrieved from /opt/airflow/dags/loading_dag.py
[2026-09-17T22:31:07.805+0000] {logging_mixin.py:188} INFO - [2026-09-17T22:31:07.804+0000] {dag.py:3096} INFO - Sync 1 DAGs
[2026-09-17T22:31:07.824+0000] {logging_mixin.py:188} INFO - [2026-09-17T22:31:07.823+0000] {dag.py:3954} INFO - Setting next_dagrun for data_loading to None, run_after=None
[2026-09-17T22:31:07.854+0000] {processor.py:183} INFO - Processing /opt/airflow/dags/loading_dag.py took 0.098 seconds
[2026-09-17T22:31:08.865+0000] {processor.py:161} INFO - Started process (PID=523) to work on /opt/airflow/dags/loading_dag.py
[2026-09-17T22:31:08.866+0000] {processor.py:830} INFO - Processing file /opt/airflow/dags/loading_dag.py for tasks to queue
[2026-09-17T22:31:08.868+0000] {logging_mixin.py:188} INFO - [2026-09-17T22:31:08.868+0000] {dagbag.py:545} INFO - Filling up the DagBag from /opt/airflow/dags/loading_dag.py
[2026-09-17T22:31:08.882+0000] {processor.py:840} INFO - DAG(s) 'data_loading' retrieved from /opt/airflow/dags/loading_dag.py
[2026-09-17T22:31:08.909+0000] {logging_mixin.py:188} INFO - [2026-09-17T22:31:08.909+0000] {dag.py:3096} INFO - Sync 1 DAGs
[2026-09-17T22:31:08.941+0000] {logging_mixin.py:188} INFO - [2026-09-17T22:31:08.941+0000] {dag.py:3954} INFO - Setting next_dagrun for data_loading to None, run_after=None
[2026-09-17T22:31:08.967+0000] {processor.py:183} INFO - Processing /opt/airflow/dags/loading_dag.py took 0.110 seconds
[2026-09-17T22:31:39.927+0000] {processor.py:161} INFO - Started process (PID=531) to work on /opt/airflow/dags/loading_dag.py
[2026-09-17T22:31:39.932+0000] {processor.py:830} INFO - Processing file /opt/airflow/dags/loading_dag.py for tasks to queue
[2026-09-17T22:31:39.934+0000] {logging_mixin.py:188} INFO - [2026-09-17T22:31:39.933+0000] {dagbag.py:545} INFO - Filling up the DagBag from /opt/airflow/dags/loading_dag.py
[2026-09-17T22:31:39.943+0000] {processor.py:840} INFO - DAG(s) 'data_loading' retrieved from /opt/airflow/dags/loading_dag.py
[2026-09-17T22:31:39.966+0000] {logging_mixin.py:188} INFO - [2026-09-17T22:31:39.965+0000] {dag.py:3096} INFO - Sync 1 DAGs
[2026-09-17T22:31:39.985+0000] {logging_mixin.py:188} INFO - [2026-09-17T22:31:39.985+0000] {dag.py:3954} INFO - Setting next_dagrun for data_loading to None, run_after=None
[2026-09-17T22:31:40.007+0000] {processor.py:183} INFO - Processing /opt/airflow/dags/loading_dag.py took 0.087 seconds
[2026-09-17T22:32:10.590+0000] {processor.py:161} INFO - Started process (PID=544) to work on /opt/airflow/dags/loading_dag.py
[2026-09-17T22:32:10.591+0000] {processor.py:830} INFO - Processing file /opt/airflow/dags/loading_dag.py for tasks to queue
[2026-09-17T22:32:10.593+0000] {logging_mixin.py:188} INFO - [2026-09-17T22:32:10.593+0000] {dagbag.py:545} INFO - Filling up the DagBag from /opt/airflow/dags/loading_dag.py
[2026-09-17T22:32:10.602+0000] {processor.py:840} INFO - DAG(s) 'data_loading' retrieved from /opt/airflow/dags/loading_dag.py
[2026-09-17T22:32:10.627+0000] {logging_mixin.py:188} INFO - [2026-09-17T22:32:10.626+0000] {dag.py:3096} INFO - Sync 1 DAGs
[2026-09-17T22:32:10.645+0000] {logging_mixin.py:188} INFO - [2026-09-17T22:32:10.644+0000] {dag.py:3954} INFO - Setting next_dagrun for data_loading to None, run_after=None
[2026-09-17T22:32:10.667+0000] {processor.py:183} INFO - Processing /opt/airflow/dags/loading_dag.py took 0.083 seconds
[2026-09-17T22:32:40.981+0000] {processor.py:161} INFO - Started process (PID=552) to work on /opt/airflow/dags/loading_dag.py
[2026-09-17T22:32:40.982+0000] {processor.py:830} INFO - Processing file /opt/airflow/dags/loading_dag.py for tasks to queue
[2026-09-17T22:32:40.984+0000] {logging_mixin.py:188} INFO - [2026-09-17T22:32:40.984+0000] {dagbag.py:545} INFO - Filling up the DagBag from /opt/airflow/dags/loading_dag.py
[2026-09-17T22:32:40.994+0000] {processor.py:840} INFO - DAG(s) 'data_loading' retrieved from /opt/airflow/dags/loading_dag.py
[2026-09-17T22:32:41.020+0000] {logging_mixin.py:188} INFO - [2026-09-17T22:32:41.020+0000] {dag.py:3096} INFO - Sync 1 DAGs
[2026-09-17T22:32:41.039+0000] {logging_mixin.py:188} INFO - [2026-09-17T22:32:41.038+0000] {dag.py:3954} INFO - Setting next_dagrun for data_loading to None, run_after=None
[2026-09-17T22:32:41.060+0000] {processor.py:183} INFO - Processing /opt/airflow/dags/loading_dag.py took 0.087 seconds
[2026-09-17T22:32:44.110+0000] {processor.py:161} INFO - Started process (PID=559) to work on /opt/airflow/dags/loading_dag.py
[2026-09-17T22:32:44.111+0000] {processor.py:830} INFO - Processing file /opt/airflow/dags/loading_dag.py for tasks to queue
[2026-09-17T22:32:44.114+0000] {logging_mixin.py:188} INFO - [2026-09-17T22:32:44.114+0000] {dagbag.py:545} INFO - Filling up the DagBag from /opt/airflow/dags/loading_dag.py
[2026-09-17T22:32:44.129+0000] {processor.py:840} INFO - DAG(s) 'data_loading' retrieved from /opt/airflow/dags/loading_dag.py
[2026-09-17T22:32:44.158+0000] {logging_mixin.py:188} INFO - [2026-09-17T22:32:44.158+0000] {dag.py:3096} INFO - Sync 1 DAGs
[2026-09-17T22:32:44.184+0000] {logging_mixin.py:188} INFO - [2026-09-17T22:32:44.184+0000] {dag.py:3954} INFO - Setting next_dagrun for data_loading to None, run_after=None
[2026-09-17T22:32:44.220+0000] {processor.py:183} INFO - Processing /opt/airflow/dags/loading_dag.py took 0.122 seconds
[2026-09-17T22:32:47.243+0000] {processor.py:161} INFO - Started process (PID=561) to work on /opt/airflow/dags/loading_dag.py
[2026-09-17T22:32:47.244+0000] {processor.py:830} INFO - Processing file /opt/airflow/dags/loading_dag.py for tasks to queue
[2026-09-17T22:32:47.246+0000] {logging_mixin.py:188} INFO - [2026-09-17T22:32:47.246+0000] {dagbag.py:545} INFO - Filling up the DagBag from /opt/airflow/dags/loading_dag.py
[2026-09-17T22:32:47.266+0000] {processor.py:840} INFO - DAG(s) 'data_loading' retrieved from /opt/airflow/dags/loading_dag.py
[2026-09-17T22:32:47.296+0000] {logging_mixin.py:188} INFO - [2026-09-17T22:32:47.295+0000] {dag.py:3096} INFO - Sync 1 DAGs
[2026-09-17T22:32:47.318+0000] {logging_mixin.py:188} INFO - [2026-09-17T22:32:47.317+0000] {dag.py:3954} INFO - Setting next_dagrun for data_loading to None, run_after=None
[2026-09-17T22:32:47.344+0000] {processor.py:183} INFO - Processing /opt/airflow/dags/loading_dag.py took 0.110 seconds
[2026-09-17T22:33:17.858+0000] {processor.py:161} INFO - Started process (PID=569) to work on /opt/airflow/dags/loading_dag.py
[2026-09-17T22:33:17.864+0000] {processor.py:830} INFO - Processing file /opt/airflow/dags/loading_dag.py for tasks to queue
[2026-09-17T22:33:17.866+0000] {logging_mixin.py:188} INFO - [2026-09-17T22:33:17.865+0000] {dagbag.py:545} INFO - Filling up the DagBag from /opt/airflow/dags/loading_dag.py
[2026-09-17T22:33:17.875+0000] {processor.py:840} INFO - DAG(s) 'data_loading' retrieved from /opt/airflow/dags/loading_dag.py
[2026-09-17T22:33:17.900+0000] {logging_mixin.py:188} INFO - [2026-09-17T22:33:17.900+0000] {dag.py:3096} INFO - Sync 1 DAGs
[2026-09-17T22:33:17.919+0000] {logging_mixin.py:188} INFO - [2026-09-17T22:33:17.919+0000] {dag.py:3954} INFO - Setting next_dagrun for data_loading to None, run_after=None
[2026-09-17T22:33:17.941+0000] {processor.py:183} INFO - Processing /opt/airflow/dags/loading_dag.py took 0.090 seconds
[2026-09-17T22:33:48.088+0000] {processor.py:161} INFO - Started process (PID=582) to work on /opt/airflow/dags/loading_dag.py
[2026-09-17T22:33:48.089+0000] {processor.py:830} INFO - Processing file /opt/airflow/dags/loading_dag.py for tasks to queue
[2026-09-17T22:33:48.091+0000] {logging_mixin.py:188} INFO - [2026-09-17T22:33:48.090+0000] {dagbag.py:545} INFO - Filling up the DagBag from /opt/airflow/dags/loading_dag.py
[2026-09-17T22:33:48.100+0000] {processor.py:840} INFO - DAG(s) 'data_loading' retrieved from /opt/airflow/dags/loading_dag.py
[2026-09-17T22:33:48.124+0000] {logging_mixin.py:188} INFO - [2026-09-17T22:33:48.123+0000] {dag.py:3096} INFO - Sync 1 DAGs
[2026-09-17T22:33:48.144+0000] {logging_mixin.py:188} INFO - [2026-09-17T22:33:48.143+0000] {dag.py:3954} INFO - Setting next_dagrun for data_loading to None, run_after=None
[2026-09-17T22:33:48.167+0000] {processor.py:183} INFO - Processing /opt/airflow/dags/loading_dag.py took 0.085 seconds
[2026-09-17T22:34:18.910+0000] {processor.py:161} INFO - Started process (PID=590) to work on /opt/airflow/dags/loading_dag.py
[2026-09-17T22:34:18.915+0000] {processor.py:830} INFO - Processing file /opt/airflow/dags/loading_dag.py for tasks to queue
[2026-09-17T22:34:18.918+0000] {logging_mixin.py:188} INFO - [2026-09-17T22:34:18.917+0000] {dagbag.py:545} INFO - Filling up the DagBag from /opt/airflow/dags/loading_dag.py
[2026-09-17T22:34:18.932+0000] {processor.py:840} INFO - DAG(s) 'data_loading' retrieved from /opt/airflow/dags/loading_dag.py
[2026-09-17T22:34:18.983+0000] {logging_mixin.py:188} INFO - [2026-09-17T22:34:18.982+0000] {dag.py:3096} INFO - Sync 1 DAGs
[2026-09-17T22:34:19.023+0000] {logging_mixin.py:188} INFO - [2026-09-17T22:34:19.022+0000] {dag.py:3954} INFO - Setting next_dagrun for data_loading to None, run_after=None
[2026-09-17T22:34:19.054+0000] {processor.py:183} INFO - Processing /opt/airflow/dags/loading_dag.py took 0.151 seconds
[2026-09-17T22:34:21.019+0000] {processor.py:161} INFO - Started process (PID=591) to work on /opt/airflow/dags/loading_dag.py
[2026-09-17T22:34:21.020+0000] {processor.py:830} INFO - Processing file /opt/airflow/dags/loading_dag.py for tasks to queue
[2026-09-17T22:34:21.023+0000] {logging_mixin.py:188} INFO - [2026-09-17T22:34:21.023+0000] {dagbag.py:545} INFO - Filling up the DagBag from /opt/airflow/dags/loading_dag.py
[2026-09-17T22:34:21.040+0000] {processor.py:840} INFO - DAG(s) 'data_loading' retrieved from /opt/airflow/dags/loading_dag.py
[2026-09-17T22:34:21.069+0000] {logging_mixin.py:188} INFO - [2026-09-17T22:34:21.069+0000] {dag.py:3096} INFO - Sync 1 DAGs
[2026-09-17T22:34:21.096+0000] {logging_mixin.py:188} INFO - [2026-09-17T22:34:21.095+0000] {dag.py:3954} INFO - Setting next_dagrun for data_loading to None, run_after=None
[2026-09-17T22:34:21.135+0000] {processor.py:183} INFO - Processing /opt/airflow/dags/loading_dag.py took 0.125 seconds
[2026-09-17T22:34:25.138+0000] {processor.py:161} INFO - Started process (PID=592) to work on /opt/airflow/dags/loading_dag.py
[2026-09-17T22:34:25.140+0000] {processor.py:830} INFO - Processing file /opt/airflow/dags/loading_dag.py for tasks to queue
[2026-09-17T22:34:25.144+0000] {logging_mixin.py:188} INFO - [2026-09-17T22:34:25.142+0000] {dagbag.py:545} INFO - Filling up the DagBag from /opt/airflow/dags/loading_dag.py
[2026-09-17T22:34:25.158+0000] {processor.py:840} INFO - DAG(s) 'data_loading' retrieved from /opt/airflow/dags/loading_dag.py
[2026-09-17T22:34:25.188+0000] {logging_mixin.py:188} INFO - [2026-09-17T22:34:25.187+0000] {dag.py:3096} INFO - Sync 1 DAGs
[2026-09-17T22:34:25.210+0000] {logging_mixin.py:188} INFO - [2026-09-17T22:34:25.210+0000] {dag.py:3954} INFO - Setting next_dagrun for data_loading to None, run_after=None
[2026-09-17T22:34:25.239+0000] {processor.py:183} INFO - Processing /opt/airflow/dags/loading_dag.py took 0.117 seconds
[2026-09-17T22:34:26.221+0000] {processor.py:161} INFO - Started process (PID=593) to work on /opt/airflow/dags/loading_dag.py
[2026-09-17T22:34:26.222+0000] {processor.py:830} INFO - Processing file /opt/airflow/dags/loading_dag.py for tasks to queue
[2026-09-17T22:34:26.224+0000] {logging_mixin.py:188} INFO - [2026-09-17T22:34:26.224+0000] {dagbag.py:545} INFO - Filling up the DagBag from /opt/airflow/dags/loading_dag.py
[2026-09-17T22:34:26.237+0000] {processor.py:840} INFO - DAG(s) 'data_loading' retrieved from /opt/airflow/dags/loading_dag.py
[2026-09-17T22:34:26.262+0000] {logging_mixin.py:188} INFO - [2026-09-17T22:34:26.262+0000] {dag.py:3096} INFO - Sync 1 DAGs
[2026-09-17T22:34:26.281+0000] {logging_mixin.py:188} INFO - [2026-09-17T22:34:26.281+0000] {dag.py:3954} INFO - Setting next_dagrun for data_loading to None, run_after=None
[2026-09-17T22:34:26.304+0000] {processor.py:183} INFO - Processing /opt/airflow/dags/loading_dag.py took 0.096 seconds
[2026-09-17T22:34:56.509+0000] {processor.py:161} INFO - Started process (PID=606) to work on /opt/airflow/dags/loading_dag.py
[2026-09-17T22:34:56.510+0000] {processor.py:830} INFO - Processing file /opt/airflow/dags/loading_dag.py for tasks to queue
[2026-09-17T22:34:56.512+0000] {logging_mixin.py:188} INFO - [2026-09-17T22:34:56.512+0000] {dagbag.py:545} INFO - Filling up the DagBag from /opt/airflow/dags/loading_dag.py
[2026-09-17T22:34:56.522+0000] {processor.py:840} INFO - DAG(s) 'data_loading' retrieved from /opt/airflow/dags/loading_dag.py
[2026-09-17T22:34:56.547+0000] {logging_mixin.py:188} INFO - [2026-09-17T22:34:56.547+0000] {dag.py:3096} INFO - Sync 1 DAGs
[2026-09-17T22:34:56.565+0000] {logging_mixin.py:188} INFO - [2026-09-17T22:34:56.564+0000] {dag.py:3954} INFO - Setting next_dagrun for data_loading to None, run_after=None
[2026-09-17T22:34:56.589+0000] {processor.py:183} INFO - Processing /opt/airflow/dags/loading_dag.py took 0.087 seconds
[2026-09-17T22:35:27.107+0000] {processor.py:161} INFO - Started process (PID=620) to work on /opt/airflow/dags/loading_dag.py
[2026-09-17T22:35:27.113+0000] {processor.py:830} INFO - Processing file /opt/airflow/dags/loading_dag.py for tasks to queue
[2026-09-17T22:35:27.115+0000] {logging_mixin.py:188} INFO - [2026-09-17T22:35:27.114+0000] {dagbag.py:545} INFO - Filling up the DagBag from /opt/airflow/dags/loading_dag.py
[2026-09-17T22:35:27.124+0000] {processor.py:840} INFO - DAG(s) 'data_loading' retrieved from /opt/airflow/dags/loading_dag.py
[2026-09-17T22:35:27.149+0000] {logging_mixin.py:188} INFO - [2026-09-17T22:35:27.149+0000] {dag.py:3096} INFO - Sync 1 DAGs
[2026-09-17T22:35:27.169+0000] {logging_mixin.py:188} INFO - [2026-09-17T22:35:27.169+0000] {dag.py:3954} INFO - Setting next_dagrun for data_loading to None, run_after=None
[2026-09-17T22:35:27.192+0000] {processor.py:183} INFO - Processing /opt/airflow/dags/loading_dag.py took 0.091 seconds
[2026-09-17T22:35:57.640+0000] {processor.py:161} INFO - Started process (PID=628) to work on /opt/airflow/dags/loading_dag.py
[2026-09-17T22:35:57.645+0000] {processor.py:830} INFO - Processing file /opt/airflow/dags/loading_dag.py for tasks to queue
[2026-09-17T22:35:57.647+0000] {logging_mixin.py:188} INFO - [2026-09-17T22:35:57.647+0000] {dagbag.py:545} INFO - Filling up the DagBag from /opt/airflow/dags/loading_dag.py
[2026-09-17T22:35:57.657+0000] {processor.py:840} INFO - DAG(s) 'data_loading' retrieved from /opt/airflow/dags/loading_dag.py
[2026-09-17T22:35:57.684+0000] {logging_mixin.py:188} INFO - [2026-09-17T22:35:57.684+0000] {dag.py:3096} INFO - Sync 1 DAGs
[2026-09-17T22:35:57.706+0000] {logging_mixin.py:188} INFO - [2026-09-17T22:35:57.706+0000] {dag.py:3954} INFO - Setting next_dagrun for data_loading to None, run_after=None
[2026-09-17T22:35:57.738+0000] {processor.py:183} INFO - Processing /opt/airflow/dags/loading_dag.py took 0.104 seconds
[2026-09-17T22:36:28.535+0000] {processor.py:161} INFO - Started process (PID=636) to work on /opt/airflow/dags/loading_dag.py
[2026-09-17T22:36:28.536+0000] {processor.py:830} INFO - Processing file /opt/airflow/dags/loading_dag.py for tasks to queue
[2026-09-17T22:36:28.538+0000] {logging_mixin.py:188} INFO - [2026-09-17T22:36:28.538+0000] {dagbag.py:545} INFO - Filling up the DagBag from /opt/airflow/dags/loading_dag.py
[2026-09-17T22:36:28.547+0000] {processor.py:840} INFO - DAG(s) 'data_loading' retrieved from /opt/airflow/dags/loading_dag.py
[2026-09-17T22:36:28.570+0000] {logging_mixin.py:188} INFO - [2026-09-17T22:36:28.569+0000] {dag.py:3096} INFO - Sync 1 DAGs
[2026-09-17T22:36:28.587+0000] {logging_mixin.py:188} INFO - [2026-09-17T22:36:28.587+0000] {dag.py:3954} INFO - Setting next_dagrun for data_loading to None, run_after=None
[2026-09-17T22:36:28.608+0000] {processor.py:183} INFO - Processing /opt/airflow/dags/loading_dag.py took 0.079 seconds
[2026-09-17T22:36:50.491+0000] {processor.py:161} INFO - Started process (PID=643) to work on /opt/airflow/dags/loading_dag.py
[2026-09-17T22:36:50.496+0000] {processor.py:830} INFO - Processing file /opt/airflow/dags/loading_dag.py for tasks to queue
[2026-09-17T22:36:50.498+0000] {logging_mixin.py:188} INFO - [2026-09-17T22:36:50.498+0000] {dagbag.py:545} INFO - Filling up the DagBag from /opt/airflow/dags/loading_dag.py
[2026-09-17T22:36:50.511+0000] {processor.py:840} INFO - DAG(s) 'data_loading' retrieved from /opt/airflow/dags/loading_dag.py
[2026-09-17T22:36:50.537+0000] {logging_mixin.py:188} INFO - [2026-09-17T22:36:50.537+0000] {dag.py:3096} INFO - Sync 1 DAGs
[2026-09-17T22:36:50.561+0000] {logging_mixin.py:188} INFO - [2026-09-17T22:36:50.560+0000] {dag.py:3954} INFO - Setting next_dagrun for data_loading to None, run_after=None
[2026-09-17T22:36:50.588+0000] {processor.py:183} INFO - Processing /opt/airflow/dags/loading_dag.py took 0.105 seconds
[2026-09-17T22:37:20.916+0000] {processor.py:161} INFO - Started process (PID=656) to work on /opt/airflow/dags/loading_dag.py
[2026-09-17T22:37:20.918+0000] {processor.py:830} INFO - Processing file /opt/airflow/dags/loading_dag.py for tasks to queue
[2026-09-17T22:37:20.925+0000] {logging_mixin.py:188} INFO - [2026-09-17T22:37:20.923+0000] {dagbag.py:545} INFO - Filling up the DagBag from /opt/airflow/dags/loading_dag.py
[2026-09-17T22:37:20.939+0000] {processor.py:840} INFO - DAG(s) 'data_loading' retrieved from /opt/airflow/dags/loading_dag.py
[2026-09-17T22:37:20.986+0000] {logging_mixin.py:188} INFO - [2026-09-17T22:37:20.986+0000] {dag.py:3096} INFO - Sync 1 DAGs
[2026-09-17T22:37:21.015+0000] {logging_mixin.py:188} INFO - [2026-09-17T22:37:21.015+0000] {dag.py:3954} INFO - Setting next_dagrun for data_loading to None, run_after=None
[2026-09-17T22:37:21.043+0000] {processor.py:183} INFO - Processing /opt/airflow/dags/loading_dag.py took 0.137 seconds
[2026-09-17T22:37:51.879+0000] {processor.py:161} INFO - Started process (PID=664) to work on /opt/airflow/dags/loading_dag.py
[2026-09-17T22:37:51.884+0000] {processor.py:830} INFO - Processing file /opt/airflow/dags/loading_dag.py for tasks to queue
[2026-09-17T22:37:51.886+0000] {logging_mixin.py:188} INFO - [2026-09-17T22:37:51.886+0000] {dagbag.py:545} INFO - Filling up the DagBag from /opt/airflow/dags/loading_dag.py
[2026-09-17T22:37:51.896+0000] {processor.py:840} INFO - DAG(s) 'data_loading' retrieved from /opt/airflow/dags/loading_dag.py
[2026-09-17T22:37:51.922+0000] {logging_mixin.py:188} INFO - [2026-09-17T22:37:51.922+0000] {dag.py:3096} INFO - Sync 1 DAGs
[2026-09-17T22:37:51.942+0000] {logging_mixin.py:188} INFO - [2026-09-17T22:37:51.941+0000] {dag.py:3954} INFO - Setting next_dagrun for data_loading to None, run_after=None
[2026-09-17T22:37:51.963+0000] {processor.py:183} INFO - Processing /opt/airflow/dags/loading_dag.py took 0.091 seconds
[2026-09-17T22:38:22.320+0000] {processor.py:161} INFO - Started process (PID=672) to work on /opt/airflow/dags/loading_dag.py
[2026-09-17T22:38:22.321+0000] {processor.py:830} INFO - Processing file /opt/airflow/dags/loading_dag.py for tasks to queue
[2026-09-17T22:38:22.323+0000] {logging_mixin.py:188} INFO - [2026-09-17T22:38:22.323+0000] {dagbag.py:545} INFO - Filling up the DagBag from /opt/airflow/dags/loading_dag.py
[2026-09-17T22:38:22.333+0000] {processor.py:840} INFO - DAG(s) 'data_loading' retrieved from /opt/airflow/dags/loading_dag.py
[2026-09-17T22:38:22.361+0000] {logging_mixin.py:188} INFO - [2026-09-17T22:38:22.361+0000] {dag.py:3096} INFO - Sync 1 DAGs
[2026-09-17T22:38:22.384+0000] {logging_mixin.py:188} INFO - [2026-09-17T22:38:22.384+0000] {dag.py:3954} INFO - Setting next_dagrun for data_loading to None, run_after=None
[2026-09-17T22:38:22.409+0000] {processor.py:183} INFO - Processing /opt/airflow/dags/loading_dag.py took 0.096 seconds
[2026-09-17T22:38:53.152+0000] {processor.py:161} INFO - Started process (PID=680) to work on /opt/airflow/dags/loading_dag.py
[2026-09-17T22:38:53.157+0000] {processor.py:830} INFO - Processing file /opt/airflow/dags/loading_dag.py for tasks to queue
[2026-09-17T22:38:53.160+0000] {logging_mixin.py:188} INFO - [2026-09-17T22:38:53.159+0000] {dagbag.py:545} INFO - Filling up the DagBag from /opt/airflow/dags/loading_dag.py
[2026-09-17T22:38:53.176+0000] {processor.py:840} INFO - DAG(s) 'data_loading' retrieved from /opt/airflow/dags/loading_dag.py
[2026-09-17T22:38:53.211+0000] {logging_mixin.py:188} INFO - [2026-09-17T22:38:53.211+0000] {dag.py:3096} INFO - Sync 1 DAGs
[2026-09-17T22:38:53.236+0000] {logging_mixin.py:188} INFO - [2026-09-17T22:38:53.236+0000] {dag.py:3954} INFO - Setting next_dagrun for data_loading to None, run_after=None
[2026-09-17T22:38:53.263+0000] {processor.py:183} INFO - Processing /opt/airflow/dags/loading_dag.py took 0.119 seconds
[2026-09-17T22:39:24.044+0000] {processor.py:161} INFO - Started process (PID=688) to work on /opt/airflow/dags/loading_dag.py
[2026-09-17T22:39:24.046+0000] {processor.py:830} INFO - Processing file /opt/airflow/dags/loading_dag.py for tasks to queue
[2026-09-17T22:39:24.049+0000] {logging_mixin.py:188} INFO - [2026-09-17T22:39:24.048+0000] {dagbag.py:545} INFO - Filling up the DagBag from /opt/airflow/dags/loading_dag.py
[2026-09-17T22:39:24.064+0000] {processor.py:840} INFO - DAG(s) 'data_loading' retrieved from /opt/airflow/dags/loading_dag.py
[2026-09-17T22:39:24.097+0000] {logging_mixin.py:188} INFO - [2026-09-17T22:39:24.097+0000] {dag.py:3096} INFO - Sync 1 DAGs
[2026-09-17T22:39:24.121+0000] {logging_mixin.py:188} INFO - [2026-09-17T22:39:24.121+0000] {dag.py:3954} INFO - Setting next_dagrun for data_loading to None, run_after=None
[2026-09-17T22:39:24.146+0000] {processor.py:183} INFO - Processing /opt/airflow/dags/loading_dag.py took 0.115 seconds
[2026-09-17T22:39:54.926+0000] {processor.py:161} INFO - Started process (PID=696) to work on /opt/airflow/dags/loading_dag.py
[2026-09-17T22:39:54.932+0000] {processor.py:830} INFO - Processing file /opt/airflow/dags/loading_dag.py for tasks to queue
[2026-09-17T22:39:54.934+0000] {logging_mixin.py:188} INFO - [2026-09-17T22:39:54.934+0000] {dagbag.py:545} INFO - Filling up the DagBag from /opt/airflow/dags/loading_dag.py
[2026-09-17T22:39:54.947+0000] {processor.py:840} INFO - DAG(s) 'data_loading' retrieved from /opt/airflow/dags/loading_dag.py
[2026-09-17T22:39:54.984+0000] {logging_mixin.py:188} INFO - [2026-09-17T22:39:54.984+0000] {dag.py:3096} INFO - Sync 1 DAGs
[2026-09-17T22:39:55.008+0000] {logging_mixin.py:188} INFO - [2026-09-17T22:39:55.007+0000] {dag.py:3954} INFO - Setting next_dagrun for data_loading to None, run_after=None
[2026-09-17T22:39:55.038+0000] {processor.py:183} INFO - Processing /opt/airflow/dags/loading_dag.py took 0.120 seconds
[2026-09-17T22:40:25.859+0000] {processor.py:161} INFO - Started process (PID=704) to work on /opt/airflow/dags/loading_dag.py
[2026-09-17T22:40:25.861+0000] {processor.py:830} INFO - Processing file /opt/airflow/dags/loading_dag.py for tasks to queue
[2026-09-17T22:40:25.863+0000] {logging_mixin.py:188} INFO - [2026-09-17T22:40:25.863+0000] {dagbag.py:545} INFO - Filling up the DagBag from /opt/airflow/dags/loading_dag.py
[2026-09-17T22:40:25.876+0000] {processor.py:840} INFO - DAG(s) 'data_loading' retrieved from /opt/airflow/dags/loading_dag.py
[2026-09-17T22:40:25.909+0000] {logging_mixin.py:188} INFO - [2026-09-17T22:40:25.909+0000] {dag.py:3096} INFO - Sync 1 DAGs
[2026-09-17T22:40:25.933+0000] {logging_mixin.py:188} INFO - [2026-09-17T22:40:25.933+0000] {dag.py:3954} INFO - Setting next_dagrun for data_loading to None, run_after=None
[2026-09-17T22:40:25.965+0000] {processor.py:183} INFO - Processing /opt/airflow/dags/loading_dag.py took 0.117 seconds
[2026-09-17T22:40:56.730+0000] {processor.py:161} INFO - Started process (PID=718) to work on /opt/airflow/dags/loading_dag.py
[2026-09-17T22:40:56.736+0000] {processor.py:830} INFO - Processing file /opt/airflow/dags/loading_dag.py for tasks to queue
[2026-09-17T22:40:56.738+0000] {logging_mixin.py:188} INFO - [2026-09-17T22:40:56.738+0000] {dagbag.py:545} INFO - Filling up the DagBag from /opt/airflow/dags/loading_dag.py
[2026-09-17T22:40:56.749+0000] {processor.py:840} INFO - DAG(s) 'data_loading' retrieved from /opt/airflow/dags/loading_dag.py
[2026-09-17T22:40:56.778+0000] {logging_mixin.py:188} INFO - [2026-09-17T22:40:56.778+0000] {dag.py:3096} INFO - Sync 1 DAGs
[2026-09-17T22:40:56.797+0000] {logging_mixin.py:188} INFO - [2026-09-17T22:40:56.797+0000] {dag.py:3954} INFO - Setting next_dagrun for data_loading to None, run_after=None
[2026-09-17T22:40:56.819+0000] {processor.py:183} INFO - Processing /opt/airflow/dags/loading_dag.py took 0.098 seconds
[2026-09-17T22:41:27.417+0000] {processor.py:161} INFO - Started process (PID=731) to work on /opt/airflow/dags/loading_dag.py
[2026-09-17T22:41:27.419+0000] {processor.py:830} INFO - Processing file /opt/airflow/dags/loading_dag.py for tasks to queue
[2026-09-17T22:41:27.422+0000] {logging_mixin.py:188} INFO - [2026-09-17T22:41:27.421+0000] {dagbag.py:545} INFO - Filling up the DagBag from /opt/airflow/dags/loading_dag.py
[2026-09-17T22:41:27.437+0000] {processor.py:840} INFO - DAG(s) 'data_loading' retrieved from /opt/airflow/dags/loading_dag.py
[2026-09-17T22:41:27.466+0000] {logging_mixin.py:188} INFO - [2026-09-17T22:41:27.466+0000] {dag.py:3096} INFO - Sync 1 DAGs
[2026-09-17T22:41:27.489+0000] {logging_mixin.py:188} INFO - [2026-09-17T22:41:27.489+0000] {dag.py:3954} INFO - Setting next_dagrun for data_loading to None, run_after=None
[2026-09-17T22:41:27.512+0000] {processor.py:183} INFO - Processing /opt/airflow/dags/loading_dag.py took 0.103 seconds
[2026-09-17T22:41:57.863+0000] {processor.py:161} INFO - Started process (PID=739) to work on /opt/airflow/dags/loading_dag.py
[2026-09-17T22:41:57.869+0000] {processor.py:830} INFO - Processing file /opt/airflow/dags/loading_dag.py for tasks to queue
[2026-09-17T22:41:57.871+0000] {logging_mixin.py:188} INFO - [2026-09-17T22:41:57.871+0000] {dagbag.py:545} INFO - Filling up the DagBag from /opt/airflow/dags/loading_dag.py
[2026-09-17T22:41:57.882+0000] {processor.py:840} INFO - DAG(s) 'data_loading' retrieved from /opt/airflow/dags/loading_dag.py
[2026-09-17T22:41:57.910+0000] {logging_mixin.py:188} INFO - [2026-09-17T22:41:57.910+0000] {dag.py:3096} INFO - Sync 1 DAGs
[2026-09-17T22:41:57.931+0000] {logging_mixin.py:188} INFO - [2026-09-17T22:41:57.931+0000] {dag.py:3954} INFO - Setting next_dagrun for data_loading to None, run_after=None
[2026-09-17T22:41:57.954+0000] {processor.py:183} INFO - Processing /opt/airflow/dags/loading_dag.py took 0.101 seconds
[2026-09-17T22:42:28.760+0000] {processor.py:161} INFO - Started process (PID=747) to work on /opt/airflow/dags/loading_dag.py
[2026-09-17T22:42:28.764+0000] {processor.py:830} INFO - Processing file /opt/airflow/dags/loading_dag.py for tasks to queue
[2026-09-17T22:42:28.771+0000] {logging_mixin.py:188} INFO - [2026-09-17T22:42:28.767+0000] {dagbag.py:545} INFO - Filling up the DagBag from /opt/airflow/dags/loading_dag.py
[2026-09-17T22:42:28.789+0000] {processor.py:840} INFO - DAG(s) 'data_loading' retrieved from /opt/airflow/dags/loading_dag.py
[2026-09-17T22:42:28.831+0000] {logging_mixin.py:188} INFO - [2026-09-17T22:42:28.831+0000] {dag.py:3096} INFO - Sync 1 DAGs
[2026-09-17T22:42:28.866+0000] {logging_mixin.py:188} INFO - [2026-09-17T22:42:28.866+0000] {dag.py:3954} INFO - Setting next_dagrun for data_loading to None, run_after=None
[2026-09-17T22:42:28.899+0000] {processor.py:183} INFO - Processing /opt/airflow/dags/loading_dag.py took 0.151 seconds
[2026-09-17T22:42:59.176+0000] {processor.py:161} INFO - Started process (PID=755) to work on /opt/airflow/dags/loading_dag.py
[2026-09-17T22:42:59.177+0000] {processor.py:830} INFO - Processing file /opt/airflow/dags/loading_dag.py for tasks to queue
[2026-09-17T22:42:59.179+0000] {logging_mixin.py:188} INFO - [2026-09-17T22:42:59.179+0000] {dagbag.py:545} INFO - Filling up the DagBag from /opt/airflow/dags/loading_dag.py
[2026-09-17T22:42:59.190+0000] {processor.py:840} INFO - DAG(s) 'data_loading' retrieved from /opt/airflow/dags/loading_dag.py
[2026-09-17T22:42:59.217+0000] {logging_mixin.py:188} INFO - [2026-09-17T22:42:59.217+0000] {dag.py:3096} INFO - Sync 1 DAGs
[2026-09-17T22:42:59.236+0000] {logging_mixin.py:188} INFO - [2026-09-17T22:42:59.236+0000] {dag.py:3954} INFO - Setting next_dagrun for data_loading to None, run_after=None
[2026-09-17T22:42:59.264+0000] {processor.py:183} INFO - Processing /opt/airflow/dags/loading_dag.py took 0.097 seconds
[2026-09-17T22:43:29.897+0000] {processor.py:161} INFO - Started process (PID=763) to work on /opt/airflow/dags/loading_dag.py
[2026-09-17T22:43:29.903+0000] {processor.py:830} INFO - Processing file /opt/airflow/dags/loading_dag.py for tasks to queue
[2026-09-17T22:43:29.905+0000] {logging_mixin.py:188} INFO - [2026-09-17T22:43:29.905+0000] {dagbag.py:545} INFO - Filling up the DagBag from /opt/airflow/dags/loading_dag.py
[2026-09-17T22:43:29.916+0000] {processor.py:840} INFO - DAG(s) 'data_loading' retrieved from /opt/airflow/dags/loading_dag.py
[2026-09-17T22:43:29.944+0000] {logging_mixin.py:188} INFO - [2026-09-17T22:43:29.944+0000] {dag.py:3096} INFO - Sync 1 DAGs
[2026-09-17T22:43:29.964+0000] {logging_mixin.py:188} INFO - [2026-09-17T22:43:29.963+0000] {dag.py:3954} INFO - Setting next_dagrun for data_loading to None, run_after=None
[2026-09-17T22:43:29.986+0000] {processor.py:183} INFO - Processing /opt/airflow/dags/loading_dag.py took 0.100 seconds
[2026-09-17T22:44:00.707+0000] {processor.py:161} INFO - Started process (PID=771) to work on /opt/airflow/dags/loading_dag.py
[2026-09-17T22:44:00.708+0000] {processor.py:830} INFO - Processing file /opt/airflow/dags/loading_dag.py for tasks to queue
[2026-09-17T22:44:00.711+0000] {logging_mixin.py:188} INFO - [2026-09-17T22:44:00.711+0000] {dagbag.py:545} INFO - Filling up the DagBag from /opt/airflow/dags/loading_dag.py
[2026-09-17T22:44:00.725+0000] {processor.py:840} INFO - DAG(s) 'data_loading' retrieved from /opt/airflow/dags/loading_dag.py
[2026-09-17T22:44:00.760+0000] {logging_mixin.py:188} INFO - [2026-09-17T22:44:00.760+0000] {dag.py:3096} INFO - Sync 1 DAGs
[2026-09-17T22:44:00.781+0000] {logging_mixin.py:188} INFO - [2026-09-17T22:44:00.781+0000] {dag.py:3954} INFO - Setting next_dagrun for data_loading to None, run_after=None
[2026-09-17T22:44:00.805+0000] {processor.py:183} INFO - Processing /opt/airflow/dags/loading_dag.py took 0.107 seconds
[2026-09-17T22:44:31.691+0000] {processor.py:161} INFO - Started process (PID=779) to work on /opt/airflow/dags/loading_dag.py
[2026-09-17T22:44:31.696+0000] {processor.py:830} INFO - Processing file /opt/airflow/dags/loading_dag.py for tasks to queue
[2026-09-17T22:44:31.699+0000] {logging_mixin.py:188} INFO - [2026-09-17T22:44:31.698+0000] {dagbag.py:545} INFO - Filling up the DagBag from /opt/airflow/dags/loading_dag.py
[2026-09-17T22:44:31.710+0000] {processor.py:840} INFO - DAG(s) 'data_loading' retrieved from /opt/airflow/dags/loading_dag.py
[2026-09-17T22:44:31.740+0000] {logging_mixin.py:188} INFO - [2026-09-17T22:44:31.740+0000] {dag.py:3096} INFO - Sync 1 DAGs
[2026-09-17T22:44:31.760+0000] {logging_mixin.py:188} INFO - [2026-09-17T22:44:31.760+0000] {dag.py:3954} INFO - Setting next_dagrun for data_loading to None, run_after=None
[2026-09-17T22:44:31.784+0000] {processor.py:183} INFO - Processing /opt/airflow/dags/loading_dag.py took 0.100 seconds
[2026-09-17T22:45:02.591+0000] {processor.py:161} INFO - Started process (PID=787) to work on /opt/airflow/dags/loading_dag.py
[2026-09-17T22:45:02.596+0000] {processor.py:830} INFO - Processing file /opt/airflow/dags/loading_dag.py for tasks to queue
[2026-09-17T22:45:02.598+0000] {logging_mixin.py:188} INFO - [2026-09-17T22:45:02.598+0000] {dagbag.py:545} INFO - Filling up the DagBag from /opt/airflow/dags/loading_dag.py
[2026-09-17T22:45:02.609+0000] {processor.py:840} INFO - DAG(s) 'data_loading' retrieved from /opt/airflow/dags/loading_dag.py
[2026-09-17T22:45:02.637+0000] {logging_mixin.py:188} INFO - [2026-09-17T22:45:02.636+0000] {dag.py:3096} INFO - Sync 1 DAGs
[2026-09-17T22:45:02.656+0000] {logging_mixin.py:188} INFO - [2026-09-17T22:45:02.656+0000] {dag.py:3954} INFO - Setting next_dagrun for data_loading to None, run_after=None
[2026-09-17T22:45:02.682+0000] {processor.py:183} INFO - Processing /opt/airflow/dags/loading_dag.py took 0.099 seconds
[2026-09-17T22:45:32.898+0000] {processor.py:161} INFO - Started process (PID=801) to work on /opt/airflow/dags/loading_dag.py
[2026-09-17T22:45:32.899+0000] {processor.py:830} INFO - Processing file /opt/airflow/dags/loading_dag.py for tasks to queue
[2026-09-17T22:45:32.902+0000] {logging_mixin.py:188} INFO - [2026-09-17T22:45:32.901+0000] {dagbag.py:545} INFO - Filling up the DagBag from /opt/airflow/dags/loading_dag.py
[2026-09-17T22:45:32.915+0000] {processor.py:840} INFO - DAG(s) 'data_loading' retrieved from /opt/airflow/dags/loading_dag.py
[2026-09-17T22:45:32.942+0000] {logging_mixin.py:188} INFO - [2026-09-17T22:45:32.941+0000] {dag.py:3096} INFO - Sync 1 DAGs
[2026-09-17T22:45:32.961+0000] {logging_mixin.py:188} INFO - [2026-09-17T22:45:32.961+0000] {dag.py:3954} INFO - Setting next_dagrun for data_loading to None, run_after=None
[2026-09-17T22:45:32.983+0000] {processor.py:183} INFO - Processing /opt/airflow/dags/loading_dag.py took 0.096 seconds
[2026-09-17T22:46:03.839+0000] {processor.py:161} INFO - Started process (PID=809) to work on /opt/airflow/dags/loading_dag.py
[2026-09-17T22:46:03.844+0000] {processor.py:830} INFO - Processing file /opt/airflow/dags/loading_dag.py for tasks to queue
[2026-09-17T22:46:03.846+0000] {logging_mixin.py:188} INFO - [2026-09-17T22:46:03.846+0000] {dagbag.py:545} INFO - Filling up the DagBag from /opt/airflow/dags/loading_dag.py
[2026-09-17T22:46:03.857+0000] {processor.py:840} INFO - DAG(s) 'data_loading' retrieved from /opt/airflow/dags/loading_dag.py
[2026-09-17T22:46:03.888+0000] {logging_mixin.py:188} INFO - [2026-09-17T22:46:03.887+0000] {dag.py:3096} INFO - Sync 1 DAGs
[2026-09-17T22:46:03.909+0000] {logging_mixin.py:188} INFO - [2026-09-17T22:46:03.909+0000] {dag.py:3954} INFO - Setting next_dagrun for data_loading to None, run_after=None
[2026-09-17T22:46:03.938+0000] {processor.py:183} INFO - Processing /opt/airflow/dags/loading_dag.py took 0.106 seconds
[2026-09-17T22:46:34.626+0000] {processor.py:161} INFO - Started process (PID=817) to work on /opt/airflow/dags/loading_dag.py
[2026-09-17T22:46:34.627+0000] {processor.py:830} INFO - Processing file /opt/airflow/dags/loading_dag.py for tasks to queue
[2026-09-17T22:46:34.629+0000] {logging_mixin.py:188} INFO - [2026-09-17T22:46:34.629+0000] {dagbag.py:545} INFO - Filling up the DagBag from /opt/airflow/dags/loading_dag.py
[2026-09-17T22:46:34.641+0000] {processor.py:840} INFO - DAG(s) 'data_loading' retrieved from /opt/airflow/dags/loading_dag.py
[2026-09-17T22:46:34.671+0000] {logging_mixin.py:188} INFO - [2026-09-17T22:46:34.671+0000] {dag.py:3096} INFO - Sync 1 DAGs
[2026-09-17T22:46:34.690+0000] {logging_mixin.py:188} INFO - [2026-09-17T22:46:34.690+0000] {dag.py:3954} INFO - Setting next_dagrun for data_loading to None, run_after=None
[2026-09-17T22:46:34.715+0000] {processor.py:183} INFO - Processing /opt/airflow/dags/loading_dag.py took 0.098 seconds
[2026-09-17T22:47:05.118+0000] {processor.py:161} INFO - Started process (PID=825) to work on /opt/airflow/dags/loading_dag.py
[2026-09-17T22:47:05.124+0000] {processor.py:830} INFO - Processing file /opt/airflow/dags/loading_dag.py for tasks to queue
[2026-09-17T22:47:05.127+0000] {logging_mixin.py:188} INFO - [2026-09-17T22:47:05.126+0000] {dagbag.py:545} INFO - Filling up the DagBag from /opt/airflow/dags/loading_dag.py
[2026-09-17T22:47:05.140+0000] {processor.py:840} INFO - DAG(s) 'data_loading' retrieved from /opt/airflow/dags/loading_dag.py
[2026-09-17T22:47:05.167+0000] {logging_mixin.py:188} INFO - [2026-09-17T22:47:05.167+0000] {dag.py:3096} INFO - Sync 1 DAGs
[2026-09-17T22:47:05.188+0000] {logging_mixin.py:188} INFO - [2026-09-17T22:47:05.187+0000] {dag.py:3954} INFO - Setting next_dagrun for data_loading to None, run_after=None
[2026-09-17T22:47:05.210+0000] {processor.py:183} INFO - Processing /opt/airflow/dags/loading_dag.py took 0.100 seconds
[2026-09-17T22:47:36.131+0000] {processor.py:161} INFO - Started process (PID=833) to work on /opt/airflow/dags/loading_dag.py
[2026-09-17T22:47:36.133+0000] {processor.py:830} INFO - Processing file /opt/airflow/dags/loading_dag.py for tasks to queue
[2026-09-17T22:47:36.136+0000] {logging_mixin.py:188} INFO - [2026-09-17T22:47:36.135+0000] {dagbag.py:545} INFO - Filling up the DagBag from /opt/airflow/dags/loading_dag.py
[2026-09-17T22:47:36.147+0000] {processor.py:840} INFO - DAG(s) 'data_loading' retrieved from /opt/airflow/dags/loading_dag.py
[2026-09-17T22:47:36.178+0000] {logging_mixin.py:188} INFO - [2026-09-17T22:47:36.178+0000] {dag.py:3096} INFO - Sync 1 DAGs
[2026-09-17T22:47:36.205+0000] {logging_mixin.py:188} INFO - [2026-09-17T22:47:36.205+0000] {dag.py:3954} INFO - Setting next_dagrun for data_loading to None, run_after=None
[2026-09-17T22:47:36.227+0000] {processor.py:183} INFO - Processing /opt/airflow/dags/loading_dag.py took 0.106 seconds
[2026-09-17T22:48:07.184+0000] {processor.py:161} INFO - Started process (PID=846) to work on /opt/airflow/dags/loading_dag.py
[2026-09-17T22:48:07.185+0000] {processor.py:830} INFO - Processing file /opt/airflow/dags/loading_dag.py for tasks to queue
[2026-09-17T22:48:07.188+0000] {logging_mixin.py:188} INFO - [2026-09-17T22:48:07.187+0000] {dagbag.py:545} INFO - Filling up the DagBag from /opt/airflow/dags/loading_dag.py
[2026-09-17T22:48:07.201+0000] {processor.py:840} INFO - DAG(s) 'data_loading' retrieved from /opt/airflow/dags/loading_dag.py
[2026-09-17T22:48:07.235+0000] {logging_mixin.py:188} INFO - [2026-09-17T22:48:07.234+0000] {dag.py:3096} INFO - Sync 1 DAGs
[2026-09-17T22:48:07.255+0000] {logging_mixin.py:188} INFO - [2026-09-17T22:48:07.255+0000] {dag.py:3954} INFO - Setting next_dagrun for data_loading to None, run_after=None
[2026-09-17T22:48:07.278+0000] {processor.py:183} INFO - Processing /opt/airflow/dags/loading_dag.py took 0.102 seconds
[2026-09-17T22:48:38.101+0000] {processor.py:161} INFO - Started process (PID=854) to work on /opt/airflow/dags/loading_dag.py
[2026-09-17T22:48:38.107+0000] {processor.py:830} INFO - Processing file /opt/airflow/dags/loading_dag.py for tasks to queue
[2026-09-17T22:48:38.108+0000] {logging_mixin.py:188} INFO - [2026-09-17T22:48:38.108+0000] {dagbag.py:545} INFO - Filling up the DagBag from /opt/airflow/dags/loading_dag.py
[2026-09-17T22:48:38.119+0000] {processor.py:840} INFO - DAG(s) 'data_loading' retrieved from /opt/airflow/dags/loading_dag.py
[2026-09-17T22:48:38.146+0000] {logging_mixin.py:188} INFO - [2026-09-17T22:48:38.145+0000] {dag.py:3096} INFO - Sync 1 DAGs
[2026-09-17T22:48:38.168+0000] {logging_mixin.py:188} INFO - [2026-09-17T22:48:38.168+0000] {dag.py:3954} INFO - Setting next_dagrun for data_loading to None, run_after=None
[2026-09-17T22:48:38.191+0000] {processor.py:183} INFO - Processing /opt/airflow/dags/loading_dag.py took 0.104 seconds
[2026-09-17T22:48:48.311+0000] {processor.py:161} INFO - Started process (PID=862) to work on /opt/airflow/dags/loading_dag.py
[2026-09-17T22:48:48.312+0000] {processor.py:830} INFO - Processing file /opt/airflow/dags/loading_dag.py for tasks to queue
[2026-09-17T22:48:48.314+0000] {logging_mixin.py:188} INFO - [2026-09-17T22:48:48.314+0000] {dagbag.py:545} INFO - Filling up the DagBag from /opt/airflow/dags/loading_dag.py
[2026-09-17T22:48:48.326+0000] {processor.py:840} INFO - DAG(s) 'data_loading' retrieved from /opt/airflow/dags/loading_dag.py
[2026-09-17T22:48:48.352+0000] {logging_mixin.py:188} INFO - [2026-09-17T22:48:48.352+0000] {dag.py:3096} INFO - Sync 1 DAGs
[2026-09-17T22:48:48.369+0000] {logging_mixin.py:188} INFO - [2026-09-17T22:48:48.369+0000] {dag.py:3954} INFO - Setting next_dagrun for data_loading to None, run_after=None
[2026-09-17T22:48:48.393+0000] {processor.py:183} INFO - Processing /opt/airflow/dags/loading_dag.py took 0.089 seconds
[2026-09-17T22:48:54.954+0000] {processor.py:161} INFO - Started process (PID=863) to work on /opt/airflow/dags/loading_dag.py
[2026-09-17T22:48:54.955+0000] {processor.py:830} INFO - Processing file /opt/airflow/dags/loading_dag.py for tasks to queue
[2026-09-17T22:48:54.957+0000] {logging_mixin.py:188} INFO - [2026-09-17T22:48:54.957+0000] {dagbag.py:545} INFO - Filling up the DagBag from /opt/airflow/dags/loading_dag.py
[2026-09-17T22:48:54.968+0000] {processor.py:840} INFO - DAG(s) 'data_loading' retrieved from /opt/airflow/dags/loading_dag.py
[2026-09-17T22:48:54.993+0000] {logging_mixin.py:188} INFO - [2026-09-17T22:48:54.993+0000] {dag.py:3096} INFO - Sync 1 DAGs
[2026-09-17T22:48:55.011+0000] {logging_mixin.py:188} INFO - [2026-09-17T22:48:55.011+0000] {dag.py:3954} INFO - Setting next_dagrun for data_loading to None, run_after=None
[2026-09-17T22:48:55.037+0000] {processor.py:183} INFO - Processing /opt/airflow/dags/loading_dag.py took 0.089 seconds
[2026-09-17T22:49:07.135+0000] {processor.py:161} INFO - Started process (PID=864) to work on /opt/airflow/dags/loading_dag.py
[2026-09-17T22:49:07.137+0000] {processor.py:830} INFO - Processing file /opt/airflow/dags/loading_dag.py for tasks to queue
[2026-09-17T22:49:07.139+0000] {logging_mixin.py:188} INFO - [2026-09-17T22:49:07.138+0000] {dagbag.py:545} INFO - Filling up the DagBag from /opt/airflow/dags/loading_dag.py
[2026-09-17T22:49:07.151+0000] {processor.py:840} INFO - DAG(s) 'data_loading' retrieved from /opt/airflow/dags/loading_dag.py
[2026-09-17T22:49:07.180+0000] {logging_mixin.py:188} INFO - [2026-09-17T22:49:07.180+0000] {dag.py:3096} INFO - Sync 1 DAGs
[2026-09-17T22:49:07.202+0000] {logging_mixin.py:188} INFO - [2026-09-17T22:49:07.202+0000] {dag.py:3954} INFO - Setting next_dagrun for data_loading to None, run_after=None
[2026-09-17T22:49:07.231+0000] {processor.py:183} INFO - Processing /opt/airflow/dags/loading_dag.py took 0.102 seconds
[2026-09-17T22:49:38.167+0000] {processor.py:161} INFO - Started process (PID=877) to work on /opt/airflow/dags/loading_dag.py
[2026-09-17T22:49:38.173+0000] {processor.py:830} INFO - Processing file /opt/airflow/dags/loading_dag.py for tasks to queue
[2026-09-17T22:49:38.175+0000] {logging_mixin.py:188} INFO - [2026-09-17T22:49:38.174+0000] {dagbag.py:545} INFO - Filling up the DagBag from /opt/airflow/dags/loading_dag.py
[2026-09-17T22:49:38.187+0000] {processor.py:840} INFO - DAG(s) 'data_loading' retrieved from /opt/airflow/dags/loading_dag.py
[2026-09-17T22:49:38.218+0000] {logging_mixin.py:188} INFO - [2026-09-17T22:49:38.217+0000] {dag.py:3096} INFO - Sync 1 DAGs
[2026-09-17T22:49:38.240+0000] {logging_mixin.py:188} INFO - [2026-09-17T22:49:38.240+0000] {dag.py:3954} INFO - Setting next_dagrun for data_loading to None, run_after=None
[2026-09-17T22:49:38.266+0000] {processor.py:183} INFO - Processing /opt/airflow/dags/loading_dag.py took 0.107 seconds
[2026-09-17T22:50:09.122+0000] {processor.py:161} INFO - Started process (PID=891) to work on /opt/airflow/dags/loading_dag.py
[2026-09-17T22:50:09.127+0000] {processor.py:830} INFO - Processing file /opt/airflow/dags/loading_dag.py for tasks to queue
[2026-09-17T22:50:09.129+0000] {logging_mixin.py:188} INFO - [2026-09-17T22:50:09.129+0000] {dagbag.py:545} INFO - Filling up the DagBag from /opt/airflow/dags/loading_dag.py
[2026-09-17T22:50:09.140+0000] {processor.py:840} INFO - DAG(s) 'data_loading' retrieved from /opt/airflow/dags/loading_dag.py
[2026-09-17T22:50:09.164+0000] {logging_mixin.py:188} INFO - [2026-09-17T22:50:09.164+0000] {dag.py:3096} INFO - Sync 1 DAGs
[2026-09-17T22:50:09.184+0000] {logging_mixin.py:188} INFO - [2026-09-17T22:50:09.184+0000] {dag.py:3954} INFO - Setting next_dagrun for data_loading to None, run_after=None
[2026-09-17T22:50:09.206+0000] {processor.py:183} INFO - Processing /opt/airflow/dags/loading_dag.py took 0.091 seconds
[2026-09-17T22:50:40.003+0000] {processor.py:161} INFO - Started process (PID=899) to work on /opt/airflow/dags/loading_dag.py
[2026-09-17T22:50:40.004+0000] {processor.py:830} INFO - Processing file /opt/airflow/dags/loading_dag.py for tasks to queue
[2026-09-17T22:50:40.007+0000] {logging_mixin.py:188} INFO - [2026-09-17T22:50:40.007+0000] {dagbag.py:545} INFO - Filling up the DagBag from /opt/airflow/dags/loading_dag.py
[2026-09-17T22:50:40.017+0000] {processor.py:840} INFO - DAG(s) 'data_loading' retrieved from /opt/airflow/dags/loading_dag.py
[2026-09-17T22:50:40.041+0000] {logging_mixin.py:188} INFO - [2026-09-17T22:50:40.041+0000] {dag.py:3096} INFO - Sync 1 DAGs
[2026-09-17T22:50:40.059+0000] {logging_mixin.py:188} INFO - [2026-09-17T22:50:40.058+0000] {dag.py:3954} INFO - Setting next_dagrun for data_loading to None, run_after=None
[2026-09-17T22:50:40.081+0000] {processor.py:183} INFO - Processing /opt/airflow/dags/loading_dag.py took 0.083 seconds
[2026-09-17T22:51:08.810+0000] {processor.py:161} INFO - Started process (PID=906) to work on /opt/airflow/dags/loading_dag.py
[2026-09-17T22:51:08.811+0000] {processor.py:830} INFO - Processing file /opt/airflow/dags/loading_dag.py for tasks to queue
[2026-09-17T22:51:08.813+0000] {logging_mixin.py:188} INFO - [2026-09-17T22:51:08.813+0000] {dagbag.py:545} INFO - Filling up the DagBag from /opt/airflow/dags/loading_dag.py
[2026-09-17T22:51:08.824+0000] {processor.py:840} INFO - DAG(s) 'data_loading' retrieved from /opt/airflow/dags/loading_dag.py
[2026-09-17T22:51:08.854+0000] {logging_mixin.py:188} INFO - [2026-09-17T22:51:08.853+0000] {dag.py:3096} INFO - Sync 1 DAGs
[2026-09-17T22:51:08.874+0000] {logging_mixin.py:188} INFO - [2026-09-17T22:51:08.874+0000] {dag.py:3954} INFO - Setting next_dagrun for data_loading to None, run_after=None
[2026-09-17T22:51:08.899+0000] {processor.py:183} INFO - Processing /opt/airflow/dags/loading_dag.py took 0.096 seconds
[2026-09-17T22:51:24.540+0000] {processor.py:161} INFO - Started process (PID=908) to work on /opt/airflow/dags/loading_dag.py
[2026-09-17T22:51:24.541+0000] {processor.py:830} INFO - Processing file /opt/airflow/dags/loading_dag.py for tasks to queue
[2026-09-17T22:51:24.544+0000] {logging_mixin.py:188} INFO - [2026-09-17T22:51:24.544+0000] {dagbag.py:545} INFO - Filling up the DagBag from /opt/airflow/dags/loading_dag.py
[2026-09-17T22:51:24.558+0000] {processor.py:840} INFO - DAG(s) 'data_loading' retrieved from /opt/airflow/dags/loading_dag.py
[2026-09-17T22:51:24.587+0000] {logging_mixin.py:188} INFO - [2026-09-17T22:51:24.587+0000] {dag.py:3096} INFO - Sync 1 DAGs
[2026-09-17T22:51:24.610+0000] {logging_mixin.py:188} INFO - [2026-09-17T22:51:24.609+0000] {dag.py:3954} INFO - Setting next_dagrun for data_loading to None, run_after=None
[2026-09-17T22:51:24.639+0000] {processor.py:183} INFO - Processing /opt/airflow/dags/loading_dag.py took 0.111 seconds
[2026-09-17T22:51:55.330+0000] {processor.py:161} INFO - Started process (PID=921) to work on /opt/airflow/dags/loading_dag.py
[2026-09-17T22:51:55.336+0000] {processor.py:830} INFO - Processing file /opt/airflow/dags/loading_dag.py for tasks to queue
[2026-09-17T22:51:55.337+0000] {logging_mixin.py:188} INFO - [2026-09-17T22:51:55.337+0000] {dagbag.py:545} INFO - Filling up the DagBag from /opt/airflow/dags/loading_dag.py
[2026-09-17T22:51:55.348+0000] {processor.py:840} INFO - DAG(s) 'data_loading' retrieved from /opt/airflow/dags/loading_dag.py
[2026-09-17T22:51:55.371+0000] {logging_mixin.py:188} INFO - [2026-09-17T22:51:55.371+0000] {dag.py:3096} INFO - Sync 1 DAGs
[2026-09-17T22:51:55.391+0000] {logging_mixin.py:188} INFO - [2026-09-17T22:51:55.390+0000] {dag.py:3954} INFO - Setting next_dagrun for data_loading to None, run_after=None
[2026-09-17T22:51:55.411+0000] {processor.py:183} INFO - Processing /opt/airflow/dags/loading_dag.py took 0.088 seconds
[2026-09-17T22:52:25.809+0000] {processor.py:161} INFO - Started process (PID=929) to work on /opt/airflow/dags/loading_dag.py
[2026-09-17T22:52:25.811+0000] {processor.py:830} INFO - Processing file /opt/airflow/dags/loading_dag.py for tasks to queue
[2026-09-17T22:52:25.813+0000] {logging_mixin.py:188} INFO - [2026-09-17T22:52:25.812+0000] {dagbag.py:545} INFO - Filling up the DagBag from /opt/airflow/dags/loading_dag.py
[2026-09-17T22:52:25.824+0000] {processor.py:840} INFO - DAG(s) 'data_loading' retrieved from /opt/airflow/dags/loading_dag.py
[2026-09-17T22:52:25.849+0000] {logging_mixin.py:188} INFO - [2026-09-17T22:52:25.848+0000] {dag.py:3096} INFO - Sync 1 DAGs
[2026-09-17T22:52:25.867+0000] {logging_mixin.py:188} INFO - [2026-09-17T22:52:25.867+0000] {dag.py:3954} INFO - Setting next_dagrun for data_loading to None, run_after=None
[2026-09-17T22:52:25.890+0000] {processor.py:183} INFO - Processing /opt/airflow/dags/loading_dag.py took 0.089 seconds
[2026-09-17T22:52:55.978+0000] {processor.py:161} INFO - Started process (PID=949) to work on /opt/airflow/dags/loading_dag.py
[2026-09-17T22:52:55.984+0000] {processor.py:830} INFO - Processing file /opt/airflow/dags/loading_dag.py for tasks to queue
[2026-09-17T22:52:55.986+0000] {logging_mixin.py:188} INFO - [2026-09-17T22:52:55.985+0000] {dagbag.py:545} INFO - Filling up the DagBag from /opt/airflow/dags/loading_dag.py
[2026-09-17T22:52:55.995+0000] {processor.py:840} INFO - DAG(s) 'data_loading' retrieved from /opt/airflow/dags/loading_dag.py
[2026-09-17T22:52:56.025+0000] {logging_mixin.py:188} INFO - [2026-09-17T22:52:56.024+0000] {dag.py:3096} INFO - Sync 1 DAGs
[2026-09-17T22:52:56.050+0000] {logging_mixin.py:188} INFO - [2026-09-17T22:52:56.050+0000] {dag.py:3954} INFO - Setting next_dagrun for data_loading to None, run_after=None
[2026-09-17T22:52:56.071+0000] {processor.py:183} INFO - Processing /opt/airflow/dags/loading_dag.py took 0.099 seconds
[2026-09-17T22:53:26.795+0000] {processor.py:161} INFO - Started process (PID=957) to work on /opt/airflow/dags/loading_dag.py
[2026-09-17T22:53:26.801+0000] {processor.py:830} INFO - Processing file /opt/airflow/dags/loading_dag.py for tasks to queue
[2026-09-17T22:53:26.803+0000] {logging_mixin.py:188} INFO - [2026-09-17T22:53:26.803+0000] {dagbag.py:545} INFO - Filling up the DagBag from /opt/airflow/dags/loading_dag.py
[2026-09-17T22:53:26.816+0000] {processor.py:840} INFO - DAG(s) 'data_loading' retrieved from /opt/airflow/dags/loading_dag.py
[2026-09-17T22:53:26.842+0000] {logging_mixin.py:188} INFO - [2026-09-17T22:53:26.842+0000] {dag.py:3096} INFO - Sync 1 DAGs
[2026-09-17T22:53:26.863+0000] {logging_mixin.py:188} INFO - [2026-09-17T22:53:26.862+0000] {dag.py:3954} INFO - Setting next_dagrun for data_loading to None, run_after=None
[2026-09-17T22:53:26.889+0000] {processor.py:183} INFO - Processing /opt/airflow/dags/loading_dag.py took 0.102 seconds
[2026-09-17T22:53:57.159+0000] {processor.py:161} INFO - Started process (PID=965) to work on /opt/airflow/dags/loading_dag.py
[2026-09-17T22:53:57.161+0000] {processor.py:830} INFO - Processing file /opt/airflow/dags/loading_dag.py for tasks to queue
[2026-09-17T22:53:57.164+0000] {logging_mixin.py:188} INFO - [2026-09-17T22:53:57.163+0000] {dagbag.py:545} INFO - Filling up the DagBag from /opt/airflow/dags/loading_dag.py
[2026-09-17T22:53:57.176+0000] {processor.py:840} INFO - DAG(s) 'data_loading' retrieved from /opt/airflow/dags/loading_dag.py
[2026-09-17T22:53:57.202+0000] {logging_mixin.py:188} INFO - [2026-09-17T22:53:57.202+0000] {dag.py:3096} INFO - Sync 1 DAGs
[2026-09-17T22:53:57.227+0000] {logging_mixin.py:188} INFO - [2026-09-17T22:53:57.227+0000] {dag.py:3954} INFO - Setting next_dagrun for data_loading to None, run_after=None
[2026-09-17T22:53:57.254+0000] {processor.py:183} INFO - Processing /opt/airflow/dags/loading_dag.py took 0.103 seconds
[2026-09-17T22:54:05.534+0000] {processor.py:161} INFO - Started process (PID=966) to work on /opt/airflow/dags/loading_dag.py
[2026-09-17T22:54:05.540+0000] {processor.py:830} INFO - Processing file /opt/airflow/dags/loading_dag.py for tasks to queue
[2026-09-17T22:54:05.542+0000] {logging_mixin.py:188} INFO - [2026-09-17T22:54:05.541+0000] {dagbag.py:545} INFO - Filling up the DagBag from /opt/airflow/dags/loading_dag.py
[2026-09-17T22:54:05.556+0000] {processor.py:840} INFO - DAG(s) 'data_loading' retrieved from /opt/airflow/dags/loading_dag.py
[2026-09-17T22:54:05.583+0000] {logging_mixin.py:188} INFO - [2026-09-17T22:54:05.583+0000] {dag.py:3096} INFO - Sync 1 DAGs
[2026-09-17T22:54:05.601+0000] {logging_mixin.py:188} INFO - [2026-09-17T22:54:05.601+0000] {dag.py:3954} INFO - Setting next_dagrun for data_loading to None, run_after=None
[2026-09-17T22:54:05.624+0000] {processor.py:183} INFO - Processing /opt/airflow/dags/loading_dag.py took 0.099 seconds
[2026-09-17T22:54:36.291+0000] {processor.py:161} INFO - Started process (PID=980) to work on /opt/airflow/dags/loading_dag.py
[2026-09-17T22:54:36.293+0000] {processor.py:830} INFO - Processing file /opt/airflow/dags/loading_dag.py for tasks to queue
[2026-09-17T22:54:36.296+0000] {logging_mixin.py:188} INFO - [2026-09-17T22:54:36.295+0000] {dagbag.py:545} INFO - Filling up the DagBag from /opt/airflow/dags/loading_dag.py
[2026-09-17T22:54:36.308+0000] {processor.py:840} INFO - DAG(s) 'data_loading' retrieved from /opt/airflow/dags/loading_dag.py
[2026-09-17T22:54:36.336+0000] {logging_mixin.py:188} INFO - [2026-09-17T22:54:36.335+0000] {dag.py:3096} INFO - Sync 1 DAGs
[2026-09-17T22:54:36.358+0000] {logging_mixin.py:188} INFO - [2026-09-17T22:54:36.358+0000] {dag.py:3954} INFO - Setting next_dagrun for data_loading to None, run_after=None
[2026-09-17T22:54:36.388+0000] {processor.py:183} INFO - Processing /opt/airflow/dags/loading_dag.py took 0.105 seconds
[2026-09-17T22:55:07.258+0000] {processor.py:161} INFO - Started process (PID=988) to work on /opt/airflow/dags/loading_dag.py
[2026-09-17T22:55:07.260+0000] {processor.py:830} INFO - Processing file /opt/airflow/dags/loading_dag.py for tasks to queue
[2026-09-17T22:55:07.262+0000] {logging_mixin.py:188} INFO - [2026-09-17T22:55:07.261+0000] {dagbag.py:545} INFO - Filling up the DagBag from /opt/airflow/dags/loading_dag.py
[2026-09-17T22:55:07.274+0000] {processor.py:840} INFO - DAG(s) 'data_loading' retrieved from /opt/airflow/dags/loading_dag.py
[2026-09-17T22:55:07.302+0000] {logging_mixin.py:188} INFO - [2026-09-17T22:55:07.302+0000] {dag.py:3096} INFO - Sync 1 DAGs
[2026-09-17T22:55:07.324+0000] {logging_mixin.py:188} INFO - [2026-09-17T22:55:07.324+0000] {dag.py:3954} INFO - Setting next_dagrun for data_loading to None, run_after=None
[2026-09-17T22:55:07.352+0000] {processor.py:183} INFO - Processing /opt/airflow/dags/loading_dag.py took 0.100 seconds
[2026-09-17T22:55:38.096+0000] {processor.py:161} INFO - Started process (PID=996) to work on /opt/airflow/dags/loading_dag.py
[2026-09-17T22:55:38.102+0000] {processor.py:830} INFO - Processing file /opt/airflow/dags/loading_dag.py for tasks to queue
[2026-09-17T22:55:38.104+0000] {logging_mixin.py:188} INFO - [2026-09-17T22:55:38.104+0000] {dagbag.py:545} INFO - Filling up the DagBag from /opt/airflow/dags/loading_dag.py
[2026-09-17T22:55:38.114+0000] {processor.py:840} INFO - DAG(s) 'data_loading' retrieved from /opt/airflow/dags/loading_dag.py
[2026-09-17T22:55:38.141+0000] {logging_mixin.py:188} INFO - [2026-09-17T22:55:38.141+0000] {dag.py:3096} INFO - Sync 1 DAGs
[2026-09-17T22:55:38.162+0000] {logging_mixin.py:188} INFO - [2026-09-17T22:55:38.162+0000] {dag.py:3954} INFO - Setting next_dagrun for data_loading to None, run_after=None
[2026-09-17T22:55:38.188+0000] {processor.py:183} INFO - Processing /opt/airflow/dags/loading_dag.py took 0.098 seconds
[2026-09-17T22:56:09.041+0000] {processor.py:161} INFO - Started process (PID=1010) to work on /opt/airflow/dags/loading_dag.py
[2026-09-17T22:56:09.042+0000] {processor.py:830} INFO - Processing file /opt/airflow/dags/loading_dag.py for tasks to queue
[2026-09-17T22:56:09.045+0000] {logging_mixin.py:188} INFO - [2026-09-17T22:56:09.044+0000] {dagbag.py:545} INFO - Filling up the DagBag from /opt/airflow/dags/loading_dag.py
[2026-09-17T22:56:09.058+0000] {processor.py:840} INFO - DAG(s) 'data_loading' retrieved from /opt/airflow/dags/loading_dag.py
[2026-09-17T22:56:09.085+0000] {logging_mixin.py:188} INFO - [2026-09-17T22:56:09.084+0000] {dag.py:3096} INFO - Sync 1 DAGs
[2026-09-17T22:56:09.105+0000] {logging_mixin.py:188} INFO - [2026-09-17T22:56:09.104+0000] {dag.py:3954} INFO - Setting next_dagrun for data_loading to None, run_after=None
[2026-09-17T22:56:09.131+0000] {processor.py:183} INFO - Processing /opt/airflow/dags/loading_dag.py took 0.097 seconds
[2026-09-17T22:56:39.768+0000] {processor.py:161} INFO - Started process (PID=1018) to work on /opt/airflow/dags/loading_dag.py
[2026-09-17T22:56:39.774+0000] {processor.py:830} INFO - Processing file /opt/airflow/dags/loading_dag.py for tasks to queue
[2026-09-17T22:56:39.776+0000] {logging_mixin.py:188} INFO - [2026-09-17T22:56:39.775+0000] {dagbag.py:545} INFO - Filling up the DagBag from /opt/airflow/dags/loading_dag.py
[2026-09-17T22:56:39.785+0000] {processor.py:840} INFO - DAG(s) 'data_loading' retrieved from /opt/airflow/dags/loading_dag.py
[2026-09-17T22:56:39.810+0000] {logging_mixin.py:188} INFO - [2026-09-17T22:56:39.810+0000] {dag.py:3096} INFO - Sync 1 DAGs
[2026-09-17T22:56:39.828+0000] {logging_mixin.py:188} INFO - [2026-09-17T22:56:39.828+0000] {dag.py:3954} INFO - Setting next_dagrun for data_loading to None, run_after=None
[2026-09-17T22:56:39.852+0000] {processor.py:183} INFO - Processing /opt/airflow/dags/loading_dag.py took 0.090 seconds
[2026-09-17T22:56:53.295+0000] {processor.py:161} INFO - Started process (PID=1020) to work on /opt/airflow/dags/loading_dag.py
[2026-09-17T22:56:53.297+0000] {processor.py:830} INFO - Processing file /opt/airflow/dags/loading_dag.py for tasks to queue
[2026-09-17T22:56:53.300+0000] {logging_mixin.py:188} INFO - [2026-09-17T22:56:53.299+0000] {dagbag.py:545} INFO - Filling up the DagBag from /opt/airflow/dags/loading_dag.py
[2026-09-17T22:56:53.319+0000] {processor.py:840} INFO - DAG(s) 'data_loading' retrieved from /opt/airflow/dags/loading_dag.py
[2026-09-17T22:56:53.345+0000] {logging_mixin.py:188} INFO - [2026-09-17T22:56:53.344+0000] {dag.py:3096} INFO - Sync 1 DAGs
[2026-09-17T22:56:53.363+0000] {logging_mixin.py:188} INFO - [2026-09-17T22:56:53.363+0000] {dag.py:3954} INFO - Setting next_dagrun for data_loading to None, run_after=None
[2026-09-17T22:56:53.387+0000] {processor.py:183} INFO - Processing /opt/airflow/dags/loading_dag.py took 0.100 seconds
[2026-09-17T22:57:01.420+0000] {processor.py:161} INFO - Started process (PID=1021) to work on /opt/airflow/dags/loading_dag.py
[2026-09-17T22:57:01.421+0000] {processor.py:830} INFO - Processing file /opt/airflow/dags/loading_dag.py for tasks to queue
[2026-09-17T22:57:01.423+0000] {logging_mixin.py:188} INFO - [2026-09-17T22:57:01.423+0000] {dagbag.py:545} INFO - Filling up the DagBag from /opt/airflow/dags/loading_dag.py
[2026-09-17T22:57:01.434+0000] {processor.py:840} INFO - DAG(s) 'data_loading' retrieved from /opt/airflow/dags/loading_dag.py
[2026-09-17T22:57:01.460+0000] {logging_mixin.py:188} INFO - [2026-09-17T22:57:01.460+0000] {dag.py:3096} INFO - Sync 1 DAGs
[2026-09-17T22:57:01.488+0000] {logging_mixin.py:188} INFO - [2026-09-17T22:57:01.487+0000] {dag.py:3954} INFO - Setting next_dagrun for data_loading to None, run_after=None
[2026-09-17T22:57:01.522+0000] {processor.py:183} INFO - Processing /opt/airflow/dags/loading_dag.py took 0.108 seconds
[2026-09-17T22:57:03.479+0000] {processor.py:161} INFO - Started process (PID=1028) to work on /opt/airflow/dags/loading_dag.py
[2026-09-17T22:57:03.480+0000] {processor.py:830} INFO - Processing file /opt/airflow/dags/loading_dag.py for tasks to queue
[2026-09-17T22:57:03.483+0000] {logging_mixin.py:188} INFO - [2026-09-17T22:57:03.483+0000] {dagbag.py:545} INFO - Filling up the DagBag from /opt/airflow/dags/loading_dag.py
[2026-09-17T22:57:03.509+0000] {processor.py:840} INFO - DAG(s) 'data_loading' retrieved from /opt/airflow/dags/loading_dag.py
[2026-09-17T22:57:03.563+0000] {logging_mixin.py:188} INFO - [2026-09-17T22:57:03.562+0000] {dag.py:3096} INFO - Sync 1 DAGs
[2026-09-17T22:57:03.609+0000] {logging_mixin.py:188} INFO - [2026-09-17T22:57:03.609+0000] {dag.py:3954} INFO - Setting next_dagrun for data_loading to None, run_after=None
[2026-09-17T22:57:03.651+0000] {processor.py:183} INFO - Processing /opt/airflow/dags/loading_dag.py took 0.183 seconds
[2026-09-17T22:57:08.598+0000] {processor.py:161} INFO - Started process (PID=1029) to work on /opt/airflow/dags/loading_dag.py
[2026-09-17T22:57:08.599+0000] {processor.py:830} INFO - Processing file /opt/airflow/dags/loading_dag.py for tasks to queue
[2026-09-17T22:57:08.600+0000] {logging_mixin.py:188} INFO - [2026-09-17T22:57:08.600+0000] {dagbag.py:545} INFO - Filling up the DagBag from /opt/airflow/dags/loading_dag.py
[2026-09-17T22:57:08.612+0000] {processor.py:840} INFO - DAG(s) 'data_loading' retrieved from /opt/airflow/dags/loading_dag.py
[2026-09-17T22:57:08.636+0000] {logging_mixin.py:188} INFO - [2026-09-17T22:57:08.636+0000] {dag.py:3096} INFO - Sync 1 DAGs
[2026-09-17T22:57:08.655+0000] {logging_mixin.py:188} INFO - [2026-09-17T22:57:08.654+0000] {dag.py:3954} INFO - Setting next_dagrun for data_loading to None, run_after=None
[2026-09-17T22:57:08.679+0000] {processor.py:183} INFO - Processing /opt/airflow/dags/loading_dag.py took 0.087 seconds
[2026-09-17T22:57:38.806+0000] {processor.py:161} INFO - Started process (PID=1042) to work on /opt/airflow/dags/loading_dag.py
[2026-09-17T22:57:38.812+0000] {processor.py:830} INFO - Processing file /opt/airflow/dags/loading_dag.py for tasks to queue
[2026-09-17T22:57:38.814+0000] {logging_mixin.py:188} INFO - [2026-09-17T22:57:38.814+0000] {dagbag.py:545} INFO - Filling up the DagBag from /opt/airflow/dags/loading_dag.py
[2026-09-17T22:57:38.824+0000] {processor.py:840} INFO - DAG(s) 'data_loading' retrieved from /opt/airflow/dags/loading_dag.py
[2026-09-17T22:57:38.856+0000] {logging_mixin.py:188} INFO - [2026-09-17T22:57:38.856+0000] {dag.py:3096} INFO - Sync 1 DAGs
[2026-09-17T22:57:38.880+0000] {logging_mixin.py:188} INFO - [2026-09-17T22:57:38.880+0000] {dag.py:3954} INFO - Setting next_dagrun for data_loading to None, run_after=None
[2026-09-17T22:57:38.911+0000] {processor.py:183} INFO - Processing /opt/airflow/dags/loading_dag.py took 0.113 seconds
[2026-09-17T22:58:09.540+0000] {processor.py:161} INFO - Started process (PID=1050) to work on /opt/airflow/dags/loading_dag.py
[2026-09-17T22:58:09.540+0000] {processor.py:830} INFO - Processing file /opt/airflow/dags/loading_dag.py for tasks to queue
[2026-09-17T22:58:09.542+0000] {logging_mixin.py:188} INFO - [2026-09-17T22:58:09.542+0000] {dagbag.py:545} INFO - Filling up the DagBag from /opt/airflow/dags/loading_dag.py
[2026-09-17T22:58:09.551+0000] {processor.py:840} INFO - DAG(s) 'data_loading' retrieved from /opt/airflow/dags/loading_dag.py
[2026-09-17T22:58:09.578+0000] {logging_mixin.py:188} INFO - [2026-09-17T22:58:09.578+0000] {dag.py:3096} INFO - Sync 1 DAGs
[2026-09-17T22:58:09.597+0000] {logging_mixin.py:188} INFO - [2026-09-17T22:58:09.596+0000] {dag.py:3954} INFO - Setting next_dagrun for data_loading to None, run_after=None
[2026-09-17T22:58:09.619+0000] {processor.py:183} INFO - Processing /opt/airflow/dags/loading_dag.py took 0.087 seconds
[2026-09-17T22:58:26.785+0000] {processor.py:161} INFO - Started process (PID=1059) to work on /opt/airflow/dags/loading_dag.py
[2026-09-17T22:58:26.791+0000] {processor.py:830} INFO - Processing file /opt/airflow/dags/loading_dag.py for tasks to queue
[2026-09-17T22:58:26.793+0000] {logging_mixin.py:188} INFO - [2026-09-17T22:58:26.792+0000] {dagbag.py:545} INFO - Filling up the DagBag from /opt/airflow/dags/loading_dag.py
[2026-09-17T22:58:26.804+0000] {processor.py:840} INFO - DAG(s) 'data_loading' retrieved from /opt/airflow/dags/loading_dag.py
[2026-09-17T22:58:26.838+0000] {logging_mixin.py:188} INFO - [2026-09-17T22:58:26.838+0000] {dag.py:3096} INFO - Sync 1 DAGs
[2026-09-17T22:58:26.867+0000] {logging_mixin.py:188} INFO - [2026-09-17T22:58:26.867+0000] {dag.py:3954} INFO - Setting next_dagrun for data_loading to None, run_after=None
[2026-09-17T22:58:26.899+0000] {processor.py:183} INFO - Processing /opt/airflow/dags/loading_dag.py took 0.120 seconds
[2026-09-17T22:58:31.973+0000] {processor.py:161} INFO - Started process (PID=1060) to work on /opt/airflow/dags/loading_dag.py
[2026-09-17T22:58:31.974+0000] {processor.py:830} INFO - Processing file /opt/airflow/dags/loading_dag.py for tasks to queue
[2026-09-17T22:58:31.976+0000] {logging_mixin.py:188} INFO - [2026-09-17T22:58:31.975+0000] {dagbag.py:545} INFO - Filling up the DagBag from /opt/airflow/dags/loading_dag.py
[2026-09-17T22:58:31.987+0000] {processor.py:840} INFO - DAG(s) 'data_loading' retrieved from /opt/airflow/dags/loading_dag.py
[2026-09-17T22:58:32.012+0000] {logging_mixin.py:188} INFO - [2026-09-17T22:58:32.012+0000] {dag.py:3096} INFO - Sync 1 DAGs
[2026-09-17T22:58:32.032+0000] {logging_mixin.py:188} INFO - [2026-09-17T22:58:32.032+0000] {dag.py:3954} INFO - Setting next_dagrun for data_loading to None, run_after=None
[2026-09-17T22:58:32.056+0000] {processor.py:183} INFO - Processing /opt/airflow/dags/loading_dag.py took 0.090 seconds
[2026-09-17T22:58:37.512+0000] {processor.py:161} INFO - Started process (PID=1061) to work on /opt/airflow/dags/loading_dag.py
[2026-09-17T22:58:37.514+0000] {processor.py:830} INFO - Processing file /opt/airflow/dags/loading_dag.py for tasks to queue
[2026-09-17T22:58:37.516+0000] {logging_mixin.py:188} INFO - [2026-09-17T22:58:37.515+0000] {dagbag.py:545} INFO - Filling up the DagBag from /opt/airflow/dags/loading_dag.py
[2026-09-17T22:58:37.530+0000] {processor.py:840} INFO - DAG(s) 'data_loading' retrieved from /opt/airflow/dags/loading_dag.py
[2026-09-17T22:58:37.555+0000] {logging_mixin.py:188} INFO - [2026-09-17T22:58:37.554+0000] {dag.py:3096} INFO - Sync 1 DAGs
[2026-09-17T22:58:37.574+0000] {logging_mixin.py:188} INFO - [2026-09-17T22:58:37.574+0000] {dag.py:3954} INFO - Setting next_dagrun for data_loading to None, run_after=None
[2026-09-17T22:58:37.599+0000] {processor.py:183} INFO - Processing /opt/airflow/dags/loading_dag.py took 0.095 seconds
[2026-09-17T22:58:46.641+0000] {processor.py:161} INFO - Started process (PID=1062) to work on /opt/airflow/dags/loading_dag.py
[2026-09-17T22:58:46.642+0000] {processor.py:830} INFO - Processing file /opt/airflow/dags/loading_dag.py for tasks to queue
[2026-09-17T22:58:46.644+0000] {logging_mixin.py:188} INFO - [2026-09-17T22:58:46.643+0000] {dagbag.py:545} INFO - Filling up the DagBag from /opt/airflow/dags/loading_dag.py
[2026-09-17T22:58:46.657+0000] {processor.py:840} INFO - DAG(s) 'data_loading' retrieved from /opt/airflow/dags/loading_dag.py
[2026-09-17T22:58:46.683+0000] {logging_mixin.py:188} INFO - [2026-09-17T22:58:46.683+0000] {dag.py:3096} INFO - Sync 1 DAGs
[2026-09-17T22:58:46.703+0000] {logging_mixin.py:188} INFO - [2026-09-17T22:58:46.702+0000] {dag.py:3954} INFO - Setting next_dagrun for data_loading to None, run_after=None
[2026-09-17T22:58:46.729+0000] {processor.py:183} INFO - Processing /opt/airflow/dags/loading_dag.py took 0.095 seconds
[2026-09-17T22:59:17.358+0000] {processor.py:161} INFO - Started process (PID=1075) to work on /opt/airflow/dags/loading_dag.py
[2026-09-17T22:59:17.364+0000] {processor.py:830} INFO - Processing file /opt/airflow/dags/loading_dag.py for tasks to queue
[2026-09-17T22:59:17.366+0000] {logging_mixin.py:188} INFO - [2026-09-17T22:59:17.365+0000] {dagbag.py:545} INFO - Filling up the DagBag from /opt/airflow/dags/loading_dag.py
[2026-09-17T22:59:17.375+0000] {processor.py:840} INFO - DAG(s) 'data_loading' retrieved from /opt/airflow/dags/loading_dag.py
[2026-09-17T22:59:17.401+0000] {logging_mixin.py:188} INFO - [2026-09-17T22:59:17.401+0000] {dag.py:3096} INFO - Sync 1 DAGs
[2026-09-17T22:59:17.420+0000] {logging_mixin.py:188} INFO - [2026-09-17T22:59:17.420+0000] {dag.py:3954} INFO - Setting next_dagrun for data_loading to None, run_after=None
[2026-09-17T22:59:17.442+0000] {processor.py:183} INFO - Processing /opt/airflow/dags/loading_dag.py took 0.090 seconds
[2026-09-17T22:59:41.112+0000] {processor.py:161} INFO - Started process (PID=1083) to work on /opt/airflow/dags/loading_dag.py
[2026-09-17T22:59:41.113+0000] {processor.py:830} INFO - Processing file /opt/airflow/dags/loading_dag.py for tasks to queue
[2026-09-17T22:59:41.115+0000] {logging_mixin.py:188} INFO - [2026-09-17T22:59:41.114+0000] {dagbag.py:545} INFO - Filling up the DagBag from /opt/airflow/dags/loading_dag.py
[2026-09-17T22:59:41.127+0000] {processor.py:840} INFO - DAG(s) 'data_loading' retrieved from /opt/airflow/dags/loading_dag.py
[2026-09-17T22:59:41.152+0000] {logging_mixin.py:188} INFO - [2026-09-17T22:59:41.152+0000] {dag.py:3096} INFO - Sync 1 DAGs
[2026-09-17T22:59:41.174+0000] {logging_mixin.py:188} INFO - [2026-09-17T22:59:41.174+0000] {dag.py:3954} INFO - Setting next_dagrun for data_loading to None, run_after=None
[2026-09-17T22:59:41.204+0000] {processor.py:183} INFO - Processing /opt/airflow/dags/loading_dag.py took 0.099 seconds
[2026-09-17T22:59:45.184+0000] {processor.py:161} INFO - Started process (PID=1084) to work on /opt/airflow/dags/loading_dag.py
[2026-09-17T22:59:45.185+0000] {processor.py:830} INFO - Processing file /opt/airflow/dags/loading_dag.py for tasks to queue
[2026-09-17T22:59:45.187+0000] {logging_mixin.py:188} INFO - [2026-09-17T22:59:45.187+0000] {dagbag.py:545} INFO - Filling up the DagBag from /opt/airflow/dags/loading_dag.py
[2026-09-17T22:59:45.200+0000] {processor.py:840} INFO - DAG(s) 'data_loading' retrieved from /opt/airflow/dags/loading_dag.py
[2026-09-17T22:59:45.229+0000] {logging_mixin.py:188} INFO - [2026-09-17T22:59:45.229+0000] {dag.py:3096} INFO - Sync 1 DAGs
[2026-09-17T22:59:45.250+0000] {logging_mixin.py:188} INFO - [2026-09-17T22:59:45.249+0000] {dag.py:3954} INFO - Setting next_dagrun for data_loading to None, run_after=None
[2026-09-17T22:59:45.277+0000] {processor.py:183} INFO - Processing /opt/airflow/dags/loading_dag.py took 0.101 seconds
[2026-09-17T22:59:56.741+0000] {processor.py:161} INFO - Started process (PID=1092) to work on /opt/airflow/dags/loading_dag.py
[2026-09-17T22:59:56.743+0000] {processor.py:830} INFO - Processing file /opt/airflow/dags/loading_dag.py for tasks to queue
[2026-09-17T22:59:56.746+0000] {logging_mixin.py:188} INFO - [2026-09-17T22:59:56.745+0000] {dagbag.py:545} INFO - Filling up the DagBag from /opt/airflow/dags/loading_dag.py
[2026-09-17T22:59:56.759+0000] {processor.py:840} INFO - DAG(s) 'data_loading' retrieved from /opt/airflow/dags/loading_dag.py
[2026-09-17T22:59:56.788+0000] {logging_mixin.py:188} INFO - [2026-09-17T22:59:56.787+0000] {dag.py:3096} INFO - Sync 1 DAGs
[2026-09-17T22:59:56.809+0000] {logging_mixin.py:188} INFO - [2026-09-17T22:59:56.808+0000] {dag.py:3954} INFO - Setting next_dagrun for data_loading to None, run_after=None
[2026-09-17T22:59:56.853+0000] {processor.py:183} INFO - Processing /opt/airflow/dags/loading_dag.py took 0.121 seconds
[2026-09-17T23:00:27.597+0000] {processor.py:161} INFO - Started process (PID=1105) to work on /opt/airflow/dags/loading_dag.py
[2026-09-17T23:00:27.602+0000] {processor.py:830} INFO - Processing file /opt/airflow/dags/loading_dag.py for tasks to queue
[2026-09-17T23:00:27.605+0000] {logging_mixin.py:188} INFO - [2026-09-17T23:00:27.604+0000] {dagbag.py:545} INFO - Filling up the DagBag from /opt/airflow/dags/loading_dag.py
[2026-09-17T23:00:27.617+0000] {processor.py:840} INFO - DAG(s) 'data_loading' retrieved from /opt/airflow/dags/loading_dag.py
[2026-09-17T23:00:27.649+0000] {logging_mixin.py:188} INFO - [2026-09-17T23:00:27.648+0000] {dag.py:3096} INFO - Sync 1 DAGs
[2026-09-17T23:00:27.678+0000] {logging_mixin.py:188} INFO - [2026-09-17T23:00:27.678+0000] {dag.py:3954} INFO - Setting next_dagrun for data_loading to None, run_after=None
[2026-09-17T23:00:27.701+0000] {processor.py:183} INFO - Processing /opt/airflow/dags/loading_dag.py took 0.114 seconds
[2026-09-17T23:00:48.857+0000] {processor.py:161} INFO - Started process (PID=1112) to work on /opt/airflow/dags/loading_dag.py
[2026-09-17T23:00:48.858+0000] {processor.py:830} INFO - Processing file /opt/airflow/dags/loading_dag.py for tasks to queue
[2026-09-17T23:00:48.860+0000] {logging_mixin.py:188} INFO - [2026-09-17T23:00:48.859+0000] {dagbag.py:545} INFO - Filling up the DagBag from /opt/airflow/dags/loading_dag.py
[2026-09-17T23:00:48.871+0000] {processor.py:840} INFO - DAG(s) 'data_loading' retrieved from /opt/airflow/dags/loading_dag.py
[2026-09-17T23:00:48.903+0000] {logging_mixin.py:188} INFO - [2026-09-17T23:00:48.902+0000] {dag.py:3096} INFO - Sync 1 DAGs
[2026-09-17T23:00:48.931+0000] {logging_mixin.py:188} INFO - [2026-09-17T23:00:48.931+0000] {dag.py:3954} INFO - Setting next_dagrun for data_loading to None, run_after=None
[2026-09-17T23:00:48.961+0000] {processor.py:183} INFO - Processing /opt/airflow/dags/loading_dag.py took 0.112 seconds
[2026-09-17T23:00:54.329+0000] {processor.py:161} INFO - Started process (PID=1113) to work on /opt/airflow/dags/loading_dag.py
[2026-09-17T23:00:54.330+0000] {processor.py:830} INFO - Processing file /opt/airflow/dags/loading_dag.py for tasks to queue
[2026-09-17T23:00:54.331+0000] {logging_mixin.py:188} INFO - [2026-09-17T23:00:54.331+0000] {dagbag.py:545} INFO - Filling up the DagBag from /opt/airflow/dags/loading_dag.py
[2026-09-17T23:00:54.350+0000] {processor.py:840} INFO - DAG(s) 'data_loading' retrieved from /opt/airflow/dags/loading_dag.py
[2026-09-17T23:00:54.376+0000] {logging_mixin.py:188} INFO - [2026-09-17T23:00:54.376+0000] {dag.py:3096} INFO - Sync 1 DAGs
[2026-09-17T23:00:54.397+0000] {logging_mixin.py:188} INFO - [2026-09-17T23:00:54.397+0000] {dag.py:3954} INFO - Setting next_dagrun for data_loading to None, run_after=None
[2026-09-17T23:00:54.422+0000] {processor.py:183} INFO - Processing /opt/airflow/dags/loading_dag.py took 0.101 seconds
[2026-09-17T23:01:25.047+0000] {processor.py:161} INFO - Started process (PID=1126) to work on /opt/airflow/dags/loading_dag.py
[2026-09-17T23:01:25.052+0000] {processor.py:830} INFO - Processing file /opt/airflow/dags/loading_dag.py for tasks to queue
[2026-09-17T23:01:25.056+0000] {logging_mixin.py:188} INFO - [2026-09-17T23:01:25.054+0000] {dagbag.py:545} INFO - Filling up the DagBag from /opt/airflow/dags/loading_dag.py
[2026-09-17T23:01:25.069+0000] {processor.py:840} INFO - DAG(s) 'data_loading' retrieved from /opt/airflow/dags/loading_dag.py
[2026-09-17T23:01:25.098+0000] {logging_mixin.py:188} INFO - [2026-09-17T23:01:25.097+0000] {dag.py:3096} INFO - Sync 1 DAGs
[2026-09-17T23:01:25.121+0000] {logging_mixin.py:188} INFO - [2026-09-17T23:01:25.120+0000] {dag.py:3954} INFO - Setting next_dagrun for data_loading to None, run_after=None
[2026-09-17T23:01:25.148+0000] {processor.py:183} INFO - Processing /opt/airflow/dags/loading_dag.py took 0.109 seconds
[2026-09-17T23:01:55.778+0000] {processor.py:161} INFO - Started process (PID=1134) to work on /opt/airflow/dags/loading_dag.py
[2026-09-17T23:01:55.779+0000] {processor.py:830} INFO - Processing file /opt/airflow/dags/loading_dag.py for tasks to queue
[2026-09-17T23:01:55.780+0000] {logging_mixin.py:188} INFO - [2026-09-17T23:01:55.780+0000] {dagbag.py:545} INFO - Filling up the DagBag from /opt/airflow/dags/loading_dag.py
[2026-09-17T23:01:55.791+0000] {processor.py:840} INFO - DAG(s) 'data_loading' retrieved from /opt/airflow/dags/loading_dag.py
[2026-09-17T23:01:55.819+0000] {logging_mixin.py:188} INFO - [2026-09-17T23:01:55.818+0000] {dag.py:3096} INFO - Sync 1 DAGs
[2026-09-17T23:01:55.840+0000] {logging_mixin.py:188} INFO - [2026-09-17T23:01:55.840+0000] {dag.py:3954} INFO - Setting next_dagrun for data_loading to None, run_after=None
[2026-09-17T23:01:55.870+0000] {processor.py:183} INFO - Processing /opt/airflow/dags/loading_dag.py took 0.100 seconds
[2026-09-17T23:02:26.882+0000] {processor.py:161} INFO - Started process (PID=1142) to work on /opt/airflow/dags/loading_dag.py
[2026-09-17T23:02:26.887+0000] {processor.py:830} INFO - Processing file /opt/airflow/dags/loading_dag.py for tasks to queue
[2026-09-17T23:02:26.889+0000] {logging_mixin.py:188} INFO - [2026-09-17T23:02:26.889+0000] {dagbag.py:545} INFO - Filling up the DagBag from /opt/airflow/dags/loading_dag.py
[2026-09-17T23:02:26.902+0000] {processor.py:840} INFO - DAG(s) 'data_loading' retrieved from /opt/airflow/dags/loading_dag.py
[2026-09-17T23:02:26.928+0000] {logging_mixin.py:188} INFO - [2026-09-17T23:02:26.928+0000] {dag.py:3096} INFO - Sync 1 DAGs
[2026-09-17T23:02:26.949+0000] {logging_mixin.py:188} INFO - [2026-09-17T23:02:26.948+0000] {dag.py:3954} INFO - Setting next_dagrun for data_loading to None, run_after=None
[2026-09-17T23:02:26.969+0000] {processor.py:183} INFO - Processing /opt/airflow/dags/loading_dag.py took 0.094 seconds
[2026-09-17T23:02:47.489+0000] {processor.py:161} INFO - Started process (PID=1150) to work on /opt/airflow/dags/loading_dag.py
[2026-09-17T23:02:47.490+0000] {processor.py:830} INFO - Processing file /opt/airflow/dags/loading_dag.py for tasks to queue
[2026-09-17T23:02:47.492+0000] {logging_mixin.py:188} INFO - [2026-09-17T23:02:47.491+0000] {dagbag.py:545} INFO - Filling up the DagBag from /opt/airflow/dags/loading_dag.py
[2026-09-17T23:02:47.502+0000] {processor.py:840} INFO - DAG(s) 'data_loading' retrieved from /opt/airflow/dags/loading_dag.py
[2026-09-17T23:02:47.527+0000] {logging_mixin.py:188} INFO - [2026-09-17T23:02:47.527+0000] {dag.py:3096} INFO - Sync 1 DAGs
[2026-09-17T23:02:47.546+0000] {logging_mixin.py:188} INFO - [2026-09-17T23:02:47.545+0000] {dag.py:3954} INFO - Setting next_dagrun for data_loading to None, run_after=None
[2026-09-17T23:02:47.575+0000] {processor.py:183} INFO - Processing /opt/airflow/dags/loading_dag.py took 0.092 seconds
[2026-09-17T23:02:57.640+0000] {processor.py:161} INFO - Started process (PID=1151) to work on /opt/airflow/dags/loading_dag.py
[2026-09-17T23:02:57.641+0000] {processor.py:830} INFO - Processing file /opt/airflow/dags/loading_dag.py for tasks to queue
[2026-09-17T23:02:57.643+0000] {logging_mixin.py:188} INFO - [2026-09-17T23:02:57.643+0000] {dagbag.py:545} INFO - Filling up the DagBag from /opt/airflow/dags/loading_dag.py
[2026-09-17T23:02:57.655+0000] {processor.py:840} INFO - DAG(s) 'data_loading' retrieved from /opt/airflow/dags/loading_dag.py
[2026-09-17T23:02:57.692+0000] {logging_mixin.py:188} INFO - [2026-09-17T23:02:57.692+0000] {dag.py:3096} INFO - Sync 1 DAGs
[2026-09-17T23:02:57.725+0000] {logging_mixin.py:188} INFO - [2026-09-17T23:02:57.725+0000] {dag.py:3954} INFO - Setting next_dagrun for data_loading to None, run_after=None
[2026-09-17T23:02:57.756+0000] {processor.py:183} INFO - Processing /opt/airflow/dags/loading_dag.py took 0.122 seconds
[2026-09-17T23:02:58.692+0000] {processor.py:161} INFO - Started process (PID=1153) to work on /opt/airflow/dags/loading_dag.py
[2026-09-17T23:02:58.693+0000] {processor.py:830} INFO - Processing file /opt/airflow/dags/loading_dag.py for tasks to queue
[2026-09-17T23:02:58.695+0000] {logging_mixin.py:188} INFO - [2026-09-17T23:02:58.695+0000] {dagbag.py:545} INFO - Filling up the DagBag from /opt/airflow/dags/loading_dag.py
[2026-09-17T23:02:58.710+0000] {processor.py:840} INFO - DAG(s) 'data_loading' retrieved from /opt/airflow/dags/loading_dag.py
[2026-09-17T23:02:58.736+0000] {logging_mixin.py:188} INFO - [2026-09-17T23:02:58.736+0000] {dag.py:3096} INFO - Sync 1 DAGs
[2026-09-17T23:02:58.755+0000] {logging_mixin.py:188} INFO - [2026-09-17T23:02:58.755+0000] {dag.py:3954} INFO - Setting next_dagrun for data_loading to None, run_after=None
[2026-09-17T23:02:58.787+0000] {processor.py:183} INFO - Processing /opt/airflow/dags/loading_dag.py took 0.105 seconds
[2026-09-17T23:03:05.875+0000] {processor.py:161} INFO - Started process (PID=1160) to work on /opt/airflow/dags/loading_dag.py
[2026-09-17T23:03:05.876+0000] {processor.py:830} INFO - Processing file /opt/airflow/dags/loading_dag.py for tasks to queue
[2026-09-17T23:03:05.877+0000] {logging_mixin.py:188} INFO - [2026-09-17T23:03:05.877+0000] {dagbag.py:545} INFO - Filling up the DagBag from /opt/airflow/dags/loading_dag.py
[2026-09-17T23:03:05.889+0000] {processor.py:840} INFO - DAG(s) 'data_loading' retrieved from /opt/airflow/dags/loading_dag.py
[2026-09-17T23:03:05.914+0000] {logging_mixin.py:188} INFO - [2026-09-17T23:03:05.913+0000] {dag.py:3096} INFO - Sync 1 DAGs
[2026-09-17T23:03:05.933+0000] {logging_mixin.py:188} INFO - [2026-09-17T23:03:05.932+0000] {dag.py:3954} INFO - Setting next_dagrun for data_loading to None, run_after=None
[2026-09-17T23:03:05.958+0000] {processor.py:183} INFO - Processing /opt/airflow/dags/loading_dag.py took 0.089 seconds
[2026-09-17T23:03:09.389+0000] {processor.py:161} INFO - Started process (PID=1161) to work on /opt/airflow/dags/loading_dag.py
[2026-09-17T23:03:09.394+0000] {processor.py:830} INFO - Processing file /opt/airflow/dags/loading_dag.py for tasks to queue
[2026-09-17T23:03:09.396+0000] {logging_mixin.py:188} INFO - [2026-09-17T23:03:09.395+0000] {dagbag.py:545} INFO - Filling up the DagBag from /opt/airflow/dags/loading_dag.py
[2026-09-17T23:03:09.408+0000] {processor.py:840} INFO - DAG(s) 'data_loading' retrieved from /opt/airflow/dags/loading_dag.py
[2026-09-17T23:03:09.434+0000] {logging_mixin.py:188} INFO - [2026-09-17T23:03:09.434+0000] {dag.py:3096} INFO - Sync 1 DAGs
[2026-09-17T23:03:09.453+0000] {logging_mixin.py:188} INFO - [2026-09-17T23:03:09.452+0000] {dag.py:3954} INFO - Setting next_dagrun for data_loading to None, run_after=None
[2026-09-17T23:03:09.480+0000] {processor.py:183} INFO - Processing /opt/airflow/dags/loading_dag.py took 0.098 seconds
[2026-09-17T23:03:16.481+0000] {processor.py:161} INFO - Started process (PID=1162) to work on /opt/airflow/dags/loading_dag.py
[2026-09-17T23:03:16.483+0000] {processor.py:830} INFO - Processing file /opt/airflow/dags/loading_dag.py for tasks to queue
[2026-09-17T23:03:16.485+0000] {logging_mixin.py:188} INFO - [2026-09-17T23:03:16.485+0000] {dagbag.py:545} INFO - Filling up the DagBag from /opt/airflow/dags/loading_dag.py
[2026-09-17T23:03:16.499+0000] {processor.py:840} INFO - DAG(s) 'data_loading' retrieved from /opt/airflow/dags/loading_dag.py
[2026-09-17T23:03:16.525+0000] {logging_mixin.py:188} INFO - [2026-09-17T23:03:16.524+0000] {dag.py:3096} INFO - Sync 1 DAGs
[2026-09-17T23:03:16.543+0000] {logging_mixin.py:188} INFO - [2026-09-17T23:03:16.543+0000] {dag.py:3954} INFO - Setting next_dagrun for data_loading to None, run_after=None
[2026-09-17T23:03:16.572+0000] {processor.py:183} INFO - Processing /opt/airflow/dags/loading_dag.py took 0.100 seconds
[2026-09-17T23:03:31.235+0000] {processor.py:161} INFO - Started process (PID=1170) to work on /opt/airflow/dags/loading_dag.py
[2026-09-17T23:03:31.237+0000] {processor.py:830} INFO - Processing file /opt/airflow/dags/loading_dag.py for tasks to queue
[2026-09-17T23:03:31.240+0000] {logging_mixin.py:188} INFO - [2026-09-17T23:03:31.239+0000] {dagbag.py:545} INFO - Filling up the DagBag from /opt/airflow/dags/loading_dag.py
[2026-09-17T23:03:31.261+0000] {processor.py:840} INFO - DAG(s) 'data_loading' retrieved from /opt/airflow/dags/loading_dag.py
[2026-09-17T23:03:31.300+0000] {logging_mixin.py:188} INFO - [2026-09-17T23:03:31.300+0000] {dag.py:3096} INFO - Sync 1 DAGs
[2026-09-17T23:03:31.320+0000] {logging_mixin.py:188} INFO - [2026-09-17T23:03:31.319+0000] {dag.py:3954} INFO - Setting next_dagrun for data_loading to None, run_after=None
[2026-09-17T23:03:31.342+0000] {processor.py:183} INFO - Processing /opt/airflow/dags/loading_dag.py took 0.117 seconds
[2026-09-17T23:03:31.374+0000] {processor.py:161} INFO - Started process (PID=1171) to work on /opt/airflow/dags/loading_dag.py
[2026-09-17T23:03:31.376+0000] {processor.py:830} INFO - Processing file /opt/airflow/dags/loading_dag.py for tasks to queue
[2026-09-17T23:03:31.378+0000] {logging_mixin.py:188} INFO - [2026-09-17T23:03:31.378+0000] {dagbag.py:545} INFO - Filling up the DagBag from /opt/airflow/dags/loading_dag.py
[2026-09-17T23:03:31.395+0000] {processor.py:840} INFO - DAG(s) 'data_loading' retrieved from /opt/airflow/dags/loading_dag.py
[2026-09-17T23:03:31.425+0000] {logging_mixin.py:188} INFO - [2026-09-17T23:03:31.425+0000] {dag.py:3096} INFO - Sync 1 DAGs
[2026-09-17T23:03:31.447+0000] {logging_mixin.py:188} INFO - [2026-09-17T23:03:31.447+0000] {dag.py:3954} INFO - Setting next_dagrun for data_loading to None, run_after=None
[2026-09-17T23:03:31.474+0000] {processor.py:183} INFO - Processing /opt/airflow/dags/loading_dag.py took 0.112 seconds
[2026-09-17T23:03:31.500+0000] {processor.py:161} INFO - Started process (PID=1172) to work on /opt/airflow/dags/loading_dag.py
[2026-09-17T23:03:31.500+0000] {processor.py:830} INFO - Processing file /opt/airflow/dags/loading_dag.py for tasks to queue
[2026-09-17T23:03:31.502+0000] {logging_mixin.py:188} INFO - [2026-09-17T23:03:31.502+0000] {dagbag.py:545} INFO - Filling up the DagBag from /opt/airflow/dags/loading_dag.py
[2026-09-17T23:03:31.512+0000] {processor.py:840} INFO - DAG(s) 'data_loading' retrieved from /opt/airflow/dags/loading_dag.py
[2026-09-17T23:03:31.537+0000] {logging_mixin.py:188} INFO - [2026-09-17T23:03:31.537+0000] {dag.py:3096} INFO - Sync 1 DAGs
[2026-09-17T23:03:31.555+0000] {logging_mixin.py:188} INFO - [2026-09-17T23:03:31.555+0000] {dag.py:3954} INFO - Setting next_dagrun for data_loading to None, run_after=None
[2026-09-17T23:03:31.590+0000] {processor.py:183} INFO - Processing /opt/airflow/dags/loading_dag.py took 0.098 seconds
[2026-09-17T23:03:31.620+0000] {processor.py:161} INFO - Started process (PID=1173) to work on /opt/airflow/dags/loading_dag.py
[2026-09-17T23:03:31.621+0000] {processor.py:830} INFO - Processing file /opt/airflow/dags/loading_dag.py for tasks to queue
[2026-09-17T23:03:31.623+0000] {logging_mixin.py:188} INFO - [2026-09-17T23:03:31.623+0000] {dagbag.py:545} INFO - Filling up the DagBag from /opt/airflow/dags/loading_dag.py
[2026-09-17T23:03:31.644+0000] {processor.py:840} INFO - DAG(s) 'data_loading' retrieved from /opt/airflow/dags/loading_dag.py
[2026-09-17T23:03:31.689+0000] {logging_mixin.py:188} INFO - [2026-09-17T23:03:31.689+0000] {dag.py:3096} INFO - Sync 1 DAGs
[2026-09-17T23:03:31.716+0000] {logging_mixin.py:188} INFO - [2026-09-17T23:03:31.715+0000] {dag.py:3954} INFO - Setting next_dagrun for data_loading to None, run_after=None
[2026-09-17T23:03:31.738+0000] {processor.py:183} INFO - Processing /opt/airflow/dags/loading_dag.py took 0.126 seconds
[2026-09-17T23:03:31.764+0000] {processor.py:161} INFO - Started process (PID=1174) to work on /opt/airflow/dags/loading_dag.py
[2026-09-17T23:03:31.765+0000] {processor.py:830} INFO - Processing file /opt/airflow/dags/loading_dag.py for tasks to queue
[2026-09-17T23:03:31.766+0000] {logging_mixin.py:188} INFO - [2026-09-17T23:03:31.766+0000] {dagbag.py:545} INFO - Filling up the DagBag from /opt/airflow/dags/loading_dag.py
[2026-09-17T23:03:31.776+0000] {processor.py:840} INFO - DAG(s) 'data_loading' retrieved from /opt/airflow/dags/loading_dag.py
[2026-09-17T23:03:31.802+0000] {logging_mixin.py:188} INFO - [2026-09-17T23:03:31.802+0000] {dag.py:3096} INFO - Sync 1 DAGs
[2026-09-17T23:03:31.828+0000] {logging_mixin.py:188} INFO - [2026-09-17T23:03:31.828+0000] {dag.py:3954} INFO - Setting next_dagrun for data_loading to None, run_after=None
[2026-09-17T23:03:31.872+0000] {processor.py:183} INFO - Processing /opt/airflow/dags/loading_dag.py took 0.114 seconds
[2026-09-17T23:03:31.933+0000] {processor.py:161} INFO - Started process (PID=1175) to work on /opt/airflow/dags/loading_dag.py
[2026-09-17T23:03:31.934+0000] {processor.py:830} INFO - Processing file /opt/airflow/dags/loading_dag.py for tasks to queue
[2026-09-17T23:03:31.937+0000] {logging_mixin.py:188} INFO - [2026-09-17T23:03:31.937+0000] {dagbag.py:545} INFO - Filling up the DagBag from /opt/airflow/dags/loading_dag.py
[2026-09-17T23:03:31.958+0000] {processor.py:840} INFO - DAG(s) 'data_loading' retrieved from /opt/airflow/dags/loading_dag.py
[2026-09-17T23:03:32.005+0000] {logging_mixin.py:188} INFO - [2026-09-17T23:03:32.005+0000] {dag.py:3096} INFO - Sync 1 DAGs
[2026-09-17T23:03:32.042+0000] {logging_mixin.py:188} INFO - [2026-09-17T23:03:32.042+0000] {dag.py:3954} INFO - Setting next_dagrun for data_loading to None, run_after=None
[2026-09-17T23:03:32.079+0000] {processor.py:183} INFO - Processing /opt/airflow/dags/loading_dag.py took 0.161 seconds
[2026-09-17T23:03:32.106+0000] {processor.py:161} INFO - Started process (PID=1176) to work on /opt/airflow/dags/loading_dag.py
[2026-09-17T23:03:32.107+0000] {processor.py:830} INFO - Processing file /opt/airflow/dags/loading_dag.py for tasks to queue
[2026-09-17T23:03:32.110+0000] {logging_mixin.py:188} INFO - [2026-09-17T23:03:32.109+0000] {dagbag.py:545} INFO - Filling up the DagBag from /opt/airflow/dags/loading_dag.py
[2026-09-17T23:03:32.123+0000] {processor.py:840} INFO - DAG(s) 'data_loading' retrieved from /opt/airflow/dags/loading_dag.py
[2026-09-17T23:03:32.154+0000] {logging_mixin.py:188} INFO - [2026-09-17T23:03:32.153+0000] {dag.py:3096} INFO - Sync 1 DAGs
[2026-09-17T23:03:32.174+0000] {logging_mixin.py:188} INFO - [2026-09-17T23:03:32.174+0000] {dag.py:3954} INFO - Setting next_dagrun for data_loading to None, run_after=None
[2026-09-17T23:03:32.194+0000] {processor.py:183} INFO - Processing /opt/airflow/dags/loading_dag.py took 0.095 seconds
[2026-09-17T23:03:32.228+0000] {processor.py:161} INFO - Started process (PID=1177) to work on /opt/airflow/dags/loading_dag.py
[2026-09-17T23:03:32.229+0000] {processor.py:830} INFO - Processing file /opt/airflow/dags/loading_dag.py for tasks to queue
[2026-09-17T23:03:32.231+0000] {logging_mixin.py:188} INFO - [2026-09-17T23:03:32.230+0000] {dagbag.py:545} INFO - Filling up the DagBag from /opt/airflow/dags/loading_dag.py
[2026-09-17T23:03:32.240+0000] {processor.py:840} INFO - DAG(s) 'data_loading' retrieved from /opt/airflow/dags/loading_dag.py
[2026-09-17T23:03:32.266+0000] {logging_mixin.py:188} INFO - [2026-09-17T23:03:32.266+0000] {dag.py:3096} INFO - Sync 1 DAGs
[2026-09-17T23:03:32.285+0000] {logging_mixin.py:188} INFO - [2026-09-17T23:03:32.285+0000] {dag.py:3954} INFO - Setting next_dagrun for data_loading to None, run_after=None
[2026-09-17T23:03:32.312+0000] {processor.py:183} INFO - Processing /opt/airflow/dags/loading_dag.py took 0.093 seconds
[2026-09-17T23:03:32.342+0000] {processor.py:161} INFO - Started process (PID=1178) to work on /opt/airflow/dags/loading_dag.py
[2026-09-17T23:03:32.344+0000] {processor.py:830} INFO - Processing file /opt/airflow/dags/loading_dag.py for tasks to queue
[2026-09-17T23:03:32.347+0000] {logging_mixin.py:188} INFO - [2026-09-17T23:03:32.347+0000] {dagbag.py:545} INFO - Filling up the DagBag from /opt/airflow/dags/loading_dag.py
[2026-09-17T23:03:32.369+0000] {processor.py:840} INFO - DAG(s) 'data_loading' retrieved from /opt/airflow/dags/loading_dag.py
[2026-09-17T23:03:32.399+0000] {logging_mixin.py:188} INFO - [2026-09-17T23:03:32.399+0000] {dag.py:3096} INFO - Sync 1 DAGs
[2026-09-17T23:03:32.422+0000] {logging_mixin.py:188} INFO - [2026-09-17T23:03:32.421+0000] {dag.py:3954} INFO - Setting next_dagrun for data_loading to None, run_after=None
[2026-09-17T23:03:32.446+0000] {processor.py:183} INFO - Processing /opt/airflow/dags/loading_dag.py took 0.113 seconds
[2026-09-17T23:03:32.472+0000] {processor.py:161} INFO - Started process (PID=1179) to work on /opt/airflow/dags/loading_dag.py
[2026-09-17T23:03:32.473+0000] {processor.py:830} INFO - Processing file /opt/airflow/dags/loading_dag.py for tasks to queue
[2026-09-17T23:03:32.475+0000] {logging_mixin.py:188} INFO - [2026-09-17T23:03:32.474+0000] {dagbag.py:545} INFO - Filling up the DagBag from /opt/airflow/dags/loading_dag.py
[2026-09-17T23:03:32.485+0000] {processor.py:840} INFO - DAG(s) 'data_loading' retrieved from /opt/airflow/dags/loading_dag.py
[2026-09-17T23:03:32.510+0000] {logging_mixin.py:188} INFO - [2026-09-17T23:03:32.510+0000] {dag.py:3096} INFO - Sync 1 DAGs
[2026-09-17T23:03:32.528+0000] {logging_mixin.py:188} INFO - [2026-09-17T23:03:32.528+0000] {dag.py:3954} INFO - Setting next_dagrun for data_loading to None, run_after=None
[2026-09-17T23:03:32.553+0000] {processor.py:183} INFO - Processing /opt/airflow/dags/loading_dag.py took 0.088 seconds
[2026-09-17T23:03:32.579+0000] {processor.py:161} INFO - Started process (PID=1180) to work on /opt/airflow/dags/loading_dag.py
[2026-09-17T23:03:32.580+0000] {processor.py:830} INFO - Processing file /opt/airflow/dags/loading_dag.py for tasks to queue
[2026-09-17T23:03:32.582+0000] {logging_mixin.py:188} INFO - [2026-09-17T23:03:32.582+0000] {dagbag.py:545} INFO - Filling up the DagBag from /opt/airflow/dags/loading_dag.py
[2026-09-17T23:03:32.594+0000] {processor.py:840} INFO - DAG(s) 'data_loading' retrieved from /opt/airflow/dags/loading_dag.py
[2026-09-17T23:03:32.626+0000] {logging_mixin.py:188} INFO - [2026-09-17T23:03:32.625+0000] {dag.py:3096} INFO - Sync 1 DAGs
[2026-09-17T23:03:32.655+0000] {logging_mixin.py:188} INFO - [2026-09-17T23:03:32.655+0000] {dag.py:3954} INFO - Setting next_dagrun for data_loading to None, run_after=None
[2026-09-17T23:03:32.681+0000] {processor.py:183} INFO - Processing /opt/airflow/dags/loading_dag.py took 0.108 seconds
[2026-09-17T23:03:32.706+0000] {processor.py:161} INFO - Started process (PID=1181) to work on /opt/airflow/dags/loading_dag.py
[2026-09-17T23:03:32.707+0000] {processor.py:830} INFO - Processing file /opt/airflow/dags/loading_dag.py for tasks to queue
[2026-09-17T23:03:32.709+0000] {logging_mixin.py:188} INFO - [2026-09-17T23:03:32.709+0000] {dagbag.py:545} INFO - Filling up the DagBag from /opt/airflow/dags/loading_dag.py
[2026-09-17T23:03:32.721+0000] {processor.py:840} INFO - DAG(s) 'data_loading' retrieved from /opt/airflow/dags/loading_dag.py
[2026-09-17T23:03:32.750+0000] {logging_mixin.py:188} INFO - [2026-09-17T23:03:32.749+0000] {dag.py:3096} INFO - Sync 1 DAGs
[2026-09-17T23:03:32.771+0000] {logging_mixin.py:188} INFO - [2026-09-17T23:03:32.771+0000] {dag.py:3954} INFO - Setting next_dagrun for data_loading to None, run_after=None
[2026-09-17T23:03:32.792+0000] {processor.py:183} INFO - Processing /opt/airflow/dags/loading_dag.py took 0.092 seconds
[2026-09-17T23:03:32.819+0000] {processor.py:161} INFO - Started process (PID=1182) to work on /opt/airflow/dags/loading_dag.py
[2026-09-17T23:03:32.820+0000] {processor.py:830} INFO - Processing file /opt/airflow/dags/loading_dag.py for tasks to queue
[2026-09-17T23:03:32.822+0000] {logging_mixin.py:188} INFO - [2026-09-17T23:03:32.822+0000] {dagbag.py:545} INFO - Filling up the DagBag from /opt/airflow/dags/loading_dag.py
[2026-09-17T23:03:32.835+0000] {processor.py:840} INFO - DAG(s) 'data_loading' retrieved from /opt/airflow/dags/loading_dag.py
[2026-09-17T23:03:32.866+0000] {logging_mixin.py:188} INFO - [2026-09-17T23:03:32.866+0000] {dag.py:3096} INFO - Sync 1 DAGs
[2026-09-17T23:03:32.887+0000] {logging_mixin.py:188} INFO - [2026-09-17T23:03:32.887+0000] {dag.py:3954} INFO - Setting next_dagrun for data_loading to None, run_after=None
[2026-09-17T23:03:32.915+0000] {processor.py:183} INFO - Processing /opt/airflow/dags/loading_dag.py took 0.103 seconds
[2026-09-17T23:03:32.943+0000] {processor.py:161} INFO - Started process (PID=1183) to work on /opt/airflow/dags/loading_dag.py
[2026-09-17T23:03:32.944+0000] {processor.py:830} INFO - Processing file /opt/airflow/dags/loading_dag.py for tasks to queue
[2026-09-17T23:03:32.946+0000] {logging_mixin.py:188} INFO - [2026-09-17T23:03:32.946+0000] {dagbag.py:545} INFO - Filling up the DagBag from /opt/airflow/dags/loading_dag.py
[2026-09-17T23:03:32.956+0000] {processor.py:840} INFO - DAG(s) 'data_loading' retrieved from /opt/airflow/dags/loading_dag.py
[2026-09-17T23:03:32.984+0000] {logging_mixin.py:188} INFO - [2026-09-17T23:03:32.983+0000] {dag.py:3096} INFO - Sync 1 DAGs
[2026-09-17T23:03:33.007+0000] {logging_mixin.py:188} INFO - [2026-09-17T23:03:33.006+0000] {dag.py:3954} INFO - Setting next_dagrun for data_loading to None, run_after=None
[2026-09-17T23:03:33.029+0000] {processor.py:183} INFO - Processing /opt/airflow/dags/loading_dag.py took 0.093 seconds
[2026-09-17T23:03:33.055+0000] {processor.py:161} INFO - Started process (PID=1184) to work on /opt/airflow/dags/loading_dag.py
[2026-09-17T23:03:33.056+0000] {processor.py:830} INFO - Processing file /opt/airflow/dags/loading_dag.py for tasks to queue
[2026-09-17T23:03:33.058+0000] {logging_mixin.py:188} INFO - [2026-09-17T23:03:33.058+0000] {dagbag.py:545} INFO - Filling up the DagBag from /opt/airflow/dags/loading_dag.py
[2026-09-17T23:03:33.069+0000] {processor.py:840} INFO - DAG(s) 'data_loading' retrieved from /opt/airflow/dags/loading_dag.py
[2026-09-17T23:03:33.095+0000] {logging_mixin.py:188} INFO - [2026-09-17T23:03:33.095+0000] {dag.py:3096} INFO - Sync 1 DAGs
[2026-09-17T23:03:33.113+0000] {logging_mixin.py:188} INFO - [2026-09-17T23:03:33.113+0000] {dag.py:3954} INFO - Setting next_dagrun for data_loading to None, run_after=None
[2026-09-17T23:03:33.135+0000] {processor.py:183} INFO - Processing /opt/airflow/dags/loading_dag.py took 0.087 seconds
[2026-09-17T23:03:34.080+0000] {processor.py:161} INFO - Started process (PID=1185) to work on /opt/airflow/dags/loading_dag.py
[2026-09-17T23:03:34.082+0000] {processor.py:830} INFO - Processing file /opt/airflow/dags/loading_dag.py for tasks to queue
[2026-09-17T23:03:34.087+0000] {logging_mixin.py:188} INFO - [2026-09-17T23:03:34.085+0000] {dagbag.py:545} INFO - Filling up the DagBag from /opt/airflow/dags/loading_dag.py
[2026-09-17T23:03:34.103+0000] {processor.py:840} INFO - DAG(s) 'data_loading' retrieved from /opt/airflow/dags/loading_dag.py
[2026-09-17T23:03:34.136+0000] {logging_mixin.py:188} INFO - [2026-09-17T23:03:34.136+0000] {dag.py:3096} INFO - Sync 1 DAGs
[2026-09-17T23:03:34.160+0000] {logging_mixin.py:188} INFO - [2026-09-17T23:03:34.160+0000] {dag.py:3954} INFO - Setting next_dagrun for data_loading to None, run_after=None
[2026-09-17T23:03:34.187+0000] {processor.py:183} INFO - Processing /opt/airflow/dags/loading_dag.py took 0.118 seconds
[2026-09-17T23:03:36.197+0000] {processor.py:161} INFO - Started process (PID=1186) to work on /opt/airflow/dags/loading_dag.py
[2026-09-17T23:03:36.198+0000] {processor.py:830} INFO - Processing file /opt/airflow/dags/loading_dag.py for tasks to queue
[2026-09-17T23:03:36.200+0000] {logging_mixin.py:188} INFO - [2026-09-17T23:03:36.200+0000] {dagbag.py:545} INFO - Filling up the DagBag from /opt/airflow/dags/loading_dag.py
[2026-09-17T23:03:36.207+0000] {logging_mixin.py:188} INFO - [2026-09-17T23:03:36.204+0000] {dagbag.py:355} ERROR - Failed to import: /opt/airflow/dags/loading_dag.py
Traceback (most recent call last):
  File "/home/airflow/.local/lib/python3.10/site-packages/airflow/models/dagbag.py", line 351, in parse
    loader.exec_module(new_module)
  File "<frozen importlib._bootstrap_external>", line 879, in exec_module
  File "<frozen importlib._bootstrap_external>", line 1017, in get_code
  File "<frozen importlib._bootstrap_external>", line 947, in source_to_code
  File "<frozen importlib._bootstrap>", line 241, in _call_with_frames_removed
  File "/opt/airflow/dags/loading_dag.py", line 98
    ids_to_delete = [old_id for ]
                                ^
SyntaxError: invalid syntax
[2026-09-17T23:03:36.207+0000] {processor.py:842} WARNING - No viable dags retrieved from /opt/airflow/dags/loading_dag.py
[2026-09-17T23:03:36.234+0000] {processor.py:183} INFO - Processing /opt/airflow/dags/loading_dag.py took 0.043 seconds
[2026-09-17T23:03:37.235+0000] {processor.py:161} INFO - Started process (PID=1187) to work on /opt/airflow/dags/loading_dag.py
[2026-09-17T23:03:37.235+0000] {processor.py:830} INFO - Processing file /opt/airflow/dags/loading_dag.py for tasks to queue
[2026-09-17T23:03:37.237+0000] {logging_mixin.py:188} INFO - [2026-09-17T23:03:37.237+0000] {dagbag.py:545} INFO - Filling up the DagBag from /opt/airflow/dags/loading_dag.py
[2026-09-17T23:03:37.241+0000] {logging_mixin.py:188} INFO - [2026-09-17T23:03:37.241+0000] {dagbag.py:355} ERROR - Failed to import: /opt/airflow/dags/loading_dag.py
Traceback (most recent call last):
  File "/home/airflow/.local/lib/python3.10/site-packages/airflow/models/dagbag.py", line 351, in parse
    loader.exec_module(new_module)
  File "<frozen importlib._bootstrap_external>", line 879, in exec_module
  File "<frozen importlib._bootstrap_external>", line 1017, in get_code
  File "<frozen importlib._bootstrap_external>", line 947, in source_to_code
  File "<frozen importlib._bootstrap>", line 241, in _call_with_frames_removed
  File "/opt/airflow/dags/loading_dag.py", line 98
    ids_to_delete = [old_id for o]
                                 ^
SyntaxError: invalid syntax
[2026-09-17T23:03:37.242+0000] {processor.py:842} WARNING - No viable dags retrieved from /opt/airflow/dags/loading_dag.py
[2026-09-17T23:03:37.268+0000] {processor.py:183} INFO - Processing /opt/airflow/dags/loading_dag.py took 0.040 seconds
[2026-09-17T23:03:43.335+0000] {processor.py:161} INFO - Started process (PID=1188) to work on /opt/airflow/dags/loading_dag.py
[2026-09-17T23:03:43.337+0000] {processor.py:830} INFO - Processing file /opt/airflow/dags/loading_dag.py for tasks to queue
[2026-09-17T23:03:43.339+0000] {logging_mixin.py:188} INFO - [2026-09-17T23:03:43.339+0000] {dagbag.py:545} INFO - Filling up the DagBag from /opt/airflow/dags/loading_dag.py
[2026-09-17T23:03:43.343+0000] {logging_mixin.py:188} INFO - [2026-09-17T23:03:43.343+0000] {dagbag.py:355} ERROR - Failed to import: /opt/airflow/dags/loading_dag.py
Traceback (most recent call last):
  File "/home/airflow/.local/lib/python3.10/site-packages/airflow/models/dagbag.py", line 351, in parse
    loader.exec_module(new_module)
  File "<frozen importlib._bootstrap_external>", line 879, in exec_module
  File "<frozen importlib._bootstrap_external>", line 1017, in get_code
  File "<frozen importlib._bootstrap_external>", line 947, in source_to_code
  File "<frozen importlib._bootstrap>", line 241, in _call_with_frames_removed
  File "/opt/airflow/dags/loading_dag.py", line 98
    ids_to_delete = [old_id for old]
                                   ^
SyntaxError: invalid syntax
[2026-09-17T23:03:43.344+0000] {processor.py:842} WARNING - No viable dags retrieved from /opt/airflow/dags/loading_dag.py
[2026-09-17T23:03:43.367+0000] {processor.py:183} INFO - Processing /opt/airflow/dags/loading_dag.py took 0.039 seconds
[2026-09-17T23:03:49.385+0000] {processor.py:161} INFO - Started process (PID=1189) to work on /opt/airflow/dags/loading_dag.py
[2026-09-17T23:03:49.387+0000] {processor.py:830} INFO - Processing file /opt/airflow/dags/loading_dag.py for tasks to queue
[2026-09-17T23:03:49.389+0000] {logging_mixin.py:188} INFO - [2026-09-17T23:03:49.388+0000] {dagbag.py:545} INFO - Filling up the DagBag from /opt/airflow/dags/loading_dag.py
[2026-09-17T23:03:49.401+0000] {processor.py:840} INFO - DAG(s) 'data_loading' retrieved from /opt/airflow/dags/loading_dag.py
[2026-09-17T23:03:49.428+0000] {logging_mixin.py:188} INFO - [2026-09-17T23:03:49.427+0000] {dag.py:3096} INFO - Sync 1 DAGs
[2026-09-17T23:03:49.447+0000] {logging_mixin.py:188} INFO - [2026-09-17T23:03:49.447+0000] {dag.py:3954} INFO - Setting next_dagrun for data_loading to None, run_after=None
[2026-09-17T23:03:49.477+0000] {processor.py:183} INFO - Processing /opt/airflow/dags/loading_dag.py took 0.099 seconds
[2026-09-17T23:03:51.445+0000] {processor.py:161} INFO - Started process (PID=1190) to work on /opt/airflow/dags/loading_dag.py
[2026-09-17T23:03:51.447+0000] {processor.py:830} INFO - Processing file /opt/airflow/dags/loading_dag.py for tasks to queue
[2026-09-17T23:03:51.449+0000] {logging_mixin.py:188} INFO - [2026-09-17T23:03:51.448+0000] {dagbag.py:545} INFO - Filling up the DagBag from /opt/airflow/dags/loading_dag.py
[2026-09-17T23:03:51.462+0000] {processor.py:840} INFO - DAG(s) 'data_loading' retrieved from /opt/airflow/dags/loading_dag.py
[2026-09-17T23:03:51.492+0000] {logging_mixin.py:188} INFO - [2026-09-17T23:03:51.491+0000] {dag.py:3096} INFO - Sync 1 DAGs
[2026-09-17T23:03:51.514+0000] {logging_mixin.py:188} INFO - [2026-09-17T23:03:51.514+0000] {dag.py:3954} INFO - Setting next_dagrun for data_loading to None, run_after=None
[2026-09-17T23:03:51.544+0000] {processor.py:183} INFO - Processing /opt/airflow/dags/loading_dag.py took 0.106 seconds
[2026-09-17T23:03:55.545+0000] {processor.py:161} INFO - Started process (PID=1197) to work on /opt/airflow/dags/loading_dag.py
[2026-09-17T23:03:55.546+0000] {processor.py:830} INFO - Processing file /opt/airflow/dags/loading_dag.py for tasks to queue
[2026-09-17T23:03:55.549+0000] {logging_mixin.py:188} INFO - [2026-09-17T23:03:55.549+0000] {dagbag.py:545} INFO - Filling up the DagBag from /opt/airflow/dags/loading_dag.py
[2026-09-17T23:03:55.554+0000] {logging_mixin.py:188} INFO - [2026-09-17T23:03:55.553+0000] {dagbag.py:355} ERROR - Failed to import: /opt/airflow/dags/loading_dag.py
Traceback (most recent call last):
  File "/home/airflow/.local/lib/python3.10/site-packages/airflow/models/dagbag.py", line 351, in parse
    loader.exec_module(new_module)
  File "<frozen importlib._bootstrap_external>", line 879, in exec_module
  File "<frozen importlib._bootstrap_external>", line 1017, in get_code
  File "<frozen importlib._bootstrap_external>", line 947, in source_to_code
  File "<frozen importlib._bootstrap>", line 241, in _call_with_frames_removed
  File "/opt/airflow/dags/loading_dag.py", line 98
    ids_to_delete = [old_id for old_id in old_video_ids not in ]
                                                               ^
SyntaxError: invalid syntax
[2026-09-17T23:03:55.555+0000] {processor.py:842} WARNING - No viable dags retrieved from /opt/airflow/dags/loading_dag.py
[2026-09-17T23:03:55.587+0000] {processor.py:183} INFO - Processing /opt/airflow/dags/loading_dag.py took 0.053 seconds
[2026-09-17T23:03:58.625+0000] {processor.py:161} INFO - Started process (PID=1198) to work on /opt/airflow/dags/loading_dag.py
[2026-09-17T23:03:58.626+0000] {processor.py:830} INFO - Processing file /opt/airflow/dags/loading_dag.py for tasks to queue
[2026-09-17T23:03:58.628+0000] {logging_mixin.py:188} INFO - [2026-09-17T23:03:58.628+0000] {dagbag.py:545} INFO - Filling up the DagBag from /opt/airflow/dags/loading_dag.py
[2026-09-17T23:03:58.639+0000] {processor.py:840} INFO - DAG(s) 'data_loading' retrieved from /opt/airflow/dags/loading_dag.py
[2026-09-17T23:03:58.664+0000] {logging_mixin.py:188} INFO - [2026-09-17T23:03:58.664+0000] {dag.py:3096} INFO - Sync 1 DAGs
[2026-09-17T23:03:58.682+0000] {logging_mixin.py:188} INFO - [2026-09-17T23:03:58.682+0000] {dag.py:3954} INFO - Setting next_dagrun for data_loading to None, run_after=None
[2026-09-17T23:03:58.709+0000] {processor.py:183} INFO - Processing /opt/airflow/dags/loading_dag.py took 0.091 seconds
[2026-09-17T23:04:18.313+0000] {processor.py:161} INFO - Started process (PID=1200) to work on /opt/airflow/dags/loading_dag.py
[2026-09-17T23:04:18.314+0000] {processor.py:830} INFO - Processing file /opt/airflow/dags/loading_dag.py for tasks to queue
[2026-09-17T23:04:18.316+0000] {logging_mixin.py:188} INFO - [2026-09-17T23:04:18.315+0000] {dagbag.py:545} INFO - Filling up the DagBag from /opt/airflow/dags/loading_dag.py
[2026-09-17T23:04:18.329+0000] {processor.py:840} INFO - DAG(s) 'data_loading' retrieved from /opt/airflow/dags/loading_dag.py
[2026-09-17T23:04:18.357+0000] {logging_mixin.py:188} INFO - [2026-09-17T23:04:18.357+0000] {dag.py:3096} INFO - Sync 1 DAGs
[2026-09-17T23:04:18.375+0000] {logging_mixin.py:188} INFO - [2026-09-17T23:04:18.375+0000] {dag.py:3954} INFO - Setting next_dagrun for data_loading to None, run_after=None
[2026-09-17T23:04:18.400+0000] {processor.py:183} INFO - Processing /opt/airflow/dags/loading_dag.py took 0.109 seconds
[2026-09-17T23:04:49.116+0000] {processor.py:161} INFO - Started process (PID=1219) to work on /opt/airflow/dags/loading_dag.py
[2026-09-17T23:04:49.118+0000] {processor.py:830} INFO - Processing file /opt/airflow/dags/loading_dag.py for tasks to queue
[2026-09-17T23:04:49.120+0000] {logging_mixin.py:188} INFO - [2026-09-17T23:04:49.120+0000] {dagbag.py:545} INFO - Filling up the DagBag from /opt/airflow/dags/loading_dag.py
[2026-09-17T23:04:49.129+0000] {processor.py:840} INFO - DAG(s) 'data_loading' retrieved from /opt/airflow/dags/loading_dag.py
[2026-09-17T23:04:49.153+0000] {logging_mixin.py:188} INFO - [2026-09-17T23:04:49.153+0000] {dag.py:3096} INFO - Sync 1 DAGs
[2026-09-17T23:04:49.171+0000] {logging_mixin.py:188} INFO - [2026-09-17T23:04:49.170+0000] {dag.py:3954} INFO - Setting next_dagrun for data_loading to None, run_after=None
[2026-09-17T23:04:49.197+0000] {processor.py:183} INFO - Processing /opt/airflow/dags/loading_dag.py took 0.087 seconds
[2026-09-17T23:05:19.400+0000] {processor.py:161} INFO - Started process (PID=1227) to work on /opt/airflow/dags/loading_dag.py
[2026-09-17T23:05:19.401+0000] {processor.py:830} INFO - Processing file /opt/airflow/dags/loading_dag.py for tasks to queue
[2026-09-17T23:05:19.403+0000] {logging_mixin.py:188} INFO - [2026-09-17T23:05:19.402+0000] {dagbag.py:545} INFO - Filling up the DagBag from /opt/airflow/dags/loading_dag.py
[2026-09-17T23:05:19.413+0000] {processor.py:840} INFO - DAG(s) 'data_loading' retrieved from /opt/airflow/dags/loading_dag.py
[2026-09-17T23:05:19.442+0000] {logging_mixin.py:188} INFO - [2026-09-17T23:05:19.442+0000] {dag.py:3096} INFO - Sync 1 DAGs
[2026-09-17T23:05:19.462+0000] {logging_mixin.py:188} INFO - [2026-09-17T23:05:19.462+0000] {dag.py:3954} INFO - Setting next_dagrun for data_loading to None, run_after=None
[2026-09-17T23:05:19.490+0000] {processor.py:183} INFO - Processing /opt/airflow/dags/loading_dag.py took 0.098 seconds
[2026-09-17T23:05:20.462+0000] {processor.py:161} INFO - Started process (PID=1228) to work on /opt/airflow/dags/loading_dag.py
[2026-09-17T23:05:20.463+0000] {processor.py:830} INFO - Processing file /opt/airflow/dags/loading_dag.py for tasks to queue
[2026-09-17T23:05:20.464+0000] {logging_mixin.py:188} INFO - [2026-09-17T23:05:20.464+0000] {dagbag.py:545} INFO - Filling up the DagBag from /opt/airflow/dags/loading_dag.py
[2026-09-17T23:05:20.468+0000] {logging_mixin.py:188} INFO - [2026-09-17T23:05:20.467+0000] {dagbag.py:355} ERROR - Failed to import: /opt/airflow/dags/loading_dag.py
Traceback (most recent call last):
  File "/home/airflow/.local/lib/python3.10/site-packages/airflow/models/dagbag.py", line 351, in parse
    loader.exec_module(new_module)
  File "<frozen importlib._bootstrap_external>", line 879, in exec_module
  File "<frozen importlib._bootstrap_external>", line 1017, in get_code
  File "<frozen importlib._bootstrap_external>", line 947, in source_to_code
  File "<frozen importlib._bootstrap>", line 241, in _call_with_frames_removed
  File "/opt/airflow/dags/loading_dag.py", line 98
    ids_to_delete = [old_id for old_id in old_video_ids if not in new_video_ids]
                                                               ^^
SyntaxError: invalid syntax
[2026-09-17T23:05:20.468+0000] {processor.py:842} WARNING - No viable dags retrieved from /opt/airflow/dags/loading_dag.py
[2026-09-17T23:05:20.493+0000] {processor.py:183} INFO - Processing /opt/airflow/dags/loading_dag.py took 0.039 seconds
[2026-09-17T23:05:27.502+0000] {processor.py:161} INFO - Started process (PID=1229) to work on /opt/airflow/dags/loading_dag.py
[2026-09-17T23:05:27.508+0000] {processor.py:830} INFO - Processing file /opt/airflow/dags/loading_dag.py for tasks to queue
[2026-09-17T23:05:27.511+0000] {logging_mixin.py:188} INFO - [2026-09-17T23:05:27.511+0000] {dagbag.py:545} INFO - Filling up the DagBag from /opt/airflow/dags/loading_dag.py
[2026-09-17T23:05:27.528+0000] {processor.py:840} INFO - DAG(s) 'data_loading' retrieved from /opt/airflow/dags/loading_dag.py
[2026-09-17T23:05:27.554+0000] {logging_mixin.py:188} INFO - [2026-09-17T23:05:27.554+0000] {dag.py:3096} INFO - Sync 1 DAGs
[2026-09-17T23:05:27.572+0000] {logging_mixin.py:188} INFO - [2026-09-17T23:05:27.572+0000] {dag.py:3954} INFO - Setting next_dagrun for data_loading to None, run_after=None
[2026-09-17T23:05:27.599+0000] {processor.py:183} INFO - Processing /opt/airflow/dags/loading_dag.py took 0.113 seconds
[2026-09-17T23:05:58.091+0000] {processor.py:161} INFO - Started process (PID=1242) to work on /opt/airflow/dags/loading_dag.py
[2026-09-17T23:05:58.092+0000] {processor.py:830} INFO - Processing file /opt/airflow/dags/loading_dag.py for tasks to queue
[2026-09-17T23:05:58.094+0000] {logging_mixin.py:188} INFO - [2026-09-17T23:05:58.094+0000] {dagbag.py:545} INFO - Filling up the DagBag from /opt/airflow/dags/loading_dag.py
[2026-09-17T23:05:58.106+0000] {processor.py:840} INFO - DAG(s) 'data_loading' retrieved from /opt/airflow/dags/loading_dag.py
[2026-09-17T23:05:58.132+0000] {logging_mixin.py:188} INFO - [2026-09-17T23:05:58.132+0000] {dag.py:3096} INFO - Sync 1 DAGs
[2026-09-17T23:05:58.151+0000] {logging_mixin.py:188} INFO - [2026-09-17T23:05:58.151+0000] {dag.py:3954} INFO - Setting next_dagrun for data_loading to None, run_after=None
[2026-09-17T23:05:58.177+0000] {processor.py:183} INFO - Processing /opt/airflow/dags/loading_dag.py took 0.093 seconds
[2026-09-17T23:06:28.911+0000] {processor.py:161} INFO - Started process (PID=1250) to work on /opt/airflow/dags/loading_dag.py
[2026-09-17T23:06:28.917+0000] {processor.py:830} INFO - Processing file /opt/airflow/dags/loading_dag.py for tasks to queue
[2026-09-17T23:06:28.920+0000] {logging_mixin.py:188} INFO - [2026-09-17T23:06:28.920+0000] {dagbag.py:545} INFO - Filling up the DagBag from /opt/airflow/dags/loading_dag.py
[2026-09-17T23:06:28.934+0000] {processor.py:840} INFO - DAG(s) 'data_loading' retrieved from /opt/airflow/dags/loading_dag.py
[2026-09-17T23:06:28.963+0000] {logging_mixin.py:188} INFO - [2026-09-17T23:06:28.962+0000] {dag.py:3096} INFO - Sync 1 DAGs
[2026-09-17T23:06:28.994+0000] {logging_mixin.py:188} INFO - [2026-09-17T23:06:28.994+0000] {dag.py:3954} INFO - Setting next_dagrun for data_loading to None, run_after=None
[2026-09-17T23:06:29.023+0000] {processor.py:183} INFO - Processing /opt/airflow/dags/loading_dag.py took 0.122 seconds
[2026-09-17T23:06:59.594+0000] {processor.py:161} INFO - Started process (PID=1258) to work on /opt/airflow/dags/loading_dag.py
[2026-09-17T23:06:59.599+0000] {processor.py:830} INFO - Processing file /opt/airflow/dags/loading_dag.py for tasks to queue
[2026-09-17T23:06:59.601+0000] {logging_mixin.py:188} INFO - [2026-09-17T23:06:59.601+0000] {dagbag.py:545} INFO - Filling up the DagBag from /opt/airflow/dags/loading_dag.py
[2026-09-17T23:06:59.611+0000] {processor.py:840} INFO - DAG(s) 'data_loading' retrieved from /opt/airflow/dags/loading_dag.py
[2026-09-17T23:06:59.635+0000] {logging_mixin.py:188} INFO - [2026-09-17T23:06:59.635+0000] {dag.py:3096} INFO - Sync 1 DAGs
[2026-09-17T23:06:59.655+0000] {logging_mixin.py:188} INFO - [2026-09-17T23:06:59.655+0000] {dag.py:3954} INFO - Setting next_dagrun for data_loading to None, run_after=None
[2026-09-17T23:06:59.681+0000] {processor.py:183} INFO - Processing /opt/airflow/dags/loading_dag.py took 0.093 seconds
[2026-09-17T23:07:30.453+0000] {processor.py:161} INFO - Started process (PID=1266) to work on /opt/airflow/dags/loading_dag.py
[2026-09-17T23:07:30.454+0000] {processor.py:830} INFO - Processing file /opt/airflow/dags/loading_dag.py for tasks to queue
[2026-09-17T23:07:30.456+0000] {logging_mixin.py:188} INFO - [2026-09-17T23:07:30.455+0000] {dagbag.py:545} INFO - Filling up the DagBag from /opt/airflow/dags/loading_dag.py
[2026-09-17T23:07:30.465+0000] {processor.py:840} INFO - DAG(s) 'data_loading' retrieved from /opt/airflow/dags/loading_dag.py
[2026-09-17T23:07:30.497+0000] {logging_mixin.py:188} INFO - [2026-09-17T23:07:30.496+0000] {dag.py:3096} INFO - Sync 1 DAGs
[2026-09-17T23:07:30.518+0000] {logging_mixin.py:188} INFO - [2026-09-17T23:07:30.518+0000] {dag.py:3954} INFO - Setting next_dagrun for data_loading to None, run_after=None
[2026-09-17T23:07:30.544+0000] {processor.py:183} INFO - Processing /opt/airflow/dags/loading_dag.py took 0.098 seconds
[2026-09-17T23:08:01.124+0000] {processor.py:161} INFO - Started process (PID=1280) to work on /opt/airflow/dags/loading_dag.py
[2026-09-17T23:08:01.130+0000] {processor.py:830} INFO - Processing file /opt/airflow/dags/loading_dag.py for tasks to queue
[2026-09-17T23:08:01.132+0000] {logging_mixin.py:188} INFO - [2026-09-17T23:08:01.132+0000] {dagbag.py:545} INFO - Filling up the DagBag from /opt/airflow/dags/loading_dag.py
[2026-09-17T23:08:01.142+0000] {processor.py:840} INFO - DAG(s) 'data_loading' retrieved from /opt/airflow/dags/loading_dag.py
[2026-09-17T23:08:01.167+0000] {logging_mixin.py:188} INFO - [2026-09-17T23:08:01.166+0000] {dag.py:3096} INFO - Sync 1 DAGs
[2026-09-17T23:08:01.185+0000] {logging_mixin.py:188} INFO - [2026-09-17T23:08:01.184+0000] {dag.py:3954} INFO - Setting next_dagrun for data_loading to None, run_after=None
[2026-09-17T23:08:01.202+0000] {processor.py:183} INFO - Processing /opt/airflow/dags/loading_dag.py took 0.084 seconds
[2026-09-17T23:08:31.978+0000] {processor.py:161} INFO - Started process (PID=1288) to work on /opt/airflow/dags/loading_dag.py
[2026-09-17T23:08:31.979+0000] {processor.py:830} INFO - Processing file /opt/airflow/dags/loading_dag.py for tasks to queue
[2026-09-17T23:08:31.980+0000] {logging_mixin.py:188} INFO - [2026-09-17T23:08:31.980+0000] {dagbag.py:545} INFO - Filling up the DagBag from /opt/airflow/dags/loading_dag.py
[2026-09-17T23:08:31.990+0000] {processor.py:840} INFO - DAG(s) 'data_loading' retrieved from /opt/airflow/dags/loading_dag.py
[2026-09-17T23:08:32.019+0000] {logging_mixin.py:188} INFO - [2026-09-17T23:08:32.019+0000] {dag.py:3096} INFO - Sync 1 DAGs
[2026-09-17T23:08:32.040+0000] {logging_mixin.py:188} INFO - [2026-09-17T23:08:32.040+0000] {dag.py:3954} INFO - Setting next_dagrun for data_loading to None, run_after=None
[2026-09-17T23:08:32.062+0000] {processor.py:183} INFO - Processing /opt/airflow/dags/loading_dag.py took 0.090 seconds
[2026-09-17T23:09:02.674+0000] {processor.py:161} INFO - Started process (PID=1296) to work on /opt/airflow/dags/loading_dag.py
[2026-09-17T23:09:02.680+0000] {processor.py:830} INFO - Processing file /opt/airflow/dags/loading_dag.py for tasks to queue
[2026-09-17T23:09:02.682+0000] {logging_mixin.py:188} INFO - [2026-09-17T23:09:02.682+0000] {dagbag.py:545} INFO - Filling up the DagBag from /opt/airflow/dags/loading_dag.py
[2026-09-17T23:09:02.696+0000] {processor.py:840} INFO - DAG(s) 'data_loading' retrieved from /opt/airflow/dags/loading_dag.py
[2026-09-17T23:09:02.727+0000] {logging_mixin.py:188} INFO - [2026-09-17T23:09:02.727+0000] {dag.py:3096} INFO - Sync 1 DAGs
[2026-09-17T23:09:02.747+0000] {logging_mixin.py:188} INFO - [2026-09-17T23:09:02.746+0000] {dag.py:3954} INFO - Setting next_dagrun for data_loading to None, run_after=None
[2026-09-17T23:09:02.770+0000] {processor.py:183} INFO - Processing /opt/airflow/dags/loading_dag.py took 0.109 seconds
[2026-09-17T23:09:33.524+0000] {processor.py:161} INFO - Started process (PID=1304) to work on /opt/airflow/dags/loading_dag.py
[2026-09-17T23:09:33.524+0000] {processor.py:830} INFO - Processing file /opt/airflow/dags/loading_dag.py for tasks to queue
[2026-09-17T23:09:33.527+0000] {logging_mixin.py:188} INFO - [2026-09-17T23:09:33.527+0000] {dagbag.py:545} INFO - Filling up the DagBag from /opt/airflow/dags/loading_dag.py
[2026-09-17T23:09:33.545+0000] {processor.py:840} INFO - DAG(s) 'data_loading' retrieved from /opt/airflow/dags/loading_dag.py
[2026-09-17T23:09:33.578+0000] {logging_mixin.py:188} INFO - [2026-09-17T23:09:33.578+0000] {dag.py:3096} INFO - Sync 1 DAGs
[2026-09-17T23:09:33.596+0000] {logging_mixin.py:188} INFO - [2026-09-17T23:09:33.596+0000] {dag.py:3954} INFO - Setting next_dagrun for data_loading to None, run_after=None
[2026-09-17T23:09:33.619+0000] {processor.py:183} INFO - Processing /opt/airflow/dags/loading_dag.py took 0.103 seconds
[2026-09-17T23:10:04.230+0000] {processor.py:161} INFO - Started process (PID=1312) to work on /opt/airflow/dags/loading_dag.py
[2026-09-17T23:10:04.236+0000] {processor.py:830} INFO - Processing file /opt/airflow/dags/loading_dag.py for tasks to queue
[2026-09-17T23:10:04.238+0000] {logging_mixin.py:188} INFO - [2026-09-17T23:10:04.237+0000] {dagbag.py:545} INFO - Filling up the DagBag from /opt/airflow/dags/loading_dag.py
[2026-09-17T23:10:04.247+0000] {processor.py:840} INFO - DAG(s) 'data_loading' retrieved from /opt/airflow/dags/loading_dag.py
[2026-09-17T23:10:04.272+0000] {logging_mixin.py:188} INFO - [2026-09-17T23:10:04.272+0000] {dag.py:3096} INFO - Sync 1 DAGs
[2026-09-17T23:10:04.290+0000] {logging_mixin.py:188} INFO - [2026-09-17T23:10:04.290+0000] {dag.py:3954} INFO - Setting next_dagrun for data_loading to None, run_after=None
[2026-09-17T23:10:04.314+0000] {processor.py:183} INFO - Processing /opt/airflow/dags/loading_dag.py took 0.091 seconds
[2026-09-17T23:10:35.069+0000] {processor.py:161} INFO - Started process (PID=1320) to work on /opt/airflow/dags/loading_dag.py
[2026-09-17T23:10:35.070+0000] {processor.py:830} INFO - Processing file /opt/airflow/dags/loading_dag.py for tasks to queue
[2026-09-17T23:10:35.072+0000] {logging_mixin.py:188} INFO - [2026-09-17T23:10:35.071+0000] {dagbag.py:545} INFO - Filling up the DagBag from /opt/airflow/dags/loading_dag.py
[2026-09-17T23:10:35.081+0000] {processor.py:840} INFO - DAG(s) 'data_loading' retrieved from /opt/airflow/dags/loading_dag.py
[2026-09-17T23:10:35.104+0000] {logging_mixin.py:188} INFO - [2026-09-17T23:10:35.104+0000] {dag.py:3096} INFO - Sync 1 DAGs
[2026-09-17T23:10:35.122+0000] {logging_mixin.py:188} INFO - [2026-09-17T23:10:35.121+0000] {dag.py:3954} INFO - Setting next_dagrun for data_loading to None, run_after=None
[2026-09-17T23:10:35.143+0000] {processor.py:183} INFO - Processing /opt/airflow/dags/loading_dag.py took 0.082 seconds
[2026-09-17T23:11:06.042+0000] {processor.py:161} INFO - Started process (PID=1328) to work on /opt/airflow/dags/loading_dag.py
[2026-09-17T23:11:06.048+0000] {processor.py:830} INFO - Processing file /opt/airflow/dags/loading_dag.py for tasks to queue
[2026-09-17T23:11:06.049+0000] {logging_mixin.py:188} INFO - [2026-09-17T23:11:06.049+0000] {dagbag.py:545} INFO - Filling up the DagBag from /opt/airflow/dags/loading_dag.py
[2026-09-17T23:11:06.059+0000] {processor.py:840} INFO - DAG(s) 'data_loading' retrieved from /opt/airflow/dags/loading_dag.py
[2026-09-17T23:11:06.085+0000] {logging_mixin.py:188} INFO - [2026-09-17T23:11:06.085+0000] {dag.py:3096} INFO - Sync 1 DAGs
[2026-09-17T23:11:06.104+0000] {logging_mixin.py:188} INFO - [2026-09-17T23:11:06.104+0000] {dag.py:3954} INFO - Setting next_dagrun for data_loading to None, run_after=None
[2026-09-17T23:11:06.129+0000] {processor.py:183} INFO - Processing /opt/airflow/dags/loading_dag.py took 0.094 seconds
[2026-09-17T23:11:36.849+0000] {processor.py:161} INFO - Started process (PID=1336) to work on /opt/airflow/dags/loading_dag.py
[2026-09-17T23:11:36.855+0000] {processor.py:830} INFO - Processing file /opt/airflow/dags/loading_dag.py for tasks to queue
[2026-09-17T23:11:36.857+0000] {logging_mixin.py:188} INFO - [2026-09-17T23:11:36.857+0000] {dagbag.py:545} INFO - Filling up the DagBag from /opt/airflow/dags/loading_dag.py
[2026-09-17T23:11:36.866+0000] {processor.py:840} INFO - DAG(s) 'data_loading' retrieved from /opt/airflow/dags/loading_dag.py
[2026-09-17T23:11:36.890+0000] {logging_mixin.py:188} INFO - [2026-09-17T23:11:36.890+0000] {dag.py:3096} INFO - Sync 1 DAGs
[2026-09-17T23:11:36.908+0000] {logging_mixin.py:188} INFO - [2026-09-17T23:11:36.908+0000] {dag.py:3954} INFO - Setting next_dagrun for data_loading to None, run_after=None
[2026-09-17T23:11:36.931+0000] {processor.py:183} INFO - Processing /opt/airflow/dags/loading_dag.py took 0.087 seconds
[2026-09-17T23:12:07.590+0000] {processor.py:161} INFO - Started process (PID=1350) to work on /opt/airflow/dags/loading_dag.py
[2026-09-17T23:12:07.591+0000] {processor.py:830} INFO - Processing file /opt/airflow/dags/loading_dag.py for tasks to queue
[2026-09-17T23:12:07.593+0000] {logging_mixin.py:188} INFO - [2026-09-17T23:12:07.593+0000] {dagbag.py:545} INFO - Filling up the DagBag from /opt/airflow/dags/loading_dag.py
[2026-09-17T23:12:07.605+0000] {processor.py:840} INFO - DAG(s) 'data_loading' retrieved from /opt/airflow/dags/loading_dag.py
[2026-09-17T23:12:07.634+0000] {logging_mixin.py:188} INFO - [2026-09-17T23:12:07.634+0000] {dag.py:3096} INFO - Sync 1 DAGs
[2026-09-17T23:12:07.659+0000] {logging_mixin.py:188} INFO - [2026-09-17T23:12:07.658+0000] {dag.py:3954} INFO - Setting next_dagrun for data_loading to None, run_after=None
[2026-09-17T23:12:07.680+0000] {processor.py:183} INFO - Processing /opt/airflow/dags/loading_dag.py took 0.096 seconds
[2026-09-17T23:12:38.284+0000] {processor.py:161} INFO - Started process (PID=1358) to work on /opt/airflow/dags/loading_dag.py
[2026-09-17T23:12:38.286+0000] {processor.py:830} INFO - Processing file /opt/airflow/dags/loading_dag.py for tasks to queue
[2026-09-17T23:12:38.288+0000] {logging_mixin.py:188} INFO - [2026-09-17T23:12:38.288+0000] {dagbag.py:545} INFO - Filling up the DagBag from /opt/airflow/dags/loading_dag.py
[2026-09-17T23:12:38.300+0000] {processor.py:840} INFO - DAG(s) 'data_loading' retrieved from /opt/airflow/dags/loading_dag.py
[2026-09-17T23:12:38.329+0000] {logging_mixin.py:188} INFO - [2026-09-17T23:12:38.329+0000] {dag.py:3096} INFO - Sync 1 DAGs
[2026-09-17T23:12:38.350+0000] {logging_mixin.py:188} INFO - [2026-09-17T23:12:38.350+0000] {dag.py:3954} INFO - Setting next_dagrun for data_loading to None, run_after=None
[2026-09-17T23:12:38.375+0000] {processor.py:183} INFO - Processing /opt/airflow/dags/loading_dag.py took 0.100 seconds
[2026-09-17T23:13:08.796+0000] {processor.py:161} INFO - Started process (PID=1366) to work on /opt/airflow/dags/loading_dag.py
[2026-09-17T23:13:08.798+0000] {processor.py:830} INFO - Processing file /opt/airflow/dags/loading_dag.py for tasks to queue
[2026-09-17T23:13:08.805+0000] {logging_mixin.py:188} INFO - [2026-09-17T23:13:08.804+0000] {dagbag.py:545} INFO - Filling up the DagBag from /opt/airflow/dags/loading_dag.py
[2026-09-17T23:13:08.845+0000] {processor.py:840} INFO - DAG(s) 'data_loading' retrieved from /opt/airflow/dags/loading_dag.py
[2026-09-17T23:13:08.898+0000] {logging_mixin.py:188} INFO - [2026-09-17T23:13:08.898+0000] {dag.py:3096} INFO - Sync 1 DAGs
[2026-09-17T23:13:08.936+0000] {logging_mixin.py:188} INFO - [2026-09-17T23:13:08.935+0000] {dag.py:3954} INFO - Setting next_dagrun for data_loading to None, run_after=None
[2026-09-17T23:13:08.971+0000] {processor.py:183} INFO - Processing /opt/airflow/dags/loading_dag.py took 0.199 seconds
[2026-09-17T23:13:39.158+0000] {processor.py:161} INFO - Started process (PID=1374) to work on /opt/airflow/dags/loading_dag.py
[2026-09-17T23:13:39.160+0000] {processor.py:830} INFO - Processing file /opt/airflow/dags/loading_dag.py for tasks to queue
[2026-09-17T23:13:39.162+0000] {logging_mixin.py:188} INFO - [2026-09-17T23:13:39.161+0000] {dagbag.py:545} INFO - Filling up the DagBag from /opt/airflow/dags/loading_dag.py
[2026-09-17T23:13:39.174+0000] {processor.py:840} INFO - DAG(s) 'data_loading' retrieved from /opt/airflow/dags/loading_dag.py
[2026-09-17T23:13:39.203+0000] {logging_mixin.py:188} INFO - [2026-09-17T23:13:39.203+0000] {dag.py:3096} INFO - Sync 1 DAGs
[2026-09-17T23:13:39.226+0000] {logging_mixin.py:188} INFO - [2026-09-17T23:13:39.226+0000] {dag.py:3954} INFO - Setting next_dagrun for data_loading to None, run_after=None
[2026-09-17T23:13:39.251+0000] {processor.py:183} INFO - Processing /opt/airflow/dags/loading_dag.py took 0.101 seconds
[2026-09-17T23:14:10.228+0000] {processor.py:161} INFO - Started process (PID=1383) to work on /opt/airflow/dags/loading_dag.py
[2026-09-17T23:14:10.234+0000] {processor.py:830} INFO - Processing file /opt/airflow/dags/loading_dag.py for tasks to queue
[2026-09-17T23:14:10.235+0000] {logging_mixin.py:188} INFO - [2026-09-17T23:14:10.235+0000] {dagbag.py:545} INFO - Filling up the DagBag from /opt/airflow/dags/loading_dag.py
[2026-09-17T23:14:10.245+0000] {processor.py:840} INFO - DAG(s) 'data_loading' retrieved from /opt/airflow/dags/loading_dag.py
[2026-09-17T23:14:10.270+0000] {logging_mixin.py:188} INFO - [2026-09-17T23:14:10.270+0000] {dag.py:3096} INFO - Sync 1 DAGs
[2026-09-17T23:14:10.288+0000] {logging_mixin.py:188} INFO - [2026-09-17T23:14:10.288+0000] {dag.py:3954} INFO - Setting next_dagrun for data_loading to None, run_after=None
[2026-09-17T23:14:10.313+0000] {processor.py:183} INFO - Processing /opt/airflow/dags/loading_dag.py took 0.092 seconds
[2026-09-17T23:14:41.128+0000] {processor.py:161} INFO - Started process (PID=1391) to work on /opt/airflow/dags/loading_dag.py
[2026-09-17T23:14:41.129+0000] {processor.py:830} INFO - Processing file /opt/airflow/dags/loading_dag.py for tasks to queue
[2026-09-17T23:14:41.131+0000] {logging_mixin.py:188} INFO - [2026-09-17T23:14:41.130+0000] {dagbag.py:545} INFO - Filling up the DagBag from /opt/airflow/dags/loading_dag.py
[2026-09-17T23:14:41.140+0000] {processor.py:840} INFO - DAG(s) 'data_loading' retrieved from /opt/airflow/dags/loading_dag.py
[2026-09-17T23:14:41.166+0000] {logging_mixin.py:188} INFO - [2026-09-17T23:14:41.166+0000] {dag.py:3096} INFO - Sync 1 DAGs
[2026-09-17T23:14:41.184+0000] {logging_mixin.py:188} INFO - [2026-09-17T23:14:41.184+0000] {dag.py:3954} INFO - Setting next_dagrun for data_loading to None, run_after=None
[2026-09-17T23:14:41.208+0000] {processor.py:183} INFO - Processing /opt/airflow/dags/loading_dag.py took 0.086 seconds
[2026-09-17T23:15:12.016+0000] {processor.py:161} INFO - Started process (PID=1399) to work on /opt/airflow/dags/loading_dag.py
[2026-09-17T23:15:12.022+0000] {processor.py:830} INFO - Processing file /opt/airflow/dags/loading_dag.py for tasks to queue
[2026-09-17T23:15:12.024+0000] {logging_mixin.py:188} INFO - [2026-09-17T23:15:12.024+0000] {dagbag.py:545} INFO - Filling up the DagBag from /opt/airflow/dags/loading_dag.py
[2026-09-17T23:15:12.036+0000] {processor.py:840} INFO - DAG(s) 'data_loading' retrieved from /opt/airflow/dags/loading_dag.py
[2026-09-17T23:15:12.064+0000] {logging_mixin.py:188} INFO - [2026-09-17T23:15:12.064+0000] {dag.py:3096} INFO - Sync 1 DAGs
[2026-09-17T23:15:12.084+0000] {logging_mixin.py:188} INFO - [2026-09-17T23:15:12.084+0000] {dag.py:3954} INFO - Setting next_dagrun for data_loading to None, run_after=None
[2026-09-17T23:15:12.108+0000] {processor.py:183} INFO - Processing /opt/airflow/dags/loading_dag.py took 0.099 seconds
[2026-09-17T23:15:42.794+0000] {processor.py:161} INFO - Started process (PID=1407) to work on /opt/airflow/dags/loading_dag.py
[2026-09-17T23:15:42.795+0000] {processor.py:830} INFO - Processing file /opt/airflow/dags/loading_dag.py for tasks to queue
[2026-09-17T23:15:42.796+0000] {logging_mixin.py:188} INFO - [2026-09-17T23:15:42.796+0000] {dagbag.py:545} INFO - Filling up the DagBag from /opt/airflow/dags/loading_dag.py
[2026-09-17T23:15:42.806+0000] {processor.py:840} INFO - DAG(s) 'data_loading' retrieved from /opt/airflow/dags/loading_dag.py
[2026-09-17T23:15:42.832+0000] {logging_mixin.py:188} INFO - [2026-09-17T23:15:42.832+0000] {dag.py:3096} INFO - Sync 1 DAGs
[2026-09-17T23:15:42.850+0000] {logging_mixin.py:188} INFO - [2026-09-17T23:15:42.850+0000] {dag.py:3954} INFO - Setting next_dagrun for data_loading to None, run_after=None
[2026-09-17T23:15:42.872+0000] {processor.py:183} INFO - Processing /opt/airflow/dags/loading_dag.py took 0.085 seconds
[2026-09-17T23:16:13.637+0000] {processor.py:161} INFO - Started process (PID=1415) to work on /opt/airflow/dags/loading_dag.py
[2026-09-17T23:16:13.643+0000] {processor.py:830} INFO - Processing file /opt/airflow/dags/loading_dag.py for tasks to queue
[2026-09-17T23:16:13.645+0000] {logging_mixin.py:188} INFO - [2026-09-17T23:16:13.644+0000] {dagbag.py:545} INFO - Filling up the DagBag from /opt/airflow/dags/loading_dag.py
[2026-09-17T23:16:13.655+0000] {processor.py:840} INFO - DAG(s) 'data_loading' retrieved from /opt/airflow/dags/loading_dag.py
[2026-09-17T23:16:13.680+0000] {logging_mixin.py:188} INFO - [2026-09-17T23:16:13.680+0000] {dag.py:3096} INFO - Sync 1 DAGs
[2026-09-17T23:16:13.701+0000] {logging_mixin.py:188} INFO - [2026-09-17T23:16:13.700+0000] {dag.py:3954} INFO - Setting next_dagrun for data_loading to None, run_after=None
[2026-09-17T23:16:13.724+0000] {processor.py:183} INFO - Processing /opt/airflow/dags/loading_dag.py took 0.096 seconds
[2026-09-17T23:16:44.440+0000] {processor.py:161} INFO - Started process (PID=1429) to work on /opt/airflow/dags/loading_dag.py
[2026-09-17T23:16:44.441+0000] {processor.py:830} INFO - Processing file /opt/airflow/dags/loading_dag.py for tasks to queue
[2026-09-17T23:16:44.442+0000] {logging_mixin.py:188} INFO - [2026-09-17T23:16:44.442+0000] {dagbag.py:545} INFO - Filling up the DagBag from /opt/airflow/dags/loading_dag.py
[2026-09-17T23:16:44.451+0000] {processor.py:840} INFO - DAG(s) 'data_loading' retrieved from /opt/airflow/dags/loading_dag.py
[2026-09-17T23:16:44.476+0000] {logging_mixin.py:188} INFO - [2026-09-17T23:16:44.476+0000] {dag.py:3096} INFO - Sync 1 DAGs
[2026-09-17T23:16:44.495+0000] {logging_mixin.py:188} INFO - [2026-09-17T23:16:44.494+0000] {dag.py:3954} INFO - Setting next_dagrun for data_loading to None, run_after=None
[2026-09-17T23:16:44.517+0000] {processor.py:183} INFO - Processing /opt/airflow/dags/loading_dag.py took 0.083 seconds
[2026-09-17T23:17:15.089+0000] {processor.py:161} INFO - Started process (PID=1437) to work on /opt/airflow/dags/loading_dag.py
[2026-09-17T23:17:15.094+0000] {processor.py:830} INFO - Processing file /opt/airflow/dags/loading_dag.py for tasks to queue
[2026-09-17T23:17:15.096+0000] {logging_mixin.py:188} INFO - [2026-09-17T23:17:15.096+0000] {dagbag.py:545} INFO - Filling up the DagBag from /opt/airflow/dags/loading_dag.py
[2026-09-17T23:17:15.106+0000] {processor.py:840} INFO - DAG(s) 'data_loading' retrieved from /opt/airflow/dags/loading_dag.py
[2026-09-17T23:17:15.134+0000] {logging_mixin.py:188} INFO - [2026-09-17T23:17:15.133+0000] {dag.py:3096} INFO - Sync 1 DAGs
[2026-09-17T23:17:15.154+0000] {logging_mixin.py:188} INFO - [2026-09-17T23:17:15.154+0000] {dag.py:3954} INFO - Setting next_dagrun for data_loading to None, run_after=None
[2026-09-17T23:17:15.180+0000] {processor.py:183} INFO - Processing /opt/airflow/dags/loading_dag.py took 0.099 seconds
[2026-09-17T23:17:46.093+0000] {processor.py:161} INFO - Started process (PID=1445) to work on /opt/airflow/dags/loading_dag.py
[2026-09-17T23:17:46.094+0000] {processor.py:830} INFO - Processing file /opt/airflow/dags/loading_dag.py for tasks to queue
[2026-09-17T23:17:46.096+0000] {logging_mixin.py:188} INFO - [2026-09-17T23:17:46.096+0000] {dagbag.py:545} INFO - Filling up the DagBag from /opt/airflow/dags/loading_dag.py
[2026-09-17T23:17:46.106+0000] {processor.py:840} INFO - DAG(s) 'data_loading' retrieved from /opt/airflow/dags/loading_dag.py
[2026-09-17T23:17:46.134+0000] {logging_mixin.py:188} INFO - [2026-09-17T23:17:46.134+0000] {dag.py:3096} INFO - Sync 1 DAGs
[2026-09-17T23:17:46.153+0000] {logging_mixin.py:188} INFO - [2026-09-17T23:17:46.153+0000] {dag.py:3954} INFO - Setting next_dagrun for data_loading to None, run_after=None
[2026-09-17T23:17:46.180+0000] {processor.py:183} INFO - Processing /opt/airflow/dags/loading_dag.py took 0.095 seconds
[2026-09-17T23:18:17.024+0000] {processor.py:161} INFO - Started process (PID=1453) to work on /opt/airflow/dags/loading_dag.py
[2026-09-17T23:18:17.030+0000] {processor.py:830} INFO - Processing file /opt/airflow/dags/loading_dag.py for tasks to queue
[2026-09-17T23:18:17.032+0000] {logging_mixin.py:188} INFO - [2026-09-17T23:18:17.031+0000] {dagbag.py:545} INFO - Filling up the DagBag from /opt/airflow/dags/loading_dag.py
[2026-09-17T23:18:17.041+0000] {processor.py:840} INFO - DAG(s) 'data_loading' retrieved from /opt/airflow/dags/loading_dag.py
[2026-09-17T23:18:17.067+0000] {logging_mixin.py:188} INFO - [2026-09-17T23:18:17.066+0000] {dag.py:3096} INFO - Sync 1 DAGs
[2026-09-17T23:18:17.091+0000] {logging_mixin.py:188} INFO - [2026-09-17T23:18:17.091+0000] {dag.py:3954} INFO - Setting next_dagrun for data_loading to None, run_after=None
[2026-09-17T23:18:17.118+0000] {processor.py:183} INFO - Processing /opt/airflow/dags/loading_dag.py took 0.099 seconds
[2026-09-17T23:18:47.911+0000] {processor.py:161} INFO - Started process (PID=1461) to work on /opt/airflow/dags/loading_dag.py
[2026-09-17T23:18:47.917+0000] {processor.py:830} INFO - Processing file /opt/airflow/dags/loading_dag.py for tasks to queue
[2026-09-17T23:18:47.918+0000] {logging_mixin.py:188} INFO - [2026-09-17T23:18:47.918+0000] {dagbag.py:545} INFO - Filling up the DagBag from /opt/airflow/dags/loading_dag.py
[2026-09-17T23:18:47.928+0000] {processor.py:840} INFO - DAG(s) 'data_loading' retrieved from /opt/airflow/dags/loading_dag.py
[2026-09-17T23:18:47.954+0000] {logging_mixin.py:188} INFO - [2026-09-17T23:18:47.953+0000] {dag.py:3096} INFO - Sync 1 DAGs
[2026-09-17T23:18:47.973+0000] {logging_mixin.py:188} INFO - [2026-09-17T23:18:47.972+0000] {dag.py:3954} INFO - Setting next_dagrun for data_loading to None, run_after=None
[2026-09-17T23:18:47.992+0000] {processor.py:183} INFO - Processing /opt/airflow/dags/loading_dag.py took 0.088 seconds
[2026-09-17T23:19:18.682+0000] {processor.py:161} INFO - Started process (PID=1469) to work on /opt/airflow/dags/loading_dag.py
[2026-09-17T23:19:18.682+0000] {processor.py:830} INFO - Processing file /opt/airflow/dags/loading_dag.py for tasks to queue
[2026-09-17T23:19:18.684+0000] {logging_mixin.py:188} INFO - [2026-09-17T23:19:18.684+0000] {dagbag.py:545} INFO - Filling up the DagBag from /opt/airflow/dags/loading_dag.py
[2026-09-17T23:19:18.693+0000] {processor.py:840} INFO - DAG(s) 'data_loading' retrieved from /opt/airflow/dags/loading_dag.py
[2026-09-17T23:19:18.717+0000] {logging_mixin.py:188} INFO - [2026-09-17T23:19:18.717+0000] {dag.py:3096} INFO - Sync 1 DAGs
[2026-09-17T23:19:18.736+0000] {logging_mixin.py:188} INFO - [2026-09-17T23:19:18.736+0000] {dag.py:3954} INFO - Setting next_dagrun for data_loading to None, run_after=None
[2026-09-17T23:19:18.760+0000] {processor.py:183} INFO - Processing /opt/airflow/dags/loading_dag.py took 0.085 seconds
[2026-09-17T23:19:49.020+0000] {processor.py:161} INFO - Started process (PID=1477) to work on /opt/airflow/dags/loading_dag.py
[2026-09-17T23:19:49.025+0000] {processor.py:830} INFO - Processing file /opt/airflow/dags/loading_dag.py for tasks to queue
[2026-09-17T23:19:49.027+0000] {logging_mixin.py:188} INFO - [2026-09-17T23:19:49.027+0000] {dagbag.py:545} INFO - Filling up the DagBag from /opt/airflow/dags/loading_dag.py
[2026-09-17T23:19:49.037+0000] {processor.py:840} INFO - DAG(s) 'data_loading' retrieved from /opt/airflow/dags/loading_dag.py
[2026-09-17T23:19:49.063+0000] {logging_mixin.py:188} INFO - [2026-09-17T23:19:49.062+0000] {dag.py:3096} INFO - Sync 1 DAGs
[2026-09-17T23:19:49.082+0000] {logging_mixin.py:188} INFO - [2026-09-17T23:19:49.082+0000] {dag.py:3954} INFO - Setting next_dagrun for data_loading to None, run_after=None
[2026-09-17T23:19:49.106+0000] {processor.py:183} INFO - Processing /opt/airflow/dags/loading_dag.py took 0.093 seconds
[2026-09-17T23:20:19.877+0000] {processor.py:161} INFO - Started process (PID=1485) to work on /opt/airflow/dags/loading_dag.py
[2026-09-17T23:20:19.878+0000] {processor.py:830} INFO - Processing file /opt/airflow/dags/loading_dag.py for tasks to queue
[2026-09-17T23:20:19.883+0000] {logging_mixin.py:188} INFO - [2026-09-17T23:20:19.882+0000] {dagbag.py:545} INFO - Filling up the DagBag from /opt/airflow/dags/loading_dag.py
[2026-09-17T23:20:19.902+0000] {processor.py:840} INFO - DAG(s) 'data_loading' retrieved from /opt/airflow/dags/loading_dag.py
[2026-09-17T23:20:19.934+0000] {logging_mixin.py:188} INFO - [2026-09-17T23:20:19.934+0000] {dag.py:3096} INFO - Sync 1 DAGs
[2026-09-17T23:20:19.959+0000] {logging_mixin.py:188} INFO - [2026-09-17T23:20:19.959+0000] {dag.py:3954} INFO - Setting next_dagrun for data_loading to None, run_after=None
[2026-09-17T23:20:19.981+0000] {processor.py:183} INFO - Processing /opt/airflow/dags/loading_dag.py took 0.115 seconds
[2026-09-17T23:20:50.482+0000] {processor.py:161} INFO - Started process (PID=1493) to work on /opt/airflow/dags/loading_dag.py
[2026-09-17T23:20:50.487+0000] {processor.py:830} INFO - Processing file /opt/airflow/dags/loading_dag.py for tasks to queue
[2026-09-17T23:20:50.489+0000] {logging_mixin.py:188} INFO - [2026-09-17T23:20:50.489+0000] {dagbag.py:545} INFO - Filling up the DagBag from /opt/airflow/dags/loading_dag.py
[2026-09-17T23:20:50.499+0000] {processor.py:840} INFO - DAG(s) 'data_loading' retrieved from /opt/airflow/dags/loading_dag.py
[2026-09-17T23:20:50.523+0000] {logging_mixin.py:188} INFO - [2026-09-17T23:20:50.523+0000] {dag.py:3096} INFO - Sync 1 DAGs
[2026-09-17T23:20:50.540+0000] {logging_mixin.py:188} INFO - [2026-09-17T23:20:50.540+0000] {dag.py:3954} INFO - Setting next_dagrun for data_loading to None, run_after=None
[2026-09-17T23:20:50.563+0000] {processor.py:183} INFO - Processing /opt/airflow/dags/loading_dag.py took 0.087 seconds
[2026-09-17T23:21:20.635+0000] {processor.py:161} INFO - Started process (PID=1507) to work on /opt/airflow/dags/loading_dag.py
[2026-09-17T23:21:20.636+0000] {processor.py:830} INFO - Processing file /opt/airflow/dags/loading_dag.py for tasks to queue
[2026-09-17T23:21:20.639+0000] {logging_mixin.py:188} INFO - [2026-09-17T23:21:20.638+0000] {dagbag.py:545} INFO - Filling up the DagBag from /opt/airflow/dags/loading_dag.py
[2026-09-17T23:21:20.650+0000] {processor.py:840} INFO - DAG(s) 'data_loading' retrieved from /opt/airflow/dags/loading_dag.py
[2026-09-17T23:21:20.677+0000] {logging_mixin.py:188} INFO - [2026-09-17T23:21:20.676+0000] {dag.py:3096} INFO - Sync 1 DAGs
[2026-09-17T23:21:20.695+0000] {logging_mixin.py:188} INFO - [2026-09-17T23:21:20.695+0000] {dag.py:3954} INFO - Setting next_dagrun for data_loading to None, run_after=None
[2026-09-17T23:21:20.718+0000] {processor.py:183} INFO - Processing /opt/airflow/dags/loading_dag.py took 0.091 seconds
[2026-09-17T23:21:51.485+0000] {processor.py:161} INFO - Started process (PID=1515) to work on /opt/airflow/dags/loading_dag.py
[2026-09-17T23:21:51.490+0000] {processor.py:830} INFO - Processing file /opt/airflow/dags/loading_dag.py for tasks to queue
[2026-09-17T23:21:51.492+0000] {logging_mixin.py:188} INFO - [2026-09-17T23:21:51.492+0000] {dagbag.py:545} INFO - Filling up the DagBag from /opt/airflow/dags/loading_dag.py
[2026-09-17T23:21:51.502+0000] {processor.py:840} INFO - DAG(s) 'data_loading' retrieved from /opt/airflow/dags/loading_dag.py
[2026-09-17T23:21:51.527+0000] {logging_mixin.py:188} INFO - [2026-09-17T23:21:51.527+0000] {dag.py:3096} INFO - Sync 1 DAGs
[2026-09-17T23:21:51.546+0000] {logging_mixin.py:188} INFO - [2026-09-17T23:21:51.546+0000] {dag.py:3954} INFO - Setting next_dagrun for data_loading to None, run_after=None
[2026-09-17T23:21:51.568+0000] {processor.py:183} INFO - Processing /opt/airflow/dags/loading_dag.py took 0.090 seconds
[2026-09-17T23:22:21.945+0000] {processor.py:161} INFO - Started process (PID=1523) to work on /opt/airflow/dags/loading_dag.py
[2026-09-17T23:22:21.946+0000] {processor.py:830} INFO - Processing file /opt/airflow/dags/loading_dag.py for tasks to queue
[2026-09-17T23:22:21.948+0000] {logging_mixin.py:188} INFO - [2026-09-17T23:22:21.948+0000] {dagbag.py:545} INFO - Filling up the DagBag from /opt/airflow/dags/loading_dag.py
[2026-09-17T23:22:21.959+0000] {processor.py:840} INFO - DAG(s) 'data_loading' retrieved from /opt/airflow/dags/loading_dag.py
[2026-09-17T23:22:21.987+0000] {logging_mixin.py:188} INFO - [2026-09-17T23:22:21.987+0000] {dag.py:3096} INFO - Sync 1 DAGs
[2026-09-17T23:22:22.007+0000] {logging_mixin.py:188} INFO - [2026-09-17T23:22:22.007+0000] {dag.py:3954} INFO - Setting next_dagrun for data_loading to None, run_after=None
[2026-09-17T23:22:22.030+0000] {processor.py:183} INFO - Processing /opt/airflow/dags/loading_dag.py took 0.090 seconds
[2026-09-17T23:22:52.390+0000] {processor.py:161} INFO - Started process (PID=1531) to work on /opt/airflow/dags/loading_dag.py
[2026-09-17T23:22:52.393+0000] {processor.py:830} INFO - Processing file /opt/airflow/dags/loading_dag.py for tasks to queue
[2026-09-17T23:22:52.395+0000] {logging_mixin.py:188} INFO - [2026-09-17T23:22:52.394+0000] {dagbag.py:545} INFO - Filling up the DagBag from /opt/airflow/dags/loading_dag.py
[2026-09-17T23:22:52.405+0000] {processor.py:840} INFO - DAG(s) 'data_loading' retrieved from /opt/airflow/dags/loading_dag.py
[2026-09-17T23:22:52.432+0000] {logging_mixin.py:188} INFO - [2026-09-17T23:22:52.431+0000] {dag.py:3096} INFO - Sync 1 DAGs
[2026-09-17T23:22:52.451+0000] {logging_mixin.py:188} INFO - [2026-09-17T23:22:52.450+0000] {dag.py:3954} INFO - Setting next_dagrun for data_loading to None, run_after=None
[2026-09-17T23:22:52.473+0000] {processor.py:183} INFO - Processing /opt/airflow/dags/loading_dag.py took 0.090 seconds
[2026-09-17T23:23:23.185+0000] {processor.py:161} INFO - Started process (PID=1539) to work on /opt/airflow/dags/loading_dag.py
[2026-09-17T23:23:23.186+0000] {processor.py:830} INFO - Processing file /opt/airflow/dags/loading_dag.py for tasks to queue
[2026-09-17T23:23:23.191+0000] {logging_mixin.py:188} INFO - [2026-09-17T23:23:23.191+0000] {dagbag.py:545} INFO - Filling up the DagBag from /opt/airflow/dags/loading_dag.py
[2026-09-17T23:23:23.202+0000] {processor.py:840} INFO - DAG(s) 'data_loading' retrieved from /opt/airflow/dags/loading_dag.py
[2026-09-17T23:23:23.229+0000] {logging_mixin.py:188} INFO - [2026-09-17T23:23:23.228+0000] {dag.py:3096} INFO - Sync 1 DAGs
[2026-09-17T23:23:23.250+0000] {logging_mixin.py:188} INFO - [2026-09-17T23:23:23.250+0000] {dag.py:3954} INFO - Setting next_dagrun for data_loading to None, run_after=None
[2026-09-17T23:23:23.276+0000] {processor.py:183} INFO - Processing /opt/airflow/dags/loading_dag.py took 0.098 seconds
[2026-09-17T23:23:53.391+0000] {processor.py:161} INFO - Started process (PID=1547) to work on /opt/airflow/dags/loading_dag.py
[2026-09-17T23:23:53.396+0000] {processor.py:830} INFO - Processing file /opt/airflow/dags/loading_dag.py for tasks to queue
[2026-09-17T23:23:53.398+0000] {logging_mixin.py:188} INFO - [2026-09-17T23:23:53.397+0000] {dagbag.py:545} INFO - Filling up the DagBag from /opt/airflow/dags/loading_dag.py
[2026-09-17T23:23:53.410+0000] {processor.py:840} INFO - DAG(s) 'data_loading' retrieved from /opt/airflow/dags/loading_dag.py
[2026-09-17T23:23:53.436+0000] {logging_mixin.py:188} INFO - [2026-09-17T23:23:53.435+0000] {dag.py:3096} INFO - Sync 1 DAGs
[2026-09-17T23:23:53.453+0000] {logging_mixin.py:188} INFO - [2026-09-17T23:23:53.453+0000] {dag.py:3954} INFO - Setting next_dagrun for data_loading to None, run_after=None
[2026-09-17T23:23:53.472+0000] {processor.py:183} INFO - Processing /opt/airflow/dags/loading_dag.py took 0.089 seconds
[2026-09-17T23:24:24.360+0000] {processor.py:161} INFO - Started process (PID=1555) to work on /opt/airflow/dags/loading_dag.py
[2026-09-17T23:24:24.366+0000] {processor.py:830} INFO - Processing file /opt/airflow/dags/loading_dag.py for tasks to queue
[2026-09-17T23:24:24.368+0000] {logging_mixin.py:188} INFO - [2026-09-17T23:24:24.368+0000] {dagbag.py:545} INFO - Filling up the DagBag from /opt/airflow/dags/loading_dag.py
[2026-09-17T23:24:24.379+0000] {processor.py:840} INFO - DAG(s) 'data_loading' retrieved from /opt/airflow/dags/loading_dag.py
[2026-09-17T23:24:24.404+0000] {logging_mixin.py:188} INFO - [2026-09-17T23:24:24.404+0000] {dag.py:3096} INFO - Sync 1 DAGs
[2026-09-17T23:24:24.760+0000] {logging_mixin.py:188} INFO - [2026-09-17T23:24:24.760+0000] {dag.py:3954} INFO - Setting next_dagrun for data_loading to None, run_after=None
[2026-09-17T23:24:24.782+0000] {processor.py:183} INFO - Processing /opt/airflow/dags/loading_dag.py took 0.428 seconds
[2026-09-17T23:24:55.313+0000] {processor.py:161} INFO - Started process (PID=1563) to work on /opt/airflow/dags/loading_dag.py
[2026-09-17T23:24:55.314+0000] {processor.py:830} INFO - Processing file /opt/airflow/dags/loading_dag.py for tasks to queue
[2026-09-17T23:24:55.317+0000] {logging_mixin.py:188} INFO - [2026-09-17T23:24:55.317+0000] {dagbag.py:545} INFO - Filling up the DagBag from /opt/airflow/dags/loading_dag.py
[2026-09-17T23:24:55.333+0000] {processor.py:840} INFO - DAG(s) 'data_loading' retrieved from /opt/airflow/dags/loading_dag.py
[2026-09-17T23:24:55.373+0000] {logging_mixin.py:188} INFO - [2026-09-17T23:24:55.370+0000] {dag.py:3096} INFO - Sync 1 DAGs
[2026-09-17T23:24:55.402+0000] {logging_mixin.py:188} INFO - [2026-09-17T23:24:55.402+0000] {dag.py:3954} INFO - Setting next_dagrun for data_loading to None, run_after=None
[2026-09-17T23:24:55.438+0000] {processor.py:183} INFO - Processing /opt/airflow/dags/loading_dag.py took 0.134 seconds
[2026-09-17T23:25:26.207+0000] {processor.py:161} INFO - Started process (PID=1571) to work on /opt/airflow/dags/loading_dag.py
[2026-09-17T23:25:26.213+0000] {processor.py:830} INFO - Processing file /opt/airflow/dags/loading_dag.py for tasks to queue
[2026-09-17T23:25:26.218+0000] {logging_mixin.py:188} INFO - [2026-09-17T23:25:26.216+0000] {dagbag.py:545} INFO - Filling up the DagBag from /opt/airflow/dags/loading_dag.py
[2026-09-17T23:25:26.233+0000] {processor.py:840} INFO - DAG(s) 'data_loading' retrieved from /opt/airflow/dags/loading_dag.py
[2026-09-17T23:25:26.278+0000] {logging_mixin.py:188} INFO - [2026-09-17T23:25:26.278+0000] {dag.py:3096} INFO - Sync 1 DAGs
[2026-09-17T23:25:26.309+0000] {logging_mixin.py:188} INFO - [2026-09-17T23:25:26.308+0000] {dag.py:3954} INFO - Setting next_dagrun for data_loading to None, run_after=None
[2026-09-17T23:25:26.341+0000] {processor.py:183} INFO - Processing /opt/airflow/dags/loading_dag.py took 0.146 seconds
[2026-09-17T23:25:56.480+0000] {processor.py:161} INFO - Started process (PID=1579) to work on /opt/airflow/dags/loading_dag.py
[2026-09-17T23:25:56.481+0000] {processor.py:830} INFO - Processing file /opt/airflow/dags/loading_dag.py for tasks to queue
[2026-09-17T23:25:56.483+0000] {logging_mixin.py:188} INFO - [2026-09-17T23:25:56.482+0000] {dagbag.py:545} INFO - Filling up the DagBag from /opt/airflow/dags/loading_dag.py
[2026-09-17T23:25:56.498+0000] {processor.py:840} INFO - DAG(s) 'data_loading' retrieved from /opt/airflow/dags/loading_dag.py
[2026-09-17T23:25:56.537+0000] {logging_mixin.py:188} INFO - [2026-09-17T23:25:56.537+0000] {dag.py:3096} INFO - Sync 1 DAGs
[2026-09-17T23:25:56.792+0000] {logging_mixin.py:188} INFO - [2026-09-17T23:25:56.791+0000] {dag.py:3954} INFO - Setting next_dagrun for data_loading to None, run_after=None
[2026-09-17T23:25:56.824+0000] {processor.py:183} INFO - Processing /opt/airflow/dags/loading_dag.py took 0.353 seconds
[2026-09-17T23:26:27.718+0000] {processor.py:161} INFO - Started process (PID=1593) to work on /opt/airflow/dags/loading_dag.py
[2026-09-17T23:26:27.720+0000] {processor.py:830} INFO - Processing file /opt/airflow/dags/loading_dag.py for tasks to queue
[2026-09-17T23:26:27.722+0000] {logging_mixin.py:188} INFO - [2026-09-17T23:26:27.722+0000] {dagbag.py:545} INFO - Filling up the DagBag from /opt/airflow/dags/loading_dag.py
[2026-09-17T23:26:27.733+0000] {processor.py:840} INFO - DAG(s) 'data_loading' retrieved from /opt/airflow/dags/loading_dag.py
[2026-09-17T23:26:27.773+0000] {logging_mixin.py:188} INFO - [2026-09-17T23:26:27.772+0000] {dag.py:3096} INFO - Sync 1 DAGs
[2026-09-17T23:26:27.793+0000] {logging_mixin.py:188} INFO - [2026-09-17T23:26:27.792+0000] {dag.py:3954} INFO - Setting next_dagrun for data_loading to None, run_after=None
[2026-09-17T23:26:27.816+0000] {processor.py:183} INFO - Processing /opt/airflow/dags/loading_dag.py took 0.106 seconds
[2026-09-17T23:26:58.029+0000] {processor.py:161} INFO - Started process (PID=1602) to work on /opt/airflow/dags/loading_dag.py
[2026-09-17T23:26:58.030+0000] {processor.py:830} INFO - Processing file /opt/airflow/dags/loading_dag.py for tasks to queue
[2026-09-17T23:26:58.033+0000] {logging_mixin.py:188} INFO - [2026-09-17T23:26:58.032+0000] {dagbag.py:545} INFO - Filling up the DagBag from /opt/airflow/dags/loading_dag.py
[2026-09-17T23:26:58.043+0000] {processor.py:840} INFO - DAG(s) 'data_loading' retrieved from /opt/airflow/dags/loading_dag.py
[2026-09-17T23:26:58.072+0000] {logging_mixin.py:188} INFO - [2026-09-17T23:26:58.071+0000] {dag.py:3096} INFO - Sync 1 DAGs
[2026-09-17T23:26:58.095+0000] {logging_mixin.py:188} INFO - [2026-09-17T23:26:58.095+0000] {dag.py:3954} INFO - Setting next_dagrun for data_loading to None, run_after=None
[2026-09-17T23:26:58.121+0000] {processor.py:183} INFO - Processing /opt/airflow/dags/loading_dag.py took 0.100 seconds
[2026-09-17T23:27:28.456+0000] {processor.py:161} INFO - Started process (PID=1611) to work on /opt/airflow/dags/loading_dag.py
[2026-09-17T23:27:28.457+0000] {processor.py:830} INFO - Processing file /opt/airflow/dags/loading_dag.py for tasks to queue
[2026-09-17T23:27:28.461+0000] {logging_mixin.py:188} INFO - [2026-09-17T23:27:28.460+0000] {dagbag.py:545} INFO - Filling up the DagBag from /opt/airflow/dags/loading_dag.py
[2026-09-17T23:27:28.479+0000] {processor.py:840} INFO - DAG(s) 'data_loading' retrieved from /opt/airflow/dags/loading_dag.py
[2026-09-17T23:27:28.512+0000] {logging_mixin.py:188} INFO - [2026-09-17T23:27:28.512+0000] {dag.py:3096} INFO - Sync 1 DAGs
[2026-09-17T23:27:28.680+0000] {logging_mixin.py:188} INFO - [2026-09-17T23:27:28.680+0000] {dag.py:3954} INFO - Setting next_dagrun for data_loading to None, run_after=None
[2026-09-17T23:27:28.709+0000] {processor.py:183} INFO - Processing /opt/airflow/dags/loading_dag.py took 0.264 seconds
[2026-09-17T23:27:59.667+0000] {processor.py:161} INFO - Started process (PID=1619) to work on /opt/airflow/dags/loading_dag.py
[2026-09-17T23:27:59.673+0000] {processor.py:830} INFO - Processing file /opt/airflow/dags/loading_dag.py for tasks to queue
[2026-09-17T23:27:59.675+0000] {logging_mixin.py:188} INFO - [2026-09-17T23:27:59.675+0000] {dagbag.py:545} INFO - Filling up the DagBag from /opt/airflow/dags/loading_dag.py
[2026-09-17T23:27:59.686+0000] {processor.py:840} INFO - DAG(s) 'data_loading' retrieved from /opt/airflow/dags/loading_dag.py
[2026-09-17T23:27:59.715+0000] {logging_mixin.py:188} INFO - [2026-09-17T23:27:59.715+0000] {dag.py:3096} INFO - Sync 1 DAGs
[2026-09-17T23:27:59.737+0000] {logging_mixin.py:188} INFO - [2026-09-17T23:27:59.737+0000] {dag.py:3954} INFO - Setting next_dagrun for data_loading to None, run_after=None
[2026-09-17T23:27:59.766+0000] {processor.py:183} INFO - Processing /opt/airflow/dags/loading_dag.py took 0.108 seconds
[2026-09-17T23:28:30.702+0000] {processor.py:161} INFO - Started process (PID=1627) to work on /opt/airflow/dags/loading_dag.py
[2026-09-17T23:28:30.708+0000] {processor.py:830} INFO - Processing file /opt/airflow/dags/loading_dag.py for tasks to queue
[2026-09-17T23:28:30.710+0000] {logging_mixin.py:188} INFO - [2026-09-17T23:28:30.710+0000] {dagbag.py:545} INFO - Filling up the DagBag from /opt/airflow/dags/loading_dag.py
[2026-09-17T23:28:30.722+0000] {processor.py:840} INFO - DAG(s) 'data_loading' retrieved from /opt/airflow/dags/loading_dag.py
[2026-09-17T23:28:30.751+0000] {logging_mixin.py:188} INFO - [2026-09-17T23:28:30.750+0000] {dag.py:3096} INFO - Sync 1 DAGs
[2026-09-17T23:28:30.777+0000] {logging_mixin.py:188} INFO - [2026-09-17T23:28:30.776+0000] {dag.py:3954} INFO - Setting next_dagrun for data_loading to None, run_after=None
[2026-09-17T23:28:30.801+0000] {processor.py:183} INFO - Processing /opt/airflow/dags/loading_dag.py took 0.108 seconds
[2026-09-17T23:29:01.710+0000] {processor.py:161} INFO - Started process (PID=1635) to work on /opt/airflow/dags/loading_dag.py
[2026-09-17T23:29:01.711+0000] {processor.py:830} INFO - Processing file /opt/airflow/dags/loading_dag.py for tasks to queue
[2026-09-17T23:29:01.714+0000] {logging_mixin.py:188} INFO - [2026-09-17T23:29:01.713+0000] {dagbag.py:545} INFO - Filling up the DagBag from /opt/airflow/dags/loading_dag.py
[2026-09-17T23:29:01.731+0000] {processor.py:840} INFO - DAG(s) 'data_loading' retrieved from /opt/airflow/dags/loading_dag.py
[2026-09-17T23:29:01.770+0000] {logging_mixin.py:188} INFO - [2026-09-17T23:29:01.769+0000] {dag.py:3096} INFO - Sync 1 DAGs
[2026-09-17T23:29:01.974+0000] {logging_mixin.py:188} INFO - [2026-09-17T23:29:01.973+0000] {dag.py:3954} INFO - Setting next_dagrun for data_loading to None, run_after=None
[2026-09-17T23:29:01.995+0000] {processor.py:183} INFO - Processing /opt/airflow/dags/loading_dag.py took 0.293 seconds
[2026-09-17T23:29:32.673+0000] {processor.py:161} INFO - Started process (PID=1643) to work on /opt/airflow/dags/loading_dag.py
[2026-09-17T23:29:32.679+0000] {processor.py:830} INFO - Processing file /opt/airflow/dags/loading_dag.py for tasks to queue
[2026-09-17T23:29:32.681+0000] {logging_mixin.py:188} INFO - [2026-09-17T23:29:32.680+0000] {dagbag.py:545} INFO - Filling up the DagBag from /opt/airflow/dags/loading_dag.py
[2026-09-17T23:29:32.836+0000] {processor.py:840} INFO - DAG(s) 'data_loading' retrieved from /opt/airflow/dags/loading_dag.py
[2026-09-17T23:29:32.865+0000] {logging_mixin.py:188} INFO - [2026-09-17T23:29:32.865+0000] {dag.py:3096} INFO - Sync 1 DAGs
[2026-09-17T23:29:32.883+0000] {logging_mixin.py:188} INFO - [2026-09-17T23:29:32.883+0000] {dag.py:3954} INFO - Setting next_dagrun for data_loading to None, run_after=None
[2026-09-17T23:29:32.906+0000] {processor.py:183} INFO - Processing /opt/airflow/dags/loading_dag.py took 0.240 seconds
[2026-09-17T23:30:03.037+0000] {processor.py:161} INFO - Started process (PID=1651) to work on /opt/airflow/dags/loading_dag.py
[2026-09-17T23:30:03.038+0000] {processor.py:830} INFO - Processing file /opt/airflow/dags/loading_dag.py for tasks to queue
[2026-09-17T23:30:03.040+0000] {logging_mixin.py:188} INFO - [2026-09-17T23:30:03.039+0000] {dagbag.py:545} INFO - Filling up the DagBag from /opt/airflow/dags/loading_dag.py
[2026-09-17T23:30:03.052+0000] {processor.py:840} INFO - DAG(s) 'data_loading' retrieved from /opt/airflow/dags/loading_dag.py
[2026-09-17T23:30:03.080+0000] {logging_mixin.py:188} INFO - [2026-09-17T23:30:03.080+0000] {dag.py:3096} INFO - Sync 1 DAGs
[2026-09-17T23:30:03.100+0000] {logging_mixin.py:188} INFO - [2026-09-17T23:30:03.100+0000] {dag.py:3954} INFO - Setting next_dagrun for data_loading to None, run_after=None
[2026-09-17T23:30:03.124+0000] {processor.py:183} INFO - Processing /opt/airflow/dags/loading_dag.py took 0.095 seconds
[2026-09-17T23:30:33.909+0000] {processor.py:161} INFO - Started process (PID=1660) to work on /opt/airflow/dags/loading_dag.py
[2026-09-17T23:30:33.914+0000] {processor.py:830} INFO - Processing file /opt/airflow/dags/loading_dag.py for tasks to queue
[2026-09-17T23:30:33.916+0000] {logging_mixin.py:188} INFO - [2026-09-17T23:30:33.916+0000] {dagbag.py:545} INFO - Filling up the DagBag from /opt/airflow/dags/loading_dag.py
[2026-09-17T23:30:33.927+0000] {processor.py:840} INFO - DAG(s) 'data_loading' retrieved from /opt/airflow/dags/loading_dag.py
[2026-09-17T23:30:33.957+0000] {logging_mixin.py:188} INFO - [2026-09-17T23:30:33.956+0000] {dag.py:3096} INFO - Sync 1 DAGs
[2026-09-17T23:30:33.984+0000] {logging_mixin.py:188} INFO - [2026-09-17T23:30:33.983+0000] {dag.py:3954} INFO - Setting next_dagrun for data_loading to None, run_after=None
[2026-09-17T23:30:34.019+0000] {processor.py:183} INFO - Processing /opt/airflow/dags/loading_dag.py took 0.118 seconds
[2026-09-17T23:31:04.070+0000] {processor.py:161} INFO - Started process (PID=1675) to work on /opt/airflow/dags/loading_dag.py
[2026-09-17T23:31:04.072+0000] {processor.py:830} INFO - Processing file /opt/airflow/dags/loading_dag.py for tasks to queue
[2026-09-17T23:31:04.076+0000] {logging_mixin.py:188} INFO - [2026-09-17T23:31:04.075+0000] {dagbag.py:545} INFO - Filling up the DagBag from /opt/airflow/dags/loading_dag.py
[2026-09-17T23:31:04.089+0000] {processor.py:840} INFO - DAG(s) 'data_loading' retrieved from /opt/airflow/dags/loading_dag.py
[2026-09-17T23:31:04.121+0000] {logging_mixin.py:188} INFO - [2026-09-17T23:31:04.121+0000] {dag.py:3096} INFO - Sync 1 DAGs
[2026-09-17T23:31:04.144+0000] {logging_mixin.py:188} INFO - [2026-09-17T23:31:04.144+0000] {dag.py:3954} INFO - Setting next_dagrun for data_loading to None, run_after=None
[2026-09-17T23:31:04.171+0000] {processor.py:183} INFO - Processing /opt/airflow/dags/loading_dag.py took 0.113 seconds
[2026-09-17T23:31:34.977+0000] {processor.py:161} INFO - Started process (PID=1682) to work on /opt/airflow/dags/loading_dag.py
[2026-09-17T23:31:34.979+0000] {processor.py:830} INFO - Processing file /opt/airflow/dags/loading_dag.py for tasks to queue
[2026-09-17T23:31:34.981+0000] {logging_mixin.py:188} INFO - [2026-09-17T23:31:34.981+0000] {dagbag.py:545} INFO - Filling up the DagBag from /opt/airflow/dags/loading_dag.py
[2026-09-17T23:31:35.000+0000] {processor.py:840} INFO - DAG(s) 'data_loading' retrieved from /opt/airflow/dags/loading_dag.py
[2026-09-17T23:31:35.036+0000] {logging_mixin.py:188} INFO - [2026-09-17T23:31:35.035+0000] {dag.py:3096} INFO - Sync 1 DAGs
[2026-09-17T23:31:35.059+0000] {logging_mixin.py:188} INFO - [2026-09-17T23:31:35.059+0000] {dag.py:3954} INFO - Setting next_dagrun for data_loading to None, run_after=None
[2026-09-17T23:31:35.084+0000] {processor.py:183} INFO - Processing /opt/airflow/dags/loading_dag.py took 0.117 seconds
[2026-09-17T23:32:05.775+0000] {processor.py:161} INFO - Started process (PID=1690) to work on /opt/airflow/dags/loading_dag.py
[2026-09-17T23:32:05.781+0000] {processor.py:830} INFO - Processing file /opt/airflow/dags/loading_dag.py for tasks to queue
[2026-09-17T23:32:05.784+0000] {logging_mixin.py:188} INFO - [2026-09-17T23:32:05.783+0000] {dagbag.py:545} INFO - Filling up the DagBag from /opt/airflow/dags/loading_dag.py
[2026-09-17T23:32:05.798+0000] {processor.py:840} INFO - DAG(s) 'data_loading' retrieved from /opt/airflow/dags/loading_dag.py
[2026-09-17T23:32:05.833+0000] {logging_mixin.py:188} INFO - [2026-09-17T23:32:05.832+0000] {dag.py:3096} INFO - Sync 1 DAGs
[2026-09-17T23:32:05.863+0000] {logging_mixin.py:188} INFO - [2026-09-17T23:32:05.863+0000] {dag.py:3954} INFO - Setting next_dagrun for data_loading to None, run_after=None
[2026-09-17T23:32:05.892+0000] {processor.py:183} INFO - Processing /opt/airflow/dags/loading_dag.py took 0.129 seconds
[2026-09-17T23:32:36.019+0000] {processor.py:161} INFO - Started process (PID=1698) to work on /opt/airflow/dags/loading_dag.py
[2026-09-17T23:32:36.021+0000] {processor.py:830} INFO - Processing file /opt/airflow/dags/loading_dag.py for tasks to queue
[2026-09-17T23:32:36.023+0000] {logging_mixin.py:188} INFO - [2026-09-17T23:32:36.022+0000] {dagbag.py:545} INFO - Filling up the DagBag from /opt/airflow/dags/loading_dag.py
[2026-09-17T23:32:36.034+0000] {processor.py:840} INFO - DAG(s) 'data_loading' retrieved from /opt/airflow/dags/loading_dag.py
[2026-09-17T23:32:36.063+0000] {logging_mixin.py:188} INFO - [2026-09-17T23:32:36.062+0000] {dag.py:3096} INFO - Sync 1 DAGs
[2026-09-17T23:32:36.085+0000] {logging_mixin.py:188} INFO - [2026-09-17T23:32:36.084+0000] {dag.py:3954} INFO - Setting next_dagrun for data_loading to None, run_after=None
[2026-09-17T23:32:36.109+0000] {processor.py:183} INFO - Processing /opt/airflow/dags/loading_dag.py took 0.099 seconds
[2026-09-17T23:33:06.401+0000] {processor.py:161} INFO - Started process (PID=1706) to work on /opt/airflow/dags/loading_dag.py
[2026-09-17T23:33:06.407+0000] {processor.py:830} INFO - Processing file /opt/airflow/dags/loading_dag.py for tasks to queue
[2026-09-17T23:33:06.410+0000] {logging_mixin.py:188} INFO - [2026-09-17T23:33:06.409+0000] {dagbag.py:545} INFO - Filling up the DagBag from /opt/airflow/dags/loading_dag.py
[2026-09-17T23:33:06.424+0000] {processor.py:840} INFO - DAG(s) 'data_loading' retrieved from /opt/airflow/dags/loading_dag.py
[2026-09-17T23:33:06.460+0000] {logging_mixin.py:188} INFO - [2026-09-17T23:33:06.460+0000] {dag.py:3096} INFO - Sync 1 DAGs
[2026-09-17T23:33:06.484+0000] {logging_mixin.py:188} INFO - [2026-09-17T23:33:06.483+0000] {dag.py:3954} INFO - Setting next_dagrun for data_loading to None, run_after=None
[2026-09-17T23:33:06.507+0000] {processor.py:183} INFO - Processing /opt/airflow/dags/loading_dag.py took 0.117 seconds
[2026-09-17T23:33:37.111+0000] {processor.py:161} INFO - Started process (PID=1714) to work on /opt/airflow/dags/loading_dag.py
[2026-09-17T23:33:37.124+0000] {processor.py:830} INFO - Processing file /opt/airflow/dags/loading_dag.py for tasks to queue
[2026-09-17T23:33:37.132+0000] {logging_mixin.py:188} INFO - [2026-09-17T23:33:37.131+0000] {dagbag.py:545} INFO - Filling up the DagBag from /opt/airflow/dags/loading_dag.py
[2026-09-17T23:33:37.146+0000] {processor.py:840} INFO - DAG(s) 'data_loading' retrieved from /opt/airflow/dags/loading_dag.py
[2026-09-17T23:33:37.176+0000] {logging_mixin.py:188} INFO - [2026-09-17T23:33:37.175+0000] {dag.py:3096} INFO - Sync 1 DAGs
[2026-09-17T23:33:37.197+0000] {logging_mixin.py:188} INFO - [2026-09-17T23:33:37.196+0000] {dag.py:3954} INFO - Setting next_dagrun for data_loading to None, run_after=None
[2026-09-17T23:33:37.219+0000] {processor.py:183} INFO - Processing /opt/airflow/dags/loading_dag.py took 0.124 seconds
[2026-09-17T23:34:08.102+0000] {processor.py:161} INFO - Started process (PID=1722) to work on /opt/airflow/dags/loading_dag.py
[2026-09-17T23:34:08.103+0000] {processor.py:830} INFO - Processing file /opt/airflow/dags/loading_dag.py for tasks to queue
[2026-09-17T23:34:08.105+0000] {logging_mixin.py:188} INFO - [2026-09-17T23:34:08.104+0000] {dagbag.py:545} INFO - Filling up the DagBag from /opt/airflow/dags/loading_dag.py
[2026-09-17T23:34:08.115+0000] {processor.py:840} INFO - DAG(s) 'data_loading' retrieved from /opt/airflow/dags/loading_dag.py
[2026-09-17T23:34:08.144+0000] {logging_mixin.py:188} INFO - [2026-09-17T23:34:08.143+0000] {dag.py:3096} INFO - Sync 1 DAGs
[2026-09-17T23:34:08.165+0000] {logging_mixin.py:188} INFO - [2026-09-17T23:34:08.165+0000] {dag.py:3954} INFO - Setting next_dagrun for data_loading to None, run_after=None
[2026-09-17T23:34:08.185+0000] {processor.py:183} INFO - Processing /opt/airflow/dags/loading_dag.py took 0.091 seconds
[2026-09-17T23:34:39.075+0000] {processor.py:161} INFO - Started process (PID=1730) to work on /opt/airflow/dags/loading_dag.py
[2026-09-17T23:34:39.081+0000] {processor.py:830} INFO - Processing file /opt/airflow/dags/loading_dag.py for tasks to queue
[2026-09-17T23:34:39.083+0000] {logging_mixin.py:188} INFO - [2026-09-17T23:34:39.083+0000] {dagbag.py:545} INFO - Filling up the DagBag from /opt/airflow/dags/loading_dag.py
[2026-09-17T23:34:39.095+0000] {processor.py:840} INFO - DAG(s) 'data_loading' retrieved from /opt/airflow/dags/loading_dag.py
[2026-09-17T23:34:39.126+0000] {logging_mixin.py:188} INFO - [2026-09-17T23:34:39.126+0000] {dag.py:3096} INFO - Sync 1 DAGs
[2026-09-17T23:34:39.148+0000] {logging_mixin.py:188} INFO - [2026-09-17T23:34:39.147+0000] {dag.py:3954} INFO - Setting next_dagrun for data_loading to None, run_after=None
[2026-09-17T23:34:39.177+0000] {processor.py:183} INFO - Processing /opt/airflow/dags/loading_dag.py took 0.109 seconds
[2026-09-17T23:35:10.111+0000] {processor.py:161} INFO - Started process (PID=1738) to work on /opt/airflow/dags/loading_dag.py
[2026-09-17T23:35:10.112+0000] {processor.py:830} INFO - Processing file /opt/airflow/dags/loading_dag.py for tasks to queue
[2026-09-17T23:35:10.114+0000] {logging_mixin.py:188} INFO - [2026-09-17T23:35:10.114+0000] {dagbag.py:545} INFO - Filling up the DagBag from /opt/airflow/dags/loading_dag.py
[2026-09-17T23:35:10.126+0000] {processor.py:840} INFO - DAG(s) 'data_loading' retrieved from /opt/airflow/dags/loading_dag.py
[2026-09-17T23:35:10.155+0000] {logging_mixin.py:188} INFO - [2026-09-17T23:35:10.154+0000] {dag.py:3096} INFO - Sync 1 DAGs
[2026-09-17T23:35:10.175+0000] {logging_mixin.py:188} INFO - [2026-09-17T23:35:10.174+0000] {dag.py:3954} INFO - Setting next_dagrun for data_loading to None, run_after=None
[2026-09-17T23:35:10.199+0000] {processor.py:183} INFO - Processing /opt/airflow/dags/loading_dag.py took 0.096 seconds
[2026-09-17T23:35:41.080+0000] {processor.py:161} INFO - Started process (PID=1752) to work on /opt/airflow/dags/loading_dag.py
[2026-09-17T23:35:41.085+0000] {processor.py:830} INFO - Processing file /opt/airflow/dags/loading_dag.py for tasks to queue
[2026-09-17T23:35:41.087+0000] {logging_mixin.py:188} INFO - [2026-09-17T23:35:41.087+0000] {dagbag.py:545} INFO - Filling up the DagBag from /opt/airflow/dags/loading_dag.py
[2026-09-17T23:35:41.097+0000] {processor.py:840} INFO - DAG(s) 'data_loading' retrieved from /opt/airflow/dags/loading_dag.py
[2026-09-17T23:35:41.124+0000] {logging_mixin.py:188} INFO - [2026-09-17T23:35:41.124+0000] {dag.py:3096} INFO - Sync 1 DAGs
[2026-09-17T23:35:41.143+0000] {logging_mixin.py:188} INFO - [2026-09-17T23:35:41.143+0000] {dag.py:3954} INFO - Setting next_dagrun for data_loading to None, run_after=None
[2026-09-17T23:35:41.166+0000] {processor.py:183} INFO - Processing /opt/airflow/dags/loading_dag.py took 0.093 seconds
[2026-09-17T23:36:11.397+0000] {processor.py:161} INFO - Started process (PID=1760) to work on /opt/airflow/dags/loading_dag.py
[2026-09-17T23:36:11.402+0000] {processor.py:830} INFO - Processing file /opt/airflow/dags/loading_dag.py for tasks to queue
[2026-09-17T23:36:11.404+0000] {logging_mixin.py:188} INFO - [2026-09-17T23:36:11.404+0000] {dagbag.py:545} INFO - Filling up the DagBag from /opt/airflow/dags/loading_dag.py
[2026-09-17T23:36:11.414+0000] {processor.py:840} INFO - DAG(s) 'data_loading' retrieved from /opt/airflow/dags/loading_dag.py
[2026-09-17T23:36:11.443+0000] {logging_mixin.py:188} INFO - [2026-09-17T23:36:11.442+0000] {dag.py:3096} INFO - Sync 1 DAGs
[2026-09-17T23:36:11.463+0000] {logging_mixin.py:188} INFO - [2026-09-17T23:36:11.463+0000] {dag.py:3954} INFO - Setting next_dagrun for data_loading to None, run_after=None
[2026-09-17T23:36:11.486+0000] {processor.py:183} INFO - Processing /opt/airflow/dags/loading_dag.py took 0.098 seconds
[2026-09-17T23:36:42.422+0000] {processor.py:161} INFO - Started process (PID=1768) to work on /opt/airflow/dags/loading_dag.py
[2026-09-17T23:36:42.423+0000] {processor.py:830} INFO - Processing file /opt/airflow/dags/loading_dag.py for tasks to queue
[2026-09-17T23:36:42.425+0000] {logging_mixin.py:188} INFO - [2026-09-17T23:36:42.425+0000] {dagbag.py:545} INFO - Filling up the DagBag from /opt/airflow/dags/loading_dag.py
[2026-09-17T23:36:42.435+0000] {processor.py:840} INFO - DAG(s) 'data_loading' retrieved from /opt/airflow/dags/loading_dag.py
[2026-09-17T23:36:42.464+0000] {logging_mixin.py:188} INFO - [2026-09-17T23:36:42.464+0000] {dag.py:3096} INFO - Sync 1 DAGs
[2026-09-17T23:36:42.484+0000] {logging_mixin.py:188} INFO - [2026-09-17T23:36:42.484+0000] {dag.py:3954} INFO - Setting next_dagrun for data_loading to None, run_after=None
[2026-09-17T23:36:42.509+0000] {processor.py:183} INFO - Processing /opt/airflow/dags/loading_dag.py took 0.101 seconds
[2026-09-17T23:37:13.480+0000] {processor.py:161} INFO - Started process (PID=1776) to work on /opt/airflow/dags/loading_dag.py
[2026-09-17T23:37:13.486+0000] {processor.py:830} INFO - Processing file /opt/airflow/dags/loading_dag.py for tasks to queue
[2026-09-17T23:37:13.488+0000] {logging_mixin.py:188} INFO - [2026-09-17T23:37:13.488+0000] {dagbag.py:545} INFO - Filling up the DagBag from /opt/airflow/dags/loading_dag.py
[2026-09-17T23:37:13.500+0000] {processor.py:840} INFO - DAG(s) 'data_loading' retrieved from /opt/airflow/dags/loading_dag.py
[2026-09-17T23:37:13.530+0000] {logging_mixin.py:188} INFO - [2026-09-17T23:37:13.529+0000] {dag.py:3096} INFO - Sync 1 DAGs
[2026-09-17T23:37:13.551+0000] {logging_mixin.py:188} INFO - [2026-09-17T23:37:13.551+0000] {dag.py:3954} INFO - Setting next_dagrun for data_loading to None, run_after=None
[2026-09-17T23:37:13.573+0000] {processor.py:183} INFO - Processing /opt/airflow/dags/loading_dag.py took 0.103 seconds
[2026-09-17T23:37:44.428+0000] {processor.py:161} INFO - Started process (PID=1784) to work on /opt/airflow/dags/loading_dag.py
[2026-09-17T23:37:44.429+0000] {processor.py:830} INFO - Processing file /opt/airflow/dags/loading_dag.py for tasks to queue
[2026-09-17T23:37:44.431+0000] {logging_mixin.py:188} INFO - [2026-09-17T23:37:44.430+0000] {dagbag.py:545} INFO - Filling up the DagBag from /opt/airflow/dags/loading_dag.py
[2026-09-17T23:37:44.441+0000] {processor.py:840} INFO - DAG(s) 'data_loading' retrieved from /opt/airflow/dags/loading_dag.py
[2026-09-17T23:37:44.469+0000] {logging_mixin.py:188} INFO - [2026-09-17T23:37:44.469+0000] {dag.py:3096} INFO - Sync 1 DAGs
[2026-09-17T23:37:44.490+0000] {logging_mixin.py:188} INFO - [2026-09-17T23:37:44.490+0000] {dag.py:3954} INFO - Setting next_dagrun for data_loading to None, run_after=None
[2026-09-17T23:37:44.518+0000] {processor.py:183} INFO - Processing /opt/airflow/dags/loading_dag.py took 0.098 seconds
[2026-09-17T23:38:15.384+0000] {processor.py:161} INFO - Started process (PID=1792) to work on /opt/airflow/dags/loading_dag.py
[2026-09-17T23:38:15.391+0000] {processor.py:830} INFO - Processing file /opt/airflow/dags/loading_dag.py for tasks to queue
[2026-09-17T23:38:15.393+0000] {logging_mixin.py:188} INFO - [2026-09-17T23:38:15.393+0000] {dagbag.py:545} INFO - Filling up the DagBag from /opt/airflow/dags/loading_dag.py
[2026-09-17T23:38:15.411+0000] {processor.py:840} INFO - DAG(s) 'data_loading' retrieved from /opt/airflow/dags/loading_dag.py
[2026-09-17T23:38:15.449+0000] {logging_mixin.py:188} INFO - [2026-09-17T23:38:15.448+0000] {dag.py:3096} INFO - Sync 1 DAGs
[2026-09-17T23:38:15.474+0000] {logging_mixin.py:188} INFO - [2026-09-17T23:38:15.474+0000] {dag.py:3954} INFO - Setting next_dagrun for data_loading to None, run_after=None
[2026-09-17T23:38:15.506+0000] {processor.py:183} INFO - Processing /opt/airflow/dags/loading_dag.py took 0.136 seconds
[2026-09-17T23:38:46.408+0000] {processor.py:161} INFO - Started process (PID=1800) to work on /opt/airflow/dags/loading_dag.py
[2026-09-17T23:38:46.414+0000] {processor.py:830} INFO - Processing file /opt/airflow/dags/loading_dag.py for tasks to queue
[2026-09-17T23:38:46.417+0000] {logging_mixin.py:188} INFO - [2026-09-17T23:38:46.416+0000] {dagbag.py:545} INFO - Filling up the DagBag from /opt/airflow/dags/loading_dag.py
[2026-09-17T23:38:46.428+0000] {processor.py:840} INFO - DAG(s) 'data_loading' retrieved from /opt/airflow/dags/loading_dag.py
[2026-09-17T23:38:46.456+0000] {logging_mixin.py:188} INFO - [2026-09-17T23:38:46.456+0000] {dag.py:3096} INFO - Sync 1 DAGs
[2026-09-17T23:38:46.480+0000] {logging_mixin.py:188} INFO - [2026-09-17T23:38:46.480+0000] {dag.py:3954} INFO - Setting next_dagrun for data_loading to None, run_after=None
[2026-09-17T23:38:46.507+0000] {processor.py:183} INFO - Processing /opt/airflow/dags/loading_dag.py took 0.106 seconds
[2026-09-17T23:39:17.351+0000] {processor.py:161} INFO - Started process (PID=1808) to work on /opt/airflow/dags/loading_dag.py
[2026-09-17T23:39:17.352+0000] {processor.py:830} INFO - Processing file /opt/airflow/dags/loading_dag.py for tasks to queue
[2026-09-17T23:39:17.354+0000] {logging_mixin.py:188} INFO - [2026-09-17T23:39:17.354+0000] {dagbag.py:545} INFO - Filling up the DagBag from /opt/airflow/dags/loading_dag.py
[2026-09-17T23:39:17.366+0000] {processor.py:840} INFO - DAG(s) 'data_loading' retrieved from /opt/airflow/dags/loading_dag.py
[2026-09-17T23:39:17.395+0000] {logging_mixin.py:188} INFO - [2026-09-17T23:39:17.394+0000] {dag.py:3096} INFO - Sync 1 DAGs
[2026-09-17T23:39:17.416+0000] {logging_mixin.py:188} INFO - [2026-09-17T23:39:17.415+0000] {dag.py:3954} INFO - Setting next_dagrun for data_loading to None, run_after=None
[2026-09-17T23:39:17.442+0000] {processor.py:183} INFO - Processing /opt/airflow/dags/loading_dag.py took 0.102 seconds
[2026-09-17T23:39:48.201+0000] {processor.py:161} INFO - Started process (PID=1822) to work on /opt/airflow/dags/loading_dag.py
[2026-09-17T23:39:48.207+0000] {processor.py:830} INFO - Processing file /opt/airflow/dags/loading_dag.py for tasks to queue
[2026-09-17T23:39:48.210+0000] {logging_mixin.py:188} INFO - [2026-09-17T23:39:48.210+0000] {dagbag.py:545} INFO - Filling up the DagBag from /opt/airflow/dags/loading_dag.py
[2026-09-17T23:39:48.225+0000] {processor.py:840} INFO - DAG(s) 'data_loading' retrieved from /opt/airflow/dags/loading_dag.py
[2026-09-17T23:39:48.262+0000] {logging_mixin.py:188} INFO - [2026-09-17T23:39:48.262+0000] {dag.py:3096} INFO - Sync 1 DAGs
[2026-09-17T23:39:48.291+0000] {logging_mixin.py:188} INFO - [2026-09-17T23:39:48.291+0000] {dag.py:3954} INFO - Setting next_dagrun for data_loading to None, run_after=None
[2026-09-17T23:39:48.328+0000] {processor.py:183} INFO - Processing /opt/airflow/dags/loading_dag.py took 0.139 seconds
[2026-09-17T23:40:17.906+0000] {processor.py:161} INFO - Started process (PID=1830) to work on /opt/airflow/dags/loading_dag.py
[2026-09-17T23:40:17.907+0000] {processor.py:830} INFO - Processing file /opt/airflow/dags/loading_dag.py for tasks to queue
[2026-09-17T23:40:17.909+0000] {logging_mixin.py:188} INFO - [2026-09-17T23:40:17.909+0000] {dagbag.py:545} INFO - Filling up the DagBag from /opt/airflow/dags/loading_dag.py
[2026-09-17T23:40:17.921+0000] {processor.py:840} INFO - DAG(s) 'data_loading' retrieved from /opt/airflow/dags/loading_dag.py
[2026-09-17T23:40:17.950+0000] {logging_mixin.py:188} INFO - [2026-09-17T23:40:17.950+0000] {dag.py:3096} INFO - Sync 1 DAGs
[2026-09-17T23:40:17.973+0000] {logging_mixin.py:188} INFO - [2026-09-17T23:40:17.973+0000] {dag.py:3954} INFO - Setting next_dagrun for data_loading to None, run_after=None
[2026-09-17T23:40:18.000+0000] {processor.py:183} INFO - Processing /opt/airflow/dags/loading_dag.py took 0.101 seconds
[2026-09-17T23:40:48.661+0000] {processor.py:161} INFO - Started process (PID=1839) to work on /opt/airflow/dags/loading_dag.py
[2026-09-17T23:40:48.667+0000] {processor.py:830} INFO - Processing file /opt/airflow/dags/loading_dag.py for tasks to queue
[2026-09-17T23:40:48.669+0000] {logging_mixin.py:188} INFO - [2026-09-17T23:40:48.668+0000] {dagbag.py:545} INFO - Filling up the DagBag from /opt/airflow/dags/loading_dag.py
[2026-09-17T23:40:48.679+0000] {processor.py:840} INFO - DAG(s) 'data_loading' retrieved from /opt/airflow/dags/loading_dag.py
[2026-09-17T23:40:48.706+0000] {logging_mixin.py:188} INFO - [2026-09-17T23:40:48.706+0000] {dag.py:3096} INFO - Sync 1 DAGs
[2026-09-17T23:40:48.731+0000] {logging_mixin.py:188} INFO - [2026-09-17T23:40:48.731+0000] {dag.py:3954} INFO - Setting next_dagrun for data_loading to None, run_after=None
[2026-09-17T23:40:48.755+0000] {processor.py:183} INFO - Processing /opt/airflow/dags/loading_dag.py took 0.103 seconds
[2026-09-17T23:41:19.498+0000] {processor.py:161} INFO - Started process (PID=1847) to work on /opt/airflow/dags/loading_dag.py
[2026-09-17T23:41:19.503+0000] {processor.py:830} INFO - Processing file /opt/airflow/dags/loading_dag.py for tasks to queue
[2026-09-17T23:41:19.505+0000] {logging_mixin.py:188} INFO - [2026-09-17T23:41:19.505+0000] {dagbag.py:545} INFO - Filling up the DagBag from /opt/airflow/dags/loading_dag.py
[2026-09-17T23:41:19.516+0000] {processor.py:840} INFO - DAG(s) 'data_loading' retrieved from /opt/airflow/dags/loading_dag.py
[2026-09-17T23:41:19.547+0000] {logging_mixin.py:188} INFO - [2026-09-17T23:41:19.547+0000] {dag.py:3096} INFO - Sync 1 DAGs
[2026-09-17T23:41:19.572+0000] {logging_mixin.py:188} INFO - [2026-09-17T23:41:19.571+0000] {dag.py:3954} INFO - Setting next_dagrun for data_loading to None, run_after=None
[2026-09-17T23:41:19.596+0000] {processor.py:183} INFO - Processing /opt/airflow/dags/loading_dag.py took 0.106 seconds
[2026-09-17T23:41:49.664+0000] {processor.py:161} INFO - Started process (PID=1855) to work on /opt/airflow/dags/loading_dag.py
[2026-09-17T23:41:49.666+0000] {processor.py:830} INFO - Processing file /opt/airflow/dags/loading_dag.py for tasks to queue
[2026-09-17T23:41:49.669+0000] {logging_mixin.py:188} INFO - [2026-09-17T23:41:49.669+0000] {dagbag.py:545} INFO - Filling up the DagBag from /opt/airflow/dags/loading_dag.py
[2026-09-17T23:41:49.684+0000] {processor.py:840} INFO - DAG(s) 'data_loading' retrieved from /opt/airflow/dags/loading_dag.py
[2026-09-17T23:41:49.717+0000] {logging_mixin.py:188} INFO - [2026-09-17T23:41:49.717+0000] {dag.py:3096} INFO - Sync 1 DAGs
[2026-09-17T23:41:49.740+0000] {logging_mixin.py:188} INFO - [2026-09-17T23:41:49.740+0000] {dag.py:3954} INFO - Setting next_dagrun for data_loading to None, run_after=None
[2026-09-17T23:41:49.766+0000] {processor.py:183} INFO - Processing /opt/airflow/dags/loading_dag.py took 0.116 seconds
[2026-09-17T23:42:20.469+0000] {processor.py:161} INFO - Started process (PID=1863) to work on /opt/airflow/dags/loading_dag.py
[2026-09-17T23:42:20.474+0000] {processor.py:830} INFO - Processing file /opt/airflow/dags/loading_dag.py for tasks to queue
[2026-09-17T23:42:20.476+0000] {logging_mixin.py:188} INFO - [2026-09-17T23:42:20.476+0000] {dagbag.py:545} INFO - Filling up the DagBag from /opt/airflow/dags/loading_dag.py
[2026-09-17T23:42:20.488+0000] {processor.py:840} INFO - DAG(s) 'data_loading' retrieved from /opt/airflow/dags/loading_dag.py
[2026-09-17T23:42:20.516+0000] {logging_mixin.py:188} INFO - [2026-09-17T23:42:20.516+0000] {dag.py:3096} INFO - Sync 1 DAGs
[2026-09-17T23:42:20.536+0000] {logging_mixin.py:188} INFO - [2026-09-17T23:42:20.535+0000] {dag.py:3954} INFO - Setting next_dagrun for data_loading to None, run_after=None
[2026-09-17T23:42:20.557+0000] {processor.py:183} INFO - Processing /opt/airflow/dags/loading_dag.py took 0.096 seconds
[2026-09-17T23:42:51.529+0000] {processor.py:161} INFO - Started process (PID=1871) to work on /opt/airflow/dags/loading_dag.py
[2026-09-17T23:42:51.530+0000] {processor.py:830} INFO - Processing file /opt/airflow/dags/loading_dag.py for tasks to queue
[2026-09-17T23:42:51.532+0000] {logging_mixin.py:188} INFO - [2026-09-17T23:42:51.531+0000] {dagbag.py:545} INFO - Filling up the DagBag from /opt/airflow/dags/loading_dag.py
[2026-09-17T23:42:51.543+0000] {processor.py:840} INFO - DAG(s) 'data_loading' retrieved from /opt/airflow/dags/loading_dag.py
[2026-09-17T23:42:51.571+0000] {logging_mixin.py:188} INFO - [2026-09-17T23:42:51.571+0000] {dag.py:3096} INFO - Sync 1 DAGs
[2026-09-17T23:42:51.591+0000] {logging_mixin.py:188} INFO - [2026-09-17T23:42:51.590+0000] {dag.py:3954} INFO - Setting next_dagrun for data_loading to None, run_after=None
[2026-09-17T23:42:51.618+0000] {processor.py:183} INFO - Processing /opt/airflow/dags/loading_dag.py took 0.097 seconds
[2026-09-17T23:43:22.195+0000] {processor.py:161} INFO - Started process (PID=1879) to work on /opt/airflow/dags/loading_dag.py
[2026-09-17T23:43:22.201+0000] {processor.py:830} INFO - Processing file /opt/airflow/dags/loading_dag.py for tasks to queue
[2026-09-17T23:43:22.203+0000] {logging_mixin.py:188} INFO - [2026-09-17T23:43:22.202+0000] {dagbag.py:545} INFO - Filling up the DagBag from /opt/airflow/dags/loading_dag.py
[2026-09-17T23:43:22.219+0000] {processor.py:840} INFO - DAG(s) 'data_loading' retrieved from /opt/airflow/dags/loading_dag.py
[2026-09-17T23:43:22.249+0000] {logging_mixin.py:188} INFO - [2026-09-17T23:43:22.249+0000] {dag.py:3096} INFO - Sync 1 DAGs
[2026-09-17T23:43:22.271+0000] {logging_mixin.py:188} INFO - [2026-09-17T23:43:22.270+0000] {dag.py:3954} INFO - Setting next_dagrun for data_loading to None, run_after=None
[2026-09-17T23:43:22.292+0000] {processor.py:183} INFO - Processing /opt/airflow/dags/loading_dag.py took 0.109 seconds
[2026-09-17T23:43:52.647+0000] {processor.py:161} INFO - Started process (PID=1887) to work on /opt/airflow/dags/loading_dag.py
[2026-09-17T23:43:52.648+0000] {processor.py:830} INFO - Processing file /opt/airflow/dags/loading_dag.py for tasks to queue
[2026-09-17T23:43:52.650+0000] {logging_mixin.py:188} INFO - [2026-09-17T23:43:52.650+0000] {dagbag.py:545} INFO - Filling up the DagBag from /opt/airflow/dags/loading_dag.py
[2026-09-17T23:43:52.662+0000] {processor.py:840} INFO - DAG(s) 'data_loading' retrieved from /opt/airflow/dags/loading_dag.py
[2026-09-17T23:43:52.695+0000] {logging_mixin.py:188} INFO - [2026-09-17T23:43:52.695+0000] {dag.py:3096} INFO - Sync 1 DAGs
[2026-09-17T23:43:52.718+0000] {logging_mixin.py:188} INFO - [2026-09-17T23:43:52.718+0000] {dag.py:3954} INFO - Setting next_dagrun for data_loading to None, run_after=None
[2026-09-17T23:43:52.746+0000] {processor.py:183} INFO - Processing /opt/airflow/dags/loading_dag.py took 0.108 seconds
[2026-09-17T23:44:23.731+0000] {processor.py:161} INFO - Started process (PID=1901) to work on /opt/airflow/dags/loading_dag.py
[2026-09-17T23:44:23.732+0000] {processor.py:830} INFO - Processing file /opt/airflow/dags/loading_dag.py for tasks to queue
[2026-09-17T23:44:23.734+0000] {logging_mixin.py:188} INFO - [2026-09-17T23:44:23.733+0000] {dagbag.py:545} INFO - Filling up the DagBag from /opt/airflow/dags/loading_dag.py
[2026-09-17T23:44:23.744+0000] {processor.py:840} INFO - DAG(s) 'data_loading' retrieved from /opt/airflow/dags/loading_dag.py
[2026-09-17T23:44:23.774+0000] {logging_mixin.py:188} INFO - [2026-09-17T23:44:23.774+0000] {dag.py:3096} INFO - Sync 1 DAGs
[2026-09-17T23:44:23.793+0000] {logging_mixin.py:188} INFO - [2026-09-17T23:44:23.793+0000] {dag.py:3954} INFO - Setting next_dagrun for data_loading to None, run_after=None
[2026-09-17T23:44:23.815+0000] {processor.py:183} INFO - Processing /opt/airflow/dags/loading_dag.py took 0.094 seconds
[2026-09-17T23:44:54.494+0000] {processor.py:161} INFO - Started process (PID=1909) to work on /opt/airflow/dags/loading_dag.py
[2026-09-17T23:44:54.500+0000] {processor.py:830} INFO - Processing file /opt/airflow/dags/loading_dag.py for tasks to queue
[2026-09-17T23:44:54.502+0000] {logging_mixin.py:188} INFO - [2026-09-17T23:44:54.501+0000] {dagbag.py:545} INFO - Filling up the DagBag from /opt/airflow/dags/loading_dag.py
[2026-09-17T23:44:54.512+0000] {processor.py:840} INFO - DAG(s) 'data_loading' retrieved from /opt/airflow/dags/loading_dag.py
[2026-09-17T23:44:54.538+0000] {logging_mixin.py:188} INFO - [2026-09-17T23:44:54.538+0000] {dag.py:3096} INFO - Sync 1 DAGs
[2026-09-17T23:44:54.557+0000] {logging_mixin.py:188} INFO - [2026-09-17T23:44:54.557+0000] {dag.py:3954} INFO - Setting next_dagrun for data_loading to None, run_after=None
[2026-09-17T23:44:54.579+0000] {processor.py:183} INFO - Processing /opt/airflow/dags/loading_dag.py took 0.095 seconds
[2026-09-17T23:45:25.574+0000] {processor.py:161} INFO - Started process (PID=1917) to work on /opt/airflow/dags/loading_dag.py
[2026-09-17T23:45:25.579+0000] {processor.py:830} INFO - Processing file /opt/airflow/dags/loading_dag.py for tasks to queue
[2026-09-17T23:45:25.581+0000] {logging_mixin.py:188} INFO - [2026-09-17T23:45:25.581+0000] {dagbag.py:545} INFO - Filling up the DagBag from /opt/airflow/dags/loading_dag.py
[2026-09-17T23:45:25.592+0000] {processor.py:840} INFO - DAG(s) 'data_loading' retrieved from /opt/airflow/dags/loading_dag.py
[2026-09-17T23:45:25.618+0000] {logging_mixin.py:188} INFO - [2026-09-17T23:45:25.618+0000] {dag.py:3096} INFO - Sync 1 DAGs
[2026-09-17T23:45:25.637+0000] {logging_mixin.py:188} INFO - [2026-09-17T23:45:25.637+0000] {dag.py:3954} INFO - Setting next_dagrun for data_loading to None, run_after=None
[2026-09-17T23:45:25.658+0000] {processor.py:183} INFO - Processing /opt/airflow/dags/loading_dag.py took 0.094 seconds
[2026-09-17T23:45:55.807+0000] {processor.py:161} INFO - Started process (PID=1925) to work on /opt/airflow/dags/loading_dag.py
[2026-09-17T23:45:55.809+0000] {processor.py:830} INFO - Processing file /opt/airflow/dags/loading_dag.py for tasks to queue
[2026-09-17T23:45:55.811+0000] {logging_mixin.py:188} INFO - [2026-09-17T23:45:55.811+0000] {dagbag.py:545} INFO - Filling up the DagBag from /opt/airflow/dags/loading_dag.py
[2026-09-17T23:45:55.826+0000] {processor.py:840} INFO - DAG(s) 'data_loading' retrieved from /opt/airflow/dags/loading_dag.py
[2026-09-17T23:45:55.855+0000] {logging_mixin.py:188} INFO - [2026-09-17T23:45:55.855+0000] {dag.py:3096} INFO - Sync 1 DAGs
[2026-09-17T23:45:55.875+0000] {logging_mixin.py:188} INFO - [2026-09-17T23:45:55.874+0000] {dag.py:3954} INFO - Setting next_dagrun for data_loading to None, run_after=None
[2026-09-17T23:45:55.899+0000] {processor.py:183} INFO - Processing /opt/airflow/dags/loading_dag.py took 0.100 seconds
[2026-09-17T23:46:26.848+0000] {processor.py:161} INFO - Started process (PID=1933) to work on /opt/airflow/dags/loading_dag.py
[2026-09-17T23:46:26.854+0000] {processor.py:830} INFO - Processing file /opt/airflow/dags/loading_dag.py for tasks to queue
[2026-09-17T23:46:26.856+0000] {logging_mixin.py:188} INFO - [2026-09-17T23:46:26.856+0000] {dagbag.py:545} INFO - Filling up the DagBag from /opt/airflow/dags/loading_dag.py
[2026-09-17T23:46:26.868+0000] {processor.py:840} INFO - DAG(s) 'data_loading' retrieved from /opt/airflow/dags/loading_dag.py
[2026-09-17T23:46:26.895+0000] {logging_mixin.py:188} INFO - [2026-09-17T23:46:26.895+0000] {dag.py:3096} INFO - Sync 1 DAGs
[2026-09-17T23:46:26.916+0000] {logging_mixin.py:188} INFO - [2026-09-17T23:46:26.916+0000] {dag.py:3954} INFO - Setting next_dagrun for data_loading to None, run_after=None
[2026-09-17T23:46:26.939+0000] {processor.py:183} INFO - Processing /opt/airflow/dags/loading_dag.py took 0.099 seconds
[2026-09-17T23:46:57.786+0000] {processor.py:161} INFO - Started process (PID=1942) to work on /opt/airflow/dags/loading_dag.py
[2026-09-17T23:46:57.787+0000] {processor.py:830} INFO - Processing file /opt/airflow/dags/loading_dag.py for tasks to queue
[2026-09-17T23:46:57.790+0000] {logging_mixin.py:188} INFO - [2026-09-17T23:46:57.789+0000] {dagbag.py:545} INFO - Filling up the DagBag from /opt/airflow/dags/loading_dag.py
[2026-09-17T23:46:57.812+0000] {processor.py:840} INFO - DAG(s) 'data_loading' retrieved from /opt/airflow/dags/loading_dag.py
[2026-09-17T23:46:57.868+0000] {logging_mixin.py:188} INFO - [2026-09-17T23:46:57.867+0000] {dag.py:3096} INFO - Sync 1 DAGs
[2026-09-17T23:46:57.908+0000] {logging_mixin.py:188} INFO - [2026-09-17T23:46:57.908+0000] {dag.py:3954} INFO - Setting next_dagrun for data_loading to None, run_after=None
[2026-09-17T23:46:57.945+0000] {processor.py:183} INFO - Processing /opt/airflow/dags/loading_dag.py took 0.172 seconds
